1.158283143840520113e+00,-2.218508267015362190e-04,5.856834046656655968e-06,1.727146081174912862e-05,-1.770466881378940371e-06,8.979031182604346739e-07,1.307350107615512513e-07,-2.794036662263910120e-06
1.158242194121396507e+00,-5.791816148913164763e-04,9.778472555899142549e-06,1.214184849329669191e-05,3.314920171582080854e-06,1.556776958899774854e-06,-8.875550497194906185e-07,-2.551300898004371653e-06
1.158227255103303488e+00,-9.652856830362488427e-04,6.765647478389202885e-06,7.475006134044503980e-06,1.532259833667004578e-06,5.392154203975874083e-07,-4.101285576360580443e-07,-1.225272957698642085e-06
1.158226766794367091e+00,-1.351390891983966780e-03,4.589605678756436546e-06,5.338514203284683290e-06,1.773042771838206910e-06,7.819080896087626797e-07,-6.068142506809870440e-07,-1.252651355358735952e-06
1.158229195361935249e+00,-1.737500070368908078e-03,4.538275795093471565e-06,4.146713197455964561e-06,8.250332974440999223e-07,3.862511071262009210e-07,-1.076168413549627445e-07,-6.677893930606693118e-07
1.158237083789547039e+00,-2.123614346602464842e-03,3.819426692149019420e-06,3.354111945574889120e-06,1.030065540280622471e-06,4.003963020721146293e-07,-4.389274877517057583e-07,-7.356436989083836586e-07
1.158246331389312322e+00,-2.509735189300699165e-03,4.132077141769108231e-06,2.859162977500440128e-06,6.717166434883070636e-07,3.317691559256985556e-07,-1.526947413996171399e-07,-5.137452944864451254e-07
1.158258863160833041e+00,-2.895863480921689881e-03,4.168637630256460946e-06,2.447327140803201573e-06,6.728526215915575648e-07,2.878455093863196979e-07,-2.778516175749867756e-07,-4.912925605504714355e-07
1.158273263769957762e+00,-3.282000618796521163e-03,4.575804101170782845e-06,2.157201020133725500e-06,5.479651768031112979e-07,2.643937210417002248e-07,-2.061380786136379761e-07,-4.077827798626421085e-07
1.158290019429770723e+00,-3.668147656297832127e-03,5.007984501134710165e-06,1.914424770807499065e-06,4.986827813607819238e-07,2.414665515870773049e-07,-2.266402979872461643e-07,-3.677070772034607415e-07
1.158308836239850148e+00,-4.054305832543791954e-03,5.579568738603435385e-06,1.720435045260426676e-06,4.392492682636639501e-07,2.264602039225849239e-07,-2.211239579427703994e-07,-3.250705894325411904e-07
1.158329752680366864e+00,-4.440476305368701304e-03,6.237966930958127598e-06,1.557257147746793358e-06,3.938965453670340011e-07,2.147804266661168526e-07,-2.283193190552590401e-07,-2.918620670491756108e-07
1.158352718621991961e+00,-4.826660262227167042e-03,6.989437815584781388e-06,1.418908948905284184e-06,3.527355601634640792e-07,2.064911960031334814e-07,-2.363906865532339197e-07,-2.624703414888518438e-07
1.158377719636125347e+00,-5.212858881131487987e-03,7.826788564986586483e-06,1.299450291647463729e-06,3.161481412494726584e-07,2.007680129090250176e-07,-2.476133559373150383e-07,-2.367780874076852449e-07
1.158404740042195957e+00,-5.599073341887916833e-03,8.747609944841083784e-06,1.194980343649509891e-06,2.826816522111252894e-07,1.972065006849987867e-07,-2.611681503908447333e-07,-2.138052023759051679e-07
1.158433768868001978e+00,-5.985304823258624785e-03,9.749669889987100380e-06,1.102530322177885935e-06,2.515791435175884772e-07,1.954690201644293523e-07,-2.769148249523456506e-07,-1.929943412998236241e-07
1.158464797396915547e+00,-6.371554503462162344e-03,1.083142703718273370e-05,1.019864263887559908e-06,2.222100213833400062e-07,1.953038503144099991e-07,-2.946736256323467806e-07,-1.738962838102042774e-07
1.158497818681770708e+00,-6.757823560061659851e-03,1.199174801477798091e-05,9.452575198964918712e-07,1.940884942486231779e-07,1.965151794069974756e-07,-3.143127589658178955e-07,-1.561669024721656918e-07
1.158532827055538394e+00,-7.144113169963106635e-03,1.322980532768650019e-05,8.773599284306321522e-07,1.668290989104148636e-07,1.989487185133365088e-07,-3.357269540912866113e-07,-1.395356751532350614e-07
1.158569817811376357e+00,-7.530424509412797507e-03,1.454499649676185835e-05,8.150995960687357211e-07,1.401221192132151572e-07,2.024810723116887701e-07,-3.588315071120784516e-07,-1.237871256470901571e-07
1.158608786975435789e+00,-7.916758754002273246e-03,1.593688750065394566e-05,7.576149198690318443e-07,1.137156128011573841e-07,2.070122496339310558e-07,-3.835573322702456878e-07,-1.087474177166591893e-07
1.158649731143526429e+00,-8.303117078678423635e-03,1.740517186405929340e-05,7.042055556460979915e-07,8.740242232740946804e-08,2.124602479225412566e-07,-4.098474139305197106e-07,-9.427469307987657032e-08
1.158692647361585504e+00,-8.689500657756810131e-03,1.894964060131926198e-05,6.542964529343553437e-07,6.101060572027972029e-08,2.187570720263432023e-07,-4.376541908740483322e-07,-8.025197857641774846e-08
1.158737533036828582e+00,-9.075910664937847372e-03,2.057015980785892317e-05,6.074110702608548351e-07,3.439627455081861740e-08,2.258457625498033750e-07,-4.669375980037582252e-07,-6.658189925790036767e-08
1.158784385870749833e+00,-9.462348273325427161e-03,2.226665373329314579e-05,5.631511502124375568e-07,7.438157381689514125e-09,2.336781464162829280e-07,-4.976635793185746337e-07,-5.318268289644656477e-08
1.158833203807929868e+00,-9.848814655445792265e-03,2.403909184465341520e-05,5.211812566935369873e-07,-1.996658206826484871e-08,2.422131132329141678e-07,-5.298029439673723751e-07,-3.998510243047315171e-08
1.158883984996439853e+00,-1.023531098326854738e-02,2.588747883669820227e-05,4.812168169082697844e-07,-4.790560048650860381e-08,2.514152784988121780e-07,-5.633304754962265015e-07,-2.693010869858625256e-08
1.158936727756858964e+00,-1.062183842822791990e-02,2.781184684510704108e-05,4.430147771544712398e-07,-7.645393858279891930e-08,2.612539364010846299e-07,-5.982242305413443262e-07,-1.396697872635410675e-08
1.158991430557772651e+00,-1.100839816124446480e-02,2.981224932790960125e-05,4.063662308734228290e-07,-1.056760606937823255e-07,2.717022311998773532e-07,-6.344649811779179416e-07,-1.051852785427520587e-09
1.159048091996193186e+00,-1.139499135274774089e-02,3.188875622207182348e-05,3.710905513848450354e-07,-1.356274937081014542e-07,2.827364953966737815e-07,-6.720357669798282529e-07,1.185343155574170027e-08
1.159106710781762750e+00,-1.178161917269812675e-02,3.404145008649439585e-05,3.370306834588054912e-07,-1.663561568221449960e-07,2.943357175488880983e-07,-7.109215319420214563e-07,2.478227633523344409e-08
1.159167285723885943e+00,-1.216828279060958029e-02,3.627042301345556607e-05,3.040493368744456859e-07,-1.979034490728892592e-07,3.064811100461639626e-07,-7.511088281619837659e-07,3.776408218081339641e-08
1.159229815721155799e+00,-1.255498337557209299e-02,3.857577414402568738e-05,2.720258869548519698e-07,-2.303051463009575528e-07,3.191557561427194045e-07,-7.925855718335372835e-07,5.082486720375811728e-08
1.159294299752587243e+00,-1.294172209627361680e-02,4.095760766216136051e-05,2.408538351955646917e-07,-2.635921468457924632e-07,3.323443198699482792e-07,-8.353408408809381847e-07,6.398777516875009397e-08
1.159360736870286068e+00,-1.332850012102265724e-02,4.341603117141018542e-05,2.104387156337539366e-07,-2.977910967816299603e-07,3.460328054927241936e-07,-8.793647056498654635e-07,7.727349542185901754e-08
1.159429126193267878e+00,-1.371531861777000594e-02,4.595115437818972359e-05,1.806963585010423756e-07,-3.329249165656689158e-07,3.602083580578341326e-07,-9.246480872568407783e-07,9.070061175731058967e-08
1.159499466902207399e+00,-1.410217875413047328e-02,4.856308802310763117e-05,1.515514436029041789e-07,-3.690132483746833003e-07,3.748590958890796188e-07,-9.711826374700360809e-07,1.042858937885804416e-07
1.159571758234938299e+00,-1.448908169740434349e-02,5.125194301364502381e-05,1.229362883159446085e-07,-4.060728388544099232e-07,3.899739701995752483e-07,-1.018960636540999776e-06,1.180445418982878358e-07
1.159645999482568746e+00,-1.487602861459844106e-02,5.401782972149632434e-05,9.478982769539623376e-08,-4.441178677039303579e-07,4.055426462423739054e-07,-1.067974906114599332e-06,1.319903936147781565e-07
1.159722189986104768e+00,-1.526302067244697525e-02,5.686085741470059407e-05,6.705675249796261284e-08,-4.831602321980765780e-07,4.215554029740609110e-07,-1.118218734358356059e-06,1.461360986665383166e-07
1.159800329133491070e+00,-1.565005903743177385e-02,5.978113380066679694e-05,3.968677775301188149e-08,-5.232097942536872992e-07,4.380030469430806761e-07,-1.169685811396037334e-06,1.604932680088211328e-07
1.159880416357003341e+00,-1.603714487580251702e-02,6.277876466138573863e-05,1.263401988582657509e-08,-5.642745966594198137e-07,4.548768395284952248e-07,-1.222370173498132928e-06,1.750726009303038566e-07
1.159962451130929217e+00,-1.642427935359633273e-02,6.585385356424125480e-05,-1.414353598128137435e-08,-6.063610529655205639e-07,4.721684339209497594e-07,-1.276266154350003124e-06,1.898839942643393286e-07
1.160046432969499275e+00,-1.681146363665722565e-02,6.900650163626370626e-05,-4.068449331595669349e-08,-6.494741147944349535e-07,4.898698215127783584e-07,-1.331368342738503685e-06,2.049366362166793465e-07
1.160132361425022296e+00,-1.719869889065511748e-02,7.223680739133417350e-05,-6.702443712536254594e-08,-6.936174207217149501e-07,5.079732854351703963e-07,-1.387671545394209005e-06,2.202390874325721448e-07
1.160220236086202839e+00,-1.758598628110433215e-02,7.554486660074632987e-05,-9.319627361503712848e-08,-7.387934282815367126e-07,5.264713604097304156e-07,-1.445170754357794074e-06,2.357993511767353390e-07
1.160310056576608684e+00,-1.797332697338160923e-02,7.893077220064159683e-05,-1.192305239955393503e-07,-7.850035320111636850e-07,5.453567982621754240e-07,-1.503861118481997217e-06,2.516249341735776746e-07
1.160401822553268403e+00,-1.836072213274395071e-02,8.239461423044727728e-05,-1.451555797921111335e-07,-8.322481694494898719e-07,5.646225378769242909e-07,-1.563737918000573934e-06,2.677228997174929681e-07
1.160495533705385718e+00,-1.874817292434657889e-02,8.593647979672838777e-05,-1.709979245700932182e-07,-8.805269166717311080e-07,5.842616791484900318e-07,-1.624796542212814110e-06,2.840999139969158094e-07
1.160591189753150898e+00,-1.913568051325950647e-02,8.955645305834883385e-05,-1.967823277382318992e-07,-9.298385740402759225e-07,6.042674603884412576e-07,-1.687032469853411154e-06,3.007622864648062944e-07
1.160688790446639196e+00,-1.952324606448430089e-02,9.325461522956615679e-05,-2.225320142879017027e-07,-9.801812442394863822e-07,6.246332386883324261e-07,-1.750441251419099231e-06,3.177160053866034950e-07
1.160788335564785889e+00,-1.991087074297037685e-02,9.703104459800326875e-05,-2.482688127580789939e-07,-1.031552403066293699e-06,6.453524730720694436e-07,-1.815018493715736536e-06,3.349667690027979816e-07
1.160889824914429269e+00,-2.029855571363109457e-02,1.008858165549991748e-04,-2.740132859363475504e-07,-1.083948963975789326e-06,6.664187094662654687e-07,-1.880759845918067441e-06,3.525200128959293799e-07
1.160993258329412914e+00,-2.068630214135924739e-02,1.048190036364859967e-04,-2.997848454061591283e-07,-1.137367336548344987e-06,6.878255680020650686e-07,-1.947660987523802678e-06,3.703809342697761409e-07
1.161098635669743695e+00,-2.107411119104263264e-02,1.088306755716583751e-04,-3.256018528269288836e-07,-1.191803480307673802e-06,7.095667319129139727e-07,-2.015717617369350290e-06,3.885545131754319925e-07
1.161205956820796192e+00,-2.146198402757878987e-02,1.129208993386442150e-04,-3.514817094041333689e-07,-1.247252953848199120e-06,7.316359378339853947e-07,-2.084925443984753102e-06,4.070455313989751467e-07
1.161315221692562405e+00,-2.184992181588962801e-02,1.170897392260561443e-04,-3.774409348955565235e-07,-1.303710960076642777e-06,7.540269675865296506e-07,-2.155280177031093647e-06,4.258585891495081377e-07
1.161426430218940986e+00,-2.223792572093566400e-02,1.213372568985779387e-04,-4.034952375414624370e-07,-1.361172387470688250e-06,7.767336408365244083e-07,-2.226777519827305429e-06,4.449981198598185195e-07
1.161539582357060230e+00,-2.262599690772967853e-02,1.256635114660863140e-04,-4.296595765701516356e-07,-1.419631848534330665e-06,7.997498092104926570e-07,-2.299413162452912385e-06,4.644684032939494500e-07
1.161654678086639025e+00,-2.301413654135098241e-02,1.300685595553643936e-04,-4.559482175842122231e-07,-1.479083714672757566e-06,8.230693509525544016e-07,-2.373182776016502515e-06,4.842735771420914048e-07
1.161771717409373794e+00,-2.340234578695857270e-02,1.345524553839801130e-04,-4.823747818266665988e-07,-1.539522148916172561e-06,8.466861665112901392e-07,-2.448082007278085115e-06,5.044176474636175023e-07
1.161890700348356287e+00,-2.379062580980384478e-02,1.391152508351638228e-04,-5.089522901458032322e-07,-1.600941135604383447e-06,8.705941748204937269e-07,-2.524106474284526502e-06,5.249044978186678811e-07
1.162011626947517140e+00,-2.417897777524347092e-02,1.437569955334422334e-04,-5.356932024219718258e-07,-1.663334507934211004e-06,8.947873101905479132e-07,-2.601251762428258285e-06,5.457378974282889317e-07
1.162134497271092082e+00,-2.456740284875214009e-02,1.484777369207823661e-04,-5.626094527061420436e-07,-1.726695973619518654e-06,9.192595198104225318e-07,-2.679513420977830407e-06,5.669215085088441519e-07
1.162259311403113893e+00,-2.495590219593452064e-02,1.532775203328222424e-04,-5.897124808335041379e-07,-1.791019138636107400e-06,9.440047615827396044e-07,-2.758886959997042254e-06,5.884588926835521150e-07
1.162386069446922798e+00,-2.534447698253730619e-02,1.581563890745811551e-04,-6.170132606231337746e-07,-1.856297528871064806e-06,9.690170026804834080e-07,-2.839367847999596517e-06,6.103535168389129240e-07
1.162514771524697732e+00,-2.573312837446078971e-02,1.631143844957813616e-04,-6.445223253714882361e-07,-1.922524610314946258e-06,9.942902180481993923e-07,-2.920951509763347609e-06,6.326087582178563373e-07
1.162645417777007140e+00,-2.612185753777027108e-02,1.681515460651532290e-04,-6.722497907923896676e-07,-1.989693807921688595e-06,1.019818389708104789e-06,-3.003633324651089342e-06,6.552279090410451090e-07
1.162778008362377991e+00,-2.651066563870760340e-02,1.732679114436752599e-04,-7.002053756810511231e-07,-2.057798522567266808e-06,1.045595506149465947e-06,-3.087408625236653936e-06,6.782141804689834075e-07
1.162912543456878778e+00,-2.689955384370140701e-02,1.784635165569467552e-04,-7.283984206074567425e-07,-2.126832147397728079e-06,1.071615561995531429e-06,-3.172272696028155536e-06,7.015707063351417361e-07
1.163049023253721614e+00,-2.728852331937828279e-02,1.837383956661137185e-04,-7.568379046113404840e-07,-2.196788082303724465e-06,1.097872557823120765e-06,-3.258220772725528569e-06,7.253005463170314471e-07
1.163187447962877208e+00,-2.767757523257330377e-02,1.890925814371016700e-04,-7.855324605926528037e-07,-2.267659747784422919e-06,1.124360500426302423e-06,-3.345248041623782864e-06,7.494066888782957570e-07
1.163327817810707376e+00,-2.806671075034009033e-02,1.945261050090192623e-04,-8.144903891060817358e-07,-2.339440597382003162e-06,1.151073402913538324e-06,-3.433349639370142370e-06,7.738920538430393847e-07
1.163470133039606669e+00,-2.845593103996085782e-02,2.000389960601957340e-04,-8.437196709482064350e-07,-2.412124129255732718e-06,1.178005285318306505e-06,-3.522520652672611607e-06,7.987594945330078744e-07
1.163614393907661970e+00,-2.884523726895671381e-02,2.056312828729173203e-04,-8.732279784956498148e-07,-2.485703897048274769e-06,1.205150175154212633e-06,-3.612756118348547929e-06,8.240117999394613868e-07
1.163760600688320768e+00,-2.923463060509698397e-02,2.113029923967724155e-04,-9.030226863493417966e-07,-2.560173519572384038e-06,1.232502108192146117e-06,-3.704051023692422895e-06,8.496516964023870244e-07
1.163908753670075180e+00,-2.962411221640817716e-02,2.170541503099532310e-04,-9.331108807297816554e-07,-2.635526689928613386e-06,1.260055129251314021e-06,-3.796400306690927984e-06,8.756818492550166866e-07
1.164058853156152207e+00,-3.001368327118419943e-02,2.228847810789927331e-04,-9.634993681367776119e-07,-2.711757183748719768e-06,1.287803293045786113e-06,-3.889798856612780575e-06,9.021048643018114710e-07
1.164210899464223292e+00,-3.040334493799523585e-02,2.287949080165135873e-04,-9.941946833846859732e-07,-2.788858866786814161e-06,1.315740665322473468e-06,-3.984241514716491128e-06,9.289232889564402740e-07
1.164364892926114115e+00,-3.079309838569624369e-02,2.347845533374713634e-04,-1.025203096666205127e-06,-2.866825701941522198e-06,1.343861323679917952e-06,-4.079723074874863631e-06,9.561396133797583907e-07
1.164520833887534801e+00,-3.118294478343600074e-02,2.408537382139717964e-04,-1.056530620699436263e-06,-2.945651755528744253e-06,1.372159359080971086e-06,-4.176238284588074112e-06,9.837562714720693435e-07
1.164678722707812364e+00,-3.157288530066570953e-02,2.470024828278502560e-04,-1.088183016667576553e-06,-3.025331203054815177e-06,1.400628876629950170e-06,-4.273781845885726849e-06,1.011775641782119983e-06
1.164838559759637127e+00,-3.196292110714765711e-02,2.532308064214505716e-04,-1.120165799839423215e-06,-3.105858334309652413e-06,1.429263996877150333e-06,-4.372348416430138496e-06,1.040200048249562137e-06
1.165000345428816475e+00,-3.235305337296290329e-02,2.595387273471583267e-04,-1.152484245009466335e-06,-3.187227558196226163e-06,1.458058857164989952e-06,-4.471932610584927748e-06,1.069031760822514165e-06
1.165164080114037048e+00,-3.274328326852010695e-02,2.659262631150988154e-04,-1.185143391216336717e-06,-3.269433406949406873e-06,1.487007612738233675e-06,-4.572529000677894029e-06,1.098272996186144823e-06
1.165329764226636922e+00,-3.313361196456329760e-02,2.723934304390170091e-04,-1.218148046516764893e-06,-3.352470539799701221e-06,1.516104438048504477e-06,-4.674132118229201716e-06,1.127925918081862378e-06
1.165497398190385336e+00,-3.352404063217978569e-02,2.789402452809293387e-04,-1.251502791899117284e-06,-3.436333746553721369e-06,1.545343528003284561e-06,-4.776736455290586658e-06,1.157992638022020682e-06
1.165666982441269095e+00,-3.391457044280790645e-02,2.855667228936591140e-04,-1.285211985349588026e-06,-3.521017950355864734e-06,1.574719099242671838e-06,-4.880336465840073856e-06,1.188475215511963778e-06
1.165838517427288501e+00,-3.430520256824445835e-02,2.922728778619911039e-04,-1.319279765502057167e-06,-3.606518210366727040e-06,1.604225391360625252e-06,-4.984926567107306195e-06,1.219375658514931793e-06
1.166012003608260184e+00,-3.469593818065264124e-02,2.990587241427505871e-04,-1.353710055079782038e-06,-3.692829724039059514e-06,1.633856668209476837e-06,-5.090501141079284420e-06,1.250695923729616688e-06
1.166187441455625473e+00,-3.508677845256907846e-02,3.059242751027174689e-04,-1.388506563906877211e-06,-3.779947829032903606e-06,1.663607219190565978e-06,-5.197054535978351542e-06,1.282437916916290277e-06
1.166364831452268547e+00,-3.547772455691156068e-02,3.128695435553122128e-04,-1.423672792044694546e-06,-3.867868004825414374e-06,1.693471360378340229e-06,-5.304581067733238342e-06,1.314603493063337680e-06
1.166544174092338571e+00,-3.586877766698570724e-02,3.198945417959564441e-04,-1.459212032831058714e-06,-3.956585874168028205e-06,1.723443435852622940e-06,-5.413075021533375608e-06,1.347194456720324229e-06
1.166725469881078947e+00,-3.625993895649221033e-02,3.269992816360874077e-04,-1.495127375100713252e-06,-4.046097204085663535e-06,1.753517818725569555e-06,-5.522530653223611807e-06,1.380212562157590028e-06
1.166908719334664557e+00,-3.665120959953394042e-02,3.341837744355626028e-04,-1.531421705919244758e-06,-4.136397906820410419e-06,1.783688912473935240e-06,-5.632942190976486518e-06,1.413659513595233452e-06
1.167093922980042331e+00,-3.704259077062291294e-02,3.414480311338882745e-04,-1.568097712803528943e-06,-4.227484040247864172e-06,1.813951152090931274e-06,-5.744303836895114923e-06,1.447536965307194556e-06
1.167281081354780259e+00,-3.743408364468689409e-02,3.487920622802127835e-04,-1.605157886178099069e-06,-4.319351808515503599e-06,1.844299005071547981e-06,-5.856609768449538844e-06,1.481846521857177468e-06
1.167470195006919065e+00,-3.782568939707614541e-02,3.562158780620640341e-04,-1.642604521429058551e-06,-4.411997561945546487e-06,1.874726972550533333e-06,-5.969854140031038980e-06,1.516589738161100431e-06
1.167661264494832318e+00,-3.821740920357016846e-02,3.637194883324840200e-04,-1.680439720444515395e-06,-4.505417797409649872e-06,1.905229590398738182e-06,-6.084031084561958291e-06,1.551768119771590460e-06
1.167854290387090099e+00,-3.860924424038386649e-02,3.713029026363931506e-04,-1.718665394168095162e-06,-4.599609157801554105e-06,1.935801430319461502e-06,-6.199134715098586490e-06,1.587383122850227757e-06
1.168049273262327770e+00,-3.900119568417448335e-02,3.789661302361080342e-04,-1.757283264111619836e-06,-4.694568431926060548e-06,1.966437100750506595e-06,-6.315159126253633293e-06,1.623436154354895855e-06
1.168246213709120518e+00,-3.939326471204762647e-02,3.867091801348782054e-04,-1.796294863978808998e-06,-4.790292554013309001e-06,1.997131247821748445e-06,-6.432098395792174017e-06,1.659928572213253961e-06
1.168445112325862123e+00,-3.978545250156409474e-02,3.945320610998850897e-04,-1.835701541372247725e-06,-4.886778602941621585e-06,2.027878556395967813e-06,-6.549946586109633984e-06,1.696861685468453729e-06
1.168645969720648381e+00,-4.017776023074548508e-02,4.024347816843389103e-04,-1.875504459375454402e-06,-4.984023801890558047e-06,2.058673750776618405e-06,-6.668697745779161856e-06,1.734236754376283773e-06
1.168848786511164528e+00,-4.057018907808079833e-02,4.104173502480490399e-04,-1.915704597774126050e-06,-5.082025516911503615e-06,2.089511595776416542e-06,-6.788345911105941877e-06,1.772054990412108566e-06
1.169053563324578437e+00,-4.096274022253254543e-02,4.184797749775814868e-04,-1.956302754999028615e-06,-5.180781256330924123e-06,2.120386897522252845e-06,-6.908885107501094858e-06,1.810317556603935341e-06
1.169260300797435592e+00,-4.135541484354263164e-02,4.266220639050043173e-04,-1.997299549014175390e-06,-5.280288669556876258e-06,2.151294504051937118e-06,-7.030309350973540372e-06,1.849025567574047457e-06
1.169468999575562052e+00,-4.174821412103832396e-02,4.348442249259287795e-04,-2.038695418607461285e-06,-5.380545546149195779e-06,2.182229306230132337e-06,-7.152612649538592215e-06,1.888180089726354538e-06
1.169679660313966085e+00,-4.214113923543855167e-02,4.431462658165512269e-04,-2.080490624667419297e-06,-5.481549814181918556e-06,2.213186238497755198e-06,-7.275789004716759489e-06,1.927782141288025830e-06
1.169892283676747580e+00,-4.253419136765956843e-02,4.515281942501538082e-04,-2.122685251654266025e-06,-5.583299539119179755e-06,2.244160279524232138e-06,-7.399832412859075337e-06,1.967832692545412598e-06
1.170106870337010552e+00,-4.292737169912069772e-02,4.599900178122937056e-04,-2.165279208307668846e-06,-5.685792922469068422e-06,2.275146452762610849e-06,-7.524736866493242360e-06,2.008332666003642686e-06
1.170323420976777662e+00,-4.332068141175024478e-02,4.685317440152950152e-04,-2.208272228701457784e-06,-5.789028300257070825e-06,2.306139827212838611e-06,-7.650496355787739233e-06,2.049282936525398391e-06
1.170541936286908502e+00,-4.371412168799161668e-02,4.771533803124873574e-04,-2.251663873437115271e-06,-5.893004141457880429e-06,2.337135517838095922e-06,-7.777104869717554880e-06,2.090684331455816558e-06
1.170762416967023434e+00,-4.410769371080842938e-02,4.858549341110844633e-04,-2.295453530504198980e-06,-5.997719046538230181e-06,2.368128686272563677e-06,-7.904556397500539511e-06,2.132537630879227653e-06
1.170984863725426983e+00,-4.450139866369057229e-02,4.946364127845284675e-04,-2.339640416210153617e-06,-6.103171745874824694e-06,2.399114541307145743e-06,-8.032844929721505434e-06,2.174843567702422487e-06
1.171209277279037897e+00,-4.489523773065942636e-02,5.034978236842548027e-04,-2.384223575804811368e-06,-6.209361098005738988e-06,2.430088339167024714e-06,-8.161964459740822520e-06,2.217602827980780233e-06
1.171435658353319198e+00,-4.528921209627390088e-02,5.124391741506972853e-04,-2.429201884743270590e-06,-6.316286087937328375e-06,2.461045384205551301e-06,-8.291908984749130074e-06,2.260816050966840685e-06
1.171664007682214237e+00,-4.568332294563594298e-02,5.214604715235333920e-04,-2.474574048935695991e-06,-6.423945825562160650e-06,2.491981029237311240e-06,-8.422672507057971103e-06,2.304483829346226642e-06
1.171894326008081855e+00,-4.607757146439592222e-02,5.305617231516589205e-04,-2.520338605760397144e-06,-6.532339543854903674e-06,2.522890675871192201e-06,-8.554249035182259764e-06,2.348606709529077463e-06
1.172126614081637985e+00,-4.647195883875851474e-02,5.397429364019865061e-04,-2.566493924743840083e-06,-6.641466597040457387e-06,2.553769774815695115e-06,-8.686632585040710008e-06,2.393185191754132468e-06
1.172360872661897480e+00,-4.686648625548743563e-02,5.490041186682684260e-04,-2.613038208060247669e-06,-6.751326458900863692e-06,2.584613826336901177e-06,-8.819817181052180821e-06,2.438219730407920061e-06
1.172597102516119261e+00,-4.726115490191121205e-02,5.583452773790485713e-04,-2.659969491128344465e-06,-6.861918721054460768e-06,2.615418380341738569e-06,-8.953796857120999153e-06,2.483710734156596711e-06
1.172835304419753699e+00,-4.765596596592894252e-02,5.677664200050350218e-04,-2.707285643305246126e-06,-6.973243090999114990e-06,2.646179036891460612e-06,-9.088565657754121840e-06,2.529658566188808244e-06
1.173075479156392209e+00,-4.805092063601540397e-02,5.772675540659730209e-04,-2.754984368275037454e-06,-7.085299390377497453e-06,2.676891446160012400e-06,-9.224117639060336327e-06,2.576063544597329003e-06
1.173317627517721284e+00,-4.844602010122643632e-02,5.868486871371224323e-04,-2.803063204506739403e-06,-7.198087553283993856e-06,2.707551308725464345e-06,-9.360446869700889128e-06,2.622925942469267468e-06
1.173561750303474316e+00,-4.884126555120410496e-02,5.965098268554090699e-04,-2.851519525615131556e-06,-7.311607624294058638e-06,2.738154375819812358e-06,-9.497547431860930978e-06,2.670245988094233081e-06
1.173807848321389624e+00,-4.923665817618227969e-02,6.062509809246809100e-04,-2.900350540832596913e-06,-7.425859756771124864e-06,2.768696449328977849e-06,-9.635413422262595340e-06,2.718023865394547656e-06
1.174055922387169382e+00,-4.963219916699183887e-02,6.160721571209469560e-04,-2.949553295383822160e-06,-7.540844211048614021e-06,2.799173382000974541e-06,-9.774038952893582266e-06,2.766259714057084373e-06
1.174305973324440311e+00,-5.002788971506602622e-02,6.259733632969360917e-04,-2.999124670693964489e-06,-7.656561352598068027e-06,2.829581077459786265e-06,-9.913418151978603543e-06,2.814953629880212471e-06
1.174558001964715270e+00,-5.042373101244573830e-02,6.359546073861736815e-04,-3.049061384693962928e-06,-7.773011650266670181e-06,2.859915490219244738e-06,-1.005354516480511107e-05,2.864105665023597425e-06
1.174812009147359060e+00,-5.081972425178446495e-02,6.460158974068812288e-04,-3.099359991987071794e-06,-7.890195674500888323e-06,2.890172625877318602e-06,-1.019441415455596411e-05,2.913715828181673295e-06
1.175067995719554004e+00,-5.121587062635400700e-02,6.561572414655082730e-04,-3.150016884126416450e-06,-8.008114095625629147e-06,2.920348540991213326e-06,-1.033601930301719651e-05,2.963784084972220789e-06
1.175325962536268642e+00,-5.161217133004938895e-02,6.663786477597785640e-04,-3.201028289878671274e-06,-8.126767682040125784e-06,2.950439343146760152e-06,-1.047835481142456171e-05,3.014310358220861907e-06
1.175585910460227312e+00,-5.200862755739402155e-02,6.766801245813060250e-04,-3.252390275043648415e-06,-8.246157298552603265e-06,2.980441190778004845e-06,-1.062141490112272768e-05,3.065294528162287868e-06
1.175847840361881724e+00,-5.240524050354498919e-02,6.870616803180858156e-04,-3.304098742523686738e-06,-8.366283904853721864e-06,3.010350293292107793e-06,-1.076519381419671628e-05,3.116736432828837167e-06
1.176111753119383430e+00,-5.280201136429840680e-02,6.975233234564719165e-04,-3.356149432698352086e-06,-8.487148553393275563e-06,3.040162910791788242e-06,-1.090968581435314277e-05,3.168635868272540179e-06
1.176377649618560284e+00,-5.319894133609441578e-02,7.080650625829292000e-04,-3.408537923174637108e-06,-8.608752388061802208e-06,3.069875354047568727e-06,-1.105488518737124393e-05,3.220992588981452798e-06
1.176645530752890245e+00,-5.359603161602230492e-02,7.186869063855912121e-04,-3.461259628689816736e-06,-8.731096642511371186e-06,3.099483984386752766e-06,-1.120078624178288962e-05,3.273806307990678732e-06
1.176915397423480725e+00,-5.399328340182599217e-02,7.293888636553981508e-04,-3.514309801291859436e-06,-8.854182638337593225e-06,3.128985213596280346e-06,-1.134738330950402219e-05,3.327076697326458721e-06
1.177187250539046826e+00,-5.439069789190885407e-02,7.401709432868913696e-04,-3.567683529867582415e-06,-8.978011783747352759e-06,3.158375503714561106e-06,-1.149467074632731789e-05,3.380803388228215134e-06
1.177461091015891803e+00,-5.478827628533877725e-02,7.510331542790182890e-04,-3.621375740212040562e-06,-9.102585571851840029e-06,3.187651366712285217e-06,-1.164264293253280957e-05,3.434985971523252246e-06
1.177736919777888414e+00,-5.518601978185369572e-02,7.619755057352399497e-04,-3.675381194848115207e-06,-9.227905579237138944e-06,3.216809364492423384e-06,-1.179129427331809810e-05,3.489623997945945355e-06
1.178014737756462704e+00,-5.558392958186647581e-02,7.729980068640028568e-04,-3.729694492748958368e-06,-9.353973464326648113e-06,3.245846108612671088e-06,-1.194061919937428051e-05,3.544716978304274235e-06
1.178294545890577361e+00,-5.598200688647002321e-02,7.841006669783781580e-04,-3.784310069102070351e-06,-9.480790965882279764e-06,3.274758259994015042e-06,-1.209061216735085598e-05,3.600264383958606818e-06
1.178576345126717051e+00,-5.638025289744255653e-02,7.952834954957528624e-04,-3.839222194809699396e-06,-9.608359901575047601e-06,3.303542528657055222e-06,-1.224126766024430379e-05,3.656265647092316051e-06
1.178860136418875992e+00,-5.677866881725279757e-02,8.065465019373371791e-04,-3.894424976350063794e-06,-9.736682166749943690e-06,3.332195673513838052e-06,-1.239258018778666148e-05,3.712720160919946721e-06
1.179145920728543961e+00,-5.717725584906507841e-02,8.178896959275955281e-04,-3.949912355402651620e-06,-9.865759732649581615e-06,3.360714502076422860e-06,-1.254454428697288071e-05,3.769627280089671295e-06
1.179433699024695859e+00,-5.757601519674425405e-02,8.293130871929663139e-04,-4.005678108293109219e-06,-9.995594645456629124e-06,3.389095870165448332e-06,-1.269715452230368857e-05,3.826986321057990192e-06
1.179723472283781271e+00,-5.797494806486089280e-02,8.408166855609702783e-04,-4.061715845715685447e-06,-1.012618902464235138e-05,3.417336681521554453e-06,-1.285040548625049350e-05,3.884796562207692983e-06
1.180015241489715372e+00,-5.837405565869636936e-02,8.524005009587672099e-04,-4.118019012247509103e-06,-1.025754506187026571e-05,3.445433887708237997e-06,-1.300429179951906322e-05,3.943057244298886488e-06
1.180309007633870699e+00,-5.877333918424826331e-02,8.640645434118444934e-04,-4.174580885710210687e-06,-1.038966501951121835e-05,3.473384487473474280e-06,-1.315880811130626382e-05,4.001767570829817267e-06
1.180604771715068724e+00,-5.917279984823553551e-02,8.758088230422095277e-04,-4.231394576517666373e-06,-1.052255122965806144e-05,3.501185526499916989e-06,-1.331394909970945450e-05,4.060926708224221748e-06
1.180902534739574072e+00,-5.957243885810305228e-02,8.876333500666029608e-04,-4.288453027079253133e-06,-1.065620609268236318e-05,3.528834097141220205e-06,-1.346970947190689882e-05,4.120533786178270930e-06
1.181202297721090311e+00,-5.997225742202728915e-02,8.995381347945939632e-04,-4.345749011480659618e-06,-1.079063207622132925e-05,3.556327338075093714e-06,-1.362608396438674818e-05,4.180587897965881705e-06
1.181504061680751949e+00,-6.037225674892122973e-02,9.115231876263563127e-04,-4.403275134720607831e-06,-1.092583171383165741e-05,3.583662433789824853e-06,-1.378306734333561989e-05,4.241088100750967094e-06
1.181807827647124665e+00,-6.077243804843980579e-02,9.235885190504306008e-04,-4.461023831725530187e-06,-1.106180760404584795e-05,3.610836614223456031e-06,-1.394065440467329164e-05,4.302033415982953191e-06
1.182113596656198862e+00,-6.117280253098487941e-02,9.357341396414829704e-04,-4.518987366863846944e-06,-1.119856240934524738e-05,3.637847154430717822e-06,-1.409883997427474611e-05,4.363422829521679258e-06
1.182421369751388562e+00,-6.157335140770985038e-02,9.479600600576891523e-04,-4.577157833099421147e-06,-1.133609885477226964e-05,3.664691374138939750e-06,-1.425761890825466560e-05,4.425255292046792466e-06
1.182731147983530517e+00,-6.197408589052552652e-02,9.602662910380976857e-04,-4.635527151242158084e-06,-1.147441972723650672e-05,3.691366637387227811e-06,-1.441698609300906542e-05,4.487529719328364752e-06
1.183042932410881765e+00,-6.237500719210516131e-02,9.726528433998578305e-04,-4.694087068962682352e-06,-1.161352787447389456e-05,3.717870351915841809e-06,-1.457693644534713284e-05,4.550244992587715309e-06
1.183356724099120516e+00,-6.277611652588967195e-02,9.851197280352670671e-04,-4.752829160070692893e-06,-1.175342620386710113e-05,3.744199968874761808e-06,-1.473746491271327175e-05,4.613399958774966336e-06
1.183672524121348157e+00,-6.317741510609221900e-02,9.976669559088047201e-04,-4.811744823543517846e-06,-1.189411768179327034e-05,3.770352982448987866e-06,-1.489856647317322480e-05,4.676993430728637602e-06
1.183990333558087249e+00,-6.357890414770389631e-02,1.010294538054189867e-03,-4.870825282402013734e-06,-1.203560533249992126e-05,3.796326929289550733e-06,-1.506023613563611807e-05,4.741024187647491228e-06
1.184310153497285967e+00,-6.398058486649890741e-02,1.023002485570974340e-03,-4.930061583072187226e-06,-1.217789223736942539e-05,3.822119388194322731e-06,-1.522246893980588878e-05,4.805490975187676206e-06
1.184631985034319213e+00,-6.438245847903989461e-02,1.035790809621517372e-03,-4.989444594080683082e-06,-1.232098153407246155e-05,3.847727979469639514e-06,-1.538525995634087984e-05,4.870392505906817604e-06
1.184955829271993277e+00,-6.478452620268260187e-02,1.048659521427335733e-03,-5.048965005194361311e-06,-1.246487641566595972e-05,3.873150364541722013e-06,-1.554860428676363426e-05,4.935727459513816751e-06
1.185281687320546951e+00,-6.518678925558155091e-02,1.061608632265766128e-03,-5.108613326171296265e-06,-1.260958012994084498e-05,3.898384245526465008e-06,-1.571249706362048970e-05,5.001494483153345882e-06
1.185609560297658405e+00,-6.558924885669528693e-02,1.074638153466488805e-03,-5.168379885706064769e-06,-1.275509597857549249e-05,3.923427364813103502e-06,-1.587693345050239513e-05,5.067692191516870448e-06
1.185939449328448303e+00,-6.599190622579106935e-02,1.087748096407679943e-03,-5.228254830347278670e-06,-1.290142731651122698e-05,3.948277504495223411e-06,-1.604190864189919408e-05,5.134319167293677211e-06
1.186271355545486017e+00,-6.639476258345076987e-02,1.100938472512507510e-03,-5.288228123179194995e-06,-1.304857755123067786e-05,3.972932485801772273e-06,-1.620741786331064693e-05,5.201373961427613324e-06
1.186605280088795400e+00,-6.679781915107571577e-02,1.114209293245044252e-03,-5.348289542628226201e-06,-1.319655014203613419e-05,3.997390168763992335e-06,-1.637345637118398090e-05,5.268855093311375359e-06
1.186941224105860115e+00,-6.720107715089188027e-02,1.127560570106662940e-03,-5.408428681352717149e-06,-1.334534859939728868e-05,4.021648451715820194e-06,-1.654001945292776776e-05,5.336761051022431701e-06
1.187279188751632297e+00,-6.760453780595553075e-02,1.140992314632011811e-03,-5.468634944688632871e-06,-1.349497648459041521e-05,4.045705270752653071e-06,-1.670710242680784052e-05,5.405090291621394982e-06
1.187619175188538323e+00,-6.800820234015825250e-02,1.154504538385007356e-03,-5.528897549650357846e-06,-1.364543740881019041e-05,4.069558599245626240e-06,-1.687470064190565999e-05,5.473841241478150099e-06
1.187961184586487473e+00,-6.841207197823213904e-02,1.168097252954684862e-03,-5.589205523265361464e-06,-1.379673503278111557e-05,4.093206447300379303e-06,-1.704280947797953694e-05,5.543012296341243150e-06
1.188305218122879925e+00,-6.881614794575521832e-02,1.181770469951187730e-03,-5.649547701408463851e-06,-1.394887306632730528e-05,4.116646861312966976e-06,-1.721142434544381539e-05,5.612601821781970646e-06
1.188651276982615190e+00,-6.922043146915651812e-02,1.195524201001513936e-03,-5.709912727275279209e-06,-1.410185526781737586e-05,4.139877923525769887e-06,-1.738054068530642260e-05,5.682608153215196189e-06
1.188999362358101886e+00,-6.962492377572200575e-02,1.209358457745283305e-03,-5.770289049744636856e-06,-1.425568544349831157e-05,4.162897751375238542e-06,-1.755015396902315228e-05,5.753029596315684113e-06
1.189349475449267057e+00,-7.002962609359938972e-02,1.223273251830418046e-03,-5.830664922337747136e-06,-1.441036744741219788e-05,4.185704497103315269e-06,-1.772025969835888670e-05,5.823864427191571824e-06
1.189701617463565286e+00,-7.043453965180336562e-02,1.237268594908618596e-03,-5.891028401414089011e-06,-1.456590518075784324e-05,4.208296347188444919e-06,-1.789085340532514667e-05,5.895110892564781047e-06
1.190055789615990456e+00,-7.083966568022131982e-02,1.251344498631193347e-03,-5.951367344464442155e-06,-1.472230259151607878e-05,4.230671521915363442e-06,-1.806193065199274139e-05,5.966767209944490169e-06
1.190411993129085300e+00,-7.124500540961838102e-02,1.265500974644492849e-03,-6.011669408875763843e-06,-1.487956367419995818e-05,4.252828274819986376e-06,-1.823348703037380725e-05,6.038831568029590091e-06
1.190770229232953170e+00,-7.165056007164311014e-02,1.279738034585250345e-03,-6.071922049974420865e-06,-1.503769246945230176e-05,4.274764892175930697e-06,-1.840551816222751880e-05,6.111302126743378693e-06
1.191130499165269363e+00,-7.205633089883263509e-02,1.294055690076210269e-03,-6.132112519707799692e-06,-1.519669306372650741e-05,4.296479692356136582e-06,-1.857801969896988314e-05,6.184177017504177698e-06
1.191492804171292663e+00,-7.246231912461806313e-02,1.308453952721392449e-03,-6.192227864632027234e-06,-1.535656958909226155e-05,4.317971025707967314e-06,-1.875098732141700086e-05,6.257454343384927231e-06
1.191857145503877780e+00,-7.286852598333004583e-02,1.322932834101432642e-03,-6.252254924482558707e-06,-1.551732622290247221e-05,4.339237273567886355e-06,-1.892441673970179927e-05,6.331132179411558258e-06
1.192223524423488001e+00,-7.327495271020408041e-02,1.337492345768968166e-03,-6.312180330161898389e-06,-1.567896718752959107e-05,4.360276848094923885e-06,-1.909830369303117115e-05,6.405208572680953782e-06
1.192591942198207855e+00,-7.368160054138582493e-02,1.352132499243693942e-03,-6.371990502143654034e-06,-1.584149675029622450e-05,4.381088191660054143e-06,-1.927264394947780790e-05,6.479681542437276676e-06
1.192962400103756204e+00,-7.408847071393687145e-02,1.366853306007647512e-03,-6.431671648654546658e-06,-1.600491922316982230e-05,4.401669776318839489e-06,-1.944743330578591056e-05,6.554549080446669951e-06
1.193334899423500017e+00,-7.449556446584007507e-02,1.381654777500615494e-03,-6.491209763648253528e-06,-1.616923896272104422e-05,4.422020103339585617e-06,-1.962266758723241189e-05,6.629809151066645700e-06
1.193709441448467468e+00,-7.490288303600464714e-02,1.396536925114977984e-03,-6.550590625181706983e-06,-1.633446036980457095e-05,4.442137702592718895e-06,-1.979834264734942062e-05,6.705459691440374126e-06
1.194086027477363254e+00,-7.531042766427223367e-02,1.411499760190747244e-03,-6.609799793083626085e-06,-1.650058788950359290e-05,4.462021132231597242e-06,-1.997445436767442128e-05,6.781498611649339203e-06
1.194464658816582148e+00,-7.571819959142223055e-02,1.426543294010797214e-03,-6.668822607622248988e-06,-1.666762601126858812e-05,4.481668978026376315e-06,-2.015099865760455744e-05,6.857923794893749925e-06
1.194845336780224088e+00,-7.612620005917698773e-02,1.441667537795940368e-03,-6.727644187173864587e-06,-1.683557926843159969e-05,4.501079852947675874e-06,-2.032797145412601481e-05,6.934733097638257071e-06
1.195228062690108173e+00,-7.653443031020759624e-02,1.456872502699609051e-03,-6.786249426057877621e-06,-1.700445223853930266e-05,4.520252396680857210e-06,-2.050536872157115997e-05,7.011924349709097726e-06
1.195612837875789314e+00,-7.694289158813981400e-02,1.472158199802970496e-03,-6.844622992760451829e-06,-1.717424954295054818e-05,4.539185275001522690e-06,-2.068318645135486245e-05,7.089495354557773243e-06
1.195999663674573554e+00,-7.735158513755867327e-02,1.487524640109778168e-03,-6.902749327811208424e-06,-1.734497584734984166e-05,4.557877179456326644e-06,-2.086142066172469445e-05,7.167443889219415887e-06
1.196388541431533170e+00,-7.776051220401478115e-02,1.502971834541167589e-03,-6.960612641701557912e-06,-1.751663586126162020e-05,4.576326826738474907e-06,-2.104006739753194744e-05,7.245767704652794627e-06
1.196779472499523322e+00,-7.816967403402974579e-02,1.518499793930660341e-03,-7.018196912608742899e-06,-1.768923433821678604e-05,4.594532958340780127e-06,-2.121912273003040417e-05,7.324464525712559571e-06
1.197172458239197601e+00,-7.857907187510176916e-02,1.534108529018737843e-03,-7.075485884452947793e-06,-1.786277607605801787e-05,4.612494339820139011e-06,-2.139858275650163844e-05,7.403532051350469878e-06
1.197567500019026010e+00,-7.898870697571115651e-02,1.549798050447807191e-03,-7.132463064482563730e-06,-1.803726591663445955e-05,4.630209760492220994e-06,-2.157844359996358152e-05,7.482967954733354965e-06
1.197964599215310955e+00,-7.939858058532622831e-02,1.565568368756851264e-03,-7.189111721192520399e-06,-1.821270874617642033e-05,4.647678033029012390e-06,-2.175870140904562211e-05,7.562769883270870075e-06
1.198363757212203673e+00,-7.980869395440884362e-02,1.581419494376019863e-03,-7.245414881895673176e-06,-1.838910949533700823e-05,4.664897992764927004e-06,-2.193935235759308933e-05,7.642935458775090840e-06
1.198764975401723776e+00,-8.021904833441959037e-02,1.597351437621231246e-03,-7.301355330474601502e-06,-1.856647313919213005e-05,4.681868497238839133e-06,-2.212039264439663588e-05,7.723462277633985629e-06
1.199168255183774789e+00,-8.062964497782416917e-02,1.613364208688964491e-03,-7.356915605341574071e-06,-1.874480469750416933e-05,4.698588425972038962e-06,-2.230181849297019347e-05,7.804347910776721076e-06
1.199573597966161920e+00,-8.104048513809899990e-02,1.629457817650861035e-03,-7.412077996760135790e-06,-1.892410923494403097e-05,4.715056679677198659e-06,-2.248362615116239471e-05,7.885589903888767793e-06
1.199981005164612036e+00,-8.145157006973634262e-02,1.645632274448124988e-03,-7.466824544472006053e-06,-1.910439186121604127e-05,4.731272179980816617e-06,-2.266581189094146742e-05,7.967185777384144796e-06
1.200390478202790323e+00,-8.186290102825083403e-02,1.661887588886010181e-03,-7.521137035407243765e-06,-1.928565773114121473e-05,4.747233868729328066e-06,-2.284837200806216773e-05,8.049133026634402999e-06
1.200802018512319380e+00,-8.227447927018449736e-02,1.678223770628491096e-03,-7.574997001214001102e-06,-1.946791204515685436e-05,4.762940707891960557e-06,-2.303130282176740762e-05,8.131429121815969552e-06
1.201215627532798091e+00,-8.268630605311268200e-02,1.694640829192708281e-03,-7.628385715746643925e-06,-1.965116004930267390e-05,4.778391678839088996e-06,-2.321460067445518805e-05,8.214071508146070233e-06
1.201631306711820280e+00,-8.309838263565026695e-02,1.711138773943160496e-03,-7.681284192401216515e-06,-1.983540703558162033e-05,4.793585781884268648e-06,-2.339826193149124878e-05,8.297057605993751750e-06
1.202049057504994689e+00,-8.351071027745726738e-02,1.727717614086202169e-03,-7.733673181770095439e-06,-2.002065834215416285e-05,4.808522035812390349e-06,-2.358228298074416251e-05,8.380384810803553908e-06
1.202468881375962972e+00,-8.392329023924428866e-02,1.744377358664495753e-03,-7.785533169060721015e-06,-2.020691935371299319e-05,4.823199477643758115e-06,-2.376666023238410697e-05,8.464050493192654123e-06
1.202890779796420562e+00,-8.433612378277847987e-02,1.761118016551172644e-03,-7.836844371389428687e-06,-2.039419550187160368e-05,4.837617161870810811e-06,-2.395139011842489785e-05,8.548051999020256364e-06
1.203314754246136209e+00,-8.474921217088968173e-02,1.777939596444049614e-03,-7.887586735019769257e-06,-2.058249226523367614e-05,4.851774160319344276e-06,-2.413646909265459994e-05,8.632386649415346724e-06
1.203740806212972858e+00,-8.516255666747628295e-02,1.794842106860063818e-03,-7.937739932933896014e-06,-2.077181517001758237e-05,4.865669561496255291e-06,-2.432189363003184335e-05,8.717051740755876743e-06
1.204168937192906075e+00,-8.557615853751047996e-02,1.811825556129464943e-03,-7.987283362001496023e-06,-2.096216979015352866e-05,4.879302470089941224e-06,-2.450766022655398446e-05,8.802044544876930221e-06
1.204599148690046473e+00,-8.599001904704507704e-02,1.828889952390007345e-03,-8.036196140051576897e-06,-2.115356174768601161e-05,4.892672006678866481e-06,-2.469376539888240574e-05,8.887362308987456494e-06
1.205031442216658810e+00,-8.640413946321878758e-02,1.846035303580965264e-03,-8.084457103457731719e-06,-2.134599671343995198e-05,4.905777307315228875e-06,-2.488020568397475429e-05,8.973002255580064812e-06
1.205465819293185081e+00,-8.681852105426199340e-02,1.863261617437179246e-03,-8.132044804112781300e-06,-2.153948040714559475e-05,4.918617523053114837e-06,-2.506697763880738616e-05,9.058961582611435581e-06
1.205902281448263169e+00,-8.723316508950335058e-02,1.880568901483303801e-03,-8.178937506653216616e-06,-2.173401859791035395e-05,4.931191819448899061e-06,-2.525407784000760492e-05,9.145237463460687000e-06
1.206340830218750160e+00,-8.764807283937550708e-02,1.897957163027864241e-03,-8.225113185544863370e-06,-2.192961710462126845e-05,4.943499376255933164e-06,-2.544150288358304479e-05,9.231827046901619482e-06
1.206781467149743214e+00,-8.806324557542073717e-02,1.915426409157004739e-03,-8.270549522113035401e-06,-2.212628179643072457e-05,4.955539386827800818e-06,-2.562924938450533707e-05,9.318727457192921282e-06
1.207224193794600442e+00,-8.847868457029738065e-02,1.932976646728618020e-03,-8.315223901669832607e-06,-2.232401859328381200e-05,4.967311057799128626e-06,-2.581731397637704317e-05,9.405935794022657337e-06
1.207669011714965102e+00,-8.889439109778564385e-02,1.950607882366266893e-03,-8.359113410599805505e-06,-2.252283346618200177e-05,4.978813608794152579e-06,-2.600569331123736561e-05,9.493449132438880333e-06
1.208115922480784921e+00,-8.931036643279381682e-02,1.968320122453043330e-03,-8.402194833126430673e-06,-2.272273243794642461e-05,4.990046271871606542e-06,-2.619438405904866984e-05,9.581264522884325174e-06
1.208564927670337408e+00,-8.972661185136385220e-02,1.986113373125236725e-03,-8.444444648522675401e-06,-2.292372158346767108e-05,5.001008291011244111e-06,-2.638338290738423408e-05,9.669378991224164555e-06
1.209016028870249837e+00,-9.014312863067801274e-02,2.003987640266508691e-03,-8.485839027905228704e-06,-2.312580703039968100e-05,5.011698921975060728e-06,-2.657268656114375460e-05,9.757789538648864447e-06
1.209469227675524561e+00,-9.055991804906478315e-02,2.021942929501564790e-03,-8.526353831223021373e-06,-2.332899495958995484e-05,5.022117431766059958e-06,-2.676229174228272889e-05,9.846493141646428526e-06
1.209924525689559660e+00,-9.097698138600486539e-02,2.039979246189541767e-03,-8.565964603968190261e-06,-2.353329160555139854e-05,5.032263098225797648e-06,-2.695219518924346636e-05,9.935486752078726003e-06
1.210381924524173591e+00,-9.139431992213735423e-02,2.058096595417942959e-03,-8.604646574178476115e-06,-2.373870325725335739e-05,5.042135209493148196e-06,-2.714239365682324934e-05,1.002476729700108038e-05
1.210841425799627835e+00,-9.181193493926617655e-02,2.076294981996424510e-03,-8.642374648953898841e-06,-2.394523625839917180e-05,5.051733064004304552e-06,-2.733288391575106058e-05,1.011433167864839167e-05
1.211303031144651543e+00,-9.222982772036565635e-02,2.094574410450199958e-03,-8.679123411417521972e-06,-2.415289700830047792e-05,5.061055969660110954e-06,-2.752366275225737180e-05,1.020417677448370863e-05
1.211766742196463742e+00,-9.264799954958732875e-02,2.112934885013562775e-03,-8.714867117481928105e-06,-2.436169196223803013e-05,5.070103243742796195e-06,-2.771472696785903800e-05,1.029429943705251205e-05
1.212232560600799758e+00,-9.306645171226596291e-02,2.131376409623582380e-03,-8.749579692352016380e-06,-2.457162763208620149e-05,5.078874212458006632e-06,-2.790607337907480279e-05,1.038469649389944793e-05
1.212700488011932975e+00,-9.348518549492547403e-02,2.149898987913390763e-03,-8.783234727180455614e-06,-2.478271058703462870e-05,5.087368210476839181e-06,-2.809769881676610348e-05,1.047536474754751090e-05
1.213170526092700374e+00,-9.390420218528561236e-02,2.168502623205833396e-03,-8.815805475861915319e-06,-2.499494745418495700e-05,5.095584580741552294e-06,-2.828960012610931551e-05,1.056630097541477742e-05
1.213642676514527396e+00,-9.432350307226801400e-02,2.187187318506735034e-03,-8.847264851549740960e-06,-2.520834491914758502e-05,5.103522673799432141e-06,-2.848177416610309098e-05,1.065750192980746691e-05
1.214116940957451707e+00,-9.474308944600245974e-02,2.205953076498168991e-03,-8.877585423006095766e-06,-2.542290972683269867e-05,5.111181847622381369e-06,-2.867421780913120832e-05,1.074896433776728610e-05
1.214593321110149837e+00,-9.516296259783338374e-02,2.224799899531969272e-03,-8.906739411257413863e-06,-2.563864868189436041e-05,5.118561467426507861e-06,-2.886692794085848890e-05,1.084068490094652892e-05
1.215071818669962056e+00,-9.558312382032588261e-02,2.243727789622812496e-03,-8.934698686069442175e-06,-2.585556864961868762e-05,5.125660904922724193e-06,-2.905990145964099103e-05,1.093266029560807651e-05
1.215552435342916127e+00,-9.600357440727266822e-02,2.262736748441306761e-03,-8.961434762311260016e-06,-2.607367655646508631e-05,5.132479538150214182e-06,-2.925313527625539312e-05,1.102488717248661931e-05
1.216035172843754397e+00,-9.642431565369964652e-02,2.281826777307597448e-03,-8.986918796555221078e-06,-2.629297939084340729e-05,5.139016751226632707e-06,-2.944662631362143790e-05,1.111736215672620709e-05
1.216520032895960446e+00,-9.684534885587285646e-02,2.300997877184150775e-03,-9.011121583218928421e-06,-2.651348420382171334e-05,5.145271933806871978e-06,-2.964037150635090434e-05,1.121008184772065430e-05
1.217007017231784172e+00,-9.726667531130485378e-02,2.320250048668714288e-03,-9.034013550859865127e-06,-2.673519810980629074e-05,5.151244480791628000e-06,-2.983436780040066294e-05,1.130304281901639563e-05
1.217496127592266886e+00,-9.768829631876072006e-02,2.339583291987624297e-03,-9.055564758650436197e-06,-2.695812828741595002e-05,5.156933792077600387e-06,-3.002861215278124218e-05,1.139624161824309700e-05
1.217987365727270177e+00,-9.811021317826512655e-02,2.358997606988638002e-03,-9.075744892422799026e-06,-2.718228198010652630e-05,5.162339272127280942e-06,-3.022310153111967823e-05,1.148967476695406109e-05
1.218480733395501669e+00,-9.853242719110852366e-02,2.378492993133803773e-03,-9.094523260991249636e-06,-2.740766649697579105e-05,5.167460329538742236e-06,-3.041783291336808137e-05,1.158333876050132716e-05
1.218976232364540557e+00,-9.895493965985366347e-02,2.398069449492504918e-03,-9.111868792363586600e-06,-2.763428921351285261e-05,5.172296376948493091e-06,-3.061280328740811907e-05,1.167723006795240437e-05
1.219473864410868025e+00,-9.937775188834210849e-02,2.417726974734125261e-03,-9.127750029827574885e-06,-2.786215757236143453e-05,5.176846830434733704e-06,-3.080800965073876574e-05,1.177134513191679943e-05
1.219973631319890561e+00,-9.980086518170076804e-02,2.437465567120614129e-03,-9.142135127981898535e-06,-2.809127908409703167e-05,5.181111109489600075e-06,-3.100344901012241916e-05,1.186568036838642204e-05
1.220475534885970825e+00,-1.002242808463484486e-01,2.457285224499668880e-03,-9.154991848919769026e-06,-2.832166132826774430e-05,5.185088636353030189e-06,-3.119911838113387237e-05,1.196023216656211252e-05
1.220979576912453624e+00,-1.006480001900024734e-01,2.477185944297133346e-03,-9.166287558051711137e-06,-2.855331195397714517e-05,5.188778835929497291e-06,-3.139501478786888011e-05,1.205499688890915300e-05
1.221485759211694555e+00,-1.010720245216853996e-01,2.497167723509476078e-03,-9.175989220316926875e-06,-2.878623868070306902e-05,5.192181135357798460e-06,-3.159113526267354199e-05,1.214997087080338378e-05
1.221994083605087988e+00,-1.014963551517317902e-01,2.517230558696514908e-03,-9.184063395992203560e-06,-2.902044929921354655e-05,5.195294963719621073e-06,-3.178747684565164100e-05,1.224515042038548662e-05
1.222504551923096816e+00,-1.019209933917943067e-01,2.537374445973919479e-03,-9.190476236611844207e-06,-2.925595167245498285e-05,5.198119751748109252e-06,-3.198403658440096553e-05,1.234053181850547354e-05
1.223017166005278211e+00,-1.023459405548506895e-01,2.557599381005529887e-03,-9.195193480790453400e-06,-2.949275373646809140e-05,5.200654931550308113e-06,-3.218081153353452573e-05,1.243611131844513107e-05
1.223531927700315602e+00,-1.027711979552109467e-01,2.577905358995814106e-03,-9.198180450045723155e-06,-2.973086350101239450e-05,5.202899936163074557e-06,-3.237779875448626443e-05,1.253188514584169244e-05
1.224048838866045541e+00,-1.031967669085233352e-01,2.598292374682099892e-03,-9.199402044662852163e-06,-2.997028905063481297e-05,5.204854199261643721e-06,-3.257499531504615131e-05,1.262784949849354854e-05
1.224567901369489009e+00,-1.036226487317814526e-01,2.618760422326955883e-03,-9.198822739434064921e-06,-3.021103854562723345e-05,5.206517155048606682e-06,-3.277239828904099372e-05,1.272400054611044773e-05
1.225089117086879176e+00,-1.040488447433312313e-01,2.639309495710291664e-03,-9.196406579078941768e-06,-3.045312022281754238e-05,5.207888237782065666e-06,-3.297000475591810309e-05,1.282033443018859575e-05
1.225612487903692260e+00,-1.044753562628771837e-01,2.659939588121447429e-03,-9.192117174233738197e-06,-3.069654239656882666e-05,5.208966881553589445e-06,-3.316781180050243361e-05,1.291684726377473336e-05
1.226138015714677287e+00,-1.049021846114898127e-01,2.680650692351453646e-03,-9.185917697079881705e-06,-3.094131345954265200e-05,5.209752519927390857e-06,-3.336581651254555414e-05,1.301353513132735840e-05
1.226665702423886728e+00,-1.053293311116122732e-01,2.701442800684891732e-03,-9.177770876500623842e-06,-3.118744188387867489e-05,5.210244585593382105e-06,-3.356401598639952022e-05,1.311039408855713129e-05
1.227195549944705588e+00,-1.057567970870669921e-01,2.722315904891942084e-03,-9.167638994028726174e-06,-3.143493622195792092e-05,5.210442510270030247e-06,-3.376240732067686823e-05,1.320742016210074699e-05
1.227727560199884493e+00,-1.061845838630629535e-01,2.743269996220303736e-03,-9.155483879197401365e-06,-3.168380510758239677e-05,5.210345724260267986e-06,-3.396098761777183173e-05,1.330460934936827933e-05
1.228261735121568554e+00,-1.066126927662023050e-01,2.764305065386891969e-03,-9.141266904794109749e-06,-3.193405725671061290e-05,5.209953656215571272e-06,-3.415975398371462468e-05,1.340195761836970867e-05
1.228798076651329563e+00,-1.070411251244874629e-01,2.785421102569470009e-03,-9.124948982544567322e-06,-3.218570146851229552e-05,5.209265732747381250e-06,-3.435870352767184110e-05,1.349946090747899952e-05
1.229336586740197301e+00,-1.074698822673281345e-01,2.806618097398669298e-03,-9.106490558311031158e-06,-3.243874662642309836e-05,5.208281378399348682e-06,-3.455783336166889930e-05,1.359711512518430032e-05
1.229877267348691294e+00,-1.078989655255480767e-01,2.827896038949402613e-03,-9.085851607373851557e-06,-3.269320169915768126e-05,5.207000015119978009e-06,-3.475714060005574702e-05,1.369491614981732663e-05
1.230420120446852561e+00,-1.083283762313924925e-01,2.849254915732526983e-03,-9.062991629962824369e-06,-3.294907574159788854e-05,5.205421062151605049e-06,-3.495662235938196138e-05,1.379285982948397216e-05
1.230965148014275812e+00,-1.087581157185346648e-01,2.870694715686246401e-03,-9.037869646122409506e-06,-3.320637789602787215e-05,5.203543935558552214e-06,-3.515627575789020964e-05,1.389094198169654737e-05
1.231512352040142089e+00,-1.091881853220834642e-01,2.892215426167597803e-03,-9.010444190910016360e-06,-3.346511739310553679e-05,5.201368048143861778e-06,-3.535609791516930445e-05,1.398915839316561271e-05
1.232061734523251406e+00,-1.096185863785902603e-01,2.913817033943673362e-03,-8.980673309719189312e-06,-3.372530355282010728e-05,5.198892809227251277e-06,-3.555608595186277032e-05,1.408750481947385058e-05
1.232613297472055613e+00,-1.100493202260559022e-01,2.935499525183134228e-03,-8.948514553297481910e-06,-3.398694578568561830e-05,5.196117624173268723e-06,-3.575623698925944893e-05,1.418597698500667637e-05
1.233167042904691257e+00,-1.104803882039379764e-01,2.957262885447231593e-03,-8.913924972667186530e-06,-3.425005359367072622e-05,5.193041894099859057e-06,-3.595654814896737106e-05,1.428457058265386603e-05
1.233722972849013555e+00,-1.109117916531583425e-01,2.979107099680994297e-03,-8.876861114323619795e-06,-3.451463657136444318e-05,5.189665015878364152e-06,-3.615701655253905633e-05,1.438328127335852802e-05
1.234281089342630366e+00,-1.113435319161097392e-01,3.001032152204111125e-03,-8.837279014989318782e-06,-3.478070440708636024e-05,5.185986381717189175e-06,-3.635763932105517959e-05,1.448210468608934764e-05
1.234841394432934614e+00,-1.117756103366633474e-01,3.023038026702236369e-03,-8.795134196479259536e-06,-3.504826688406625923e-05,5.182005378939757989e-06,-3.655841357486783183e-05,1.458103641740343681e-05
1.235403890177141140e+00,-1.122080282601760765e-01,3.045124706217712529e-03,-8.750381660815875762e-06,-3.531733388134616902e-05,5.177721389679201813e-06,-3.675933643320500321e-05,1.468007203130061722e-05
1.235968578642318239e+00,-1.126407870334978772e-01,3.067292173140473421e-03,-8.702975884664065909e-06,-3.558791537522365545e-05,5.173133790600803472e-06,-3.696040501371955500e-05,1.477920705896668130e-05
1.236535461905424516e+00,-1.130738880049789452e-01,3.089540409198711368e-03,-8.652870814182533898e-06,-3.586002144019551086e-05,5.168241952666075001e-06,-3.716161643225329714e-05,1.487843699832930300e-05
1.237104542053342637e+00,-1.135073325244770615e-01,3.111869395449565201e-03,-8.600019859944518785e-06,-3.613366224998471044e-05,5.163045241007857555e-06,-3.736296780243453242e-05,1.497775731393313770e-05
1.237675821182916192e+00,-1.139411219433651701e-01,3.134279112269836021e-03,-8.544375891331168482e-06,-3.640884807895594655e-05,5.157543014555621141e-06,-3.756445623538662293e-05,1.507716343654430524e-05
1.238249301400984326e+00,-1.143752576145384142e-01,3.156769539346335196e-03,-8.485891231313491545e-06,-3.668558930335075186e-05,5.151734625841175585e-06,-3.776607883915900077e-05,1.517665076287977310e-05
1.238824984824416164e+00,-1.148097408924218243e-01,3.179340655666378079e-03,-8.424517650817975323e-06,-3.696389640216179995e-05,5.145619420665603627e-06,-3.796783271851900121e-05,1.527621465536449508e-05
1.239402873580149667e+00,-1.152445731329781176e-01,3.201992439508236088e-03,-8.360206363106081895e-06,-3.724377995847905076e-05,5.139196737863338527e-06,-3.816971497465349028e-05,1.537585044188854999e-05
1.239982969805225821e+00,-1.156797556937147198e-01,3.224724868431193270e-03,-8.292908018611711007e-06,-3.752525066082201821e-05,5.132465909288286277e-06,-3.837172270473865332e-05,1.547555341521733574e-05
1.240565275646827281e+00,-1.161152899336911071e-01,3.247537919266130224e-03,-8.222572699098651405e-06,-3.780831930423611542e-05,5.125426259397491968e-06,-3.857385300148202800e-05,1.557531883293605812e-05
1.241149793262313228e+00,-1.165511772135266466e-01,3.270431568105219844e-03,-8.149149912026198983e-06,-3.809299679165267793e-05,5.118077104834806157e-06,-3.877610295285188746e-05,1.567514191709584725e-05
1.241736524819258225e+00,-1.169874188954086180e-01,3.293405790292074087e-03,-8.072588584692730329e-06,-3.837929413505469789e-05,5.110417754444762650e-06,-3.897846964177192897e-05,1.577501785390150735e-05
1.242325472495489525e+00,-1.174240163430989997e-01,3.316460560411807479e-03,-7.992837058753976542e-06,-3.866722245662868040e-05,5.102447508981144964e-06,-3.918095014564249023e-05,1.587494179327436639e-05
1.242916638479123259e+00,-1.178609709219428647e-01,3.339595852280677346e-03,-7.909843084033529870e-06,-3.895679299024956688e-05,5.094165660940452867e-06,-3.938354153606299368e-05,1.597490884856778148e-05
1.243510024968605299e+00,-1.182982839988754309e-01,3.362811638935883640e-03,-7.823553812971728583e-06,-3.924801708263259137e-05,5.085571494201079901e-06,-3.958624087837397942e-05,1.607491409628958312e-05
1.244105634172747887e+00,-1.187359569424299433e-01,3.386107892625243865e-03,-7.733915794574941494e-06,-3.954090619466554823e-05,5.076664283787390985e-06,-3.978904523147669403e-05,1.617495257570655820e-05
1.244703468310768946e+00,-1.191739911227456539e-01,3.409484584796916573e-03,-7.640874968198319017e-06,-3.983547190268554861e-05,5.067443295675433390e-06,-3.999195164722246787e-05,1.627501928863628322e-05
1.245303529612330484e+00,-1.196123879115756211e-01,3.432941686088833433e-03,-7.544376657897533534e-06,-4.013172589996394368e-05,5.057907786654158855e-06,-4.019495717023230386e-05,1.637510919882956273e-05
1.245905820317579238e+00,-1.200511486822939955e-01,3.456479166317964757e-03,-7.444365566142141510e-06,-4.042967999789981448e-05,5.048057003992356684e-06,-4.039805883742503267e-05,1.647521723184552922e-05
1.246510342677184635e+00,-1.204902748099042353e-01,3.480096994469626670e-03,-7.340785767626090141e-06,-4.072934612728285053e-05,5.037890185216609140e-06,-4.060125367771894034e-05,1.657533827467000398e-05
1.247117098952379877e+00,-1.209297676710471281e-01,3.503795138686656430e-03,-7.233580702925568318e-06,-4.103073633984766211e-05,5.027406557958635780e-06,-4.080453871166400681e-05,1.667546717522283561e-05
1.247726091415002347e+00,-1.213696286440083816e-01,3.527573566258705717e-03,-7.122693172434413356e-06,-4.133386280956441450e-05,5.016605339691615484e-06,-4.100791095099087791e-05,1.677559874208034429e-05
1.248337322347533807e+00,-1.218098591087265342e-01,3.551432243611110651e-03,-7.008065329772161789e-06,-4.163873783413762908e-05,5.005485737508141852e-06,-4.121136739833330953e-05,1.687572774408674370e-05
1.248950794043140800e+00,-1.222504604468009071e-01,3.575371136293789553e-03,-6.889638675830478398e-06,-4.194537383610252856e-05,4.994046947787156299e-06,-4.141490504687428409e-05,1.697584891006964636e-05
1.249566508805716403e+00,-1.226914340414999721e-01,3.599390208970168481e-03,-6.767354051959162398e-06,-4.225378336450424932e-05,4.982288156193948048e-06,-4.161852087987416571e-05,1.707595692831964662e-05
1.250184468949921968e+00,-1.231327812777687908e-01,3.623489425405822251e-03,-6.641151633596242831e-06,-4.256397909629949794e-05,4.970208537360965018e-06,-4.182221187035151111e-05,1.717604644620868148e-05
1.250804676801229309e+00,-1.235745035422377985e-01,3.647668748456997512e-03,-6.510970923398473609e-06,-4.287597383782759675e-05,4.957807254610258063e-06,-4.202597498072918603e-05,1.727611206994023041e-05
1.251427134695961563e+00,-1.240166022232302434e-01,3.671928140059246837e-03,-6.376750744982451202e-06,-4.318978052607336249e-05,4.945083459662047431e-06,-4.222980716245272603e-05,1.737614836407053165e-05
1.252051844981336703e+00,-1.244590787107704155e-01,3.696267561215764441e-03,-6.238429236166131986e-06,-4.350541223020754078e-05,4.932036292829011792e-06,-4.243370535565726964e-05,1.747614985102285967e-05
1.252678810015511068e+00,-1.249019343965924178e-01,3.720686971985819047e-03,-6.095943841946671604e-06,-4.382288215321050728e-05,4.918664882253009907e-06,-4.263766648873040799e-05,1.757611101081690830e-05
1.253308032167620434e+00,-1.253451706741475491e-01,3.745186331472805108e-03,-5.949231307991742490e-06,-4.414220363331555763e-05,4.904968344099369659e-06,-4.284168747793748455e-05,1.767602628058306813e-05
1.253939513817826201e+00,-1.257887889386129499e-01,3.769765597812411995e-03,-5.798227673423084205e-06,-4.446339014542444179e-05,4.890945782112798845e-06,-4.304576522708158937e-05,1.777589005415997070e-05
1.254573257357356475e+00,-1.262327905868995959e-01,3.794424728160515625e-03,-5.642868264085776353e-06,-4.478645530270330966e-05,4.876596287492485082e-06,-4.324989662705946980e-05,1.787569668176836046e-05
1.255209265188553136e+00,-1.266771770176612077e-01,3.819163678681278262e-03,-5.483087685415055645e-06,-4.511141285810926771e-05,4.861918938739440144e-06,-4.345407855561173038e-05,1.797544046942822771e-05
1.255847539724915141e+00,-1.271219496313018560e-01,3.843982404534457276e-03,-5.318819815455788635e-06,-4.543827670590305789e-05,4.846912801240166324e-06,-4.365830787686486580e-05,1.807511567862574164e-05
1.256488083391142485e+00,-1.275671098299849815e-01,3.868880859863546573e-03,-5.149997797743166572e-06,-4.576706088320336985e-05,4.831576927349923167e-06,-4.386258144096349954e-05,1.817471652588997788e-05
1.257130898623182613e+00,-1.280126590176412227e-01,3.893858997783175568e-03,-4.976554033878088923e-06,-4.609777957162441986e-05,4.815910355962516043e-06,-4.406689608368180577e-05,1.827423718230719585e-05
1.257775987868277046e+00,-1.284585985999772972e-01,3.918916770366424884e-03,-4.798420176393980441e-06,-4.643044709896904099e-05,4.799912112385396057e-06,-4.427124862600023691e-05,1.837367177306981070e-05
1.258423353585005122e+00,-1.289049299844842178e-01,3.944054128632308587e-03,-4.615527121332174687e-06,-4.676507794067197299e-05,4.783581208089859871e-06,-4.447563587380021222e-05,1.847301437706699856e-05
1.259072998243331742e+00,-1.293516545804460627e-01,3.969271022532777637e-03,-4.427805000789541978e-06,-4.710168672145131907e-05,4.766916640461249521e-06,-4.468005461748941753e-05,1.857225902650305738e-05
1.259724924324654438e+00,-1.297987737989481360e-01,3.994567400939945390e-03,-4.235183175632650787e-06,-4.744028821690449149e-05,4.749917392743441269e-06,-4.488450163153689942e-05,1.867139970629372314e-05
1.260379134321849559e+00,-1.302462890528860995e-01,4.019943211632973079e-03,-4.037590227587428693e-06,-4.778089735534007954e-05,4.732582433761289842e-06,-4.508897367417469271e-05,1.877043035360126400e-05
1.261035630739320235e+00,-1.306942017569742154e-01,4.045398401285003886e-03,-3.834953951800668115e-06,-4.812352921938767292e-05,4.714910717601439316e-06,-4.529346748691209790e-05,1.886934485752223001e-05
1.261694416093044557e+00,-1.311425133277540067e-01,4.070932915449750056e-03,-3.627201349262754171e-06,-4.846819904748278507e-05,4.696901183542934177e-06,-4.549797979421649208e-05,1.896813705855315835e-05
1.262355492910622878e+00,-1.315912251836032776e-01,4.096546698548378385e-03,-3.414258618800181111e-06,-4.881492223580974343e-05,4.678552755807419139e-06,-4.570250730308311748e-05,1.906680074802852287e-05
1.263018863731327768e+00,-1.320403387447446342e-01,4.122239693855597742e-03,-3.196051149192968843e-06,-4.916371433999477958e-05,4.659864343295461175e-06,-4.590704670272977017e-05,1.916532966766970603e-05
1.263684531106152198e+00,-1.324898554332542000e-01,4.148011843486412720e-03,-2.972503511472490700e-06,-4.951459107667421922e-05,4.640834839544916157e-06,-4.611159466413883301e-05,1.926371750920335968e-05
1.264352497597858616e+00,-1.329397766730705532e-01,4.173863088382016862e-03,-2.743539450844600935e-06,-4.986756832532635020e-05,4.621463122314595218e-06,-4.631614783962706428e-05,1.936195791371608799e-05
1.265022765781030234e+00,-1.333901038900037195e-01,4.199793368296247942e-03,-2.509081878529495491e-06,-5.022266213011716829e-05,4.601748053528753601e-06,-4.652070286254028630e-05,1.946004447125893044e-05
1.265695338242119439e+00,-1.338408385117440258e-01,4.225802621781245272e-03,-2.269052863615450555e-06,-5.057988870164897843e-05,4.581688478985657120e-06,-4.672525634672602957e-05,1.955797072032000594e-05
1.266370217579500190e+00,-1.342919819678708993e-01,4.251890786173329051e-03,-2.023373624829294393e-06,-5.093926441865348487e-05,4.561283228191048700e-06,-4.692980488626291580e-05,1.965573014731103463e-05
1.267047406403517318e+00,-1.347435356898619985e-01,4.278057797579039312e-03,-1.771964522320756963e-06,-5.130080582990692584e-05,4.540531114205492713e-06,-4.713434505503738547e-05,1.975331618603304307e-05
1.267726907336539366e+00,-1.351955011111021232e-01,4.304303590860390771e-03,-1.514745049252530507e-06,-5.166452965599255265e-05,4.519430933352941437e-06,-4.733887340628573082e-05,1.985072221716288610e-05
1.268408723013009665e+00,-1.356478796668924569e-01,4.330628099620405236e-03,-1.251633823126652167e-06,-5.203045279128515332e-05,4.497981464984812661e-06,-4.754338647228184556e-05,1.994794156778834093e-05
1.269092856079498732e+00,-1.361006727944598094e-01,4.357031256188491353e-03,-9.825485775549758216e-07,-5.239859230557475378e-05,4.476181471424478531e-06,-4.774788076383068569e-05,2.004496751078360672e-05
1.269779309194757788e+00,-1.365538819329650821e-01,4.383512991605789666e-03,-7.074061536826992125e-07,-5.276896544623155272e-05,4.454029697661954224e-06,-4.795235276987969142e-05,2.014179326434439865e-05
1.270468085029769822e+00,-1.370075085235132328e-01,4.410073235609872355e-03,-4.261224910845351488e-07,-5.314158963989901174e-05,4.431524871104097762e-06,-4.815679895717184245e-05,2.023841199144671421e-05
1.271159186267805774e+00,-1.374615540091622679e-01,4.436711916619803797e-03,-1.386126191327274881e-07,-5.351648249439511229e-05,4.408665701380320989e-06,-4.836121576985014103e-05,2.033481679929172170e-05
1.271852615604476489e+00,-1.379160198349324573e-01,4.463428961721062349e-03,1.552093516488106673e-07,-5.389366180083565716e-05,4.385450880314833988e-06,-4.856559962895107274e-05,2.043100073869513755e-05
1.272548375747787786e+00,-1.383709074478156609e-01,4.490224296649976410e-03,4.554302387299591359e-07,-5.427314553542450515e-05,4.361879081524189239e-06,-4.876994693205072284e-05,2.052695680358762598e-05
1.273246469418195748e+00,-1.388262182967850422e-01,4.517097845778320075e-03,7.621377966088305200e-07,-5.465495186146585027e-05,4.337948960222992589e-06,-4.897425405278599264e-05,2.062267793048744302e-05
1.273946899348661788e+00,-1.392819538328039508e-01,4.544049532097506339e-03,1.075420725957232371e-06,-5.503909913136262322e-05,4.313659153085125375e-06,-4.917851734051459367e-05,2.071815699783430276e-05
1.274649668284707271e+00,-1.397381155088355253e-01,4.571079277202953761e-03,1.395368682627351475e-06,-5.542560588862877058e-05,4.289008278063333179e-06,-4.938273311989871406e-05,2.081338682552447139e-05
1.275354778984471693e+00,-1.401947047798527968e-01,4.598187001278265795e-03,1.722072287199671869e-06,-5.581449086991541186e-05,4.263994934028403350e-06,-4.958689769041235706e-05,2.090836017431402238e-05
1.276062234218767300e+00,-1.406517231028471815e-01,4.625372623078764789e-03,2.055623134253337092e-06,-5.620577300691209643e-05,4.238617700741409422e-06,-4.979100732605684643e-05,2.100306974509719149e-05
1.276772036771138374e+00,-1.411091719368390840e-01,4.652636059915428446e-03,2.396113801761412532e-06,-5.659947142870602743e-05,4.212875138576155365e-06,-4.999505827471550923e-05,2.109750817849004312e-05
1.277484189437916307e+00,-1.415670527428872782e-01,4.679977227638576487e-03,2.743637860791459104e-06,-5.699560546364168534e-05,4.186765788269375399e-06,-5.019904675789693682e-05,2.119166805415045873e-05
1.278198695028279763e+00,-1.420253669840981225e-01,4.707396040621307509e-03,3.098289884956306750e-06,-5.739419464136086280e-05,4.160288170809711694e-06,-5.040296897024926226e-05,2.128554189016057530e-05
1.278915556364312200e+00,-1.424841161256356348e-01,4.734892411742602780e-03,3.460165460378306079e-06,-5.779525869514801073e-05,4.133440786951991797e-06,-5.060682107913688776e-05,2.137912214258963495e-05
1.279634776281060482e+00,-1.429433016347315122e-01,4.762466252370554931e-03,3.829361195487046565e-06,-5.819881756394251759e-05,4.106222117369884295e-06,-5.081059922418945662e-05,2.147240120460580659e-05
1.280356357626595498e+00,-1.434029249806945683e-01,4.790117472345582772e-03,4.205974730733808009e-06,-5.860489139440649975e-05,4.078630622308954123e-06,-5.101429951687858066e-05,2.156537140603209668e-05
1.281080303262071229e+00,-1.438629876349210024e-01,4.817845979962966096e-03,4.590104748819490155e-06,-5.901350054324239203e-05,4.050664741295229021e-06,-5.121791804011538440e-05,2.165802501268021540e-05
1.281806616061785586e+00,-1.443234910709042529e-01,4.845651681955741308e-03,4.981850984742131061e-06,-5.942466557951053829e-05,4.022322893010299438e-06,-5.142145084777172137e-05,2.175035422577464850e-05
1.282535298913240362e+00,-1.447844367642445729e-01,4.873534483476917034e-03,5.381314236052592292e-06,-5.983840728647493723e-05,3.993603475013762782e-06,-5.162489396418057375e-05,2.184235118118937891e-05
1.283266354717204294e+00,-1.452458261926592997e-01,4.901494288082050566e-03,5.788596372971466231e-06,-6.025474666411512192e-05,3.964504863535056600e-06,-5.182824338376829099e-05,2.193400794896216421e-05
1.283999786387774122e+00,-1.457076608359934577e-01,4.929530997711456530e-03,6.203800349047217111e-06,-6.067370493129109477e-05,3.935025413306925124e-06,-5.203149507059662282e-05,2.202531653251738053e-05
1.284735596852436545e+00,-1.461699421762291951e-01,4.957644512672047810e-03,6.627030211370232848e-06,-6.109530352814418475e-05,3.905163457343374667e-06,-5.223464495790475226e-05,2.211626886809009429e-05
1.285473789052131277e+00,-1.466326716974962197e-01,4.985834731619342985e-03,7.058391111508521831e-06,-6.151956411831749350e-05,3.874917306592728927e-06,-5.243768894761663413e-05,2.220685682406686734e-05
1.286214365941316107e+00,-1.470958508860820135e-01,5.014101551538946433e-03,7.497989315832787049e-06,-6.194650859116246355e-05,3.844285249965384565e-06,-5.264062290993853921e-05,2.229707220021553971e-05
1.286957330488028406e+00,-1.475594812304422132e-01,5.042444867728076985e-03,7.945932216785189794e-06,-6.237615906425075796e-05,3.813265553848088629e-06,-5.284344268285945390e-05,2.238690672717869035e-05
1.287702685673951297e+00,-1.480235642212107128e-01,5.070864573777013329e-03,8.402328343218301576e-06,-6.280853788567797302e-05,3.781856462020671827e-06,-5.304614407170005208e-05,2.247635206565484767e-05
1.288450434494478491e+00,-1.484881013512103776e-01,5.099360561550331239e-03,8.867287371747134550e-06,-6.324366763635347333e-05,3.750056195461759501e-06,-5.324872284871717820e-05,2.256539980573929460e-05
1.289200579958779347e+00,-1.489530941154634525e-01,5.127932721167620389e-03,9.340920137865249551e-06,-6.368157113259553803e-05,3.717862952057338077e-06,-5.345117475250710237e-05,2.265404146631344595e-05
1.289953125089864372e+00,-1.494185440112019148e-01,5.156580940984471784e-03,9.823338647088619702e-06,-6.412227142857385154e-05,3.685274906406466044e-06,-5.365349548756143117e-05,2.274226849427463115e-05
1.290708072924654282e+00,-1.498844525378780212e-01,5.185305107573104366e-03,1.031465608615500518e-05,-6.456579181855770511e-05,3.652290209529840403e-06,-5.385568072391322403e-05,2.283007226383526600e-05
1.291465426514043724e+00,-1.503508211971747999e-01,5.214105105702679377e-03,1.081498683454251708e-05,-6.501215583941399867e-05,3.618906988786529944e-06,-5.405772609651249283e-05,2.291744407580120768e-05
1.292225188922972112e+00,-1.508176514930171241e-01,5.242980818319677161e-03,1.132444647601593690e-05,-6.546138727332728724e-05,3.585123347527030546e-06,-5.425962720481680712e-05,2.300437515691949875e-05
1.292987363230490239e+00,-1.512849449315820938e-01,5.271932126527871521e-03,1.184315181039508058e-05,-6.591351015021451598e-05,3.550937364843465005e-06,-5.446137961231944935e-05,2.309085665912202767e-05
1.293751952529829552e+00,-1.517527030213098316e-01,5.300958909568123656e-03,1.237122086512887353e-05,-6.636854875009812194e-05,3.516347095250393906e-06,-5.466297884604981450e-05,2.317687965879000611e-05
1.294518959928470991e+00,-1.522209272729145302e-01,5.330061044798384273e-03,1.290877290720249260e-05,-6.682652760589546936e-05,3.481350568837471293e-06,-5.486442039610156529e-05,2.326243515597681277e-05
1.295288388548216041e+00,-1.526896191993950824e-01,5.359238407672876903e-03,1.345592845501675239e-05,-6.728747150593072934e-05,3.445945790631066430e-06,-5.506569971502200955e-05,2.334751407372798182e-05
1.296060241525257561e+00,-1.531587803160463501e-01,5.388490871721746123e-03,1.401280929058668079e-05,-6.775140549650227051e-05,3.410130740552630435e-06,-5.526681221752066664e-05,2.343210725730404675e-05
1.296834522010248847e+00,-1.536284121404696834e-01,5.417818308529685767e-03,1.457953847186499452e-05,-6.821835488467209441e-05,3.373903373071751588e-06,-5.546775327978925585e-05,2.351620547340338430e-05
1.297611233168377343e+00,-1.540985161925843006e-01,5.447220587715330409e-03,1.515624034489904126e-05,-6.868834524086098181e-05,3.337261617081255238e-06,-5.566851823906454610e-05,2.359979940941281384e-05
1.298390378179435700e+00,-1.545690939946386122e-01,5.476697576909883569e-03,1.574304055605713071e-05,-6.916140240141588347e-05,3.300203375619648050e-06,-5.586910239317038895e-05,2.368287967269983030e-05
1.299171960237896606e+00,-1.550401470712209906e-01,5.506249141735426733e-03,1.634006606500426617e-05,-6.963755247151037775e-05,3.262726525565806668e-06,-5.606950099996260706e-05,2.376543678966197559e-05
1.299955982552983835e+00,-1.555116769492712048e-01,5.535875145783457352e-03,1.694744515719215361e-05,-7.011682182778145034e-05,3.224828917347544177e-06,-5.626970927674612710e-05,2.384746120524805502e-05
1.300742448348747970e+00,-1.559836851580915507e-01,5.565575450592726015e-03,1.756530745657125525e-05,-7.059923712104954063e-05,3.186508374747321071e-06,-5.646972239992109621e-05,2.392894328188260866e-05
1.301531360864140563e+00,-1.564561732293582585e-01,5.595349915627434445e-03,1.819378393859427678e-05,-7.108482527920512162e-05,3.147762694860611887e-06,-5.666953550434450371e-05,2.400987329868875531e-05
1.302322723353090295e+00,-1.569291426971332337e-01,5.625198398254954713e-03,1.883300694323353230e-05,-7.157361351005364636e-05,3.108589647624060426e-06,-5.686914368277506959e-05,2.409024145082205859e-05
1.303116539084577585e+00,-1.574025950978752419e-01,5.655120753723069660e-03,1.948311018813708717e-05,-7.206562930402171663e-05,3.068986975426901687e-06,-5.706854198542221646e-05,2.417003784863785976e-05
1.303912811342712974e+00,-1.578765319704515391e-01,5.685116835137463132e-03,2.014422878188204535e-05,-7.256090043721019622e-05,3.028952393194228598e-06,-5.726772541941871353e-05,2.424925251672677140e-05
1.304711543426812614e+00,-1.583509548561495006e-01,5.715186493438814685e-03,2.081649923744988140e-05,-7.305945497408650180e-05,2.988483587942902808e-06,-5.746668894827250407e-05,2.432787539323466586e-05
1.305512738651477100e+00,-1.588258652986879182e-01,5.745329577379387764e-03,2.150005948563238345e-05,-7.356132127063486070e-05,2.947578218406854411e-06,-5.766542749124220490e-05,2.440589632901613015e-05
1.306316400346670292e+00,-1.593012648442293511e-01,5.775545933499895424e-03,2.219504888874290760e-05,-7.406652797703472402e-05,2.906233915064837525e-06,-5.786393592294158950e-05,2.448330508665608196e-05
1.307122531857797698e+00,-1.597771550413916164e-01,5.805835406105970542e-03,2.290160825448028792e-05,-7.457510404082490219e-05,2.864448279626952143e-06,-5.806220907268733189e-05,2.456009133979669690e-05
1.307931136545787520e+00,-1.602535374412596136e-01,5.836197837244212760e-03,2.361987984995927992e-05,-7.508707870990116717e-05,2.822218884881988465e-06,-5.826024172397165080e-05,2.463624467215208558e-05
1.308742217787169704e+00,-1.607304135973973147e-01,5.866633066678200725e-03,2.435000741540793712e-05,-7.560248153549997685e-05,2.779543274364359995e-06,-5.845802861387944249e-05,2.471175457673113751e-05
1.309555778974157869e+00,-1.612077850658596712e-01,5.897140931864150448e-03,2.509213617871153268e-05,-7.612134237533485503e-05,2.736418962034914415e-06,-5.865556443256092489e-05,2.478661045492852599e-05
1.310371823514732359e+00,-1.616856534052047989e-01,5.927721267926421012e-03,2.584641286951239181e-05,-7.664369139653848251e-05,2.692843432294811379e-06,-5.885284382269734271e-05,2.486080161561571300e-05
1.311190354832720173e+00,-1.621640201765061073e-01,5.958373907633034150e-03,2.661298573389259126e-05,-7.716955907884071042e-05,2.648814139249999755e-06,-5.904986137893197817e-05,2.493431727426664857e-05
1.312011376367880899e+00,-1.626428869433645674e-01,5.989098681370569333e-03,2.739200454884849201e-05,-7.769897621784371822e-05,2.604328506766728779e-06,-5.924661164713462824e-05,2.500714655216673687e-05
1.312834891575989094e+00,-1.631222552719203966e-01,6.019895417118947822e-03,2.818362063670976081e-05,-7.823197392808900474e-05,2.559383928180114509e-06,-5.944308912403384326e-05,2.507927847527485765e-05
1.313660903928918877e+00,-1.636021267308662153e-01,6.050763940425883669e-03,2.898798688065473694e-05,-7.876858364623540165e-05,2.513977765766783889e-06,-5.963928825656467092e-05,2.515070197353641568e-05
1.314489416914730313e+00,-1.640825028914590922e-01,6.081704074381702463e-03,2.980525773914333154e-05,-7.930883713425096460e-05,2.468107350814263690e-06,-5.983520344123721690e-05,2.522140587986332338e-05
1.315320434037754449e+00,-1.645633853275330072e-01,6.112715639593015171e-03,3.063558926139076100e-05,-7.985276648291017576e-05,2.421769982968724477e-06,-6.003082902362316675e-05,2.529137892921112796e-05
1.316153958818681247e+00,-1.650447756155112577e-01,6.143798454156496058e-03,3.147913910267474691e-05,-8.040040411487481276e-05,2.374962930068447164e-06,-6.022615929761332421e-05,2.536060975769083292e-05
1.316989994794645735e+00,-1.655266753344191710e-01,6.174952333632785506e-03,3.233606653972598277e-05,-8.095178278806625105e-05,2.327683428018922918e-06,-6.042118850500821647e-05,2.542908690153500295e-05
1.317828545519317274e+00,-1.660090860658968714e-01,6.206177091019671188e-03,3.320653248621574516e-05,-8.150693559899613305e-05,2.279928680098963767e-06,-6.061591083475481589e-05,2.549679879629979107e-05
1.318669614562987924e+00,-1.664920093942121038e-01,6.237472536725144345e-03,3.409069950872922750e-05,-8.206589598630520399e-05,2.231695857099480484e-06,-6.081032042241224511e-05,2.556373377570614336e-05
1.319513205512663490e+00,-1.669754469062729174e-01,6.268838478540553205e-03,3.498873184233641798e-05,-8.262869773399683648e-05,2.182982096782248860e-06,-6.100441134957584888e-05,2.562988007077243724e-05
1.320359321972151445e+00,-1.674594001916408503e-01,6.300274721612951490e-03,3.590079540698176697e-05,-8.319537497498974421e-05,2.133784503546842792e-06,-6.119817764312085462e-05,2.569522580889160857e-05
1.321207967562155527e+00,-1.679438708425429749e-01,6.331781068417162428e-03,3.682705782356854307e-05,-8.376596219455967329e-05,2.084100148125322960e-06,-6.139161327472358876e-05,2.575975901276256197e-05
1.322059145920364109e+00,-1.684288604538859702e-01,6.363357318728384004e-03,3.776768843009870036e-05,-8.434049423389211597e-05,2.033926067485092304e-06,-6.158471216011207616e-05,2.582346759937709235e-05
1.322912860701547011e+00,-1.689143706232691944e-01,6.395003269593843576e-03,3.872285829843724603e-05,-8.491900629362114650e-05,1.983259264107251063e-06,-6.177746815853174533e-05,2.588633937909701199e-05
1.323769115577644984e+00,-1.694004029509973974e-01,6.426718715304084728e-03,3.969274025093783020e-05,-8.550153393722947914e-05,1.932096705931085623e-06,-6.196987507203072232e-05,2.594836205468270540e-05
1.324627914237867632e+00,-1.698869590400944318e-01,6.458503447364379035e-03,4.067750887727650255e-05,-8.608811309503139331e-05,1.880435326034879395e-06,-6.216192664483533026e-05,2.600952322007188400e-05
1.325489260388786672e+00,-1.703740404963161037e-01,6.490357254465901893e-03,4.167734055125771331e-05,-8.667878006762830267e-05,1.828272022233456973e-06,-6.235361656269783337e-05,2.606981035952610215e-05
1.326353157754431855e+00,-1.708616489281640782e-01,6.522279922456193646e-03,4.269241344806440352e-05,-8.727357152948922447e-05,1.775603656717361645e-06,-6.254493845225805870e-05,2.612921084652747306e-05
1.327219610076388445e+00,-1.713497859468992579e-01,6.554271234309731742e-03,4.372290756164687320e-05,-8.787252453272553776e-05,1.722427055733666279e-06,-6.273588588032175117e-05,2.618771194275865133e-05
1.328088621113894252e+00,-1.718384531665554105e-01,6.586330970098128179e-03,4.476900472220879390e-05,-8.847567651099064179e-05,1.668739009197395262e-06,-6.292645235322913422e-05,2.624530079704812113e-05
1.328960194643938442e+00,-1.723276522039525749e-01,6.618458906959980015e-03,4.583088861372097700e-05,-8.908306528301879190e-05,1.614536270483357683e-06,-6.311663131618183709e-05,2.630196444425303426e-05
1.329834334461360790e+00,-1.728173846787112722e-01,6.650654819070324353e-03,4.690874479185147550e-05,-8.969472905667741358e-05,1.559815555843280244e-06,-6.330641615259063881e-05,2.635768980426000940e-05
1.330711044378952046e+00,-1.733076522132661057e-01,6.682918477610245989e-03,4.800276070167364129e-05,-9.031070643256144947e-05,1.504573544391929474e-06,-6.349580018338851772e-05,2.641246368079164242e-05
1.331590328227553854e+00,-1.737984564328793891e-01,6.715249650735666265e-03,4.911312569622072743e-05,-9.093103640815669575e-05,1.448806877440977914e-06,-6.368477666621880084e-05,2.646627276038648890e-05
1.332472189856162004e+00,-1.742897989656556901e-01,6.747648103546215193e-03,5.024003105459640128e-05,-9.155575838173946046e-05,1.392512158110426057e-06,-6.387333879483148014e-05,2.651910361139986350e-05
1.333356633132027014e+00,-1.747816814425558474e-01,6.780113598053590096e-03,5.138367000041832444e-05,-9.218491215606805511e-05,1.335685951134313321e-06,-6.406147969841013978e-05,2.657094268273402227e-05
1.334243661940760273e+00,-1.752741054974106538e-01,6.812645893149567311e-03,5.254423772058092190e-05,-9.281853794261551993e-05,1.278324782513773350e-06,-6.424919244084337233e-05,2.662177630272100082e-05
1.335133280186436622e+00,-1.757670727669357613e-01,6.845244744574138784e-03,5.372193138417080682e-05,-9.345667636556642677e-05,1.220425138975800294e-06,-6.443647001992680590e-05,2.667159067808178019e-05
1.336025491791700048e+00,-1.762605848907454753e-01,6.877909904882684167e-03,5.491695016128506079e-05,-9.409936846584143755e-05,1.161983467667937475e-06,-6.462330536674554260e-05,2.672037189269116375e-05
1.336920300697870267e+00,-1.767546435113673264e-01,6.910641123413489850e-03,5.612949524240462562e-05,-9.474665570523288505e-05,1.102996175755821540e-06,-6.480969134482761351e-05,2.676810590651612642e-05
1.337817710865049747e+00,-1.772492502742571974e-01,6.943438146254497789e-03,5.735976985793422855e-05,-9.539857997065137596e-05,1.043459630020726614e-06,-6.499562074951253932e-05,2.681477855442926383e-05
1.338717726272230735e+00,-1.777444068278131173e-01,6.976300716209846153e-03,5.860797929743699619e-05,-9.605518357809483820e-05,9.833701564709862453e-07,-6.518108630720886865e-05,2.686037554502918034e-05
1.339620350917405833e+00,-1.782401148233901944e-01,7.009228572766326715e-03,5.987433092950744662e-05,-9.671650927700614631e-05,9.227240399534153426e-07,-6.536608067458232751e-05,2.690488245936373257e-05
1.340525588817676805e+00,-1.787363759153154374e-01,7.042221452059155284e-03,6.115903422207469298e-05,-9.738260025471401349e-05,8.615175237647321183e-07,-6.555059643777172429e-05,2.694828474993082867e-05
1.341433444009365594e+00,-1.792331917609028547e-01,7.075279086837756026e-03,6.246230076208114657e-05,-9.805350014033265005e-05,7.997468091658355149e-07,-6.573462611172975478e-05,2.699056773932534403e-05
1.342343920548125347e+00,-1.797305640204680532e-01,7.108401206430886576e-03,6.378434427622980962e-05,-9.872925300943857785e-05,7.374080549238382076e-07,-6.591816213935564051e-05,2.703171661912195933e-05
1.343257022509055432e+00,-1.802284943573437270e-01,7.141587536711728468e-03,6.512538065116257879e-05,-9.940990338835886675e-05,6.744973769512441208e-07,-6.610119689080123928e-05,2.707171644861922077e-05
1.344172753986812019e+00,-1.807269844378943113e-01,7.174837800062672244e-03,6.648562795430468242e-05,-1.000954962584454933e-04,6.110108480006370968e-07,-6.628372266266613355e-05,2.711055215354196690e-05
1.345091119095724652e+00,-1.812260359315317482e-01,7.208151715339325416e-03,6.786530645497279579e-05,-1.007860770607937884e-04,5.469444970263026562e-07,-6.646573167717884090e-05,2.714820852488947223e-05
1.346012121969911712e+00,-1.817256505107305298e-01,7.241528997834645320e-03,6.926463864526111180e-05,-1.014816917006139407e-04,4.822943088234055153e-07,-6.664721608133639119e-05,2.718467021763093516e-05
1.346935766763396325e+00,-1.822258298510429919e-01,7.274969359242572375e-03,7.068384926169068994e-05,-1.021823865517551555e-04,4.170562235561448006e-07,-6.682816794614104827e-05,2.721992174949117160e-05
1.347862057650224710e+00,-1.827265756311151068e-01,7.308472507621219250e-03,7.212316530641471601e-05,-1.028882084613547132e-04,3.512261362720314750e-07,-6.700857926591335945e-05,2.725394749963222507e-05
1.348790998824583642e+00,-1.832278895327021928e-01,7.342038147355976763e-03,7.358281606906214023e-05,-1.035992047545147843e-04,2.847998965826992190e-07,-6.718844195731377145e-05,2.728673170740436582e-05
1.349722594500922357e+00,-1.837297732406847350e-01,7.375665979121884264e-03,7.506303314884499311e-05,-1.043154232388265878e-04,2.177733079977706154e-07,-6.736774785860016879e-05,2.731825847102076210e-05
1.350656848914070451e+00,-1.842322284430835955e-01,7.409355699845888987e-03,7.656405047645753470e-05,-1.050369122091027174e-04,1.501421276473013933e-07,-6.754648872874663423e-05,2.734851174623909031e-05
1.351593766319361123e+00,-1.847352568310761944e-01,7.443107002668869487e-03,7.808610433666929307e-05,-1.057637204524286556e-04,8.190206568503555218e-08,-6.772465624658996486e-05,2.737747534500845070e-05
1.352533350992753958e+00,-1.852388600990128031e-01,7.476919576906923548e-03,7.962943339084871397e-05,-1.064958972525481551e-04,1.304878476104942564e-08,-6.790224200998312698e-05,2.740513293433832764e-05
1.353475607230957944e+00,-1.857430399444326419e-01,7.510793108012593644e-03,8.119427869975048839e-05,-1.072334923948176089e-04,-5.642210035294858983e-08,-6.807923753501116115e-05,2.743146803470958295e-05
1.354420539351556707e+00,-1.862477980680800060e-01,7.544727277535606680e-03,8.278088374641390246e-05,-1.079765561713685873e-04,-1.265150233048517592e-07,-6.825563425501973702e-05,2.745646401878382159e-05
1.355368151693134626e+00,-1.867531361739209195e-01,7.578721763083412499e-03,8.438949445996324350e-05,-1.087251393859234305e-04,-1.972344667727776724e-07,-6.843142351976166937e-05,2.748010411017520749e-05
1.356318448615404515e+00,-1.872590559691590384e-01,7.612776238280945240e-03,8.602035923828410535e-05,-1.094792933586802297e-04,-2.685849628675240908e-07,-6.860659659448792302e-05,2.750237138200023468e-05
1.357271434499333962e+00,-1.877655591642521382e-01,7.646890372730329177e-03,8.767372897204583904e-05,-1.102390699312116862e-04,-3.405710936738026717e-07,-6.878114465919127340e-05,2.752324875541362070e-05
1.358227113747275450e+00,-1.882726474729292110e-01,7.681063831970258438e-03,8.934985706884890355e-05,-1.110045214718219375e-04,-4.131974917914726930e-07,-6.895505880756547246e-05,2.754271899828297787e-05
1.359185490783097139e+00,-1.887803226122073408e-01,7.715296277434717520e-03,9.104899947719180542e-05,-1.117757008805841945e-04,-4.864688409184081408e-07,-6.912833004612400911e-05,2.756076472383572895e-05
1.360146570052314097e+00,-1.892885863024079685e-01,7.749587366411195277e-03,9.277141471072947176e-05,-1.125526615943922559e-04,-5.603898762529535560e-07,-6.930094929330499198e-05,2.757736838905622268e-05
1.361110356022220413e+00,-1.897974402671745442e-01,7.783936751999384618e-03,9.451736387296183484e-05,-1.133354575923589680e-04,-6.349653852294467882e-07,-6.947290737852052089e-05,2.759251229345061063e-05
1.362076853182023539e+00,-1.903068862334892919e-01,7.818344083068445860e-03,9.628711068228323899e-05,-1.141241434008538613e-04,-7.102002079345526298e-07,-6.964419504125463067e-05,2.760617857752722948e-05
1.363046066042978621e+00,-1.908169259316900013e-01,7.852809004214152122e-03,9.808092149686531425e-05,-1.149187740990958995e-04,-7.860992378150299942e-07,-6.981480293002939597e-05,2.761834922126310543e-05
1.364017999138525061e+00,-1.913275610954878747e-01,7.887331155715777975e-03,9.989906534015047246e-05,-1.157194053242605047e-04,-8.626674220663099746e-07,-6.998472160156532507e-05,2.762900604270229765e-05
1.364992657024423295e+00,-1.918387934619849022e-01,7.921910173492842377e-03,1.017418139261233589e-04,-1.165260932770029179e-04,-9.399097623402630219e-07,-7.015394151975440362e-05,2.763813069656118060e-05
1.365970044278893791e+00,-1.923506247716911532e-01,7.956545689060907922e-03,1.036094416853594602e-04,-1.173388947269260463e-04,-1.017831315286432670e-06,-7.032245305470252728e-05,2.764570467250759833e-05
1.366950165502755610e+00,-1.928630567685426511e-01,7.991237329487158036e-03,1.055022257910737116e-04,-1.181578670180621904e-04,-1.096437193301436075e-06,-7.049024648167478979e-05,2.765170929388410803e-05
1.367933025319568952e+00,-1.933760911999191645e-01,8.025984717345821529e-03,1.074204461854466608e-04,-1.189830680743270142e-04,-1.175732565000808805e-06,-7.065731198017261017e-05,2.765612571610509551e-05
1.368918628375775715e+00,-1.938897298166619709e-01,8.060787470672514665e-03,1.093643856061032871e-04,-1.198145564054314827e-04,-1.255722655801871923e-06,-7.082363963300392085e-05,2.765893492511634078e-05
1.369906979340843600e+00,-1.944039743730917036e-01,8.095645202918735905e-03,1.113343296131469318e-04,-1.206523911121692993e-04,-1.336412748603743594e-06,-7.098921942510355576e-05,2.766011773573662236e-05
1.370898082907409776e+00,-1.949188266270265868e-01,8.130557522905951240e-03,1.133305666160822067e-04,-1.214966318924259880e-04,-1.417808184508984048e-06,-7.115404124258956076e-05,2.765965479034626640e-05
1.371891943791428314e+00,-1.954342883398009767e-01,8.165524034778673390e-03,1.153533879009738250e-04,-1.223473390467022526e-04,-1.499914363337073731e-06,-7.131809487178480955e-05,2.765752655710385088e-05
1.372888566732315629e+00,-1.959503612762831803e-01,8.200544337957714480e-03,1.174030876584103433e-04,-1.232045734841230589e-04,-1.582736744318302691e-06,-7.148136999812065850e-05,2.765371332843352681e-05
1.373887956493099471e+00,-1.964670472048945793e-01,8.235618027092758697e-03,1.194799630112736155e-04,-1.240683967281691613e-04,-1.666280846884804490e-06,-7.164385620507529584e-05,2.764819521951927817e-05
1.374890117860569028e+00,-1.969843478976280038e-01,8.270744692014261878e-03,1.215843140427580460e-04,-1.249388709226723071e-04,-1.750552251197912135e-06,-7.180554297313984646e-05,2.764095216656325960e-05
1.375895055645424803e+00,-1.975022651300656906e-01,8.305923917684990276e-03,1.237164438246673992e-04,-1.258160588377688072e-04,-1.835556598703269593e-06,-7.196641967868039336e-05,2.763196392512740074e-05
1.376902774682432051e+00,-1.980208006813991006e-01,8.341155284151469118e-03,1.258766584465303984e-04,-1.267000238759363739e-04,-1.921299593227177027e-06,-7.212647559289020460e-05,2.762121006862072736e-05
1.377913279830573767e+00,-1.985399563344477092e-01,8.376438366494612375e-03,1.280652670442999908e-04,-1.275908300781974924e-04,-2.007787001351291067e-06,-7.228569988070032704e-05,2.760866998667566019e-05
1.378926575973204782e+00,-1.990597338756779355e-01,8.411772734779901506e-03,1.302825818296354798e-04,-1.284885421299897246e-04,-2.095024653314681018e-06,-7.244408159974569106e-05,2.759432288333696359e-05
1.379942668018210750e+00,-1.995801350952226827e-01,8.447157954007161740e-03,1.325289181191707799e-04,-1.293932253675356137e-04,-2.183018443555062582e-06,-7.260160969909529305e-05,2.757814777545886109e-05
1.380961560898162688e+00,-2.001011617869000725e-01,8.482593584059519576e-03,1.348045943647679934e-04,-1.303049457840460557e-04,-2.271774331638609645e-06,-7.275827301821136128e-05,2.756012349108827308e-05
1.381983259570478184e+00,-2.006228157482336238e-01,8.518079179652658650e-03,1.371099321835073104e-04,-1.312237700361457149e-04,-2.361298342912210302e-06,-7.291406028581831622e-05,2.754022866759131549e-05
1.383007769017580380e+00,-2.011450987804714874e-01,8.553614290282826604e-03,1.394452563877046636e-04,-1.321497654500763952e-04,-2.451596569238989609e-06,-7.306896011871621965e-05,2.751844175001572079e-05
1.384035094247060282e+00,-2.016680126886060131e-01,8.589198460174515826e-03,1.418108950159702175e-04,-1.330830000282334780e-04,-2.542675169872610219e-06,-7.322296102060810163e-05,2.749474098942550349e-05
1.385065240291841970e+00,-2.021915592813945950e-01,8.624831228228102553e-03,1.442071793641280797e-04,-1.340235424554664379e-04,-2.634540372137283981e-06,-7.337605138098973745e-05,2.746910444111072547e-05
1.386098212210343572e+00,-2.027157403713789607e-01,8.660512127966465967e-03,1.466344440162747897e-04,-1.349714621058650810e-04,-2.727198472329828149e-06,-7.352821947386595225e-05,2.744150996275562804e-05
1.387134015086646688e+00,-2.032405577749050729e-01,8.696240687480996656e-03,1.490930268765872091e-04,-1.359268290492127162e-04,-2.820655836385799198e-06,-7.367945345666815360e-05,2.741193521267615285e-05
1.388172654030662700e+00,-2.037660133121440842e-01,8.732016429377625899e-03,1.515832692011026550e-04,-1.368897140576752491e-04,-2.914918900781549027e-06,-7.382974136888736938e-05,2.738035764808521844e-05
1.389214134178301085e+00,-2.042921088071125713e-01,8.767838870722091671e-03,1.541055156298182238e-04,-1.378601886124347642e-04,-3.009994173505670112e-06,-7.397907113104035259e-05,2.734675452330248557e-05
1.390258460691641718e+00,-2.048188460876929629e-01,8.803707522984441369e-03,1.566601142194007368e-04,-1.388383249106561745e-04,-3.105888234627984801e-06,-7.412743054321241365e-05,2.731110288792248930e-05
1.391305638759106067e+00,-2.053462269856546063e-01,8.839621891983458213e-03,1.592474164758689303e-04,-1.398241958721763156e-04,-3.202607737340379401e-06,-7.427480728402352517e-05,2.727337958484399305e-05
1.392355673595629728e+00,-2.058742533366742511e-01,8.875581477829824761e-03,1.618677773876919801e-04,-1.408178751463040612e-04,-3.300159408831104813e-06,-7.442118890922666541e-05,2.723356124861853189e-05
1.393408570442840055e+00,-2.064029269803571709e-01,8.911585774869584808e-03,1.645215554593182361e-04,-1.418194371190922842e-04,-3.398550051117443793e-06,-7.456656285046575627e-05,2.719162430341037773e-05
1.394464334569230690e+00,-2.069322497602589239e-01,8.947634271626835056e-03,1.672091127449676362e-04,-1.428289569202073617e-04,-3.497786541920011594e-06,-7.471091641399196792e-05,2.714754496120630467e-05
1.395522971270340751e+00,-2.074622235239055867e-01,8.983726450745257996e-03,1.699308148824796305e-04,-1.438465104297709241e-04,-3.597875835703590042e-06,-7.485423677938002340e-05,2.710129921996984326e-05
1.396584485868933800e+00,-2.079928501228162363e-01,9.019861788929807445e-03,1.726870311280770398e-04,-1.448721742859093720e-04,-3.698824964468161447e-06,-7.499651099818205324e-05,2.705286286161512344e-05
1.397648883715180812e+00,-2.085241314125237944e-01,9.056039756887450387e-03,1.754781343910744029e-04,-1.459060258917205255e-04,-3.800641038761987112e-06,-7.513772599260920559e-05,2.700221145013337321e-05
1.398716170186841801e+00,-2.090560692525972875e-01,9.092259819267548004e-03,1.783045012686279573e-04,-1.469481434226427297e-04,-3.903331248528152386e-06,-7.527786855420631751e-05,2.694932032959451718e-05
1.399786350689450565e+00,-2.095886655066637738e-01,9.128521434601723217e-03,1.811665120814986984e-04,-1.479986058338933486e-04,-4.006902864325811997e-06,-7.541692534244331947e-05,2.689416462231530858e-05
1.400859430656502091e+00,-2.101219220424297984e-01,9.164824055242673517e-03,1.840645509098709498e-04,-1.490574928675741928e-04,-4.111363238051835012e-06,-7.555488288340378444e-05,2.683671922674990551e-05
1.401935415549638630e+00,-2.106558407317046244e-01,9.201167127302803395e-03,1.869990056292819558e-04,-1.501248850603181806e-04,-4.216719804134294591e-06,-7.569172756839714911e-05,2.677695881560249180e-05
1.403014310858841984e+00,-2.111904234504217714e-01,9.237550090592197560e-03,1.899702679472592415e-04,-1.512008637509359987e-04,-4.322980080434524197e-06,-7.582744565249460722e-05,2.671485783369009770e-05
1.404096122102621136e+00,-2.117256720786616642e-01,9.273972378555976614e-03,1.929787334400967502e-04,-1.522855110879794971e-04,-4.430151669343462828e-06,-7.596202325317602533e-05,2.665039049611073185e-05
1.405180854828209203e+00,-2.122615885006750858e-01,9.310433418211035150e-03,1.960248015898946594e-04,-1.533789100372495717e-04,-4.538242258808611318e-06,-7.609544634889359171e-05,2.658353078596742414e-05
1.406268514611754394e+00,-2.127981746049051881e-01,9.346932630082266380e-03,1.991088758222514521e-04,-1.544811443897203818e-04,-4.647259623444255361e-06,-7.622770077760770979e-05,2.651425245253635765e-05
1.407359107058519854e+00,-2.133354322840104733e-01,9.383469428137988788e-03,2.022313635441641555e-04,-1.555922987692831549e-04,-4.757211625627810747e-06,-7.635877223530207480e-05,2.644252900908805604e-05
1.408452637803079277e+00,-2.138733634348887191e-01,9.420043219724574812e-03,2.053926761824281799e-04,-1.567124586406981601e-04,-4.868106216360246208e-06,-7.648864627454038390e-05,2.636833373068081521e-05
1.409549112509516977e+00,-2.144119699586996830e-01,9.456653405501155851e-03,2.085932292218428685e-04,-1.578417103173940239e-04,-4.979951436751006710e-06,-7.661730830306467954e-05,2.629163965225944644e-05
1.410648536871632608e+00,-2.149512537608892215e-01,9.493299379373043578e-03,2.118334422447770704e-04,-1.589801409695584811e-04,-5.092755419003336392e-06,-7.674474358212307612e-05,2.621241956653197480e-05
1.411750916613139895e+00,-2.154912167512124110e-01,9.529980528424575326e-03,2.151137389704432801e-04,-1.601278386324095360e-04,-5.206526387552257162e-06,-7.687093722498483661e-05,2.613064602165204864e-05
1.412856257487876466e+00,-2.160318608437577503e-01,9.566696232851584769e-03,2.184345472943383104e-04,-1.612848922140502905e-04,-5.321272660147036149e-06,-7.699587419549708267e-05,2.604629131910951578e-05
1.413964565280008578e+00,-2.165731879569710583e-01,9.603445865893088518e-03,2.217962993287247997e-04,-1.624513915038372502e-04,-5.437002649252842268e-06,-7.711953930649578792e-05,2.595932751166263319e-05
1.415075845804241172e+00,-2.171152000136796212e-01,9.640228793762216364e-03,2.251994314431682298e-04,-1.636274271809012859e-04,-5.553724863202602613e-06,-7.724191721816819900e-05,2.586972640114537647e-05
1.416190104906026592e+00,-2.176578989411166731e-01,9.677044375576350499e-03,2.286443843053515002e-04,-1.648130908220579727e-04,-5.671447907293347690e-06,-7.736299243653321778e-05,2.577745953613597152e-05
1.417307348461781746e+00,-2.182012866709461263e-01,9.713891963287223097e-03,2.321316029225972688e-04,-1.660084749107448854e-04,-5.790180485146234624e-06,-7.748274931180382241e-05,2.568249820973644848e-05
1.418427582379098162e+00,-2.187453651392866072e-01,9.750770901609549790e-03,2.356615366836262160e-04,-1.672136728454037824e-04,-5.909931399955548059e-06,-7.760117203668009944e-05,2.558481345740770685e-05
1.419550812596960920e+00,-2.192901362867373805e-01,9.787680527949475795e-03,2.392346394005095966e-04,-1.684287789479321784e-04,-6.030709555751578854e-06,-7.771824464491983164e-05,2.548437605467968048e-05
1.420677045085967594e+00,-2.198356020584032178e-01,9.824620172332196311e-03,2.428513693515099714e-04,-1.696538884725096175e-04,-6.152523959038203039e-06,-7.783395100947887446e-05,2.538115651502803605e-05
1.421806285848548068e+00,-2.203817644039188783e-01,9.861589157328543020e-03,2.465121893236166262e-04,-1.708890976142019014e-04,-6.275383719542282357e-06,-7.794827484096378267e-05,2.527512508725127116e-05
1.422938540919186368e+00,-2.209286252774750325e-01,9.898586797981376306e-03,2.502175666565797929e-04,-1.721345035180232852e-04,-6.399298051976143320e-06,-7.806119968585545355e-05,2.516625175333353504e-05
1.424073816364646916e+00,-2.214761866378444632e-01,9.935612401730922749e-03,2.539679732866118034e-04,-1.733902042876933614e-04,-6.524276277453111561e-06,-7.817270892484379230e-05,2.505450622618254908e-05
1.425212118284198803e+00,-2.220244504484071568e-01,9.972665268339675482e-03,2.577638857901298763e-04,-1.746562989946159883e-04,-6.650327824681001587e-06,-7.828278577112768311e-05,2.493985794717323845e-05
1.426353452809847155e+00,-2.225734186771767542e-01,1.000974468981631615e-02,2.616057854288034168e-04,-1.759328876870108749e-04,-6.777462231474795651e-06,-7.839141326861087666e-05,2.482227608377463035e-05
1.427497826106562062e+00,-2.231230932968265579e-01,1.004684995033883199e-02,2.654941581946290707e-04,-1.772200713989757759e-04,-6.905689146088911379e-06,-7.849857429007706111e-05,2.470172952714899672e-05
1.428645244372510614e+00,-2.236734762847160107e-01,1.008398032617692508e-02,2.694294948556025249e-04,-1.785179521598956320e-04,-7.035018328951925248e-06,-7.860425153553146638e-05,2.457818688982038591e-05
1.429795713839293159e+00,-2.242245696229174523e-01,1.012113508561413022e-02,2.734122910015707175e-04,-1.798266330035602767e-04,-7.165459653971084641e-06,-7.870842753029960726e-05,2.445161650321825419e-05
1.430949240772179998e+00,-2.247763752982424590e-01,1.015831348886873930e-02,2.774430470905558943e-04,-1.811462179775319425e-04,-7.297023110003353352e-06,-7.881108462326480435e-05,2.432198641513783066e-05
1.432105831470349866e+00,-2.253288953022693220e-01,1.019551478801353217e-02,2.815222684960372312e-04,-1.824768121528735909e-04,-7.429718802659524002e-06,-7.891220498495304936e-05,2.418926438739477103e-05
1.433265492267131958e+00,-2.258821316313702754e-01,1.023273822689572954e-02,2.856504655541353133e-04,-1.838185216334192740e-04,-7.563556955608730092e-06,-7.901177060576358713e-05,2.405341789335491143e-05
1.434428229530248622e+00,-2.264360862867388635e-01,1.026998304105533610e-02,2.898281536112962131e-04,-1.851714535654191973e-04,-7.698547912382558422e-06,-7.910976329393581974e-05,2.391441411540851103e-05
1.435594049662061167e+00,-2.269907612744170855e-01,1.030724845764299791e-02,2.940558530727388487e-04,-1.865357161474900938e-04,-7.834702137915483533e-06,-7.920616467377988856e-05,2.377221994227796120e-05
1.436762959099818326e+00,-2.275461586053236229e-01,1.034453369533716582e-02,2.983340894512354069e-04,-1.879114186401076303e-04,-7.972030219988157640e-06,-7.930095618374072286e-05,2.362680196665856158e-05
1.437934964315906283e+00,-2.281022802952818451e-01,1.038183796425998229e-02,3.026633934164330020e-04,-1.892986713757371930e-04,-8.110542871392345532e-06,-7.939411907431637161e-05,2.347812648269276270e-05
1.439110071818100245e+00,-2.286591283650480921e-01,1.041916046589319578e-02,3.070443008442169663e-04,-1.906975857686732390e-04,-8.250250931179925473e-06,-7.948563440618450215e-05,2.332615948315297505e-05
1.440288288149820239e+00,-2.292167048403401519e-01,1.045650039299260425e-02,3.114773528670455871e-04,-1.921082743251423253e-04,-8.391165366369857104e-06,-7.957548304825257102e-05,2.317086665701295622e-05
1.441469619890387133e+00,-2.297750117518655433e-01,1.049385692950148552e-02,3.159630959249648541e-04,-1.935308506533367501e-04,-8.533297274224138640e-06,-7.966364567559003351e-05,2.301221338686654239e-05
1.442654073655282421e+00,-2.303340511353506037e-01,1.053122925046351410e-02,3.205020818167203522e-04,-1.949654294739061600e-04,-8.676657883704974594e-06,-7.975010276728422554e-05,2.285016474624923521e-05
1.443841656096409354e+00,-2.308938250315699658e-01,1.056861652193512302e-02,3.250948677510634433e-04,-1.964121266300050683e-04,-8.821258557209499251e-06,-7.983483460455298442e-05,2.268468549690427771e-05
1.445032373902359168e+00,-2.314543354863755065e-01,1.060601790089660268e-02,3.297420163992648146e-04,-1.978710590978122186e-04,-8.967110792595933688e-06,-7.991782126858665292e-05,2.251574008611811895e-05
1.446226233798675098e+00,-2.320155845507256842e-01,1.064343253516206178e-02,3.344440959479888509e-04,-1.993423449969389250e-04,-9.114226224959942613e-06,-7.999904263843865548e-05,2.234329264402812321e-05
1.447423242548121936e+00,-2.325775742807155155e-01,1.068085956328908293e-02,3.392016801520847391e-04,-2.008261036011288470e-04,-9.262616628674669172e-06,-8.007847838885362446e-05,2.216730698098579033e-05
1.448623406950958259e+00,-2.331403067376069949e-01,1.071829811448725411e-02,3.440153483883767738e-04,-2.023224553487773525e-04,-9.412293919167091794e-06,-8.015610798824124306e-05,2.198774658462854248e-05
1.449826733845209770e+00,-2.337037839878586820e-01,1.075574730852578431e-02,3.488856857105648857e-04,-2.038315218538810925e-04,-9.563270155069081291e-06,-8.023191069637947148e-05,2.180457461735396674e-05
1.451033230106946403e+00,-2.342680081031564554e-01,1.079320625564007818e-02,3.538132829034867921e-04,-2.053534259166961418e-04,-9.715557540229680100e-06,-8.030586556223573425e-05,2.161775391333609075e-05
1.452242902650559220e+00,-2.348329811604440709e-01,1.083067405643781123e-02,3.587987365384071037e-04,-2.068882915348263518e-04,-9.869168425630236996e-06,-8.037795142178116858e-05,2.142724697581921411e-05
1.453455758429044398e+00,-2.353987052419541925e-01,1.086814980180354773e-02,3.638426490292501203e-04,-2.084362439142006806e-04,-1.002411531153546420e-05,-8.044814689565915611e-05,2.123301597423132847e-05
1.454671804434285676e+00,-2.359651824352393401e-01,1.090563257280251219e-02,3.689456286886660941e-04,-2.099974094802309343e-04,-1.018041084954734998e-05,-8.051643038704814348e-05,2.103502274126978211e-05
1.455891047697341456e+00,-2.365324148332035858e-01,1.094312144058409708e-02,3.741082897853742484e-04,-2.115719158889139973e-04,-1.033806784489499364e-05,-8.058278007923996844e-05,2.083322877033388920e-05
1.457113495288735017e+00,-2.371004045341337796e-01,1.098061546628323337e-02,3.793312526016168196e-04,-2.131598920382810070e-04,-1.049709925868280713e-05,-8.064717393326675809e-05,2.062759521223589410e-05
1.458339154318744280e+00,-2.376691536417319117e-01,1.101811370092188602e-02,3.846151434913069878e-04,-2.147614680798742848e-04,-1.065751820983340536e-05,-8.070958968566660507e-05,2.041808287255031384e-05
1.459568031937698684e+00,-2.382386642651470043e-01,1.105561518530924492e-02,3.899605949383433412e-04,-2.163767754300299773e-04,-1.081933797755785243e-05,-8.077000484608271025e-05,2.020465220868572498e-05
1.460800135336275840e+00,-2.388089385190073355e-01,1.109311894994026437e-02,3.953682456165064085e-04,-2.180059467816186647e-04,-1.098257200368712994e-05,-8.082839669479313649e-05,1.998726332673450568e-05
1.462035471745800841e+00,-2.393799785234532462e-01,1.113062401489410547e-02,4.008387404487445682e-04,-2.196491161157998473e-04,-1.114723389486482752e-05,-8.088474228034464586e-05,1.976587597861401147e-05
1.463274048438550690e+00,-2.399517864041698645e-01,1.116812938973110736e-02,4.063727306679865148e-04,-2.213064187137209204e-04,-1.131333742498963346e-05,-8.093901841697836996e-05,1.954044955904121750e-05
1.464515872728058277e+00,-2.405243642924204672e-01,1.120563407338924511e-02,4.119708738780647472e-04,-2.229779911684659499e-04,-1.148089653771333651e-05,-8.099120168230528050e-05,1.931094310257674973e-05
1.465760951969422132e+00,-2.410977143250797039e-01,1.124313705407831154e-02,4.176338341151941691e-04,-2.246639713968240359e-04,-1.164992534888331654e-05,-8.104126841462777620e-05,1.907731528054401604e-05
1.467009293559617067e+00,-2.416718386446672362e-01,1.128063730917459873e-02,4.233622819104776447e-04,-2.263644986518070779e-04,-1.182043814909605750e-05,-8.108919471044168104e-05,1.883952439793445954e-05
1.468260904937809030e+00,-2.422467393993818774e-01,1.131813380511371980e-02,4.291568943526058444e-04,-2.280797135347095717e-04,-1.199244940597310460e-05,-8.113495642190354795e-05,1.859752839029893412e-05
1.469515793585671304e+00,-2.428224187431350933e-01,1.135562549728223736e-02,4.350183551513620017e-04,-2.298097580070990187e-04,-1.216597376707539979e-05,-8.117852915415918469e-05,1.835128482069459110e-05
1.470773967027706242e+00,-2.433988788355865296e-01,1.139311132990848685e-02,4.409473547017928041e-04,-2.315547754036251238e-04,-1.234102606248455025e-05,-8.121988826272075190e-05,1.810075087650686587e-05
1.472035432831566570e+00,-2.439761218421775679e-01,1.143059023595238699e-02,4.469445901487678618e-04,-2.333149104442044930e-04,-1.251762130735634138e-05,-8.125900885085080017e-05,1.784588336642412010e-05
1.473300198608381795e+00,-2.445541499341671310e-01,1.146806113699423701e-02,4.530107654525661331e-04,-2.350903092466771760e-04,-1.269577470475180547e-05,-8.129586576684222354e-05,1.758663871700982817e-05
1.474568272013089043e+00,-2.451329652886667931e-01,1.150552294312194579e-02,4.591465914546843941e-04,-2.368811193396991310e-04,-1.287550164830175703e-05,-8.133043360118025200e-05,1.732297296963558608e-05
1.475839660744762583e+00,-2.457125700886760855e-01,1.154297455281742824e-02,4.653527859447281756e-04,-2.386874896754959119e-04,-1.305681772517663930e-05,-8.136268668392648840e-05,1.705484177735860918e-05
1.477114372546950660e+00,-2.462929665231183840e-01,1.158041485284193317e-02,4.716300737275802568e-04,-2.405095706425747215e-04,-1.323973871891759302e-05,-8.139259908183232861e-05,1.678220040149391856e-05
1.478392415208014121e+00,-2.468741567868771858e-01,1.161784271812016378e-02,4.779791866914018250e-04,-2.423475140788944326e-04,-1.342428061243405857e-05,-8.142014459559809847e-05,1.650500370851959442e-05
1.479673796561466359e+00,-2.474561430808321916e-01,1.165525701162298255e-02,4.844008638766050812e-04,-2.442014732849662195e-04,-1.361045959075157796e-05,-8.144529675696565718e-05,1.622320616664896242e-05
1.480958524486319705e+00,-2.480389276118959985e-01,1.169265658424953336e-02,4.908958515447148230e-04,-2.460716030370652119e-04,-1.379829204428695277e-05,-8.146802882574161186e-05,1.593676184248604688e-05
1.482246606907432707e+00,-2.486225125930517921e-01,1.173004027470767041e-02,4.974649032486178069e-04,-2.479580596006641935e-04,-1.398779457170706841e-05,-8.148831378702175998e-05,1.564562439779204617e-05
1.483538051795861179e+00,-2.492069002433895397e-01,1.176740690939324929e-02,5.041087799034227324e-04,-2.498610007436730118e-04,-1.417898398317629649e-05,-8.150612434817960938e-05,1.534974708614078587e-05
1.484832867169212811e+00,-2.497920927881442932e-01,1.180475530226864078e-02,5.108282498578475828e-04,-2.517805857503441214e-04,-1.437187730360389715e-05,-8.152143293572305938e-05,1.504908274937988288e-05
1.486131061092005101e+00,-2.503780924587339918e-01,1.184208425473939896e-02,5.176240889661065658e-04,-2.537169754345813821e-04,-1.456649177575264353e-05,-8.153421169256047651e-05,1.474358381435558751e-05
1.487432641676026623e+00,-2.509649014927968769e-01,1.187939255553004114e-02,5.244970806609627889e-04,-2.556703321537207030e-04,-1.476284486359724646e-05,-8.154443247465614775e-05,1.443320228938782535e-05
1.488737617080700293e+00,-2.515525221342308493e-01,1.191667898055845387e-02,5.314480160274748233e-04,-2.576408198226298740e-04,-1.496095425571053461e-05,-8.155206684810206719e-05,1.411788976099503934e-05
1.490045995513453070e+00,-2.521409566332321051e-01,1.195394229280959120e-02,5.384776938769930688e-04,-2.596286039276002322e-04,-1.516083786867739036e-05,-8.155708608589135045e-05,1.379759739009167596e-05
1.491357785230086774e+00,-2.527302072463338822e-01,1.199118124220693860e-02,5.455869208223773636e-04,-2.616338515404603715e-04,-1.536251385045317441e-05,-8.155946116482348796e-05,1.347227590881017179e-05
1.492672994535152675e+00,-2.533202762364457628e-01,1.202839456548326913e-02,5.527765113537141950e-04,-2.636567313327314865e-04,-1.556600058408297294e-05,-8.155916276213898142e-05,1.314187561678170635e-05
1.493991631782330742e+00,-2.539111658728940846e-01,1.206558098605028939e-02,5.600472879147555538e-04,-2.656974135899492495e-04,-1.577131669108777778e-05,-8.155616125243153602e-05,1.280634637761124406e-05
1.495313705374810009e+00,-2.545028784314610215e-01,1.210273921386641194e-02,5.674000809805512802e-04,-2.677560702262077319e-04,-1.597848103532251152e-05,-8.155042670433820806e-05,1.246563761536645387e-05
1.496639223765675597e+00,-2.550954161944256615e-01,1.213986794530354241e-02,5.748357291351646747e-04,-2.698328747985229148e-04,-1.618751272655649665e-05,-8.154192887716016358e-05,1.211969831090009553e-05
1.497968195458299068e+00,-2.556887814506048073e-01,1.217696586301260375e-02,5.823550791508591562e-04,-2.719280025217096775e-04,-1.639843112438699180e-05,-8.153063721748343706e-05,1.176847699822791693e-05
1.499300629006727892e+00,-2.562829764953936107e-01,1.221403163578742290e-02,5.899589860672571628e-04,-2.740416302831477635e-04,-1.661125584176414982e-05,-8.151652085584132346e-05,1.141192176096206268e-05
1.500636533016085572e+00,-2.568780036308064840e-01,1.225106391842742393e-02,5.976483132724141889e-04,-2.761739366574644805e-04,-1.682600674948742103e-05,-8.149954860319635896e-05,1.104998022850856021e-05
1.501975916142970213e+00,-2.574738651655193999e-01,1.228806135159873913e-02,6.054239325835042429e-04,-2.783251019217586331e-04,-1.704270397970275575e-05,-8.147968894742230184e-05,1.068259957245909497e-05
1.503318787095858866e+00,-2.580705634149124683e-01,1.232502256169462629e-02,6.132867243289485959e-04,-2.804953080705885338e-04,-1.726136793009369619e-05,-8.145691004989019657e-05,1.030972650289951886e-05
1.504665154635516533e+00,-2.586681007011111255e-01,1.236194616069333230e-02,6.212375774315159749e-04,-2.826847388312792031e-04,-1.748201926826675745e-05,-8.143117974190178243e-05,9.931307264635091947e-06
1.506015027575407395e+00,-2.592664793530294332e-01,1.239883074601527690e-02,6.292773894919223565e-04,-2.848935796792712027e-04,-1.770467893552618577e-05,-8.140246552097718524e-05,9.547287633290824083e-06
1.507368414782110033e+00,-2.598657017064130992e-01,1.243567490037875145e-02,6.374070668732356726e-04,-2.871220178536915135e-04,-1.792936815148138407e-05,-8.137073454714954801e-05,9.157612911703250091e-06
1.508725325175738652e+00,-2.604657701038826656e-01,1.247247719165379964e-02,6.456275247863352273e-04,-2.893702423727856354e-04,-1.815610841837678180e-05,-8.133595363943313394e-05,8.762227926062404748e-06
1.510085767730366069e+00,-2.610666868949780839e-01,1.250923617271502974e-02,6.539396873760094930e-04,-2.916384440496411212e-04,-1.838492152536619351e-05,-8.129808927199305701e-05,8.361077021984408830e-06
1.511449751474451819e+00,-2.616684544362019027e-01,1.254595038129265039e-02,6.623444878080808618e-04,-2.939268155081053990e-04,-1.861582955298146658e-05,-8.125710757028725695e-05,7.954104060611810745e-06
1.512817285491273367e+00,-2.622710750910640098e-01,1.258261833982214639e-02,6.708428683576683760e-04,-2.962355511987452283e-04,-1.884885487807297366e-05,-8.121297430737500767e-05,7.541252414908217183e-06
1.514188378919362421e+00,-2.628745512301267073e-01,1.261923855529226146e-02,6.794357804975337256e-04,-2.985648474148894227e-04,-1.908402017816723806e-05,-8.116565489985766435e-05,7.122464965619856869e-06
1.515563040952947249e+00,-2.634788852310503970e-01,1.265580951909162088e-02,6.881241849881203354e-04,-3.009149023088103503e-04,-1.932134843640742616e-05,-8.111511440414553853e-05,6.697684097348166610e-06
1.516941280842392992e+00,-2.640840794786376566e-01,1.269232970685388318e-02,6.969090519679810303e-04,-3.032859159079748235e-04,-1.956086294618852861e-05,-8.106131751230843951e-05,6.266851694552988405e-06
1.518323107894653523e+00,-2.646901363648803684e-01,1.272879757830060188e-02,7.057913610453714348e-04,-3.056780901316835664e-04,-1.980258731620887502e-05,-8.100422854811356599e-05,5.829909137569644351e-06
1.519708531473724200e+00,-2.652970582890067930e-01,1.276521157708343512e-02,7.147721013908425736e-04,-3.080916288073914933e-04,-2.004654547552164878e-05,-8.094381146298013086e-05,5.386797298667644895e-06
1.521097561001097276e+00,-2.659048476575267550e-01,1.280157013062432902e-02,7.238522718305828718e-04,-3.105267376874720764e-04,-2.029276167869742409e-05,-8.088002983179520822e-05,4.937456537956741442e-06
1.522490205956225751e+00,-2.665135068842792165e-01,1.283787164995399410e-02,7.330328809403985346e-04,-3.129836244661066136e-04,-2.054126051090343630e-05,-8.081284684878509150e-05,4.481826699390123458e-06
1.523886475876989000e+00,-2.671230383904805716e-01,1.287411452954864699e-02,7.423149471414980383e-04,-3.154624987959653293e-04,-2.079206689312163014e-05,-8.074222532331726265e-05,4.019847106517815405e-06
1.525286380360162397e+00,-2.677334446047722194e-01,1.291029714716536436e-02,7.516994987961933550e-04,-3.179635723055962426e-04,-2.104520608775528601e-05,-8.066812767552195007e-05,3.551456558545385001e-06
1.526689929061894047e+00,-2.683447279632683591e-01,1.294641786367567438e-02,7.611875743055995791e-04,-3.204870586163283130e-04,-2.130070370404135716e-05,-8.059051593201776997e-05,3.076593326128973516e-06
1.528097131698182842e+00,-2.689568909096051175e-01,1.298247502289719135e-02,7.707802222073623089e-04,-3.230331733596603083e-04,-2.155858570335178470e-05,-8.050935172156797881e-05,2.595195147142570491e-06
1.529507998045365191e+00,-2.695699358949900093e-01,1.301846695142400145e-02,7.804785012748838291e-04,-3.256021341945802838e-04,-2.181887840532747980e-05,-8.042459627056325333e-05,2.107199222722844212e-06
1.530922537940602179e+00,-2.701838653782510646e-01,1.305439195845471689e-02,7.902834806176872728e-04,-3.281941608253013953e-04,-2.208160849340168319e-05,-8.033621039860855406e-05,1.612542212772738459e-06
1.532340761282374064e+00,-2.707986818258864559e-01,1.309024833561910073e-02,8.001962397826967166e-04,-3.308094750188311783e-04,-2.234680302085068071e-05,-8.024415451386712750e-05,1.111160231964669620e-06
1.533762678030978321e+00,-2.714143877121157344e-01,1.312603435680298469e-02,8.102178688558225872e-04,-3.334483006224714385e-04,-2.261448941659471856e-05,-8.014838860864043069e-05,6.029888453967791051e-07
1.535188298209034574e+00,-2.720309855189298465e-01,1.316174827797121638e-02,8.203494685655454699e-04,-3.361108635823589763e-04,-2.288469549130422998e-05,-8.004887225444151655e-05,8.796306424918576283e-08
1.536617631901991965e+00,-2.726484777361433687e-01,1.319738833698888558e-02,8.305921503874991174e-04,-3.387973919609238438e-04,-2.315744944395015104e-05,-7.994556459750556954e-05,-4.339826583932282489e-07
1.538050689258642301e+00,-2.732668668614453567e-01,1.323295275344073263e-02,8.409470366491367255e-04,-3.415081159552496581e-04,-2.343277986771585830e-05,-7.983842435398125215e-05,-9.629144319261984108e-07
1.539487480491639193e+00,-2.738861554004514698e-01,1.326843972844811426e-02,8.514152606365343878e-04,-3.442432679155033037e-04,-2.371071575657524022e-05,-7.972740980497633467e-05,-1.498898932639214365e-06
1.540928015878020751e+00,-2.745063458667568179e-01,1.330384744448490086e-02,8.619979667018606850e-04,-3.470030823631148342e-04,-2.399128651214832431e-05,-7.961247879176291953e-05,-2.042003407948245197e-06
1.542372305759737383e+00,-2.751274407819887524e-01,1.333917406519127824e-02,8.726963103715401626e-04,-3.497877960094292193e-04,-2.427452194991852608e-05,-7.949358871078143762e-05,-2.592295680864387108e-06
1.543820360544187142e+00,-2.757494426758609340e-01,1.337441773518532884e-02,8.835114584562764328e-04,-3.525976477744968696e-04,-2.456045230636583199e-05,-7.937069650861688919e-05,-3.149844154434755517e-06
1.545272190704753523e+00,-2.763723540862261241e-01,1.340957657987279505e-02,8.944445891615748767e-04,-3.554328788056421162e-04,-2.484910824579467103e-05,-7.924375867688487896e-05,-3.714717816127866001e-06
1.546727806781349912e+00,-2.769961775591315289e-01,1.344464870525469147e-02,9.054968921997086362e-04,-3.582937324964896586e-04,-2.514052086735607539e-05,-7.911273124715234584e-05,-4.286986242357793131e-06
1.548187219380968482e+00,-2.776209156488736451e-01,1.347963219773332111e-02,9.166695689027670735e-04,-3.611804545058522331e-04,-2.543472171229188561e-05,-7.897756978576808695e-05,-4.866719602827918045e-06
1.549650439178235972e+00,-2.782465709180526048e-01,1.351452512391596028e-02,9.279638323367034314e-04,-3.640932927771733940e-04,-2.573174277128997822e-05,-7.883822938845042039e-05,-5.453988665207742947e-06
1.551117476915973015e+00,-2.788731459376282973e-01,1.354932553041647558e-02,9.393809074166592499e-04,-3.670324975576233495e-04,-2.603161649172847092e-05,-7.869466467495117579e-05,-6.048864799601538778e-06
1.552588343405760574e+00,-2.795006432869773239e-01,1.358403144365509518e-02,9.509220310235932949e-04,-3.699983214175139867e-04,-2.633437578558606162e-05,-7.854682978379601277e-05,-6.651419983058626251e-06
1.554063049528511264e+00,-2.801290655539492302e-01,1.361864086965594578e-02,9.625884521218264211e-04,-3.729910192698943083e-04,-2.664005403696378949e-05,-7.839467836669861134e-05,-7.261726804208556985e-06
1.555541606235046892e+00,-2.807584153349237943e-01,1.365315179384257727e-02,9.743814318779742134e-04,-3.760108483901736243e-04,-2.694868510993986277e-05,-7.823816358298874007e-05,-7.879858467729761173e-06
1.557024024546679097e+00,-2.813886952348684245e-01,1.368756218083110043e-02,9.863022437809898513e-04,-3.790580684359806662e-04,-2.726030335672979810e-05,-7.807723809401950765e-05,-8.505888799151262170e-06
1.558510315555801107e+00,-2.820199078673966131e-01,1.372186997422128463e-02,9.983521737634004634e-04,-3.821329414669671909e-04,-2.757494362581880409e-05,-7.791185405753991988e-05,-9.139892249279690795e-06
1.560000490426479036e+00,-2.826520558548270556e-01,1.375607309638571252e-02,1.010532520324070038e-03,-3.852357319648336276e-04,-2.789264127014967620e-05,-7.774196312188008662e-05,-9.781943898987122132e-06
1.561494560395053854e+00,-2.832851418282421596e-01,1.379016944825631197e-02,1.022844594651906025e-03,-3.883667068537849376e-04,-2.821343215575478069e-05,-7.756751642002540637e-05,-1.043211946388789002e-05
1.562992536770747787e+00,-2.839191684275484961e-01,1.382415690910894501e-02,1.035289720750592890e-03,-3.915261355202787064e-04,-2.853735267033252754e-05,-7.738846456387810102e-05,-1.109049529894601260e-05
1.564494430936275382e+00,-2.845541383015361969e-01,1.385803333634547108e-02,1.047869235565351831e-03,-3.947142898338001915e-04,-2.886443973204588787e-05,-7.720475763817180592e-05,-1.175714840323527355e-05
1.566000254348461240e+00,-2.851900541079402940e-01,1.389179656527381179e-02,1.060584489110560913e-03,-3.979314441672626712e-04,-2.919473079845968932e-05,-7.701634519440697657e-05,-1.243215642474093663e-05
1.567510018538866401e+00,-2.858269185135020041e-01,1.392544440888547619e-02,1.073436844598485429e-03,-4.011778754178935147e-04,-2.952826387569995603e-05,-7.682317624465445638e-05,-1.311559766496717128e-05
1.569023735114418061e+00,-2.864647341940304570e-01,1.395897465763072665e-02,1.086427678569756861e-03,-4.044538630277177971e-04,-2.986507752777978197e-05,-7.662519925550476119e-05,-1.380755108378040052e-05
1.570541415758046400e+00,-2.871035038344650903e-01,1.399238507919142727e-02,1.099558381024628995e-03,-4.077596890042778366e-04,-3.020521088609173788e-05,-7.642236214158715235e-05,-1.450809630415550444e-05
1.572063072229327840e+00,-2.877432301289386540e-01,1.402567341825160241e-02,1.112830355556093664e-03,-4.110956379420188656e-04,-3.054870365890027806e-05,-7.621461225927605998e-05,-1.521731361704692365e-05
1.573588716365136086e+00,-2.883839157808406051e-01,1.405883739626564988e-02,1.126245019484550802e-03,-4.144619970433000011e-04,-3.089559614133374765e-05,-7.600189640030036164e-05,-1.593528398623200726e-05
1.575118360080296265e+00,-2.890255635028811665e-01,1.409187471122351487e-02,1.139803803992922582e-03,-4.178590561394884828e-04,-3.124592922526536753e-05,-7.578416078502653308e-05,-1.666208905304333854e-05
1.576652015368249060e+00,-2.896681760171555542e-01,1.412478303741368513e-02,1.153508154264043517e-03,-4.212871077125118768e-04,-3.159974440980484189e-05,-7.556135105588751566e-05,-1.739781114121208283e-05
1.578189694301721291e+00,-2.903117560552098686e-01,1.415756002518397949e-02,1.167359529619133029e-03,-4.247464469160355804e-04,-3.195708381145689891e-05,-7.533341227072831714e-05,-1.814253326180848003e-05
1.579731409033400258e+00,-2.909563063581062092e-01,1.419020330069944991e-02,1.181359403657794571e-03,-4.282373715973203376e-04,-3.231799017469616508e-05,-7.510028889595732338e-05,-1.889633911812682587e-05
1.581277171796618308e+00,-2.916018296764893436e-01,1.422271046569782704e-02,1.195509264399235994e-03,-4.317601823187605659e-04,-3.268250688295837314e-05,-7.486192479960046553e-05,-1.965931311054269770e-05
1.582826994906042728e+00,-2.922483287706532096e-01,1.425507909724212097e-02,1.209810614425099740e-03,-4.353151823797835052e-04,-3.305067796960381443e-05,-7.461826324443171510e-05,-2.043154034137018016e-05
1.584380890758371629e+00,-2.928958064106088610e-01,1.428730674747072382e-02,1.224264971024124904e-03,-4.389026778387206118e-04,-3.342254812893630245e-05,-7.436924688072193979e-05,-2.121310661994113556e-05
1.585938871833040054e+00,-2.935442653761523024e-01,1.431939094334518103e-02,1.238873866337336649e-03,-4.425229775347067074e-04,-3.379816272783275899e-05,-7.411481773921674288e-05,-2.200409846744855180e-05
1.587500950692928514e+00,-2.941937084569329897e-01,1.435132918639471511e-02,1.253638847505539333e-03,-4.461763931100648506e-04,-3.417756781734504479e-05,-7.385491722385756352e-05,-2.280460312187315708e-05
1.589067139985084642e+00,-2.948441384525238851e-01,1.438311895245804328e-02,1.268561476818808043e-03,-4.498632390322193642e-04,-3.456081014469036816e-05,-7.358948610432236581e-05,-2.361470854291003452e-05
1.590637452441447053e+00,-2.954955581724901803e-01,1.441475769142272489e-02,1.283643331865952364e-03,-4.535838326163166290e-04,-3.494793716515842696e-05,-7.331846450867735010e-05,-2.443450341699238137e-05
1.592211900879577646e+00,-2.961479704364606835e-01,1.444624282696153894e-02,1.298886005686727962e-03,-4.573384940474711780e-04,-3.533899705460141760e-05,-7.304179191570253638e-05,-2.526407716235690160e-05
1.593790498203405237e+00,-2.968013780741989849e-01,1.447757175626618320e-02,1.314291106925796759e-03,-4.611275464034697569e-04,-3.573403872192404407e-05,-7.275940714734224768e-05,-2.610351993381776481e-05
1.595373257403971179e+00,-2.974557839256749547e-01,1.450874184977765657e-02,1.329860259987158955e-03,-4.649513156772255851e-04,-3.613311182198986060e-05,-7.247124836091967115e-05,-2.695292262794302118e-05
1.596960191560186093e+00,-2.981111908411370748e-01,1.453975045091401852e-02,1.345595105191166319e-03,-4.688101307995795608e-04,-3.653626676855536992e-05,-7.217725304120570229e-05,-2.781237688796733831e-05
1.598551313839593924e+00,-2.987676016811859903e-01,1.457059487579545620e-02,1.361497298932978772e-03,-4.727043236622263667e-04,-3.694355474778698856e-05,-7.187735799252942259e-05,-2.868197510885739376e-05
1.600146637499143765e+00,-2.994250193168480623e-01,1.460127241296575729e-02,1.377568513842353237e-03,-4.766342291404185305e-04,-3.735502773166698987e-05,-7.157149933072204373e-05,-2.956181044218297860e-05
1.601746175885967904e+00,-3.000834466296500302e-01,1.463178032311121535e-02,1.393810438945597419e-03,-4.806001851161423311e-04,-3.777073849212109202e-05,-7.125961247483186822e-05,-3.045197680137667895e-05
1.603349942438171416e+00,-3.007428865116930083e-01,1.466211583877609359e-02,1.410224779828744834e-03,-4.846025325010994145e-04,-3.819074061492400141e-05,-7.094163213894333353e-05,-3.135256886638293494e-05
1.604957950685625301e+00,-3.014033418657289798e-01,1.469227616407528525e-02,1.426813258802367423e-03,-4.886416152600353557e-04,-3.861508851393802288e-05,-7.061749232366298923e-05,-3.226368208915364466e-05
1.606570214250772732e+00,-3.020648156052379019e-01,1.472225847440410129e-02,1.443577615068636355e-03,-4.927177804338184197e-04,-3.904383744604555950e-05,-7.028712630768180203e-05,-3.318541269836661201e-05
1.608186746849440185e+00,-3.027273106545039782e-01,1.475205991614408907e-02,1.460519604889909395e-03,-4.968313781628652670e-04,-3.947704352610936773e-05,-6.995046663920562180e-05,-3.411785770442155030e-05
1.609807562291657668e+00,-3.033908299486935967e-01,1.478167760636610317e-02,1.477641001758983608e-03,-5.009827617105250264e-04,-3.991476374212710176e-05,-6.960744512703176401e-05,-3.506111490472751946e-05
1.611432674482489613e+00,-3.040553764339340437e-01,1.481110863253028154e-02,1.494943596570985633e-03,-5.051722874865605117e-04,-4.035705597094096930e-05,-6.925799283175049226e-05,-3.601528288840749603e-05
1.613062097422870433e+00,-3.047209530673928302e-01,1.484035005218226067e-02,1.512429197797260372e-03,-5.094003150708098504e-04,-4.080397899403065409e-05,-6.890204005678690624e-05,-3.698046104143315471e-05
1.614695845210452285e+00,-3.053875628173571832e-01,1.486939889264617121e-02,1.530099631661424597e-03,-5.136672072363901442e-04,-4.125559251377808323e-05,-6.853951633938731858e-05,-3.795674955164862752e-05
1.616333932040461718e+00,-3.060552086633154811e-01,1.489825215071460818e-02,1.547956742316669576e-03,-5.179733299738031871e-04,-4.171195716992648350e-05,-6.817035044122399245e-05,-3.894424941380814076e-05
1.617976372206562097e+00,-3.067238935960379664e-01,1.492690679233459050e-02,1.566002392025422907e-03,-5.223190525145970931e-04,-4.217313455631699348e-05,-6.779447033909008491e-05,-3.994306243462752981e-05
1.619623180101727566e+00,-3.073936206176591801e-01,1.495535975229045356e-02,1.584238461340092829e-03,-5.267047473549724135e-04,-4.263918723823589829e-05,-6.741180321542111775e-05,-4.095329123759983148e-05
1.621274370219126570e+00,-3.080643927417610617e-01,1.498360793388313350e-02,1.602666849287059936e-03,-5.311307902797351987e-04,-4.311017877001166454e-05,-6.702227544870542619e-05,-4.197503926806067653e-05
1.622929957153013580e+00,-3.087362129934566601e-01,1.501164820860577398e-02,1.621289473551362770e-03,-5.355975603861667933e-04,-4.358617371263973084e-05,-6.662581260365868507e-05,-4.300841079819817114e-05
1.624589955599629487e+00,-3.094090844094742332e-01,1.503947741581559971e-02,1.640108270663936940e-03,-5.401054401078797529e-04,-4.406723765218445443e-05,-6.622233942136374063e-05,-4.405351093195175594e-05
1.626254380358114648e+00,-3.100830100382426791e-01,1.506709236240250105e-02,1.659125196190658347e-03,-5.446548152386737618e-04,-4.455343721848636918e-05,-6.581177980932717553e-05,-4.511044560993882069e-05
1.627923246331426821e+00,-3.107579929399780228e-01,1.509448982245360782e-02,1.678342224923856651e-03,-5.492460749568217615e-04,-4.504484010409148809e-05,-6.539405683125137925e-05,-4.617932161438131899e-05
1.629596568527273970e+00,-3.114340361867689588e-01,1.512166653691392193e-02,1.697761351075077751e-03,-5.538796118488981124e-04,-4.554151508348591726e-05,-6.496909269665396280e-05,-4.726024657401850515e-05
1.631274362059053296e+00,-3.121111428626661688e-01,1.514861921324354987e-02,1.717384588470427520e-03,-5.585558219336761443e-04,-4.604353203310762588e-05,-6.453680875051492905e-05,-4.835332896893640431e-05
1.632956642146801807e+00,-3.127893160637694736e-01,1.517534452507091070e-02,1.737213970747525371e-03,-5.632751046863865296e-04,-4.655096195121943836e-05,-6.409712546277812617e-05,-4.945867813556381609e-05
1.634643424118156885e+00,-3.134685588983174287e-01,1.520183911184197489e-02,1.757251551555177871e-03,-5.680378630624344227e-04,-4.706387697858693819e-05,-6.364996241750575656e-05,-5.057640427140464023e-05
1.636334723409327285e+00,-3.141488744867774185e-01,1.522809957846550655e-02,1.777499404754967482e-03,-5.728445035218937553e-04,-4.758235041987801672e-05,-6.319523830192880220e-05,-5.170661843974244665e-05
1.638030555566073909e+00,-3.148302659619366950e-01,1.525412249495396166e-02,1.797959624625061759e-03,-5.776954360533353983e-04,-4.810645676467384391e-05,-6.273287089547663342e-05,-5.284943257455321231e-05
1.639730936244702564e+00,-3.155127364689940817e-01,1.527990439606112527e-02,1.818634326065632356e-03,-5.825910741977385898e-04,-4.863627170950679535e-05,-6.226277705858457301e-05,-5.400495948529315804e-05
1.641435881213064940e+00,-3.161962891656520669e-01,1.530544178091487739e-02,1.839525644806688787e-03,-5.875318350726105310e-04,-4.917187218009266836e-05,-6.178487272132798802e-05,-5.517331286139515178e-05
1.643145406351573135e+00,-3.168809272222113393e-01,1.533073111264640631e-02,1.860635737618854257e-03,-5.925181393958423026e-04,-4.971333635442332088e-05,-6.129907287192454257e-05,-5.635460727712593432e-05
1.644859527654224163e+00,-3.175666538216647128e-01,1.535576881801405114e-02,1.881966782525973381e-03,-5.975504115099949942e-04,-5.026074368566502137e-05,-6.080529154508379497e-05,-5.754895819615191144e-05
1.646578261229634244e+00,-3.182534721597915506e-01,1.538055128702388308e-02,1.903520979019468484e-03,-6.026290794059474543e-04,-5.081417492633355515e-05,-6.030344180997515569e-05,-5.875648197620209068e-05
1.648301623302086849e+00,-3.189413854452545216e-01,1.540507487254559604e-02,1.925300548275610257e-03,-6.077545747467105741e-04,-5.137371215224728616e-05,-5.979343575849421777e-05,-5.997729587348121782e-05
1.650029630212589637e+00,-3.196303968996975220e-01,1.542933588992388694e-02,1.947307733375147620e-03,-6.129273328913387164e-04,-5.193943878745166387e-05,-5.927518449285601454e-05,-6.121151804720781353e-05
1.651762298419944708e+00,-3.203205097578419869e-01,1.545333061658558937e-02,1.969544799524797218e-03,-6.181477929187578768e-04,-5.251143962939353038e-05,-5.874859811332705517e-05,-6.245926756429098781e-05
1.653499644501829735e+00,-3.210117272675868660e-01,1.547705529164172811e-02,1.992014034281591739e-03,-6.234163976512469008e-04,-5.308980087492809474e-05,-5.821358570570062119e-05,-6.372066440335499848e-05
1.655241685155893094e+00,-3.217040526901080999e-01,1.550050611548534074e-02,2.014717747779781742e-03,-6.287335936781823786e-04,-5.367461014668672981e-05,-5.767005532849450722e-05,-6.499582945933279898e-05
1.656988437200857422e+00,-3.223974892999600383e-01,1.552367924938435895e-02,2.037658272959735895e-03,-6.340998313792284291e-04,-5.426595651999988057e-05,-5.711791400016263953e-05,-6.628488454757386350e-05
1.658739917577637168e+00,-3.230920403851758049e-01,1.554657081507031247e-02,2.060837965799477978e-03,-6.395155649480399607e-04,-5.486393055018079501e-05,-5.655706768601526102e-05,-6.758795240838222362e-05
1.660496143350469245e+00,-3.237877092473706031e-01,1.556917689432137097e-02,2.084259205548472105e-03,-6.449812524154802107e-04,-5.546862430086396678e-05,-5.598742128473666035e-05,-6.890515671091612671e-05
1.662257131708055891e+00,-3.244844992018457996e-01,1.559149352854091730e-02,2.107924394964988402e-03,-6.504973556725052175e-04,-5.608013137273215598e-05,-5.540887861518045687e-05,-7.023662205725422769e-05
1.664022899964720192e+00,-3.251824135776938407e-01,1.561351671833145771e-02,2.131835960554856468e-03,-6.560643404934646261e-04,-5.669854693282627700e-05,-5.482134240249181278e-05,-7.158247398646178095e-05
1.665793465561572706e+00,-3.258814557179027238e-01,1.563524242306267575e-02,2.155996352813355221e-03,-6.616826765586253378e-04,-5.732396774466019806e-05,-5.422471426438923991e-05,-7.294283897850417642e-05
1.667568846067694066e+00,-3.265816289794630234e-01,1.565666656043504523e-02,2.180408046469656247e-03,-6.673528374771670046e-04,-5.795649219830778520e-05,-5.361889469699537836e-05,-7.431784445834088704e-05
1.669349059181330031e+00,-3.272829367334766371e-01,1.567778500603808634e-02,2.205073540734237003e-03,-6.730753008094142453e-04,-5.859622034223854747e-05,-5.300378306055675282e-05,-7.570761879929777116e-05
1.671134122731098515e+00,-3.279853823652645883e-01,1.569859359290329270e-02,2.229995359548375689e-03,-6.788505480893741728e-04,-5.924325391504225991e-05,-5.237927756513577338e-05,-7.711229132704999767e-05
1.672924054677210615e+00,-3.286889692744764391e-01,1.571908811105178494e-02,2.255176051836865758e-03,-6.846790648468575879e-04,-5.989769637793074253e-05,-5.174527525557415242e-05,-7.853199232306373734e-05
1.674718873112708284e+00,-3.293937008752019779e-01,1.573926430703617707e-02,2.280618191763839064e-03,-6.905613406291838396e-04,-6.055965294862741821e-05,-5.110167199683796069e-05,-7.996685302814887653e-05
1.676518596264712224e+00,-3.300995805960826868e-01,1.575911788347746090e-02,2.306324378990282087e-03,-6.964978690229134406e-04,-6.122923063503482588e-05,-5.044836245881451076e-05,-8.141700564573417509e-05
1.678323242495686429e+00,-3.308066118804253164e-01,1.577864449859617269e-02,2.332297238935243655e-03,-7.024891476751227160e-04,-6.190653827012337906e-05,-4.978524010094964591e-05,-8.288258334525344662e-05
1.680132830304715608e+00,-3.315147981863145743e-01,1.579783976573750914e-02,2.358539423040095784e-03,-7.085356783149282522e-04,-6.259168654765279172e-05,-4.911219715662829000e-05,-8.436372026532357182e-05
1.681947378328798370e+00,-3.322241429867295870e-01,1.581669925289080902e-02,2.385053609035459043e-03,-7.146379667740537789e-04,-6.328478805883719360e-05,-4.842912461728438034e-05,-8.586055151674210073e-05
1.683766905344156850e+00,-3.329346497696601959e-01,1.583521848220365014e-02,2.411842501210653689e-03,-7.207965230074248053e-04,-6.398595732914902356e-05,-4.773591221641365623e-05,-8.737321318537383252e-05
1.685591430267556756e+00,-3.336463220382240857e-01,1.585339292948946543e-02,2.438908830686592477e-03,-7.270118611135550912e-04,-6.469531085678825733e-05,-4.703244841322562486e-05,-8.890184233495412869e-05
1.687420972157647414e+00,-3.343591633107851346e-01,1.587121802372920554e-02,2.466255355691837625e-03,-7.332844993542808609e-04,-6.541296715129041317e-05,-4.631862037613593275e-05,-9.044657700983671500e-05
1.689255550216314239e+00,-3.350731771210733734e-01,1.588868914656726972e-02,2.493884861840878209e-03,-7.396149601744256286e-04,-6.613904677357784756e-05,-4.559431396584240348e-05,-9.200755623742229439e-05
1.691095183790049639e+00,-3.357883670183063884e-01,1.590580163180067841e-02,2.521800162417209279e-03,-7.460037702209793009e-04,-6.687367237656616226e-05,-4.485941371837331992e-05,-9.358492003046225971e-05
1.692939892371337907e+00,-3.365047365673107249e-01,1.592255076486180643e-02,2.550004098657882023e-03,-7.524514603618054354e-04,-6.761696874682532332e-05,-4.411380282778182282e-05,-9.517880938945955105e-05
1.694789695600056767e+00,-3.372222893486459538e-01,1.593893178229544016e-02,2.578499540042106242e-03,-7.589585657041264533e-04,-6.836906284718446969e-05,-4.335736312829907568e-05,-9.678936630456991264e-05
1.696644613264896018e+00,-3.379410289587285177e-01,1.595493987122878488e-02,2.607289384582822667e-03,-7.655256256124121084e-04,-6.913008386028041130e-05,-4.258997507671641314e-05,-9.841673375747539421e-05
1.698504665304791716e+00,-3.386609590099580180e-01,1.597057016883476899e-02,2.636376559121467178e-03,-7.721531837256850883e-04,-6.990016323302206125e-05,-4.181151773422625562e-05,-1.000610557232439746e-04
1.700369871810379241e+00,-3.393820831308443364e-01,1.598581776178878422e-02,2.665764019626926107e-03,-7.788417879748404937e-04,-7.067943472241489111e-05,-4.102186874787444593e-05,-1.017224771716618292e-04
1.702240253025462113e+00,-3.401044049661357538e-01,1.600067768571845905e-02,2.695454751496351165e-03,-7.855919905986330498e-04,-7.146803444199600897e-05,-4.022090433204034143e-05,-1.034011440686211092e-04
1.704115829348500366e+00,-3.408279281769480695e-01,1.601514492464668760e-02,2.725451769860554041e-03,-7.924043481599973848e-04,-7.226610090954599386e-05,-3.940849924918832237e-05,-1.050972033774105752e-04
1.705996621334111341e+00,-3.415526564408963850e-01,1.602921441042724771e-02,2.755758119892454117e-03,-7.992794215611748188e-04,-7.307377509596646448e-05,-3.858452679073032243e-05,-1.068108030595205094e-04
1.707882649694596910e+00,-3.422785934522268869e-01,1.604288102217342471e-02,2.786376877119384199e-03,-8.062177760586319852e-04,-7.389120047532338198e-05,-3.774885875744427022e-05,-1.085420920751839491e-04
1.709773935301482251e+00,-3.430057429219505738e-01,1.605613958567914112e-02,2.817311147738504884e-03,-8.132199812769663749e-04,-7.471852307608384258e-05,-3.690136543949007475e-05,-1.102912203841677208e-04
1.711670499187075478e+00,-3.437341085779771488e-01,1.606898487283263399e-02,2.848564068935771632e-03,-8.202866112225620787e-04,-7.555589153307451511e-05,-3.604191559616887197e-05,-1.120583389458695844e-04
1.713572362546047945e+00,-3.444636941652527429e-01,1.608141160102299905e-02,2.880138809209120687e-03,-8.274182442962602080e-04,-7.640345714141072442e-05,-3.517037643546716552e-05,-1.138435997193876226e-04
1.715479546737031402e+00,-3.451945034458969719e-01,1.609341443253857473e-02,2.912038568695041185e-03,-8.346154633055713479e-04,-7.726137391128595766e-05,-3.428661359305973377e-05,-1.156471556632149289e-04
1.717392073284235599e+00,-3.459265401993416034e-01,1.610498797395754078e-02,2.944266579498505676e-03,-8.418788554758749321e-04,-7.812979862392710473e-05,-3.339049111129865910e-05,-1.174691607347955191e-04
1.719309963879086300e+00,-3.466598082224712218e-01,1.611612677553056483e-02,2.976826106027563590e-03,-8.492090124609247281e-04,-7.900889088946483341e-05,-3.248187141743213990e-05,-1.193097698897610526e-04
1.721233240381883078e+00,-3.473943113297648377e-01,1.612682533055546930e-02,3.009720445330987815e-03,-8.566065303525077779e-04,-7.989881320547009835e-05,-3.156061530187187492e-05,-1.211691390806957092e-04
1.723161924823476632e+00,-3.481300533534394948e-01,1.613707807474328015e-02,3.042952927440500943e-03,-8.640720096894788371e-04,-8.079973101732251806e-05,-3.062658189589839708e-05,-1.230474252560814774e-04
1.725096039406970538e+00,-3.488670381435952095e-01,1.614687938557653191e-02,3.076526915716526478e-03,-8.716060554655874482e-04,-8.171181278018857519e-05,-2.967962864897089048e-05,-1.249447863583136309e-04
1.727035606509439436e+00,-3.496052695683607991e-01,1.615622358165866301e-02,3.110445807197825818e-03,-8.792092771364584669e-04,-8.263523002197126210e-05,-2.871961130599537393e-05,-1.268613813219382491e-04
1.728980648683673405e+00,-3.503447515140420410e-01,1.616510492205433525e-02,3.144713032955853693e-03,-8.868822886254623672e-04,-8.357015740825812777e-05,-2.774638388362837826e-05,-1.287973700712097269e-04
1.730931188659940556e+00,-3.510854878852706085e-01,1.617351760562152352e-02,3.179332058452971621e-03,-8.946257083289610446e-04,-8.451677280857383678e-05,-2.675979864680266829e-05,-1.307529135174817503e-04
1.732887249347773828e+00,-3.518274826051550619e-01,1.618145577033412719e-02,3.214306383904408371e-03,-9.024401591201103301e-04,-8.547525736449235190e-05,-2.575970608448274746e-05,-1.327281735561958165e-04
1.734848853837782201e+00,-3.525707396154336148e-01,1.618891349259576895e-02,3.249639544645299694e-03,-9.103262683513996256e-04,-8.644579555930342885e-05,-2.474595488523995135e-05,-1.347233130633562759e-04
1.736816025403481012e+00,-3.533152628766271786e-01,1.619588478654400421e-02,3.285335111501058725e-03,-9.182846678567613274e-04,-8.742857528923342336e-05,-2.371839191223773513e-05,-1.367384958919359850e-04
1.738788787503149580e+00,-3.540610563681960699e-01,1.620236360334494086e-02,3.321396691163602810e-03,-9.263159939516957264e-04,-8.842378793683103311e-05,-2.267686217775899404e-05,-1.387738868675880699e-04
1.740767163781710591e+00,-3.548081240886962751e-01,1.620834383047839444e-02,3.357827926570328136e-03,-9.344208874322301739e-04,-8.943162844574081838e-05,-2.162120881769868941e-05,-1.408296517838997230e-04
1.742751178072634577e+00,-3.555564700559387670e-01,1.621381929101325947e-02,3.394632497288496698e-03,-9.425999935730317025e-04,-9.045229539769716887e-05,-2.055127306513360175e-05,-1.429059573976459996e-04
1.744740854399869256e+00,-3.563060983071507648e-01,1.621878374287225033e-02,3.431814119904869065e-03,-9.508539621238543127e-04,-9.148599109121136053e-05,-1.946689422371167266e-05,-1.450029714230027800e-04
1.746736216979794865e+00,-3.570570128991366055e-01,1.622323087808712205e-02,3.469376548418362516e-03,-9.591834473042654130e-04,-9.253292162239579177e-05,-1.836790964074991317e-05,-1.471208625257458547e-04
1.748737290223203900e+00,-3.578092179084422231e-01,1.622715432204266395e-02,3.507323574638704367e-03,-9.675891077971787713e-04,-9.359329696773110996e-05,-1.725415467942331693e-05,-1.492598003167561194e-04
1.750744098737307519e+00,-3.585627174315212384e-01,1.623054763271072898e-02,3.545659028589581707e-03,-9.760716067408192753e-04,-9.466733106883173932e-05,-1.612546269081499561e-05,-1.514199553450806812e-04
1.752756667327768136e+00,-3.593175155849019364e-01,1.623340429987324418e-02,3.584386778916204275e-03,-9.846316117193415485e-04,-9.575524191962614395e-05,-1.498166498533487490e-05,-1.536014990904943645e-04
1.754775021000761992e+00,-3.600736165053569637e-01,1.623571774433368864e-02,3.623510733298807018e-03,-9.932697947510477077e-04,-9.685725165586855923e-05,-1.382259080386083472e-05,-1.558046039552563045e-04
1.756799184965065042e+00,-3.608310243500738590e-01,1.623748131711794107e-02,3.663034838869871912e-03,-1.001986832275106321e-03,-9.797358664631605762e-05,-1.264806728813044900e-05,-1.580294432557416417e-04
1.758829184634169263e+00,-3.615897432968281366e-01,1.623868829866301211e-02,3.702963082637567016e-03,-1.010783405137077873e-03,-9.910447758665341667e-05,-1.145791945068863615e-05,-1.602761912133793265e-04
1.760865045628429826e+00,-3.623497775441582580e-01,1.623933189799486865e-02,3.743299491913681942e-03,-1.019660198571609167e-03,-1.002501595963045666e-04,-1.025197014429407583e-05,-1.625450229444103112e-04
1.762906793777236025e+00,-3.631111313115423234e-01,1.623940525189315753e-02,3.784048134747058922e-03,-1.028617902183656674e-03,-1.014108723169093729e-04,-9.030040031034192172e-06,-1.648361144497567654e-04
1.764954455121218402e+00,-3.638738088395761516e-01,1.623890142404488257e-02,3.825213120362519481e-03,-1.037657209927697610e-03,-1.025868600136869979e-04,-7.791947550392364086e-06,-1.671496426041835237e-04
1.767008055914480735e+00,-3.646378143901543023e-01,1.623781340418470331e-02,3.866798599604676090e-03,-1.046778820084331985e-03,-1.037783716797135991e-04,-6.537508887280440995e-06,-1.694857851441411434e-04
1.769067622626867120e+00,-3.654031522466519855e-01,1.623613410722297978e-02,3.908808765387933315e-03,-1.055983435235025025e-03,-1.049856611427535391e-04,-5.266537939259408052e-06,-1.718447206554285511e-04
1.771133181946257684e+00,-3.661698267141101915e-01,1.623385637236106349e-02,3.951247853151707012e-03,-1.065271762234601405e-03,-1.062089871748661540e-04,-3.978846282941261858e-06,-1.742266285600924114e-04
1.773204760780898948e+00,-3.669378421194218198e-01,1.623097296219236374e-02,3.994120141321250150e-03,-1.074644512181061051e-03,-1.074486136047048124e-04,-2.674243140259047191e-06,-1.766316891022995383e-04
1.775282386261764600e+00,-3.677072028115201952e-01,1.622747656179128473e-02,4.037429951774418324e-03,-1.084102400382980225e-03,-1.087048094332854209e-04,-1.352535343786265276e-06,-1.790600833338901188e-04
1.777366085744951363e+00,-3.684779131615695813e-01,1.622335977778760485e-02,4.081181650313958631e-03,-1.093646146324095403e-03,-1.099778489524194658e-04,-1.352730156362058622e-08,-1.815119930985986674e-04
1.779455886814109267e+00,-3.692499775631583048e-01,1.621861513742650640e-02,4.125379647146598661e-03,-1.103276473625833254e-03,-1.112680118663944562e-04,1.342979038761182853e-06,-1.839876010156921149e-04
1.781551817282905237e+00,-3.700234004324937098e-01,1.621323508761467191e-02,4.170028397367520068e-03,-1.112994110005954829e-03,-1.125755834172625924e-04,2.717184226432023397e-06,-1.864870904627058401e-04
1.783653905197522871e+00,-3.707981862085985569e-01,1.620721199395164236e-02,4.215132401450633060e-03,-1.122799787235589930e-03,-1.139008545129049921e-04,4.109291344735199747e-06,-1.890106455572915234e-04
1.785762178839200187e+00,-3.715743393535109740e-01,1.620053813974636769e-02,4.260696205745984066e-03,-1.132694241091705689e-03,-1.152441218590372074e-04,5.519506048962119493e-06,-1.915584511380102883e-04
1.787876666726801345e+00,-3.723518643524860727e-01,1.619320572501752042e-02,4.306724402983297395e-03,-1.142678211307757152e-03,-1.166056880947674568e-04,6.948036604829954666e-06,-1.941306927442654207e-04
1.789997397619427888e+00,-3.731307657141989531e-01,1.618520686547925136e-02,4.353221632781345551e-03,-1.152752441520216165e-03,-1.179858619312079693e-04,8.395093928033336983e-06,-1.967275565952636418e-04
1.792124400519069072e+00,-3.739110479709520929e-01,1.617653359151063897e-02,4.400192582164785815e-03,-1.162917679212241429e-03,-1.193849582948880439e-04,9.860891623955647667e-06,-1.993492295677551374e-04
1.794257704673289933e+00,-3.746927156788825153e-01,1.616717784710827721e-02,4.447641986087241817e-03,-1.173174675653101962e-03,-1.208032984744977778e-04,1.134564602871951378e-05,-2.019958991725523401e-04
1.796397339577960883e+00,-3.754757734181735085e-01,1.615713148882250150e-02,4.495574627961018699e-03,-1.183524185834533560e-03,-1.222412102715175752e-04,1.284957625066751596e-05,-2.046677535304797235e-04
1.798543334980028163e+00,-3.762602257932675665e-01,1.614638628467653103e-02,4.543995340194312282e-03,-1.193966968403181728e-03,-1.236990281554273263e-04,1.437290421270331908e-05,-2.073649813466860170e-04
1.800695720880325590e+00,-3.770460774330824383e-01,1.613493391306833336e-02,4.592909004734607725e-03,-1.204503785588686982e-03,-1.251770934229679000e-04,1.591585469546547005e-05,-2.100877718837212971e-04
1.802854527536429163e+00,-3.778333329912288985e-01,1.612276596165393427e-02,4.642320553620377099e-03,-1.215135403127856617e-03,-1.266757543619267956e-04,1.747865538135467967e-05,-2.128363149335871229e-04
1.805019785465556303e+00,-3.786219971462314038e-01,1.610987392621303360e-02,4.692234969539077483e-03,-1.225862590184895184e-03,-1.281953664195034648e-04,1.906153689953254959e-05,-2.156108007884405264e-04
1.807191525447508829e+00,-3.794120746017523582e-01,1.609624920949623283e-02,4.742657286392809590e-03,-1.236686119266458550e-03,-1.297362923751710362e-04,2.066473287137132742e-05,-2.184114202097159341e-04
1.809369778527663453e+00,-3.802035700868174328e-01,1.608188312005207066e-02,4.793592589872025522e-03,-1.247606766132766665e-03,-1.312989025188671111e-04,2.228847995739552390e-05,-2.212383643960397217e-04
1.811554576020005136e+00,-3.809964883560444382e-01,1.606676687103539281e-02,4.845046018036397451e-03,-1.258625309703581552e-03,-1.328835748336532063e-04,2.393301790468149726e-05,-2.240918249498125014e-04
1.813745949510213507e+00,-3.817908341898740843e-01,1.605089157899540486e-02,4.897022761903596644e-03,-1.269742531959189291e-03,-1.344906951840363352e-04,2.559858959542277157e-05,-2.269719938419179073e-04
1.815943930858793021e+00,-3.825866123948050701e-01,1.603424826264289449e-02,4.949528066046343655e-03,-1.280959217836219466e-03,-1.361206575092310800e-04,2.728544109636965587e-05,-2.298790633751546242e-04
1.818148552204255308e+00,-3.833838278036299507e-01,1.601682784159702555e-02,5.002567229196924758e-03,-1.292276155118274317e-03,-1.377738640220560473e-04,2.899382170917091939e-05,-2.328132261460030827e-04
1.820359845966353474e+00,-3.841824852756747788e-01,1.599862113511021922e-02,5.056145604860812215e-03,-1.303694134320743103e-03,-1.394507254138532826e-04,3.072398402220039015e-05,-2.357746750046296746e-04
1.822577844849368578e+00,-3.849825896970429095e-01,1.597961886077145510e-02,5.110268601938389166e-03,-1.315213948570231883e-03,-1.411516610648477776e-04,3.247618396281376496e-05,-2.387636030131284892e-04
1.824802581845446969e+00,-3.857841459808596940e-01,1.595981163318635487e-02,5.164941685354890177e-03,-1.326836393477498488e-03,-1.428770992605854495e-04,3.425068085096544257e-05,-2.417802034021809821e-04
1.827034090237993347e+00,-3.865871590675209468e-01,1.593918996263513077e-02,5.220170376699140302e-03,-1.338562267004322903e-03,-1.446274774148104125e-04,3.604773745398415219e-05,-2.448246695255507088e-04
1.829272403605122221e+00,-3.873916339249448004e-01,1.591774425370573454e-02,5.275960254871814303e-03,-1.350392369324104891e-03,-1.464032422990313442e-04,3.786762004235472157e-05,-2.478971948127184355e-04
1.831517555823163779e+00,-3.881975755488252799e-01,1.589546480390392758e-02,5.332316956742133573e-03,-1.362327502675633739e-03,-1.482048502781385668e-04,3.971059844678354045e-05,-2.509979727196853805e-04
1.833769581070229471e+00,-3.890049889628920399e-01,1.587234180223792701e-02,5.389246177813944438e-03,-1.374368471209919118e-03,-1.500327675532653338e-04,4.157694611629791925e-05,-2.541271966776392777e-04
1.836028513829837117e+00,-3.898138792191699342e-01,1.584836532777761375e-02,5.446753672901538668e-03,-1.386516080829930386e-03,-1.518874704118100549e-04,4.346694017770547092e-05,-2.572850600390530484e-04
1.838294388894596620e+00,-3.906242513982428610e-01,1.582352534818781686e-02,5.504845256814466792e-03,-1.398771139022259025e-03,-1.537694454847304826e-04,4.538086149612208242e-05,-2.604717560222430395e-04
1.840567241369962304e+00,-3.914361106095223253e-01,1.579781171823484154e-02,5.563526805052704249e-03,-1.411134454681925443e-03,-1.556791900113596583e-04,4.731899473708889303e-05,-2.636874776529435360e-04
1.842847106678044078e+00,-3.922494619915174452e-01,1.577121417826540806e-02,5.622804254511559741e-03,-1.423606837928401148e-03,-1.576172121120766878e-04,4.928162842957745093e-05,-2.669324177040771628e-04
1.845134020561489230e+00,-3.930643107121098989e-01,1.574372235265811271e-02,5.682683604196880900e-03,-1.436189099913887102e-03,-1.595840310688878549e-04,5.126905503094469907e-05,-2.702067686325415607e-04
1.847428019087430151e+00,-3.938806619688313138e-01,1.571532574824527351e-02,5.743170915950446265e-03,-1.448882052622377237e-03,-1.615801776147784974e-04,5.328157099270675046e-05,-2.735107225136090836e-04
1.849729138651499349e+00,-3.946985209891444857e-01,1.568601375270578524e-02,5.804272315185932118e-03,-1.461686508659756911e-03,-1.636061942310584882e-04,5.531947682804044808e-05,-2.768444709727729824e-04
1.852037415981918178e+00,-3.955178930307281515e-01,1.565577563292716579e-02,5.865993991635787275e-03,-1.474603281035172242e-03,-1.656626354543111468e-04,5.738307718062413132e-05,-2.802082051146376207e-04
1.854352888143658840e+00,-3.963387833817661465e-01,1.562460053333722398e-02,5.928342200109515403e-03,-1.487633182932060483e-03,-1.677500681921406667e-04,5.947268089529639257e-05,-2.836021154488804763e-04
1.856675592542677444e+00,-3.971611973612395596e-01,1.559247747420344776e-02,5.991323261262504474e-03,-1.500777027469590852e-03,-1.698690720484119510e-04,6.158860108987362914e-05,-2.870263918136051196e-04
1.859005566930226117e+00,-3.979851403192226633e-01,1.555939534989933537e-02,6.054943562376763344e-03,-1.514035627453308441e-03,-1.720202396583714322e-04,6.373115522875782979e-05,-2.904812232950443329e-04
1.861342849407242372e+00,-3.988106176371826184e-01,1.552534292713733666e-02,6.119209558153149153e-03,-1.527409795115314273e-03,-1.742041770337876549e-04,6.590066519817500135e-05,-2.939667981447929845e-04
1.863687478428821764e+00,-3.996376347282838970e-01,1.549030884316768275e-02,6.184127771515918193e-03,-1.540900341843398635e-03,-1.764215039188332668e-04,6.809745738316913544e-05,-2.974833036930440988e-04
1.866039492808765576e+00,-4.004661970376961477e-01,1.545428160394099470e-02,6.249704794429100652e-03,-1.554508077897934215e-03,-1.786728541567916828e-04,7.032186274623375422e-05,-3.010309262586052803e-04
1.868398931724223555e+00,-4.012963100429060570e-01,1.541724958223564257e-02,6.315947288725448638e-03,-1.568233812117417192e-03,-1.809588760674496477e-04,7.257421690765736288e-05,-3.046098510556538574e-04
1.870765834720415022e+00,-4.021279792540346509e-01,1.537920101574652421e-02,6.382861986948484834e-03,-1.582078351611185263e-03,-1.832802328367577616e-04,7.485486022800608152e-05,-3.082202620964258344e-04
1.873140241715441245e+00,-4.029612102141563179e-01,1.534012400513652674e-02,6.450455693206735841e-03,-1.596042501439118300e-03,-1.856376029177597697e-04,7.716413789216058916e-05,-3.118623420903798849e-04
1.875522193005191074e+00,-4.037960084996250476e-01,1.530000651204804774e-02,6.518735284041871081e-03,-1.610127064278238374e-03,-1.880316804444559509e-04,7.950239999558045279e-05,-3.155362723391008650e-04
1.877911729268338270e+00,-4.046323797204027795e-01,1.525883635707384056e-02,6.587707709310719473e-03,-1.624332840075237705e-03,-1.904631756582120250e-04,8.187000163236562988e-05,-3.192422326272342792e-04
1.880308891571435881e+00,-4.054703295203934132e-01,1.521660121768662888e-02,6.657379993080692060e-03,-1.638660625684462691e-03,-1.929328153472409380e-04,8.426730298553147813e-05,-3.229804011094378202e-04
1.882713721374108751e+00,-4.063098635777818712e-01,1.517328862612607465e-02,6.727759234539137934e-03,-1.653111214491312375e-03,-1.954413432996848776e-04,8.669466941926134984e-05,-3.267509541924895622e-04
1.885126260534349729e+00,-4.071509876053775456e-01,1.512888596724207280e-02,6.798852608917493878e-03,-1.667685396019386035e-03,-1.979895207712134564e-04,8.915247157351147145e-05,-3.305540664130524053e-04
1.887546551313914911e+00,-4.079937073509607992e-01,1.508338047629177725e-02,6.870667368430727340e-03,-1.682383955522698260e-03,-2.005781269666662148e-04,9.164108546067667449e-05,-3.343899103109004844e-04
1.889974636383831452e+00,-4.088380285976366268e-01,1.503675923669117731e-02,6.943210843231129026e-03,-1.697207673560199859e-03,-2.032079595369884473e-04,9.416089256483739511e-05,-3.382586562968581401e-04
1.892410558830014411e+00,-4.096839571641929245e-01,1.498900917771925356e-02,7.016490442377842918e-03,-1.712157325553506637e-03,-2.058798350919877063e-04,9.671227994303283060e-05,-3.421604725159232974e-04
1.894854362158990835e+00,-4.105314989054631436e-01,1.494011707217188234e-02,7.090513654822550027e-03,-1.727233681326420522e-03,-2.085945897287722062e-04,9.929564032939985907e-05,-3.460955247050340189e-04
1.897306090303747084e+00,-4.113806597126938303e-01,1.489006953396629362e-02,7.165288050411361409e-03,-1.742437504626298539e-03,-2.113530795773421733e-04,1.019113722415046497e-04,-3.500639760453116978e-04
1.899765787629691172e+00,-4.122314455139191036e-01,1.483885301569339010e-02,7.240821280902726143e-03,-1.757769552626062270e-03,-2.141561813628067856e-04,1.045598800895539138e-04,-3.540659870089613026e-04
1.902233498940739231e+00,-4.130838622743386868e-01,1.478645380611652571e-02,7.317121081002631033e-03,-1.773230575405751464e-03,-2.170047929857532587e-04,1.072415742880625245e-04,-3.581017152001070292e-04
1.904709269485525436e+00,-4.139379159967033206e-01,1.473285802761600816e-02,7.394195269417563887e-03,-1.788821315414079738e-03,-2.198998341211011454e-04,1.099568713703383271e-04,-3.621713151894245808e-04
1.907193144963746256e+00,-4.147936127217038971e-01,1.467805163357602249e-02,7.472051749924490949e-03,-1.804542506908007882e-03,-2.228422468357471597e-04,1.127061941060547579e-04,-3.662749383428615113e-04
1.909685171532629955e+00,-4.156509585283671426e-01,1.462202040571417005e-02,7.550698512459541600e-03,-1.820394875370626164e-03,-2.258329962263605495e-04,1.154899716215435079e-04,-3.704127326434186740e-04
1.912185395813551958e+00,-4.165099595344586292e-01,1.456474995135147166e-02,7.630143634225677873e-03,-1.836379136905139098e-03,-2.288730710771069710e-04,1.183086395230986687e-04,-3.745848425064507436e-04
1.914693864898784348e+00,-4.173706218968900039e-01,1.450622570062007344e-02,7.710395280818155284e-03,-1.852495997606062872e-03,-2.319634845382445576e-04,1.211626400234519507e-04,-3.787914085881527448e-04
1.917210626358391456e+00,-4.182329518121326029e-01,1.444643290360822507e-02,7.791461707370661571e-03,-1.868746152904485203e-03,-2.351052748276460935e-04,1.240524220716757164e-04,-3.830325675863027746e-04
1.919735728247275119e+00,-4.190969555166375593e-01,1.438535662743964383e-02,7.873351259720967610e-03,-1.885130286888594964e-03,-2.382995059531933801e-04,1.269784414860627986e-04,-3.873084520339548087e-04
1.922269219112373584e+00,-4.199626392872631842e-01,1.432298175328577949e-02,7.956072375597339486e-03,-1.901649071597136254e-03,-2.415472684599850872e-04,1.299411610906631154e-04,-3.916191900851934138e-04
1.924811148000015626e+00,-4.208300094417080639e-01,1.425929297330924550e-02,8.039633585825822770e-03,-1.918303166285342809e-03,-2.448496802009147988e-04,1.329410508552689163e-04,-3.959649052928115864e-04
1.927361564463438537e+00,-4.216990723389507645e-01,1.419427478753584881e-02,8.124043515558704298e-03,-1.935093216662298055e-03,-2.482078871322568325e-04,1.359785880392580526e-04,-4.003457163775786531e-04
1.929920518570472643e+00,-4.225698343796968626e-01,1.412791150065337287e-02,8.209310885525206158e-03,-1.952019854098721585e-03,-2.516230641353145447e-04,1.390542573388789394e-04,-4.047617369891953754e-04
1.932488060911396577e+00,-4.234423020068330823e-01,1.406018721873471267e-02,8.295444513305383349e-03,-1.969083694803905327e-03,-2.550964158644641877e-04,1.421685510385808926e-04,-4.092130754578260365e-04
1.935064242606969076e+00,-4.243164817058887039e-01,1.399108584588323878e-02,8.382453314626420182e-03,-1.986285338970827929e-03,-2.586291776235372097e-04,1.453219691663551472e-04,-4.136998345364295560e-04
1.937649115316644854e+00,-4.251923800055032454e-01,1.392059108079837793e-02,8.470346304682296878e-03,-2.003625369888087371e-03,-2.622226162695973084e-04,1.485150196530865552e-04,-4.182221111340284070e-04
1.940242731246974106e+00,-4.260700034779032475e-01,1.384868641325806560e-02,8.559132599479102321e-03,-2.021104353018193800e-03,-2.658780311474984170e-04,1.517482184964780156e-04,-4.227799960381944944e-04
1.942845143160197630e+00,-4.269493587393856648e-01,1.377535512051659972e-02,8.648821417204244355e-03,-2.038722835039960546e-03,-2.695967550541689128e-04,1.550220899290202792e-04,-4.273735736278760911e-04
1.945456404383038684e+00,-4.278304524508093065e-01,1.370058026361467562e-02,8.739422079621500528e-03,-2.056481342853813676e-03,-2.733801552352588260e-04,1.583371665907704062e-04,-4.320029215751780560e-04
1.948076568815699128e+00,-4.287132913180953242e-01,1.362434468359888240e-02,8.830944013492825206e-03,-2.074380382549895208e-03,-2.772296344143998503e-04,1.616939897066682619e-04,-4.366681105358594106e-04
1.950705690941070269e+00,-4.295978820927349728e-01,1.354663099764846779e-02,8.923396752026580003e-03,-2.092420438335920729e-03,-2.811466318558275557e-04,1.650931092687310531e-04,-4.413692038289646069e-04
1.953343825834152669e+00,-4.304842315723063084e-01,1.346742159510616599e-02,9.016789936352576085e-03,-2.110601971424347356e-03,-2.851326244628360485e-04,1.685350842232577473e-04,-4.461062571041035651e-04
1.955991029171705531e+00,-4.313723466009987129e-01,1.338669863340963273e-02,9.111133317027453327e-03,-2.128925418877089526e-03,-2.891891279122316138e-04,1.720204826632584783e-04,-4.508793179963527242e-04
1.958647357242125464e+00,-4.322622340701476329e-01,1.330444403392083697e-02,9.206436755568175867e-03,-2.147391192406616911e-03,-2.933176978263118961e-04,1.755498820261436332e-04,-4.556884257686383277e-04
1.961312866955559731e+00,-4.331539009187777012e-01,1.322063947765073078e-02,9.302710226014809791e-03,-2.165999677130853174e-03,-2.975199309842302409e-04,1.791238692969848723e-04,-4.605336109406998890e-04
1.963987615854265734e+00,-4.340473541341551833e-01,1.313526640087550601e-02,9.399963816524803395e-03,-2.184751230281334333e-03,-3.017974665729117323e-04,1.827430412173342011e-04,-4.654148949042868910e-04
1.966671662123220532e+00,-4.349426007523498061e-01,1.304830599064024654e-02,9.498207730998381448e-03,-2.203646179862350785e-03,-3.061519874801854613e-04,1.864080045000660046e-04,-4.703322895244776980e-04
1.969365064600995918e+00,-4.358396478588070222e-01,1.295973918014825532e-02,9.597452290736468994e-03,-2.222684823259171716e-03,-3.105852216310767133e-04,1.901193760502767338e-04,-4.752857967257467786e-04
1.972067882790891069e+00,-4.367385025889304329e-01,1.286954664403089366e-02,9.697707936131672035e-03,-2.241867425794019653e-03,-3.150989433682027663e-04,1.938777831923879647e-04,-4.802754080631410627e-04
1.974780176872349857e+00,-4.376391721286737591e-01,1.277770879349443556e-02,9.798985228393952696e-03,-2.261194219227158353e-03,-3.196949748792421442e-04,1.976838639037373224e-04,-4.853011042775939865e-04
1.977502007712656162e+00,-4.385416637151431374e-01,1.268420577134082849e-02,9.901294851310193934e-03,-2.280665400201789539e-03,-3.243751876715328386e-04,2.015382670549348276e-04,-4.903628548346833371e-04
1.980233436878926723e+00,-4.394459846372109624e-01,1.258901744685730906e-02,1.000464761304098449e-02,-2.300281128630413119e-03,-3.291415040964640326e-04,2.054416526571095636e-04,-4.954606174466247293e-04
1.982974526650405522e+00,-4.403521422361419413e-01,1.249212341057215347e-02,1.010905444795393016e-02,-2.320041526020444334e-03,-3.339958989254654398e-04,2.093946921162756492e-04,-5.005943375764460024e-04
1.985725340031067043e+00,-4.412601439062281417e-01,1.239350296887037350e-02,1.021452641849479592e-02,-2.339946673737255955e-03,-3.389404009784546812e-04,2.133980684951644613e-04,-5.057639479240649827e-04
1.988485940762543702e+00,-4.421699970954367509e-01,1.229313513846622130e-02,1.032107471709781121e-02,-2.359996611201412020e-03,-3.439770948075182577e-04,2.174524767825508631e-04,-5.109693678935628425e-04
1.991256393337383912e+00,-4.430817093060710476e-01,1.219099864072828443e-02,1.042871066813652603e-02,-2.380191334019163274e-03,-3.491081224379632975e-04,2.215586241706354875e-04,-5.162105030406538564e-04
1.994036763012652980e+00,-4.439952880954417536e-01,1.208707189585084274e-02,1.053744572991610617e-02,-2.400530792042637751e-03,-3.543356851674062113e-04,2.257172303406912439e-04,-5.214872444999629764e-04
1.996827115823884835e+00,-4.449107410765523740e-01,1.198133301686779562e-02,1.064729149670740060e-02,-2.421014887357741951e-03,-3.596620454264232158e-04,2.299290277568769025e-04,-5.267994683914173359e-04
1.999627518599400133e+00,-4.458280759187973064e-01,1.187375980350435789e-02,1.075825970082458505e-02,-2.441643472196289300e-03,-3.650895287019284563e-04,2.341947619688214410e-04,-5.321470352047524832e-04
2.002438038974998058e+00,-4.467473003486719385e-01,1.176432973585969655e-02,1.087036221474874109e-02,-2.462416346770884834e-03,-3.706205255263883558e-04,2.385151919234926310e-04,-5.375297891615227197e-04
2.005258745409036258e+00,-4.476684221504987349e-01,1.165301996791645589e-02,1.098361105329737075e-02,-2.483333257029485264e-03,-3.762574935345097682e-04,2.428910902863221088e-04,-5.429475575534220555e-04
2.008089707197912688e+00,-4.485914491671658677e-01,1.153980732087167560e-02,1.109801837584087347e-02,-2.504393892325318394e-03,-3.820029595897611596e-04,2.473232437716355037e-04,-5.484001500567770027e-04
2.010930994491953339e+00,-4.495163893008807809e-01,1.142466827628160764e-02,1.121359648856842806e-02,-2.525597883000552102e-03,-3.878595219839464647e-04,2.518124534835741724e-04,-5.538873580216846504e-04
2.013782678311736074e+00,-4.504432505139370768e-01,1.130757896901646298e-02,1.133035784680383462e-02,-2.546944797880701383e-03,-3.938298527108030633e-04,2.563595352669881255e-04,-5.594089537355739772e-04
2.016644830564843893e+00,-4.513720408294995545e-01,1.118851518001756640e-02,1.144831505737314847e-02,-2.568434141675096649e-03,-3.999166998188696809e-04,2.609653200691605668e-04,-5.649646896592613876e-04
2.019517524063079161e+00,-4.523027683324037374e-01,1.106745232885145147e-02,1.156748088102671490e-02,-2.590065352281803457e-03,-4.061228898439850354e-04,2.656306543126138453e-04,-5.705542976350008733e-04
2.022400832540142801e+00,-4.532354411699693331e-01,1.094436546605201399e-02,1.168786823491435589e-02,-2.611837797991969912e-03,-4.124513303251919893e-04,2.703564002793507060e-04,-5.761774880665426757e-04
2.025294830669796653e+00,-4.541700675528320685e-01,1.081922926524664375e-02,1.180949019511837172e-02,-2.633750774590840060e-03,-4.189050124073778747e-04,2.751434365069055366e-04,-5.818339490681057047e-04
2.028199594084524993e+00,-4.551066557557936765e-01,1.069201801505798022e-02,1.193235999924385782e-02,-2.655803502351519740e-03,-4.254870135328159275e-04,2.799926581964068406e-04,-5.875233455828465789e-04
2.031115199394717408e+00,-4.560452141186880359e-01,1.056270561077357617e-02,1.205649104906958424e-02,-2.677995122917206650e-03,-4.322005002260487228e-04,2.849049776336778916e-04,-5.932453184690350545e-04
2.034041724208369928e+00,-4.569857510472637441e-01,1.043126554577553100e-02,1.218189691325996526e-02,-2.700324696068762131e-03,-4.390487309738067001e-04,2.898813246233478136e-04,-5.989994835531031736e-04
2.036979247151352368e+00,-4.579282750140876157e-01,1.029767090272365460e-02,1.230859133014061690e-02,-2.722791196372281730e-03,-4.460350592046524731e-04,2.949226469363130931e-04,-6.047854306477223885e-04
2.039927847888230783e+00,-4.588727945594669455e-01,1.016189434448278028e-02,1.243658821053963970e-02,-2.745393509703389356e-03,-4.531629363717371017e-04,3.000299107714932134e-04,-6.106027225341731368e-04
2.042887607143680562e+00,-4.598193182923897004e-01,1.002390810478503980e-02,1.256590164069582016e-02,-2.768130429642648438e-03,-4.604359151417491969e-04,3.052041012319012259e-04,-6.164508939078550132e-04
2.045858606724507034e+00,-4.607678548914864725e-01,9.883683978620910748e-03,1.269654588523683181e-02,-2.791000653739217352e-03,-4.678576526936928381e-04,3.104462228160007053e-04,-6.223294502852444454e-04
2.048840929542285139e+00,-4.617184131060116381e-01,9.741193312347073974e-03,1.282853539022810185e-02,-2.814002779635657592e-03,-4.754319141328233744e-04,3.157572999244184775e-04,-6.282378668709120983e-04
2.051834659636648794e+00,-4.626710017568464450e-01,9.596406993503031613e-03,1.296188478629628493e-02,-2.837135301050605629e-03,-4.831625760223223764e-04,3.211383773827486410e-04,-6.341755873833926360e-04
2.054839882199249956e+00,-4.636256297375251356e-01,9.449295440327187823e-03,1.309660889182792665e-02,-2.860396603613493682e-03,-4.910536300374024332e-04,3.265905209812527965e-04,-6.401420228379223198e-04
2.057856683598399350e+00,-4.645823060152814987e-01,9.299828590961539687e-03,1.323272271624642560e-02,-2.883784960546198484e-03,-4.991091867466712628e-04,3.321148180315813825e-04,-6.461365502856281084e-04
2.060885151404426185e+00,-4.655410396321199018e-01,9.147975892334625492e-03,1.337024146337018049e-02,-2.907298528185942033e-03,-5.073334795244188733e-04,3.377123779416332794e-04,-6.521585115059486126e-04
2.063925374415767511e+00,-4.665018397059101374e-01,8.993706288712099983e-03,1.350918053485317127e-02,-2.930935341343157696e-03,-5.157308685996564446e-04,3.433843328085467439e-04,-6.582072116519954719e-04
2.066977442685824506e+00,-4.674647154315065278e-01,8.836988209903778868e-03,1.364955553371183239e-02,-2.954693308489700354e-03,-5.243058452451543339e-04,3.491318380312927183e-04,-6.642819178465236840e-04
2.070041447550595493e+00,-4.684296760818923988e-01,8.677789559115883788e-03,1.379138226793963362e-02,-2.978570206769878825e-03,-5.330630361135013651e-04,3.549560729427039818e-04,-6.703818577268177981e-04
2.073117481657128280e+00,-4.693967310093508649e-01,8.516077700435442654e-03,1.393467675421336538e-02,-3.002563676828676198e-03,-5.420072077236270935e-04,3.608582414623140444e-04,-6.765062179364678130e-04
2.076205638992802971e+00,-4.703658896466612616e-01,8.351819445935715347e-03,1.407945522169337660e-02,-3.026671217450357942e-03,-5.511432711047536959e-04,3.668395727705053844e-04,-6.826541425623833259e-04
2.079306014915490053e+00,-4.713371615083249422e-01,8.184981042389627426e-03,1.422573411591948611e-02,-3.050890179999987684e-03,-5.604762866014134648e-04,3.729013220043070342e-04,-6.888247315152695727e-04
2.082418706184596680e+00,-4.723105561918190531e-01,8.015528157577139767e-03,1.437353010280822962e-02,-3.075217762662493803e-03,-5.700114688472757152e-04,3.790447709763958284e-04,-6.950170388508869479e-04
2.085543810993040204e+00,-4.732860833788782307e-01,7.843425866173286964e-03,1.452286007275260804e-02,-3.099651004469503035e-03,-5.797541919130844157e-04,3.852712289175441729e-04,-7.012300710304564255e-04
2.088681429000182721e+00,-4.742637528368075506e-01,7.668638635202618126e-03,1.467374114482775105e-02,-3.124186779108237277e-03,-5.897099946343131727e-04,3.915820332436453777e-04,-7.074627851177406335e-04
2.091831661365746609e+00,-4.752435744198283962e-01,7.491130309046162283e-03,1.482619067110682587e-02,-3.148821788504146957e-03,-5.998845861261148382e-04,3.979785503481492182e-04,-7.137140869108021812e-04
2.094994610784757683e+00,-4.762255580704527480e-01,7.310864093984098533e-03,1.498022624108932832e-02,-3.173552556167719141e-03,-6.102838514912833912e-04,4.044621764202407932e-04,-7.199828290055942936e-04
2.098170381523544847e+00,-4.772097138208929445e-01,7.127802542258782070e-03,1.513586568624702977e-02,-3.198375420299021110e-03,-6.209138577285833183e-04,4.110343382909276144e-04,-7.262678087896351498e-04
2.101359079456827317e+00,-4.781960517945053057e-01,6.941907535643554450e-03,1.529312708468955062e-02,-3.223286526640292693e-03,-6.317808598485519234e-04,4.176964943067643099e-04,-7.325677663626434244e-04
2.104560812105933376e+00,-4.791845822072673955e-01,6.753140268497381804e-03,1.545202876595413999e-02,-3.248281821066470454e-03,-6.428913072046849031e-04,4.244501352329982380e-04,-7.388813823815953974e-04
2.107775688678190207e+00,-4.801753153692935316e-01,6.561461230290943636e-03,1.561258931592435228e-02,-3.273357041906302389e-03,-6.542518500466387721e-04,4.312967851868576563e-04,-7.452072758275668507e-04
2.111003820107511419e+00,-4.811682616863865447e-01,6.366830187583716327e-03,1.577482758188022971e-02,-3.298507711982104351e-03,-6.658693463044984551e-04,4.382380026021759356e-04,-7.515440016916535848e-04
2.114245319096240916e+00,-4.821634316616281724e-01,6.169206165434731881e-03,1.593876267768573607e-02,-3.323729130359609485e-03,-6.777508686118538517e-04,4.452753812264759192e-04,-7.578900485767509076e-04
2.117500300158280613e+00,-4.831608358970079786e-01,5.968547428225751128e-03,1.610441398911735544e-02,-3.349016363797016616e-03,-6.899037115762063355e-04,4.524105511515483236e-04,-7.642438362126385831e-04
2.120768879663556206e+00,-4.841604850950952943e-01,5.764811459879531919e-03,1.627180117933721415e-02,-3.374364237881441464e-03,-7.023353993058367717e-04,4.596451798790299192e-04,-7.706037128804854586e-04
2.124051175883858278e+00,-4.851623900607522355e-01,5.557954943450377217e-03,1.644094419451763711e-02,-3.399767327843139508e-03,-7.150536932023776604e-04,4.669809734218141606e-04,-7.769679527441508693e-04
2.127347309040114709e+00,-4.861665617028896325e-01,5.347933740065535790e-03,1.661186326961963666e-02,-3.425219949034302713e-03,-7.280666000279434336e-04,4.744196774430775587e-04,-7.833347530849799067e-04
2.130657401351130353e+00,-4.871730110362688659e-01,5.134702867195861664e-03,1.678457893433268899e-02,-3.450716147060703398e-03,-7.413823802578656252e-04,4.819630784337405882e-04,-7.897022314356655359e-04
2.133981577083859271e+00,-4.881817491833495559e-01,4.918216476232417644e-03,1.695911201917926769e-02,-3.476249687555027501e-03,-7.550095567285530773e-04,4.896130049305211229e-04,-7.960684226106795602e-04
2.137319962605248591e+00,-4.891927873761847678e-01,4.698427829343987394e-03,1.713548366179054594e-02,-3.501814045576950862e-03,-7.689569235903026545e-04,4.973713287750661238e-04,-8.024312756291090976e-04
2.140672686435719285e+00,-4.902061369583660677e-01,4.475289275593541394e-03,1.731371531335806901e-02,-3.527402394627371374e-03,-7.832335555779390557e-04,5.052399664164028414e-04,-8.087886505255686975e-04
2.144039879304324714e+00,-4.912218093870193147e-01,4.248752226284874256e-03,1.749382874526744791e-02,-3.553007595263099616e-03,-7.978488176091647066e-04,5.132208802580487395e-04,-8.151383150458435534e-04
2.147421674205665987e+00,-4.922398162348520789e-01,4.018767129514433378e-03,1.767584605592120717e-02,-3.578622183297408554e-03,-8.128123747227766760e-04,5.213160800513899629e-04,-8.214779412225731159e-04
2.150818206458601445e+00,-4.932601691922562370e-01,3.785283443900999689e-03,1.785978967775475601e-02,-3.604238357571273865e-03,-8.281342023692683796e-04,5.295276243368896019e-04,-8.278051018269089179e-04
2.154229613766828866e+00,-4.942828800694655245e-01,3.548249611464271425e-03,1.804568238445330985e-02,-3.629847967279720145e-03,-8.438245970657787254e-04,5.378576219350408860e-04,-8.341172666918861278e-04
2.157656036281395462e+00,-4.953079607987723176e-01,3.307613029623179823e-03,1.823354729837708965e-02,-3.655442498838201715e-03,-8.598941874295162879e-04,5.463082334889735048e-04,-8.404117989023046631e-04
2.161097616665205834e+00,-4.963354234368019258e-01,3.063320022283128052e-03,1.842340789819985059e-02,-3.681013062270824254e-03,-8.763539456024815877e-04,5.548816730602257330e-04,-8.466859508464708028e-04
2.164554500159595385e+00,-4.973652801668492218e-01,2.815315809981483453e-03,1.861528802676831740e-02,-3.706550377104267380e-03,-8.932151990819758858e-04,5.635802097797779076e-04,-8.529368601251641202e-04
2.168026834653043800e+00,-4.983975433012794998e-01,2.563544479056961700e-03,1.880921189919143588e-02,-3.732044757749575226e-03,-9.104896429707187711e-04,5.724061695564636176e-04,-8.591615453125145407e-04
2.171514770752092538e+00,-4.994322252839935028e-01,2.307948949810956218e-03,1.900520411116504715e-02,-3.757486098352816328e-03,-9.281893526628393065e-04,5.813619368451386493e-04,-8.653569015633355566e-04
2.175018461854554275e+00,-5.004693386929606191e-01,2.048470943624453033e-03,1.920328964754092205e-02,-3.782863857095836169e-03,-9.463267969803956792e-04,5.904499564757664798e-04,-8.715196960612930921e-04
2.178538064225089332e+00,-5.015088962428226882e-01,1.785050948994865161e-03,1.940349389114837120e-02,-3.808167039927104480e-03,-9.649148517777428324e-04,5.996727355469383403e-04,-8.776465633020535950e-04
2.182073737073224606e+00,-5.025509107875678616e-01,1.517628186454678119e-03,1.960584263187586940e-02,-3.833384183701715742e-03,-9.839668140289026255e-04,6.090328453849658263e-04,-8.837340002064014710e-04
2.185625642633907795e+00,-5.035953953232812363e-01,1.246140572333909180e-03,1.981036207602221433e-02,-3.858503338710211894e-03,-1.003496416416949089e-03,6.185329235719599916e-04,-8.897783610557069567e-04
2.189193946250682199e+00,-5.046423629909710940e-01,9.705246813254408966e-04,2.001707885592676761e-02,-3.883512050573564856e-03,-1.023517842442700498e-03,6.281756760448745092e-04,-8.957758522446096494e-04
2.192778816461569580e+00,-5.056918270794741321e-01,6.907157078117343030e-04,2.022602003988652197e-02,-3.908397341481587017e-03,-1.044045742071175731e-03,6.379638792678860026e-04,-9.017225268437428776e-04
2.196380425087758326e+00,-5.067438010284438521e-01,4.066474259089847276e-04,2.043721314237142983e-02,-3.933145690750081136e-03,-1.065095247936354017e-03,6.479003824816781387e-04,-9.076142789650604170e-04
2.199998947325194631e+00,-5.077982984314227677e-01,1.182521481855325352e-04,2.065068613454629221e-02,-3.957743014674136584e-03,-1.086681992122556784e-03,6.579881100312531816e-04,-9.134468379243254610e-04
2.203634561839174832e+00,-5.088553330390033214e-01,-1.745393169924891463e-04,2.086646745511133716e-02,-3.982174645651093137e-03,-1.108822123544600524e-03,6.682300637758237238e-04,-9.192157621916163812e-04
2.207287450862044587e+00,-5.099149187620781731e-01,-4.717977095375081031e-04,2.108458602147086913e-02,-4.006425310546263274e-03,-1.131532325947759432e-03,6.786293255841152616e-04,-9.249164331231046754e-04
2.210957800294112818e+00,-5.109770696751829711e-01,-7.735953631859970869e-04,2.130507124124136897e-02,-4.030479108275308864e-03,-1.154829836549964295e-03,6.891890599171057730e-04,-9.305440484665833401e-04
2.214645799807891002e+00,-5.120418000199379316e-01,-1.080006252566961811e-03,2.152795302411086853e-02,-4.054319486573976228e-03,-1.178732465349108249e-03,6.999125165026362505e-04,-9.360936156313781620e-04
2.218351642955777692e+00,-5.131091242085880078e-01,-1.391106041845002750e-03,2.175326179406159022e-02,-4.077929217926740124e-03,-1.203258615119828789e-03,7.108030331040293692e-04,-9.415599447151062895e-04
2.222075527281298868e+00,-5.141790568276447537e-01,-1.706972134993961498e-03,2.198102850196750890e-02,-4.101290374623298152e-03,-1.228427302124135423e-03,7.218640383870114641e-04,-9.469376412784558106e-04
2.225817654434043114e+00,-5.152516126416374354e-01,-2.027683727758022858e-03,2.221128463857979796e-02,-4.124384302911857092e-03,-1.254258177561806686e-03,7.330990548881227697e-04,-9.522210988585078084e-04
2.229578230288404406e+00,-5.163268065969717213e-01,-2.353321861359419787e-03,2.244406224791425930e-02,-4.147191596216445730e-03,-1.280771549787562691e-03,7.445117020883282311e-04,-9.574044912108864436e-04
2.233357465066275971e+00,-5.174046538259026162e-01,-2.683969478014663901e-03,2.267939394105258910e-02,-4.169692067384322964e-03,-1.307988407322047131e-03,7.561056995956036419e-04,-9.624817642719107891e-04
2.237155573463829317e+00,-5.184851696506259655e-01,-3.019711478321390752e-03,2.291731291037371609e-02,-4.191864719928606320e-03,-1.335930442685318020e-03,7.678848704403551384e-04,-9.674466278298404776e-04
2.240972774782524546e+00,-5.195683695874904195e-01,-3.360634780583432457e-03,2.315785294422817442e-02,-4.213687718230135770e-03,-1.364620077082823180e-03,7.798531444877798702e-04,-9.722925468946680416e-04
2.244809293064495392e+00,-5.206542693513347420e-01,-3.706828382141424960e-03,2.340104844207144263e-02,-4.235138356659923220e-03,-1.394080485974363848e-03,7.920145619711438378e-04,-9.770127327562161401e-04
2.248665357232464412e+00,-5.217428848599550140e-01,-4.058383422779754390e-03,2.364693443007204188e-02,-4.256193027583871080e-03,-1.424335625557604512e-03,8.043732771505773815e-04,-9.816001337183827280e-04
2.252541201234351753e+00,-5.228342322387067309e-01,-4.415393250282589888e-03,2.389554657720968645e-02,-4.276827188209181285e-03,-1.455410260199740957e-03,8.169335621013990023e-04,-9.860474254984180620e-04
2.256437064192732933e+00,-5.239283278252443443e-01,-4.777953488215719302e-03,2.414692121188150020e-02,-4.297015326229808307e-03,-1.487329990850910777e-03,8.296998106366165748e-04,-9.903470012787990440e-04
2.260353190559330372e+00,-5.250251881744052440e-01,-5.146162106013513204e-03,2.440109533903384031e-02,-4.316730924228004418e-03,-1.520121284475595136e-03,8.426765423683729717e-04,-9.944909613989888486e-04
2.264289830274702098e+00,-5.261248300632410668e-01,-5.520119491452202265e-03,2.465810665783643718e-02,-4.335946422786271515e-03,-1.553811504537094823e-03,8.558684069124716798e-04,-9.984711026741199813e-04
2.268247238933319032e+00,-5.272272704962016610e-01,-5.899928525594205775e-03,2.491799357991814068e-02,-4.354633182261813396e-03,-1.588428942574826586e-03,8.692801882409784131e-04,-1.002278907327208701e-03
2.272225677954224921e+00,-5.283325267104789225e-01,-6.285694660290830349e-03,2.518079524818367387e-02,-4.372761443175540719e-03,-1.624002850913797147e-03,8.829168091882277913e-04,-1.005905531520051577e-03
2.276225414757468535e+00,-5.294406161815137235e-01,-6.677525998338318391e-03,2.544655155623257170e-02,-4.390300285164780436e-03,-1.660563476545584560e-03,8.967833361143429105e-04,-1.009341793468510051e-03
2.280246722946525750e+00,-5.305515566286718165e-01,-7.075533376378589923e-03,2.571530316839959474e-02,-4.407217584445691227e-03,-1.698142096224736219e-03,9.108849837313193198e-04,-1.012578161127222764e-03
2.284289882496915336e+00,-5.316653660210955978e-01,-7.479830450645402751e-03,2.598709154043762903e-02,-4.423479969730068073e-03,-1.736771052824104267e-03,9.252271200962530751e-04,-1.015604739427244940e-03
2.288355179951237162e+00,-5.327820625837349500e-01,-7.890533785660513999e-03,2.626195894086721938e-02,-4.439052776539859080e-03,-1.776483792994887345e-03,9.398152717768476494e-04,-1.018411257049892105e-03
2.292442908620868192e+00,-5.339016648035690427e-01,-8.307762945984287217e-03,2.653994847301541227e-02,-4.453899999858096370e-03,-1.817314906178479905e-03,9.546551291934463057e-04,-1.020987052720023769e-03
2.296553368794557404e+00,-5.350241914360186479e-01,-8.731640591136374807e-03,2.682110409776686244e-02,-4.467984245053652215e-03,-1.859300165019311946e-03,9.697525521411565208e-04,-1.023321061000267984e-03
2.300686867954165216e+00,-5.361496615115599607e-01,-9.162292573801744666e-03,2.710547065705229408e-02,-4.481266677013512334e-03,-1.902476567229444138e-03,9.851135754970069547e-04,-1.025401797567465634e-03
2.304843720997824530e+00,-5.372780943425458089e-01,-9.599848041444453139e-03,2.739309389810140605e-02,-4.493706967414023978e-03,-1.946882378958347815e-03,1.000744415114940278e-03,-1.027217343951225548e-03
2.309024250470796957e+00,-5.384095095302416922e-01,-1.004443954145983753e-02,2.768402049848583957e-02,-4.505263240056678331e-03,-1.992557179723186689e-03,1.016651473910973325e-03,-1.028755331713496202e-03
2.313228786804314652e+00,-5.395439269720834208e-01,-1.049620312999949290e-02,2.797829809197993622e-02,-4.515892014192390835e-03,-2.039541908955500027e-03,1.032841348141105842e-03,-1.030002926048156908e-03
2.317457668562712847e+00,-5.406813668691642372e-01,-1.095527848461116949e-02,2.827597529526895692e-02,-4.525548145752816831e-03,-2.087878914224794435e-03,1.049320833871617009e-03,-1.030946808776689316e-03
2.321711242699184385e+00,-5.418218497339593043e-01,-1.142180902084530270e-02,2.857710173553407174e-02,-4.534184766401674893e-03,-2.137612001200966949e-03,1.066096933642138311e-03,-1.031573160715448800e-03
2.325989864820491970e+00,-5.429653963982971066e-01,-1.189594201298702081e-02,2.888172807894620608e-02,-4.541753220314581618e-03,-2.188786485419452754e-03,1.083176863318005556e-03,-1.031867643388875710e-03
2.330293899461010287e+00,-5.441120280215853144e-01,-1.237782871908460480e-02,2.918990606010024580e-02,-4.548202998587422274e-03,-2.241449245917404021e-03,1.100568059127116083e-03,-1.031815380060363552e-03
2.334623720366478139e+00,-5.452617660993006599e-01,-1.286762451045467270e-02,2.950168851242437884e-02,-4.553481671168410627e-03,-2.295648780809567135e-03,1.118278184873477965e-03,-1.031400936051751760e-03
2.338979710787885580e+00,-5.464146324717513714e-01,-1.336548900586118083e-02,2.981712939959990649e-02,-4.557534816197889027e-03,-2.351435264879048193e-03,1.136315139316154688e-03,-1.030608298319135585e-03
2.343362263785939703e+00,-5.475706493331229385e-01,-1.387158621057663077e-02,3.013628384802777282e-02,-4.560305946631676433e-03,-2.408860609258239860e-03,1.154687063697243388e-03,-1.029420854250159834e-03
2.347771782546596242e+00,-5.487298392408184178e-01,-1.438608466055393831e-02,3.045920818038169720e-02,-4.561736434010532637e-03,-2.467978523282621239e-03,1.173402349396973632e-03,-1.027821369645159910e-03
2.352208680708189448e+00,-5.498922251250999427e-01,-1.490915757196062397e-02,3.078595995028787780e-02,-4.561765429225941859e-03,-2.528844578599281911e-03,1.192469645687685431e-03,-1.025791965841932329e-03
2.356673382700730457e+00,-5.510578302990503108e-01,-1.544098299634510951e-02,3.111659797817398210e-02,-4.560329780113822618e-03,-2.591516275622929300e-03,1.211897867548439311e-03,-1.023314095937408186e-03
2.361166324098025626e+00,-5.522266784688576458e-01,-1.598174398174145860e-02,3.145118238833335966e-02,-4.557363945691728091e-03,-2.656053112431611130e-03,1.231696203492532726e-03,-1.020368520056422201e-03
2.365687951983319159e+00,-5.533987937444417859e-01,-1.653162874004834859e-02,3.178977464725066260e-02,-4.552799906827165177e-03,-2.722516656202517149e-03,1.251874123346263801e-03,-1.016935279612246612e-03
2.370238725329248730e+00,-5.545742006504355004e-01,-1.709083082105855578e-02,3.213243760324080434e-02,-4.546567073101637213e-03,-2.790970617295773781e-03,1.272441385900241473e-03,-1.012993670493830822e-03
2.374819115393024482e+00,-5.557529241375301909e-01,-1.765954929357155256e-02,3.247923552745424214e-02,-4.538592185595657913e-03,-2.861480926099196909e-03,1.293408046334876271e-03,-1.008522215108872966e-03
2.379429606127830610e+00,-5.569349895942062867e-01,-1.823798893407091448e-02,3.283023415630662023e-02,-4.528799215285692070e-03,-2.934115812756904473e-03,1.314784463297025141e-03,-1.003498633201288515e-03
2.384070694611629015e+00,-5.581204228588612093e-01,-1.882636042352819894e-02,3.318550073539455747e-02,-4.517109256690243768e-03,-3.008945889913489102e-03,1.336581305472789305e-03,-9.978998113474302212e-04
2.388742891494687992e+00,-5.593092502323526727e-01,-1.942488055297530991e-02,3.354510406496361008e-02,-4.503440416343387764e-03,-3.086044238616608704e-03,1.358809557463841466e-03,-9.917017710234649064e-04
2.393446721467399563e+00,-5.605014984909791886e-01,-2.003377243859491563e-02,3.390911454700215599e-02,-4.487707695604234437e-03,-3.165486497535924260e-03,1.381480524728029291e-03,-9.848796351150101991e-04
2.398182723750189815e+00,-5.616971948999122111e-01,-2.065326574720477426e-02,3.427760423403974910e-02,-4.469822867219891416e-03,-3.247350955668859562e-03,1.404605837287381531e-03,-9.774075927212189097e-04
2.402951452607642757e+00,-5.628963672271083407e-01,-2.128359693316489443e-02,3.465064687973692936e-02,-4.449694344953722402e-03,-3.331718648723447362e-03,1.428197451834908871e-03,-9.692588620771880326e-04
2.407753477889350791e+00,-5.640990437577209082e-01,-2.192500948792477922e-02,3.502831799136418844e-02,-4.427227045460446764e-03,-3.418673459390342284e-03,1.452267651785854596e-03,-9.604056513856096267e-04
2.412589385600458769e+00,-5.653052533090431320e-01,-2.257775420365579211e-02,3.541069488427667222e-02,-4.402322241428113792e-03,-3.508302221741477211e-03,1.476829044710026295e-03,-9.508191173105001726e-04
2.417459778505441470e+00,-5.665150252460094960e-01,-2.324208945269384818e-02,3.579785673850469085e-02,-4.374877404814028758e-03,-3.600694830022482806e-03,1.501894556450805718e-03,-9.404693208368009039e-04
2.422365276769348874e+00,-5.677283894972920963e-01,-2.391828148485972139e-02,3.618988465760009099e-02,-4.344786038761719316e-03,-3.695944352145874578e-03,1.527477421075465469e-03,-9.293251801388430211e-04
2.427306518641593858e+00,-5.689453765720281497e-01,-2.460660474513667872e-02,3.658686172989158991e-02,-4.311937496494860911e-03,-3.794147148233895095e-03,1.553591165599874091e-03,-9.173544200308803021e-04
2.432284161188412952e+00,-5.701660175772267358e-01,-2.530734221470112844e-02,3.698887309232895548e-02,-4.276216785126490949e-03,-3.895402994614632908e-03,1.580249588187920828e-03,-9.045235174831162128e-04
2.437298881081370716e+00,-5.713903442359036244e-01,-2.602078577892094624e-02,3.739600599712450402e-02,-4.237504351884371911e-03,-3.999815213741542141e-03,1.607466728225051544e-03,-8.907976425768793227e-04
2.442351375450854789e+00,-5.726183889060003640e-01,-2.674723662670377977e-02,3.780834988143105813e-02,-4.195675849716112848e-03,-4.107490810584674135e-03,1.635256826294673171e-03,-8.761405941411642972e-04
2.447442362815408501e+00,-5.738501846001644591e-01,-2.748700568651235576e-02,3.822599644033861099e-02,-4.150601878581128279e-03,-4.218540616137550492e-03,1.663634271633768202e-03,-8.605147291499137818e-04
2.452572584100065622e+00,-5.750857650064626903e-01,-2.824041410551331177e-02,3.864903970352318030e-02,-4.102147697931227133e-03,-4.333079438801956673e-03,1.692613534086770399e-03,-8.438808847585493877e-04
2.457742803759722428e+00,-5.763251645101293841e-01,-2.900779377972942386e-02,3.907757611593876135e-02,-4.050172904892221371e-03,-4.451226224557458533e-03,1.722209076891467738e-03,-8.261982916129562149e-04
2.462953811027086104e+00,-5.775684182164576574e-01,-2.978948794479296946e-02,3.951170462302000530e-02,-3.994531071446663639e-03,-4.573104226992807941e-03,1.752435245791189589e-03,-8.074244767654753518e-04
2.468206421309020016e+00,-5.788155619749710823e-01,-3.058585183901244009e-02,3.995152676095325983e-02,-3.935069332433399625e-03,-4.698841188493452226e-03,1.783306128934070145e-03,-7.875151541619218598e-04
2.473501477760395861e+00,-5.800666324050335332e-01,-3.139725345305757753e-02,4.039714675268488153e-02,-3.871627914353567568e-03,-4.828569534137544528e-03,1.814835380754539762e-03,-7.664241002120486534e-04
2.478839853070998966e+00,-5.813216669230928391e-01,-3.222407438374885746e-02,4.084867161046806805e-02,-3.804039592736119246e-03,-4.962426580173873170e-03,1.847036001474081091e-03,-7.441030114006957907e-04
2.484222451508986573e+00,-5.825807037717860570e-01,-3.306671081334461304e-02,4.130621124591957183e-02,-3.732129063071035202e-03,-5.100554759341957567e-03,1.879920061948661680e-03,-7.205013402160065361e-04
2.489650211274097913e+00,-5.838437820511874765e-01,-3.392557464050405258e-02,4.176987858875616522e-02,-3.655712206949074394e-03,-5.243101865775923187e-03,1.913498361243923251e-03,-6.955661048345662678e-04
2.495124107225765719e+00,-5.851109417525366396e-01,-3.480109479498258440e-02,4.223978971563099871e-02,-3.574595230914162647e-03,-5.390221322816329819e-03,1.947780001438262354e-03,-6.692416669777517813e-04
2.500645154065898268e+00,-5.863822237948579374e-01,-3.569371877532362403e-02,4.271606399079386218e-02,-3.488573650461443409e-03,-5.542072477773524186e-03,1.982771860618598447e-03,-6.414694710945717526e-04
2.506214410074080412e+00,-5.876576700649652762e-01,-3.660391445765862062e-02,4.319882422067031214e-02,-3.397431085389632233e-03,-5.698820928561887378e-03,2.018477940693000350e-03,-6.121877364799466203e-04
2.511832981514965368e+00,-5.889373234614609931e-01,-3.753217223458202301e-02,4.368819682491328904e-02,-3.300937825077898680e-03,-5.860638888207009289e-03,2.054898561313661665e-03,-5.813310920410041938e-04
2.517502027864671366e+00,-5.902212279434617681e-01,-3.847900755638675174e-02,4.418431202703929084e-02,-3.198849112883858647e-03,-6.027705594545601508e-03,2.092029364665057289e-03,-5.488301410944140812e-04
2.523222768036197383e+00,-5.915094285849538114e-01,-3.944496396329397192e-02,4.468730406844734215e-02,-3.090903087352755985e-03,-6.200207774060606525e-03,2.129860087839816063e-03,-5.146109407202226205e-04
2.528996487824564543e+00,-5.928019716358727820e-01,-4.043061671736436491e-02,4.519731145046274046e-02,-2.976818303814701694e-03,-6.378340170783647345e-03,2.168373049671573627e-03,-4.785943766881378680e-04
2.534824548842379954e+00,-5.940989045912494770e-01,-4.143657716739529429e-02,4.571447721007859677e-02,-2.856290742618186607e-03,-6.562306153635510952e-03,2.207541286795511315e-03,-4.406954106655064374e-04
2.540708399277809448e+00,-5.954002762700575380e-01,-4.246349801030946391e-02,4.623894923633609100e-02,-2.728990188990879084e-03,-6.752318418568575842e-03,2.247326258859705383e-03,-4.008221711308962432e-04
2.546649586882190341e+00,-5.967061369057712339e-01,-4.351207964960140950e-02,4.677088063583817457e-02,-2.594555843426146757e-03,-6.948599805548183461e-03,2.287675024588542438e-03,-3.588748529263219300e-04
2.552649774686834405e+00,-5.980165382510855832e-01,-4.458307789688759071e-02,4.731043015779928806e-02,-2.452590989480349370e-03,-7.151384254916959282e-03,2.328516768033472850e-03,-3.147443824178253191e-04
2.558710760061829514e+00,-5.993315336998001897e-01,-4.567731331841146103e-02,4.785776269137165251e-02,-2.302656506576850060e-03,-7.360917933214000675e-03,2.369758526898954609e-03,-2.683107954573049625e-04
2.564834497868659025e+00,-6.006511784295518463e-01,-4.679568259682592712e-02,4.841304985086208879e-02,-2.144262967205740056e-03,-7.577460565307919671e-03,2.411279941148050665e-03,-2.194412633393094669e-04
2.571023128628997512e+00,-6.019755295698996367e-01,-4.793917236260247794e-02,4.897647066797633508e-02,-1.976860998750301635e-03,-7.801287018030733655e-03,2.452926798754154203e-03,-1.679876872188873493e-04
2.577279012841283024e+00,-6.033046464012897792e-01,-4.910887605250499610e-02,4.954821241454687719e-02,-1.799829517585185834e-03,-8.032689190712372085e-03,2.494503104740142252e-03,-1.137837633812949223e-04
2.583604772833438368e+00,-6.046385905916749071e-01,-5.030601447905963530e-02,5.012847158451011476e-02,-1.612461354027178162e-03,-8.271978280563446750e-03,2.535761337397982040e-03,-5.664139956741698345e-05
2.590003343855094897e+00,-6.059774264790880327e-01,-5.153196095015746825e-02,5.071745507040142931e-02,-1.413945677432568160e-03,-8.519487506232797935e-03,2.576390479200330041e-03,3.653664666911082826e-06
2.596478036499191955e+00,-6.073212214103579365e-01,-5.278827196834068314e-02,5.131538157763160246e-02,-1.203346496656126918e-03,-8.775575391756051946e-03,2.616001316191746140e-03,6.734721399663523567e-05
2.603032613016974306e+00,-6.086700461484467750e-01,-5.407672477295405455e-02,5.192248332960050505e-02,-9.795763465689638627e-04,-9.040629736280392237e-03,2.654108384647163588e-03,1.347231112258789887e-04
2.609671380672163199e+00,-6.100239753637279883e-01,-5.539936327496328139e-02,5.253900812873452120e-02,-7.413640694914069851e-04,-9.315072423385473144e-03,2.690107802680835603e-03,2.061113208136622355e-04
2.616399305993766689e+00,-6.113830882279835954e-01,-5.675855428588807983e-02,5.316522185329031203e-02,-4.872153527671063689e-04,-9.599365258716990867e-03,2.723250051368544811e-03,2.818977355616425484e-04
2.623222154662522065e+00,-6.127474691341556756e-01,-5.815705637369503189e-02,5.380141148787137562e-02,-2.153643798955134914e-04,-9.894017067461791104e-03,2.752606557536188547e-03,3.625362157863021295e-04
2.630146662840069816e+00,-6.141172085701185335e-01,-5.959810420771582962e-02,5.444788880782408524e-02,7.628542006890559612e-05,-1.019959233573672353e-02,2.777028669772974023e-03,4.485633433014279969e-04
2.637180747067530806e+00,-6.154924041811244972e-01,-6.108551190388478158e-02,5.510499486493677934e-02,3.902339973745616586e-04,-1.051672174443235575e-02,2.795097299520807321e-03,5.406165066551282816e-04
2.644333761476471700e+00,-6.168731620634513302e-01,-6.262379967799316938e-02,5.577310545531244390e-02,7.294737141188833984e-04,-1.084611502315255271e-02,2.805061106870815335e-03,6.394560740971277912e-04
2.651616813037878106e+00,-6.182595983414084229e-01,-6.421834909159560012e-02,5.645263779132156379e-02,1.097598505981373096e-03,-1.118857664895661630e-02,2.804760629537134120e-03,7.459925825744340155e-04
2.659043148006729140e+00,-6.196518410916930231e-01,-6.587559337355552991e-02,5.714405864989580142e-02,1.498937738682259990e-03,-1.154502503370041788e-02,2.791535163220046356e-03,8.613200818762267730e-04
2.666628625702822220e+00,-6.210500326935879389e-01,-6.760325077013701334e-02,5.784789433118553426e-02,1.938720360044318691e-03,-1.191651598988657801e-02,2.762108477499816694e-03,9.867570317141083347e-04
2.674392299427402975e+00,-6.224543327012923566e-01,-6.941061067952208896e-02,5.856474283739462883e-02,2.423276218491296485e-03,-1.230427144420925822e-02,2.712448563209193808e-03,1.123896466892537749e-03
2.682357128802934643e+00,-6.238649213565109486e-01,-7.130888453806386029e-02,5.929528877458073444e-02,2.960282976522912723e-03,-1.270971458792324871e-02,2.637595517743396289e-03,1.274667535095364013e-03
2.690550853327605907e+00,-6.252820038861982566e-01,-7.331163613795307898e-02,6.004032159426653248e-02,3.559068958307737285e-03,-1.313451292300663042e-02,2.531450338397661648e-03,1.441410989514557706e-03
2.699007063686976515e+00,-6.267058157632103832e-01,-7.543530938263795504e-02,6.080075793163691733e-02,4.230984613913774117e-03,-1.358063099413275854e-02,2.386515754676923895e-03,1.626971804604027128e-03
2.707766515644607352e+00,-6.281366291479025810e-01,-7.769987556633342618e-02,6.157766896874430906e-02,4.989858156812770895e-03,-1.405039500258681295e-02,2.193578220052241901e-03,1.834812802203156235e-03
2.716878741487433579e+00,-6.295747607781307931e-01,-8.012962726774280897e-02,6.237231396170994646e-02,5.852554456251518600e-03,-1.454657199647496624e-02,1.941317717794946440e-03,2.069154057266320290e-03
2.726404026454157581e+00,-6.310205816357307151e-01,-8.275415208468289707e-02,6.318618132920486574e-02,6.839660589149643144e-03,-1.507246694274344545e-02,1.615829011241715074e-03,2.335143934395156329e-03
2.736415832845876750e+00,-6.324745287918918102e-01,-8.560952696191750921e-02,6.402103901632294480e-02,7.976326757929252942e-03,-1.563204173623966575e-02,1.200034259759452659e-03,2.639068933591476318e-03
2.747003773245090041e+00,-6.339371199250216637e-01,-8.873978309331817527e-02,6.487899623658910375e-02,9.293297782484596925e-03,-1.623006112069311224e-02,6.729623728541078709e-04,2.988611151695241830e-03
2.758277257233507918e+00,-6.354089711165260557e-01,-9.219870269666485818e-02,6.576257917152888988e-02,1.082817834778529442e-02,-1.687227162455734453e-02,8.864896321181259253e-06,3.393164162969336539e-03
2.770369964158876375e+00,-6.368908186670716454e-01,-9.605202283718694556e-02,6.667482379189187958e-02,1.262698496614787780e-02,-1.756562099833008928e-02,-8.238686168357683970e-04,3.864220571783788527e-03
2.783445329030830528e+00,-6.383835458440932920e-01,-1.003801384932161422e-01,6.761938968173147879e-02,1.474604960295543277e-02,-1.831852733713645875e-02,-1.864041187351089812e-03,4.415847494791319550e-03
2.797703270965413491e+00,-6.398882156775638208e-01,-1.052814179237650805e-01,6.860069962605092053e-02,1.725435461669783122e-02,-1.914120915398057066e-02,-3.159280666772346091e-03,5.065269914997699852e-03
2.813388445512417402e+00,-6.414061111739894905e-01,-1.108762689834275061e-01,6.962411080140001873e-02,2.023639669175938960e-02,-2.004609022218481473e-02,-4.768042010022149890e-03,5.833586369759335977e-03
2.830800365852746303e+00,-6.429387846287630826e-01,-1.173121264011795228e-01,7.069612473170922007e-02,2.379569954699248258e-02,-2.104829613683065204e-02,-6.762063371513041266e-03,6.746646977872028383e-03
2.850305815896728046e+00,-6.444881180973547341e-01,-1.247695685037094881e-01,7.182464479401948210e-02,2.805912230613537284e-02,-2.216626338534191665e-02,-9.229378800209991907e-03,7.836130609141955805e-03
2.872354073999700219e+00,-6.460563975522171098e-01,-1.334698190232452564e-01,7.301929204837215304e-02,3.318214364695012963e-02,-2.342248642712813078e-02,-1.227801356566592117e-02,9.140866337118275231e-03
2.897495583322995394e+00,-6.476464038241597221e-01,-1.436839474486481805e-01,7.429179260599599877e-02,3.935534258894868298e-02,-2.484443405812203354e-02,-1.604051666222651440e-02,1.070845454017646525e-02
