1.162323994082802514e+00,-2.363310662037432230e-04,5.699858067029391073e-06,1.317981777640593599e-05,1.922896947573193849e-09,4.134083821129980185e-06,-1.864433749491911652e-06,1.879092303758156390e-06,-1.242863977513053442e-06,1.239890667026344317e-06,-8.666905882302386455e-07,7.276259422501346608e-07,-5.150897603449673678e-07,4.000718720684193208e-07,-2.407396881183576642e-07,1.214037280566904187e-07
1.162305094821431961e+00,-5.812136414383162197e-04,3.903621842952544052e-06,1.076501830313963959e-05,2.705172437672195840e-06,5.347868738179648029e-06,1.692103877796308220e-06,2.160281358049020994e-06,1.074457564587127933e-09,7.739061965300608747e-07,-9.499935375596041398e-08,4.396787172296356960e-07,-1.136624799783630957e-07,1.950978781740247969e-07,-5.405845951086951651e-08,5.970831395973874578e-08
1.162309012727815061e+00,-9.686853572507536647e-04,3.813615790312918641e-07,1.087729850005221544e-05,1.346586006752831244e-06,3.252098914198475743e-06,8.629821620850797181e-07,2.680684591249704596e-06,1.341347074815257834e-06,1.455880440592860481e-06,2.905384413921796583e-07,5.323292106892280051e-07,1.055174032572013532e-07,2.620216095223365516e-07,1.742780554939149518e-08,6.814451777858998582e-08
1.162327238807379315e+00,-1.356167212828690571e-03,-3.870891746703825076e-06,9.041682964009561951e-06,1.351355742513701830e-06,4.495783143871126541e-06,4.687449144634425746e-07,9.985205340623526382e-07,-1.276823183293807062e-08,1.272508322616716647e-06,7.946655031076249598e-07,8.937198711957139441e-07,2.556267323173058714e-07,3.310791428581816298e-07,1.003551696847349017e-07,9.926988003838843611e-08
1.162339898613486522e+00,-1.743658857708635379e-03,-2.951611847964823176e-06,8.643308628628748602e-06,-1.083934804290212495e-06,3.460195390807968563e-06,1.121246161230049498e-06,2.478609853612256941e-06,2.272720295293240156e-07,2.265575162752053728e-07,-3.607093269335920338e-07,4.780863821478992248e-07,3.347558090709829015e-07,4.276965380025157804e-07,1.183015475789139792e-07,1.087164873958545996e-07
1.162353199558800787e+00,-2.131156806900819101e-03,-2.225960254065295629e-06,8.730326892769993408e-06,-1.254042547737047042e-06,3.181926934358800252e-06,-3.521768019917881354e-07,1.636826272022329221e-06,7.866053601535138995e-07,1.596742339834977820e-06,2.384267637099354853e-07,3.520947545673780432e-08,-3.927638754373970198e-07,6.795986762231365219e-08,3.507172184613605026e-08,8.330705104919733373e-08
1.162361871223717369e+00,-2.518659446319584938e-03,8.044779731620002594e-07,9.065290803579942325e-06,-2.289729361937969943e-06,3.064000738201705376e-06,-1.763832875797954891e-07,1.547856579631190499e-06,-2.854031006388479952e-07,7.390841834792327703e-07,4.685323714602798728e-07,1.074328305560035002e-06,3.024142713565700080e-07,7.937268643991995942e-08,-2.133502174164747522e-07,-3.313211988792419405e-08
1.162370673934148835e+00,-2.906165208286098922e-03,3.594196931482399049e-06,9.542005953039681132e-06,-2.291154978087406313e-06,3.038881217269640000e-06,-8.136170759100169736e-07,1.486479942719443059e-06,5.510542758213610171e-08,8.515249762114374121e-07,-2.916890479978326289e-07,2.191916565873891498e-07,1.753426650749623228e-07,6.457359945279822488e-07,2.928231411757076241e-07,1.321132714407480258e-07
1.162376804787807139e+00,-3.293673520282092149e-03,7.695121391912418396e-06,1.010493647825294605e-05,-2.776008833967752443e-06,3.064386921896103400e-06,-7.609201288123756957e-07,1.456524524129365616e-06,-3.929200663166376728e-07,8.033256481410067096e-07,1.221556694408487687e-07,5.417784063183050947e-07,-2.322453909416911932e-07,-6.635868291925833828e-08,-7.225768113711117380e-08,1.636613633157479875e-07
1.162383416909672729e+00,-3.681183872969645554e-03,1.159040148488148930e-05,1.072191034286532063e-05,-2.642226902434957614e-06,3.124026072585245339e-06,-1.143120459162066949e-06,1.441540315977318798e-06,-2.916991765078424947e-07,7.770251489735979789e-07,-2.751413087651380374e-07,4.031692960853455743e-07,1.153657300371514760e-07,3.731791342401202805e-07,-1.071652209992668414e-07,-1.193406751406889121e-07
1.162388850205734236e+00,-4.068696369221344589e-03,1.625808967565221808e-05,1.137576551225177868e-05,-2.783567857458230099e-06,3.209828706699294210e-06,-1.122739622067686627e-06,1.451458296441998641e-06,-5.520115120699609079e-07,7.730217613521883635e-07,-1.223498557719263080e-07,4.338214098405235308e-07,-2.239123773313880794e-07,1.379960706546570770e-07,9.314494567314035578e-08,2.552869145383551697e-07
1.162395082413319791e+00,-4.456211127079376388e-03,2.079245892708161264e-05,1.205286946811233439e-05,-2.549224540704733699e-06,3.313122177429211890e-06,-1.340734912626262432e-06,1.471267024377720389e-06,-5.149500595796885349e-07,7.774217857248189034e-07,-3.201499588594003409e-07,4.258386918712386837e-07,-3.219498387720468036e-08,2.545827511224105222e-07,-1.728092381657331256e-07,-9.523971402497499739e-08
1.162401208100525940e+00,-4.843728670486630028e-03,2.576092953857338913e-05,1.274520333681243567e-05,-2.453963392802516186e-06,3.427479281697953795e-06,-1.332966829137305353e-06,1.500245268834521362e-06,-6.738867133621040395e-07,7.835137962319826954e-07,-2.696174615990018508e-07,4.278103268168242934e-07,-2.193745807892166777e-07,1.908752728712811986e-07,2.688861147626120385e-08,1.817288379085679750e-07
1.162408369115319751e+00,-5.231249519889902277e-03,3.066701593476030274e-05,1.344696675642000072e-05,-2.144913342898638331e-06,3.551007828402064082e-06,-1.440732172258707422e-06,1.536175951999396716e-06,-6.740249827857924814e-07,7.997588539337963098e-07,-3.799884037121795122e-07,4.372843185225516738e-07,-1.356636210999781489e-07,2.347225617604226100e-07,-1.414546285383178059e-07,-1.560719810334010305e-08
1.162416161106074819e+00,-5.618774459370853847e-03,3.579760512665165068e-05,1.415406703089878981e-05,-1.888020685902880302e-06,3.679394037335234624e-06,-1.430581922069740219e-06,1.576541926090468948e-06,-7.667955529699899131e-07,8.155258335029724748e-07,-3.741422934444224579e-07,4.445934330358364273e-07,-2.331699692900354726e-07,2.141139906017969219e-07,-4.645893309299098384e-08,1.202908188405182877e-07
1.162425187908389557e+00,-6.006304277512766743e-03,4.091192059369180151e-05,1.486361932799898367e-05,-1.518077416891305820e-06,3.811838136148423817e-06,-1.464839680123675159e-06,1.620551294240213380e-06,-7.839571532913813812e-07,8.370995722845053777e-07,-4.382671291479692255e-07,4.573848190556756288e-07,-2.085528054214698390e-07,2.370554760180304532e-07,-1.258621638786094898e-07,3.592521617690191960e-08
1.162435328258650591e+00,-6.393839922689034672e-03,4.613267561050151538e-05,1.557350929880588208e-05,-1.155540969596455247e-06,3.945999814278233764e-06,-1.441419604290145040e-06,1.666836348335198892e-06,-8.366770975071213812e-07,8.588718903024261664e-07,-4.523323170503579238e-07,4.697595219638889263e-07,-2.589653720695521411e-07,2.342772130329087710e-07,-9.369499682013171515e-08,9.193199695251008663e-08
1.162446884695215621e+00,-6.781382361031540462e-03,5.135729368683453894e-05,1.628219504992006739e-05,-7.354670110946981421e-07,4.081265211055770670e-06,-1.427664559655594800e-06,1.714729108093226984e-06,-8.564401849514569065e-07,8.834882214425743285e-07,-4.921719093248233534e-07,4.846268056128699708e-07,-2.615159329232182028e-07,2.487838973632555684e-07,-1.288235253957270565e-07,6.285352261575782862e-08
1.162459862042132031e+00,-7.168932649710621496e-03,5.662929689277413497e-05,1.698855239065481804e-05,-3.063440740646433680e-07,4.216413199809032619e-06,-1.385627569610442533e-06,1.763514746205840922e-06,-8.857243351811927567e-07,9.085305449768599217e-07,-5.124721706769447271e-07,4.999196640490671806e-07,-2.904540768403768292e-07,2.542763433803496564e-07,-1.239226524209213753e-07,8.413930536327329790e-08
1.162474413936245510e+00,-7.556491869596282385e-03,6.190998264456355760e-05,1.769174418026799034e-05,1.522313613673553778e-07,4.350962465341987051e-06,-1.339884621275044818e-06,1.812684783011886402e-06,-9.007016491258124091e-07,9.348190212754570183e-07,-5.400262142350384376e-07,5.163604274317085130e-07,-3.029114092577278594e-07,2.659222493300167356e-07,-1.411607148046889471e-07,7.730862924826276128e-08
1.162490584419964890e+00,-7.944061152283993232e-03,6.721182634574027898e-05,1.839116559970190024e-05,6.220334102594038406e-07,4.484270508725574089e-06,-1.278801982314281549e-06,1.861815281403722544e-06,-9.155376151370742122e-07,9.613801263130827834e-07,-5.601517105522507700e-07,5.332894964394513382e-07,-3.230248582304813543e-07,2.750175071642227409e-07,-1.459566712977422576e-07,8.610169349027030350e-08
1.162508458460804306e+00,-8.331641651450116814e-03,7.252190286655309237e-05,1.908636851185446792e-05,1.107114695166749874e-06,4.615996872434774412e-06,-1.210609273293028476e-06,1.910554703943301291e-06,-9.232673000014735010e-07,9.883403474519880660e-07,-5.810858160750984047e-07,5.507782433553792822e-07,-3.379276575232736946e-07,2.861518449319769286e-07,-1.569509592014295407e-07,8.695420820881150092e-08
1.162528082596955281e+00,-8.719234549515189614e-03,7.784318759967209095e-05,1.977703440500175325e-05,1.600348599552908757e-06,4.745798093366143666e-06,-1.132735690557995500e-06,1.958627513579114243e-06,-9.281420758344705035e-07,1.015293069325795550e-06,-5.987926434709162082e-07,5.685910493633677953e-07,-3.544231744092955771e-07,2.968127181144850080e-07,-1.645366248456681113e-07,9.205166266734732261e-08
1.162549509392977853e+00,-9.106841045890656794e-03,8.317224445346989986e-05,2.046293482514671691e-05,2.101005564671132309e-06,4.873459038231761631e-06,-1.048020073890487680e-06,2.005799808593722311e-06,-9.285785571994109588e-07,1.042165237816194967e-06,-6.155252558169566068e-07,5.866595724091788755e-07,-3.692044830863432103e-07,3.081728612080655849e-07,-1.735534029163876557e-07,9.527475491183379219e-08
1.162572776878274317e+00,-9.494462356749874821e-03,8.851020555041520799e-05,2.114391417085484393e-05,2.605722526612466727e-06,4.998798984903393694e-06,-9.564736373722515506e-07,2.051887767473559165e-06,-9.258423035868323936e-07,1.068758231193012165e-06,-6.303901069256573342e-07,6.048684788664826506e-07,-3.839550018545738463e-07,3.195823946693099327e-07,-1.817055216117580141e-07,9.954981550208685803e-08
1.162597920385334049e+00,-9.882099709846048352e-03,9.385706866509024859e-05,2.181986937304682128e-05,3.112874739185159112e-06,5.121699244013677710e-06,-8.593409511897798225e-07,2.096738737147885168e-06,-9.197920255998859318e-07,1.094970346976475994e-06,-6.439800087484556790e-07,6.231406551680113148e-07,-3.979654377801386533e-07,3.312775413589347240e-07,-1.900887088256142388e-07,1.034970727037398674e-07
1.162624968373716428e+00,-1.026975434276825028e-02,9.921415942328211390e-05,2.249073853220415198e-05,3.620447380026439732e-06,5.242074566423268744e-06,-7.571876652796849516e-07,2.140232367692229687e-06,-9.108996114060019522e-07,1.120683888064522016e-06,-6.561844157794427534e-07,6.414008212520666552e-07,-4.116188364209835693e-07,3.430929204403104782e-07,-1.982378529871708928e-07,1.077177887026659064e-07
1.162653945537326372e+00,-1.065742750026320296e-02,1.045828139819519192e-04,2.315649006923679865e-05,4.126960510823785011e-06,5.359874527330679705e-06,-6.507849067728666004e-07,2.182272138384622195e-06,-8.993316200772705216e-07,1.145813238345727569e-06,-6.671913711205415543e-07,6.595862917305184148e-07,-4.248058000293035430e-07,3.550498138410462801e-07,-2.063754713441112720e-07,1.119376766903212861e-07
1.162684872433656924e+00,-1.104512043260663656e-02,1.099648085164340802e-04,2.381711547290096820e-05,4.631019515147910548e-06,5.475073405482658306e-06,-5.407282096386856196e-07,2.222783474545297899e-06,-8.853572421307909224e-07,1.170279767856441389e-06,-6.770481802810882077e-07,6.776415736146901292e-07,-4.376212581419861025e-07,3.670952948234967872e-07,-2.144277548195294703e-07,1.162583193256572223e-07
1.162717766479195003e+00,-1.143283439399855883e-02,1.153620562340824246e-04,2.447262318951669291e-05,5.131470184724720718e-06,5.587666969938953621e-06,-4.276072234458971888e-07,2.261709640599685045e-06,-8.691777726999028175e-07,1.194019804307000499e-06,-6.858494737364134730e-07,6.955184060717517491e-07,-4.500703266276974424e-07,3.792124495189189148e-07,-2.224404526511569724e-07,1.206280247287305762e-07
1.162752642244485823e+00,-1.182057064135783042e-02,1.207766362865741669e-04,2.512303414068176033e-05,5.627303680628623073e-06,5.697667693288499535e-06,-3.119428634602849915e-07,2.299009531969709030e-06,-8.509988242005883663e-07,1.216978959744929867e-06,-6.936614422468553864e-07,7.131746219343759741e-07,-4.621890942915589384e-07,3.913744123758625126e-07,-2.304098408317800661e-07,1.250572580699382819e-07
1.162789511929525066e+00,-1.220833043328599377e-02,1.262107068142623648e-04,2.576837815467490633e-05,6.117666664872539739e-06,5.805101707291246416e-06,-1.942180907592294670e-07,2.334655263572238404e-06,-8.310038203673819623e-07,1.239112458278901485e-06,-7.005527796165311738e-07,7.305733864398922250e-07,-4.739976600478569557e-07,4.035619791675770784e-07,-2.383493428424754423e-07,1.295338207113472251e-07
1.162828385682000532e+00,-1.259611502924026794e-02,1.316664784467300522e-04,2.640869125399361583e-05,6.601833421163855187e-06,5.910005930571601840e-06,-7.487146094428687171e-08,2.368630364291135493e-06,-8.093658227653621751e-07,1.260383379844687290e-06,-7.065837825731210997e-07,7.476825909669831960e-07,-4.855184330284333105e-07,4.157564078774433902e-07,-2.462645360169768427e-07,1.340548285433396103e-07
1.162869271902547075e+00,-1.298392568885389786e-02,1.371461771245861480e-04,2.704401354807102476e-05,7.079195023740325610e-06,6.012425823218384147e-06,4.569579875948748260e-08,2.400928136747637609e-06,-7.862447064244104666e-07,1.280761939975727515e-06,-7.118110894356599605e-07,7.644742824365613476e-07,-4.967698505799894582e-07,4.279416634866625713e-07,-2.541624472551795577e-07,1.386149208956743983e-07
1.162912177494188626e+00,-1.337176367139111810e-02,1.426520205695816848e-04,2.767438762388794993e-05,7.549244653404230121e-06,6.112413469087918383e-06,1.671180682762118952e-07,2.431550287673722721e-06,-7.617894862282925672e-07,1.300224579281472614e-06,-7.162866447292179362e-07,7.809242093329005208e-07,-5.077689373173162324e-07,4.401032855320258230e-07,-2.620484418208723909e-07,1.432103042126042780e-07
1.162957108080508783e+00,-1.375963023530893392e-02,1.481861978419474896e-04,2.829985731672354787e-05,8.011566302893943781e-06,6.210025996027795925e-06,2.890621165207996057e-07,2.460505730189632700e-06,-7.361386991505680655e-07,1.318753276927098206e-06,-7.200586041667192405e-07,7.970114119879717629e-07,-5.185307345974624060e-07,4.522284880615484726e-07,-2.699274071933654984e-07,1.478372970362129557e-07
1.163004068191579199e+00,-1.414752663791143950e-02,1.537508542062745315e-04,2.892046678354236178e-05,8.465824115707135111e-06,6.305324252107655236e-06,4.112247195438289982e-07,2.487809550616448817e-06,-7.094213238800772814e-07,1.336334915807979584e-06,-7.231715197083751767e-07,8.127178745213209377e-07,-5.290687440854917323e-07,4.643058823727494455e-07,-2.778034802856932384e-07,1.524927312757107245e-07
1.163053061424257795e+00,-1.453545413508024187e-02,1.593480793970290105e-04,2.953625981304622283e-05,8.911753073317582596e-06,6.398371703263128207e-06,5.333302977549025936e-07,2.513482106600295474e-06,-6.817574252082625463e-07,1.352960736555886001e-06,-7.256667037052952351e-07,8.280282175511521903e-07,-5.393950117671408861e-07,4.763253546903600810e-07,-2.856802308742745211e-07,1.571737634487035962e-07
1.163104090579965666e+00,-1.492341398106804273e-02,1.649798989533405799e-04,3.014727932184810277e-05,9.349150624967869638e-06,6.489233513899336780e-06,6.551288029392476897e-07,2.537548239270326356e-06,-6.532587979030113345e-07,1.368625852399274478e-06,-7.275824916927464692e-07,8.429294291335126532e-07,-5.495202976646233750e-07,4.882779221625915822e-07,-2.935606913737065504e-07,1.618778777481844067e-07
1.163157157783363704e+00,-1.531140742834549706e-02,1.706482679624549831e-04,3.075356699684499151e-05,9.777869231343896961e-06,6.577975781654060716e-06,7.763937588910196919e-07,2.560036582749392053e-06,-6.240295368081794081e-07,1.383328819978824065e-06,-7.289544959954499803e-07,8.574106269837455940e-07,-5.594541985821932517e-07,5.001556175419225037e-07,-3.014474223191065949e-07,1.666028385319262561e-07
1.163212264584583044e+00,-1.569943572749221694e-02,1.763550667860233276e-04,3.135516305261334957e-05,1.019780969913237911e-05,6.664664902083020093e-06,8.969204609923786542e-07,2.580978957611446134e-06,-5.941665635750270624e-07,1.397071257153159607e-06,-7.298158288693984419e-07,8.714628475080948844e-07,-5.692052653062315559e-07,5.119513843731063329e-07,-3.093425595852850041e-07,1.713466628167070738e-07
1.163269412047343909e+00,-1.608750012712457933e-02,1.821020983839068824e-04,3.195210607804914449e-05,1.060891522746722215e-05,6.749367043404688737e-06,1.016524313519201472e-06,2.600409836323036572e-06,-5.637601085545229651e-07,1.409857501785682921e-06,-7.301973058192537391e-07,8.850788578308038668e-07,-5.787811052774573251e-07,5.236589852210954410e-07,-3.172478594791472428e-07,1.761075922313004583e-07
1.163328600824922843e+00,-1.647560187385310737e-02,1.878910869297411093e-04,3.254443295221294552e-05,1.101116608654729989e-05,6.832147714606190414e-06,1.135039294945100474e-06,2.618365872619765611e-06,-5.328941550808430350e-07,1.421694305656084900e-06,-7.301276286741237298e-07,8.982529878295147929e-07,-5.881884759502756244e-07,5.352729197201019917e-07,-3.251647378611777217e-07,1.808840693479085715e-07
1.163389831225654980e+00,-1.686374221226530357e-02,1.937236774613082177e-04,3.313217881409022403e-05,1.140457486265011866e-05,6.913071412439214525e-06,1.252316538660064316e-06,2.634885485630622526e-06,-5.016468494351000729e-07,1.432590559652391349e-06,-7.296335522910188387e-07,9.109809793374917808e-07,-5.974333683205802770e-07,5.467883518279689770e-07,-3.330943059813573637e-07,1.856747161022020975e-07
1.163453103269407984e+00,-1.725192238492866126e-02,1.996014363550820472e-04,3.371537707325643340e-05,1.178918220946789663e-05,6.992201335830755538e-06,1.368223019361514137e-06,2.650008492921518410e-06,-4.700908797089509150e-07,1.442557045983061670e-06,-7.287400363856569308e-07,9.232598505975325720e-07,-6.065210823311475985e-07,5.582010446395987979e-07,-3.410374023703199864e-07,1.904783149334066117e-07
1.163518416736258443e+00,-1.764014363241023231e-02,2.055258524510357801e-04,3.429405945102291520e-05,1.216505305267484571e-05,7.069599157721873084e-06,1.482640336718243912e-06,2.663775785893829351e-06,-4.382938270514058487e-07,1.451606214591949495e-06,-7.274703839261001392e-07,9.350877737297758063e-07,-6.154562953520140156e-07,5.695073021705007732e-07,-3.489946215316785949e-07,1.952937919089126062e-07
1.163585771208434316e+00,-1.802840719330921215e-02,2.114983386836168100e-04,3.486825604420533409e-05,1.253227320099567499e-05,7.145324845594935859e-06,1.595463587897305580e-06,2.676229043541145103e-06,-4.063184915054085522e-07,1.459751981014445477e-06,-7.258463676695567357e-07,9.464639640164446144e-07,-6.242431241304871592e-07,5.807039169950303781e-07,-3.569663399143052640e-07,2.001202014031977505e-07
1.163655166106427830e+00,-1.841671430430055767e-02,2.175202341010862989e-04,3.543799540529218861e-05,1.289094632163020893e-05,7.219436523476369105e-06,1.706600322056578412e-06,2.687410479373930627e-06,-3.742231949183105755e-07,1.467009542982511405e-06,-7.238883460731343478e-07,9.573885795671754906e-07,-6.328851809016440566e-07,5.917881230861968267e-07,-3.649527394594676011e-07,2.049567128306617469e-07
1.163726600720064841e+00,-1.880506620018691788e-02,2.235928061751716461e-04,3.600330463366177569e-05,1.324119124315216445e-05,7.291990369577561193e-06,1.815969570266584565e-06,2.697362618375720444e-06,-3.420620628830084442e-07,1.473395214085515548e-06,-7.216153694771312854e-07,9.678626300309300934e-07,-6.413856246077764833e-07,6.027575534285622982e-07,-3.729538287054745549e-07,2.098025983360285451e-07
1.163800074235205706e+00,-1.919346411395662921e-02,2.297172533224454277e-04,3.656420947363223095e-05,1.358313955080077406e-05,7.363040543736584786e-06,1.923500945907180570e-06,2.706128100438132122e-06,-3.098852879163116469e-07,1.478926273043579265e-06,-7.190452773536346043e-07,9.778878935426393859e-07,-6.497472075520441259e-07,6.136102016851899266e-07,-3.809694620084125294e-07,2.146572219488551703e-07
1.163875585756661613e+00,-1.958190927684684557e-02,2.358947075700107768e-04,3.712073441670959983e-05,1.391693344639406693e-05,7.432639140386373966e-06,2.029133808853500476e-06,2.713749507790574889e-06,-2.777393746239420480e-07,1.483620826317477714e-06,-7.161947881730024168e-07,9.874668411395670642e-07,-6.579723174590136614e-07,6.243443874658777260e-07,-3.889993572224470508e-07,2.195200298413246820e-07
1.163953134327830874e+00,-1.997040291840991577e-02,2.421262373125347006e-04,3.767290280520807499e-05,1.424272384521578505e-05,7.500836163212148966e-06,2.132816489662514581e-06,2.720269213565829070e-06,-2.456673688089328067e-07,1.487497683416716399e-06,-7.130795816644511231e-07,9.966025675458428656e-07,-6.660630161902172941e-07,6.349587249885116358e-07,-3.970431113678452029e-07,2.243905414117675079e-07
1.164032718947490608e+00,-2.035894626658259210e-02,2.484128501176550291e-04,3.822073693528736660e-05,1.456066868527061686e-05,7.567679517763228891e-06,2.234505568955019728e-06,2.725729249350439254e-06,-2.137090718140610690e-07,1.490576243379226895e-06,-7.097143747761269772e-07,1.005298728040671108e-06,-6.740210748501854199e-07,6.454520946807748571e-07,-4.051002149875471137e-07,2.292683414298335443e-07
1.164114338584125719e+00,-2.074754054775615475e-02,2.547554955439007909e-04,3.876425815809922404e-05,1.487093142843107230e-05,7.633215019620109842e-06,2.334165207992788815e-06,2.730171189652130792e-06,-1.819012408060816099e-07,1.492876391590014507e-06,-7.061129917501282605e-07,1.013559480622650000e-06,-6.818480056806387746e-07,6.558236172685832921e-07,-4.131700653171865856e-07,2.341530729241259046e-07
1.164197992188116260e+00,-2.113618698684718855e-02,2.611550679430625285e-04,3.930348697784961931e-05,1.517367973331330833e-05,7.697486415070634025e-06,2.431766527137557699e-06,2.733636052201782185e-06,-1.502777766809737514e-07,1.494418405550979045e-06,-7.022884284070204930e-07,1.021389433180502904e-06,-6.895450915880840803e-07,6.660726303208894250e-07,-4.212519780222301335e-07,2.390444306735184377e-07
1.164283678702075164e+00,-2.152488680736897031e-02,2.676124092246398231e-04,3.983844314607576376e-05,1.546908428276538849e-05,7.760535412399197086e-06,2.527287028430968974e-06,2.736164211411540315e-06,-1.188699000204129774e-07,1.495222869657419906e-06,-6.982529116485863829e-07,1.028793594898269603e-06,-6.971134126087553951e-07,6.761986670131975297e-07,-4.293451980851015204e-07,2.439421554131793179e-07
1.164371397069578595e+00,-2.191364123150159327e-02,2.741283115652312988e-04,4.036914575135559791e-05,1.575731775023056502e-05,7.822401721957125686e-06,2.620710059068886988e-06,2.737795324753156123e-06,-8.770631619581248373e-08,1.495310597302013100e-06,-6.940179544051919280e-07,1.035777331672912971e-06,-7.045538702081868832e-07,6.862014367732538478e-07,-4.374489094814693058e-07,2.488460285193783150e-07
1.164461146242506517e+00,-2.230245148016164747e-02,2.807035200479163911e-04,4.089561330440118214e-05,1.603855389097422202e-05,7.883123103336747706e-06,2.712024313476779636e-06,2.738568269572416725e-06,-5.681337009177944708e-08,1.494702560431160343e-06,-6.895944063339473629e-07,1.042346325320561706e-06,-7.118672094158506880e-07,6.960808075461011324e-07,-4.455622442042783682e-07,2.537558674575723927e-07
1.164552925187178900e+00,-2.269131877307072054e-02,2.873387352223836719e-04,4.141786381798781558e-05,1.631296674555436643e-05,7.942735417989024715e-06,2.801223370495903309e-06,2.738521090644985279e-06,-2.621519157308682679e-08,1.493419825235320353e-06,-6.849925007733348448e-07,1.048506536137708278e-06,-7.190540388928717830e-07,7.058367896975795142e-07,-4.536842902816418110e-07,2.586715213553913983e-07
1.164646732889451197e+00,-2.308024432882216370e-02,2.940346155775059450e-04,4.193591488186113048e-05,1.658072994393904043e-05,8.001272686339322426e-06,2.888305263844953563e-06,2.737690956045035762e-06,4.066168110550272274e-09,1.491483494014955724e-06,-6.802218980453758612e-07,1.054264168342047836e-06,-7.261148493010148586e-07,7.154695215666820318e-07,-4.618140990834962434e-07,2.635928671584908400e-07
1.164742568358910102e+00,-2.346922936494626188e-02,3.007917799219290284e-04,4.244978373229603419e-05,1.684201609973914882e-05,8.058767148612019926e-06,2.973272083536121491e-06,2.736114121562605028e-06,3.401060781615949935e-08,1.488914652569839348e-06,-6.752917253455975599e-07,1.059625638431122008e-06,-7.330500301043485489e-07,7.249792560899692706e-07,-4.699506919135509886e-07,2.685198062582494494e-07
1.164840430632291479e+00,-2.385827509797323887e-02,3.076108096686548665e-04,4.295948731672209753e-05,1.709699628557256879e-05,8.115249327705562066e-06,3.056129605678165051e-06,2.733825901865549746e-06,6.359985603443529811e-08,1.485734322514975503e-06,-6.702106139129526685e-07,1.064597546212436852e-06,-7.398598845702666904e-07,7.343663485986570705e-07,-4.780930660808202504e-07,2.734522612790613039e-07
1.164940318776229500e+00,-2.424738274349470812e-02,3.144922510213195993e-04,4.346504235322977416e-05,1.734583958113225521e-05,8.170748094168261977e-06,3.136886949445250039e-06,2.730860648586519446e-06,9.281735724453454850e-08,1.481963418273335442e-06,-6.649867331899941836e-07,1.069186647923922595e-06,-7.465446436772001093e-07,7.436312458508273493e-07,-4.862402002807353352e-07,2.783901733513505228e-07
1.165042231889430679e+00,-2.463655351622304202e-02,3.214366170621344929e-04,4.396646538533735549e-05,1.758871268623014850e-05,8.225290732062282006e-06,3.215556258484575380e-06,2.727251733641855580e-06,1.216481654020551417e-07,1.477622708426218345e-06,-6.596278225518351079e-07,1.073399831807292371e-06,-7.531044784641130474e-07,7.527744759708993039e-07,-4.943910596050260509e-07,2.833334993707081750e-07
1.165146169104352092e+00,-2.502578863004835397e-02,3.284443897414116714e-04,4.446377283208631515e-05,1.782577959195605355e-05,8.278903005268234416e-06,3.292152405857257103e-06,2.723031538531817120e-06,1.500788435054856151e-07,1.472732780671837105e-06,-6.541412207313954119e-07,1.077244095613882902e-06,-7.595395113070731175e-07,7.617966391792671543e-07,-5.025445998958766314e-07,2.882822099717352593e-07
1.165252129588457031e+00,-2.541508929809364881e-02,3.355160217700086517e-04,4.495698103355351416e-05,1.805720130401006207e-05,8.331609224148869841e-06,3.366692720423863916e-06,2.718231447373931076e-06,1.780973690052034542e-07,1.467314010766829213e-06,-6.485338927770048500e-07,1.080726525833075602e-06,-7.658498262621063479e-07,7.706983996304261897e-07,-5.106997717219119437e-07,2.932362873214744425e-07
1.165360112545106075e+00,-2.580445673276751672e-02,3.426519384163414020e-04,4.544610629223649889e-05,1.828313561245444030e-05,8.383432311388772096e-06,3.439196733491522995e-06,2.712881844738057602e-06,2.056930447358329417e-07,1.461386534618025479e-06,-6.428124552249753210e-07,1.083854278702278684e-06,-7.720354782548947969e-07,7.794804777108005345e-07,-5.188555240141778935e-07,2.981957232667253876e-07
1.165470117214143508e+00,-2.619389214581484271e-02,3.498525392099062145e-04,4.593116491038128080e-05,1.850373690267040350e-05,8.434393867433331859e-06,3.509685944258489343e-06,2.707012116714979655e-06,2.328564153025736161e-07,1.454970223718765610e-06,-6.369831993795899150e-07,1.086634562792038183e-06,-7.780965012977279771e-07,7.881436431267374587e-07,-5.270108073066048782e-07,3.031605177866714129e-07
1.165582142872218618e+00,-2.658339674836591310e-02,3.571181995548084603e-04,4.641217322370883025e-05,1.871915600326276574e-05,8.484514234709944480e-06,3.578183602862688995e-06,2.700650655496072972e-06,2.595791881027098569e-07,1.448084662791782051e-06,-6.310521127698975885e-07,1.089074623126379260e-06,-7.840329159587884622e-07,7.966887086334820123e-07,-5.351645765705459468e-07,3.081306774246894697e-07
1.165696188832887170e+00,-2.697297175098248290e-02,3.644492722552246378e-04,4.688914763138589403e-05,1.892954006700239833e-05,8.533812560747658371e-06,3.644714509528496071e-06,2.693824866589755729e-06,2.858541588296459324e-07,1.440749130721119542e-06,-6.250248991068393933e-07,1.091181726494902526e-06,-7.898447360998178679e-07,8.051165243574270880e-07,-5.433157937995147790e-07,3.131062140185325582e-07
1.165812254446527918e+00,-2.736261836370280226e-02,3.718460889563278762e-04,4.736210462263912291e-05,1.913503248051826033e-05,8.582306859872615434e-06,3.709304829176834906e-06,2.686561178577573372e-06,3.116751417231444776e-07,1.432982583565722834e-06,-6.189069967918806037e-07,1.092963148074596602e-06,-7.955319747321096258e-07,8.134279726405152511e-07,-5.514634303510623781e-07,3.180871434721455060e-07
1.165930339100101687e+00,-2.775233779608422824e-02,3.793089615042131296e-04,4.783106080060925414e-05,1.933577279974313390e-05,8.630014073191319413e-06,3.771981920114297893e-06,2.678885055340529675e-06,3.370369033861564390e-07,1.424803639835103830e-06,-6.127035958990861841e-07,1.094426159232997353e-06,-8.010946494041264188e-07,8.216239632628102862e-07,-5.596064689347701737e-07,3.230734847564642465e-07
1.166050442216783445e+00,-2.814213125724413650e-02,3.868381832278500188e-04,4.829603290301687224e-05,1.953189670836873171e-05,8.676950126842650213e-06,3.832774175899222868e-06,2.670821009756463305e-06,3.619351008343762999e-07,1.416230567777287952e-06,-6.064196540990149376e-07,1.095578016391263176e-06,-8.065327869342595046e-07,8.297054292149760868e-07,-5.677439053539123925e-07,3.280652589934818231e-07
1.166172563255489347e+00,-2.853199995589883464e-02,3.944340301464711873e-04,4.875703782029894295e-05,1.972353599601420204e-05,8.723129988534236712e-06,3.891710879680432278e-06,2.662392619534603710e-06,3.863662225572772613e-07,1.407281274637406376e-06,-6.000599112035084892e-07,1.096425950770224533e-06,-8.118464275728640156e-07,8.376733228411190058e-07,-5.758747501499739130e-07,3.330624885611310759e-07
1.166296701710314965e+00,-2.892194510040074079e-02,4.020967621059280683e-04,4.921409261146071634e-05,1.991081855402462852e-05,8.768567722024916966e-06,3.948822069992086181e-06,2.653622544118716675e-06,4.103275337008494006e-07,1.397973297526111658e-06,-5.936289027026059317e-07,1.096977159265738466e-06,-8.170356286347699171e-07,8.455286123225033701e-07,-5.839980300043068340e-07,3.380651965034786599e-07
1.166422857109908895e+00,-2.931196789877419523e-02,4.098266238471244202e-04,4.966721451725615577e-05,2.009386838692540922e-05,8.813276539962680567e-06,4.004138416939528877e-06,2.644532543005784220e-06,4.338170237899729997e-07,1.388323795925572313e-06,-5.871309723985349005e-07,1.097238795922522714e-06,-8.221004676243863496e-07,8.532722785628554796e-07,-5.921127889177424386e-07,3.430734056703022006e-07
1.166551029016789087e+00,-2.970206955874918342e-02,4.176238460104619854e-04,5.011642097170997123e-05,2.027280563672399782e-05,8.857268854507369116e-06,4.057691109005112651e-06,2.635143494772451689e-06,4.568333577120720079e-07,1.378349545874679727e-06,-5.805702839355511569e-07,1.097217964273616841e-06,-8.270410451712874311e-07,8.609053123885199166e-07,-6.002180891230557425e-07,3.480871383701455990e-07
1.166681217026619199e+00,-3.009225128779376146e-02,4.254886460787025981e-04,5.056172961160308732e-05,2.044774661928358550e-05,8.900556325922015510e-06,4.109511748534577791e-06,2.625475417433742464e-06,4.793758294902028538e-07,1.368066935056311273e-06,-5.739508316454297598e-07,1.096921710550674556e-06,-8.318574872372141993e-07,8.684287118743833078e-07,-6.083130121674329427e-07,3.531064158429630950e-07
1.166813420767457643e+00,-3.048251429314507294e-02,4.334212292614811335e-04,5.100315828402909868e-05,2.061880387096287626e-05,8.943149909327111069e-06,4.159632255709699855e-06,2.615547489176472951e-06,5.014443191647677267e-07,1.357491959397272296e-06,-5.672764506635050163e-07,1.096357017440693915e-06,-8.365499470706742879e-07,8.758434800731212944e-07,-6.163966595612579980e-07,3.581312577327633306e-07
1.166947639898982425e+00,-3.087285978183909596e-02,4.414217893259214653e-04,5.144072505285091079e-05,2.078608620298752485e-05,8.985059899411368400e-06,4.208084781482518411e-06,2.605378069703290222e-06,5.230392511601511529e-07,1.346640220820094491e-06,-5.605508259058644693e-07,1.095530798429084074e-06,-8.411186071827919664e-07,8.831506229777658090e-07,-6.244681532950602243e-07,3.631616819002592145e-07
1.167083874111701558e+00,-3.126328896073807262e-02,4.494905093744179514e-04,5.187444820324051131e-05,2.094969876384640550e-05,9.026295973111123083e-06,4.254901627146617793e-06,2.594984722034676672e-06,5.441615558710033440e-07,1.335526925883012694e-06,-5.537775006857204030e-07,1.094449892772436650e-06,-8.455636806414118523e-07,8.903511476690204041e-07,-6.325266364050341483e-07,3.681977039579620303e-07
1.167222123126164579e+00,-3.165380303655804251e-02,4.576275625735280739e-04,5.230434624512413089e-05,2.110974310760849182e-05,9.066867230412764544e-06,4.300115171045060247e-06,2.584384234505243683e-06,5.648126332608027766e-07,1.324166885460775767e-06,-5.469598846766579592e-07,1.093121061059368349e-06,-8.498854121427243391e-07,8.974460606915590777e-07,-6.405712734726398683e-07,3.732393371036479834e-07
1.167362386692165632e+00,-3.204440321589457907e-02,4.658331128367006191e-04,5.273043791555534487e-05,2.126631726730339456e-05,9.106782233312890606e-06,4.343757801943126662e-06,2.573592643051458850e-06,5.849943185420869440e-07,1.312574515174858014e-06,-5.401012613147002095e-07,1.091550981173819435e-06,-8.540840788556422480e-07,9.044363665422147647e-07,-6.486012508501171059e-07,3.782865918428024443e-07
1.167504664587955876e+00,-3.243509070524668025e-02,4.741073154628525424e-04,5.315274217987386862e-05,2.141951583274626092e-05,9.146049042863327316e-06,4.385861858177686479e-06,2.562625253610395504e-06,6.047088498412067636e-07,1.300763836850626909e-06,-5.332047945351067741e-07,1.089746244751013671e-06,-8.581599911234964739e-07,9.113230663880186877e-07,-6.566157768443658949e-07,3.833394759053532219e-07
1.167648956619463885e+00,-3.282586671104070070e-02,4.824503177340514620e-04,5.357127823199872574e-05,2.156943003142099136e-05,9.184675254339177974e-06,4.426459572572788437e-06,2.551496664573993378e-06,6.239588376810711878e-07,1.288748480279822139e-06,-5.262735350832978276e-07,1.087713354122610276e-06,-8.621134930074381142e-07,9.181071568614349032e-07,-6.646140818557244589e-07,3.883979940583204282e-07
1.167795262619525376e+00,-3.321673243965263256e-02,4.908622594742857032e-04,5.398606549385231990e-05,2.171614781207135969e-05,9.222668030559391661e-06,4.465583022465746676e-06,2.540220789215563713e-06,6.427472363929043198e-07,1.276541685968357598e-06,-5.193104263565354040e-07,1.085458719615739476e-06,-8.659449625058809885e-07,9.247896290871804315e-07,-6.725954184612359388e-07,3.934621479947941758e-07
1.167943582447130701e+00,-3.360768909742930383e-02,4.993432735716455545e-04,5.439712361422245623e-05,2.185975393067217387e-05,9.260034133628733399e-06,4.503264084430858016e-06,2.528810877852616379e-06,6.610773170268036125e-07,1.264156308244945848e-06,-5.123183098058523011e-07,1.082988657138267419e-06,-8.696548116624881752e-07,9.313714678313433915e-07,-6.805590614736289901e-07,3.985319361882178057e-07
1.168093915986685438e+00,-3.399873789070904928e-02,5.078934864661960313e-04,5.480447246677261353e-05,2.200033003734586101e-05,9.296779955057787870e-06,4.539534393745853214e-06,2.517279539815397982e-06,6.789526419137548174e-07,1.251604819202389862e-06,-5.052999299572091818e-07,1.080309386154373885e-06,-8.732434865089261367e-07,9.378536507120838195e-07,-6.885043078684593976e-07,4.036073539756546147e-07
1.168246263147292741e+00,-3.438988002584113940e-02,5.165130186053521963e-04,5.520813214748322706e-05,2.213795476443264354e-05,9.332911544162117434e-06,4.574425307598412038e-06,2.505638765581963412e-06,6.963770408374703180e-07,1.238899312652752549e-06,-4.982579391889230269e-07,1.077427028046973323e-06,-8.767114668757798601e-07,9.442371474432942335e-07,-6.964304766765572197e-07,4.086883934537044460e-07
1.168400623862053456e+00,-3.478111670920465415e-02,5.252019848693027446e-04,5.560812297165755591e-05,2.227270381502735597e-05,9.368434634756186985e-06,4.607967872532342524e-06,2.493899948247113585e-06,7.133545884968617301e-07,1.226051508762537878e-06,-4.911949018620437313e-07,1.074347604705649939e-06,-8.800592661809165940e-07,9.505229193037742497e-07,-7.043369087619821833e-07,4.137750434507481145e-07
1.168556998087387777e+00,-3.517244914722634369e-02,5.339604949675313614e-04,5.600446547057019719e-05,2.240465005149024080e-05,9.403354670688493511e-06,4.640192795141162563e-06,2.482073904783166363e-06,7.298895831758800412e-07,1.213072759201350159e-06,-4.841132984923640636e-07,1.071077037288065137e-06,-8.832874309645799560e-07,9.567119187616629494e-07,-7.122229667318180635e-07,4.188672895685807696e-07
1.168715385802377771e+00,-3.556387854639803808e-02,5.427886538088722707e-04,5.639718038766630692e-05,2.253386358383284438e-05,9.437676829640237464e-06,4.671130416196433988e-06,2.470170896912149416e-06,7.459865269954235600e-07,1.199974052276675529e-06,-4.770155294037473070e-07,1.067621145441066677e-06,-8.863965403837180401e-07,9.628050888863676215e-07,-7.200880346655558206e-07,4.239651141685341074e-07
1.168875787008132550e+00,-3.595540611329274550e-02,5.516865618464270385e-04,5.678628867439305949e-05,2.266041185726257179e-05,9.471406045664584883e-06,4.700810687794515497e-06,2.458200651894726363e-06,7.616501070117909222e-07,1.186766018720919469e-06,-4.699039181359915274e-07,1.063985646514858940e-06,-8.893872057292966093e-07,9.688033630996309431e-07,-7.279315178826406552e-07,4.290684964547430980e-07
1.169038201727175208e+00,-3.634703305458084066e-02,5.606543153989264339e-04,5.717181148587151263e-05,2.278435973910100665e-05,9.504547030352028525e-06,4.729263153362139871e-06,2.446172382389311117e-06,7.768851775918905744e-07,1.173458937450688744e-06,-4.627807147321305603e-07,1.060176155079015081e-06,-8.922600696413367227e-07,9.747076649153224581e-07,-7.357528426718551451e-07,4.341774124880237729e-07
1.169202630002853294e+00,-3.673876057704538595e-02,5.696920069501237513e-04,5.755377017639846937e-05,2.290576960477762325e-05,9.537104292729400856e-06,4.756516930007337329e-06,2.434094806602615790e-06,7.916967440929623123e-07,1.160062741534240160e-06,-4.556480988253744369e-07,1.056198182802781105e-06,-8.950158054332399415e-07,9.805189076332598841e-07,-7.435514559339662100e-07,4.392918352344454824e-07
1.169369071898769263e+00,-3.713058988759649487e-02,5.787997254274954845e-04,5.793218629469333580e-05,2.302470142215642945e-05,9.569082157878661121e-06,4.782600693541833037e-06,2.421976167371608923e-06,8.060899470696547553e-07,1.146587024436485081e-06,-4.485081822915015781e-07,1.052057138207010412e-06,-8.976551163445561921e-07,9.862379942620139173e-07,-7.513268249041693547e-07,4.444117346902309862e-07
1.169537527498236251e+00,-3.752252219328570254e-02,5.879775564616440686e-04,5.830708157900446609e-05,2.314121283478708102e-05,9.600484784539134453e-06,4.807542665682257299e-06,2.409824250995673545e-06,8.200700476745925727e-07,1.133041046888494385e-06,-4.413630118041064754e-07,1.047758326695388820e-06,-9.001787347603582012e-07,9.918658173844671633e-07,-7.590784367773883989e-07,4.495370778540008772e-07
1.169707996903752711e+00,-3.791455870131933692e-02,5.972255826278746044e-04,5.867847795218601725e-05,2.325535924322871817e-05,9.631316181467688975e-06,4.831370603156082133e-06,2.397646405694064953e-06,8.336424139332443417e-07,1.119433742896580597e-06,-4.342145713213257929e-07,1.043306950868419514e-06,-9.025874212354595416e-07,9.974032589895459600e-07,-7.668057983439835468e-07,4.546678289280015051e-07
1.169880480236500153e+00,-3.830670061907179291e-02,6.065438836703592948e-04,5.904639751678000814e-05,2.336719388512306650e-05,9.661580222735527412e-06,4.854111788674120298e-06,2.385449559758057170e-06,8.468125080318689157e-07,1.105773726681191782e-06,-4.270647843800101651e-07,1.038708110799244078e-06,-9.048819636084046159e-07,1.002851190515588464e-06,-7.745084356670928205e-07,4.598039493666772337e-07
1.170054977635863080e+00,-3.869894915409794606e-02,6.159325367107648316e-04,5.941086254989888515e-05,2.347676791330730039e-05,9.691280661977205724e-06,4.875793023679381166e-06,2.373240238606744157e-06,8.595858740911843654e-07,1.092069299449272002e-06,-4.199155162233625393e-07,1.033966804463853917e-06,-9.070631760811978528e-07,1.008210472847742567e-06,-7.821858936558900854e-07,4.649453978419759714e-07
1.170231489258966695e+00,-3.909130551414549681e-02,6.253916164420817228e-04,5.977189549819308945e-05,2.358413047198575085e-05,9.720421145878108127e-06,4.896440622608605464e-06,2.361024582106518999e-06,8.719681268837264909e-07,1.078328456124988399e-06,-4.127685756848478715e-07,1.029087928367325433e-06,-9.091318983532430120e-07,1.013481956287608232e-06,-7.898377355868013705e-07,4.700921305000882455e-07
1.170410015280237026e+00,-3.948377090716689852e-02,6.349211953087388963e-04,6.012951897293832004e-05,2.368932877090321187e-05,9.749005226610679697e-06,4.916080408721990036e-06,2.348808360877474577e-06,8.839649412867300882e-07,1.064558892163725012e-06,-4.056257170634292031e-07,1.024076278180463540e-06,-9.110889945319368410e-07,1.018666480643443117e-06,-7.974635428155407713e-07,4.752441010794083986e-07
1.170590555890979045e+00,-3.987634654133082740e-02,6.445213436737208881e-04,6.048375574521647202e-05,2.379240815775229834e-05,9.777036373226355437e-06,4.934737711275588579e-06,2.336596992377759641e-06,8.955820422484883636e-07,1.050768010671387920e-06,-3.984886418192598589e-07,1.018936549553386972e-06,-9.129353522154340372e-07,1.023764875229295213e-06,-8.050629143711851565e-07,4.804012608411456497e-07
1.170773111298975877e+00,-4.026903362503288925e-02,6.541921299735055373e-04,6.083462874069064941e-05,2.389341218850607462e-05,9.804517982542684806e-06,4.952437363672096415e-06,2.324395556321801060e-06,9.068251953930905884e-07,1.036962929051865601e-06,-3.913590002086603237e-07,1.013673338882276065e-06,-9.146718814878086745e-07,1.028777959030668931e-06,-8.126354664773904890e-07,4.855635587774909112e-07
1.170957681728101996e+00,-4.066183336690670780e-02,6.639336208619592977e-04,6.118216103493875901e-05,2.399238269568809701e-05,9.831453389090236139e-06,4.969203702864105621e-06,2.312208809862603687e-06,9.177001986104826869e-07,1.023150486029189565e-06,-3.842383928765943923e-07,1.008291144286022067e-06,-9.162995138274794560e-07,1.033706540807741159e-06,-8.201808322019776831e-07,4.907309417226390913e-07
1.171144267417960405e+00,-4.105474697583414573e-02,6.737458813434833368e-04,6.152637584878710431e-05,2.408935985474813801e-05,9.857845874200812930e-06,4.985060569645538564e-06,2.300041202052405254e-06,9.282128736465278251e-07,1.009337248572550472e-06,-3.771283722392437809e-07,1.002794366669612636e-06,-9.178192012077555917e-07,1.038551419186434233e-06,-8.276986609850878196e-07,4.959033543874835637e-07
1.171332868623530477e+00,-4.144777566095558113e-02,6.836289748965856949e-04,6.186729654365265285e-05,2.418438224822613836e-05,9.883698674729643474e-06,5.000031310153918440e-06,2.287896887970264359e-06,9.383690587339010847e-07,9.955295187241697263e-07,-3.700304437651014133e-07,9.971873105602685472e-07,-9.192319150655436921e-07,1.043313382800663269e-06,-8.351886182610124276e-07,5.010807395816607723e-07
1.171523485614836879e+00,-4.184092063167967057e-02,6.935829635881206323e-04,6.220494661708306228e-05,2.427748692794204355e-05,9.909014990712450288e-06,5.014138777806320668e-06,2.275779742211270218e-06,9.481746013201286516e-07,9.817333403716599349e-07,-3.629460673636175638e-07,9.914741854223640960e-07,-9.205386452774272366e-07,1.047993210483155746e-06,-8.426503850487987446e-07,5.062630381927335499e-07
1.171716118676631613e+00,-4.223418309769302187e-02,7.036079081789697182e-04,6.253934969833140067e-05,2.436870947536591558e-05,9.933797992658227605e-06,5.027405336154727733e-06,2.263693372209218957e-06,9.576353515450275466e-07,9.679545060481409280e-07,-3.558766585986389286e-07,9.856591067572417764e-07,-9.217403991166640831e-07,1.052591671335707801e-06,-8.500836575671411044e-07,5.114501893110912079e-07
1.171910768108093137e+00,-4.262756426896946449e-02,7.137038682221846786e-04,6.287052954419107553e-05,2.445808405954034981e-05,9.958050828283437905e-06,5.039852862591398530e-06,2.251641130768256005e-06,9.667571561067234143e-07,9.541985637462335745e-07,-3.488235897309774347e-07,9.797460972463950535e-07,-9.228382003580691550e-07,1.057109524961637181e-06,-8.574881466931472129e-07,5.166421304103607781e-07
1.172107434222536160e+00,-4.302106535577932683e-02,7.238709021534766447e-04,6.319851003478565987e-05,2.454564349334449613e-05,9.981776628493338466e-06,5.051502752408121300e-06,2.239626128414107242e-06,9.755458522942017652e-07,9.404708234406200518e-07,-3.417881907739894753e-07,9.737390879900609253e-07,-9.238330883135081883e-07,1.061547521653133375e-06,-8.648635776743740511e-07,5.218387973335292251e-07
1.172306117347142518e+00,-4.341468756869833884e-02,7.341090673744889508e-04,6.352331516979586867e-05,2.463141928785682333e-05,1.000497851286197282e-05,5.062375923466089223e-06,2.227651245134687485e-06,9.840072628664042753e-07,9.267763637216264172e-07,-3.347717506697184264e-07,9.676419198915292563e-07,-9.247261167494302825e-07,1.065906402497075744e-06,-8.722096897159636875e-07,5.270401245219269448e-07
1.172506817822697389e+00,-4.380843211861629866e-02,7.444184203299879926e-04,6.384496906451132825e-05,2.471544170472989022e-05,1.002765959479991198e-05,5.072492821302926336e-06,2.215719141787642066e-06,9.921471911950030531e-07,9.131200382206383637e-07,-3.277755182447272819e-07,9.614583448072644423e-07,-9.255183529856790547e-07,1.070186899592741325e-06,-8.795262356232902423e-07,5.322460449597166132e-07
1.172709536003343489e+00,-4.420230021674541321e-02,7.547990165790701561e-04,6.416349594618765695e-05,2.479773980649559173e-05,1.004982298627270232e-05,5.081873424819111085e-06,2.203832270966654683e-06,9.999714163655415433e-07,8.995064821326614890e-07,-3.208007030375617519e-07,9.551920269225411264e-07,-9.262108770237940936e-07,1.074389736256502192e-06,-8.868129812572567161e-07,5.374564903681822159e-07
1.172914272256346813e+00,-4.459629307462920078e-02,7.652509108607066096e-04,6.447892015068283633e-05,2.487834150532997057e-05,1.007147180165542111e-05,5.090537252221138953e-06,2.191992887659588440e-06,1.007485689125120487e-06,8.859401184613258096e-07,-3.138484762311641307e-07,9.488465440785076588e-07,-9.268047805738310885e-07,1.078515627228257556e-06,-8.940697053295976193e-07,5.426713912681790930e-07
1.173121026961870594e+00,-4.499041190415002667e-02,7.757741571541732634e-04,6.479126611905368371e-05,2.495727360981095377e-05,1.009260916176590861e-05,5.098503367328977021e-06,2.180203059212737493e-06,1.014695727899472821e-06,8.724251643055236372e-07,-3.069199716069712092e-07,9.424253891408829187e-07,-9.273011661067691314e-07,1.082565278768578276e-06,-9.012961989067480584e-07,5.478906770772784540e-07
1.173329800512765697e+00,-4.538465791753765188e-02,7.863688087346287076e-04,6.510055839446457493e-05,2.503456186991707966e-05,1.011323819722319273e-05,5.105790386216585430e-06,2.168464675114667450e-06,1.021607215073716546e-06,8.589656368268583364e-07,-3.000162862370689409e-07,9.359319713790614781e-07,-9.277011460552368749e-07,1.086539388869475764e-06,-9.084922650663684873e-07,5.531142761860952106e-07
1.173540593314367442e+00,-4.577903232737694922e-02,7.970349182242972286e-04,6.540682161900596148e-05,2.511023102040425836e-05,1.013336205126988410e-05,5.112416483980808390e-06,2.156779456530255601e-06,1.028225793675563438e-06,8.455653594668932627e-07,-2.931384813099208175e-07,9.293696177879728904e-07,-9.280058418867365155e-07,1.090438647540631356e-06,-9.156577185816250353e-07,5.583421160137991279e-07
1.173753405784304427e+00,-4.617353634661579276e-02,8.077725376392994039e-04,6.571008053116167424e-05,2.518430482243046165e-05,1.015298388250263084e-05,5.118399401968232176e-06,2.145148964932674929e-06,1.034557064280572369e-06,8.322279677064337022e-07,-2.862875829361469227e-07,9.227415745122896640e-07,-9.282163832783490998e-07,1.094263736883122062e-06,-9.227923854493447209e-07,5.635741231954649599e-07
1.173968238352316007e+00,-4.656817118857283638e-02,8.185817184326749790e-04,6.601035996302469233e-05,2.525680610369201995e-05,1.017210686736144676e-05,5.123756454828570783e-06,2.133574611068445037e-06,1.040606582236591748e-06,8.189569149774644785e-07,-2.794645829265474113e-07,9.160510081838990626e-07,-9.283339072905724687e-07,1.098015331341822831e-06,-9.298961026749097414e-07,5.688102235265612983e-07
1.174185091460081320e+00,-4.696293806694461920e-02,8.294625115341019636e-04,6.630768483759270915e-05,2.532775679671417368e-05,1.019073420222872672e-05,5.128504538043365812e-06,2.122057662867771199e-06,1.046379854943713106e-06,8.057554783391651654e-07,-2.726704394113987906e-07,9.093010073790708248e-07,-9.283595575389907983e-07,1.101694097820765661e-06,-9.369687178281682627e-07,5.740503421225451319e-07
1.174403965561053642e+00,-4.735783819581329546e-02,8.404149673858444386e-04,6.660208016666564756e-05,2.539717797580762215e-05,1.020886910503039646e-05,5.132660135395705758e-06,2.110599253618561377e-06,1.051882339564436109e-06,7.926267639457584835e-07,-2.659060775430169277e-07,9.024945840530734786e-07,-9.282944834774001230e-07,1.105300695869622374e-06,-9.440100886860813834e-07,5.792944034813118925e-07
1.174624861120305397e+00,-4.775287278965407306e-02,8.514391359757591399e-04,6.689357104858704994e-05,2.546508989255055755e-05,1.022651481693073738e-05,5.136239326672398242e-06,2.099200389404920486e-06,1.057119440678322420e-06,7.795737126670143624e-07,-2.591723901809728225e-07,8.956346747735627334e-07,-9.281398395889935149e-07,1.108835777974270798e-06,-9.510200829898618480e-07,5.845423315040121359e-07
1.174847778614381166e+00,-4.814804306334226347e-02,8.625350668676305677e-04,6.718218266614853218e-05,2.553151200981526592e-05,1.024367460359006110e-05,5.139257795164914322e-06,2.087861956517889084e-06,1.062096508630538949e-06,7.665991053895648832e-07,-2.524702385989924247e-07,8.887241421742797520e-07,-9.278967845940261361e-07,1.112299989577611448e-06,-9.579985781361932684e-07,5.897940496338294203e-07
1.175072718531156468e+00,-4.854335023216049816e-02,8.737028092286628841e-04,6.746794028480822270e-05,2.559646303415541446e-05,1.026035175631483110e-05,5.141730835590135884e-06,2.076584728283314973e-06,1.066818837450189683e-06,7.537055681239301919e-07,-2.458004530374660601e-07,8.817657764139535947e-07,-9.275664808422283414e-07,1.115693969300744770e-06,-9.649454607331409139e-07,5.950494808698580940e-07
1.175299681369706084e+00,-4.893879551180571608e-02,8.849424118544954934e-04,6.775086925091614032e-05,2.565996094698944074e-05,1.027654959287818692e-05,5.143673361868855709e-06,2.065369371639924623e-06,1.071291663309881237e-06,7.408955773197112293e-07,-2.391638333132037331e-07,8.747622964270368451e-07,-9.271500935868239035e-07,1.119018349168485194e-06,-9.718606263364737430e-07,6.003085478573089162e-07
1.175528667640177050e+00,-4.933438011839654663e-02,8.962539231919764912e-04,6.803099499022927099e-05,2.572202303470667861e-05,1.029227145832138646e-05,5.145099914918155326e-06,2.054216453634127859e-06,1.075520163151821862e-06,7.281714648060821915e-07,-2.325611495428148157e-07,8.677163513461788602e-07,-9.266487902117107045e-07,1.122273754703036197e-06,-9.787439792553753737e-07,6.055711729152646328e-07
1.175759677863670083e+00,-4.973010526847967266e-02,9.076373913598050069e-04,6.830834300630868328e-05,2.578266591721743717e-05,1.030752072538922148e-05,5.146024670266841072e-06,2.043126447276444324e-06,1.079509453272287089e-06,7.155354226073828983e-07,-2.259931425902667046e-07,8.606305218743920404e-07,-9.260637397353298217e-07,1.125460805113942531e-06,-9.855954321395798967e-07,6.108372781477022784e-07
1.175992712572125232e+00,-5.012597217903720648e-02,9.190928641673399430e-04,6.858293887950124568e-05,2.584190557527663024e-05,1.032230079494461661e-05,5.146461446128847150e-06,2.032099737703241260e-06,1.083264588280785645e-06,7.029895078142223142e-07,-2.194605247208755716e-07,8.535073215635430310e-07,-9.253961121028983494e-07,1.128580113411714603e-06,-9.924149056844688843e-07,6.161067854573709646e-07
1.176227772308215513e+00,-5.052198206749320547e-02,9.306203891313842916e-04,6.885480826560215484e-05,2.589975737679432732e-05,1.033661509614036689e-05,5.146423710866016021e-06,2.021136627367026151e-06,1.086790560073103151e-06,6.905356471631485249e-07,-2.129639801538157906e-07,8.463491981622328630e-07,-9.246470775267807973e-07,1.131632286635077256e-06,-9.992023285200490879e-07,6.213796166151808187e-07
1.176464857625243443e+00,-5.091813615172044449e-02,9.422200134910196229e-04,6.912397689494594044e-05,2.595623610214883858e-05,1.035046708657352821e-05,5.145924590714556768e-06,2.010237341421028390e-06,1.090092296943123706e-06,6.781756415746853506e-07,-2.065041656432523021e-07,8.391585349532687532e-07,-9.238178059070914494e-07,1.134617925969798324e-06,-1.005957636766863228e-06,6.266556932948974534e-07
1.176703969087047996e+00,-5.131443565004720903e-02,9.538917842216530080e-04,6.939047057146971453e-05,2.601135596797844729e-05,1.036386025226460061e-05,5.144976877525381243e-06,1.999402032715202893e-06,1.093174662764040406e-06,6.659111707330023222e-07,-2.000817109779409741e-07,8.319376521240956501e-07,-9.229094663615843019e-07,1.137537626732208762e-06,-1.012680773810475943e-06,6.319349371425309059e-07
1.176945107267907353e+00,-5.171088178126376222e-02,9.656357480473257496e-04,6.965431517209560996e-05,2.606513065002251384e-05,1.037679810740078923e-05,5.143593036393417917e-06,1.988630786736722555e-06,1.096042456391610465e-06,6.537437972214954485e-07,-1.936972194964414751e-07,8.246888079065095578e-07,-9.219232266995981695e-07,1.140391978742168189e-06,-1.019371690027387478e-06,6.372172698110301070e-07
1.177188272752458076e+00,-5.210747576462946423e-02,9.774519514512899909e-04,6.991553664618434250e-05,2.611757330522011811e-05,1.038928419415038884e-05,5.141785213085697803e-06,1.977923625884336900e-06,1.098700411095165919e-06,6.416749707971458605e-07,-1.873512687506490026e-07,8.174141999175987827e-07,-9.208602527299020180e-07,1.143181566325666976e-06,-1.026030342680950280e-06,6.425026129672217756e-07
1.177433466135608953e+00,-5.250421881987873962e-02,9.893404406856893402e-04,7.017416101482570889e-05,2.616869659269327464e-05,1.040132208236094202e-05,5.139565241368826420e-06,1.967280514186819929e-06,1.101153194182913353e-06,6.297060325399783665e-07,-1.810444109186584716e-07,8.101159664451740294e-07,-9.197217078274477764e-07,1.145906968488298594e-06,-1.032656695518913148e-06,6.477908884236494025e-07
1.177680688022465283e+00,-5.290111216722782894e-02,1.001301261780137078e-03,7.043021437070327850e-05,2.621851269386799022e-05,1.041291536908045545e-05,5.136944650416253033e-06,1.956701360994461680e-06,1.103405406585600268e-06,6.178382186833308864e-07,-1.747771733147732154e-07,8.027961877331984963e-07,-9.185087525296134481e-07,1.148568758972505488e-06,-1.039250718544437735e-06,6.530820180761232052e-07
1.177929939028253603e+00,-5.329815702738126271e-02,1.013334460549251796e-03,7.068372287786020558e-05,2.626703333127693163e-05,1.042406767795198141e-05,5.133934672083700912e-06,1.946186025419960330e-06,1.105461582565081535e-06,6.060726646661684924e-07,-1.685500588500740693e-07,7.954568871371137107e-07,-9.172225440313985789e-07,1.151167506398959040e-06,-1.045812387853034542e-06,6.583759239869868551e-07
1.178181219778252853e+00,-5.369535462153851579e-02,1.025440082599183428e-03,7.093471277152402221e-05,2.631426978702382236e-05,1.043478265876258970e-05,5.130546248042350266e-06,1.935734319613580112e-06,1.107326189589419307e-06,5.944104087968193895e-07,-1.623635466725323329e-07,7.881000322514097878e-07,-9.158642357066405781e-07,1.153703774476461108e-06,-1.052341685424396101e-06,6.636725284406286285e-07
1.178434530907728206e+00,-5.409270617140011367e-02,1.037618173333065483e-03,7.118321035815174114e-05,2.636023292025904685e-05,1.044506398675988657e-05,5.126790036617118185e-06,1.925346012510154026e-06,1.109003628305127442e-06,5.828523960138554116e-07,-1.562180925633940842e-07,7.807275362280152731e-07,-9.144349767046915101e-07,1.156178122020158627e-06,-1.058838598813616194e-06,6.689717539296036186e-07
1.178689873061867788e+00,-5.449021289917414801e-02,1.049868777955939927e-03,7.142924201554434749e-05,2.640493318365778885e-05,1.045491536195118643e-05,5.122676420075966686e-06,1.915020833215264062e-06,1.110498232329004686e-06,5.713994813277833984e-07,-1.501141294098923273e-07,7.733412589611132759e-07,-9.129359115288802895e-07,1.158591103040014503e-06,-1.065303121074862025e-06,6.742735232240226750e-07
1.178947246895724055e+00,-5.488787602758290335e-02,1.062191941478938736e-03,7.167283419305670034e-05,2.644838063928581229e-05,1.046434050831768214e-05,5.118215511086543490e-06,1.904758474169376825e-06,1.111814268400790340e-06,5.600524333737588734e-07,-1.440520678063286764e-07,7.659430081748130892e-07,-9.113681796392610057e-07,1.160943266864840340e-06,-1.071735250428307307e-06,6.795777593715524034e-07
1.179206653074157396e+00,-5.528569677986889391e-02,1.074587708722428078e-03,7.191401341192713015e-05,2.649058497390492650e-05,1.047334317308933060e-05,5.113417159505889709e-06,1.894558594117690120e-06,1.112955936480308772e-06,5.488119376728661791e-07,-1.380322963784666457e-07,7.585345405975579824e-07,-9.097329151499036759e-07,1.163235158248981937e-06,-1.078134990117884939e-06,6.848843857043540595e-07
1.179468092271783064e+00,-5.568367637980117801e-02,1.087056124319051888e-03,7.215280626571805855e-05,2.653155551309537008e-05,1.048192712593647158e-05,5.108290959079941906e-06,1.884420821107735122e-06,1.113927369775224996e-06,5.376786001709543683e-07,-1.320551822423660093e-07,7.511175629595912007e-07,-9.080312464494234848e-07,1.165467317531913849e-06,-1.084502348216997980e-06,6.901933259709225332e-07
1.179731565172920327e+00,-5.608181605168188755e-02,1.099597232715852566e-03,7.238923942083294594e-05,2.657130123501216801e-05,1.049009615802613815e-05,5.102846253841192281e-06,1.874344754931867030e-06,1.114732635087989365e-06,5.266529500835837041e-07,-1.261210715577595898e-07,7.436937332783860599e-07,-9.062642958228110668e-07,1.167640280583595591e-06,-1.090837337489741765e-06,6.955045042111862585e-07
1.179997072471546060e+00,-5.648011702035259096e-02,1.112211078175637941e-03,7.262333961727436560e-05,2.660983078365750099e-05,1.049785408115816443e-05,5.097092144266957003e-06,1.864329970069356079e-06,1.115375733051759966e-06,5.157354430324057049e-07,-1.202302900146431930e-07,7.362646619202967146e-07,-9.044331791296413015e-07,1.169754578965800929e-06,-1.097139975116817601e-06,7.008178449299795609e-07
1.180264614871249673e+00,-5.687858051120032316e-02,1.124897704778315272e-03,7.285513366913493050e-05,2.664715248116081292e-05,1.050520472689782381e-05,5.091037493694383631e-06,1.854376017851322445e-06,1.115860598352447219e-06,5.049264642231765521e-07,-1.143831432140474114e-07,7.288319125442477286e-07,-9.025390055013640667e-07,1.171810740063956857e-06,-1.103410282643491058e-06,7.061332728749980525e-07
1.180534193085190475e+00,-5.727720775016393456e-02,1.137657156421677945e-03,7.308464846552537031e-05,2.668327433975360707e-05,1.051215194556621990e-05,5.084690934208102586e-06,1.844482428847715738e-06,1.116191100256069824e-06,4.942263311380479252e-07,-1.085799171129941953e-07,7.213970032015487588e-07,-9.005828770797946747e-07,1.173809287091480413e-06,-1.109648285688158431e-06,7.114507133768044334e-07
1.180805807836056376e+00,-5.767599996374026677e-02,1.150489476821517365e-03,7.331191097152689462e-05,2.671820407298790279e-05,1.051869960535210813e-05,5.078060872791556601e-06,1.834648714976738759e-06,1.116371042664265900e-06,4.836352964221468653e-07,-1.028208784286874233e-07,7.139614074114231101e-07,-8.985658888375699926e-07,1.175750739161769698e-06,-1.115854013793160515e-06,7.167700921476005682e-07
1.181079459856027469e+00,-5.807495837899052937e-02,1.163394709511742647e-03,7.353694822903773798e-05,2.675194910640478485e-05,1.052485159134565473e-05,5.071155497183427174e-06,1.824874371642026816e-06,1.116404164822060174e-06,4.731535506591333373e-07,-9.710627518668552005e-08,7.065265551151056478e-07,-8.964891281475033391e-07,1.177635611440859542e-06,-1.122027500379679799e-06,7.220913353436775317e-07
1.181355149886740508e+00,-5.847408422354643392e-02,1.176372897843841123e-03,7.375978735785736207e-05,2.678451658780396649e-05,1.053061180467627922e-05,5.063982781307319048e-06,1.815158879481248988e-06,1.116294141692564246e-06,4.627812249108353981e-07,-9.143633709213228045e-08,6.990938336472879433e-07,-8.943536746043416474e-07,1.179464415132676358e-06,-1.128168782508348622e-06,7.274143695584767144e-07
1.181632878679254040e+00,-5.887337872561656388e-02,1.189424084986097710e-03,7.398045555705515253e-05,2.681591339701895615e-05,1.053598416131222570e-05,5.056550490972061551e-06,1.805501706308998422e-06,1.116044584567599252e-06,4.525183933401510927e-07,-8.581127593221271610e-08,6.916645888324635116e-07,-8.921605998530278414e-07,1.181237657539753461e-06,-1.134277900712715725e-06,7.327391219960621704e-07
1.181912646994017102e+00,-5.927284311399246691e-02,1.202548313922798678e-03,7.419898010584818904e-05,2.684614615495496681e-05,1.054097259124003871e-05,5.048866189572009944e-06,1.795902308865393593e-06,1.115659041261984896e-06,4.423650755563945935e-07,-8.023128598988460425e-08,6.842401257881047805e-07,-8.899109672812210992e-07,1.182955842195937413e-06,-1.140354898912510073e-06,7.380655201727481796e-07
1.182194455600839245e+00,-5.967247861805467790e-02,1.215745627452720704e-03,7.441538836503065746e-05,2.687522123245508765e-05,1.054558103754689447e-05,5.040937243107335153e-06,1.786360134314879389e-06,1.115140996821306629e-06,4.323212392659536718e-07,-7.469654453653995496e-08,6.768217099360068767e-07,-8.876058318553654847e-07,1.184619468877663728e-06,-1.146399824260985190e-06,7.433934922293494729e-07
1.182478305278862329e+00,-6.007228646777915126e-02,1.229016068187543595e-03,7.462970777850908011e-05,2.690314475884553191e-05,1.054981345532772508e-05,5.032770825436766460e-06,1.776874621717272618e-06,1.114493874423971853e-06,4.223868022568133540e-07,-6.920721219196013241e-08,6.694105679719980495e-07,-8.852462399290030037e-07,1.186229033642120789e-06,-1.152412726992263492e-06,7.487229667438310976e-07
1.182764196816533886e+00,-6.047226789374349903e-02,1.242359678550519764e-03,7.484196587442815130e-05,2.692992262949209237e-05,1.055367381081265266e-05,5.024373923443598011e-06,1.767445203665340969e-06,1.113721035395087711e-06,4.125616348688021517e-07,-6.376343333804740388e-08,6.620078886396263407e-07,-8.828332290888168954e-07,1.187785028958221467e-06,-1.158393660292966754e-06,7.540538728700862947e-07
1.183052131011582464e+00,-6.087242412713295830e-02,1.255776500774343114e-03,7.505219026681872463e-05,2.695556051340690373e-05,1.055716608025503156e-05,5.015753342052509112e-06,1.758071307284003737e-06,1.112825780150150656e-06,4.028455621585269597e-07,-5.836533646316754975e-08,6.546148237154825189e-07,-8.803678279907002635e-07,1.189287943665837122e-06,-1.164342680166907673e-06,7.593861402477308786e-07
1.183342108670992765e+00,-6.127275639974696236e-02,1.269266576898920793e-03,7.526040865727702533e-05,2.698006386040070759e-05,1.056029424919419091e-05,5.006915709006992676e-06,1.748752355756888477e-06,1.111811348764035756e-06,3.932383658145077732e-07,-5.301303462618839335e-08,6.472324889095215639e-07,-8.778510562005951978e-07,1.190738263073809478e-06,-1.170259845324067571e-06,7.647196990437366004e-07
1.183634130610985657e+00,-6.167326594400470569e-02,1.282829948769293252e-03,7.546664883637671517e-05,2.700343790792286702e-05,1.056306231139551854e-05,4.997867479560047510e-06,1.739487769214509427e-06,1.110680921609374927e-06,3.837397863776237372e-07,-4.770662585373147691e-08,6.398619645780340148e-07,-8.752839239902290847e-07,1.192136468997247178e-06,-1.176145217079982430e-06,7.700544799871256174e-07
1.183928197656995973e+00,-6.207395399295171506e-02,1.296466658033233396e-03,7.567093868549729097e-05,2.702568768734106563e-05,1.056547426799177292e-05,4.988614941109359435e-06,1.730276966094290714e-06,1.109437620078201903e-06,3.743495252117590155e-07,-4.244619350706607674e-08,6.325042966499883068e-07,-8.726674322768329661e-07,1.193483039788750810e-06,-1.181998859241251143e-06,7.753904142995815540e-07
1.184224310643653633e+00,-6.247482178026614319e-02,1.310176746138583780e-03,7.587330617851717474e-05,2.704681803001630913e-05,1.056753412650990320e-05,4.979164217763093481e-06,1.721119363917722467e-06,1.108084506970530292e-06,3.650672461968929028e-07,-3.723180657701219420e-08,6.251604974336771869e-07,-8.700025724956393647e-07,1.194778450386117796e-06,-1.187820837952879849e-06,7.807274338203495923e-07
1.184522470414766104e+00,-6.287587054026477773e-02,1.323960254330718705e-03,7.607377938367160253e-05,2.706683357316108651e-05,1.056924589989440000e-05,4.969521274603844185e-06,1.712014380428339422e-06,1.106624587618454392e-06,3.558925776164789667e-07,-3.206352020869440711e-08,6.178315464268335777e-07,-8.672903264164352755e-07,1.196023172372190357e-06,-1.193611221694812485e-06,7.860654708327641238e-07
1.184822677823299530e+00,-6.327710150790902266e-02,1.337817223649752189e-03,7.627238646536541045e-05,2.708573876521180868e-05,1.057061360582381426e-05,4.959691922080955440e-06,1.702961434257854734e-06,1.105060810274727245e-06,3.468251141697242801e-07,-2.694137599297541374e-08,6.105183910920519708e-07,-8.645316661231791655e-07,1.197217673957508277e-06,-1.199370081049477843e-06,7.914044582377210979e-07
1.185124933731366292e+00,-6.367851591881143469e-02,1.351747694927718166e-03,7.646915568614714998e-05,2.710353787084389399e-05,1.057164126570982188e-05,4.949681820121815123e-06,1.693959945842093973e-06,1.103396066876038972e-06,3.378644183454904137e-07,-2.186540232901323932e-08,6.032219476165973093e-07,-8.617275539333363321e-07,1.198362420078320778e-06,-1.205097488615053392e-06,7.967443294079612492e-07
1.185429239010206359e+00,-6.408011500924147563e-02,1.365751708785663959e-03,7.666411540855309903e-05,2.712023497599552746e-05,1.057233290392180225e-05,4.939496482211924722e-06,1.685009338031617787e-06,1.101633193681395007e-06,3.290100223374281541e-07,-1.683561470008226868e-08,5.959431016097638256e-07,-8.588789422473916413e-07,1.199457872459036567e-06,-1.210793519036690302e-06,8.020850183060312943e-07
1.185735594540177296e+00,-6.448190001613195166e-02,1.379829305630667427e-03,7.685729409711780646e-05,2.713583399247682104e-05,1.057269254689865989e-05,4.929141279329252168e-06,1.676109037090922627e-06,1.099774972160294517e-06,3.202614294317562837e-07,-1.185201623996046116e-08,5.886827089511548206e-07,-8.559867734456334809e-07,1.200504489543702258e-06,-1.216458248812224419e-06,8.074264594357116742e-07
1.186044001210738497e+00,-6.488387217708538324e-02,1.393980525652632058e-03,7.704872032072984656e-05,2.715033866223029446e-05,1.057272422229707520e-05,4.918621443750215150e-06,1.667258473114774375e-06,1.097824129617230859e-06,3.116181156032071797e-07,-6.914597961045487740e-09,5.814415964793678837e-07,-8.530519799024652294e-07,1.201502726488196116e-06,-1.222091756226256765e-06,8.127685878836499178e-07
1.186354459920442528e+00,-6.528603273037986154e-02,1.408205408821187887e-03,7.723842275447929950e-05,2.716375256153064077e-05,1.057243195830628868e-05,4.907942072883419993e-06,1.658457080555564289e-06,1.095783339899458753e-06,3.030795311109724111e-07,-2.023339064002871446e-09,5.742205626546592612e-07,-8.500754839400014029e-07,1.202453035383140023e-06,-1.227694121197497878e-06,8.181113391320105066e-07
1.186666971576922247e+00,-6.568838291497525184e-02,1.422503994882447567e-03,7.742643018193023918e-05,2.717607910483928191e-05,1.057181978288135316e-05,4.897108132811966996e-06,1.649704298917198386e-06,1.093655224215783761e-06,2.946451017060702782e-07,2.821792684931656581e-09,5.670203782528332459e-07,-8.470581977187800760e-07,1.203355865101243816e-06,-1.233265425320401176e-06,8.234546494054195698e-07
1.186981537096881034e+00,-6.609092397051948009e-02,1.436876323355935035e-03,7.761277149722321800e-05,2.718732154839698101e-05,1.057089172288444567e-05,4.886124461929430840e-06,1.640999573115919929e-06,1.091442351719429382e-06,2.863142301301468962e-07,7.620840632160952310e-09,5.598417871146427194e-07,-8.440010232707226279e-07,1.204211661398786604e-06,-1.238805751601484983e-06,8.287984552685090378e-07
1.187298157406084798e+00,-6.649365713735461147e-02,1.451322433531259185e-03,7.779747570737377549e-05,2.719748299366379907e-05,1.056965180344648925e-05,4.874995774416246430e-06,1.632342354118687666e-06,1.089147240271315376e-06,2.780862976142772780e-07,1.237385893228248879e-08,5.526855067338604099e-07,-8.409048523698968436e-07,1.205020866964189030e-06,-1.244315184632804883e-06,8.341426939173501864e-07
1.187616833439353314e+00,-6.689658365652310923e-02,1.465842364464605384e-03,7.798057193457615111e-05,2.720656639065496818e-05,1.056810404720907870e-05,4.863726663532214056e-06,1.623732099081953706e-06,1.086772357258847244e-06,2.699606648226549055e-07,1.708091213088736016e-08,5.455522288835140676e-07,-8.377705664874141034e-07,1.205783921393727143e-06,-1.249793810376848002e-06,8.394873029504701378e-07
1.187937566140553347e+00,-6.729970476977423233e-02,1.480436154975469862e-03,7.816208941867353044e-05,2.721457454097145345e-05,1.056625247364967324e-05,4.852321604843085057e-06,1.615168272045552911e-06,1.084320120345316774e-06,2.619366732403705100e-07,2.174207488700452551e-08,5.384426203288578128e-07,-8.345990368295932993e-07,1.206501261227961586e-06,-1.255241716020816245e-06,8.448322206672242984e-07
1.188260356462591094e+00,-6.770302171956998905e-02,1.495103843643298680e-03,7.834205751933338846e-05,2.722151010063102172e-05,1.056410109840678901e-05,4.840784959530414211e-06,1.606650343877191744e-06,1.081792898052769125e-06,2.540136464640463387e-07,2.635743171462701095e-08,5.313573234449336935e-07,-8.313911243761247516e-07,1.207173319916175769e-06,-1.260658990011320757e-06,8.501773857624850272e-07
1.188585205367405973e+00,-6.810653574909110441e-02,1.509845468804085072e-03,7.852050571858538996e-05,2.722737558275706293e-05,1.056165393263815144e-05,4.829120977455081398e-06,1.598177792910826511e-06,1.079193010705692402e-06,2.461908910900145742e-07,3.092707667913530134e-08,5.242969567768873684e-07,-8.281476798176201637e-07,1.207800527910050936e-06,-1.266045721912134603e-06,8.555227374723584077e-07
1.188912113825967287e+00,-6.851024810224375095e-02,1.524661068546815865e-03,7.869746362309561205e-05,2.723217336015118506e-05,1.055891498250548233e-05,4.817333800029993673e-06,1.589750105085441234e-06,1.076522731000006949e-06,2.384676981159739029e-07,3.545111296535119472e-08,5.172621156748768989e-07,-8.248695434961983430e-07,1.208383312693156464e-06,-1.271402002463173364e-06,8.608682154839786271e-07
1.189241082818267348e+00,-6.891416002366543281e-02,1.539550680710044528e-03,7.887296096689179470e-05,2.723590566768366306e-05,1.055588824841122153e-05,4.805427463269729138e-06,1.581366774111581108e-06,1.073784284669199174e-06,2.308433437181456327e-07,3.992965272661685994e-08,5.102533728179592387e-07,-8.215575454579605863e-07,1.208922098748857477e-06,-1.276727923358450534e-06,8.662137600187747033e-07
1.189572113333319914e+00,-6.931827275873113370e-02,1.554514342878463365e-03,7.904702761387001619e-05,2.723857460432826949e-05,1.055257772447117104e-05,4.793405900718750168e-06,1.573027301693397106e-06,1.070979851455766685e-06,2.233170904447634442e-07,4.436281678121822836e-08,5.032712788385906855e-07,-8.182125055054660645e-07,1.209417307595876678e-06,-1.282023577284241433e-06,8.715593117838982273e-07
1.189905206369154422e+00,-6.972258755355978388e-02,1.569552092379281408e-03,7.921969356024065323e-05,2.724018213549374290e-05,1.054898739801315988e-05,4.781272946050019179e-06,1.564731197889468461e-06,1.068111565513674144e-06,2.158881881597629615e-07,4.875073422033748827e-08,4.963163628621258816e-07,-8.148352331070925214e-07,1.209869357802172141e-06,-1.287289057832347039e-06,8.769048119652844697e-07
1.190240362932815099e+00,-7.012710565502042193e-02,1.584663966278678643e-03,7.939098893712352722e-05,2.724073009492677944e-05,1.054512124900632009e-05,4.769032335733003336e-06,1.556477980974024788e-06,1.065181516435309561e-06,2.085558749587157479e-07,5.309354216519179825e-08,4.893891330584598798e-07,-8.114265274859408517e-07,1.210278664998815090e-06,-1.292524459437643936e-06,8.822502021374467596e-07
1.190577584040358738e+00,-7.053182831073834258e-02,1.599850001378319217e-03,7.956094401325580767e-05,2.724022018634267295e-05,1.054098324951985299e-05,4.756687711784945982e-06,1.548267177936546446e-06,1.062191749903740323e-06,2.013193780014965739e-07,5.739138556580536399e-08,4.824900771641799091e-07,-8.079871776211361434e-07,1.210645641851366971e-06,-1.297729877360737083e-06,8.875954244508266200e-07
1.190916870716852483e+00,-7.093675676910130012e-02,1.615110234211947909e-03,7.972958919760797514e-05,2.723865398522075376e-05,1.053657736326332750e-05,4.744242624251521212e-06,1.540098324176453204e-06,1.059144268150680190e-06,1.941779145253619276e-07,6.164441686967725431e-08,4.756196629977782475e-07,-8.045179622595370617e-07,1.210970698149217706e-06,-1.302905407569998619e-06,8.929404214652603144e-07
1.191258223996373378e+00,-7.134189227926585053e-02,1.630444701041485270e-03,7.989695504209519406e-05,2.723603294041421208e-05,1.053190754518248951e-05,4.731700533687488441e-06,1.531970963863926727e-06,1.056041030914056655e-06,1.871306926221061318e-07,6.585279577198122070e-08,4.687783389419053481e-07,-8.010196499859921493e-07,1.211254240776095392e-06,-1.308051146692995603e-06,8.982851361707955284e-07
1.191601644922007708e+00,-7.174723609116374912e-02,1.645853437853599804e-03,8.006307224446042314e-05,2.723235837550665173e-05,1.052697774086945592e-05,4.719064813481221865e-06,1.523884649773377120e-06,1.052883956062511395e-06,1.801769120429730364e-07,7.001668884433487339e-08,4.619665345314410976e-07,-7.974929991808391017e-07,1.211496673730882989e-06,-1.313167192047715037e-06,9.036295120432025207e-07
1.191947134545851661e+00,-7.215278945550784861e-02,1.661336480356104955e-03,8.022797165076200887e-05,2.722763149029527874e-05,1.052179188616546301e-05,4.706338752217403831e-06,1.515838943755287715e-06,1.049674920344800810e-06,1.733157648925454097e-07,7.413626946194129541e-08,4.551846608837062380e-07,-7.939387581304933883e-07,1.211698398119812059e-06,-1.318253641500316542e-06,9.089734928843795636e-07
1.192294693929010885e+00,-7.255855362379839968e-02,1.676893863974357815e-03,8.039168425832271536e-05,2.722185336187510352e-05,1.051635390692320926e-05,4.693525556067473792e-06,1.507833416236614710e-06,1.046415759944907542e-06,1.665464364059010549e-07,7.821171746878741171e-08,4.484331111685724292e-07,-7.903576650534691050e-07,1.211859812185085705e-06,-1.323310593440846228e-06,9.143170230097030782e-07
1.192644324141602485e+00,-7.296452984832962896e-02,1.692525623847596257e-03,8.055424121858681397e-05,2.721502494585671672e-05,1.051066771838408964e-05,4.680628350746396382e-06,1.499867646637120799e-06,1.043108271259196584e-06,1.598681057396467153e-07,8.224321892610908513e-08,4.417122610646945224e-07,-7.867504481290019114e-07,1.211981311330899425e-06,-1.328338146772828354e-06,9.196600471508831198e-07
1.192996026262756359e+00,-7.337071938219599798e-02,1.708231794825326375e-03,8.071567383983319077e-05,2.720714707741406224e-05,1.050473722499951912e-05,4.667650183906579819e-06,1.491941223147330575e-06,1.039754211534793527e-06,1.532799464992740113e-07,8.623096589381595845e-08,4.350224692348247935e-07,-7.831178255907240982e-07,1.212063288133849448e-06,-1.333336400826529156e-06,9.250025103310632879e-07
1.193349801380616304e+00,-7.377712347929821224e-02,1.724012411463638796e-03,8.087601359023713354e-05,2.719822047220731009e-05,1.049856631992959755e-05,4.654594027039132831e-06,1.484053742728530523e-06,1.036355299549596154e-06,1.467811275718267083e-07,9.017515617895655033e-08,4.283640777681674283e-07,-7.794605057244961832e-07,1.212106132309972994e-06,-1.338305455345079054e-06,9.303443580591097550e-07
1.193705650592344680e+00,-7.418374339434957720e-02,1.739867508021616938e-03,8.103529210076211575e-05,2.718824572730225986e-05,1.049215888476034975e-05,4.641462777590227295e-06,1.476204811334813627e-06,1.032913216236774900e-06,1.403708135838677151e-07,9.407599309112224528e-08,4.217374126279371804e-07,-7.757791869096065940e-07,1.212110230764187890e-06,-1.343245410432430953e-06,9.356855361492000256e-07
1.194063575004122635e+00,-7.459058038288232662e-02,1.755797118457552708e-03,8.119354116785208741e-05,2.717722332201341628e-05,1.048551878926953784e-05,4.628259260789496787e-06,1.468394043385723435e-06,1.029429605517440116e-06,1.340481655676128980e-07,9.793368522734158255e-08,4.151427840538152170e-07,-7.720745576985689473e-07,1.212075967577282143e-06,-1.348156366563768582e-06,9.410259908526619199e-07
1.194423575731155873e+00,-7.499763570125426992e-02,1.771801276425189961e-03,8.135079275671877608e-05,2.716515361855971478e-05,1.047864989109359435e-05,4.614986231596396316e-06,1.460621062265854420e-06,1.025906074716975702e-06,1.278123415576759569e-07,1.017484461927897765e-07,4.085804869990994348e-07,-7.683472968327345609e-07,1.212003724010250749e-06,-1.353038424443259169e-06,9.463656687261345901e-07
1.194785653897677324e+00,-7.540491060665469036e-02,1.787880015270072905e-03,8.150707900417622498e-05,2.715203686277402328e-05,1.047155603534077883e-05,4.601646376604928701e-06,1.452885499853007190e-06,1.022344195439339742e-06,1.216624970906687864e-07,1.055204944585413918e-07,4.020508014741797087e-07,-7.645980734023206937e-07,1.211893878562408933e-06,-1.357891685024870121e-06,9.517045167078963530e-07
1.195149810636950471e+00,-7.581240635711089526e-02,1.804033368025947416e-03,8.166243222169737581e-05,2.713787318459059961e-05,1.046424105455821818e-05,4.588242315865104226e-06,1.445186996629210796e-06,1.018745503858498047e-06,1.155977857880685633e-07,1.092500532054452300e-07,3.955539930183826769e-07,-7.608275468967175270e-07,1.211746806908074736e-06,-1.362716249453388428e-06,9.570424820762313267e-07
1.195516047091275569e+00,-7.622012421149433614e-02,1.820261367411061745e-03,8.181688489847412094e-05,2.712266259851867090e-05,1.045670876831730767e-05,4.574776604537866831e-06,1.437525201514189277e-06,1.015111501662113724e-06,1.096173597586735937e-07,1.129373500066699343e-07,3.890903130954886935e-07,-7.570363671984166321e-07,1.211562881913916256e-06,-1.367512219047073430e-06,9.623795124424905367e-07
1.195884364411993639e+00,-7.662806542952704802e-02,1.836564045824131547e-03,8.197046970448082504e-05,2.710640500414203402e-05,1.044896298304197335e-05,4.561251734626348142e-06,1.429899771920872809e-06,1.011443656578903116e-06,1.037203701120814614e-07,1.165826166611705350e-07,3.826599994493501411e-07,-7.532251746719155483e-07,1.211342473684054455e-06,-1.372279695283779022e-06,9.677155557094585525e-07
1.196254763759491802e+00,-7.703623127178815810e-02,1.852941435340770687e-03,8.212321949357080653e-05,2.708910018660824759e-05,1.044100749192020117e-05,4.547670136592629753e-06,1.422310373450086374e-06,1.007743402878236161e-06,9.790596747216717688e-08,1.201860890306244434e-07,3.762632763953249748e-07,-7.493946002795105754e-07,1.211085949643329884e-06,-1.377018779738503618e-06,9.730505600574756997e-07
1.196627246303209713e+00,-7.744462299972006136e-02,1.869393567709706078e-03,8.227516730659363564e-05,2.707074781683506404e-05,1.043284607454147972e-05,4.534034180995322183e-06,1.414756680001572064e-06,1.004012142133414720e-06,9.217330236566123602e-08,1.237480067445284604e-07,3.699003552782437199e-07,-7.455452656177259663e-07,1.210793674380310214e-06,-1.381729574048695675e-06,9.783844739999492113e-07
1.197001813221644895e+00,-7.785324187563480436e-02,1.885920474348899700e-03,8.242634637461304647e-05,2.705134745174808675e-05,1.042448249679792105e-05,4.520346179981427071e-06,1.407238373440922174e-06,1.000251243832295245e-06,8.652152569399440551e-08,1.272686131325445613e-07,3.635714348106805494e-07,-7.416777829624167373e-07,1.210466009728822234e-06,-1.386412179903845354e-06,9.837172463278420764e-07
1.197378465702359396e+00,-7.826208916272067717e-02,1.902522186341766043e-03,8.257679012209188929e-05,2.703089853470057313e-05,1.041592051074548275e-05,4.506608388819832722e-06,1.399755143766112653e-06,9.964620457242334695e-07,8.094978896922011558e-08,1.307481550007205673e-07,3.572767014025507448e-07,-7.377927554006076527e-07,1.210103314772288663e-06,-1.391066699010790053e-06,9.890488261096730405e-07
1.197757204941986897e+00,-7.867116612504829187e-02,1.919198734433277646e-03,8.272653217007534809e-05,2.700940039542833182e-05,1.040716385445998593e-05,4.492823007389706857e-06,1.392306688691169470e-06,9.926458546666294680e-07,7.545724495239269913e-08,1.341868823417913248e-07,3.510163294716261984e-07,-7.338907768578151192e-07,1.209705945887963596e-06,-1.395693233038203251e-06,9.943791626776388171e-07
1.198138032146240040e+00,-7.908047402757729938e-02,1.935950149026037688e-03,8.287560633936548460e-05,2.698685225023707279e-05,1.039821625194344012e-05,4.478992181488478108e-06,1.384892713673924192e-06,9.888039471245280154e-07,7.004304777846748209e-08,1.375850483178314709e-07,3.447904818303787478e-07,-7.299724321609309119e-07,1.209274256715707485e-06,-1.400291883658227876e-06,9.997082056276140882e-07
1.198520948529917529e+00,-7.949001413616249567e-02,1.952776460176648340e-03,8.302404665386405036e-05,2.696325320211169496e-05,1.038908141291934595e-05,4.465118004413903829e-06,1.377512931804991680e-06,9.849375696008300096e-07,6.470635338651220536e-08,1.409429090572927867e-07,3.385993100103734665e-07,-7.260382972450879491e-07,1.208808598170997561e-06,-1.404862752393820635e-06,1.005035904701190308e-06
1.198905955316911021e+00,-7.989978771756051090e-02,1.969677697591814582e-03,8.317188734387193083e-05,2.693860224061914166e-05,1.037976303284657287e-05,4.451202518154090404e-06,1.370167063807770091e-06,9.810479393718152252e-07,5.944631981114056885e-08,1.442607234104081870e-07,3.324429545224771854e-07,-7.220889391640686328e-07,1.208309318428447965e-06,-1.409405940670793722e-06,1.010362210014659201e-06
1.199293053740215775e+00,-8.030979603943616540e-02,1.986653890623940599e-03,8.331916284940940609e-05,2.691289824209054660e-05,1.037026479286731750e-05,4.437247714685066402e-06,1.362854837372307060e-06,9.771362449451093113e-07,5.426210759884586565e-08,1.475387528260263537e-07,3.263215451517614829e-07,-7.181249160360947403e-07,1.207776762975586171e-06,-1.413921549866387073e-06,1.015687071823090371e-06
1.199682245041936657e+00,-8.072004037036886737e-02,2.003705068267632589e-03,8.346590782347222681e-05,2.688613996948939489e-05,1.036059035967006048e-05,4.423255537216314037e-06,1.355575987654900061e-06,9.732036466425508792e-07,4.915288001616779923e-08,1.507772612284463687e-07,3.202352013356724036e-07,-7.141467772940612857e-07,1.207211274648414823e-06,-1.418409681156612701e-06,1.021010440555025767e-06
1.200073530473299233e+00,-8.113052197985914926e-02,2.020831259155593529e-03,8.361215713547330564e-05,2.685832607227101043e-05,1.035074338534558436e-05,4.409227881533445137e-06,1.348330256861762777e-06,9.692512770720362880e-07,4.411780331337045169e-08,1.539765147953731095e-07,3.141840324034222975e-07,-7.101550637744410976e-07,1.206613193516052618e-06,-1.422870435519724142e-06,1.026332266874929733e-06
1.200466911294656436e+00,-8.154124213833474633e-02,2.038032491554568268e-03,8.375794587452828344e-05,2.682945508626806419e-05,1.034072750756218073e-05,4.395166597077199144e-06,1.341117394026980492e-06,9.652802417658978840e-07,3.915604709914255466e-08,1.571367818468949462e-07,3.081681378778317049e-07,-7.061503076995039041e-07,1.205982856968337846e-06,-1.427303913746624797e-06,1.031652501704005687e-06
1.200862388775500778e+00,-8.195220211715778524e-02,2.055308793361309422e-03,8.390330935295620129e-05,2.679952543359689909e-05,1.033054634938176952e-05,4.381073488157749551e-06,1.333937154956998938e-06,9.612916195833598465e-07,3.426678443774200389e-08,1.602583326789502882e-07,3.021876077598240062e-07,-7.021330327896396772e-07,1.205320599738379794e-06,-1.431710216416581805e-06,1.036971096005090409e-06
1.201259964194471674e+00,-8.236340318863064058e-02,2.072660192098601389e-03,8.404828310976802941e-05,2.676853542240426043e-05,1.032020351930153235e-05,4.366950315040640795e-06,1.326789302202868726e-06,9.572864632240163374e-07,2.944919214042940325e-08,1.633414394887344745e-07,2.962425227764908797e-07,-6.981037543938965750e-07,1.204626753898221936e-06,-1.436089443883348249e-06,1.042288000949187499e-06
1.201659638839367439e+00,-8.277484662600256837e-02,2.090086714911234059e-03,8.419290291393488612e-05,2.673648324655504560e-05,1.030970261140309874e-05,4.352798795074358518e-06,1.319673604643911702e-06,9.532657998245763764e-07,2.470245111241275993e-08,1.663863761630635096e-07,2.903329547002814204e-07,-6.940629795693445403e-07,1.203901648855372486e-06,-1.440441696195365884e-06,1.047603167853017325e-06
1.202061414007153939e+00,-8.318653370347663112e-02,2.107588388561679876e-03,8.433720476821483791e-05,2.670336698555077215e-05,1.029904720497090698e-05,4.338620603734633097e-06,1.312589837654254410e-06,9.492306313890752634e-07,2.002574639448084781e-08,1.693934181413309092e-07,2.844589665623731278e-07,-6.900112071131676850e-07,1.203145611316375208e-06,-1.444767073120051259e-06,1.052916548255344864e-06
1.202465291003977033e+00,-8.359846569621562362e-02,2.125165239425993828e-03,8.448122491245060872e-05,2.666918460418436776e-05,1.028824086481486266e-05,4.324417375627109816e-06,1.305537782769761179e-06,9.451819353301083027e-07,1.541826738504781247e-08,1.723628422888728862e-07,2.786206129042068103e-07,-6.859489276901664656e-07,1.202358965374412947e-06,-1.449065674150734617e-06,1.058228093736568454e-06
1.202871271145172782e+00,-8.401064388034901187e-02,2.142817293489730768e-03,8.462499982694188239e-05,2.663393395212383663e-05,1.027728714143860689e-05,4.310190705455324567e-06,1.298517227438233945e-06,9.411206648574088618e-07,1.087920822873122972e-08,1.752949268015585593e-07,2.728179400342256589e-07,-6.818766239238306659e-07,1.201542032509307634e-06,-1.453337598412984821e-06,1.063537755974230947e-06
1.203279355755279001e+00,-8.442306953297917804e-02,2.160544576343638098e-03,8.476856623634843046e-05,2.659761276371450101e-05,1.026618957070818405e-05,4.295942149106640739e-06,1.291527965185945703e-06,9.370477495468376716e-07,6.407767760840954452e-09,1.781899510288481592e-07,2.670509863141046214e-07,-6.777947704223602488e-07,1.200695131532009130e-06,-1.457582944772162215e-06,1.068845486812408652e-06
1.203689546168046132e+00,-8.483574393218844267e-02,2.178347113179428252e-03,8.491196111316649808e-05,2.656021865759562728e-05,1.025495167417470044e-05,4.281673224422466451e-06,1.284569795284573601e-06,9.329640957428386727e-07,2.003149715545937681e-09,1.810481953714443426e-07,2.613197823478352610e-07,-6.737038339495356187e-07,1.199818578590666762e-06,-1.461801811621782354e-06,1.074151238164566813e-06
1.204101843726450127e+00,-8.524866835704536516e-02,2.196224928785627493e-03,8.505522168128325233e-05,2.652174913611062002e-05,1.024357695911595756e-05,4.267385412256435862e-06,1.277642522473643183e-06,9.288705870996727398e-07,-2.335436941058866012e-09,1.838699412309852121e-07,2.556243512072398083e-07,-6.696042735361736054e-07,1.198912687282518985e-06,-1.465994296994538315e-06,1.079454962020498510e-06
1.204516249782703996e+00,-8.566184408761097491e-02,2.214178047543065644e-03,8.519838541963010992e-05,2.648220158505548705e-05,1.023206891846359379e-05,4.253080157383404281e-06,1.270745957127061843e-06,9.247680848728512260e-07,-6.608778121974800968e-09,1.866554708278983510e-07,2.499647086644241067e-07,-6.654965404770916970e-07,1.197977768593178061e-06,-1.470160498538014560e-06,1.084756610481019123e-06
1.204932765698270902e+00,-8.607527240494577958e-02,2.232206493420632078e-03,8.534149006591759679e-05,2.644157327320005579e-05,1.022043103105982342e-05,4.238758869293951514e-06,1.263879914781274039e-06,9.206574284881252623e-07,-1.081765430011039086e-08,1.894050670955826909e-07,2.443408634918847744e-07,-6.613810784373598539e-07,1.197014130883619631e-06,-1.474300513504278598e-06,1.090056135674699611e-06
1.205351392843875935e+00,-8.648895459111638484e-02,2.250310289970914625e-03,8.548457362031469664e-05,2.639986135184561877e-05,1.020866676170947840e-05,4.224422923020110243e-06,1.257044216385061475e-06,9.165394359994527562e-07,-1.496284041113682406e-08,1.921190135294875700e-07,2.387528175700620592e-07,-6.572583235477102992e-07,1.196022079910132041e-06,-1.478414438718655965e-06,1.095353489799499869e-06
1.205772132599520319e+00,-8.690289192920191974e-02,2.268489460325687559e-03,8.562767434925830368e-05,2.635706285425074014e-05,1.019677956118000828e-05,4.210073659957624947e-06,1.250238687716676012e-06,9.124149043249207836e-07,-1.904510579797680236e-08,1.947975942339502664e-07,2.332005660764246979e-07,-6.531287045923213352e-07,1.195001918893705273e-06,-1.482502370472177367e-06,1.100648625039502004e-06
1.206194986354494514e+00,-8.731708570330123931e-02,2.286744027191412593e-03,8.577083078904756963e-05,2.631317469527216790e-05,1.018477286644781099e-05,4.195712388719435859e-06,1.243463159522617545e-06,9.082846099128794037e-07,-2.306521398875993611e-08,1.974410936342319012e-07,2.276840978272104410e-07,-6.489926429220811699e-07,1.193953948467121884e-06,-1.486564404688112129e-06,1.105941493689810429e-06
1.206619955507390207e+00,-8.773153719853840626e-02,2.305074012844753745e-03,8.591408174956488564e-05,2.626819367079931411e-05,1.017265010081792875e-05,4.181340385725484943e-06,1.236717467378856128e-06,9.041493091443975061e-07,-2.702392269682274417e-08,2.000497964418229691e-07,2.222033953763052905e-07,-6.448505525981362840e-07,1.192878466679293814e-06,-1.490600636800537560e-06,1.111232048017773977e-06
1.207047041466117854e+00,-8.814624770107029605e-02,2.323479439128138188e-03,8.605746631828309345e-05,2.622211645703954874e-05,1.016041467397088560e-05,4.166958896184569383e-06,1.230001451441031790e-06,9.000097385691852026e-07,-3.092198365417520023e-08,2.026239876006669105e-07,2.167584352563700634e-07,-6.407028406013592914e-07,1.191775769006538088e-06,-1.494611161726583370e-06,1.116520240283802590e-06
1.207476245647916224e+00,-8.856121849809314717e-02,2.341960327445076831e-03,8.620102386413912299e-05,2.617493961007931469e-05,1.014806998210493472e-05,4.152569134739658718e-06,1.223314956305676660e-06,8.958666153219274619e-07,-3.476014265313409624e-08,2.051639522073628319e-07,2.113491881384349513e-07,-6.365499067967871072e-07,1.190646148405485882e-06,-1.498596073842145548e-06,1.121806022755245102e-06
1.207907569479370835e+00,-8.897645087784905593e-02,2.360516698755558626e-03,8.634479404116303380e-05,2.612665956537064960e-05,1.013561940823616558e-05,4.138172286033414693e-06,1.216657831065726114e-06,8.917206376773956222e-07,-3.853913918550055939e-08,2.076699753307542640e-07,2.059756190036371448e-07,-6.323921440307654629e-07,1.189489895297470012e-06,-1.502555467047805848e-06,1.127089347720267032e-06
1.208341014396426605e+00,-8.939194612963288766e-02,2.379148573571364216e-03,8.648881679248349164e-05,2.607727263696270337e-05,1.012306632214819702e-05,4.123769505638003041e-06,1.210029928894185147e-06,8.875724852863697834e-07,-4.225970667848244489e-08,2.101423419893777567e-07,2.006376874207765892e-07,-6.282299382744972738e-07,1.188307297527758932e-06,-1.506489434647401149e-06,1.132370167397644956e-06
1.208776581844403175e+00,-8.980770554379859105e-02,2.397855971951322329e-03,8.663313235421701841e-05,2.602677501699866836e-05,1.011041408068187597e-05,4.109361920499182697e-06,1.203431107210661821e-06,8.834228196613613804e-07,-4.592257230040530658e-08,2.125813370629919818e-07,1.953353475931535188e-07,-6.240636686825895563e-07,1.187098640483517931e-06,-1.510398069465984650e-06,1.137648433992277663e-06
1.209214273278010676e+00,-9.022373041176633135e-02,2.416638913496433477e-03,8.677778125947693821e-05,2.597516277507740112e-05,1.009766602791048462e-05,4.094950629755095273e-06,1.196861227320544785e-06,8.792722844680467276e-07,-4.952845680805673112e-08,2.149872452197193473e-07,1.900685485840825084e-07,-6.198937076585392392e-07,1.185864207068655640e-06,-1.514281463742273015e-06,1.142924099660491688e-06
1.209654090161365048e+00,-9.064002202602897129e-02,2.435497417345305893e-03,8.692280434225915786e-05,2.592243185751963441e-05,1.008482549528025296e-05,4.080536705294846023e-06,1.190320154276225395e-06,8.751215058722117135e-07,-5.307807457444191357e-08,2.173603508241056526e-07,1.848372345233245673e-07,-6.157204210151950852e-07,1.184604277611883694e-06,-1.518139709090482459e-06,1.148197116454530153e-06
1.210096033968003137e+00,-9.105658168015909326e-02,2.454431502169139578e-03,8.706824274150315457e-05,2.586857808674000725e-05,1.007189580178556587e-05,4.066121192240756965e-06,1.183807757015875595e-06,8.709710930948633134e-07,-5.657213360266144520e-08,2.197009378313019567e-07,1.796413447528039109e-07,-6.115441679417979448e-07,1.183319129991616814e-06,-1.521972896625228833e-06,1.153467436412758396e-06
1.210540106180900910e+00,-9.147341066881559124e-02,2.473441186166731171e-03,8.721413790505755381e-05,2.581359716063644227e-05,1.005888025416845633e-05,4.051705109756748024e-06,1.177323908030381006e-06,8.668216385648852551e-07,-6.001133535937785979e-08,2.220092897194103632e-07,1.744808139601816688e-07,-6.073653011210745911e-07,1.182009039571788045e-06,-1.525781116819280303e-06,1.158735011497213918e-06
1.210986308292487657e+00,-9.189051028775047092e-02,2.492526487059786716e-03,8.736053159382958788e-05,2.575748465176094792e-05,1.004578214713024165e-05,4.037289451502834581e-06,1.170868483252318626e-06,8.626737183214938653e-07,-6.339637485808236050e-08,2.242856894547895497e-07,1.693555723158990389e-07,-6.031841668866638750e-07,1.180674279292921736e-06,-1.529564459531312925e-06,1.163999793538095240e-06
1.211434641804663315e+00,-9.230788183381580247e-02,2.511687422087685410e-03,8.750746588580098073e-05,2.570023600662399432e-05,1.003260476351713892e-05,4.022875186294322392e-06,1.164441362000445679e-06,8.585278923611827651e-07,-6.672794040929463932e-08,2.265304194296047235e-07,1.642655456830788285e-07,-5.990011053050824097e-07,1.179315119658255751e-06,-1.533323014026727327e-06,1.169261734254578577e-06
1.211885108228816010e+00,-9.272552660497024313e-02,2.530924008002413336e-03,8.765498318013403845e-05,2.564184654505266558e-05,1.001935137456833047e-05,4.008463258604877399e-06,1.158042426840921735e-06,8.543847049707897767e-07,-7.000671391199642102e-08,2.287437613820303417e-07,1.592106558014061424e-07,-5.948164501874339538e-07,1.177931828640933765e-06,-1.537056868870095849e-06,1.174520785372779041e-06
1.212337709085838711e+00,-9.314344590028614257e-02,2.550236261063571798e-03,8.780312620134712864e-05,2.558231145938574813e-05,1.000602524013974315e-05,3.994054588965512131e-06,1.151671563393019682e-06,8.502446850605638318e-07,-7.323337056219791918e-08,2.309259962973708724e-07,1.541908203426395341e-07,-5.906305292073706081e-07,1.176524671841865100e-06,-1.540766112022307066e-06,1.179776898362072668e-06
1.212792445906146099e+00,-9.356164101995620430e-02,2.569624197033264223e-03,8.795193800350230295e-05,2.552162581369483985e-05,9.992629608808131780e-06,3.979650074696639006e-06,1.145328660467903603e-06,8.461083465111096658e-07,-7.640857889457119967e-08,2.330774043751010494e-07,1.492059530719402893e-07,-5.864436640103803944e-07,1.175093912396049656e-06,-1.544450830819749099e-06,1.185030024608568766e-06
1.213249320229694339e+00,-9.398011326530054943e-02,2.589087831170699440e-03,8.810146197425414161e-05,2.545978454307484817e-05,9.979167718277004440e-06,3.965250590234198347e-06,1.139013609707806296e-06,8.419761884925769380e-07,-7.953300075469460495e-08,2.351982649265171865e-07,1.442559640265489440e-07,-5.822561702302671283e-07,1.173639811044568937e-06,-1.548111111887573443e-06,1.190280115352659873e-06
1.213708333605996170e+00,-9.439886393877344739e-02,2.608627178227102862e-03,8.825174183935483030e-05,2.539678245282867008e-05,9.965642795437337775e-06,3.950856987761097727e-06,1.132726305475006967e-06,8.378486957283381997e-07,-8.260729147946399564e-08,2.372888564146358181e-07,1.393407595903783935e-07,-5.780683576626227671e-07,1.172162626160606902e-06,-1.551747041184797782e-06,1.195527121675143967e-06
1.214169487594142449e+00,-9.481789434397031036e-02,2.628242252440256450e-03,8.840282166685392573e-05,2.533261421755646225e-05,9.952058056763093963e-06,3.936470097571503901e-06,1.126466644879586809e-06,8.337263388696891653e-07,-8.563209957790363092e-08,2.393494563397019492e-07,1.344602427403446265e-07,-5.738805302748020698e-07,1.170662613655774897e-06,-1.555358704028592109e-06,1.200770994490285570e-06
1.214632783762818136e+00,-9.523720578563465988e-02,2.647933067529207804e-03,8.855474587114893492e-05,2.526727438056756980e-05,9.938416708460406923e-06,3.922090728573912610e-06,1.120234527723917850e-06,8.296095747040155288e-07,-8.860806700872192465e-08,2.413803411281667533e-07,1.296143130255500431e-07,-5.696929862375813003e-07,1.169140027067715193e-06,-1.558946185021420350e-06,1.206011684594388012e-06
1.215098223690322055e+00,-9.565679956966481601e-02,2.667699636688726852e-03,8.870755921757539353e-05,2.520075735296459229e-05,9.924721946653197735e-06,3.907719668749115582e-06,1.114029856280618347e-06,8.254988466266377500e-07,-9.153582899990020394e-08,2.433817861621778711e-07,1.248028668084100179e-07,-5.655060181844993872e-07,1.167595117595662813e-06,-1.562509568030223672e-06,1.211249142527015543e-06
1.215565808964586658e+00,-9.607667700312089165e-02,2.687541972583933417e-03,8.886130682660489666e-05,2.513305741268234694e-05,9.910976957799508269e-06,3.893357685597759188e-06,1.107852535153774909e-06,8.213945846963222053e-07,-9.441601406257049689e-08,2.453540657535585590e-07,1.200257973427154568e-07,-5.613199131736940073e-07,1.166028134096976088e-06,-1.566048936276626113e-06,1.216483318633443389e-06
1.216035541183195789e+00,-9.649683939423212009e-02,2.707460087344820687e-03,8.901603417842823829e-05,2.506416870370377359e-05,9.897184918904872175e-06,3.879005526504636370e-06,1.101702471278942497e-06,8.172972060793703974e-07,-9.724924403264889605e-08,2.472974529824784051e-07,1.152829948326133946e-07,-5.571349527204276508e-07,1.164439323065452614e-06,-1.569564372198156699e-06,1.221714163099352213e-06
1.216507421953406443e+00,-9.691728805240357181e-02,2.727453992560502014e-03,8.917178711721242268e-05,2.499408523531226889e-05,9.883348997622928844e-06,3.864663919248695345e-06,1.095579573923144423e-06,8.132071152439079853e-07,-1.000361340985911340e-07,2.492122197546992046e-07,1.105743466390390894e-07,-5.529514129853051185e-07,1.162828928640002868e-06,-1.573055957507230040e-06,1.226941625839805816e-06
1.216981452892166304e+00,-9.733802428822309338e-02,2.747523699273603411e-03,8.932861185557278150e-05,2.492280088105952585e-05,9.869472352659613978e-06,3.850333572356923195e-06,1.089483754379561020e-06,8.091247043345850543e-07,-1.027772928430259469e-07,2.510986367425943611e-07,1.058997374271675174e-07,-5.487695647790440112e-07,1.161197192635875231e-06,-1.576523773191146338e-06,1.232165656651906804e-06
1.217457635626135737e+00,-9.775904941346802435e-02,2.767669217974463511e-03,8.948655497908325485e-05,2.485030937798143880e-05,9.855558134135716797e-06,3.836015175544965627e-06,1.083414925967529641e-06,8.050503533252317823e-07,-1.054733221317327718e-07,2.529569733174946711e-07,1.012590491733522668e-07,-5.445896736669918192e-07,1.159544354579350456e-06,-1.579967899519030272e-06,1.237386204937240830e-06
1.217935971791707761e+00,-9.818036474111306589e-02,2.787890558595504387e-03,8.964566345084912236e-05,2.477660432562839299e-05,9.841609483654534252e-06,3.821709399907946558e-06,1.077373004032544657e-06,8.009844303241697716e-07,-1.081248172385418371e-07,2.547874974872382792e-07,9.665216132298537488e-08,-5.404120000237697119e-07,1.157870651660036776e-06,-1.583388416017544875e-06,1.242603219958615668e-06
1.218416463035028485e+00,-9.860197158533685891e-02,2.808187730505477472e-03,8.980598461602422311e-05,2.470167918519963757e-05,9.827629534723408833e-06,3.807416898520682436e-06,1.071357905779724007e-06,7.969272920183012587e-07,-1.107323668314563747e-07,2.565904759100484656e-07,9.207895084774320171e-08,-5.362367991490653296e-07,1.156176318854035268e-06,-1.586785401384155358e-06,1.247816650722100018e-06
1.218899111012018421e+00,-9.902387126152883967e-02,2.828560742503255857e-03,8.996756620637154367e-05,2.462552727854581958e-05,9.813621413006998195e-06,3.793138306673604632e-06,1.065369550135031318e-06,7.928792835204534484e-07,-1.132965529726526199e-07,2.583661738355530479e-07,8.753929237222124460e-08,-5.320643213149039985e-07,1.154461588830264784e-06,-1.590158933591212520e-06,1.253026445900695673e-06
1.219383917388393357e+00,-9.944606508629666441e-02,2.849009602812016886e-03,9.013045634490013391e-05,2.454814178731376528e-05,9.799588236533707253e-06,3.778874242386237592e-06,1.059407857800787056e-06,7.888407390077567527e-07,-1.158179511462353872e-07,2.601148550718246355e-07,8.303305838036623143e-08,-5.278948118432776060e-07,1.152726691982554341e-06,-1.593509089840849935e-06,1.258232553952298716e-06
1.219870883839686559e+00,-9.986855437747318986e-02,2.869534319073189718e-03,9.029470355059222852e-05,2.446951575203228091e-05,9.785533116080796789e-06,3.764625306400259941e-06,1.053472751061379498e-06,7.848119818465448816e-07,-1.182971302998714336e-07,2.618367819316042011e-07,7.856011914261773477e-08,-5.237285111490790068e-07,1.150971856440051455e-06,-1.596835946578861742e-06,1.263434923022555001e-06
1.220360012051270093e+00,-1.002913404541235232e-01,2.890134898340406336e-03,9.046035674294301832e-05,2.438964207109386995e-05,9.771459155481429515e-06,3.750392082859516085e-06,1.047564153783264729e-06,7.807933247450105085e-07,-1.207346528864228219e-07,2.635322152166885701e-07,7.412034292060554197e-08,-5.195656548845177525e-07,1.149197308095845083e-06,-1.600139579376741450e-06,1.268633500965676841e-06
1.220851303718376801e+00,-1.007144246365525159e-01,2.910811347073587012e-03,9.062746524687165239e-05,2.430851349958726426e-05,9.757369451794672965e-06,3.736175139625735886e-06,1.041681991414966646e-06,7.767850699474942999e-07,-1.231310749055802845e-07,2.652014142682374009e-07,6.971359604694693513e-08,-5.154064740306267545e-07,1.147403270631251748e-06,-1.603420063008009766e-06,1.273828235323626323e-06
1.221344760546122732e+00,-1.011378082463114114e-01,2.931563671132334480e-03,9.079607879737897069e-05,2.422612264855149300e-05,9.743267095694077562e-06,3.721975028340984704e-06,1.035826190709521200e-06,7.727875096785741249e-07,-1.254869458622298595e-07,2.668446367776883266e-07,6.533974297208422488e-08,-5.112511948218018132e-07,1.145589965543571120e-06,-1.606677471538420221e-06,1.279019073360809777e-06
1.221840384249530675e+00,-1.015614926062055612e-01,2.952391875769602193e-03,9.096624754432840188e-05,2.414246198407382638e-05,9.729155171793804624e-06,3.707792284868283161e-06,1.029996679779987545e-06,7.688009263234762969e-07,-1.278028087942084667e-07,2.684621387919611246e-07,6.099864638571539377e-08,-5.071000389379222428e-07,1.143757612092309583e-06,-1.609911878155956266e-06,1.284205961925299899e-06
1.222338176553552147e+00,-1.019854790403011136e-01,2.973295965625715603e-03,9.113802205736216966e-05,2.405752382602689698e-05,9.715036758910569614e-06,3.693627429631612946e-06,1.024193388071692468e-06,7.648255924835867248e-07,-1.300792004527151491e-07,2.700541748366230843e-07,5.669016728097886482e-08,-5.029532235351422131e-07,1.141906427415406711e-06,-1.613123355267975789e-06,1.289388847552919160e-06
1.222838139193090257e+00,-1.024097688739327161e-01,2.994275944721815769e-03,9.131145333078453941e-05,2.397130034712327551e-05,9.700914930400178493e-06,3.679480967896942012e-06,1.018416246195696928e-06,7.608617712401288813e-07,-1.323166511774109821e-07,2.716209977875194692e-07,5.241416505680218663e-08,-4.988109613417342214e-07,1.140036626407804621e-06,-1.616311974421413833e-06,1.294567676467239803e-06
1.223340273913024134e+00,-1.028343634337103990e-01,3.015331816453364552e-03,9.148659278833057296e-05,2.388378357191106582e-05,9.686792754409062622e-06,3.665353390056719229e-06,1.012665185928796063e-06,7.569097164733529226e-07,-1.345156849796858012e-07,2.731628588516915590e-07,4.817049758208680199e-08,-4.946734607452589472e-07,1.138148421835939728e-06,-1.619477806306252043e-06,1.299742394565706061e-06
1.223844582468232467e+00,-1.032592640475268747e-01,3.036463583583464201e-03,9.166349228816907113e-05,2.379496537574868342e-05,9.672673294210815120e-06,3.651245171827632863e-06,1.006940140185763610e-06,7.529696730568247176e-07,-1.366768196259249279e-07,2.746800074511501766e-07,4.395902130499562688e-08,-4.905409257882284435e-07,1.136242024318660782e-06,-1.622620920845724291e-06,1.304912947294734060e-06
1.224351066623617257e+00,-1.036844720445650736e-01,3.057671248236264530e-03,9.184220412807725387e-05,2.370483748377269495e-05,9.658559608577421685e-06,3.637156774524696878e-06,1.001241042880574028e-06,7.490418770517148772e-07,-1.388005666513869585e-07,2.761726913460410548e-07,3.977959130499475471e-08,-4.864135562231836074e-07,1.134317642333300402e-06,-1.625741387078355471e-06,1.310079279774611916e-06
1.224859728154128025e+00,-1.041099887553051662e-01,3.078954811890443830e-03,9.202278105011237053e-05,2.361339146972861458e-05,9.644454752134878905e-06,3.623088645422073428e-06,9.955678288986469227e-07,7.451265558178210568e-07,-1.408874313602037631e-07,2.776411565878073029e-07,3.563206135530350149e-08,-4.822915476952738256e-07,1.132375482221746610e-06,-1.628839273185717085e-06,1.315241336716233000e-06
1.225370568844787122e+00,-1.045358155115320986e-01,3.100314275372408751e-03,9.220527624605179273e-05,2.352061875491098797e-05,9.630361775488094356e-06,3.609041217985525796e-06,9.899204340690914705e-07,7.412239282911237126e-07,-1.429379129225250011e-07,2.790856474983727242e-07,3.151628404432504915e-08,-4.781750917643746990e-07,1.130415748271107468e-06,-1.631914646537530045e-06,1.320399062434973736e-06
1.225883590490713271e+00,-1.049619536463429065e-01,3.121749638849437812e-03,9.238974336224330119e-05,2.342651060709133315e-05,9.616283725713548058e-06,3.595014912104871341e-06,9.842987951647064193e-07,7.373342050809306158e-07,-1.449525044022736964e-07,2.805064065920792604e-07,2.743211082074925589e-08,-4.740643759180984684e-07,1.128438642662536739e-06,-1.634967573566764587e-06,1.325552400815999121e-06
1.226398794897147981e+00,-1.053884044941538756e-01,3.143260901822700869e-03,9.257623650470343801e-05,2.333105813938536610e-05,9.602223646695828840e-06,3.581010134350720575e-06,9.787028495689131802e-07,7.334575888584549119e-07,-1.469316928265351763e-07,2.819036746103814606e-07,2.337939201263461442e-08,-4.699595836771784663e-07,1.126444365471233888e-06,-1.637998119884132020e-06,1.330701295397529460e-06
1.226916183879480204e+00,-1.058151693907082302e-01,3.164848063120313283e-03,9.276481024461831482e-05,2.323425230915492079e-05,9.588184579394781748e-06,3.567027278134071722e-06,9.731325356643338864e-07,7.295942743429373323e-07,-1.488759590329014060e-07,2.832776904975603527e-07,1.935797694016527792e-08,-4.658608946713632681e-07,1.124433114735833017e-06,-1.641006350250329149e-06,1.335845689190429120e-06
1.227435759263273418e+00,-1.062422496730833221e-01,3.186511120890285140e-03,9.295551962324594131e-05,2.313608391696538036e-05,9.574169562138676315e-06,3.553066723997744258e-06,9.675877923887021836e-07,7.257444486069575262e-07,-1.507857780719268348e-07,2.846286913955192732e-07,1.536771400238723384e-08,-4.617684846532944809e-07,1.122405086428045207e-06,-1.643992328520527124e-06,1.340985524886373348e-06
1.227957522884289610e+00,-1.066696466796981657e-01,3.208250072593468727e-03,9.314842015721407076e-05,2.303654360531412482e-05,9.560181631096051347e-06,3.539128839779442925e-06,9.620685594569078347e-07,7.219082912846008782e-07,-1.526616190405949425e-07,2.859569125431699055e-07,1.140845072578056119e-08,-4.576825255175887008e-07,1.120360474472607837e-06,-1.646956117703352040e-06,1.346120744587231410e-06
1.228481476588517030e+00,-1.070973617503206826e-01,3.230064914996310863e-03,9.334356784401059981e-05,2.293562185751857330e-05,9.546223820426635864e-06,3.525213980955232973e-06,9.565747771944632660e-07,7.180859745714585074e-07,-1.545039450268070880e-07,2.872625873943934760e-07,7.480033835383093077e-09,-4.536031855263515655e-07,1.118299470774172799e-06,-1.649897779877618209e-06,1.351251290034050090e-06
1.229007622232196617e+00,-1.075253962260756813e-01,3.251955644163603484e-03,9.354101916725018895e-05,2.283330899653136792e-05,9.532299162734111930e-06,3.511322490754031911e-06,9.511063865375035675e-07,7.142776634466718733e-07,-1.563132133869382656e-07,2.885459476232449250e-07,3.582309275607098442e-09,-4.495306293321628399e-07,1.116222265240725264e-06,-1.652817376178450370e-06,1.356377102468275808e-06
1.229535961681847756e+00,-1.079537514494518791e-01,3.273922255451106739e-03,9.374083110191139268e-05,2.272959518377984378e-05,9.518410689439080197e-06,3.497454700417818030e-06,9.456633288940086146e-07,7.104835160476330458e-07,-1.580898756903259539e-07,2.898072229591541760e-07,-2.848776839425859464e-10,-4.454650179282031164e-07,1.114129045780114236e-06,-1.655714966922183784e-06,1.361498122687265777e-06
1.230066496814297139e+00,-1.083824287643095075e-01,3.295964743498258805e-03,9.394306111984267182e-05,2.262447041793784475e-05,9.504561431141617112e-06,3.483610929375102749e-06,9.402455462825809462e-07,7.067036835867179789e-07,-1.598343776915145398e-07,2.910466412545803516e-07,-4.121682453672725899e-09,-4.414065087215458816e-07,1.112019998293981016e-06,-1.658590611474525245e-06,1.366614290967960166e-06
1.230599229516704529e+00,-1.088114295158878753e-01,3.318083102220478059e-03,9.414776719537248928e-05,2.251792453367325308e-05,9.490754417805155607e-06,3.469791485452566882e-06,9.348529809993788575e-07,7.029383106010866911e-07,-1.615471595106665603e-07,2.922644285457270952e-07,-7.928260993897429110e-09,-4.373552557009920128e-07,1.109895306742811338e-06,-1.661444368347697598e-06,1.371725547073820994e-06
1.231134161686592510e+00,-1.092407550508130987e-01,3.340277324801637845e-03,9.435500781074072918e-05,2.240994720060195122e-05,9.476992679233534056e-06,3.455996665006899615e-06,9.294855760066944583e-07,6.991875351192167187e-07,-1.632286555641737635e-07,2.934608089363160977e-07,-1.170476985300206163e-08,-4.333114093832933500e-07,1.107755153180629837e-06,-1.664276295089417435e-06,1.376831830282587710e-06
1.231671295231872465e+00,-1.096704067171055119e-01,3.362547403686557725e-03,9.456484196152144250e-05,2.230052792192953326e-05,9.463279245331204792e-06,3.442226753171129250e-06,9.241432745721311903e-07,6.954514888274365703e-07,-1.648792947589461377e-07,2.946360046270773969e-07,-1.545136598529728289e-08,-4.292751169549663404e-07,1.105599717624028422e-06,-1.667086448366161822e-06,1.381933079330766034e-06
1.232210632070873890e+00,-1.101003858641874528e-01,3.384893330573050634e-03,9.477732916245325268e-05,2.218965603316414015e-05,9.449617146571609450e-06,3.428482024083606694e-06,9.188260202408482513e-07,6.917302972503369674e-07,-1.664995003675118213e-07,2.957902359573827411e-07,-1.916820678050934479e-08,-4.252465222944097623e-07,1.103429178195280969e-06,-1.669874883838268209e-06,1.387029232434444648e-06
1.232752174132373479e+00,-1.105306938428906871e-01,3.407315096404337808e-03,9.499252945292108175e-05,2.207732070088133658e-05,9.436009414285143060e-06,3.414762740971272192e-06,9.135337570576052002e-07,6.880240797785264206e-07,-1.680896902639394952e-07,2.969237213427955435e-07,-2.285545002214672827e-08,-4.212257660100686418e-07,1.101243711106730805e-06,-1.672641656284834522e-06,1.392120227358684126e-06
1.233295923355622659e+00,-1.109613320054642638e-01,3.429812691361062982e-03,9.521050340267900314e-05,2.196351092157572404e-05,9.422459081052936281e-06,3.401069156340474908e-06,9.082664291781838983e-07,6.843329499184314102e-07,-1.696502768128160810e-07,2.980366772854792234e-07,-2.651325381811120430e-08,-4.172129855141600008e-07,1.099043490667729606e-06,-1.675386819614127498e-06,1.397206001188533442e-06
1.233841881690378894e+00,-1.113923017055820641e-01,3.452386104853258017e-03,9.543131211760258470e-05,2.184821552022805924e-05,9.408969180960125023e-06,3.387401512126159142e-06,9.030239811746998413e-07,6.806570154449520516e-07,-1.711816669525134671e-07,2.991293183551152479e-07,-3.014177658161587559e-08,-4.132083150725461562e-07,1.096828689356628417e-06,-1.678110426710927028e-06,1.402286490474746738e-06
1.234390051096932339e+00,-1.118236042983503653e-01,3.475035325512347562e-03,9.565501724550888596e-05,2.173142314896431282e-05,9.395542750121471665e-06,3.373760040045747921e-06,8.978063577302908271e-07,6.769963784569732468e-07,-1.726842624311109020e-07,3.002018572721698586e-07,-3.374117693924483241e-08,-4.092118858997108310e-07,1.094599477727969949e-06,-1.680812529544079004e-06,1.407361631219905540e-06
1.234940433546139360e+00,-1.122552411403159728e-01,3.497760341182948145e-03,9.588168098193655675e-05,2.161312228588820050e-05,9.382182826830551270e-06,3.360144961526284613e-06,8.926135039166727125e-07,6.733511355300203505e-07,-1.741584595704726013e-07,3.012545048228926214e-07,-3.731161371881008826e-08,-4.052238261344730252e-07,1.092356024461928199e-06,-1.683493179159556430e-06,1.412431358920052116e-06
1.235493031019448740e+00,-1.126872135894737559e-01,3.520561138914734059e-03,9.611136607605777482e-05,2.149330123369340428e-05,9.368892452149557570e-06,3.346556487870966379e-06,8.874453648055613542e-07,6.697213779660593502e-07,-1.756046495160479282e-07,3.022874698124788928e-07,-4.085324586781957645e-08,-4.012442609275905514e-07,1.090098496437166831e-06,-1.686152425611070482e-06,1.417495608377339344e-06
1.236047845508935428e+00,-1.131195230052745027e-01,3.543437704954076860e-03,9.634413583661100011e-05,2.137194811833477426e-05,9.355674670058489184e-06,3.332994820613027764e-06,8.823018857739839405e-07,6.661071918490080179e-07,-1.770232181813602423e-07,3.033009591309893116e-07,-4.436623245694659712e-08,-3.972733125389045494e-07,1.087827058673593306e-06,-1.688790318019051107e-06,1.422554313824930805e-06
1.236604879017329184e+00,-1.135521707486325249e-01,3.566390024735714356e-03,9.658005413781811654e-05,2.124905088761799843e-05,9.342532527972097212e-06,3.319460151456760100e-06,8.771830122267232355e-07,6.625086580447359097e-07,-1.784145463867847781e-07,3.042951777863095453e-07,-4.785073262625338941e-08,-3.933111003299669117e-07,1.085541874381798499e-06,-1.691406904515135867e-06,1.427607408892306307e-06
1.237164133558046331e+00,-1.139851581819337767e-01,3.589418082874280824e-03,9.681918542540912664e-05,2.112459730979100725e-05,9.329469077072952143e-06,3.305952662558536703e-06,8.720886896518287301e-07,6.589258526035202124e-07,-1.797790098456708563e-07,3.052703288486391386e-07,-5.130690552621053335e-08,-3.893577408533785422e-07,1.083243104984740746e-06,-1.694002232280333864e-06,1.432654826591384101e-06
1.237725611155221062e+00,-1.144184866690435010e-01,3.612521863155656807e-03,9.706159472272490873e-05,2.099857497227415604e-05,9.316487372658388555e-06,3.292472526603140714e-06,8.670188638149056715e-07,6.553588465518789263e-07,-1.811169792614863994e-07,3.062266134869207068e-07,-5.473491030902333243e-08,-3.854133478692692294e-07,1.080930910125552091e-06,-1.696576347534617391e-06,1.437696499309581988e-06
1.238289313843737638e+00,-1.148521575753141538e-01,3.635701348528364886e-03,9.730734763679742272e-05,2.087097128018397529e-05,9.303590474605410998e-06,3.279019906921726291e-06,8.619734803982925797e-07,6.518077062672711364e-07,-1.824288203833290822e-07,3.071642309462885301e-07,-5.813490609740679105e-08,-3.814780324047119253e-07,1.078605447660599403e-06,-1.699129295533452488e-06,1.442732358782061741e-06
1.238855243669261696e+00,-1.152861722675935507e-01,3.658956521094830147e-03,9.755651036461379655e-05,2.074177345499049474e-05,9.290781447545901073e-06,3.265594957602840909e-06,8.569524851675947019e-07,6.482724936029971019e-07,-1.837148939365373934e-07,3.080833785133740843e-07,-6.150705187009386510e-08,-3.775519028252800890e-07,1.076266873638667687e-06,-1.701661120515757242e-06,1.447762336133362471e-06
1.239423402688272224e+00,-1.157205321142324717e-01,3.682287362102630232e-03,9.780914969923990010e-05,2.061096853298201304e-05,9.278063361350605276e-06,3.252197823825492273e-06,8.519558239439284364e-07,6.447532657632981667e-07,-1.849755559002463912e-07,3.089842515700824688e-07,-6.485150652081606015e-08,-3.736350648471907510e-07,1.073915342451013666e-06,-1.704171865790637952e-06,1.452786361738622745e-06
1.239993792968094866e+00,-1.161552384850926822e-01,3.705693851935507738e-03,9.806533303608443164e-05,2.047854336384435925e-05,9.265439291590571447e-06,3.238828641796698271e-06,8.469834424651434546e-07,6.412500756780570299e-07,-1.862111573547320376e-07,3.098670435953271296e-07,-6.816842880279228023e-08,-3.697276216361837509e-07,1.071551006735088629e-06,-1.706661573612489047e-06,1.457804365376236255e-06
1.240566416586935450e+00,-1.165902927515551912e-01,3.729175970104407767e-03,9.832512837933300720e-05,2.034448460925923630e-05,9.252912319800826735e-06,3.225487538834753698e-06,8.420352866356228816e-07,6.377629719334088065e-07,-1.874220445508001376e-07,3.107319461841118180e-07,-7.145797722984958966e-08,-3.658296738300731432e-07,1.069174017371068985e-06,-1.709130285288545936e-06,1.462816276102951729e-06
1.241141275633911301e+00,-1.170256962865281469e-01,3.752733695238312517e-03,9.858860434816020535e-05,2.020877874142276709e-05,9.240485533919262640e-06,3.212174633601683205e-06,8.371113022487275401e-07,6.342919990770523597e-07,-1.886085591734643074e-07,3.115791489607944165e-07,-7.472031010764823566e-08,-3.619413195083895363e-07,1.066784523554714648e-06,-1.711578041130312755e-06,1.467822022337139654e-06
1.241718372209086985e+00,-1.174614504644546920e-01,3.776367005075127910e-03,9.885583018318447324e-05,2.007141204150852953e-05,9.228162028647457493e-06,3.198890036217733046e-06,8.322114349867959504e-07,6.308371974933502102e-07,-1.897710380643902184e-07,3.124088396554147717e-07,-7.795558553715109529e-08,-3.580626543610819501e-07,1.064382672799971119e-06,-1.714004880474379044e-06,1.472821531726953292e-06
1.242297708423506286e+00,-1.178975566613213594e-01,3.800075876452463537e-03,9.912687575311211752e-05,1.993237059808028455e-05,9.215944905794151709e-06,3.185633848414026748e-06,8.273356306154333595e-07,6.273986035976175657e-07,-1.909098135688402920e-07,3.132212041557363991e-07,-8.116396130360137295e-08,-3.541937717036966471e-07,1.061968610958051451e-06,-1.716410841602622472e-06,1.477814731240534307e-06
1.242879286399227734e+00,-1.183340162546658025e-01,3.823860285298202703e-03,9.940181156108118810e-05,1.979164030582215850e-05,9.203837274721071715e-06,3.172406163456237271e-06,8.224838347337115607e-07,6.239762500304113502e-07,-1.920252134524069731e-07,3.140164263979589032e-07,-8.434559486437953613e-08,-3.503347624296722362e-07,1.059542482202691094e-06,-1.718795961828945007e-06,1.482801547145196075e-06
1.243463108269358797e+00,-1.187708306235851496e-01,3.847720206620997008e-03,9.968070875121699814e-05,1.964920686373626546e-05,9.191842252684670478e-06,3.159207066453367796e-06,8.176559929684579231e-07,6.205701656158968404e-07,-1.931175608732571547e-07,3.147946884274333001e-07,-8.750064336288110312e-08,-3.464857151595258922e-07,1.057104429067444451e-06,-1.721160277419475637e-06,1.487781904938034749e-06
1.244049176178090077e+00,-1.192080011487442748e-01,3.871655614500797357e-03,9.996363911562652915e-05,1.950505577369421317e-05,9.179962965172663858e-06,3.146036634461835124e-06,8.128520508632330888e-07,6.171803755561366955e-07,-1.941871745902989943e-07,3.155561704350912100e-07,-9.062926354871936319e-08,-3.426467163063391663e-07,1.054654592404918878e-06,-1.723503823616856501e-06,1.492755729408379306e-06
1.244637492280731728e+00,-1.196455292123838887e-01,3.895666482079174209e-03,1.002506751006590480e-04,1.935917233887238242e-05,9.168202546563225530e-06,3.132894936416080744e-06,8.080719536840419437e-07,6.138069014727243200e-07,-1.952343689770597024e-07,3.163010507192809406e-07,-9.373161179160316436e-08,-3.388178500042006436e-07,1.052193111500399070e-06,-1.725826634699223483e-06,1.497722944568402603e-06
1.245228058743748090e+00,-1.200834161983284909e-01,3.919752781549513780e-03,1.005418898137808159e-04,1.921154166210047032e-05,9.156564140185702305e-06,3.119782033423473822e-06,8.033156468356672519e-07,6.104497615594395299e-07,-1.962594539245410274e-07,3.170295056840327641e-07,-9.680784399807018659e-08,-3.349991981949421160e-07,1.049720124046693570e-06,-1.728128743883061702e-06,1.502683473597610231e-06
1.245820877744793886e+00,-1.205216634919950014e-01,3.943914484147300996e-03,1.008373570305347994e-04,1.906214864442513923e-05,9.145050898854908961e-06,3.106697978639411106e-06,7.985830754175804458e-07,6.071089706377597039e-07,-1.972627351465305878e-07,3.177417099032436854e-07,-9.985811570689673289e-08,-3.311908407079358629e-07,1.047235766087756259e-06,-1.730410183378716660e-06,1.507637239057946221e-06
1.246415951472749750e+00,-1.209602724804011153e-01,3.968151560140130082e-03,1.011371512012297635e-04,1.891097798330590440e-05,9.133665985261441023e-06,3.093642817673242229e-06,7.938741844459862307e-07,6.037845402123709349e-07,-1.982445139575572668e-07,3.184378360790440787e-07,-1.028825819659323626e-07,-3.273928552739724385e-07,1.044740172189556615e-06,-1.732670984359169220e-06,1.512584162581542824e-06
1.247013282127760414e+00,-1.213992445521731578e-01,3.992463978817546895e-03,1.014413474580092706e-04,1.875801417106776059e-05,9.122412572330762526e-06,3.080616588393980670e-06,7.891889188538225852e-07,6.004764785821903317e-07,-1.992050875088136053e-07,3.191180549932254307e-07,-1.058813972470984410e-07,-3.236053175556183326e-07,1.042233475240586515e-06,-1.734911176973913394e-06,1.517524165030315064e-06
1.247612871921269573e+00,-1.218385810975546740e-01,4.016851708481089002e-03,1.017500216216899595e-04,1.860324149324972531e-05,9.111293843736684162e-06,3.067619321152348366e-06,7.845272234352496099e-07,5.971847910068994736e-07,-2.001447488020335896e-07,3.197825356859168577e-07,-1.088547155695535062e-07,-3.198283012309163786e-07,1.039715806599311732e-06,-1.737130790300384087e-06,1.522457166537594109e-06
1.248214723076057853e+00,-1.222782835084146591e-01,4.041314716434126278e-03,1.020632502088010540e-04,1.844664402679725701e-05,9.100312994144224565e-06,3.054651038881389669e-06,7.798890427901383759e-07,5.939094795959221074e-07,-2.010637866478592883e-07,3.204314453480322511e-07,-1.118026904615293526e-07,-3.160618779877479023e-07,1.037187296147948357e-06,-1.739329852378651564e-06,1.527383086362410491e-06
1.248818837826281669e+00,-1.227183531782563841e-01,4.065852968971129036e-03,1.023811104388684667e-04,1.828820563860855675e-05,9.089473229731762083e-06,3.041711757148513051e-06,7.752743214073376521e-07,5.906505436414910548e-07,-2.019624858878854567e-07,3.210649492414729966e-07,-1.147254748319614936e-07,-3.123061175290368918e-07,1.034648072191848844e-06,-1.741508390277340945e-06,1.532301842903371902e-06
1.249425218417508976e+00,-1.231587915022252649e-01,4.090466431367585816e-03,1.027036802413259370e-04,1.812790998363331130e-05,9.078777768529305847e-06,3.028801484290799539e-06,7.706830035258960265e-07,5.874079795631370615e-07,-2.028411271726149323e-07,3.216832108483141939e-07,-1.176232209774280557e-07,-3.085610877106605143e-07,1.032098261518482607e-06,-1.743666429875057045e-06,1.537213353754174339e-06
1.250033867106758567e+00,-1.235995998771178550e-01,4.115155067869484887e-03,1.030310382627592364e-04,1.796574050325246141e-05,9.068229840833094690e-06,3.015920221394186029e-06,7.661150332460842094e-07,5.841817807827887066e-07,-2.036999873084033297e-07,3.222863918881518908e-07,-1.204960806445998234e-07,-3.048268545197650725e-07,1.029537989456416613e-06,-1.745803996099776212e-06,1.542117535668907635e-06
1.250644786162538935e+00,-1.240407797013896585e-01,4.139918841682507789e-03,1.033632638742943560e-04,1.780168042352092694e-05,9.057832689672237758e-06,3.003067962432243165e-06,7.615703546126617596e-07,5.809719382937617027e-07,-2.045393391325589505e-07,3.228746522296321864e-07,-1.233442049591165768e-07,-3.011034821077257506e-07,1.026967379842355643e-06,-1.747921112845579605e-06,1.547014304541238783e-06
1.251257977864887128e+00,-1.244823323751643313e-01,4.164757714961181238e-03,1.037004371790221230e-04,1.763571275332012633e-05,9.047589571122699459e-06,2.990244694401483772e-06,7.570489113928324798e-07,5.777784403415697767e-07,-2.053594515966095102e-07,3.234481499754526812e-07,-1.261677443718106639e-07,-2.973910328699438943e-07,1.024386555033285351e-06,-1.750017802872039230e-06,1.551903575348900777e-06
1.251873444505407162e+00,-1.249242593002420493e-01,4.189671648798316134e-03,1.040426390191868944e-04,1.746782028273601017e-05,9.037503754683734458e-06,2.977450397317893405e-06,7.525506471872667191e-07,5.746012725488247597e-07,-2.061605897940577137e-07,3.240070413773610269e-07,-1.289668486760542354e-07,-2.936895674107188603e-07,1.021795635918615330e-06,-1.752094087877076323e-06,1.556785262202264875e-06
1.252491188387310661e+00,-1.253665618801078074e-01,4.214660603213893179e-03,1.043899509836753586e-04,1.729798558109708895e-05,9.027578523888510342e-06,2.964685044352238785e-06,7.480755053468346460e-07,5.714404181234034041e-07,-2.069430149742590430e-07,3.245514809367688880e-07,-1.317416670337800966e-07,-2.899991446356220415e-07,1.019194741972220819e-06,-1.754149988528186377e-06,1.561659278323523914e-06
1.253111211825456373e+00,-1.258092415199403014e-01,4.239724537144079486e-03,1.047424554156111548e-04,1.712619099521195398e-05,9.017817176552173075e-06,2.951948601809251116e-06,7.436234291391397022e-07,5.682958578723251719e-07,-2.077069847089552113e-07,3.250816214151602823e-07,-1.344923478974191511e-07,-2.863198217909618259e-07,1.016583991205605164e-06,-1.756185524393050201e-06,1.566525536046692313e-06
1.253733517146391030e+00,-1.262522996266206565e-01,4.264863408429963275e-03,1.051002354198870420e-04,1.695241864768139151e-05,9.008223025203793144e-06,2.939241029255995619e-06,7.391943617207630268e-07,5.651675701739966584e-07,-2.084527528645185868e-07,3.255976137976623885e-07,-1.372190390203087418e-07,-2.826516544295228084e-07,1.013963500275452678e-06,-1.758200713995045072e-06,1.571383946748217131e-06
1.254358106688389984e+00,-1.266957376087408660e-01,4.290077173806280779e-03,1.054633748709225827e-04,1.677665043488089924e-05,8.998799397507903364e-06,2.926562279639832731e-06,7.347882458597077004e-07,5.620555311586228342e-07,-2.091805696852189200e-07,3.260996073208011214e-07,-1.399218874115898403e-07,-2.789946965666909029e-07,1.011333384385616763e-06,-1.760195574747325242e-06,1.576234420937183689e-06
1.254984982801496729e+00,-1.271395568766126860e-01,4.315365788890062476e-03,1.058319584202830482e-04,1.659886802509932813e-05,8.989549636736343663e-06,2.913912299309234788e-06,7.304050242407100768e-07,5.589597147220848328e-07,-2.098906816960788291e-07,3.265877494742358556e-07,-1.426010393414112176e-07,-2.753490006088959996e-07,1.008693757352172038e-06,-1.762170122970169173e-06,1.581076868130415480e-06
1.255614147847567530e+00,-1.275837588422764068e-01,4.340729208169088506e-03,1.062060715044076120e-04,1.641905285676946435e-05,8.980477102155104419e-06,2.901291028031133257e-06,7.260446393542174803e-07,5.558800926508400408e-07,-2.105833318555294653e-07,3.270621859591260616e-07,-1.452566403478683377e-07,-2.717146173640203055e-07,1.006044731608618514e-06,-1.764124373943021240e-06,1.585911196866351958e-06
1.256245604200310506e+00,-1.280283449195095125e-01,4.366167384990347552e-03,1.065858003525613218e-04,1.623718613645054598e-05,8.971585169405965621e-06,2.888698399098471592e-06,7.217070335518993573e-07,5.528166345941665227e-07,-2.112587596525550282e-07,3.275230608269091848e-07,-1.478888351797574829e-07,-2.680915961732373287e-07,1.003386418247514955e-06,-1.766058341824694455e-06,1.590737314781376366e-06
1.256879354245328928e+00,-1.284733165238354236e-01,4.391680271548356954e-03,1.069712319946743151e-04,1.605324883687149484e-05,8.962877231065077832e-06,2.876134339434288645e-06,7.173921487690915200e-07,5.497693082584520496e-07,-2.119172010789371896e-07,3.279705164255242167e-07,-1.504977678208618830e-07,-2.644799849253233470e-07,1.000718926996192748e-06,-1.767972039660309358e-06,1.595555128519610122e-06
1.257515400380163850e+00,-1.289186750725328789e-01,4.417267818873318007e-03,1.073624542694100181e-04,1.586722169509384439e-05,8.954356696906640156e-06,2.863598769532738064e-06,7.130999269966409315e-07,5.467380791990272826e-07,-2.125588886847662451e-07,3.284046933421658210e-07,-1.530835814344405632e-07,-2.608798300388764924e-07,9.980423662583892686e-07,-1.769865479426396826e-06,1.600364543746790602e-06
1.258153745014336078e+00,-1.293644219846442900e-01,4.442929976819143777e-03,1.077595558321275265e-04,1.567908521039364234e-05,8.946026994397296428e-06,2.851091603715827372e-06,7.088303099200832236e-07,5.437229112503771944e-07,-2.131840516061966895e-07,3.288257305229802530e-07,-1.556464183979228144e-07,-2.572911765160931785e-07,9.953568431107784331e-07,-1.771738671982325819e-06,1.605165465073943309e-06
1.258794390569391464e+00,-1.298105586809845113e-01,4.468666694051241436e-03,1.081626261629949071e-04,1.548881964239835762e-05,8.937891569194000851e-06,2.838612749977292848e-06,7.045832390584205740e-07,5.407237662624631014e-07,-2.137929155654472169e-07,3.292337652279625493e-07,-1.581864203081123632e-07,-2.537140680047844654e-07,9.926624632951644434e-07,-1.773591627056425590e-06,1.609957796168404176e-06
1.259437339478942652e+00,-1.302570865841504721e-01,4.494477918034461145e-03,1.085717555753193397e-04,1.529640500912837764e-05,8.929953885378205669e-06,2.826162110173419117e-06,7.003586557086105557e-07,5.377406043366450561e-07,-2.143857030928453256e-07,3.296289330552426566e-07,-1.607037278649608991e-07,-2.501485467710541644e-07,9.899593312566457026e-07,-1.775424353318844073e-06,1.614741439691369518e-06
1.260082594188714822e+00,-1.307040071185299468e-01,4.520363595020878388e-03,1.089870352236708279e-04,1.510182108486329833e-05,8.922217426085565783e-06,2.813739579950180758e-06,6.961565010288328637e-07,5.347733838256818473e-07,-2.149626334158050156e-07,3.300113678751659396e-07,-1.631984809600389719e-07,-2.465946537556773510e-07,9.872475501913197116e-07,-1.777236858305220046e-06,1.619516297214629308e-06
1.260730157156588982e+00,-1.311513217103102980e-01,4.546323670037298766e-03,1.094085571121776457e-04,1.490504739807586854e-05,8.914685693951762691e-06,2.801345048954878569e-06,6.919767159552225877e-07,5.318220614586310901e-07,-2.155239224171934254e-07,3.303812019725405058e-07,-1.656708186262290106e-07,-2.430524286131316436e-07,9.845272219907719169e-07,-1.779029148402805349e-06,1.624282269248322752e-06
1.261380030852647049e+00,-1.315990317874876081e-01,4.572358086872730688e-03,1.098364141029258695e-04,1.470606322940062882e-05,8.907362211390060236e-06,2.788978400797975654e-06,6.878192412851369397e-07,5.288865921743157728e-07,-2.160697828712532242e-07,3.307385660258205240e-07,-1.681208790429294941e-07,-2.395219097580010559e-07,9.817984473019236713e-07,-1.780801228916384371e-06,1.629039255296449440e-06
1.262032217759217367e+00,-1.320471387798761442e-01,4.598466788065793884e-03,1.102706999245965658e-04,1.450484760951060992e-05,8.900250521096109146e-06,2.776639513091261335e-06,6.836840175106217998e-07,5.259669293988800121e-07,-2.166004244019692493e-07,3.310835890255742209e-07,-1.705487995030952053e-07,-2.360031343359193789e-07,9.790613255001440196e-07,-1.782553104023171242e-06,1.633787153801358194e-06
1.262686720370920668e+00,-1.324956441191172674e-01,4.624649714891827801e-03,1.107115091809364460e-04,1.430137931710852295e-05,8.893354186575302966e-06,2.764328257503362307e-06,6.795709850682118969e-07,5.230630251845669321e-07,-2.171160534969462930e-07,3.314163983057089036e-07,-1.729547164323191888e-07,-2.324961383302556750e-07,9.763159547655775317e-07,-1.784284776724237576e-06,1.638525862081297024e-06
1.263343541194715591e+00,-1.329445492386883421e-01,4.650906807350104095e-03,1.111589373591903573e-04,1.409563687665774112e-05,8.886676792491457477e-06,2.752044499853417703e-06,6.754800840891306279e-07,5.201748298072628174e-07,-2.176168735629202544e-07,3.317371197221474777e-07,-1.753387653541382818e-07,-2.290009564931590191e-07,9.735624320172248103e-07,-1.785996248955534771e-06,1.643255276399802067e-06
1.264002682749945539e+00,-1.333938555739123955e-01,4.677238004150902941e-03,1.116130808388720447e-04,1.388759855624165096e-05,8.880221945187227739e-06,2.739788100121487435e-06,6.714112546768458145e-07,5.173022922799752621e-07,-2.181030849812692907e-07,3.320458774689477588e-07,-1.777010809073803488e-07,-2.255176224678565045e-07,9.708008530014133886e-07,-1.787687521442177241e-06,1.647975291854675284e-06
1.264664147568385522e+00,-1.338435645619673875e-01,4.703643242702049837e-03,1.120740369007066500e-04,1.367724236555137307e-05,8.873993273053604192e-06,2.727558912434674410e-06,6.673644365740027951e-07,5.144453601862997161e-07,-2.185748850386248776e-07,3.323427941372830707e-07,-1.800417968288170467e-07,-2.220461687604639855e-07,9.680313122362865785e-07,-1.789358593840689737e-06,1.652685802516762337e-06
1.265327938194288793e+00,-1.342936776418951761e-01,4.730122459095981516e-03,1.125419037353980051e-04,1.346454605353174239e-05,8.867994426935837948e-06,2.715356785153860697e-06,6.633395695787580593e-07,5.116039797498084241e-07,-2.190324683015720808e-07,3.326279907414630976e-07,-1.823610458698970982e-07,-2.185866267421544828e-07,9.652539030039972157e-07,-1.791009464631454495e-06,1.657386701291174713e-06
1.265994057184435473e+00,-1.347441962546110372e-01,4.756675588096088460e-03,1.130167804525138847e-04,1.324948710620943437e-05,8.862229080724981500e-06,2.703181560998607624e-06,6.593365931284456138e-07,5.087780959034393646e-07,-2.194760262419492847e-07,3.329015867848533761e-07,-1.846589599337894461e-07,-2.151390267762266773e-07,9.624687175319862620e-07,-1.792640131125650127e-06,1.662077879896473043e-06
1.266662507108180957e+00,-1.351951218429131574e-01,4.783302563123394829e-03,1.134987670893643219e-04,1.303204274435455778e-05,8.856700931847080738e-06,2.691033076974297389e-06,6.553554466326438899e-07,5.059676523450074015e-07,-2.199057474172594340e-07,3.331637001870169090e-07,-1.869356699955859735e-07,-2.117033981712673762e-07,9.596758467934896064e-07,-1.794250589486068304e-06,1.666759228913239355e-06
1.267333290547501878e+00,-1.356464558514919039e-01,4.810003316243032824e-03,1.139879646201661517e-04,1.281218992130531142e-05,8.851413701500832065e-06,2.678911164486624807e-06,6.513960691401088354e-07,5.031725914816931322e-07,-2.203218175539367607e-07,3.334144473496336580e-07,-1.891913060519945233e-07,-2.082797692063050043e-07,9.568753806359076020e-07,-1.795840834727113755e-06,1.671430637811832653e-06
1.268006410097048509e+00,-1.360981997269392896e-01,4.836777778150150656e-03,1.144844749653185778e-04,1.258990532071284363e-05,8.846371135209224468e-06,2.666815649299963953e-06,6.474583998661298523e-07,5.003928545826985541e-07,-2.207244196583690865e-07,3.336539431426227553e-07,-1.914259971404208560e-07,-2.048681671793818604e-07,9.540674077868765979e-07,-1.797410860735620952e-06,1.676091994869122193e-06
1.268681868364192056e+00,-1.365503549177581877e-01,4.863625878156060782e-03,1.149884010004115914e-04,1.236516535419937557e-05,8.841577003385059363e-06,2.654746351592879305e-06,6.435423774986404055e-07,4.976283817792470643e-07,-2.211137339197533080e-07,3.338823009162855682e-07,-1.936398713892756307e-07,-2.014686183815332654e-07,9.512520158490647693e-07,-1.798960660170240144e-06,1.680743187057465171e-06
1.269359667969074623e+00,-1.370029228743726013e-01,4.890547544174374262e-03,1.154998465656194989e-04,1.213794615896948703e-05,8.837035101742080068e-06,2.642703086010167457e-06,6.396479408365962627e-07,4.948791121756057620e-07,-2.214899377239731848e-07,3.340996325360001684e-07,-1.958330559850146591e-07,-1.980811482485758668e-07,9.484292913322645013e-07,-1.800490224544704088e-06,1.685384100301445809e-06
1.270039811544660058e+00,-1.374559050491365730e-01,4.917542702706727449e-03,1.160189164751915941e-04,1.190822359550293419e-05,8.832749251709570704e-06,2.630685661707959921e-06,6.357750284291530107e-07,4.921449837380631465e-07,-2.218532057784994294e-07,3.343060483215060108e-07,-1.980056771374444358e-07,-1.947057811932731419e-07,9.455993195753298330e-07,-1.801999544234766937e-06,1.690014619214197378e-06
1.270722301736783688e+00,-1.379093028963440659e-01,4.944611278828489609e-03,1.165457165267658884e-04,1.167597324517460899e-05,8.828723300890323200e-06,2.618693882433520415e-06,6.319235786589327830e-07,4.894259334337069944e-07,-2.222037101540230708e-07,3.345016571457831711e-07,-2.001578600415582221e-07,-1.913425407892160868e-07,9.427621848658723769e-07,-1.803488608398406967e-06,1.694634627208424504e-06
1.271407141204204283e+00,-1.383631178722386501e-01,4.971753196174442772e-03,1.170803535110245819e-04,1.144117040778776240e-05,8.824961123565441823e-06,2.606727546421161446e-06,6.280935299085577128e-07,4.867218971332798461e-07,-2.225416202150665157e-07,3.346865664714815392e-07,-2.022897289694763900e-07,-1.879914497482718105e-07,9.399179704498022980e-07,-1.804957405007051596e-06,1.699244006447830913e-06
1.272094332618655343e+00,-1.388173514350231064e-01,4.998968376924067814e-03,1.176229352212940227e-04,1.120379009917661650e-05,8.821466621214760218e-06,2.594786446596941687e-06,6.242848202553386017e-07,4.840328099303681242e-07,-2.228671027726392140e-07,3.348608822398985163e-07,-2.044014072097311008e-07,-1.846525299305581957e-07,9.370667584385206084e-07,-1.806405920897619088e-06,1.703842637840180529e-06
1.272783878664896173e+00,-1.392720050448691960e-01,5.026256741786825320e-03,1.181735704632105866e-04,1.096380704879683365e-05,8.818243722976543131e-06,2.582870370412132521e-06,6.204973877210750999e-07,4.813586059748686807e-07,-2.231803220842376589e-07,3.350247089577151893e-07,-2.064930170568579637e-07,-1.813258023795720486e-07,9.342086299572380237e-07,-1.807834141664965699e-06,1.708430400988725228e-06
1.273475782040765392e+00,-1.397270801639275695e-01,5.053618209987377485e-03,1.187323690645999269e-04,1.072119569723965771e-05,8.815296386037799192e-06,2.570979100002812601e-06,6.167311701887889797e-07,4.786992184868665845e-07,-2.234814398260898116e-07,3.351781496224032209e-07,-2.085646798356821652e-07,-1.780112872753515652e-07,9.313436650608408751e-07,-1.809242051748621849e-06,1.713007174289349344e-06
1.274170045457233780e+00,-1.401825782563373979e-01,5.081052699250588819e-03,1.192994418854360222e-04,1.047593019363850242e-05,8.812628596158167404e-06,2.559112412196806741e-06,6.129861054582352864e-07,4.760545798537796358e-07,-2.237706152180551911e-07,3.353213058818194092e-07,-2.106165158093781242e-07,-1.747090040520038468e-07,9.284719427252174917e-07,-1.810629634356464290e-06,1.717572834750158428e-06
1.274866671638456683e+00,-1.406385007882362814e-01,5.108560125786388087e-03,1.198749008276163430e-04,1.022798439321258301e-05,8.810244368190334185e-06,2.547270078534502602e-06,6.092621311348800361e-07,4.734246216997473056e-07,-2.240480049126025719e-07,3.354542779769598138e-07,-2.126486443321251585e-07,-1.714189714254604757e-07,9.255935409947096959e-07,-1.811996871506349471e-06,1.722127258130257133e-06
1.275565663321827969e+00,-1.410948492277703248e-01,5.136140404274452433e-03,1.204588588451238618e-04,9.977331854834833869e-06,8.808147746558817048e-06,2.535451865171706176e-06,6.055591848241892450e-07,4.708092747607306450e-07,-2.243137632307323770e-07,3.355771647280819669e-07,-2.146611837224726704e-07,-1.681412073648545780e-07,9.227085368303244994e-07,-1.813343744005296854e-06,1.726670318918932523e-06
1.276267023258034872e+00,-1.415516250451041014e-01,5.163793447848901916e-03,1.210514299542237576e-04,9.723945838206043968e-06,8.806342805745687174e-06,2.523657533094747496e-06,6.018772038818287484e-07,4.682084692037014051e-07,-2.245680420231987995e-07,3.356900635416437684e-07,-2.166542512893609995e-07,-1.648757290829798439e-07,9.198170062545835135e-07,-1.814670231452958360e-06,1.731201890120548370e-06
1.276970754211111725e+00,-1.420088297124302845e-01,5.191519168082787614e-03,1.216527292436306307e-04,9.467799301271853651e-06,8.804833650746801688e-06,2.511886838172522340e-06,5.982161256357088064e-07,4.656221342935751295e-07,-2.248109907398987417e-07,3.357930704987743820e-07,-2.186279633876325734e-07,-1.616225531425423412e-07,9.169190242960117976e-07,-1.815976312269373949e-06,1.735721843490467542e-06
1.277676858958495920e+00,-1.424664647039801668e-01,5.219317474972159053e-03,1.222628728849012303e-04,9.208864897729956978e-06,8.803624417507219246e-06,2.500139530979550440e-06,5.945758874414952544e-07,4.630501986291335470e-07,-2.250427565686496933e-07,3.358862802876200204e-07,-2.205824352775193065e-07,-1.583816954088893003e-07,9.140146649388308786e-07,-1.817261963538846503e-06,1.740230049430968595e-06
1.278385340291082528e+00,-1.429245314960336244e-01,5.247188276920353688e-03,1.228819781427786112e-04,8.947114974462710979e-06,8.802719273611619988e-06,2.488415356886181096e-06,5.909564262385202937e-07,4.604925902540468741e-07,-2.252634842825340655e-07,3.359697861842619870e-07,-2.225177812790329890e-07,-1.551531711254695856e-07,9.111040013207172272e-07,-1.818527161252803115e-06,1.744726376880223473e-06
1.279096201013282030e+00,-1.433830315669290534e-01,5.275131480721916011e-03,1.235101633857670078e-04,8.682521568657494693e-06,8.802122418612168264e-06,2.476714056100226546e-06,5.873576791604051550e-07,4.579492365458515124e-07,-2.254733163925548567e-07,3.360436801724125955e-07,-2.244341146661471553e-07,-1.519369948487815647e-07,9.081871055749424215e-07,-1.819771880143261633e-06,1.749210693423319807e-06
1.279809443943074498e+00,-1.438419663970736395e-01,5.303146991546643305e-03,1.241475480966650752e-04,8.415056405135235007e-06,8.801838084559338027e-06,2.465035363725942563e-06,5.837795831187264639e-07,4.554200642298278368e-07,-2.256723932031468038e-07,3.361080529191290411e-07,-2.263315477205735116e-07,-1.487331805420481767e-07,9.052640488373120409e-07,-1.820996093672422322e-06,1.753682865299199811e-06
1.280525071912068658e+00,-1.443013374689539052e-01,5.331234712923266228e-03,1.247942528832934189e-04,8.144690893625156081e-06,8.801870536570902126e-06,2.453379009722395088e-06,5.802220749973052705e-07,4.529049994900224974e-07,-2.258608527289096557e-07,3.361629937088939091e-07,-2.282101916883938486e-07,-1.455417416250902318e-07,9.023349013970866084e-07,-1.822199774067362332e-06,1.758142757268821299e-06
1.281243087765557398e+00,-1.447611462671456184e-01,5.359394546722772053e-03,1.254503994893192698e-04,7.871396126067284338e-06,8.802224073246531222e-06,2.441744718958971383e-06,5.766850915689403223e-07,4.504039679553706321e-07,-2.260388307917526873e-07,3.362085905234124539e-07,-2.300701567592433605e-07,-1.423626908784829392e-07,8.993997325668773302e-07,-1.823382892354730167e-06,1.762590232698424408e-06
1.281963494362577949e+00,-1.452213942783242007e-01,5.387626393141908311e-03,1.261161108050568719e-04,7.595142873783114479e-06,8.802903027214231679e-06,2.430132211142521648e-06,5.731685696064303670e-07,4.479168946996958667e-07,-2.262064611180392149e-07,3.362449300711028988e-07,-2.319115521478426478e-07,-1.391960405558792524e-07,8.964586107728517161e-07,-1.824545418287887300e-06,1.767025153420753725e-06
1.282686294575969388e+00,-1.456820829912751913e-01,5.415930150686507766e-03,1.267915108785020589e-04,7.315901584637601873e-06,8.803911765713212656e-06,2.418541200942259106e-06,5.696724457715518497e-07,4.454437044359993436e-07,-2.263638752275642929e-07,3.362720977003602618e-07,-2.337344860558338011e-07,-1.360418023571216550e-07,8.935116035859586026e-07,-1.825687320357316512e-06,1.771447379887713947e-06
1.283411491292429929e+00,-1.461432138969046557e-01,5.444305716154665929e-03,1.274767249263720342e-04,7.033642380145643802e-06,8.805254690999811396e-06,2.406971398090373970e-06,5.661966565873033375e-07,4.429843211417594517e-07,-2.265112025029436538e-07,3.362901775591509157e-07,-2.355390656110650793e-07,-1.328999874919932489e-07,8.905587776317225313e-07,-1.826808565818377472e-06,1.775856771045469795e-06
1.284139087412579094e+00,-1.466047884882494268e-01,5.472752984619284541e-03,1.281718793453238275e-04,6.748335052706930237e-06,8.806936240959850615e-06,2.395422507094069342e-06,5.627411386599501242e-07,4.405386685446543993e-07,-2.266485702867582219e-07,3.362992525395014365e-07,-2.373253969439187427e-07,-1.297706067170806277e-07,8.876001987116743930e-07,-1.827909120618448346e-06,1.780253184299751545e-06
1.284869085851015669e+00,-1.470668082604879301e-01,5.501271849411248221e-03,1.288771017230860155e-04,6.459949062677730613e-06,8.808960889523237414e-06,2.383894227561689227e-06,5.593058283459573232e-07,4.381066699143953969e-07,-2.267761037982873873e-07,3.362994041820888125e-07,-2.390935852063930112e-07,-1.266536702347262344e-07,8.846359317313604032e-07,-1.828988949518356444e-06,1.784636475689327373e-06
1.285601489536379205e+00,-1.475292747109507863e-01,5.529862202101991364e-03,1.295925208500137149e-04,6.168453535310841618e-06,8.811333147316219305e-06,2.372386254057001764e-06,5.558906621960790773e-07,4.356882480349710818e-07,-2.268939262167757320e-07,3.362907128150183222e-07,-2.408437344645492084e-07,-1.235491877875707911e-07,8.816660407705984026e-07,-1.830048015960539232e-06,1.789006499539058659e-06
1.286336301411409977e+00,-1.479921893391311638e-01,5.558523932485698142e-03,1.303182667304544906e-04,5.873817257990437968e-06,8.814057562034349758e-06,2.360898276106138116e-06,5.524955764835137728e-07,4.332833253573031840e-07,-2.270021588063331208e-07,3.362732575520888112e-07,-2.425759477366756789e-07,-1.204571686741658099e-07,8.786905890227625360e-07,-1.831086282124555487e-06,1.793363108806844686e-06
1.287073524433011595e+00,-1.484555536466954928e-01,5.587256928561625674e-03,1.310544705943848809e-04,5.576008677262225821e-06,8.817138719044437245e-06,2.349429978176775791e-06,5.491205076202376745e-07,4.308918240270021016e-07,-2.271009208049123984e-07,3.362471162060565177e-07,-2.442903269742058292e-07,-1.173776217489735929e-07,8.757096388208041038e-07,-1.832103708930554742e-06,1.797706154799127987e-06
1.287813161572312293e+00,-1.489193691374945117e-01,5.616061076516484438e-03,1.318012649089792682e-04,5.274995895591244599e-06,8.820581241996902633e-06,2.337981039893244350e-06,5.457653918239380175e-07,4.285136657872223864e-07,-2.271903294936983286e-07,3.362123653927184819e-07,-2.459869732004960063e-07,-1.143105554848172778e-07,8.727232517786315258e-07,-1.833100255962949454e-06,1.802035487288855542e-06
1.288555215814727095e+00,-1.493836373175735921e-01,5.644936260706272246e-03,1.325587833903366097e-04,4.970746668466613505e-06,8.824389793321910092e-06,2.326551135797133574e-06,5.424301653678131885e-07,4.261487720896850462e-07,-2.272705001832298066e-07,3.361690806176487190e-07,-2.476659863980684717e-07,-1.112559779746155608e-07,8.697314886670776124e-07,-1.834075881553681731e-06,1.806350954446089840e-06
1.289299690160021328e+00,-1.498483596951837304e-01,5.673882363638015416e-03,1.333271610155471742e-04,4.663228401305050119e-06,8.828569074611006262e-06,2.315139935510357461e-06,5.391147645250615739e-07,4.237970640530441813e-07,-2.273415463382999491e-07,3.361173360819091904e-07,-2.493274654201405038e-07,-1.082138969266122075e-07,8.667344093870113508e-07,-1.835030542719773283e-06,1.810652402879642242e-06
1.290046587622373897e+00,-1.503135377807927053e-01,5.702899265951448353e-03,1.341065340345701934e-04,4.352408146343980655e-06,8.833123827311009646e-06,2.303747103742093127e-06,5.358191254856148333e-07,4.214584624490091969e-07,-2.274035794946893674e-07,3.360572048277665758e-07,-2.509715081745050869e-07,-1.051843196548350734e-07,8.637320731133199536e-07,-1.835964195204958793e-06,1.814939677546867358e-06
1.290795911230441462e+00,-1.507791730870953473e-01,5.731986846400329710e-03,1.348970399822103927e-04,4.038252599557201616e-06,8.838058833348511056e-06,2.292372300143064034e-06,5.325431843838934753e-07,4.191328879521449835e-07,-2.274567093424328945e-07,3.359887587248144847e-07,-2.525982115281211193e-07,-1.021672531354746172e-07,8.607245382376629839e-07,-1.836876793434583099e-06,1.819212621809174202e-06
1.291547664027422826e+00,-1.512452671290252793e-01,5.761144981833883454e-03,1.356988176905195298e-04,3.720728097407477453e-06,8.843378915473348867e-06,2.281015179534523485e-06,5.292868774098291595e-07,4.168202608900717365e-07,-2.275010436980640094e-07,3.359120684387484346e-07,-2.542076713036439672e-07,-9.916270402726690136e-08,8.577118623953605692e-07,-1.837768290550295669e-06,1.823471077341820568e-06
1.292301849071125108e+00,-1.517118214237653251e-01,5.790373547177840065e-03,1.365120073009862961e-04,3.399800613671996596e-06,8.849088937900456697e-06,2.269675391762537853e-06,5.260501406145756675e-07,4.145205013961206220e-07,-2.275366886433927149e-07,3.358272034903464487e-07,-2.557999822638129528e-07,-9.617067864200329330e-08,8.546941024324336555e-07,-1.838638638337192210e-06,1.827714884189424183e-06
1.293058469434027469e+00,-1.521788374907590280e-01,5.819672415415420505e-03,1.373367502768771398e-04,3.075435756240071927e-06,8.855193806920486077e-06,2.258352581732681053e-06,5.228329102713313858e-07,4.122335293677004131e-07,-2.275637484561165991e-07,3.357342322762857378e-07,-2.573752381027777369e-07,-9.319118302085829808e-08,8.516713143509602180e-07,-1.839487787255039697e-06,1.831943880745146025e-06
1.293817528203348388e+00,-1.526463168517215585e-01,5.849041457568131958e-03,1.381731894159257679e-04,2.747598763841452296e-06,8.861698471382059572e-06,2.247046389448198456e-06,5.196351223202277936e-07,4.099592645079308539e-07,-2.275823256514541981e-07,3.356332220413871248e-07,-2.589335315831414741e-07,-9.022422294913470808e-08,8.486435535632122495e-07,-1.840315686472970835e-06,1.836157903632729127e-06
1.294579028481112726e+00,-1.531142610306509277e-01,5.878480542676204484e-03,1.390214688628405026e-04,2.416254502752082645e-06,8.868607923262494808e-06,2.235756449985720762e-06,5.164567130067077017e-07,4.076976263950315982e-07,-2.275925209682672090e-07,3.355242389202484077e-07,-2.604749543885093166e-07,-8.726980388383889786e-08,8.456108747242549462e-07,-1.841122283834789597e-06,1.840356787852215348e-06
1.295342973384218777e+00,-1.535826715538393950e-01,5.907989537779047631e-03,1.398817341220805199e-04,2.081367463484251612e-06,8.875927198228120152e-06,2.224482393561183491e-06,5.132976183541693160e-07,4.054485344129332702e-07,-2.275944334384494283e-07,3.354073479198971253e-07,-2.619995971685912250e-07,-8.432793104735589185e-08,8.425733317180689186e-07,-1.841907525817337854e-06,1.844540366634228601e-06
1.296109366044505773e+00,-1.540515499498842367e-01,5.937568307895458100e-03,1.407541320706529042e-04,1.742901757431636334e-06,8.883661376237958485e-06,2.213223845456968597e-06,5.101577745247887208e-07,4.032119077373996774e-07,-2.275881604563156912e-07,3.352826129024433222e-07,-2.635075495704269910e-07,-8.139860940793372523e-08,8.395309777607662394e-07,-1.842671357589475978e-06,1.848708471481608218e-06
1.296878209608822496e+00,-1.545208977497000702e-01,5.967216716003762370e-03,1.416388109711074622e-04,1.400821113502204174e-06,8.891815582156084585e-06,2.201980426001087787e-06,5.070371175419641219e-07,4.009876655997057782e-07,-2.275737975704350546e-07,3.351500966336518061e-07,-2.649989002002223204e-07,-7.848184372088312655e-08,8.364838653789063994e-07,-1.843413722973918922e-06,1.852860932127775584e-06
1.297649507239097222e+00,-1.549907164865294562e-01,5.996934623021659208e-03,1.425359204846338851e-04,1.055088874598458792e-06,8.900394986185306001e-06,2.190751750671265929e-06,5.039355835123604521e-07,3.987757268980596237e-07,-2.275514388583310676e-07,3.350098608384532994e-07,-2.664737366216141101e-07,-7.557763856544039149e-08,8.334320463487809860e-07,-1.844134564377847285e-06,1.856997576515917459e-06
1.298423262112404997e+00,-1.554610076959545284e-01,6.026721887785652793e-03,1.434456116843549345e-04,7.056679943578947345e-07,8.909404804453499582e-06,2.179537430129635522e-06,5.008531085426426444e-07,3.965760105723026285e-07,-2.275211767044371669e-07,3.348619661280860527e-07,-2.679321453296495958e-07,-7.268599825716384744e-08,8.303755717840172190e-07,-1.844833822969849102e-06,1.861118230861436018e-06
1.299199477421040472e+00,-1.559317729159087895e-01,6.056578367030768587e-03,1.443680370684947284e-04,3.525210335430378761e-07,8.918850299747399513e-06,2.168337070031917113e-06,4.977896288227423582e-07,3.943884355067650560e-07,-2.274831019111189789e-07,3.347064719931569510e-07,-2.693742118236447380e-07,-6.980692691602174982e-08,8.273144921164959920e-07,-1.845511438447466901e-06,1.865222719547865449e-06
1.299978156372587401e+00,-1.564030136866882970e-01,6.086503915369767884e-03,1.453033505737378467e-04,-4.389843467900167440e-09,8.928736782085056056e-06,2.157150271121094365e-06,4.947450803760577998e-07,3.922129205025104426e-07,-2.274373036570409568e-07,3.345434368903776878e-07,-2.708000206245314567e-07,-6.694042856006734987e-08,8.242488571778838757e-07,-1.846167349189853368e-06,1.869310865057483007e-06
1.300759302189988809e+00,-1.568747315509637086e-01,6.116498385272331126e-03,1.462517075890238522e-04,-3.651028722840427010e-07,8.939069609184210896e-06,2.145976629352314147e-06,4.917193993092539017e-07,3.900493842079466589e-07,-2.273838694694108042e-07,3.343729182737897876e-07,-2.722096551811825638e-07,-6.408650701219750778e-08,8.211787161146316683e-07,-1.846801492188382410e-06,1.873382488130903578e-06
1.301542918111621372e+00,-1.573469280537917736e-01,6.146561627043960196e-03,1.472132649691128281e-04,-7.296566920233366060e-07,8.949854186998326688e-06,2.134815735761047550e-06,4.887125218400178994e-07,3.878977452992371511e-07,-2.273228855015352323e-07,3.341949725080284317e-07,-2.736031978790853803e-07,-6.124516596693954651e-08,8.181041173645556275e-07,-1.847413803057057491e-06,1.877437407635240696e-06
1.302329007391366034e+00,-1.578196047426271287e-01,6.176693488804427951e-03,1.481881810483209189e-04,-1.098090348808020145e-06,8.961095970488539009e-06,2.123667176480437124e-06,4.857243840750147257e-07,3.857579223970342142e-07,-2.272544362413864150e-07,3.340096549238336099e-07,-2.749807301721807207e-07,-5.841640896443039965e-08,8.150251088363813512e-07,-1.848004216042919978e-06,1.881475440515534281e-06
1.303117573298681720e+00,-1.582927631673342606e-01,6.206893816466585098e-03,1.491766156544900579e-04,-1.470443299605300735e-06,8.972800464062541392e-06,2.112530532772521896e-06,4.827549222319316158e-07,3.836298342052568700e-07,-2.271786047752799576e-07,3.338170198319279081e-07,-2.763423323989822045e-07,-5.560023942901420879e-08,8.119417377831089633e-07,-1.848572663980946329e-06,1.885496401822506218e-06
1.303908619118679280e+00,-1.587664048801987748e-01,6.237162453714665752e-03,1.501787301229629001e-04,-1.846755415882417317e-06,8.984973222369088686e-06,2.101405381003951245e-06,4.798040725284558050e-07,3.815133992474128988e-07,-2.270954725519525041e-07,3.336171204987303796e-07,-2.776880839369666454e-07,-5.279666069092636693e-08,8.088540507898700493e-07,-1.849119078300986985e-06,1.889500104768071509e-06
1.304702148152195207e+00,-1.592405314359402468e-01,6.267499241982223482e-03,1.511946873108977601e-04,-2.227066987258233266e-06,8.997619850712595957e-06,2.090291292645984900e-06,4.768717711267633774e-07,3.794085362690546859e-07,-2.270051196323619180e-07,3.334100091775815677e-07,-2.790180631522670707e-07,-5.000567596157370898e-08,8.057620939205117905e-07,-1.849643389062460841e-06,1.893486360537988134e-06
1.305498163715867133e+00,-1.597151443917237679e-01,6.297904020430275529e-03,1.522246516114152820e-04,-2.611418725340444724e-06,9.010746005752232057e-06,2.079187834354290221e-06,4.739579542722971439e-07,3.773151638492011628e-07,-2.269076246758094939e-07,3.331957371607852103e-07,-2.803323473667129750e-07,-4.722728838600989687e-08,8.026659125952989582e-07,-1.850145524905782990e-06,1.897454978444512719e-06
1.306296669142209543e+00,-1.601902453071718246e-01,6.328376625924876306e-03,1.532687889679602150e-04,-2.999851767397990199e-06,9.024357396157645095e-06,2.068094567805878192e-06,4.710625581827443398e-07,3.752332007334047148e-07,-2.268030648427954432e-07,3.329743547136887472e-07,-2.816310128699733850e-07,-4.446150103556284483e-08,7.995655516256083839e-07,-1.850625413055834168e-06,1.901405765870889386e-06
1.307097667779688832e+00,-1.606658357443768170e-01,6.358916893014631908e-03,1.543272668891003396e-04,-3.392407680364792344e-06,9.038459783118971136e-06,2.057011049827472959e-06,4.681855190757922003e-07,3.731625656533399393e-07,-2.266915158644078332e-07,3.327459111128472369e-07,-2.829141349820069040e-07,-4.170831692301354976e-08,7.964610552954609624e-07,-1.851082979304613518e-06,1.905338528104816298e-06
1.307901162992801680e+00,-1.611419172679128542e-01,6.389524653908126156e-03,1.554002544629298765e-04,-3.789128464579821776e-06,9.053058980969599934e-06,2.045936832426736851e-06,4.653267732801502632e-07,3.711031773961925850e-07,-2.265730520839559503e-07,3.325104546980650611e-07,-2.841817879385699630e-07,-3.896773903338743295e-08,7.933524672947347978e-07,-1.851518148035524725e-06,1.909253068498040218e-06
1.308707158162151440e+00,-1.616184914448483001e-01,6.420199738450892146e-03,1.564879223719013723e-04,-4.190056557709306850e-06,9.068160857954657428e-06,2.034871462639614714e-06,4.624862570967724906e-07,3.690549547769039762e-07,-2.264477464708480881e-07,3.322680328134153260e-07,-2.854340450334641455e-07,-3.623977027755048708e-08,7.902398307581964820e-07,-1.851930842185212089e-06,1.913149188362273101e-06
1.309515656684526297e+00,-1.620955598447580970e-01,6.450941974102401139e-03,1.575904429080704494e-04,-4.595234838757414342e-06,9.083771336720197764e-06,2.023814482682989579e-06,4.596639068266128447e-07,3.670178167214377396e-07,-2.263156706483471226e-07,3.320186918419343325e-07,-2.866709785075138850e-07,-3.352441360106317436e-08,7.871231882854504147e-07,-1.852320983257438325e-06,1.917026686983069883e-06
1.310326661972978535e+00,-1.625731240397360611e-01,6.481751185912607363e-03,1.587079899878721806e-04,-5.004706631939886963e-06,9.099896394911682895e-06,2.012765429829782571e-06,4.568596587151141364e-07,3.649916822945353800e-07,-2.261768949213260882e-07,3.317624772229688102e-07,-2.878926595849956582e-07,-3.082167193907761615e-08,7.840025819279283770e-07,-1.852688491319615105e-06,1.920885361605950692e-06
1.311140177456902922e+00,-1.630511856044070951e-01,6.512627196498563947e-03,1.598407391673484917e-04,-5.418515710705132382e-06,9.116542065940730355e-06,2.001723836426300140e-06,4.540734492020082058e-07,3.629764705748161902e-07,-2.260314882068792386e-07,3.314994334348286831e-07,-2.890991585031282840e-07,-2.813154812916773828e-08,7.808780531646034029e-07,-1.853033284961169702e-06,1.924725007401706378e-06
1.311956206582119089e+00,-1.635297461159400112e-01,6.543569826020492405e-03,1.609888676575056687e-04,-5.836706301876742886e-06,9.133714439571449795e-06,1.990689230017134159e-06,4.513052145882490152e-07,3.609721008629440675e-07,-2.258795180481998344e-07,3.312296039913176227e-07,-2.902905445537062867e-07,-2.545404509087315081e-08,7.777496430112773584e-07,-1.853355281383750608e-06,1.928545417403948470e-06
1.312774752810948797e+00,-1.640088071540599657e-01,6.574578892157930191e-03,1.621525543398279895e-04,-6.259323089660706607e-06,9.151419662494636453e-06,1.979661133185567357e-06,4.485548912303016778e-07,3.589784924734606975e-07,-2.257210508088691725e-07,3.309530315458164562e-07,-2.914668859217706132e-07,-2.278916574546818730e-08,7.746173919607329816e-07,-1.853654396269388549e-06,1.932346382592375900e-06
1.313595819622300098e+00,-1.644883703010613929e-01,6.605654210085618039e-03,1.633319797819804409e-04,-6.686411219807009143e-06,9.169663939077171699e-06,1.968639063643778941e-06,4.458224155956536094e-07,3.569955648319300678e-07,-2.255561516173454351e-07,3.306697577767914176e-07,-2.926282498347948513e-07,-2.013691305109005514e-08,7.714813399306921782e-07,-1.853930543825599297e-06,1.936127691802569384e-06
1.314419410511747932e+00,-1.649684371418201345e-01,6.636795592448948428e-03,1.645273262533431674e-04,-7.118016303781643517e-06,9.188453531972645694e-06,1.957622534198150133e-06,4.431077240130143480e-07,3.550232376137163470e-07,-2.253848841726746599e-07,3.303798234814692147e-07,-2.937747025158476966e-07,-1.749729003396385818e-08,7.683415264025938995e-07,-1.854183636806200353e-06,1.939889131684358059e-06
1.315245528991617840e+00,-1.654490092638067344e-01,6.668002849339337706e-03,1.657387777410299079e-04,-7.554184422959436818e-06,9.207794762742388395e-06,1.946611052724978030e-06,4.404107528110934311e-07,3.530614305219392790e-07,-2.252073110498020725e-07,3.300832685723675830e-07,-2.949063091940012926e-07,-1.487029975327444631e-08,7.651979903816955031e-07,-1.854413586466208130e-06,1.943630486750391739e-06
1.316074178591068566e+00,-1.659300882570990399e-01,6.699275788269379653e-03,1.669665199659949029e-04,-7.994962132901878293e-06,9.227694012525072820e-06,1.935604122281497919e-06,4.377314385128894259e-07,3.511100634401298493e-07,-2.250234934914052687e-07,3.297801319662729824e-07,-2.960231340609631445e-07,-1.225594531504420326e-08,7.620507703476331329e-07,-1.854620302565307410e-06,1.947351539299813084e-06
1.316905362856176209e+00,-1.664116757143952463e-01,6.730614214147785657e-03,1.682107403991554145e-04,-8.440396467598518249e-06,9.248157722688971072e-06,1.924601240987922068e-06,4.350697174471118700e-07,3.491690564044747092e-07,-2.248334916576943954e-07,3.294704518236324375e-07,-2.971252403630164629e-07,-9.654229951062964776e-09,7.588999043585051285e-07,-1.854803693364381889e-06,1.951052069425196489e-06
1.317739085350019490e+00,-1.668937732310266098e-01,6.762017929254130616e-03,1.694716282775905747e-04,-8.890534943840205928e-06,9.269192395609110457e-06,1.913601902017031398e-06,4.324255259979814525e-07,3.472383296176939638e-07,-2.246373643904897577e-07,3.291542653542645080e-07,-2.982126903767340353e-07,-7.065156937356015243e-09,7.557454300491373012e-07,-1.854963665656739202e-06,1.954731854984792516e-06
1.318575349652765016e+00,-1.673763824049711024e-01,6.793486733213224132e-03,1.707493746211929952e-04,-9.345425565495182885e-06,9.290804595205037764e-06,1.902605593621931046e-06,4.297988005774744380e-07,3.453178035600634743e-07,-2.244351693519996971e-07,3.288316088589926522e-07,-2.992855453586712455e-07,-4.488729617169173736e-09,7.525873845122543759e-07,-1.855100124764641478e-06,1.958390671630283464e-06
1.319414159361753658e+00,-1.678595048368655140e-01,6.825020422969112210e-03,1.720441722491937442e-04,-9.805116827951709801e-06,9.313000947589605838e-06,1.891611799240133784e-06,4.271894775698115154e-07,3.434073987118591020e-07,-2.242269631635984695e-07,3.285025177747480374e-07,-3.003438655089368803e-07,-1.924951448673689613e-09,7.494258043565932281e-07,-1.855212974407466353e-06,1.962028292737394430e-06
1.320255518091586922e+00,-1.683431421300196074e-01,6.856618792759354777e-03,1.733562157969544687e-04,-1.026965772268385868e-05,9.335788141877354729e-06,1.880619997250698727e-06,4.245974932759466469e-07,3.415070359974459180e-07,-2.240128010311259743e-07,3.281670266641611988e-07,-3.013877101273182424e-07,6.261739885285444451e-10,7.462607258569564639e-07,-1.855302116788443145e-06,1.965644489315687693e-06
1.321099429474214659e+00,-1.688272958904291632e-01,6.888281634088770644e-03,1.746857017328393158e-04,-1.073909774156230068e-05,9.359172930756970432e-06,1.869629661296889900e-06,4.220227840245893702e-07,3.396166363273112054e-07,-2.237927373416326304e-07,3.278251693682177059e-07,-3.024171375022588482e-07,3.164642899296243872e-09,7.430921848562005438e-07,-1.855367452587713961e-06,1.969239030168157267e-06
1.321945897159024552e+00,-1.693119677267889978e-01,6.920008735702762662e-03,1.760328283754129808e-04,-1.121348688151203865e-05,9.383162131230277092e-06,1.858640259935762096e-06,4.194652862832271012e-07,3.377361207923534892e-07,-2.235668251082678637e-07,3.274769787668663223e-07,-3.034322049004500865e-07,5.690451441216909378e-09,7.399202167426843779e-07,-1.855408880972742036e-06,1.972811681710817666e-06
1.322794924812929596e+00,-1.697971592505066463e-01,6.951799883560655022e-03,1.773977959105121210e-04,-1.169287564897064646e-05,9.407762625292248604e-06,1.847651256901838845e-06,4.169249362140359239e-07,3.358654109414382916e-07,-2.233351163449803778e-07,3.271224868622857329e-07,-3.044329686553021164e-07,8.203595653049483571e-09,7.367448564919026888e-07,-1.855426299553208924e-06,1.976362207965765005e-06
1.323646516120459360e+00,-1.702828720757156300e-01,6.983654860808534426e-03,1.787808064086481019e-04,-1.217731506463794189e-05,9.432981360597142428e-06,1.836662111009967902e-06,4.144016701179698003e-07,3.340044283650644985e-07,-2.230976619138624883e-07,3.267617249003151869e-07,-3.054194840784729692e-07,1.070407138923853974e-08,7.335661386899047787e-07,-1.855419604408770073e-06,1.979890370699954882e-06
1.324500674783849252e+00,-1.707691078192891121e-01,7.015573447752334116e-03,1.801820638424721926e-04,-1.266685666804004406e-05,9.458825351263411285e-06,1.825672276106748981e-06,4.118954241572048147e-07,3.321530948896533886e-07,-2.228545115945390620e-07,3.263947232524933018e-07,-3.063918055778297456e-07,1.319187435981292178e-08,7.303840975220188270e-07,-1.855388690050890910e-06,1.983395929210096664e-06
1.325357404523132443e+00,-1.712558681008537476e-01,7.047555421830184116e-03,1.816017741047316891e-04,-1.316155252223394356e-05,9.485301678314322915e-06,1.814681201174617176e-06,4.094061346049393535e-07,3.303113325636708453e-07,-2.226057140841675164e-07,3.260215115374887063e-07,-3.073499865117318430e-07,1.566700005492527303e-08,7.271987668006074657e-07,-1.855333449402030155e-06,1.986878640343470170e-06
1.326216709076232458e+00,-1.717431545428030892e-01,7.079600557584619230e-03,1.830401450259137863e-04,-1.366145521860748224e-05,9.512417490635527439e-06,1.803688330290209585e-06,4.069337374845716226e-07,3.284790637686496595e-07,-2.223513170668267591e-07,3.256421185239555260e-07,-3.082940793087268760e-07,1.812944382031250745e-08,7.240101799529247151e-07,-1.855253773823395402e-06,1.990338258615886868e-06
1.327078592199054885e+00,-1.722309687703114656e-01,7.111708626634478253e-03,1.844973863922259871e-04,-1.416661788157351498e-05,9.540180005606496705e-06,1.792693102492526336e-06,4.044781689582777062e-07,3.266562110387782880e-07,-2.220913671441282489e-07,3.252565721201250426e-07,-3.092241353964270134e-07,2.057920083431072356e-08,7.208183700688208795e-07,-1.855149553121882011e-06,1.993774535996584163e-06
1.327943057665582405e+00,-1.727193124113481915e-01,7.143879397646928087e-03,1.859737099638679447e-04,-1.467709417349825907e-05,9.568596509790944227e-06,1.781694952074364124e-06,4.020393649106779321e-07,3.248426972413120950e-07,-2.218259098629715709e-07,3.248648995056446775e-07,-3.101402052292645539e-07,2.301626605494613842e-08,7.176233698096695646e-07,-1.855020675515378636e-06,1.997187222033125487e-06
1.328810109267968054e+00,-1.732081870966906967e-01,7.176112636308913661e-03,1.874693294931974868e-04,-1.519293829950127406e-05,9.597674359783370246e-06,1.770693308277004885e-06,3.996172612819037795e-07,3.230384454377954739e-07,-2.215549897433000126e-07,3.244671269893306675e-07,-3.110423383283905663e-07,2.544063423468023721e-08,7.144252115679622372e-07,-1.854867027587664419e-06,2.000576063719561315e-06
1.329679750816630035e+00,-1.736975944599390698e-01,7.208408105298163768e-03,1.889844607432852180e-04,-1.571420501247575152e-05,9.627420982694784302e-06,1.759687595456749243e-06,3.972117939565755762e-07,3.212433790644730891e-07,-2.212786503752450784e-07,3.240632801687626241e-07,-3.119305831984081623e-07,2.785229989959309149e-08,7.112239273285303476e-07,-1.854688494347389582e-06,2.003940805545001425e-06
1.330551986140349197e+00,-1.741875361375303521e-01,7.240765564254337400e-03,1.905193215068819862e-04,-1.624094961790757685e-05,9.657843877006189182e-06,1.748677233050222046e-06,3.948228986805357721e-07,3.194574217241230585e-07,-2.209969342942263992e-07,3.236533838192612311e-07,-3.128049873724753072e-07,3.025125737020004091e-08,7.080195487067092452e-07,-1.854484959169094838e-06,2.007281189535248256e-06
1.331426819086364066e+00,-1.746780137687521661e-01,7.273184769749630602e-03,1.920741316248121555e-04,-1.677322797901011076e-05,9.688950613259000866e-06,1.737661635664577986e-06,3.924505110608489389e-07,3.176804973387126196e-07,-2.207098830364628839e-07,3.232374619840938657e-07,-3.136655975059798873e-07,3.263750072025201066e-08,7.048121071044632924e-07,-1.854256303827905850e-06,2.010596955002996733e-06
1.332304253520469661e+00,-1.751690289957572866e-01,7.305665475259374639e-03,1.936491130051197496e-04,-1.731109652181560266e-05,9.720748834905063029e-06,1.726640212952601505e-06,3.900945665658017703e-07,3.159125300800091907e-07,-2.204175371389727189e-07,3.228155378495745076e-07,-3.145124592377618322e-07,3.501102381229734273e-08,7.016016335542607507e-07,-1.854002408506472133e-06,2.013887838804573338e-06
1.333184293327115855e+00,-1.756605834635783236e-01,7.338207431131910791e-03,1.952444896424401083e-04,-1.785461224003935532e-05,9.753246258899922472e-06,1.715612369564134543e-06,3.877550006914365355e-07,3.141534445222360361e-07,-2.201199362505956714e-07,3.223876338977194056e-07,-3.153456172664409474e-07,3.737182028510505072e-08,6.983881587589724216e-07,-1.853723151742925346e-06,2.017153575138708188e-06
1.334066942409505296e+00,-1.761526788201414617e-01,7.370810384558791270e-03,1.968604876370280699e-04,-1.840383270043134678e-05,9.786450676476515786e-06,1.704577505340365562e-06,3.854317486839953233e-07,3.124031654061498742e-07,-2.198171190348485737e-07,3.219537718784915015e-07,-3.161651153417432969e-07,3.971988341271853740e-08,6.951717131369744562e-07,-1.853418410347612566e-06,2.020393895511840565e-06
1.334952204689694222e+00,-1.766453167162809201e-01,7.403474079544244621e-03,1.984973352143950404e-04,-1.895881604808795362e-05,9.820369954019469994e-06,1.693535015230562824e-06,3.831247457064534956e-07,3.106616178610854817e-07,-2.195091231699253242e-07,3.215139727473503850e-07,-3.169709962072553289e-07,4.205520625190709016e-08,6.919523268065358446e-07,-1.853088059545343613e-06,2.023608528842202325e-06
1.335840084108693704e+00,-1.771384988057544685e-01,7.436198256874304580e-03,2.001552627451472915e-04,-1.951962101135427952e-05,9.855012033550825112e-06,1.682484289278196599e-06,3.808339266997418093e-07,3.089287272800556039e-07,-2.191959855013525527e-07,3.210682566340272714e-07,-3.177633016559350265e-07,4.437778168032979753e-08,6.887300295493892222e-07,-1.852731973006616073e-06,2.026797201397367854e-06
1.336730584626571128e+00,-1.776322267452571380e-01,7.468982654086185266e-03,2.018345027646004791e-04,-2.008630690729547308e-05,9.890384933711887649e-06,1.671424712579305805e-06,3.785592265770354459e-07,3.072044194724066202e-07,-2.188777418754561666e-07,3.206166430472223716e-07,-3.185420725856230595e-07,4.668760221872639282e-08,6.855048509529781953e-07,-1.852350022580467881e-06,2.029959636648537291e-06
1.337623710222551221e+00,-1.781265021944361537e-01,7.501827005436990242e-03,2.035352899929562115e-04,-2.065893364722702630e-05,9.926496750467528329e-06,1.660355665469848141e-06,3.763005798351759523e-07,3.054886203723850002e-07,-2.185544272503836538e-07,3.201591507878687182e-07,-3.193073489591441438e-07,4.898466004132559504e-08,6.822768203306600610e-07,-1.851942078509583034e-06,2.033095555367681051e-06
1.338519464895121303e+00,-1.786213268159061451e-01,7.534731041872102381e-03,2.052578613555931103e-04,-2.123756174181486156e-05,9.963355657848643743e-06,1.649276523338349953e-06,3.740579209987604514e-07,3.037812564277153626e-07,-2.182260756544707192e-07,3.196957978068848405e-07,-3.200591696967541866e-07,5.126894709423998608e-08,6.790459666748682732e-07,-1.851508009329677629e-06,2.036204675613662030e-06
1.339417852662134756e+00,-1.791167022752636617e-01,7.567694490993207707e-03,2.070024560034636890e-04,-2.182225230661256898e-05,1.000096990862175961e-05,1.638186656723050749e-06,3.718311843148303097e-07,3.020822543220447187e-07,-2.178927203666525259e-07,3.192266013821165593e-07,-3.207975728201223342e-07,5.354045505253160475e-08,6.758123187299708290e-07,-1.851047681956236035e-06,2.039286712676724456e-06
1.340318877560915833e+00,-1.796126302411026332e-01,7.600717077026572510e-03,2.087693153336091928e-04,-2.241306706757435763e-05,1.003934783514598417e-05,1.627085431298025409e-06,3.696203038638934402e-07,3.003915411275981384e-07,-2.175543936111523635e-07,3.187515780732341764e-07,-3.215225954471268022e-07,5.579917524214939029e-08,6.725759050547203133e-07,-1.850560961573488594e-06,2.042341379043799421e-06
1.341222543648366905e+00,-1.801091123850288578e-01,7.633798520790246664e-03,2.105586830099051565e-04,-2.301006836641708575e-05,1.007849785024730882e-05,1.615972207852367504e-06,3.674252133378796970e-07,2.987090443468121137e-07,-2.172111268905485559e-07,3.182707436939768986e-07,-3.222342736877714664e-07,5.804509867939414147e-08,6.693367538695982333e-07,-1.850047711637881065e-06,2.045368384329115941e-06
1.342128855001072596e+00,-1.806061503816754343e-01,7.666938539661752663e-03,2.123708049839110462e-04,-2.361331916645240114e-05,1.011842844785351692e-05,1.604846342359578237e-06,3.652458463732077831e-07,2.970346916625343781e-07,-2.168629507914854315e-07,3.177841133711334365e-07,-3.229326427829637414e-07,6.027821603015251495e-08,6.660948932805943468e-07,-1.849507793905830200e-06,2.048367435322773211e-06
1.343037815715410144e+00,-1.811037459087180834e-01,7.700136847545066901e-03,2.142059295164346067e-04,-2.422288305830959387e-05,1.015914820374011485e-05,1.593707186088588745e-06,3.630821362454739187e-07,2.953684111739462992e-07,-2.165098949846733234e-07,3.172917015827059206e-07,-3.236177370143089593e-07,6.249851759428451392e-08,6.628503511265509962e-07,-1.848941068367804252e-06,2.051338235962985035e-06
1.343949429907656423e+00,-1.816019006468906627e-01,7.733393154836842864e-03,2.160643071987648767e-04,-2.483882426526987097e-05,1.020066577641157157e-05,1.582554085409471067e-06,3.609340158972074164e-07,2.937101312716627888e-07,-2.161519885024443255e-07,3.167935220850515154e-07,-3.242895896555381130e-07,6.470599340320168369e-08,6.596031549566117036e-07,-1.848347393362814728e-06,2.054280487356896501e-06
1.344863701714098747e+00,-1.821006162800003769e-01,7.766707168393279653e-03,2.179461909738548975e-04,-2.546120764912972179e-05,1.024298990790623032e-05,1.571386381793438147e-06,3.588014182154264375e-07,2.920597809014102708e-07,-2.157892593640520218e-07,3.162895878539018213e-07,-3.249482331286329684e-07,6.690063312619204394e-08,6.563533322158365824e-07,-1.847726625481271867e-06,2.057193887544661592e-06
1.345780635291143890e+00,-1.825998944949432656e-01,7.800078591496176911e-03,2.198518361582486175e-04,-2.609009871609550835e-05,1.028612942450407575e-05,1.560203412076521801e-06,3.566842754765264800e-07,2.904172892587153498e-07,-2.154217348671050303e-07,3.157799112231407523e-07,-3.255936988685176336e-07,6.908242603485825750e-08,6.531009100977508419e-07,-1.847078619502534602e-06,2.060078131756182263e-06
1.346700234815430441e+00,-1.830997369817199127e-01,7.833507123818451989e-03,2.217815004642628013e-04,-2.672556362263989183e-05,1.033009323756980957e-05,1.549004508348550413e-06,3.545825197348584368e-07,2.887825858999271134e-07,-2.150494414765447004e-07,3.152645039194990062e-07,-3.262260174531628198e-07,7.125136103911314245e-08,6.498459156484281962e-07,-1.846403228505932859e-06,2.062932912161308252e-06
1.347622504483940720e+00,-1.836001454334512673e-01,7.866992461389872224e-03,2.237354440218133206e-04,-2.736766918121948111e-05,1.037489034431265944e-05,1.537788997862943319e-06,3.524960827949730202e-07,2.871556007838504954e-07,-2.146724048662784767e-07,3.147433769480623145e-07,-3.268452184908288150e-07,7.340742673835401466e-08,6.465883757075102656e-07,-1.845700303836073086e-06,2.065757918008614968e-06
1.348547448514114233e+00,-1.841011215463941308e-01,7.900534296561918107e-03,2.257139294007184938e-04,-2.801648286630299689e-05,1.042052982863292399e-05,1.526556203161610892e-06,3.504248959618205816e-07,2.855362642995018518e-07,-2.142906498636687473e-07,3.142165405332908446e-07,-3.274513306356779951e-07,7.555061133689491837e-08,6.433283169324927053e-07,-1.844969695033449320e-06,2.068552835500503395e-06
1.349475071143960703e+00,-1.846026670199573394e-01,7.934132317972953513e-03,2.277172216334569232e-04,-2.867207282043586491e-05,1.046702086194076231e-05,1.515305442061076757e-06,3.483688902072845650e-07,2.839245072244755974e-07,-2.139042006160662979e-07,3.136840043306554637e-07,-3.280443816207345709e-07,7.768090263442564702e-08,6.400657657848474180e-07,-1.844211249803218156e-06,2.071317347737688941e-06
1.350405376632176857e+00,-1.851047835567179445e-01,7.967786210512542433e-03,2.297455882378784953e-04,-2.933450786030480928e-05,1.051437270380845002e-05,1.504036027825950139e-06,3.463279961424259312e-07,2.823202606833108419e-07,-2.135130805214213723e-07,3.131457773676571410e-07,-3.286243982492109694e-07,7.979828803945585025e-08,6.368007485785948107e-07,-1.843424814133159950e-06,2.074051134871857105e-06
1.351338369258261451e+00,-1.856074728624368397e-01,8.001495655285578365e-03,2.317992992398685420e-04,-3.000385748264458585e-05,1.056259470311876614e-05,1.492747268828920060e-06,3.443021439064608558e-07,2.807234562862692684e-07,-2.131173120895057949e-07,3.126018678877018342e-07,-3.291914064586926036e-07,8.190275456107509733e-08,6.335332915149982647e-07,-1.842610232203473197e-06,2.076753873807291040e-06
1.352274053322632730e+00,-1.861107366460751367e-01,8.035260329576295740e-03,2.338786271966989544e-04,-3.068019187065992859e-05,1.061169629852296015e-05,1.481438469001783442e-06,3.422912630834940018e-07,2.791340259211683161e-07,-2.127169171223242117e-07,3.120522835686756480e-07,-3.297454312430753154e-07,8.399428881545809022e-08,6.302634206478696655e-07,-1.841767346317385590e-06,2.079425238450671731e-06
1.353212433146745219e+00,-1.866145766198104572e-01,8.069079906811525010e-03,2.359838472205093990e-04,-3.136358190009881641e-05,1.066168701936709429e-05,1.470108927648094976e-06,3.402952829800742762e-07,2.775519020448147245e-07,-2.123119167418696662e-07,3.114970314396781070e-07,-3.302864966421570347e-07,8.607287695560836283e-08,6.269911618419360400e-07,-1.840895997039931897e-06,2.082064899572300121e-06
1.354153513073210746e+00,-1.871189944990532261e-01,8.102954056524173249e-03,2.381152370016671044e-04,-3.205409914555472362e-05,1.071257648664267204e-05,1.458757939422350436e-06,3.383141323198834982e-07,2.759770174193265646e-07,-2.119023312929790848e-07,3.109361178879610499e-07,-3.308146258162308895e-07,8.813850477674273209e-08,6.237165409012090933e-07,-1.839996023090401112e-06,2.084672524639563651e-06
1.355097297465917006e+00,-1.876239920024636576e-01,8.136882444315913718e-03,2.402730768325499200e-04,-3.275181588679142164e-05,1.076437441372563031e-05,1.447384794392436724e-06,3.363477391049585208e-07,2.744093053341778443e-07,-2.114881804266000032e-07,3.103695485652535613e-07,-3.313298409871046069e-07,9.019115766294855119e-08,6.204395834961268230e-07,-1.839067261366622574e-06,2.087247778011225297e-06
1.356043790710148356e+00,-1.881295708519674093e-01,8.170864731819481655e-03,2.424576496316242780e-04,-3.345680511505043364e-05,1.081709060715349557e-05,1.435988778247798692e-06,3.343960311708027433e-07,2.728486995090539935e-07,-2.110694830304016278e-07,3.097973285612343197e-07,-3.318321634519783014e-07,9.223082050435066348e-08,6.171603151410021137e-07,-1.838109546889454826e-06,2.089790320805584578e-06
1.356992997212709717e+00,-1.886357327727731792e-01,8.204900576661228531e-03,2.446692409677486690e-04,-3.416914053967941289e-05,1.087073496755172619e-05,1.424569172063516742e-06,3.324589355480078723e-07,2.712951339689517738e-07,-2.106462573397971383e-07,3.092194623341426585e-07,-3.323216135851791986e-07,9.425747776606666073e-08,6.138787612963714224e-07,-1.837122712861766205e-06,2.092299810865783094e-06
1.357944921402046923e+00,-1.891424794933890263e-01,8.238989632422652823e-03,2.469081390843591572e-04,-3.488889659441010704e-05,1.092531749045250189e-05,1.413125252473779181e-06,3.305363786010317995e-07,2.697485433356128226e-07,-2.102185208407991723e-07,3.086359537003702247e-07,-3.327982109092852969e-07,9.627111350728884132e-08,6.105949472926669452e-07,-1.836106590571290331e-06,2.094775902794498990e-06
1.358899567728372615e+00,-1.896498127456389127e-01,8.273131548601994970e-03,2.491746349242932729e-04,-3.561614844396938928e-05,1.098084826705800210e-05,1.401656291651065533e-06,3.286282862224876311e-07,2.682088627165013506e-07,-2.097862903116531896e-07,3.080468058067054038e-07,-3.332619740240017059e-07,9.827171134181925116e-08,6.073088983614416403e-07,-1.835061009518995645e-06,2.097218247884558018e-06
1.359856940663790592e+00,-1.901577342646807167e-01,8.307325970575240789e-03,2.514690221547006416e-04,-3.635097199084467989e-05,1.103733748514940105e-05,1.390161557542068937e-06,3.267345836110990831e-07,2.666760275105151123e-07,-2.093495819477375619e-07,3.074520212309472811e-07,-3.337129205437106005e-07,1.002592543999057673e-07,6.040206396839414849e-07,-1.833985797273368634e-06,2.099626494000972343e-06
1.360817044702422818e+00,-1.906662457890220264e-01,8.341572539556838667e-03,2.537915971920091246e-04,-3.709344388181864960e-05,1.109479542992300449e-05,1.378640313624834857e-06,3.248551951606781785e-07,2.651499737271745261e-07,-2.089084111395189680e-07,3.068516019055778088e-07,-3.341510672310449293e-07,1.022337252861750534e-07,6.007301963893707519e-07,-1.832880779518986092e-06,2.102000285733596208e-06
1.361779884360534210e+00,-1.911753490605384298e-01,8.375870892560319594e-03,2.561426592271980052e-04,-3.784364151470168136e-05,1.115323248486801977e-05,1.367091819144683473e-06,3.229900447099254279e-07,2.636306377229447051e-07,-2.084627926529636355e-07,3.062455492010285329e-07,-3.345764299726022850e-07,1.041951061971600756e-07,5.974375935045850294e-07,-1.831745780011412306e-06,2.104339264265286946e-06
1.362745464176664534e+00,-1.916850458244902800e-01,8.410220662357815666e-03,2.585225102516852669e-04,-3.860164304509902666e-05,1.121265913256452862e-05,1.355515329065637431e-06,3.211390554036519518e-07,2.621179564371578508e-07,-2.080127406295373405e-07,3.056338638146582909e-07,-3.349890237026170725e-07,1.061433788493090780e-07,5.941428560026634775e-07,-1.830580620622301868e-06,2.106643067358027199e-06
1.363713788711754971e+00,-1.921953378295399861e-01,8.444621477440156232e-03,2.609314550829650720e-04,-3.936752739333061746e-05,1.127308595551268500e-05,1.343910094174505243e-06,3.193021493042014214e-07,2.606118672393575864e-07,-2.075582685584498321e-07,3.050165458332032564e-07,-3.353888624411244246e-07,1.080785244880928808e-07,5.908460088202560634e-07,-1.829385121349808019e-06,2.108911329290474868e-06
1.364684862549278677e+00,-1.927062268277699997e-01,8.479072961976032510e-03,2.633698013904620799e-04,-4.014137425132138781e-05,1.133452363707987409e-05,1.332275361143331338e-06,3.174792478910504201e-07,2.591123079986878963e-07,-2.070993892350214693e-07,3.043935948160436666e-07,-3.357759593477366300e-07,1.100005238259885165e-07,5.875470768263585386e-07,-1.828159100224907574e-06,2.111143680948168733e-06
1.365658690295374456e+00,-1.932177145746999947e-01,8.513574735770690349e-03,2.658378597219807765e-04,-4.092326408946037053e-05,1.139698296230562402e-05,1.320610372425312651e-06,3.156702717554971116e-07,2.576192171949154286e-07,-2.066361148300721595e-07,3.037650096286703683e-07,-3.361503266748055996e-07,1.119093570945209337e-07,5.842460848986402722e-07,-1.826902373335687058e-06,2.113339749615361640e-06
1.366635276578976654e+00,-1.937298028293048813e-01,8.548126414224690647e-03,2.683359435301999052e-04,-4.171327816373734954e-05,1.146047481879672314e-05,1.308914366504598803e-06,3.138751406561723911e-07,2.561325337102626776e-07,-2.061684569176769344e-07,3.031307886057488243e-07,-3.365119757622186958e-07,1.138050040793911477e-07,5.809430578436469705e-07,-1.825614754823873254e-06,2.115499159141553953e-06
1.367614626051950832e+00,-1.942424933540325416e-01,8.582727608291814553e-03,2.708643691993820046e-04,-4.251149852281706221e-05,1.152501019749396782e-05,1.297186577854658740e-06,3.120937733247508561e-07,2.546521968987969231e-07,-2.056964264474103743e-07,3.024909294435662588e-07,-3.368609170252556684e-07,1.156874440007803206e-07,5.776380204366993176e-07,-1.824296056926466569e-06,2.117621529747204523e-06
1.368596743389227655e+00,-1.947557879148216764e-01,8.617377924437069278e-03,2.734234560723101948e-04,-4.331800801514809618e-05,1.159060019369564931e-05,1.285426237035425245e-06,3.103260876047286843e-07,2.531781467390858964e-07,-2.052200337027132448e-07,3.018454292937067240e-07,-3.371971600257123169e-07,1.175566555627893806e-07,5.743309975207722129e-07,-1.822946089823085369e-06,2.119706478058425159e-06
1.369581633288939670e+00,-1.952696882811197077e-01,8.652076964593951452e-03,2.760135264774938452e-04,-4.413289029633546412e-05,1.165725600784511817e-05,1.273632570832072819e-06,3.085720002848901800e-07,2.517103236121531751e-07,-2.047392883286480725e-07,3.011942847352955255e-07,-3.375207134267976805e-07,1.194126169256834458e-07,5.710220138972071924e-07,-1.821564661764335513e-06,2.121753617113919521e-06
1.370569300472556762e+00,-1.957841962259015967e-01,8.686824326121240364e-03,2.786349057567766990e-04,-4.495622983611592682e-05,1.172498894639467659e-05,1.261804802088484223e-06,3.068314272103300766e-07,2.502486685235227881e-07,-2.042541994706770225e-07,3.005374917056102824e-07,-3.378315849567048446e-07,1.212553057661734657e-07,5.677110943309165991e-07,-1.820151579040585332e-06,2.123762556330288653e-06
1.371559749685026919e+00,-1.962993135256876076e-01,8.721619601759581300e-03,2.812879222930508155e-04,-4.578811192581209999e-05,1.179381042261049006e-05,1.249942149950111769e-06,3.051042831991868098e-07,2.487931231309747915e-07,-2.037647756636395968e-07,2.998750455833476547e-07,-3.381297814797346035e-07,1.230846992704773268e-07,5.643982636822225674e-07,-1.818706645964618396e-06,2.125732901356314208e-06
1.372552985694914129e+00,-1.968150419605618207e-01,8.756462379587692454e-03,2.839729075381734746e-04,-4.662862268584033743e-05,1.186373195758566590e-05,1.238043829919488470e-06,3.033904817928423370e-07,2.473436294392339363e-07,-2.032710248456304214e-07,2.992069411920927902e-07,-3.384153089841523965e-07,1.249007740293690827e-07,5.610835468114472313e-07,-1.817229664795305677e-06,2.127664254190919646e-06
1.373549013294538934e+00,-1.973313833141906448e-01,8.791352242978292542e-03,2.866901960413212325e-04,-4.747784907315442948e-05,1.193476518109373719e-05,1.226109053967250340e-06,3.016899353947000151e-07,2.459001301191587885e-07,-2.027729542747325198e-07,2.985331727864415363e-07,-3.386881725284118794e-07,1.267035060299390170e-07,5.577669685580960435e-07,-1.815720435748013895e-06,2.129556213086025718e-06
1.374547837300120756e+00,-1.978483393738412199e-01,8.826288770553285951e-03,2.894401254772988735e-04,-4.833587888864766813e-05,1.200692183231377719e-05,1.214137030504380821e-06,3.000025552424290254e-07,2.444625683967194263e-07,-2.022705706955507665e-07,2.978537340103670772e-07,-3.389483762637063302e-07,1.284928708121524377e-07,5.544485538223897780e-07,-1.814178757039708323e-06,2.131408372588183830e-06
1.375549462551920898e+00,-1.983659119304008178e-01,8.861271536138656466e-03,2.922230366753878622e-04,-4.920280078480818164e-05,1.208021376094062238e-05,1.202126964562622025e-06,2.983282514079643732e-07,2.430308881085085915e-07,-2.017638803392118874e-07,2.971686179700783192e-07,-3.391959235033575881e-07,1.302688433344086072e-07,5.511283275444478491e-07,-1.812604424927116709e-06,2.133220323323470335e-06
1.376553893914386872e+00,-1.988841027783950777e-01,8.896300108718946387e-03,2.950392736484931666e-04,-5.007870427341416797e-05,1.215465292785447571e-05,1.190078057773658049e-06,2.966669325754622832e-07,2.416050336184749625e-07,-2.012528888678533079e-07,2.964778172340198914e-07,-3.394308166360798795e-07,1.320313979457851672e-07,5.478063147129619281e-07,-1.810997233526318029e-06,2.134991652212592239e-06
1.377561136276296949e+00,-1.994029137160072684e-01,8.931374052391442483e-03,2.978891836221964073e-04,-5.096367973321004607e-05,1.223025140617561846e-05,1.177989508598098478e-06,2.950185061245669260e-07,2.401849499150676692e-07,-2.007376012913564267e-07,2.957813238294026981e-07,-3.396530571745520755e-07,1.337805084476208217e-07,5.444825404293807125e-07,-1.809356974958459263e-06,2.136721942214148129e-06
1.378571194550908707e+00,-1.999223465450973292e-01,8.966492926319812040e-03,3.007731170644161595e-04,-5.185781841774740608e-05,1.230702138208319973e-05,1.165860512249150549e-06,2.933828780193881158e-07,2.387705825557251416e-07,-2.002180221338800692e-07,2.950791291554677453e-07,-3.398626458022552255e-07,1.355161480648923999e-07,5.411570299009710316e-07,-1.807683439252610880e-06,2.138410772442589369e-06
1.379584073676105360e+00,-2.004424030712212423e-01,9.001656284687244505e-03,3.036914277152816255e-04,-5.276121246310105928e-05,1.238497515563055651e-05,1.153690260963236014e-06,2.917599527529901593e-07,2.373618778195307755e-07,-1.996941554338604874e-07,2.943712240667528679e-07,-3.400595822312252325e-07,1.372382894943534326e-07,5.378298082690802229e-07,-1.805976414366583516e-06,2.140057718147403421e-06
1.380599778614544748e+00,-2.009630851036500743e-01,9.036863676649398852e-03,3.066444726171121266e-04,-5.367395489597713565e-05,1.246412514176176156e-05,1.141477943965296671e-06,2.901496333473918554e-07,2.359587824851683280e-07,-1.991660046052334820e-07,2.936575989043177515e-07,-3.402438652783806861e-07,1.389469047978486582e-07,5.345009008381196303e-07,-1.804235686190397425e-06,2.141662350539641491e-06
1.381618314353811217e+00,-2.014843944553899036e-01,9.072114646286778480e-03,3.096326121448320090e-04,-5.459613964159393262e-05,1.254448387112347407e-05,1.129222747676961180e-06,2.885518213258109199e-07,2.345612440529665221e-07,-1.986335725762122806e-07,2.929382434749272512e-07,-3.404154929921576755e-07,1.406419654174928535e-07,5.311703330668909873e-07,-1.802461038442199071e-06,2.143224236875185262e-06
1.382639685906566385e+00,-2.020063329432010002e-01,9.107408732556330697e-03,3.126562100367134139e-04,-5.552786153171368477e-05,1.262606399090107634e-05,1.116923855702667279e-06,2.869664165183749560e-07,2.331692106477545323e-07,-1.980968616782652347e-07,2.922131470545208387e-07,-3.405744623975054397e-07,1.423234422164368351e-07,5.278381304089918569e-07,-1.800652252866019598e-06,2.144742940426991318e-06
1.383663898310702356e+00,-2.025289023876176708e-01,9.142745469243096501e-03,3.157156334252127217e-04,-5.646921631275239606e-05,1.270887826576930224e-05,1.104580449065584169e-06,2.853933171731437568e-07,2.317826309772286208e-07,-1.975558739375493644e-07,2.914822983118847688e-07,-3.407207696710934375e-07,1.439913054832042683e-07,5.245043184550629567e-07,-1.798809108999321893e-06,2.146218020429579987e-06
1.384690956629496039e+00,-2.030521046129684093e-01,9.178124384911353836e-03,3.188112528681470020e-04,-5.742030065413253337e-05,1.279293957883939625e-05,1.092191706277001462e-06,2.838324197063091248e-07,2.304014545678745307e-07,-1.970106105753099968e-07,2.907456854162049353e-07,-3.408544102141697341e-07,1.456455249113086658e-07,5.211689229813604163e-07,-1.796931384294431222e-06,2.147649031968013045e-06
1.385720865951764802e+00,-2.035759414473953532e-01,9.213545002854990618e-03,3.219434423801775108e-04,-5.838121215633040872e-05,1.287826093248137238e-05,1.079756803405718113e-06,2.822836188687283254e-07,2.290256315012895172e-07,-1.964610725491144905e-07,2.900032959468612503e-07,-3.409753784426594603e-07,1.472860695376707052e-07,5.178319698456723685e-07,-1.795018854052615742e-06,2.149035526095854909e-06
1.386753631392023678e+00,-2.041004147228750454e-01,9.249006841047732047e-03,3.251125794646071709e-04,-5.935204935936591597e-05,1.296485544916708976e-05,1.067274914320903711e-06,2.807468075238794825e-07,2.276551125668380138e-07,-1.959072601920297529e-07,2.892551170599610977e-07,-3.410836678756357099e-07,1.489129077322098871e-07,5.144934850029314610e-07,-1.793071291382453136e-06,2.150377049696394760e-06
1.387789258090643019e+00,-2.046255262752381121e-01,9.284509412092625466e-03,3.283190451456308168e-04,-6.033291175117430627e-05,1.305273637242435059e-05,1.054745210699037372e-06,2.792218766478615777e-07,2.262898492200182687e-07,-1.953491734346668451e-07,2.885011353009891977e-07,-3.411792712133820960e-07,1.505260073383571373e-07,5.111534945971552002e-07,-1.791088467290036235e-06,2.151673145475707649e-06
1.388827751214009032e+00,-2.051512779441898582e-01,9.320052223171273673e-03,3.315632240003720671e-04,-6.132389977591030938e-05,1.314191706772507851e-05,1.042166862114113357e-06,2.777087152461277242e-07,2.249297937073624354e-07,-1.947868116247697401e-07,2.877413367366465913e-07,-3.412621802680038119e-07,1.521253355282053965e-07,5.078120249805279096e-07,-1.789070150654686886e-06,2.152923351934898921e-06
1.389869115954683876e+00,-2.056776715733307503e-01,9.355634775992527005e-03,3.348455041918864394e-04,-6.232511484269634416e-05,1.323241102333880259e-05,1.029539036488669179e-06,2.762072102147072883e-07,2.235748990109254208e-07,-1.942201736659932010e-07,2.869757068611755724e-07,-3.413323860067957183e-07,1.537108588476124305e-07,5.044691025815617458e-07,-1.787016108149158677e-06,2.154127203383982003e-06
1.390913357531568417e+00,-2.062047090101772340e-01,9.391256566740616846e-03,3.381662775018886430e-04,-6.333665933409317328e-05,1.332423185121042741e-05,1.016860899885618785e-06,2.747172463957170407e-07,2.222251187233847958e-07,-1.936492579901472055e-07,2.862042306830958616e-07,-3.413898784134644648e-07,1.552825431815063606e-07,5.011247539744856372e-07,-1.784926104198003571e-06,2.155284229796161632e-06
1.391960481190066767e+00,-2.067323921061823555e-01,9.426917086022968198e-03,3.415259393639933500e-04,-6.435863661488801235e-05,1.341739328794208652e-05,1.004131616820502781e-06,2.732387064663388543e-07,2.208804072978409749e-07,-1.930740626127080972e-07,2.854268926835712428e-07,-3.414346466425188797e-07,1.568403537131196623e-07,4.977790059573078407e-07,-1.782799901050430291e-06,2.156393956856406113e-06
1.393010492202249928e+00,-2.072607227167567734e-01,9.462615818817547361e-03,3.449248888975318950e-04,-6.539115104085661823e-05,1.351190919553560410e-05,9.913503504904719321e-07,2.717714708833085524e-07,2.195407199229171269e-07,-1.924945850773074341e-07,2.846436768372262449e-07,-3.414666789706977124e-07,1.583842550341441058e-07,4.944318855327339834e-07,-1.780637258780304322e-06,2.157455905982263999e-06
1.394063395867023658e+00,-2.077897027012895470e-01,9.498352244419147952e-03,3.483635289411972369e-04,-6.643430796745078415e-05,1.360779356237434845e-05,9.785162626563259636e-07,2.703154177441380313e-07,2.182060125921481131e-07,-1.919108224279764130e-07,2.838545665601044377e-07,-3.414859628628891253e-07,1.599142110814133488e-07,4.910834198977587217e-07,-1.778437935272270121e-06,2.158469594171208428e-06
1.395119197510295894e+00,-2.083193339231692032e-01,9.534125836385973565e-03,3.518422660872475016e-04,-6.748821375881716711e-05,1.370506050418426880e-05,9.656285141906861824e-07,2.688704226483373816e-07,2.168762420345915487e-07,-1.913227711952680821e-07,2.830595448449768625e-07,-3.414924848767209031e-07,1.614301851065452764e-07,4.877336364731560403e-07,-1.776201686141953839e-06,2.159434533972881542e-06
1.396177902485146394e+00,-2.088496182498059406e-01,9.569936062485500522e-03,3.553615107161917780e-04,-6.855297579678662490e-05,1.380372426460288460e-05,9.526862650155454304e-07,2.674363588361927668e-07,2.155513657287055906e-07,-1.907304276321797332e-07,2.822585940809307914e-07,-3.414862306365396005e-07,1.629321396898197882e-07,4.843825627976611203e-07,-1.773928264742902217e-06,2.160350233586239010e-06
1.397239516171997487e+00,-2.093805575526522800e-01,9.605782384639350094e-03,3.589216770315054039e-04,-6.962870248983406285e-05,1.390379921633114191e-05,9.396886743312515833e-07,2.660130969389662425e-07,2.142313421382713301e-07,-1.901337874504749337e-07,2.814516962129642863e-07,-3.414671848975953106e-07,1.644200367419135222e-07,4.810302266563398765e-07,-1.771617422208215942e-06,2.161216196734649930e-06
1.398304043978787048e+00,-2.099121537072250188e-01,9.641664258868178072e-03,3.625231830946019917e-04,-7.071550328215450709e-05,1.400529986196608068e-05,9.266349007205909594e-07,2.646005050066513320e-07,2.129161304487148243e-07,-1.895328459594614046e-07,2.806388326448416848e-07,-3.414353315807361344e-07,1.658938374770116408e-07,4.776766561603862371e-07,-1.769268907426263526e-06,2.162031922561813424e-06
1.399371491341141471e+00,-2.104444085931267971e-01,9.677581135235842694e-03,3.661664508606398555e-04,-7.181348866301152933e-05,1.410824083477105195e-05,9.135241024471607574e-07,2.631984483136839970e-07,2.116056907058849745e-07,-1.889275980382354447e-07,2.798199843292992206e-07,-3.413906537411831588e-07,1.673535024258182569e-07,4.743218795458942205e-07,-1.766882466988639599e-06,2.162796905763597621e-06
1.400441863722551528e+00,-2.109773240940682193e-01,9.713532457793083372e-03,3.698519062139502683e-04,-7.292277017597985356e-05,1.421263689969226585e-05,9.003554377259859187e-07,2.618067893034314864e-07,2.102999838160535262e-07,-1.883180381356819311e-07,2.789951317160033195e-07,-3.413331335719999027e-07,1.687989914294849014e-07,4.709659253230441545e-07,-1.764457845210981590e-06,2.163510636442322888e-06
1.401515166614548669e+00,-2.115109020978896970e-01,9.749517664520679014e-03,3.735799790043833890e-04,-7.404346042814806406e-05,1.431850295406308926e-05,8.871280647720913848e-07,2.604253875049256095e-07,2.089989716014262200e-07,-1.877041602704743184e-07,2.781642547064477888e-07,-3.412627522930700152e-07,1.702302636283348214e-07,4.676088223107971453e-07,-1.761994784157255856e-06,2.164172600072067354e-06
1.402591405536885549e+00,-2.120451444965837928e-01,9.785536187271841324e-03,3.773511030836958213e-04,-7.517567309962142064e-05,1.442585402852691878e-05,8.738411420572411714e-07,2.590540995883738873e-07,2.077026168001427919e-07,-1.870859581698525176e-07,2.773273327233427565e-07,-3.411794903592640926e-07,1.716472774774754906e-07,4.642505995362811166e-07,-1.759493023573838189e-06,2.164782277533361388e-06
1.403670586037712331e+00,-2.125800531863175635e-01,9.821587451714644534e-03,3.811657163424117534e-04,-7.631952295315477808e-05,1.453470528791495076e-05,8.604938285736163373e-07,2.576927788933147667e-07,2.064108829691324587e-07,-1.864634250059449272e-07,2.764843447071452243e-07,-3.410833273650298869e-07,1.730499907225124812e-07,4.608912863336700472e-07,-1.756952300861758243e-06,2.165339144974409713e-06
1.404752713693761645e+00,-2.131156300674550974e-01,9.857670877273266852e-03,3.850242607468211398e-04,-7.747512584360682908e-05,1.464507203213435971e-05,8.470852841252485277e-07,2.563412759004624064e-07,2.051237346506473713e-07,-1.858365536733241896e-07,2.756352691542229838e-07,-3.409742419299005567e-07,1.744383603093438428e-07,4.575309123077547779e-07,-1.754372351104455108e-06,2.165842673859663670e-06
1.405837794110529337e+00,-2.136518770445797466e-01,9.893785877068995982e-03,3.889271823764688107e-04,-7.864259872754179870e-05,1.475696969696280170e-05,8.336146693349588688e-07,2.549994374823061349e-07,2.038411373722626152e-07,-1.852053366363515252e-07,2.747800840925684884e-07,-3.408522118494156095e-07,1.758123425307442367e-07,4.541695073235346714e-07,-1.751752907074716203e-06,2.166292330990637893e-06
1.406925832922460318e+00,-2.141887960265173585e-01,9.929931857860584132e-03,3.928749314620512412e-04,-7.982205967291440551e-05,1.487041385484291767e-05,8.200811461092638588e-07,2.536671072084217826e-07,2.025630576329984223e-07,-1.845697659846878835e-07,2.739187669187348462e-07,-3.407172140725694964e-07,1.771718929535065490e-07,4.508071015912190616e-07,-1.749093699196513363e-06,2.166687578304682393e-06
1.408016835793134636e+00,-2.147263889263594794e-01,9.966108219984273417e-03,3.968679624234729142e-04,-8.101362786902717439e-05,1.498542021585724804e-05,8.064838778187866097e-07,2.523441253454716815e-07,2.012894628894423832e-07,-1.839298333916605799e-07,2.730512946511054473e-07,-3.405692246775254839e-07,1.785169664904329156e-07,4.474437256159202736e-07,-1.746394455603983431e-06,2.167027872986004855e-06
1.409110808415454219e+00,-2.152646576614858365e-01,1.000231435729294349e-02,4.009067339085028991e-04,-8.221742363644438112e-05,1.510200462838742763e-05,7.928220295203014523e-07,2.510303282743375775e-07,2.000203216112605986e-07,-1.832855302252855978e-07,2.721776438466272374e-07,-3.404082188247781193e-07,1.798475171652796911e-07,4.440794101855105591e-07,-1.743654901957547576e-06,2.167312667340770549e-06
1.410207756511834498e+00,-2.158036041535877081e-01,1.003854965709480296e-02,4.049917088315025532e-04,-8.343356843684007762e-05,1.522018308004746689e-05,7.790947683106175248e-07,2.497255488509431132e-07,1.987556032950754670e-07,-1.826368474094897110e-07,2.712977905834634829e-07,-3.402341708525630226e-07,1.811634983122506481e-07,4.407141864556235467e-07,-1.740874761613914190e-06,2.167541408783224544e-06
1.411307685834393144e+00,-2.163432303286918212e-01,1.007481350009148229e-02,4.091233544126406801e-04,-8.466218488300224221e-05,1.533997169854764420e-05,7.653012635069900149e-07,2.484296161842092232e-07,1.974952784922212601e-07,-1.819837755767661491e-07,2.704117103916048315e-07,-3.400470541866512653e-07,1.824648625456393169e-07,4.373480859323070069e-07,-1.738053755532403821e-06,2.167713539780180554e-06
1.412410602165144802e+00,-2.168835381171834442e-01,1.011110526031560805e-02,4.133021422176360454e-04,-8.590339674903815781e-05,1.546138675238839522e-05,7.514406870287593243e-07,2.471423551086981973e-07,1.962393187948663353e-07,-1.813263049987856590e-07,2.695193783951166377e-07,-3.398468414218813738e-07,1.837515617312060479e-07,4.339811404251853189e-07,-1.735191602288826962e-06,2.167828497920409880e-06
1.413516511316195157e+00,-2.174245294538305617e-01,1.014742430506773013e-02,4.175285481975900964e-04,-8.715732898055723876e-05,1.558444465176236915e-05,7.375122136193956734e-07,2.458635868785030709e-07,1.949876969886688016e-07,-1.806644256141520799e-07,2.686207692184638951e-07,-3.396335042146064742e-07,1.850235469141869871e-07,4.306133821081747914e-07,-1.732288018040789579e-06,2.167885715838313576e-06
1.414625419129935224e+00,-2.179662062778073839e-01,1.018376999485273715e-02,4.218030527294285709e-04,-8.842410770503773831e-05,1.570916194926566534e-05,7.235150211171159640e-07,2.445931280847801759e-07,1.937403868446097022e-07,-1.799981270422801316e-07,2.677158570836557505e-07,-3.394070134284110640e-07,1.862807684589393165e-07,4.272448435350961748e-07,-1.729342716548509795e-06,2.167884621089022357e-06
1.415737331479241856e+00,-2.185085705327183825e-01,1.022014168331552772e-02,4.261261406564558624e-04,-8.970386024208416853e-05,1.583555534073396998e-05,7.094482910238730788e-07,2.433307913218829555e-07,1.924973633271598317e-07,-1.793273984446175362e-07,2.668046157061620960e-07,-3.391673390942123723e-07,1.875231759075612903e-07,4.238755576466135544e-07,-1.726355409160940102e-06,2.167824636155335494e-06
1.416852254267675360e+00,-2.190516241666227437e-01,1.025653871717605373e-02,4.304983013294193944e-04,-9.099671511385819256e-05,1.596364166607175394e-05,6.953112084290280492e-07,2.420763846600060276e-07,1.912586026081575241e-07,-1.786522287050562596e-07,2.658870183087913563e-07,-3.389144503027075039e-07,1.887507180223929604e-07,4.205055577598260097e-07,-1.723325804763725655e-06,2.167705178419965240e-06
1.417970193429682890e+00,-2.195953691320592926e-01,1.029296043616398371e-02,4.349200286483077826e-04,-9.230280205567605034e-05,1.609343790983167044e-05,6.811029627032394451e-07,2.408297116174296093e-07,1.900240820251752893e-07,-1.779726066103437532e-07,2.649630376529155118e-07,-3.386483152390679097e-07,1.899633427998939639e-07,4.171348775543898268e-07,-1.720253609855532106e-06,2.167525660290436917e-06
1.419091154930799625e+00,-2.201398073860699744e-01,1.032940617295246763e-02,4.393918211036962340e-04,-9.362225202656435097e-05,1.622496120228661409e-05,6.668227476372412532e-07,2.395905709939860628e-07,1.887937800537642374e-07,-1.772885203227270168e-07,2.640326461147979309e-07,-3.383689012627366655e-07,1.911609974836539494e-07,4.137635511176213088e-07,-1.717138528405798281e-06,2.167285488817449757e-06
1.420215144767853932e+00,-2.206849408902251675e-01,1.036587525309139168e-02,4.439141818192889055e-04,-9.495519721994596929e-05,1.635822881999177136e-05,6.524697617957264661e-07,2.383587567600375934e-07,1.875676764462319568e-07,-1.765999578517973845e-07,2.630958155572238333e-07,-3.380761749039590258e-07,1.923436284828605736e-07,4.103916129809259683e-07,-1.713980261969227925e-06,2.166984065930799286e-06
1.421342168969175201e+00,-2.212307716106488020e-01,1.040236699494015947e-02,4.484876185944942223e-04,-9.630177107451502738e-05,1.649325818648197939e-05,6.380432090308252313e-07,2.371340579454539466e-07,1.863457522455203019e-07,-1.759069069295904342e-07,2.621525174231753574e-07,-3.377701017527601213e-07,1.935111813896467359e-07,4.070190980608179299e-07,-1.710778509626809107e-06,2.166620788349171711e-06
1.422472233594800795e+00,-2.217773015180432572e-01,1.043888070959942023e-02,4.531126439473870393e-04,-9.766210828497830232e-05,1.663006687315643495e-05,6.235422988082328644e-07,2.359162583620566522e-07,1.851279898268387569e-07,-1.752093548856858973e-07,2.612027226317481521e-07,-3.374506465560894730e-07,1.946636010424079855e-07,4.036460417439213799e-07,-1.707532967968466986e-06,2.166195047489938297e-06
1.423605344736688538e+00,-2.223245325877141465e-01,1.047541570084247961e-02,4.577897751581409130e-04,-9.903634481296316738e-05,1.676867259986156156e-05,6.089662464431322420e-07,2.347051366036190245e-07,1.839143728421532842e-07,-1.745072888692522639e-07,2.602464017030514665e-07,-3.371177732594543563e-07,1.958008314581483056e-07,4.002724798765622261e-07,-1.704243331127758276e-06,2.165706229434460894e-06
1.424741508518925892e+00,-2.228724667995965469e-01,1.051197126504610849e-02,4.625195343128541553e-04,-1.004246178981232918e-04,1.690909323560224609e-05,5.943142737108164653e-07,2.335004659625994350e-07,1.827048862479419000e-07,-1.738006957241466921e-07,2.592835247651470443e-07,-3.367714448490599644e-07,1.969228158376842841e-07,3.968984487023180519e-07,-1.700909290726360101e-06,2.165153715004419777e-06
1.425880731097946885e+00,-2.234211061382802843e-01,1.054854669112037513e-02,4.673024483478303848e-04,-1.018270660692998514e-04,1.705134679939532272e-05,5.795856091242446162e-07,2.323020139305409515e-07,1.814995164162169772e-07,-1.730895620166705839e-07,2.583140613979240108e-07,-3.364116235027303503e-07,1.980294965777881777e-07,3.935239849244681620e-07,-1.697530535839375521e-06,2.164536879643852441e-06
1.427023018662745502e+00,-2.239704525930354961e-01,1.058514126043794829e-02,4.721390490941002049e-04,-1.032438291555352883e-04,1.719545146085937892e-05,5.647794884822143757e-07,2.311095423368492163e-07,1.802982512039141838e-07,-1.723738740216917975e-07,2.573379807649378570e-07,-3.360382704840902957e-07,1.991208152659837416e-07,3.901491257667089041e-07,-1.694106753095947493e-06,2.163855093259559048e-06
1.428168377435095726e+00,-2.245205081578387496e-01,1.062175424676304811e-02,4.770298733224858506e-04,-1.046750482976005481e-04,1.734142554092599209e-05,5.498951552232456130e-07,2.299228069879699632e-07,1.791010797447256664e-07,-1.716536177365224347e-07,2.563552516481049093e-07,-3.356513462414445481e-07,2.001967126068204816e-07,3.867739089280508580e-07,-1.690637626509255975e-06,2.163107720394574773e-06
1.429316813669770037e+00,-2.250712748313994649e-01,1.065838491617912900e-02,4.819754627893007431e-04,-1.061208659591476172e-04,1.748928751232892154e-05,5.349318609668141100e-07,2.287415578061668953e-07,1.779079927544113815e-07,-1.709287789641855682e-07,2.553658423748439432e-07,-3.352508102794082845e-07,2.012571284626396562e-07,3.833983725429201961e-07,-1.687122837570192990e-06,2.162294120144903076e-06
1.430468333654761226e+00,-2.256227546171859499e-01,1.069503252701616003e-02,4.869763642820507804e-04,-1.075814259381569632e-04,1.763905600032575349e-05,5.198888657839684235e-07,2.275655383576768998e-07,1.767189824058990055e-07,-1.701993432856596655e-07,2.543697208527706533e-07,-3.348366212872766479e-07,2.023020018969423628e-07,3.800225552991198796e-07,-1.683562065302873778e-06,2.161413646048493398e-06
1.431622943711506002e+00,-2.261749495234519625e-01,1.073169632977734149e-02,4.920331296656872688e-04,-1.090568733785740596e-04,1.779074978353403780e-05,5.047654388634637002e-07,2.263944857971988966e-07,1.755340424264284493e-07,-1.694652960182452262e-07,2.533668545245948422e-07,-3.344087370904524903e-07,2.033312711535728567e-07,3.766464964274213179e-07,-1.679954986174431175e-06,2.160465646022791120e-06
1.432780650195111694e+00,-2.267278615632634386e-01,1.076837556706487786e-02,4.971463159294080281e-04,-1.105473547818435626e-04,1.794438779431986597e-05,4.895608589489119922e-07,2.252281306180936582e-07,1.743531681391852217e-07,-1.687266222433203566e-07,2.523572103819982093e-07,-3.339671146504463728e-07,2.043448735821254414e-07,3.732702356443184932e-07,-1.676301273983993312e-06,2.159449462427187605e-06
1.433941459494581405e+00,-2.272814927545254160e-01,1.080506947350520427e-02,5.023164852340274850e-04,-1.120530180186880831e-04,1.809998911938073829e-05,4.742744149216493454e-07,2.240661965691170820e-07,1.731763564077892781e-07,-1.679833067924629830e-07,2.513407549933899254e-07,-3.335117100787543531e-07,2.053427456821799169e-07,3.698938132162127301e-07,-1.672600600008400384e-06,2.158364432028325730e-06
1.435105378033046497e+00,-2.278358451200092893e-01,1.084177727567342542e-02,5.075442049594612592e-04,-1.135740123408592039e-04,1.825757300044292264e-05,4.589054061754360703e-07,2.229084003768644351e-07,1.720036058028284742e-07,-1.672353342890842143e-07,2.503174545767650194e-07,-3.330424785917551755e-07,2.063248231397307730e-07,3.665172698969626497e-07,-1.668852633023021337e-06,2.157209885972344310e-06
1.436272412267996845e+00,-2.283909206873799835e-01,1.087849819201697210e-02,5.128300477527485135e-04,-1.151104883929804368e-04,1.841715883476452431e-05,4.434531432825905561e-07,2.217544515514813241e-07,1.708349164769584760e-07,-1.664826891761839178e-07,2.492872748435792651e-07,-3.325593745141797175e-07,2.072910407404510158e-07,3.631406470961523469e-07,-1.665057039142159301e-06,2.155985149507322340e-06
1.437442568691514877e+00,-2.289467214892229041e-01,1.091523143277838004e-02,5.181745915766779870e-04,-1.166625982245220183e-04,1.857876617569059752e-05,4.279169485213452084e-07,2.206040522478858179e-07,1.696702904424585157e-07,-1.657253557024729318e-07,2.482501811236492717e-07,-3.320623513762555046e-07,2.082413323983151043e-07,3.597639867524565771e-07,-1.661213481919665558e-06,2.154689542316345907e-06
1.438615853830510716e+00,-2.295032495630726643e-01,1.095197619991782403e-02,5.235784197588442407e-04,-1.182304953018034621e-04,1.874241473310764294e-05,4.122961563823857034e-07,2.194568969327015395e-07,1.685097313908201500e-07,-1.649633179084952772e-07,2.472061383027024384e-07,-3.315513618304399834e-07,2.091756311608031216e-07,3.563873313405796495e-07,-1.657321622258733917e-06,2.153322378267708004e-06
1.439792274246960879e+00,-2.300605069514401468e-01,1.098873168703466685e-02,5.290421210409120695e-04,-1.198143345203794841e-04,1.890812437412361935e-05,3.965901143043737420e-07,2.183126723842576666e-07,1.673532447898917752e-07,-1.641965596405059458e-07,2.461551109195214693e-07,-3.310263575820315829e-07,2.100938691811451986e-07,3.530107239822777299e-07,-1.653381118502106339e-06,2.151882965414908533e-06
1.440971836538149198e+00,-2.306184957018410087e-01,1.102549707928778683e-02,5.345662896286615395e-04,-1.214142722170234723e-04,1.907591512334549932e-05,3.807981830833417902e-07,2.171710571929885703e-07,1.662008379810231418e-07,-1.634250646198598389e-07,2.450970630375748360e-07,-3.304872895071309102e-07,2.109959777313319407e-07,3.496342083613573903e-07,-1.649391626348806206e-06,2.150370605927265366e-06
1.442154547336905956e+00,-2.311772178668235200e-01,1.106227155331571468e-02,5.401515252422099678e-04,-1.230304661820162682e-04,1.924580716339621689e-05,3.649197376914825597e-07,2.160317218447005416e-07,1.650525202206987174e-07,-1.626488164291339800e-07,2.440319583005279291e-07,-3.299341076561101982e-07,2.118818872246658325e-07,3.462578287861256543e-07,-1.645352798861077215e-06,2.148784596117669921e-06
1.443340413311855919e+00,-2.317366755039973469e-01,1.109905427715581448e-02,5.457984331668774836e-04,-1.246630756716743393e-04,1.941782083546630955e-05,3.489541678530772018e-07,2.148943282209714312e-07,1.639083025278820216e-07,-1.618677983733496362e-07,2.429597600397959134e-07,-3.293667612189188354e-07,2.127515271238208938e-07,3.428816302067372312e-07,-1.641264286492138957e-06,2.147124226373198219e-06
1.444529441167662798e+00,-2.322968706760621393e-01,1.113584441016252785e-02,5.515076243047308674e-04,-1.263122614207842775e-04,1.959197663957065738e-05,3.329008785579734564e-07,2.137585295158839216e-07,1.627681980587158961e-07,-1.610819936742613478e-07,2.418804310802546986e-07,-3.287851984834500030e-07,2.136048260215073213e-07,3.395056581527444717e-07,-1.637125737027206318e-06,2.145388781127355315e-06
1.445721637645279056e+00,-2.328578054508365358e-01,1.117264110292511339e-02,5.572797152261291243e-04,-1.279781856551882174e-04,1.976829523504114450e-05,3.167592909983363292e-07,2.126239700139809230e-07,1.616322219955002026e-07,-1.602913854426013529e-07,2.407939338963660525e-07,-3.281893668667656971e-07,2.144417116118485511e-07,3.361299588822835860e-07,-1.632936795649408968e-06,2.143577538846197506e-06
1.446917009522195485e+00,-2.334194819012872235e-01,1.120944349718428629e-02,5.631153282221017242e-04,-1.296610121044421138e-04,1.994679744081115369e-05,3.005288430960040280e-07,2.114902848127098167e-07,1.605003914495473083e-07,-1.594959566364462233e-07,2.397002305289108737e-07,-3.275792129844856682e-07,2.152621106522173422e-07,3.327545792953384707e-07,-1.628697104842646848e-06,2.141689771889554450e-06
1.448115563612696111e+00,-2.339819021055580817e-01,1.124625072574829410e-02,5.690150913571796060e-04,-1.313609060146717772e-04,2.012750423576598058e-05,2.842089903420941255e-07,2.103570994338443967e-07,1.593727256832266903e-07,-1.586956900750946531e-07,2.385992826994809413e-07,-3.269546825258873302e-07,2.160659489866545435e-07,3.293795668869031745e-07,-1.624406304429754089e-06,2.139724746649807052e-06
1.449317306768112879e+00,-2.345450681469999354e-01,1.128306191240795349e-02,5.749796385225852680e-04,-1.330780341611877832e-04,2.031043675918345337e-05,2.677992063798706468e-07,2.092240297124625670e-07,1.582492461238427239e-07,-1.578905684668230336e-07,2.374910516578232489e-07,-3.263157203649280635e-07,2.168531515476038174e-07,3.260049699221889696e-07,-1.620064031628010159e-06,2.137681723385354005e-06
1.450522245877083893e+00,-2.351089821142002267e-01,1.131987617185098091e-02,5.810096094900560337e-04,-1.348125648615722261e-04,2.049561631081719959e-05,2.512989838165946566e-07,2.080906816026573125e-07,1.571299764330236215e-07,-1.570805744782743929e-07,2.363754982859234133e-07,-3.256622704700395943e-07,2.176236423923408325e-07,3.226308373429492837e-07,-1.615669920965873141e-06,2.135559956178978425e-06
1.451730387865812766e+00,-2.356736461010126016e-01,1.135669260957552530e-02,5.871056499659708938e-04,-1.365646679887706771e-04,2.068306435138236865e-05,2.347078351672138297e-07,2.069566506779363380e-07,1.560149425483547958e-07,-1.562656906095583054e-07,2.352525830598417578e-07,-3.249942759839252737e-07,2.183773445902162380e-07,3.192572187553366359e-07,-1.611223604241346363e-06,2.133358692993359007e-06
1.452941739698332402e+00,-2.362390622065876078e-01,1.139351032180274323e-02,5.932684116464297108e-04,-1.383345149841008759e-04,2.087280250262849024e-05,2.180252934580462210e-07,2.058215220201997653e-07,1.549041726556232845e-07,-1.554458993052731941e-07,2.341222661017550166e-07,-3.243116791611100336e-07,2.191141802981161346e-07,3.158841644906179580e-07,-1.606724710594836791e-06,2.131077175546169933e-06
1.454156308376769235e+00,-2.368052325354029486e-01,1.143032839538853443e-02,5.994985522723567106e-04,-1.401222788703724437e-04,2.106485254745049662e-05,2.012509130733253215e-07,2.046848698589176507e-07,1.537976973831067795e-07,-1.546211828851173919e-07,2.329845071591396533e-07,-3.236144214407987718e-07,2.198340707179613496e-07,3.125117256728288107e-07,-1.602172866460582767e-06,2.128714639351714233e-06
1.455374100941610349e+00,-2.373721591972939582e-01,1.146714590773450365e-02,6.057967356853898033e-04,-1.419281342654177269e-04,2.125923643030505628e-05,1.843842707405229930e-07,2.035462573490853799e-07,1.526955497738180512e-07,-1.537915237243003830e-07,2.318392656013024133e-07,-3.229024433566707319e-07,2.205369360932379896e-07,3.091399541198941447e-07,-1.597567695632573503e-06,2.126270313679290425e-06
1.456595124471974145e+00,-2.379398443074846048e-01,1.150396192669783657e-02,6.121636318843180768e-04,-1.437522573951854898e-04,2.145597625708220435e-05,1.674249662728111154e-07,2.024052362936679117e-07,1.515977652438715850e-07,-1.529569040870093488e-07,2.306865003881553022e-07,-3.221756845785128665e-07,2.212226957567023367e-07,3.057689023939352824e-07,-1.592908819174343460e-06,2.123743421414414634e-06
1.457819386085882130e+00,-2.385082899866185491e-01,1.154077551050054079e-02,6.185999170817725601e-04,-1.455948261074244132e-04,2.165509429542453179e-05,1.503726235335678396e-07,2.012613466995105682e-07,1.505043818739171257e-07,-1.521173061541647442e-07,2.295261701257267362e-07,-3.214340839573226472e-07,2.218912680323689712e-07,3.023986238446380037e-07,-1.588195855370400089e-06,2.121133179058820595e-06
1.459046892940532247e+00,-2.390774983607900084e-01,1.157758570763790795e-02,6.251062737617808784e-04,-1.474560198852382237e-04,2.185661297464044917e-05,1.332268914147616279e-07,2.001141164442721276e-07,1.494154402703617990e-07,-1.512727121344425996e-07,2.283582331320810344e-07,-3.206775794906135957e-07,2.225425703135733291e-07,2.990291726092525471e-07,-1.583428419892757288e-06,2.118438796896993104e-06
1.460277652232578216e+00,-2.396474715615756756e-01,1.161439155678531052e-02,6.316833907377920193e-04,-1.493360198605540867e-04,2.206055488567990053e-05,1.159874446626796285e-07,1.989630612209136729e-07,1.483309836763924139e-07,-1.504231041948855818e-07,2.271826472603766245e-07,-3.199061083085374957e-07,2.231765190551654454e-07,2.956606036351450140e-07,-1.578606125728077014e-06,2.115659478746367839e-06
1.461511671198408413e+00,-2.402182117260665273e-01,1.165119208670495343e-02,6.383319632110619202e-04,-1.512350088280125376e-04,2.226694278130089688e-05,9.865398487712839781e-08,1.978076839548315036e-07,1.472510581940200680e-07,-1.495684644747807823e-07,2.259993699856022165e-07,-3.191196066495982642e-07,2.237930297284071446e-07,2.922929726190820476e-07,-1.573728583018074723e-06,2.112794421915697995e-06
1.462748957114427206e+00,-2.407897209968999641e-01,1.168798631615129355e-02,6.450526928298595808e-04,-1.531531712587238386e-04,2.247579957598971889e-05,8.122624155226798592e-08,1.966474744707902289e-07,1.461757126591800571e-07,-1.487087751550486558e-07,2.248083585121296579e-07,-3.183180099092242088e-07,2.243920168105636992e-07,2.889263361251920292e-07,-1.568795399312788996e-06,2.109842817232809864e-06
1.463989517297342058e+00,-2.413620015222914250e-01,1.172477325377553961e-02,6.518462877490478757e-04,-1.550906933142446459e-04,2.268714834573540284e-05,6.370397313132381001e-08,1.954819093541448893e-07,1.451049986694874505e-07,-1.478440184166096572e-07,2.236095696488138440e-07,-3.175012526848708383e-07,2.249733937892406388e-07,2.855607515433317145e-07,-1.563806179386700856e-06,2.106803849127869555e-06
1.465233359104448851e+00,-2.419350554560674715e-01,1.176155189802941155e-02,6.587134626902194784e-04,-1.570477628605199821e-04,2.290101232797422948e-05,4.608696796415401309e-08,1.943104513402182931e-07,1.440389708756706355e-07,-1.469741764681398166e-07,2.224029598471566338e-07,-3.166692686858152417e-07,2.255370732309053272e-07,2.821962771133723624e-07,-1.558760525235264316e-06,2.103676695341949454e-06
1.466480489933922549e+00,-2.425088849576982064e-01,1.179832123706755359e-02,6.656549390025908591e-04,-1.590245694820160288e-04,2.311741492143012944e-05,2.837504548686142769e-08,1.931325490367452602e-07,1.429776869260601657e-07,-1.460992314628040134e-07,2.211884852255929790e-07,-3.158219907400949822e-07,2.260829666464458931e-07,2.788329719234650117e-07,-1.553658036265725961e-06,2.100460527135195044e-06
1.467730917225110732e+00,-2.430834921923303305e-01,1.183508024864935067e-02,6.726714447242154726e-04,-1.610213044959240419e-04,2.333637968593774148e-05,1.056805732507770657e-08,1.919476366740724416e-07,1.419212073971998223e-07,-1.452191658313228828e-07,2.199661015278575604e-07,-3.149593508326720137e-07,2.266109846178060439e-07,2.754708959430002269e-07,-1.548498309036916432e-06,2.097154509106413656e-06
1.468984648458828923e+00,-2.436588793308203105e-01,1.187182790003940037e-02,6.797637146441406347e-04,-1.630381609664249831e-04,2.355793034201567049e-05,-7.334111568058077069e-09,1.907551335500468070e-07,1.408695961269135211e-07,-1.443339618795169699e-07,2.187357642166598559e-07,-3.140812801297188095e-07,2.271210366912995715e-07,2.721101100121997574e-07,-1.543280937384150509e-06,2.093757799234707839e-06
1.470241691157657904e+00,-2.442350485497677970e-01,1.190856314790751658e-02,6.869324903646199104e-04,-1.650753337190478259e-04,2.378209077076240408e-05,-2.533154176004304148e-08,1.895544438634821915e-07,1.398229202143053129e-07,-1.434436020519846977e-07,2.174974283661312846e-07,-3.131877089508627865e-07,2.276130313914881409e-07,2.687506759028318593e-07,-1.538005512436574351e-06,2.090269548823964207e-06
1.471502052886246137e+00,-2.448120020315491807e-01,1.194528493822725329e-02,6.941785203642258234e-04,-1.671330193550226578e-04,2.400888501347120396e-05,-4.342427809694848762e-08,1.883449558814920266e-07,1.387812498948592932e-07,-1.425480688488356407e-07,2.162510487832558503e-07,-3.122785667761251993e-07,2.280868762836313346e-07,2.653926563199460187e-07,-1.532671622603287709e-06,2.086688902502853438e-06
1.472765741251611527e+00,-2.453897419643520927e-01,1.198199220617357855e-02,7.015025600621022789e-04,-1.692114162660084825e-04,2.423833727095356383e-05,-6.161232848911346593e-08,1.871260420505116429e-07,1.377446588873842970e-07,-1.416473448950794634e-07,2.149965799280728618e-07,-3.113537822008183298e-07,2.285424778800115853e-07,2.620361148533006945e-07,-1.527278853510893875e-06,2.083014998086052394e-06
1.474032763903450061e+00,-2.459682705422091553e-01,1.201868387601946059e-02,7.089053718816705485e-04,-1.713107246485816304e-04,2.447047190336226752e-05,-7.989566259275493465e-08,1.858970581913865772e-07,1.367132243801361113e-07,-1.407414130238926475e-07,2.137339758893908037e-07,-3.104132829945260852e-07,2.289797416772307304e-07,2.586811160155272349e-07,-1.521826788090235860e-06,2.079246966726899792e-06
1.475303128534444230e+00,-2.465475899650323433e-01,1.205535886103149129e-02,7.163877253158913022e-04,-1.734311465188802942e-04,2.470531342959811361e-05,-9.827421057484464484e-08,1.846573432495723921e-07,1.356870270585730509e-07,-1.398302560684516749e-07,2.124631904784624048e-07,-3.094569960421234001e-07,2.293985722412114625e-07,2.553277252941715814e-07,-1.516315006552110267e-06,2.075383932736984960e-06
1.476576842880575668e+00,-2.471277024386483168e-01,1.209201606336455029e-02,7.239503969926845001e-04,-1.755728857275734578e-04,2.494288652672704831e-05,-1.167478617392081475e-07,1.834062188788010417e-07,1.346661512580116238e-07,-1.389138570562220565e-07,2.111841771491873576e-07,-3.084848474929624551e-07,2.297988730380617906e-07,2.519760091898581855e-07,-1.510743086356042264e-06,2.071425013572270046e-06
1.477853914721439788e+00,-2.477086101748328939e-01,1.212865437395531723e-02,7.315941707411559303e-04,-1.777361479747101292e-04,2.518321602946668736e-05,-1.353164630624181797e-07,1.821429887749470566e-07,1.336506850191376827e-07,-1.379921991950805449e-07,2.098968891195429620e-07,-3.074967626082170113e-07,2.301805465199438516e-07,2.486260352093511150e-07,-1.505110602227632821e-06,2.067369319846967812e-06
1.479134351880564635e+00,-2.482903153913463834e-01,1.216527267241449342e-02,7.393198376584968201e-04,-1.799211408247645971e-04,2.542632692937793482e-05,-1.539798179239770803e-07,1.808669383429606370e-07,1.326407201990287277e-07,-1.370652658594373463e-07,2.086012792709701635e-07,-3.064926657955768796e-07,2.305434941094613999e-07,2.452778718013692849e-07,-1.499417126137742029e-06,2.063215955333541629e-06
1.480418162225732193e+00,-2.488728203119691396e-01,1.220186982691820812e-02,7.471281961773656999e-04,-1.821280737214579087e-04,2.567224437412252147e-05,-1.727376844826156166e-07,1.795773343638007447e-07,1.316363525127872691e-07,-1.361330406041139085e-07,2.072973001795985759e-07,-3.054724806508812840e-07,2.308876162222112116e-07,2.419315884502615255e-07,-1.493662227385755825e-06,2.058964016810049813e-06
1.481705353669301006e+00,-2.494561271665378666e-01,1.223844469409837363e-02,7.550200521340266063e-04,-1.843571580031084373e-04,2.592099366662686810e-05,-1.915897743509642481e-07,1.782734241895234106e-07,1.306376817555854331e-07,-1.351955071920984963e-07,2.059849040850214585e-07,-3.044361299130160514e-07,2.312128122086698490e-07,2.385872556655982413e-07,-1.487845472471216457e-06,2.054612594240556867e-06
1.482995934168535701e+00,-2.500402381909809790e-01,1.227499611893159877e-02,7.629962188371100518e-04,-1.866086069178211210e-04,2.617260026436044051e-05,-2.105357508677685452e-07,1.769544356045038569e-07,1.296448117471538097e-07,-1.342526496778129186e-07,2.046640430047874659e-07,-3.033835354569747178e-07,2.315189803576631067e-07,2.352449449977839224e-07,-1.481966425197905890e-06,2.050160770442066571e-06
1.484289911725934719e+00,-2.506251556273553782e-01,1.231152293462751610e-02,7.710575171368978797e-04,-1.888826356388761951e-04,2.642708977834001827e-05,-2.295752277656215590e-07,1.756195760205248035e-07,1.286578504983149074e-07,-1.333044523099680134e-07,2.033346687170534128e-07,-3.023146183979419366e-07,2.318060178625389045e-07,2.319047291195891480e-07,-1.476024646659968020e-06,2.045607621445344471e-06
1.485587294389565605e+00,-2.512108817238826175e-01,1.234802396251535525e-02,7.792047754955813005e-04,-1.911794612800103710e-04,2.668448797218947455e-05,-2.487077672558291042e-07,1.742680320326872589e-07,1.276769102248609400e-07,-1.323508995593192239e-07,2.019967326460925250e-07,-3.012292990253739866e-07,2.320738209903028260e-07,2.285666817723741584e-07,-1.470019695300889273e-06,2.040952216120217599e-06
1.486888090253400740e+00,-2.517974187349865112e-01,1.238449801192948070e-02,7.874388300579075045e-04,-1.934993029108645485e-04,2.694482076096016421e-05,-2.679328786961421294e-07,1.728989688087878562e-07,1.267021077222540981e-07,-1.313919761741777492e-07,2.006501859212750372e-07,-3.001274967752431966e-07,2.323222849142173030e-07,2.252308777279249385e-07,-1.463951126781659617e-06,2.036193616355985725e-06
1.488192307457657293e+00,-2.523847689213297718e-01,1.242094388009424427e-02,7.957605247227023115e-04,-1.958423815727004108e-04,2.720811421002763963e-05,-2.872500166894997875e-07,1.715115297562519459e-07,1.257335642129708830e-07,-1.304276672220439082e-07,1.992949793701292993e-07,-2.990091302786102023e-07,2.325513037736495758e-07,2.218973928925366268e-07,-1.457818494046692059e-06,2.031330876936521257e-06
1.489499954189139608e+00,-2.529729345498519799e-01,1.245736035200730764e-02,8.041707112149999725e-04,-1.982089202940406913e-04,2.747439453395020270e-05,-3.066585793562448536e-07,1.701048359947776589e-07,1.247714055130355604e-07,-1.294579581728738660e-07,1.979310636571196547e-07,-2.978741173095822425e-07,2.327607705786619019e-07,2.185663043139524087e-07,-1.451621347375864346e-06,2.026363045581902611e-06
1.490811038681586043e+00,-2.535619178938068874e-01,1.249374620032172103e-02,8.126702491587887989e-04,-2.005991441063493391e-04,2.774368809508459544e-05,-3.261579065508279918e-07,1.686779853293796094e-07,1.238157621569202504e-07,-1.284828346909128172e-07,1.965583891934408189e-07,-2.967223748512326509e-07,2.329505772828699417e-07,2.152376901293218125e-07,-1.445359234325538367e-06,2.021289162892903057e-06
1.492125569216017578e+00,-2.541517212328006647e-01,1.253010018522679632e-02,8.212600061506241528e-04,-2.030132800598799525e-04,2.801602140236822414e-05,-3.457472780368786580e-07,1.672300520560998649e-07,1.228667694391782916e-07,-1.275022828428618027e-07,1.951769061300789865e-07,-2.955538190886619621e-07,2.331206148207393136e-07,2.119116297334688870e-07,-1.439031699815296328e-06,2.016108262323235145e-06
1.493443554121091088e+00,-2.547423468528303148e-01,1.256642105432791492e-02,8.299408578337427733e-04,-2.054515572396057449e-04,2.829142110979954161e-05,-3.654259115998259588e-07,1.657600861848518292e-07,1.219245677613889356e-07,-1.265162889868554075e-07,1.937865643300562546e-07,-2.943683654645090630e-07,2.332707730295230375e-07,2.085882036869518563e-07,-1.432638286030796237e-06,2.010819370137917339e-06
1.494765001773455282e+00,-2.553337970463224194e-01,1.260270754252514058e-02,8.387136879731693639e-04,-2.079142067810766520e-04,2.856991401481781545e-05,-3.851929610901305701e-07,1.642671130508421840e-07,1.209893025072572570e-07,-1.255248400500175165e-07,1.923873134447584565e-07,-2.931659284569065882e-07,2.334009406614045989e-07,2.052674936674908635e-07,-1.426178532510508079e-06,2.005421505468785170e-06
1.496089920598110634e+00,-2.559260741121721638e-01,1.263895837189024998e-02,8.475793885312499221e-04,-2.104014618866424657e-04,2.885152705683555197e-05,-4.050475143693721414e-07,1.627501322321034394e-07,1.200611243062921218e-07,-1.245279232647833467e-07,1.909791028202600938e-07,-2.919464218362199937e-07,2.335110054398764623e-07,2.019495825948680601e-07,-1.419651976176938835e-06,1.999913680245102299e-06
1.497418319068771542e+00,-2.565191803557820838e-01,1.267517225154270524e-02,8.565388597441790652e-04,-2.129135578414174945e-04,2.913628731552111994e-05,-4.249885914645035179e-07,1.612081173552049052e-07,1.191401892003396412e-07,-1.235255262105328100e-07,1.895618816603883428e-07,-2.907097586060669592e-07,2.336008539730038969e-07,1.986345546222539893e-07,-1.413058151260304651e-06,1.994294899138049360e-06
1.498750205708233807e+00,-2.571131180891020884e-01,1.271134787752445719e-02,8.655930101990373660e-04,-2.154507320295817596e-04,2.942422200898076046e-05,-4.450151423959769481e-07,1.596400150405408169e-07,1.182266585048052931e-07,-1.225176370356351185e-07,1.881355989677424567e-07,-2.894558509131117674e-07,2.336703717603638708e-07,1.953224951570242673e-07,-1.406396589371389227e-06,1.988564159671746268e-06
1.500085589088742788e+00,-2.577078896306695954e-01,1.274748393267341635e-02,8.747427569119024804e-04,-2.180132239507966835e-04,2.971535849189202438e-05,-4.651260448393368385e-07,1.580447447080413070e-07,1.173206991833541935e-07,-1.215042443325486943e-07,1.867002034881826145e-07,-2.881846101372709246e-07,2.337194432633013519e-07,1.920134908347387315e-07,-1.399666819459910450e-06,1.982720451931818673e-06
1.501424477832368876e+00,-2.583034973056491657e-01,1.278357908649528120e-02,8.839890254062829356e-04,-2.206012752364074070e-04,3.000972425356088213e-05,-4.853201020921238396e-07,1.564211973836826530e-07,1.164224840144445494e-07,-1.204853372488434715e-07,1.852556437767494124e-07,-2.868959468188547746e-07,2.337479518242646659e-07,1.887076296128165076e-07,-1.392868367838806520e-06,1.976762758815198140e-06
1.502766880611383638e+00,-2.588999434458731930e-01,1.281963199503440877e-02,8.933327497925580563e-04,-2.232151296659417444e-04,3.030734691582270823e-05,-5.055960408673065842e-07,1.547682350888646141e-07,1.155321915913276598e-07,-1.194609052790340797e-07,1.838018681525610543e-07,-2.855897707626509074e-07,2.337557796850200931e-07,1.854050007445151582e-07,-1.386000758323013837e-06,1.970690056043999938e-06
1.504112806148639514e+00,-2.594972303898827604e-01,1.285564130074325767e-02,9.027748728483234175e-04,-2.258550331836108732e-04,3.060825423090510200e-05,-5.259525088230354584e-07,1.530846903130544945e-07,1.146500065024591564e-07,-1.184309386392801144e-07,1.823388248341217821e-07,-2.842659910240463716e-07,2.337428080126727203e-07,1.821056947893390232e-07,-1.379063512038647410e-06,1.964501311874089495e-06
1.505462263217956842e+00,-2.600953604829693289e-01,1.289160563235038776e-02,9.123163460992810003e-04,-2.285212339148967597e-04,3.091247407909988865e-05,-5.463880723075020818e-07,1.513693652088754504e-07,1.137761194841546697e-07,-1.173954280453415322e-07,1.808664617866662105e-07,-2.829245158396387350e-07,2.337089168797171213e-07,1.788098036095697729e-07,-1.372056147596473208e-06,1.958195487358760367e-06
1.506815260644509102e+00,-2.606943360772153717e-01,1.292752360472690723e-02,9.219581299010660980e-04,-2.312139821832003006e-04,3.122003446656348991e-05,-5.669012138748152907e-07,1.496210306206613438e-07,1.129107275871232829e-07,-1.163543647264564385e-07,1.793847267984871596e-07,-2.815652527070333644e-07,2.336539852857213995e-07,1.755174204153692186e-07,-1.364978181001702540e-06,1.951771536223834147e-06
1.508171807305217271e+00,-2.612941595315365073e-01,1.296339381875210445e-02,9.317011935215842311e-04,-2.339335305265709958e-04,3.153096352272524716e-05,-5.874903298286326958e-07,1.478384253073006249e-07,1.120540344817788636e-07,-1.153077405502411779e-07,1.778935674809356549e-07,-2.801881083432100628e-07,2.335778911235000810e-07,1.722286398272293573e-07,-1.357829125747667121e-06,1.945228404687249224e-06
1.509531912129142839e+00,-2.618948332117239652e-01,1.299921486117714894e-02,9.415465152246386971e-04,-2.366801337146222373e-04,3.184528949755002780e-05,-6.081537274257864389e-07,1.460202554426359711e-07,1.112062501806843073e-07,-1.142555481198348488e-07,1.763929313516876540e-07,-2.787929887157480913e-07,2.334805111036536429e-07,1.689435578655640313e-07,-1.350608492781124603e-06,1.938565031736616540e-06
1.510895584097889932e+00,-2.624963594904864972e-01,1.303498530448735440e-02,9.514950823540993530e-04,-2.394540487652401656e-04,3.216304075901940673e-05,-6.288896226003259926e-07,1.441651936162635650e-07,1.103675916214186259e-07,-1.131977807045103646e-07,1.748827658000495777e-07,-2.773797990324178286e-07,2.333617209306429463e-07,1.656622719264227994e-07,-1.343315790568178070e-06,1.931780349059830648e-06
1.512262832246007216e+00,-2.630987407474940643e-01,1.307070370676322209e-02,9.615478914189422299e-04,-2.422555349615631431e-04,3.248424579023120873e-05,-6.496961370214271447e-07,1.422718778065767964e-07,1.095382826943325227e-07,-1.121344321564077262e-07,1.733630179447109843e-07,-2.759484436787307260e-07,2.332213951778891459e-07,1.623848807936340011e-07,-1.335950525083867690e-06,1.924873280906291839e-06
1.513633665661395344e+00,-2.637019793694198588e-01,1.310636861154002714e-02,9.717059481787644615e-04,-2.450848538690150041e-04,3.280893318662742031e-05,-6.705712953941622700e-07,1.403389106313657209e-07,1.087185543952040589e-07,-1.110654971048230522e-07,1.718336348419113868e-07,-2.744988263844727605e-07,2.330594072747632639e-07,1.591114848053382103e-07,-1.328512199780945702e-06,1.917842744073028349e-06
1.515008093485719520e+00,-2.643060777499846026e-01,1.314197854766579673e-02,9.819702677307286243e-04,-2.479422693522550375e-04,3.313713165273637906e-05,-6.915130225521037843e-07,1.383648585706609424e-07,1.079086450334054703e-07,-1.099909709145752146e-07,1.702945634819708065e-07,-2.730308501647238373e-07,2.328756295681688737e-07,1.558421856978631226e-07,-1.321000315749470966e-06,1.910687648085107604e-06
1.516386124914822942e+00,-2.649110382900004002e-01,1.317753202915766982e-02,9.923418745972009680e-04,-2.508280475924523634e-04,3.346886999898782133e-05,-7.125191408344222488e-07,1.363482508565105888e-07,1.071088003012921064e-07,-1.089108496998836273e-07,1.687457506158174247e-07,-2.715444172192438277e-07,2.326699333329504404e-07,1.525770866542958126e-07,-1.313414371571092198e-06,1.903406895015224976e-06
1.517767769199148464e+00,-2.655168633974147596e-01,1.321302755505715174e-02,1.002821802814107821e-03,-2.537424571044007149e-04,3.380417713845507155e-05,-7.335873666372560997e-07,1.342875789456243751e-07,1.063192736766582769e-07,-1.078251304770239116e-07,1.671871429943794229e-07,-2.700394291024754700e-07,2.324421887103106377e-07,1.493162924328522712e-07,-1.305753863502928658e-06,1.895999379608603874e-06
1.519153035644160710e+00,-2.661235554873549458e-01,1.324846360928327686e-02,1.013411096020135072e-03,-2.566857687537164867e-04,3.414308208333355354e-05,-7.547153075965207236e-07,1.321812947985279152e-07,1.055403262284482224e-07,-1.067338109839166549e-07,1.656186872436848923e-07,-2.685157866125220671e-07,2.321922646930651979e-07,1.460599092957537426e-07,-1.298018285363078395e-06,1.888463989171973445e-06
1.520541933610773944e+00,-2.667311169821732220e-01,1.328383866048458810e-02,1.024110807546586843e-03,-2.596582557740818864e-04,3.448561394146093528e-05,-7.759004595833673967e-07,1.300278106852736926e-07,1.047722274077900195e-07,-1.056368898605386519e-07,1.640403298856785153e-07,-2.669733898015558271e-07,2.319200291577352968e-07,1.428080450577989824e-07,-1.290207128613884979e-06,1.880799603601324144e-06
1.521934472515785286e+00,-2.673395503114922023e-01,1.331915116188962106e-02,1.034922000509023998e-03,-2.626601937848020707e-04,3.483180191242787882e-05,-7.971402031722862880e-07,1.278254977976622797e-07,1.040152545206396439e-07,-1.045343667738229954e-07,1.624520173729160355e-07,-2.654121379931650981e-07,2.316253489365385776e-07,1.395608090343225527e-07,-1.282319882393162525e-06,1.873005095492930039e-06
1.523330661832309918e+00,-2.679488579122505931e-01,1.335439955115542456e-02,1.045845747898881822e-03,-2.656918608080673788e-04,3.518167528376511810e-05,-8.184318006435042925e-07,1.255726853333083426e-07,1.032696934771815123e-07,-1.034262421262255316e-07,1.608536961406059618e-07,-2.638319299141933527e-07,2.313080896933564223e-07,1.363183121851768709e-07,-1.274356033548890155e-06,1.865079329949059783e-06
1.524730511090220952e+00,-2.685590422287482126e-01,1.338958225021451634e-02,1.056883132676086912e-03,-2.687535372862866895e-04,3.553526342707849506e-05,-8.397723924025157771e-07,1.232676591356174356e-07,1.025358387640729063e-07,-1.023125172361361024e-07,1.592453125510984169e-07,-2.622326636461669302e-07,2.309681159445506338e-07,1.330806671615697434e-07,-1.266315066673906475e-06,1.857021164786143430e-06
1.526134029876597520e+00,-2.691701057126940633e-01,1.342469766512049793e-02,1.068035247863464293e-03,-2.718455060997833350e-04,3.589259579346928963e-05,-8.611589935869634616e-07,1.209086610831633379e-07,1.018139937497553049e-07,-1.011931946709454522e-07,1.576268128522517742e-07,-2.606142363754948565e-07,2.306052911882003342e-07,1.298479881187142304e-07,-1.258196464126726255e-06,1.848829450395994556e-06
1.527541227836171522e+00,-2.697820508232517400e-01,1.345974418589178379e-02,1.079303196640839235e-03,-2.749680525842915224e-04,3.625370190952700855e-05,-8.825884904792302699e-07,1.184938878129315754e-07,1.011044708648656254e-07,-1.000682778862227451e-07,1.559981432294743620e-07,-2.589765447473524329e-07,2.302194777861407693e-07,1.266203908580759707e-07,-1.249999706059296001e-06,1.840503029787443623e-06
1.528952114671782603e+00,-2.703948800270873365e-01,1.349472018635373798e-02,1.090688092440852963e-03,-2.781214645484215292e-04,3.661861137273583755e-05,-9.040576369398478640e-07,1.160214893880517906e-07,1.004075917548918895e-07,-9.893777128122671627e-08,1.543592499896051518e-07,-2.573194847824145093e-07,2.298105369604938608e-07,1.233979929106399087e-07,-1.241724270344135572e-06,1.832040738572460192e-06
1.530366700144835779e+00,-2.710085957984168514e-01,1.352962402397883158e-02,1.102191059045871252e-03,-2.813060322914319455e-04,3.698735384667639625e-05,-9.255630505008993758e-07,1.134895684373748992e-07,9.972368751609561599e-08,-9.780168060136151809e-08,1.527100793839719639e-07,-2.556429517554248410e-07,2.293783287919334835e-07,1.201809134970116544e-07,-1.233369632806791127e-06,1.823441405174319740e-06
1.531784994075766182e+00,-2.716232006190537618e-01,1.356445403972554413e-02,1.113813230684899958e-03,-2.845220486208683425e-04,3.735995905637667924e-05,-9.471012086745278502e-07,1.108961787399387333e-07,9.905309904245651609e-08,-9.666001253572087393e-08,1.510505776396164901e-07,-2.539468403374434136e-07,2.289227123159626176e-07,1.169692735464994415e-07,-1.224935267146037843e-06,1.814703850550047903e-06
1.533207006344506240e+00,-2.722386969784579280e-01,1.359920855787522323e-02,1.125555752132682830e-03,-2.877698088701967361e-04,3.773645678318421348e-05,-9.686684450116445078e-07,1.082393241147450169e-07,9.839617709506143228e-08,-9.551277496688825863e-08,1.493806909939887628e-07,-2.522310445646214205e-07,2.284435454075542382e-07,1.137631957040530217e-07,-1.216420644965104936e-06,1.805826888370831718e-06
1.534632746890957078e+00,-2.728550873737840554e-01,1.363388588586696842e-02,1.137419778809035248e-03,-2.910496109166313405e-04,3.811687685960352123e-05,-9.902609450287980231e-07,1.055169573105363412e-07,9.775328273231576048e-08,-9.435997706808141317e-08,1.477003657539277537e-07,-2.504954577965678997e-07,2.279406848479381686e-07,1.105628043979178798e-07,-1.207825235830656263e-06,1.796809325091408560e-06
1.536062225715467910e+00,-2.734723743099305437e-01,1.366848431413116016e-02,1.149406476879184097e-03,-2.943617551988669118e-04,3.850124916398786623e-05,-1.011874742114227121e-06,1.027269782849504764e-07,9.712478737933238904e-08,-9.320162924764119339e-08,1.460095482123946464e-07,-2.487399728343109295e-07,2.274139863081212076e-07,1.073682258639213627e-07,-1.199148507362995941e-06,1.787649959728021543e-06
1.537495452879315661e+00,-2.740905602995896695e-01,1.370300211592106673e-02,1.161517023355502359e-03,-2.977065447348284377e-04,3.888960361469323557e-05,-1.033505713239624146e-06,9.986723351063098164e-08,9.651107323038754515e-08,-9.203774307964263102e-08,1.443081847352090108e-07,-2.469644818405003495e-07,2.268633043627649171e-07,1.041795881281254443e-07,-1.190389925190965537e-06,1.778347584149853056e-06
1.538932438505194789e+00,-2.747096478632974903e-01,1.373743754714207635e-02,1.173752606199951476e-03,-3.010842851394832792e-04,3.928197016450640788e-05,-1.055149574741287566e-06,9.693551419887036502e-08,9.591253334606530956e-08,-9.086833158145068978e-08,1.425962217575793556e-07,-2.451688763428772067e-07,2.262884924936550690e-07,1.009970210102961730e-07,-1.181548953014394110e-06,1.768900982954124679e-06
1.540373192777707123e+00,-2.753296395294833054e-01,1.377178884617999248e-02,1.186114424427561070e-03,-3.044952846429724996e-04,3.967837879485097696e-05,-1.076801877678001951e-06,9.392955507836475704e-08,9.532957201408009951e-08,-8.969340914433132639e-08,1.408736058257364920e-07,-2.433530473522349524e-07,2.256894030766912196e-07,9.782065619676205692e-08,-1.172625052676956603e-06,1.759308933618752846e-06
1.541817725943859685e+00,-2.759505378345212812e-01,1.380605423372664904e-02,1.198603688211039714e-03,-3.079398541081298374e-04,4.007885950934805819e-05,-1.098458003417901452e-06,9.084703300743512955e-08,9.476260506846578835e-08,-8.851299150569591490e-08,1.391402835414223826e-07,-2.415168852964999502e-07,2.250658873576005803e-07,9.465062731153772724e-08,-1.163617684214746095e-06,1.749570206308059817e-06
1.543266048313566730e+00,-2.765723453227817430e-01,1.384023191260374402e-02,1.211221618986596527e-03,-3.114183070483354798e-04,4.048344232740475057e-05,-1.120113159072677611e-06,8.768556553073736382e-08,9.421206013937588608e-08,-8.732709592951248823e-08,1.373962015653595881e-07,-2.396602799721592181e-07,2.244177955473478092e-07,9.148706980356691165e-08,-1.154526305870151592e-06,1.739683564150329431e-06
1.544718170260157564e+00,-2.771950645466827456e-01,1.387432006758517605e-02,1.223969449560439321e-03,-3.149309596456595362e-04,4.089215727789974331e-05,-1.141762372453003493e-06,8.444270943597231849e-08,9.367837679186141742e-08,-8.613574102589449666e-08,1.356413067837847208e-07,-2.377831206379354967e-07,2.237449766963675590e-07,8.833012105080584320e-08,-1.145350374130021942e-06,1.729647763085151446e-06
1.546174102220887914e+00,-2.778186980667414208e-01,1.390831686521701999e-02,1.236848424216601544e-03,-3.184781307687921392e-04,4.130503439221319684e-05,-1.163400487315391363e-06,8.111595911630686828e-08,9.316200694220455603e-08,-8.493894715355665426e-08,1.338755462217122716e-07,-2.358852960841761881e-07,2.230472787526777134e-07,8.517992043308164618e-08,-1.136089343847096478e-06,1.719461552029954987e-06
1.547633854697458400e+00,-2.784432484516272677e-01,1.394222045363543994e-02,1.249859798825921076e-03,-3.220601419907410945e-04,4.172210369707968214e-05,-1.185022158345372389e-06,7.770274529361742566e-08,9.266341521874110754e-08,-8.373673614225918271e-08,1.320988669284428596e-07,-2.339666944767282430e-07,2.223245486989225417e-07,8.203660922800892763e-08,-1.126742668219188337e-06,1.709123672893886337e-06
1.549097438256537007e+00,-2.790687182782147779e-01,1.397602896238273051e-02,1.263004840955851693e-03,-3.256773176067481040e-04,4.214339520747234502e-05,-1.206621845994959585e-06,7.420043326988867705e-08,9.218307917002732665e-08,-8.252913141770790162e-08,1.303112161891994969e-07,-2.320272034887771451e-07,2.215766323060419651e-07,7.890033075323710232e-08,-1.117309798879390081e-06,1.698632860411275480e-06
1.550564863530289772e+00,-2.796951101316375032e-01,1.400974050222145682e-02,1.276284829981613744e-03,-3.293299846523524421e-04,4.256893891907767569e-05,-1.228193811118882817e-06,7.060632120636789466e-08,9.172148951464009770e-08,-8.131615816808768216e-08,1.285125415632915047e-07,-2.300667103632969557e-07,2.208033743084786282e-07,7.577123042543099096e-08,-1.107790185930768168e-06,1.687987842530214166e-06
1.552036141216910803e+00,-2.803224266053409020e-01,1.404335316494634278e-02,1.289701057198527900e-03,-3.330184729212429945e-04,4.299876480034700577e-05,-1.249732109707968331e-06,6.691763879129730697e-08,9.127915064077729568e-08,-8.009784333018465929e-08,1.267027907175810597e-07,-2.280851018332530344e-07,2.200046184180556863e-07,7.264945559547208997e-08,-1.098183278088610271e-06,1.677187340357044754e-06
1.553511282081165845e+00,-2.809506703011371842e-01,1.407686502319388175e-02,1.303254825935316885e-03,-3.367431149831796866e-04,4.343290278470066101e-05,-1.271230587192306860e-06,6.313154532477938119e-08,9.085658074503566439e-08,-7.887421553387508055e-08,1.248819115548527314e-07,-2.260822641042548042e-07,2.191802072407100788e-07,6.953515575662538861e-08,-1.088488522628383581e-06,1.666230067920437818e-06
1.554990296954934514e+00,-2.815798438292603789e-01,1.411027413025010141e-02,1.316947451668465385e-03,-3.405042462017952160e-04,4.387138276222557476e-05,-1.292682872869321820e-06,5.924512799793113516e-08,9.045431220711108722e-08,-7.764530529641433532e-08,1.230498522554468455e-07,-2.240580829655780537e-07,2.183299822842987847e-07,6.642848248035460035e-08,-1.078705365451654297e-06,1.655114732546092426e-06
1.556473196737762965e+00,-2.822099498084209568e-01,1.414357851985616026e-02,1.330780262138019782e-03,-3.443022047525945428e-04,4.431423457106065111e-05,-1.314082374019587274e-06,5.525540025530517596e-08,9.007289206164337259e-08,-7.641114506407031826e-08,1.212065611835844159e-07,-2.220124437485315738e-07,2.174537840548759760e-07,6.332958943019995068e-08,-1.068833251214457158e-06,1.643840034884491708e-06
1.557959992397419446e+00,-2.828409908658614524e-01,1.417677620601141830e-02,1.344754597464348916e-03,-3.481373316406646823e-04,4.476148798865028922e-05,-1.335422270043462589e-06,5.115929985199940688e-08,8.971288224801643452e-08,-7.517176914273449029e-08,1.193519870365533642e-07,-2.199452313195182640e-07,2.165514519786304604e-07,6.023863250229077870e-08,-1.058871623368928816e-06,1.632404668744369403e-06
1.559450694970457851e+00,-2.834729696374137520e-01,1.420986518277468115e-02,1.358871810266306518e-03,-3.520099707185440907e-04,4.521317272265096276e-05,-1.356695506209149027e-06,4.695368696627788552e-08,8.937485991566962440e-08,-7.392721380894418104e-08,1.174860787371556636e-07,-2.178563302014657754e-07,2.156228244270391725e-07,5.715576968136348857e-08,-1.048819924225757871e-06,1.620807321481287921e-06
1.560945315562785263e+00,-2.841058887675549371e-01,1.424284342406303104e-02,1.373133265780448337e-03,-3.559204687041440940e-04,4.566931840150820210e-05,-1.377894787470135274e-06,4.263534250648071122e-08,8.905941788206472864e-08,-7.267751742090489131e-08,1.156087855377907481e-07,-2.157456245183153598e-07,2.146677388044707091e-07,5.408116120729500320e-08,-1.038677595033982159e-06,1.609046673706204800e-06
1.562443865350236383e+00,-2.847397509094642953e-01,1.427570888344815818e-02,1.387540341981428893e-03,-3.598691751982123488e-04,4.612995456491561508e-05,-1.399012572095292839e-06,3.820096608486700518e-08,8.876716492411951265e-08,-7.142272046012365649e-08,1.137200570100471708e-07,-2.136129979637968468e-07,2.136860314293567709e-07,5.101496951785688960e-08,-1.028444076067724922e-06,1.597121399715684120e-06
1.563946355579155068e+00,-2.853745587250812732e-01,1.430845949395068845e-02,1.402094429703831108e-03,-3.638564427022802916e-04,4.659511065368410199e-05,-1.420041065035293482e-06,3.364717388043558799e-08,8.849872623617471845e-08,-7.016286560079798562e-08,1.118198431696026951e-07,-2.114583339020426056e-07,2.126775375784276112e-07,4.795735938055434300e-08,-1.018118806608847571e-06,1.585030167200462969e-06
1.565452797566978749e+00,-2.860103148851638188e-01,1.434109316783218659e-02,1.416796932765078398e-03,-3.678826266363885433e-04,4.706481599956943707e-05,-1.440972211115554291e-06,2.897049689032371589e-08,8.825474372142760870e-08,-6.889799766818249793e-08,1.099080943027519464e-07,-2.092815153120763938e-07,2.116420915188044205e-07,4.490849783017614172e-08,-1.007701225162055403e-06,1.572771637647907284e-06
1.566963202702833957e+00,-2.866470220693465576e-01,1.437360779638439771e-02,1.431649268089519450e-03,-3.719480853565312883e-04,4.753909981480494706e-05,-1.461797688236121662e-06,2.416737848731642657e-08,8.803587646377675213e-08,-6.762816372185564973e-08,1.079847610253870105e-07,-2.070824249786329396e-07,2.105795265730514565e-07,4.186855421216273410e-08,-9.971907694757142782e-07,1.560344466147722819e-06
1.568477582448133623e+00,-2.872846829662002999e-01,1.440600124971636031e-02,1.446652865834143625e-03,-3.760531801721613693e-04,4.801799118103050601e-05,-1.482508900370327343e-06,1.923417261573412418e-08,8.784280115803344557e-08,-6.635341318061982463e-08,1.060497944634086753e-07,-2.048609452805216780e-07,2.094896750107558270e-07,3.883770021730070798e-08,-9.865868765696061971e-07,1.547747301711144274e-06
1.569995948337183922e+00,-2.879233002732917157e-01,1.443827137653902470e-02,1.461809169515305984e-03,-3.801982753639122220e-04,4.850151903801683262e-05,-1.503096970174866431e-06,1.416714145996422758e-08,8.767621254013313603e-08,-6.507379804454593852e-08,1.041031461347652343e-07,-2.026169582981796058e-07,2.083723680979671089e-07,3.581610987131444990e-08,-9.758889828737071781e-07,1.534978787243179710e-06
1.571518311977795346e+00,-2.885628766972432868e-01,1.447041600394744984e-02,1.477119636136836611e-03,-3.843837382008774561e-04,4.898971217218162089e-05,-1.523552731613753153e-06,8.962453307281847970e-09,8.753682362305781339e-08,-6.378937254802874435e-08,1.021447680153719784e-07,-2.003503458587740926e-07,2.072274361969439482e-07,3.280395957996895540e-08,-9.650965243010456440e-07,1.522037559611999491e-06
1.573044685051901759e+00,-2.892034149537942023e-01,1.450243293720039975e-02,1.492585736319374662e-03,-3.886099389580378871e-04,4.948259920473443985e-05,-1.543866722512887701e-06,3.616180077603559084e-09,8.742536633521424960e-08,-6.250019354836489072e-08,1.001746125876834537e-07,-1.980609896021223726e-07,2.060547086022226915e-07,2.980142828692966539e-08,-9.542089363830108528e-07,1.508922249787714165e-06
1.574575079316186788e+00,-2.898449177678619204e-01,1.453431995949722166e-02,1.508208954431374677e-03,-3.928772509335532598e-04,4.998020857925611349e-05,-1.564029176469305948e-06,-1.875704785936349595e-09,8.734259185350090604e-08,-6.120632048411955850e-08,9.819263277130452217e-08,-1.957487709113026053e-07,2.048540137054161159e-07,2.680869737661795149e-08,-9.432256543387418368e-07,1.495631482842374460e-06
1.576109506602713761e+00,-2.904873878736031756e-01,1.456607483175231463e-02,1.523990788721247408e-03,-3.971860504658787649e-04,5.048256854897278934e-05,-1.584030015051862694e-06,-7.517328898254405090e-09,8.728927107515271899e-08,-5.990781540288203644e-08,9.619878202360432340e-08,-1.934135710132678376e-07,2.036251789631210452e-07,2.382595063951664649e-08,-9.321461130369634862e-07,1.482163878310793770e-06
1.577647978819567420e+00,-2.911308280144769833e-01,1.459769529236704111e-02,1.539932751450551890e-03,-4.015367169508433920e-04,5.098970716394327085e-05,-1.603858839745175846e-06,-1.331292329154187826e-08,8.726619526999712662e-08,-5.860474314167696264e-08,9.419301427032733542e-08,-1.910552709059876175e-07,2.023680309428885216e-07,2.085337444043822153e-08,-9.209697473637479259e-07,1.468518049996259123e-06
1.579190507951497402e+00,-2.917752409433073679e-01,1.462917905699878326e-02,1.556036369029210192e-03,-4.059296328587889968e-04,5.150165225756980769e-05,-1.623504923511931430e-06,-1.926682485775543796e-08,8.727417631637646167e-08,-5.729717139635326362e-08,9.217528410335185107e-08,-1.886737514104896984e-07,2.010823952078646948e-07,1.789115768903448700e-08,-9.096959921219005540e-07,1.454692606234209151e-06
1.580737106060572383e+00,-2.924206294223464231e-01,1.466052381832745610e-02,1.572303182151704032e-03,-4.103651837513312001e-04,5.201843143270296066e-05,-1.642957201966610548e-06,-2.538347904090798579e-08,8.731404715911494918e-08,-5.598517054117291281e-08,9.014554666619822854e-08,-1.862688933026990235e-07,1.997680964208742305e-07,1.493949184673548647e-08,-8.983242820968795339e-07,1.440686149989378606e-06
1.582287785286839554e+00,-2.930669962233388159e-01,1.469172724581924161e-02,1.588734745934836101e-03,-4.148437582982885535e-04,5.254007204742380810e-05,-1.662204264972488854e-06,-3.166744233507046147e-08,8.738666246177473340e-08,-5.466881400351120135e-08,8.810375772341783041e-08,-1.838405772544571271e-07,1.984249583964620145e-07,1.199857103083290522e-08,-8.868540523516987850e-07,1.426497279050087386e-06
1.583842557848992749e+00,-2.937143441275861244e-01,1.472278698548741029e-02,1.605332630057042242e-03,-4.193657482942439452e-04,5.306660120051390206e-05,-1.681234347419846564e-06,-3.812338511544055564e-08,8.749289905074508766e-08,-5.334817827773452592e-08,8.604987368487915234e-08,-1.813886837780109840e-07,1.970528040341062992e-07,9.068591955499472057e-09,-8.752847382026418543e-07,1.412124586000484960e-06
1.585401436045047019e+00,-2.943626759260122849e-01,1.475370065965033069e-02,1.622098418898897110e-03,-4.239315486749325318e-04,5.359804571620011004e-05,-1.700035320024995134e-06,-4.475609421961124212e-08,8.763365652586507792e-08,-5.202334285581144968e-08,8.398385158148169438e-08,-1.789130933474436524e-07,1.956514553789340249e-07,6.149754058423773095e-09,-8.636157753684481353e-07,1.397566658484228341e-06
1.586964432253019197e+00,-2.950119944192284294e-01,1.478446586668690291e-02,1.639033711685122102e-03,-4.285415575339436567e-04,5.413443212903823465e-05,-1.718594680094609473e-06,-5.157047575088391511e-08,8.780985753797931892e-08,-5.069439039384615597e-08,8.190564915883102870e-08,-1.764136864715326602e-07,1.942207336113124794e-07,3.242259426217142249e-09,-8.518466000639879354e-07,1.382822079190604292e-06
1.588531558931618903e+00,-2.956623024175999426e-01,1.481508018078856424e-02,1.656140122628543127e-03,-4.331961761388208182e-04,5.467578666744354887e-05,-1.736899541499026256e-06,-5.857155815913728247e-08,8.802244859384966702e-08,-4.936140682310075078e-08,7.981522490152492821e-08,-1.738903436659944290e-07,1.927604590893500225e-07,3.463129262526454255e-10,-8.399766492153681874e-07,1.367889426256985175e-06
1.590102828620946873e+00,-2.963136027413136309e-01,1.484554115170872574e-02,1.673419281075110010e-03,-4.378958089471026577e-04,5.522213523773134014e-05,-1.754936625145142592e-06,-6.576449512740722980e-08,8.827240051412221788e-08,-4.802448137775083836e-08,7.771253796029498062e-08,-1.713429454014425701e-07,1.912704513410898310e-07,-2.537877833233559421e-09,-8.280053604391157673e-07,1.352767273185562225e-06
1.591678253943197285e+00,-2.969658982204443354e-01,1.487584630450944703e-02,1.690872831650321040e-03,-4.426408636223639476e-04,5.577350340717907029e-05,-1.772692248672158577e-06,-7.315456840295553320e-08,8.856070901619439439e-08,-4.668370667815224806e-08,7.559754833241782990e-08,-1.687713722595129973e-07,1.897505291096127089e-07,-5.410102438957453685e-09,-8.159321722503443119e-07,1.337454189037634578e-06
1.593257847603372301e+00,-2.976191916950235994e-01,1.490599313930436251e-02,1.708502434407701415e-03,-4.474317510499772887e-04,5.632991638638423781e-05,-1.790152316001603072e-06,-8.074719101691663070e-08,8.888839513054858088e-08,-4.533917866145209530e-08,7.347021680620402506e-08,-1.661755049849056309e-07,1.882005103174752558e-07,-8.270147617076006874e-09,-8.037565241876543087e-07,1.321948738600142725e-06
1.594841622390002156e+00,-2.982734860151082801e-01,1.493597913099908858e-02,1.726309764978777028e-03,-4.522688853526631719e-04,5.689139901154938173e-05,-1.807302306817970550e-06,-8.854791033741093997e-08,8.925650600566381598e-08,-4.399099706731135484e-08,7.133050492630355066e-08,-1.635552242980342630e-07,1.866202121898752342e-07,-1.111779729043305132e-08,-7.914778569623193150e-07,1.306249482732613210e-06
1.596429591175874574e+00,-2.989287840408500485e-01,1.496580172902824309e-02,1.744296514724002350e-03,-4.571526839059654457e-04,5.745797572634381289e-05,-1.824127265681596555e-06,-9.656241156674738590e-08,8.966611546312730496e-08,-4.263926516034910463e-08,6.917837515330038656e-08,-1.609104111621739719e-07,1.850094512043445882e-07,-1.395283245018974494e-08,-7.790956125831860479e-07,1.290354978242258532e-06
1.598021766918772180e+00,-2.995850886425651671e-01,1.499545835708944105e-02,1.762464390886238352e-03,-4.620835673533798399e-04,5.802967056272451130e-05,-1.840611790732138431e-06,-1.047965205169809622e-07,9.011832453886814420e-08,-4.128408997994270635e-08,6.701379080820135670e-08,-1.582409467036638429e-07,1.833680430343709311e-07,-1.677503115235512432e-08,-7.666092344815744752e-07,1.274263778189288487e-06
1.599618162662217014e+00,-3.002424027008051555e-01,1.502494641287395807e-02,1.780815116745156773e-03,-4.670619596214339170e-04,5.860650712162865372e-05,-1.856740022530833922e-06,-1.132562074956933174e-07,9.061426214929113598e-08,-3.992558239573895662e-08,6.483671612794728034e-08,-1.555467122535403313e-07,1.816958026881754229e-07,-1.958416852819444554e-08,-7.540181676223001173e-07,1.257974432247732643e-06
1.601218791536224373e+00,-3.009007291064275114e-01,1.505426326779404217e-02,1.799350431773396458e-03,-4.720882879344703853e-04,5.918850855321164395e-05,-1.872495632063153614e-06,-1.219475905811506777e-07,9.115508564638830080e-08,-3.856385698275399676e-08,6.264711636949638063e-08,-1.528275894828456938e-07,1.799925444852940037e-07,-2.238001662636934785e-08,-7.413218586840852886e-07,1.241485486511151315e-06
1.602823666758066423e+00,-3.015600707606685971e-01,1.508340626670723675e-02,1.818072091794912387e-03,-4.771629828292118375e-04,5.977569753607553382e-05,-1.887861808928803509e-06,-1.308769391195063747e-07,9.174198162265057022e-08,-3.719903253485146166e-08,6.044495762941304307e-08,-1.500834602118084060e-07,1.782580821077517363e-07,-2.516234454651156138e-08,-7.285197563267065135e-07,1.224795484089380437e-06
1.604432801633040917e+00,-3.022204305752157483e-01,1.511237272763699645e-02,1.836981869144303087e-03,-4.822864781690808927e-04,6.036809625623376641e-05,-1.902821249122332858e-06,-1.400506772497589481e-07,9.237616652169045039e-08,-3.583123182882008706e-08,5.823020709366799608e-08,-1.473142066457655552e-07,1.764922285757766773e-07,-2.793091828309779423e-08,-7.156113112187501013e-07,1.207902965011387053e-06
1.606046209555253679e+00,-3.028818114722801047e-01,1.514115994149000353e-02,1.856081552828348080e-03,-4.874592111583104376e-04,6.096572638559366597e-05,-1.917356142251691598e-06,-1.494753879283106102e-07,9.305888733213141251e-08,-3.446058173539601199e-08,5.600283295437158415e-08,-1.445197114063878630e-07,1.746947963024436667e-07,-3.068550073412334989e-08,-7.025959761798594716e-07,1.190806466655480733e-06
1.607663904008404865e+00,-3.035442163846709396e-01,1.516976517176994547e-02,1.875372948689137814e-03,-4.926816223555993690e-04,6.156860905938768558e-05,-1.931448158930260117e-06,-1.591578162596363200e-07,9.379142214271940503e-08,-3.308721345518517154e-08,5.376280446528491908e-08,-1.416998574657601928e-07,1.728655971275014358e-07,-3.342585168722433941e-08,-6.894732064201269939e-07,1.173504523749313577e-06
1.609285898566589434e+00,-3.042076482558704331e-01,1.519818565428792713e-02,1.894857879568886266e-03,-4.979541556879123199e-04,6.217676485351444904e-05,-1.945078437537439697e-06,-1.691048736318645496e-07,9.457508101662348565e-08,-3.171126256029666024e-08,5.151009202508660678e-08,-1.388545281880149140e-07,1.710044423303830330e-07,-3.615172771559427289e-08,-6.762424597066274412e-07,1.155995668841724999e-06
1.610912206895102283e+00,-3.048721100401083905e-01,1.522641859686900238e-02,1.914538185476710730e-03,-5.032772584636011071e-04,6.279021376097773666e-05,-1.958227570618420454e-06,-1.793236417690913242e-07,9.541120671308078727e-08,-3.033286900822051990e-08,4.924466714961717173e-08,-1.359836074577014386e-07,1.691111426119912275e-07,-3.886288222308686979e-08,-6.629031964883180805e-07,1.138278432330497303e-06
1.612542842751254479e+00,-3.055376047024386255e-01,1.525446117905547572e-02,1.934415723756931216e-03,-5.086513813854411786e-04,6.340897516766280662e-05,-1.970875591200682564e-06,-1.898213763951162036e-07,9.630117520087466687e-08,-2.895217733611676891e-08,4.696650250657352643e-08,-1.330869796867251154e-07,1.671855082100576206e-07,-4.155906539911324860e-08,-6.494548801111443836e-07,1.120351342781544801e-06
1.614177819985198603e+00,-3.062041352188153986e-01,1.528231055180630932e-02,1.954492369259444584e-03,-5.140769785633193811e-04,6.403306782758189097e-05,-1.983001958458241454e-06,-2.006055117576011071e-07,9.724639674080215457e-08,-2.756933671632655347e-08,4.467557196408122877e-08,-1.301645298421028052e-07,1.652273488384273237e-07,-4.424002406772098439e-08,-6.358969769984512688e-07,1.102212927178713997e-06
1.615817152540766077e+00,-3.068717045761705231e-01,1.530996383719244666e-02,1.974770014511961769e-03,-5.195545075265869256e-04,6.466250983729396329e-05,-1.994585543493854196e-06,-2.116836648746733829e-07,9.824831652405219273e-08,-2.618450095637214758e-08,4.237185066702231495e-08,-1.272161434771879041e-07,1.632364737685909617e-07,-4.690550177086083572e-08,-6.222289568730277054e-07,1.083861711187461552e-06
1.617460854456310715e+00,-3.075403157724921899e-01,1.533741812808877419e-02,1.995250569894101156e-03,-5.250844292359353044e-04,6.529731860963755574e-05,-2.005604614413458719e-06,-2.230636394484619700e-07,9.930841533833945078e-08,-2.479782883202386046e-08,4.005531493295189094e-08,-1.242417067559564714e-07,1.612126919077472298e-07,-4.955523880655066105e-08,-6.084502928924151455e-07,1.065296219460165617e-06
1.619108939865564700e+00,-3.082099718169035718e-01,1.536467048786221978e-02,2.015935963813060561e-03,-5.306672080952236359e-04,6.593751084689805642e-05,-2.016036821053668326e-06,-2.347534306390564041e-07,1.004282104699605327e-07,-2.340948404566667307e-08,3.772594249495941909e-08,-1.212411066126017900e-07,1.591558117493632740e-07,-5.218897200509609036e-08,-5.945604618813604691e-07,1.046514975774903711e-06
1.620761422998501455e+00,-3.088806757297420935e-01,1.539171795005575549e-02,2.036828142881631082e-03,-5.363033119628133477e-04,6.658310251314580874e-05,-2.025859179542732758e-06,-2.467612296719323695e-07,1.016092566058501845e-07,-2.201963515691129913e-08,3.538371240452420352e-08,-1.182142306890843209e-07,1.570656413636337123e-07,-5.480643470306967302e-08,-5.805589444914105446e-07,1.027516503396275205e-06
1.622418318182212493e+00,-3.095524305426395895e-01,1.541855751806834457e-02,2.057929072098126089e-03,-5.419932121624101984e-04,6.723410880575542148e-05,-2.035048056243937697e-06,-2.590954280012880417e-07,1.028531464442039578e-07,-2.062845610995012180e-08,3.302860503151539007e-08,-1.151609673594178318e-07,1.549419885527383856e-07,-5.740735690810960801e-08,-5.664452255201013475e-07,1.008299325450101591e-06
1.624079639841793155e+00,-3.102252392986044605e-01,1.544518616483108592e-02,2.079240735027923503e-03,-5.477373834937657865e-04,6.789054412634568103e-05,-2.043579151699004282e-06,-2.717646226391146058e-07,1.041615116798011442e-07,-1.923612588661249845e-08,3.066060225154210173e-08,-1.120812058719167226e-07,1.527846607857902272e-07,-5.999146502483343468e-08,-5.522187940150413699e-07,9.888619650760821500e-07
1.625745402501237447e+00,-3.108991050521021648e-01,1.547160083247880145e-02,2.100765133987572003e-03,-5.535363042426157815e-04,6.855242205062658800e-05,-2.051427483718004652e-06,-2.847776204850660520e-07,1.055360239476943462e-07,-1.784282895045397055e-08,2.827968736268671179e-08,-1.089748363075626614e-07,1.505934653029186721e-07,-6.255848197453395265e-08,-5.378791435722840575e-07,9.692029458163720079e-07
1.627415620784345318e+00,-3.115740308691387628e-01,1.549779843201772034e-02,2.122504290230361329e-03,-5.593904561905019279e-04,6.921975529777454894e-05,-2.058567370545605346e-06,-2.981434434889962404e-07,1.069783955864878067e-07,-1.644875510797838558e-08,2.588584502999369263e-08,-1.058417497083741221e-07,1.483682092176183409e-07,-6.510812715007641138e-08,-5.234257724820445823e-07,9.493207919347712576e-07
1.629090309415639037e+00,-3.122500198273440164e-01,1.552377584298919588e-02,2.144460244134269167e-03,-5.653003246240025093e-04,6.989255569880489793e-05,-2.064972413014232178e-06,-3.118713340355405705e-07,1.084903806791714942e-07,-1.505409981394922880e-08,2.347906154220869013e-08,-1.026818380878147252e-07,1.461086993415419699e-07,-6.764011632916233641e-08,-5.088581840444195148e-07,9.292140287636696527e-07
1.630769483221292893e+00,-3.129270750160552672e-01,1.554952991312876474e-02,2.166635055391937653e-03,-5.712663983439159737e-04,7.057083416426787603e-05,-2.070615477009485339e-06,-3.259707596070526847e-07,1.100737756776215548e-07,-1.365906404648953298e-08,2.105932478402294805e-08,-9.949499455916277491e-08,1.438147424074123770e-07,-7.015416157024612076e-08,-4.941758867463286187e-07,9.088811828289466987e-07
1.632453157130071331e+00,-3.136051995364033118e-01,1.557505745802085541e-02,2.189030803202780123e-03,-5.772891696732163763e-04,7.125460065069214033e-05,-2.075468674901659316e-06,-3.404514181959417130e-07,1.117304206377234266e-07,-1.226385466790436141e-08,1.862662420137883856e-08,-9.628111323836674451e-08,1.414861449926946291e-07,-7.264997129406702836e-08,-4.793783944696816679e-07,8.883207825993721940e-07
1.634141346174280418e+00,-3.142843965013975005e-01,1.560035526074897254e-02,2.211649586467148709e-03,-5.833691344651371902e-04,7.194386412646275319e-05,-2.079503346880118286e-06,-3.553232439945652743e-07,1.134621999965279571e-07,-1.086868439692523225e-08,1.618095085004211953e-08,-9.304008938282315455e-08,1.391227137069461772e-07,-7.512725023854638362e-08,-4.644652268938342932e-07,8.675313585837507446e-07
1.635834065490730183e+00,-3.149646690360127232e-01,1.562542007154132245e-02,2.234493523982920143e-03,-5.895067921105976577e-04,7.263863253675201248e-05,-2.082690041718682217e-06,-3.705964126132776926e-07,1.152710436408410644e-07,-9.473771961365784477e-09,1.372229756213538820e-08,-8.977181947117385263e-08,1.367242550530389789e-07,-7.758569933562220466e-08,-4.494359096586519886e-07,8.465114436778664597e-07
1.637531330321708278e+00,-3.156460202772764512e-01,1.565024860741229956e-02,2.257564754643920368e-03,-5.957026455449092317e-04,7.333891276745801990e-05,-2.084998497103862647e-06,-3.862813470201231780e-07,1.171589279064244593e-07,-8.079342084243990030e-09,1.125065876572683976e-08,-8.647620124840882383e-08,1.342905756266526973e-07,-8.002501570604503289e-08,-4.342899745830852698e-07,8.252595736085721612e-07
1.639233156015964976e+00,-3.163284533743577764e-01,1.567483755179881200e-02,2.280865437640621635e-03,-6.019572012542582368e-04,7.404471060831405160e-05,-2.086397619532887049e-06,-4.023887231197065262e-07,1.191278765078074287e-07,-6.685625719704546555e-09,8.766030686058190469e-09,-8.315313377443844800e-08,1.318214820633656359e-07,-8.244489266805155037e-08,-4.190269599982365811e-07,8.037742873223674422e-07
1.640939558029711698e+00,-3.170119714886563966e-01,1.569918355419204492e-02,2.304397752663250865e-03,-6.082709692814703556e-04,7.475603071479056116e-05,-2.086855463677428357e-06,-4.189294757206418751e-07,1.211799615236097694e-07,-5.292860164041179871e-09,6.268411407994722850e-09,-7.980251745531852237e-08,1.293167811462075933e-07,-8.484501964022006515e-08,-4.036464109902215824e-07,7.820541274017323019e-07
1.642650551927630431e+00,-3.176965777938919322e-01,1.572328322976426079e-02,2.328163900107451528e-03,-6.146444632310430617e-04,7.547287656912288201e-05,-2.086339211344878652e-06,-4.359148046140237653e-07,1.233173046316649035e-07,-3.901289069574431778e-09,3.757800730308513693e-09,-7.642425417508924568e-08,1.267762798446911421e-07,-8.722508214667468174e-08,-3.881478797158888217e-07,7.600976405786052936e-07
1.644366153383896467e+00,-3.183822754761961304e-01,1.574713315899074415e-02,2.352166101281829430e-03,-6.210782002739282520e-04,7.619525044022523730e-05,-2.084815149731855666e-06,-4.533561807074093508e-07,1.255420780249538737e-07,-2.511162736085204017e-09,1.234200394661932876e-09,-7.301824730271411212e-08,1.241997853000664787e-07,-8.958476177198249069e-08,-3.725309256595588092e-07,7.379033779286725547e-07
1.646086378183212684e+00,-3.190690677342037374e-01,1.577072988726711117e-02,2.376406598617805677e-03,-6.275727011514631304e-04,7.692315334281718542e-05,-2.082248649414031316e-06,-4.712653524918675174e-07,1.278565055357061553e-07,-1.122737930403516771e-09,-1.302385983781295664e-09,-6.958440171983548694e-08,1.215871049493541523e-07,-9.192373610564241737e-08,-3.567951159695603724e-07,7.154698954126015309e-07
1.647811242221857597e+00,-3.197569577791452566e-01,1.579406992452077330e-02,2.400887655882245203e-03,-6.341284901784944444e-04,7.765658499514146995e-05,-2.078604141822482099e-06,-4.896543523147389720e-07,1.302628636901115300e-07,2.637217250134327173e-10,-3.851952805333791474e-09,-6.612262400812474183e-08,1.189380465504985551e-07,-9.424167867963517686e-08,-3.409400257115002830e-07,6.927957544589080641e-07
1.649540761508744957e+00,-3.204459488349411522e-01,1.581714974481809866e-02,2.425611558392076761e-03,-6.407460952463119030e-04,7.839554377577634403e-05,-2.073845095949822248e-06,-5.085355030132188148e-07,1.327634829573209885e-07,1.647945765959057951e-09,-6.414492534356774911e-09,-6.263282238683220982e-08,1.162524182482874147e-07,-9.653825897536216782e-08,-3.249652382013301644e-07,6.698795222276343608e-07
1.651274952166498888e+00,-3.211360441382961617e-01,1.583996578596592875e-02,2.450580613231771732e-03,-6.474260478245390249e-04,7.914002667936889668e-05,-2.067933994605308801e-06,-5.279214247144725647e-07,1.353607487208918769e-07,3.029656858721807566e-09,-8.989995539665507351e-09,-5.911490690707621454e-08,1.135300286315976681e-07,-9.881314233343985176e-08,-3.088703453731078685e-07,6.467197722348494437e-07
1.653013830432540132e+00,-3.218272469387948309e-01,1.586251444910766195e-02,2.475797149473199510e-03,-6.541688829624150991e-04,7.989002927081753636e-05,-2.060832310142590718e-06,-5.478250418855523662e-07,1.380571024861554363e-07,4.408570453140470136e-09,-1.157845017085712414e-08,-5.556878939633191905e-08,1.107706867767635495e-07,-1.010659900022720104e-07,-2.926549479906337403e-07,6.233150847689827856e-07
1.654757412660187388e+00,-3.225195604989976594e-01,1.588479209831395941e-02,2.501263518397637414e-03,-6.609751392892600913e-04,8.064554563880915738e-05,-2.052500479840513314e-06,-5.682595901057574395e-07,1.408550432541177955e-07,5.784394921382052246e-09,-1.417984258483828697e-08,-5.199438365965924902e-08,1.079742022857405059e-07,-1.032964590252927195e-07,-2.763186561297037436e-07,5.996640473765468826e-07
1.656505715319770644e+00,-3.232129880945385225e-01,1.590679506016830225e-02,2.526982093720753914e-03,-6.678453590143514779e-04,8.140656834780893303e-05,-2.042897880180638559e-06,-5.892386232830837400e-07,1.437571284651495418e-07,7.156831419163900421e-09,-1.679415693317531932e-08,-4.839160543460008235e-08,1.051403854257504378e-07,-1.055042022132107737e-07,-2.598610893966846191e-07,5.757652555699044328e-07
1.658258754999760498e+00,-3.239075330142233700e-01,1.592851962334663335e-02,2.552955271820100264e-03,-6.747800879259337192e-04,8.217308838880110766e-05,-2.031982800930476341e-06,-6.107760213980295561e-07,1.467659752618644120e-07,8.525573635953520579e-09,-1.942137509147734420e-08,-4.476037251954778640e-08,1.022690470789747175e-07,-1.076888680711513002e-07,-2.432818773691336478e-07,5.516173130215573650e-07
1.660016548407912129e+00,-3.246031985601299796e-01,1.594996203819111502e-02,2.579185471965252802e-03,-6.817798753893516972e-04,8.294509512883629920e-05,-2.019712418539765242e-06,-6.328859976645340168e-07,1.498842619879203752e-07,9.890307794968578037e-09,-2.206147677735748047e-08,-4.110060481885002837e-08,9.935999892730223992e-08,-1.098501008385543987e-07,-2.265806598247821491e-07,5.272188323690585321e-07
1.661779112372421707e+00,-3.252999880477074890e-01,1.597111851627862344e-02,2.605675136550245075e-03,-6.888452743444295479e-04,8.372257625931939229e-05,-2.006042768787352770e-06,-6.555831061905159629e-07,1.531147291872203553e-07,1.125071248664344381e-08,-2.471443942553275264e-08,-3.741222447117831251e-08,9.641305339855299472e-08,-1.119875404475417779e-07,-2.097570872897080996e-07,5.025684358256343742e-07
1.663546463843097678e+00,-3.259979048058779805e-01,1.599198522998288713e-02,2.632426731329171044e-03,-6.959768413018832534e-04,8.450551774293740825e-05,-1.990928719122764257e-06,-6.788822500547464500e-07,1.564601809084242845e-07,1.260645871026255804e-08,-2.738023818088519690e-08,-3.369515591197802529e-08,9.342802386163445716e-08,-1.141008223685263667e-07,-1.928108213193613363e-07,4.776647555132518264e-07
1.665318619892548924e+00,-3.266969521771389551e-01,1.601255831203086955e-02,2.659442745654383433e-03,-7.031751363390167930e-04,8.529390375905041011e-05,-1.974323939668565231e-06,-7.027986893004545266e-07,1.599234860927278845e-07,1.395720963803803727e-08,-3.005884585682849774e-08,-2.994932597755184389e-08,9.040472464475618475e-08,-1.161895777299082333e-07,-1.757415348455082515e-07,4.525064341981410720e-07
1.667095597717385802e+00,-3.273971335176669717e-01,1.603283385505327799e-02,2.686725692717412128e-03,-7.104407230944902174e-04,8.608771664778830379e-05,-1.956180874368440570e-06,-7.273480489011774353e-07,1.635075798506191447e-07,1.530262058735409880e-08,-3.275023294224688186e-08,-2.617466389465139542e-08,8.734297102762356158e-08,-1.182534331827661545e-07,-1.585489125995043214e-07,4.270921259291737826e-07
1.668877414639440282e+00,-3.280984521974221191e-01,1.605280791112833824e-02,2.714278109792862825e-03,-7.177741687620312755e-04,8.688693685286047463e-05,-1.936450710837700484e-06,-7.525463274760113563e-07,1.672154648219015272e-07,1.664233881260024361e-08,-3.545436745577834614e-08,-2.237110145048015752e-08,8.424257940536916678e-08,-1.202920108071825478e-07,-1.412326515425055273e-07,4.014204966207302050e-07
1.670664088106996736e+00,-3.288009116002532095e-01,1.607247649131969200e-02,2.742102558484626335e-03,-7.251760440830489624e-04,8.769154286267580312e-05,-1.915083349846025129e-06,-7.784099056162840924e-07,1.710502124524504453e-07,1.797600363007134661e-08,-3.817121493887576378e-08,-1.853857309330741998e-08,8.110336732758405276e-08,-1.223049282111227098e-07,-1.237924613026186726e-07,3.754902247049551889e-07
1.672455635696042719e+00,-3.295045151240042491e-01,1.609183556520760172e-02,2.770201624975755089e-03,-7.326469233384647062e-04,8.850151114998469626e-05,-1.892027373974480842e-06,-8.049555547673392653e-07,1.750149646040366491e-07,1.930324623755641511e-08,-4.090073866397370139e-08,-1.467701589430436826e-08,7.792515361627894155e-08,-1.242917984176777901e-07,-1.062280644836821608e-07,3.493000017701364257e-07
1.674252075111534399e+00,-3.302092661806229623e-01,1.611088106041384457e-02,2.798577920280962555e-03,-7.401873843395165992e-04,8.931681611004313459e-05,-1.867230015523135833e-06,-8.322004460825649375e-07,1.791129348449604919e-07,2.062368949229398396e-08,-4.364289926672704212e-08,-1.078636982163039271e-08,7.470775843614052558e-08,-1.262522298234314277e-07,-8.853919720996916709e-08,3.228485332407160513e-07
1.676053424188677976e+00,-3.309151681962689828e-01,1.612960886212013584e-02,2.827234080501703911e-03,-7.477980084173180969e-04,9.013742999714954851e-05,-1.840637123620703086e-06,-8.601621595549779897e-07,1.833474096990528324e-07,2.193694806362778138e-08,-4.639765487784996978e-08,-6.866577660635808655e-09,7.145100332749121375e-08,-1.281858261776430696e-07,-7.072560953211293189e-08,2.961345391960801265e-07
1.677859700894230421e+00,-3.316222246114240990e-01,1.614801481257938792e-02,2.856172767084941277e-03,-7.554793804113967004e-04,9.096332285960309627e-05,-1.812193130744377267e-06,-8.888586933430975279e-07,1.877217503526429354e-07,2.324262804442867036e-08,-4.916496106760481766e-08,-2.917585242845355253e-09,6.815471131037253993e-08,-1.300921865336757133e-07,-5.278706587119597060e-08,2.691567548424034229e-07
1.679670923327813536e+00,-3.323304388810031096e-01,1.616609471062024558e-02,2.885396667084760836e-03,-7.632320886571050678e-04,9.179446247288211569e-05,-1.781841018323737647e-06,-9.183084732355961677e-07,1.922393940007038893e-07,2.454032735355049510e-08,-5.194477085967985630e-08,1.060658564450145391e-09,6.481870707449738367e-08,-1.319709052576695241e-07,-3.472334544896149566e-08,2.419139314979723565e-07
1.681487109723248885e+00,-3.330398144744662337e-01,1.618384431114475164e-02,2.914908493426914687e-03,-7.710567249718750654e-04,9.263081427120234412e-05,-1.749522281449533700e-06,-9.485303626155516810e-07,1.969038553178981132e-07,2.582963520847414429e-08,-5.473703462710588497e-08,5.068201695129781470e-09,6.144281690899366932e-08,-1.338215718932334042e-07,-1.653424283945548190e-08,2.144048371482965010e-07
1.683308278449906492e+00,-3.337503548759321315e-01,1.620125932461890725e-02,2.944710985176384604e-03,-7.789538846400476113e-04,9.347234127736817055e-05,-1.715176892902459116e-06,-9.795436720638761585e-07,2.017187279851340165e-07,2.711013229184100481e-08,-5.754170015470627675e-08,9.105088783628589866e-09,5.802686888281560762e-08,-1.356437712100172499e-07,1.780431652803615705e-09,1.866282573065314310e-07
1.685134448014076636e+00,-3.344620635842930900e-01,1.621833541655607822e-02,2.974806907808772577e-03,-7.869241663969687300e-04,9.431900403077814188e-05,-1.678743266245175114e-06,-1.011368169656634564e-06,2.066876861328559301e-07,2.838139075145296175e-08,-6.035871252113578223e-08,1.317136114759032139e-08,5.457069289591803818e-08,-1.374370831568744178e-07,2.022085140301888018e-08,1.585829958045126276e-07
1.686965637060354961e+00,-3.351749441133306529e-01,1.623506820699263664e-02,3.005199053484515492e-03,-7.949681724111253706e-04,9.517076051360207067e-05,-1.640158218546572400e-06,-1.044024091345630012e-06,2.118144860896453707e-07,2.964297393659443003e-08,-6.318801415439168068e-08,1.726705661439509321e-08,5.107412084232043625e-08,-1.392010827855338917e-07,3.878717299080070013e-08,1.302678756393005344e-07
1.688801864373049355e+00,-3.358889999918325264e-01,1.625145326995642431e-02,3.035890241326374972e-03,-8.030865082652924314e-04,9.602756607500831376e-05,-1.599356931225592859e-06,-1.077532151477766931e-06,2.171029677838776095e-07,3.089443653681023250e-08,-6.602954481099709838e-08,2.139220941707598023e-08,4.753698665347499963e-08,-1.409353401638641090e-07,5.747953567628028004e-08,1.016817397364588871e-07
1.690643148877603474e+00,-3.366042347637102083e-01,1.626748613292760409e-02,3.066883317700275224e-03,-8.112797829365123170e-04,9.688937335364591896e-05,-1.556272910915867946e-06,-1.111913553619725548e-06,2.225570563674228453e-07,3.213532452639444870e-08,-6.888324147191760005e-08,2.554685007288837184e-08,4.395912641882993022e-08,-1.426394205042424979e-07,7.629806093867319561e-08,7.282345172721083060e-08
1.692489509642041146e+00,-3.373206519881196686e-01,1.628316227629165308e-02,3.098181156500033617e-03,-8.195486087742634429e-04,9.775613219803816478e-05,-1.510837948956456067e-06,-1.147190001493658684e-06,2.281807637977140146e-07,3.336517503949032459e-08,-7.174903845358349130e-08,2.973100536249329018e-08,4.034037849424965128e-08,-1.443128841080443259e-07,9.524285189688175279e-08,4.369189707253973154e-08
1.694340965878430083e+00,-3.380382552395817530e-01,1.629847713278459800e-02,3.129786659434800888e-03,-8.278936014775254565e-04,9.862778958477647073e-05,-1.462982080063790491e-06,-1.183383710356977758e-06,2.339781904892035413e-07,3.458351645335699942e-08,-7.462686736625645523e-08,3.394469819464895899e-08,3.668058358614889602e-08,-1.459552861331897544e-07,1.143139927092806651e-07,1.428598379871193202e-08
1.696197536944363815e+00,-3.387570481081031426e-01,1.631342608692996216e-02,3.161702756320380198e-03,-8.363153800699397317e-04,9.950428953516346486e-05,-1.412633540018304323e-06,-1.220517418215605332e-06,2.399535267705310559e-07,3.578986840224729349e-08,-7.751665697525167431e-08,3.818794737722730481e-08,3.297958492669977870e-08,-1.475661767329217167e-07,1.335115480671777988e-07,-1.539535673944492089e-08
1.698059242344465369e+00,-3.394770341993012530e-01,1.632800447446771872e-02,3.193932405374338285e-03,-8.448145668738700487e-04,1.003855730291221271e-04,-1.359718722337976970e-06,-1.258614398064183959e-06,2.461110547996581133e-07,3.698374172189655695e-08,-8.041833335359349633e-08,4.246076758598893441e-08,2.923722829898528497e-08,-1.491451009950905959e-07,1.528355626015387436e-07,-4.535316855402982128e-08
1.699926101731912720e+00,-3.401982171345275807e-01,1.634220758177491392e-02,3.226478593514173210e-03,-8.533917874827372241e-04,1.012715779174673536e-04,-1.304162134188602273e-06,-1.297698469404640065e-06,2.524551500765470635e-07,3.816463842176709420e-08,-8.333181983344317700e-08,4.676316936805258173e-08,2.545336218965493780e-08,-1.506915988883777979e-07,1.722860603035891724e-07,-7.558847038569016519e-08
1.701798134909980664e+00,-3.409206005509949344e-01,1.635603064527758194e-02,3.259344336659721758e-03,-8.620476707314091158e-04,1.021622388315684971e-04,-1.245886350809133347e-06,-1.337794010347614915e-06,2.589902831640067404e-07,3.933205167117037604e-08,-8.625703697140441051e-08,5.109515886086990477e-08,2.162783790081446167e-08,-1.522052052293360047e-07,1.918630439523560938e-07,-1.061022545101319992e-07
1.703675361833609792e+00,-3.416441881019040006e-01,1.636946885085440243e-02,3.292532680038862819e-03,-8.707828486652878508e-04,1.030574870909059526e-04,-1.184811969395793696e-06,-1.378925970491051700e-06,2.657210212836380592e-07,4.048546610457837147e-08,-8.919390261791226848e-08,5.545673764997816058e-08,1.776050973043702408e-08,-1.536854496338169174e-07,2.115664943860839919e-07,-1.368954858083082371e-07
1.705557802610992546e+00,-3.423689834565721846e-01,1.638251733323095594e-02,3.326046698497189813e-03,-8.795979565074663054e-04,1.039572506082928061e-04,-1.120857561556776183e-06,-1.421119883382448990e-06,2.726520302032131582e-07,4.162435753019000373e-08,-9.214233189641651833e-08,5.984790281410301560e-08,1.385123504782370674e-08,-1.551318565481962786e-07,2.313963700026344661e-07,-1.679691007394623625e-07
1.707445477505183051e+00,-3.430949903005637291e-01,1.639517117536577404e-02,3.359889496811617471e-03,-8.884936326241706789e-04,1.048614537925637857e-04,-1.053939624628963401e-06,-1.464401879591736844e-06,2.797880757909876337e-07,4.274819326299805766e-08,-9.510223716868715371e-08,6.426864673780841031e-08,9.899874355186188968e-09,-1.565439452372308082e-07,2.513526061072302031e-07,-1.993240062725387673e-07
1.709338406935729360e+00,-3.438222123358217752e-01,1.640742540782685194e-02,3.394064210007513571e-03,-8.974705184885151815e-04,1.057700174492068323e-04,-9.839725322591252876e-07,-1.508798699895175233e-06,2.871340258059351669e-07,4.385643199988908947e-08,-9.807352809726443965e-08,6.871895696924923413e-08,5.906291537446928253e-09,-1.579212296331372611e-07,2.714351142428517161e-07,-2.309610788592264541e-07
1.711236611480328573e+00,-3.445506532808008671e-01,1.641927500815863056e-02,3.428574003680295856e-03,-9.065292586419720910e-04,1.066828586780213528e-04,-9.108684835695823878e-07,-1.554337708598030332e-06,2.946948515492042731e-07,4.494852401393245600e-08,-1.010561116662755943e-07,7.319881595302391020e-08,1.870353922954481884e-09,-1.592632183477354912e-07,2.916437815136951883e-07,-2.628811630600580429e-07
1.713140111876505500e+00,-3.452803168706013448e-01,1.643071490024003434e-02,3.463422074320647581e-03,-9.156705006542441294e-04,1.075998907683999029e-04,-8.345374508805791791e-07,-1.601046907606651359e-06,3.024756298902753215e-07,4.602391123764704162e-08,-1.040498922924570913e-07,7.770820121058563679e-08,-2.208067514421208077e-09,-1.605694147800013072e-07,3.119784697976080157e-07,-2.950850706839869275e-07
1.715048929023313296e+00,-3.460112068571059574e-01,1.644173995363238522e-02,3.498611649644003951e-03,-9.248948950809042502e-04,1.085210230920355401e-04,-7.548871269191792521e-07,-1.648954950417280685e-06,3.104815447518838312e-07,4.708202734626798502e-08,-1.070547717141323574e-07,8.224708501064492694e-08,-6.329098089369322722e-09,-1.618393169495330186e-07,3.324390152395495512e-07,-3.275735795532641603e-07
1.716963083983060079e+00,-3.467433270091161424e-01,1.645234498291785197e-02,3.534145988924018017e-03,-9.342030954190751885e-04,1.094461609928952528e-04,-6.718228703350703768e-07,-1.698091156243641819e-06,3.187178888308661584e-07,4.812229807693579886e-08,-1.100706490883562871e-07,8.681543414018610960e-08,-1.049285921605330740e-08,-1.630724174427750084e-07,3.530252274328016249e-07,-3.603474321850486106e-07
1.718882597983058869e+00,-3.474766811124921362e-01,1.646252474702799770e-02,3.570028383330408478e-03,-9.435957580611262219e-04,1.103752056743692589e-04,-5.852476497869574246e-07,-1.748485524727394491e-06,3.271900656243165173e-07,4.914414111767406723e-08,-1.130974210533652879e-07,9.141321006753133638e-08,-1.469946825372048238e-08,-1.642682035743470159e-07,3.737368887216097058e-07,-3.934073347783284547e-07
1.720807492417403495e+00,-3.482112729702931953e-01,1.647227394856133620e-02,3.606262156271220626e-03,-9.530735422458806033e-04,1.113080540837245447e-04,-4.950619873350659006e-07,-1.800168750953901053e-06,3.359035910394103652e-07,5.014696650984529214e-08,-1.161349818326606886e-07,9.604036854682362900e-08,-1.894903837312833517e-08,-1.654261572101023425e-07,3.945737534656601486e-07,-4.267539557012423046e-07
1.722737788848768048e+00,-3.489471064029187053e-01,1.648158723309143744e-02,3.642850663738903677e-03,-9.626371100076372422e-04,1.122445987934150846e-04,-4.011638999046329701e-07,-1.853172240329215015e-06,3.448640950726167276e-07,5.113017677305098374e-08,-1.191832231725586944e-07,1.006968595590462812e-07,-2.324167838567425814e-08,-1.665457547931487037e-07,4.155355473114963338e-07,-4.603879244502451229e-07
1.724673509010234307e+00,-3.496841852482535096e-01,1.649045918846397951e-02,3.679797294661540236e-03,-9.722871261231835760e-04,1.131847278797171175e-04,-3.034488398750978533e-07,-1.907528124511781442e-06,3.540773238497330055e-07,5.209316705778732626e-08,-1.222420344809682646e-07,1.053826273501867750e-07,-2.757749265579201303e-08,-1.676264673212968237e-07,4.366219663633208459e-07,-4.943098301929405025e-07
1.726614674807144478e+00,-3.504225133618118493e-01,1.649888434408318394e-02,3.717105471257746430e-03,-9.820242580561439061e-04,1.141283247981621229e-04,-2.018096341427355611e-07,-1.963269276872292579e-06,3.635491411940749984e-07,5.303532546463429753e-08,-1.253113028898411585e-07,1.100976100218420406e-07,-3.195658089972380766e-08,-1.686677603453257124e-07,4.578326764856366360e-07,-5.285202204080574617e-07
1.728561308318980583e+00,-3.511620946168848567e-01,1.650685717018710030e-02,3.754778649396772749e-03,-9.918491758987412615e-04,1.150752682558368878e-04,-9.613642147632273094e-08,-2.020429328564166127e-06,3.732855304167115307e-07,5.395603350222266670e-08,-1.283909133939498126e-07,1.148417395034628807e-07,-3.637903788281104944e-08,-1.696690939585743241e-07,4.791673123977213677e-07,-5.630195997058384805e-07
1.730513431801270929e+00,-3.519029329046891030e-01,1.651437207711178162e-02,3.792820318963007614e-03,-1.001762552311427287e-03,1.160254320805818862e-04,1.368341073781920159e-08,-2.079042685149135039e-06,3.832925960928212916e-07,5.485466603172284294e-08,-1.314807489480318559e-07,1.196149414829650315e-07,-4.084495341429017490e-08,-1.706299227414304065e-07,5.006254768687157242e-07,-5.978084281349493878e-07
1.732471067687524791e+00,-3.526450321345166450e-01,1.652142341454403834e-02,3.831234004224855910e-03,-1.011765062459634226e-03,1.169786850869526662e-04,1.277652923875605140e-07,-2.139144543111815011e-06,3.935765659351941892e-07,5.573059191910090249e-08,-1.345806903071955496e-07,1.244171350528455733e-07,-4.535441216688140820e-08,-1.715496956797984973e-07,5.222067399821006539e-07,-6.328871200167451860e-07
1.734434238591196165e+00,-3.533883962338871809e-01,1.652800547076270499e-02,3.870023264209102726e-03,-1.021857383947959511e-03,1.179348909386389310e-04,2.462275368736444037e-07,-2.200770907123672515e-06,4.041437923762991602e-07,5.658317420165204226e-08,-1.376906164987645731e-07,1.292482328003885517e-07,-4.990749341137606931e-08,-1.724278563906139761e-07,5.439106382267022699e-07,-6.682560422521799381e-07
1.736402967307674405e+00,-3.541330291487017612e-01,1.653411247186770475e-02,3.909191693079572261e-03,-1.032040196751465508e-03,1.188939080073586618e-04,3.691914096798365463e-07,-2.263958607001681500e-06,4.150007544417855243e-07,5.741177054596757756e-08,-1.408104048222780236e-07,1.341081406307231827e-07,-5.450427079892877780e-08,-1.732638430264332730e-07,5.657366735495328314e-07,-7.039155129201501992e-07
1.738377276816306383e+00,-3.548789348433982194e-01,1.653973858099726593e-02,3.948742920520751515e-03,-1.042314183144278303e-03,1.198555892288552527e-04,4.967811981088088302e-07,-2.328745315777203118e-06,4.261540592770396430e-07,5.821573370590193974e-08,-1.439399308841848857e-07,1.389967574857986499e-07,-5.914481239748664576e-08,-1.740570880204295179e-07,5.876843126827180352e-07,-7.398657998342050846e-07
1.740357190282446398e+00,-3.556261173011087684e-01,1.654487789753313759e-02,3.988680612126753455e-03,-1.052680027625414391e-03,1.208197819547000840e-04,6.291242825862131127e-07,-2.395169567404042965e-06,4.376104440206862733e-07,5.899441202217303726e-08,-1.470790688337664243e-07,1.439139752784646120e-07,-6.382918031795636882e-08,-1.748070184125205540e-07,6.097529860991934836e-07,-7.761071187939450056e-07
1.742342731059538519e+00,-3.563745805238186515e-01,1.654952445629234714e-02,4.029008469795172104e-03,-1.063138416841169151e-03,1.217863278003376848e-04,7.663512099909119968e-07,-2.463270775243664445e-06,4.493767774144119542e-07,5.974714978318473868e-08,-1.502276914949751685e-07,1.488596787641016661e-07,-6.855743045486306642e-08,-1.755130557574285932e-07,6.319420869892178327e-07,-8.126396320307094356e-07
1.744333922691228889e+00,-3.571243285325269023e-01,1.655367222670686700e-02,4.069730232125947506e-03,-1.073690039504785268e-03,1.227550624898071652e-04,9.085957680260436931e-07,-2.533089250744691157e-06,4.614600614405439671e-07,6.047328798830520213e-08,-1.533856705884795169e-07,1.538337452804128258e-07,-7.332961237706270285e-08,-1.761746160396787664e-07,6.542509705317889335e-07,-8.494634465977535243e-07
1.746330788913509346e+00,-3.578753653674098811e-01,1.655731511199025341e-02,4.110849674825802630e-03,-1.084335586312972638e-03,1.237258156963939870e-04,1.055995062115844263e-06,-2.604666222316698310e-06,4.738674330151404490e-07,6.117216466705599487e-08,-1.565528768635027212e-07,1.588360447300762868e-07,-7.814576915600446316e-08,-1.767911097030894219e-07,6.766789528815653210e-07,-8.865786127465469235e-07
1.748333353656894351e+00,-3.586276950879853098e-01,1.656044694829059832e-02,4.152370611117867094e-03,-1.095075749859029945e-03,1.246984108792814627e-04,1.208689593135137130e-06,-2.678043855064426992e-06,4.866061655284248388e-07,6.184311576729051296e-08,-1.597291802712952347e-07,1.638664393621702686e-07,-8.300593713501253079e-08,-1.773619417270999588e-07,6.992253101904821744e-07,-9.239851220949057975e-07
1.750341641048630326e+00,-3.593813217732794163e-01,1.656306150383029738e-02,4.194296892156796491e-03,-1.105911224542722310e-03,1.256726651159903452e-04,1.366823337761724488e-06,-2.753265269939131343e-06,4.996836703158313853e-07,6.248547571030549364e-08,-1.629144501663626343e-07,1.689247836507423717e-07,-8.791014576101791045e-08,-1.778865115469735469e-07,7.218892775669172313e-07,-9.616829059894138609e-07
1.752355675414937863e+00,-3.601362495219950777e-01,1.656515247803155844e-02,4.236632407449363036e-03,-1.116842706476533359e-03,1.266483889309812094e-04,1.530543829980635095e-06,-2.830374564249948932e-06,5.131074982539507445e-07,6.309857816799713248e-08,-1.661085556672881047e-07,1.740109241386844641e-07,-9.285841723674637116e-08,-1.783642131769624939e-07,7.446700481389401105e-07,-9.996718335625320861e-07
1.754375481283288130e+00,-3.608924824526829056e-01,1.656671350062804277e-02,4.279381085280510588e-03,-1.127870893388260506e-03,1.276253861196424699e-04,1.700002244642284666e-06,-2.909416831842204232e-06,5.268853412870866393e-07,6.368175674287268606e-08,-1.693113657955103157e-07,1.791246992295658647e-07,-9.785076635418499258e-08,-1.787944350749998135e-07,7.675667719683754164e-07,-1.037951710039508590e-06
1.756401083384715012e+00,-3.616500247039132754e-01,1.656773813076202126e-02,4.322546893145758767e-03,-1.138996484520631708e-03,1.286034535679832225e-04,1.875353483338226823e-06,-2.990438183830823604e-06,5.410250338150346394e-07,6.423434588398446721e-08,-1.725227497043069214e-07,1.842659390037526546e-07,-1.028872002803438157e-07,-1.791765602832118276e-07,7.905785550654798044e-07,-1.076522274823243919e-06
1.758432506656162797e+00,-3.624088804344517967e-01,1.656821985606680980e-02,4.366133838188731436e-03,-1.150220180526307853e-03,1.295823810681662192e-04,2.056756261303860356e-06,-3.073485769805595069e-06,5.555345539143274891e-07,6.475568181674162815e-08,-1.757425770881893001e-07,1.894344652635104875e-07,-1.079677183222008119e-07,-1.795099664903682113e-07,8.137044583134134257e-07,-1.115383199620789689e-06
1.760469776242867601e+00,-3.631690538234356724e-01,1.656815209173444908e-02,4.410145967644812232e-03,-1.161542683359615205e-03,1.305619511289268786e-04,2.244373197540783238e-06,-3.158607799313983833e-06,5.704220249619362804e-07,6.524510348659973147e-08,-1.789707183841304783e-07,1.946300911617737661e-07,-1.130923116890447666e-07,-1.797940258774916034e-07,8.369434963718946907e-07,-1.154534086361680423e-06
1.762512917500777876e+00,-3.639305490705521673e-01,1.656752817956787943e-02,4.454587369290958360e-03,-1.172964696164298382e-03,1.315419387816207930e-04,2.438370905841202863e-06,-3.245853563760281446e-06,5.856957164263043580e-07,6.570195346111695756e-08,-1.822070451462654006e-07,1.998526211466344904e-07,-1.182609632097153529e-07,-1.800281053052077418e-07,8.602946365704466913e-07,-1.193974465421576703e-06
1.764561955999012888e+00,-3.646933703962204065e-01,1.656634138701751011e-02,4.499462171901374291e-03,-1.184486923156662444e-03,1.325221113815042151e-04,2.638920088435248168e-06,-3.335273458415777270e-06,6.013640454910484934e-07,6.612557922058837079e-08,-1.854514303650800500e-07,2.051018508676671903e-07,-1.234736470723946100e-07,-1.802115663571135507e-07,8.837567978016436232e-07,-1.233703793429574702e-06
1.766616917522356722e+00,-3.654575220417737857e-01,1.656458490620174237e-02,4.544774545709676788e-03,-1.196110069504893389e-03,1.335022284037340468e-04,2.846195631539538695e-06,-3.426919005289352782e-06,6.174355779708928793e-07,6.651533404622433920e-08,-1.887037488490506121e-07,2.103775668775564878e-07,-1.287303287057783852e-07,-1.803437652374284550e-07,9.073288493796627385e-07,-1.273721451228171375e-06
1.768677828073793812e+00,-3.662230082696462108e-01,1.656225185291185231e-02,4.590528702877280653e-03,-1.207834841204296836e-03,1.344820412346181548e-04,3.060376703362122086e-06,-3.520842875803786853e-06,6.339190291443363989e-07,6.687057856058498118e-08,-1.919638775854659585e-07,2.156795464829108777e-07,-1.340309642647308230e-07,-1.804240528507916608e-07,9.310096098398557007e-07,-1.314026741888740801e-06
1.770744713877084209e+00,-3.669898333635597254e-01,1.655933526559980398e-02,4.636728897967970497e-03,-1.219661944947734999e-03,1.354612929575262081e-04,3.281646853925401786e-06,-3.617098914221461570e-06,6.508232650304091038e-07,6.719068181004761442e-08,-1.952316961983946442e-07,2.210075577199765995e-07,-1.393755006094676840e-07,-1.804517749393053094e-07,9.547978458875061580e-07,-1.354618888324554682e-06
1.772817601379377050e+00,-3.677580016287138598e-01,1.655582810434908653e-02,4.683379428429435692e-03,-1.231592087991577669e-03,1.364397181335720577e-04,3.510194117525844426e-06,-3.715742161569668411e-06,6.681573028466392117e-07,6.747502279136341485e-08,-1.985070873303240724e-07,2.263613592193292057e-07,-1.447638749672852665e-07,-1.804262721380456291e-07,9.786922711280121590e-07,-1.395497031222991957e-06
1.774896517253868211e+00,-3.685275173919785319e-01,1.655172324982844001e-02,4.730484635081404210e-03,-1.243625978016910452e-03,1.374170425764674464e-04,3.746211117094944143e-06,-3.816828879121825224e-06,6.859303120776427676e-07,6.772299178392504615e-08,-2.017899372389053703e-07,2.317406998728066547e-07,-1.501960145266351132e-07,-1.803468799559809765e-07,1.002691544741557417e-06,-1.436660226755703818e-06
1.776981488402498588e+00,-3.692983850020887249e-01,1.654701350222815420e-02,4.778048902610108201e-03,-1.255764322985943038e-03,1.383929831223033868e-04,3.989895171196966572e-06,-3.920416573460761001e-06,7.041516147249238244e-07,6.793399212612349913e-08,-2.050801361438980841e-07,2.371453188092231823e-07,-1.556718362567127700e-07,-1.802129287586246020e-07,1.026794270338193815e-06,-1.478107444455312169e-06
1.779072541958695908e+00,-3.700706088298414964e-01,1.654169158017820135e-02,4.826076660070097862e-03,-1.268007830993742382e-03,1.393672473935306244e-04,4.241448403316527838e-06,-4.026564021070155874e-06,7.228306861395417116e-07,6.810744174190475064e-08,-2.083775788724873124e-07,2.425749451757941433e-07,-1.611912466220957740e-07,-1.800237439866098077e-07,1.050998994740065529e-06,-1.519837564606385527e-06
1.781169705290159833e+00,-3.708441932682953746e-01,1.653575011964800862e-02,4.874572381393001141e-03,-1.280357210114229163e-03,1.403395335565563173e-04,4.501077853769075432e-06,-4.135331293397825903e-06,7.419771552025222761e-07,6.824277500039332978e-08,-2.116821653935785363e-07,2.480292981693610344e-07,-1.667541412002371271e-07,-1.797786462892636550e-07,1.075304206721999778e-06,-1.561849376108259690e-06
1.783273006001693473e+00,-3.716191427329728070e-01,1.652918167282756839e-02,4.923540585903170286e-03,-1.292813168241539051e-03,1.413095300739457272e-04,4.768995593762426211e-06,-4.246779782501874934e-06,7.616008043942468220e-07,6.833944443673800606e-08,-2.149938014076036019e-07,2.535080867623051848e-07,-1.723604045305443533e-07,-1.794769513667471283e-07,1.099708335495358513e-06,-1.604141573782746910e-06
1.785382471938079085e+00,-3.723954616620646640e-01,1.652197870698933133e-02,4.972985838841023631e-03,-1.305376412925661131e-03,1.422769154502435962e-04,5.045418842136717430e-06,-4.360972227113180111e-06,7.817115702662968957e-07,6.839692293092447528e-08,-2.183123989571433832e-07,2.590110094354003412e-07,-1.780099095913603713e-07,-1.791179701938344637e-07,1.124209749712307138e-06,-1.646712756250834353e-06
1.787498131187000183e+00,-3.731731545166367958e-01,1.651413360333061145e-02,5.022912751893159750e-03,-1.318047651202552961e-03,1.432413579710231644e-04,5.330570085060326591e-06,-4.477972738725632951e-06,8.023195429557317127e-07,6.841470569229901599e-08,-2.216378770722449154e-07,2.645377542333238186e-07,-1.837025176993495323e-07,-1.787010090528728945e-07,1.148806755880277253e-06,-1.689561423115493177e-06
1.789620012082012490e+00,-3.739522257808406969e-01,1.650563865579631612e-02,5.073325983730715000e-03,-1.330827589418529314e-03,1.442025154362348849e-04,5.624677198057259631e-06,-4.597846828380269812e-06,8.234349661434547940e-07,6.839231253552569001e-08,-2.249701626100275575e-07,2.700879986189397286e-07,-1.894380780385201968e-07,-1.782253697280716809e-07,1.173497597012351790e-06,-1.732685972477554515e-06
1.791748143205563304e+00,-3.747326799621256699e-01,1.649648606988100841e-02,5.124230240554673854e-03,-1.343716933049023468e-03,1.451600348865884904e-04,5.927973570601929865e-06,-4.720661433976758303e-06,8.450682365407358176e-07,6.832929014266575507e-08,-2.283091908583667617e-07,2.756614092477849276e-07,-1.952164273765974456e-07,-1.776903495020326629e-07,1.198280451437244709e-06,-1.776084698465463241e-06
1.793882553392058599e+00,-3.755145215914535428e-01,1.648666796141013552e-02,5.175630276649745287e-03,-1.356716386510824213e-03,1.461135523225347288e-04,6.240698233989094845e-06,-4.846484947029772172e-06,8.672299031814434400e-07,6.822521464444619710e-08,-2.316549063408057663e-07,2.812576419645995696e-07,-2.010373897605791105e-07,-1.770952413535087366e-07,1.223153431262335999e-06,-1.819755788223798021e-06
1.796023271730983861e+00,-3.762977552235170497e-01,1.647617635529998945e-02,5.227530894945535411e-03,-1.369826652968303762e-03,1.470626924171374028e-04,6.563095991479750424e-06,-4.975387240979678438e-06,8.899306667281559058e-07,6.807969431255056492e-08,-2.350072638296341054e-07,2.868763415257713500e-07,-2.069007760943306073e-07,-1.764393340319969639e-07,1.248114580864462253e-06,-1.863697319609558534e-06
1.798170327570073335e+00,-3.770823854369599881e-01,1.646500318429632709e-02,5.279936947585800455e-03,-1.383048434133558532e-03,1.480070682215346711e-04,6.895417551958105129e-06,-5.107439699281179912e-06,9.131813784174491744e-07,6.789237216864307811e-08,-2.383662289981436366e-07,2.925171415646410367e-07,-2.128063838549576481e-07,-1.757219120802899770e-07,1.273161875633976869e-06,-1.907907258083541002e-06
1.800323750518534105e+00,-3.778684168346013728e-01,1.645314028769087958e-02,5.332853336506453157e-03,-1.396382430059676938e-03,1.489462808629618551e-04,7.237919665795122803e-06,-5.242715243714002327e-06,9.369930386027292002e-07,6.766292899584858134e-08,-2.417317795100348832e-07,2.981796644631329318e-07,-2.187539966634621802e-07,-1.749422561588692693e-07,1.298293220406560033e-06,-1.952383454226214177e-06
1.802483570450323036e+00,-3.786558540436614217e-01,1.644057941001474121e-02,5.386285014021489903e-03,-1.409829338927089115e-03,1.498799192349471732e-04,7.590865264417434588e-06,-5.381288363109915096e-06,9.613767951305307591e-07,6.739108655839931572e-08,-2.451039058312676211e-07,3.038635212025686538e-07,-2.247433840540241645e-07,-1.740996430008023843e-07,1.323506448006050995e-06,-1.997123640531950350e-06
1.804649817507478993e+00,-3.794447017159912061e-01,1.642731219970867962e-02,5.440236983417785777e-03,-1.423389856823231020e-03,1.508075596801487783e-04,7.954523602693441831e-06,-5.523235142801397046e-06,9.863439419388608798e-07,6.707661055760372193e-08,-2.484826125831451904e-07,3.095683114920366741e-07,-2.307743009223595099e-07,-1.731933457864431869e-07,1.348799317735238645e-06,-2.042125428647345586e-06
1.806822522103511242e+00,-3.802349645283044088e-01,1.641333020777025961e-02,5.494714299558126069e-03,-1.437064677514948707e-03,1.517287656655451344e-04,8.329170404275387796e-06,-5.668633293820501962e-06,1.011905916531441463e-06,6.671931443436029951e-08,-2.518679192570205672e-07,3.152936233520586828e-07,-2.368464872785219777e-07,-1.722226341052679466e-07,1.374169513856243752e-06,-2.087386306498517641e-06
1.809001714926843807e+00,-3.810266471824135248e-01,1.639862488637675725e-02,5.549722069493376320e-03,-1.450854492213521363e-03,1.526430874490281031e-04,8.715088010452509693e-06,-5.817562183013658128e-06,1.038074297812774383e-06,6.631906281084898325e-08,-2.552598616714640833e-07,3.210390331666312935e-07,-2.429596677915382696e-07,-1.711867741241435148e-07,1.399614644081309534e-06,-2.132903635210237070e-06
1.811187426944321111e+00,-3.818197544054681147e-01,1.638318758748304182e-02,5.605265453083943528e-03,-1.464759989332209411e-03,1.535500617378983412e-04,9.112565531987915080e-06,-5.970102863017689998e-06,1.064860803354217289e-06,6.587577533467836588e-08,-2.586584931102420271e-07,3.268041056762871488e-07,-2.491135514095035863e-07,-1.700850289186595088e-07,1.425132237980325511e-06,-2.178674646011180549e-06
1.813379689404769124e+00,-3.826142909501956124e-01,1.636700956139449867e-02,5.661349663629570983e-03,-1.478781854235789936e-03,1.544492113385066701e-04,9.521899004549805312e-06,-6.126338102457884460e-06,1.092277286271481351e-06,6.538943067568858680e-08,-2.620638853909063037e-07,3.325883938289087016e-07,-2.553078310395251460e-07,-1.689166584991491638e-07,1.450719745405698591e-06,-2.224696437000406313e-06
1.815578533842622910e+00,-3.834102615951467952e-01,1.635008195531416353e-02,5.717979968509322858e-03,-1.492920768982360438e-03,1.553400447980510246e-04,9.943391547639901518e-06,-6.286352417311791285e-06,1.120335731977228910e-06,6.486007102235458177e-08,-2.654761305509456548e-07,3.383914385889086329e-07,-2.615421830082231835e-07,-1.676809199928352978e-07,1.476374534875590783e-06,-2.270965970219140928e-06
1.817783992081611455e+00,-3.842076711449444737e-01,1.633239581186358286e-02,5.775161689830748957e-03,-1.507177412056723981e-03,1.562220560363779265e-04,1.037735352642232822e-05,-6.450232101190556122e-06,1.149048254267537317e-06,6.428780621736684964e-08,-2.688953420273976214e-07,3.442127691315188809e-07,-2.678162667191230639e-07,-1.663770680740417340e-07,1.502093892047362544e-06,-2.317480068333988008e-06
1.819996096238507333e+00,-3.850065244305339585e-01,1.631394206757669912e-02,5.832900205088760448e-03,-1.521552458095100716e-03,1.570947239690860531e-04,1.082410271766032217e-05,-6.618065257146810154e-06,1.178427091130807014e-06,6.367281871200169974e-08,-2.723216562736108237e-07,3.500519026346238238e-07,-2.741297241782084115e-07,-1.650043549902141526e-07,1.527875017965502069e-06,-2.364235411236870199e-06
1.822214878726945653e+00,-3.858068263094384109e-01,1.629471155136609506e-02,5.891200947834400459e-03,-1.536046577601653251e-03,1.579575121213594446e-04,1.128396447916402145e-05,-6.789941829010714969e-06,1.208484600279113863e-06,6.301536846498034805e-08,-2.757552342580460447e-07,3.559083443030464089e-07,-2.804821795741180290e-07,-1.635620308412105706e-07,1.553715027483026923e-06,-2.411228532839260197e-06
1.824440372261302290e+00,-3.866085816660163599e-01,1.627469498296128109e-02,5.950069408353655248e-03,-1.550660436655351346e-03,1.588098682315935983e-04,1.175727192281872391e-05,-6.965953633086829910e-06,1.239233254152205532e-06,6.231579811888376952e-08,-2.791962631851219179e-07,3.617815873199758947e-07,-2.868732388739553274e-07,-1.620493438603265446e-07,1.579610947596149506e-06,-2.458455817713756097e-06
1.826672609860646057e+00,-3.874117954117242690e-01,1.625388297131841880e-02,6.009511134356479434e-03,-1.565394696608164715e-03,1.596512238456783417e-04,1.224436609130463705e-05,-7.146194390378335370e-06,1.270685634158219557e-06,6.157453864841233582e-08,-2.826449581050383131e-07,3.676711127047205263e-07,-2.933024893219532414e-07,-1.604655404992966217e-07,1.605559715695675793e-06,-2.505913497721778960e-06
1.828911624852756379e+00,-3.882164724853815474e-01,1.623226601300015864e-02,6.069531731676659769e-03,-1.580250013773659354e-03,1.604809939009209374e-04,1.274559613910486444e-05,-7.330759758505944745e-06,1.302854424900523611e-06,6.079211484211199945e-08,-2.861015638774833114e-07,3.735763895798549505e-07,-2.997694990292121275e-07,-1.588098659539155522e-07,1.631558177939834708e-06,-2.553597648294325673e-06
1.831157450878213133e+00,-3.890226178534392787e-01,1.620983449052589009e-02,6.130136864981618888e-03,-1.595227039105346842e-03,1.612985762993353334e-04,1.326131951662201658e-05,-7.519747364431728087e-06,1.335752407599644087e-06,5.996915178330120000e-08,-2.895663569965623019e-07,3.794968750463201257e-07,-3.062738164871098290e-07,-1.570815643305717435e-07,1.657603087554249122e-06,-2.601504185073544306e-06
1.833410121894560429e+00,-3.898302365102522815e-01,1.618657867069064546e-02,6.191332258493643936e-03,-1.610326417865494408e-03,1.621033514706583800e-04,1.379190215917980300e-05,-7.713256836933135574e-06,1.369392452946205374e-06,5.910638109507537763e-08,-2.930396477557328794e-07,3.854320140758704660e-07,-3.128149700503540798e-07,-1.552798788665571417e-07,1.683691103020884539e-06,-2.649628860415531584e-06
1.835669672180542111e+00,-3.906393334783567761e-01,1.616248870285302841e-02,6.253123696722269476e-03,-1.625548789283304610e-03,1.628946819238544230e-04,1.433771867948019363e-05,-7.911389839021509829e-06,1.403787513509779927e-06,5.820464750450060620e-08,-2.965217821560006684e-07,3.913812397816907040e-07,-3.193924674946280184e-07,-1.534040523047675020e-07,1.709818786364142307e-06,-2.697967259518430083e-06
1.837936136340413640e+00,-3.914499138087494945e-01,1.613755461719096340e-02,6.315517025207485063e-03,-1.640894786202553093e-03,1.636719117878056295e-04,1.489915256439044988e-05,-8.114250101221021083e-06,1.438950615453848947e-06,5.726491598967431429e-08,-3.000131442720821440e-07,3.973439733316597167e-07,-3.260057955187245504e-07,-1.514533272597290425e-07,1.735982601409197246e-06,-2.746514796925225710e-06
1.840209549308331916e+00,-3.922619825811720640e-01,1.611176632292427024e-02,6.378518151274662623e-03,-1.656365034718181375e-03,1.644343663404213007e-04,1.547659637606002558e-05,-8.321943453959423920e-06,1.474894849556873666e-06,5.628827937087521605e-08,-3.035141585144840448e-07,4.033196239969227825e-07,-3.326544192111188791e-07,-1.494269465489306281e-07,1.762178912099315875e-06,-2.795266712804500564e-06
1.842489946352822372e+00,-3.930755449043992211e-01,1.608511360650396321e-02,6.442133044801425651e-03,-1.671960153801783922e-03,1.651813515256908560e-04,1.607045195729794873e-05,-8.534577860902503588e-06,1.511633361608866188e-06,5.527596594334660551e-08,-3.070252920997496027e-07,4.093075894016917626e-07,-3.393377815859299762e-07,-1.473241535241559541e-07,1.788403980552966122e-06,-2.844218069134041293e-06
1.844777363081330890e+00,-3.938906059165306894e-01,1.605758612976654343e-02,6.506367738996134131e-03,-1.687680754915070122e-03,1.659121534586215085e-04,1.668113064129395084e-05,-8.752263451983210985e-06,1.549179342072437571e-06,5.422934763743558761e-08,-3.105470576247881809e-07,4.153072554607950551e-07,-3.460553030486257509e-07,-1.451441924548574347e-07,1.814653965367257760e-06,-2.893363745662402842e-06
1.847071835444853427e+00,-3.947071707852866096e-01,1.602917342805316309e-02,6.571228331188665173e-03,-1.703527441611823318e-03,1.666260379180606321e-04,1.730905346587763294e-05,-8.975112556069975156e-06,1.587546014938934213e-06,5.314994885874391173e-08,-3.140800157591661090e-07,4.213179965462110488e-07,-3.528063808443809846e-07,-1.428863088525494929e-07,1.840924919824238337e-06,-2.942698436425583708e-06
1.849373399742653135e+00,-3.955252447083096312e-01,1.599986490829343952e-02,6.636720983633916104e-03,-1.719500809127361141e-03,1.673222498261642266e-04,1.795465139231566809e-05,-9.203239734439927489e-06,1.626746625918440436e-06,5.203945518950092719e-08,-3.176247780206642446e-07,4.273391756536015773e-07,-3.595903885107720743e-07,-1.405497499877561562e-07,1.867212790020861268e-06,-2.992216645569811817e-06
1.851682092627064069e+00,-3.963448329134682258e-01,1.596964984705150081e-02,6.702851924327596356e-03,-1.735601443955136353e-03,1.680000127151533296e-04,1.861836552879969631e-05,-9.436761813086391726e-06,1.666794429561191393e-06,5.089972315852620000e-08,-3.211820097451245637e-07,4.333701445966009480e-07,-3.664066753695030543e-07,-1.381337653150183087e-07,1.893513413113445676e-06,-3.041912683424130570e-06
1.853997951108382392e+00,-3.971659406591661057e-01,1.593851738853432204e-02,6.769627447835283029e-03,-1.751829923410531953e-03,1.686585281806714243e-04,1.930064735850001156e-05,-9.675797915997819132e-06,1.707702675809996684e-06,4.973278983078088800e-08,-3.247524332367079936e-07,4.394102441490632671e-07,-3.732545659548142103e-07,-1.356376068718800898e-07,1.919822515496216742e-06,-3.091780662420329229e-06
1.856321012559847938e+00,-3.979885732346551963e-01,1.590645654256169633e-02,6.837053916134254450e-03,-1.768186815181404734e-03,1.692969753211669148e-04,2.000195897278178592e-05,-9.920469497604056386e-06,1.749484595151007404e-06,4.854088392347577496e-08,-3.283368309597856083e-07,4.454588042115958935e-07,-3.801333594280129069e-07,-1.330605296986919761e-07,1.946135710920865458e-06,-3.141814493359817995e-06
1.858651314722718606e+00,-3.988127359603542699e-01,1.587345618249681040e-02,6.905137759469225783e-03,-1.784672676864289612e-03,1.699145101629467858e-04,2.072277330922300820e-05,-1.017090037533363578e-05,1.792153383195493888e-06,4.732643607563424837e-08,-3.319360489736911113e-07,4.515151441203402172e-07,-3.870423290119537341e-07,-1.304017925394390653e-07,1.972448498855500221e-06,-3.192007880889469185e-06
1.860988895711439328e+00,-3.996384341881710212e-01,1.583950504313562380e-02,6.973885477221636320e-03,-1.801288055486769540e-03,1.705102650708043011e-04,2.146357439428148162e-05,-1.042721676131064257e-05,1.835722183970989185e-06,4.609209056094520918e-08,-3.355510004784956202e-07,4.575785729175885219e-07,-3.939807214029672489e-07,-1.276606581886857716e-07,1.998756262333589717e-06,-3.242354319615836644e-06
1.863333794018910528e+00,-4.004656733018294723e-01,1.580459171855506592e-02,7.043303638792932503e-03,-1.818033487015011801e-03,1.710833481439258397e-04,2.222485759163783658e-05,-1.068954729499527190e-05,1.880204072546298733e-06,4.484071750021634273e-08,-3.391826695203770115e-07,4.636483895009702039e-07,-4.009477561151345015e-07,-1.248363940328095500e-07,2.025054266392711799e-06,-3.292847089789163739e-06
1.865686048521849605e+00,-4.012944587172015964e-01,1.576870465991890916e-02,7.113398884502328962e-03,-1.834909495846411692e-03,1.716328425960325643e-04,2.300712985534025812e-05,-1.095802307399251774e-05,1.925612035755253082e-06,4.357542517097190427e-08,-3.428321148704616128e-07,4.697238831195826858e-07,-4.079426250335957405e-07,-1.219282727005222000e-07,2.051337656201052129e-06,-3.343479253362091619e-06
1.868045698486261008e+00,-4.021247958826449365e-01,1.573183217323965641e-02,7.184177926498766520e-03,-1.851916594286474524e-03,1.721578061205653043e-04,2.381090998843093942e-05,-1.123277768586006253e-05,1.971958952309837976e-06,4.229957373258486086e-08,-3.465004741604049698e-07,4.758043335786887873e-07,-4.149644916573436149e-07,-1.189355725191021396e-07,2.077601455149208354e-06,-3.394243649437744814e-06
1.870412783573005111e+00,-4.029566902793436101e-01,1.569396241709637013e-02,7.255647549688101078e-03,-1.869055282009708663e-03,1.726572702388309843e-04,2.463672890680446148e-05,-1.151394723836185463e-05,2.019257571567178999e-06,4.101678872936442843e-08,-3.501889682469561116e-07,4.818890116629892528e-07,-4.220124904096705931e-07,-1.158575783123672043e-07,2.103840563087711057e-06,-3.445132890120272684e-06
1.872787343843475671e+00,-4.037901474216553654e-01,1.565508340030632300e-02,7.327814612675204176e-03,-1.886326045504135851e-03,1.731302396321479642e-04,2.548512990853402105e-05,-1.180167038974944127e-05,2.067520490811602940e-06,3.973097589815566266e-08,-3.538989054654995137e-07,4.879771794870368939e-07,-4.290857261966818381e-07,-1.126935818690499858e-07,2.130049754512503002e-06,-3.496139356282124133e-06
1.875169419765385648e+00,-4.046251728574642437e-01,1.561518297955040435e-02,7.400686048722057708e-03,-1.903729357498967767e-03,1.735756914567621045e-04,2.635666894920674075e-05,-1.209608837804410086e-05,2.116760131024020275e-06,3.844633607308356460e-08,-3.576316864109529980e-07,4.940680910295314199e-07,-4.361832736596293891e-07,-1.094428826488302864e-07,2.156223676816337864e-06,-3.547255193012133212e-06
1.877559052218664259e+00,-4.054617721685373488e-01,1.557424885695010697e-02,7.474268866721346660e-03,-1.921265676374558917e-03,1.739925746412733509e-04,2.725191492239376068e-05,-1.239734505006917509e-05,2.166988711568840209e-06,3.716738160297605731e-08,-3.613888088019323597e-07,5.001609924525085571e-07,-4.433041764497977488e-07,-1.061047886323496225e-07,2.182356848474259481e-06,-3.598472305549327288e-06
1.879956282501469511e+00,-4.062999509708875023e-01,1.553226857759542993e-02,7.548570152186170890e-03,-1.938935445554249015e-03,1.743798091662814020e-04,2.817144994599063423e-05,-1.270558688956646698e-05,2.218218222854728694e-06,3.589895290756484059e-08,-3.651718726641051127e-07,5.062551227744127580e-07,-4.504474467002805849e-07,-1.026786168919352482e-07,2.208443657232550539e-06,-3.649782354508968041e-06
1.882361152336315069e+00,-4.071397149151416706e-01,1.548922952702272079e-02,7.623597068256063314e-03,-1.956739092877969946e-03,1.747362853258237203e-04,2.911586965463619503e-05,-1.302096304461874965e-05,2.270460398051676876e-06,3.464623601900918004e-08,-3.689825856315054331e-07,5.123497142899002821e-07,-4.576120641881092910e-07,-9.916369437049099567e-08,2.234478358412173016e-06,-3.701176751885748573e-06
1.884773703876319262e+00,-4.079810696869144993e-01,1.544511892864093051e-02,7.699356856720546149e-03,-1.974677029956625057e-03,1.750608629692389229e-04,3.008578349797397244e-05,-1.334362535332367372e-05,2.323726682157412071e-06,3.341478096996475244e-08,-3.728227684768326000e-07,5.184439930937256857e-07,-4.647969756950073861e-07,-9.555935872457288482e-08,2.260455073128941894e-06,-3.752646656349223342e-06
1.887193979711575764e+00,-4.088240210071876213e-01,1.539992384110442682e-02,7.775856839059434172e-03,-1.992749651506652703e-03,1.753523707241598506e-04,3.108181504518636729e-05,-1.367372836988400842e-05,2.378028200009096871e-06,3.221052105595312298e-08,-3.766943608707329361e-07,5.245371798440201516e-07,-4.720010943169705708e-07,-9.186495909113689962e-08,2.286367786635129518e-06,-3.804182968872305004e-06
1.889622022875649066e+00,-4.096685746326951261e-01,1.535363115563258968e-02,7.853104417500440110e-03,-2.010957334664522506e-03,1.756096051996752783e-04,3.210460229528810938e-05,-1.401142938839416985e-05,2.433375722185604495e-06,3.103979311080973247e-08,-3.805994276892543660e-07,5.306284902514835089e-07,-4.792232987677752520e-07,-8.807985696530906683e-08,2.312210346605558797e-06,-3.855776328345883464e-06
1.892057876852200504e+00,-4.105147363563148577e-01,1.530622759327299014e-02,7.931107076095216674e-03,-2.029300438279809521e-03,1.758313301685431040e-04,3.315479799377574199e-05,-1.435688846565530419e-05,2.489779629008537221e-06,2.990935830948782126e-08,-3.845401651339508398e-07,5.367171359363376304e-07,-4.864624326226391071e-07,-8.420342714407502704e-08,2.337976461527779826e-06,-3.907417107040789261e-06
1.894501585581743530e+00,-4.113625120074644315e-01,1.525769970210778120e-02,8.009872381813679110e-03,-2.047779302187420492e-03,1.760162757285417545e-04,3.423306995631314464e-05,-1.471026844326872585e-05,2.547249871989731851e-06,2.882642460844131449e-08,-3.885189074279149501e-07,5.428023249799684979e-07,-4.937173035610142868e-07,-8.023505862313207171e-08,2.363659699061021469e-06,-3.959095406264045991e-06
1.896953193468537080e+00,-4.122119074525064097e-01,1.520803385440230512e-02,8.089407985656823369e-03,-2.066394246457430028e-03,1.761631374426649022e-04,3.534010139800980443e-05,-1.507173496761993192e-05,2.605795933890986404e-06,2.779866960234134154e-08,-3.925381338171218815e-07,5.488832628720852203e-07,-5.009866826622896840e-07,-7.617415556139539579e-08,2.389253484464531896e-06,-4.010801051709811382e-06
1.899412745387614843e+00,-4.130629285951564755e-01,1.515721624369277890e-02,8.169721623788778891e-03,-2.085145570621350572e-03,1.762705754565288552e-04,3.647659126966573684e-05,-1.544145650828054883e-05,2.665426785952718092e-06,2.683426492122720219e-08,-3.966004757036123429e-07,5.549591532878761502e-07,-5.082693035306229401e-07,-7.202013830621967205e-08,2.414751099029388559e-06,-4.062523589185018658e-06
1.901880286691958855e+00,-4.139155813769000991e-01,1.510523288181309098e-02,8.250821118688276418e-03,-2.104033552875543903e-03,1.763372135933673202e-04,3.764325460067774465e-05,-1.581960437549434495e-05,2.726150842791152940e-06,2.594190157134690367e-08,-4.007087242574591812e-07,5.610291987610815934e-07,-5.155638615784996492e-07,-6.777244436137475070e-08,2.440145678569288767e-06,-4.114252280168484432e-06
1.904355863219815870e+00,-4.147698717774151445e-01,1.505206959585885657e-02,8.332714380320429409e-03,-2.123058449260216418e-03,1.763616384253714753e-04,3.884082284880130409e-05,-1.620635273488768568e-05,2.787975915005680427e-06,2.513081626132063207e-08,-4.048658381189396138e-07,5.670926018913613476e-07,-5.228690132244237510e-07,-6.343052965859796721e-08,2.465430212091751505e-06,-4.165976097258994315e-06
1.906839521302164053e+00,-4.156258058150005819e-01,1.499771202508640676e-02,8.415409407328558467e-03,-2.142220492813049285e-03,1.763423983211671875e-04,4.007004425671256698e-05,-1.660187862057016517e-05,2.850909158733094806e-06,2.441081910220521678e-08,-4.090749517876579588e-07,5.731485661700230771e-07,-5.301833751010162632e-07,-5.899386961924490969e-08,2.490597540236866303e-06,-4.217683719900944261e-06
1.909331307770334663e+00,-4.164833895470134717e-01,1.494214561774528764e-02,8.498914288247040594e-03,-2.161519892697003759e-03,1.762780024688048730e-04,4.133168421535660109e-05,-1.700636194668092571e-05,2.914957022828734701e-06,2.379232284799304153e-08,-4.133393839353405319e-07,5.791962969133035433e-07,-5.375055231720410331e-07,-5.446196018818461049e-08,2.515640354062986805e-06,-4.269363529957326264e-06
1.911831269963787605e+00,-4.173426290703120545e-01,1.488535562784312240e-02,8.583237202735693322e-03,-2.180956833301625139e-03,1.761669198725203389e-04,4.262652563472024703e-05,-1.741998551529899686e-05,2.980125193105531700e-06,2.328637296877822394e-08,-4.176626464610921907e-07,5.852350025460639760e-07,-5.448339919500444495e-07,-4.983431933953952342e-08,2.540551193700585353e-06,-4.321003607310469619e-06
1.914339455738048201e+00,-4.182035305217053356e-01,1.482732711184048258e-02,8.668386422835485522e-03,-2.200531473316877373e-03,1.760075783243837677e-04,4.395536932151611342e-05,-1.784293502340994486e-05,3.046418533311778809e-06,2.290467944476848317e-08,-4.220484537686974846e-07,5.912638954830296001e-07,-5.521672735570026802e-07,-4.511048814527518491e-08,2.565322447186518806e-06,-4.372591725781971306e-06
1.916855913472811146e+00,-4.190661000784104973e-01,1.476804492527389323e-02,8.754370314246650436e-03,-2.220243944778214212e-03,1.757983633485608876e-04,4.531903436436057753e-05,-1.827539906618103061e-05,3.113841022833740979e-06,2.265965007297587874e-08,-4.265007322035163639e-07,5.972821933639127501e-07,-5.595038168959912128e-07,-4.029003221502069909e-08,2.589946349322580499e-06,-4.424115348566903805e-06
1.919380692080209894e+00,-4.199303439585180819e-01,1.470749371930527363e-02,8.841197337629978087e-03,-2.240094352082933754e-03,1.755376171182314315e-04,4.671835852614047990e-05,-1.871756913804367706e-05,3.182395691567196927e-06,2.256442499515287636e-08,-4.310236304191916723e-07,6.032891203544554770e-07,-5.668420267612717112e-07,-3.537254310466420026e-08,2.614414980603441130e-06,-4.475561624320278931e-06
1.921913841013264790e+00,-4.207962684214645588e-01,1.464565793719600946e-02,8.928876049930846437e-03,-2.260082770975764196e-03,1.752236373440824169e-04,4.815419864384606896e-05,-1.916963963027873419e-05,3.252084550736666912e-06,2.263291289106295068e-08,-4.356215295917009733e-07,6.092839083329804062e-07,-5.741802629102149558e-07,-3.035763963474269467e-08,2.638720266297245320e-06,-4.526917382938200340e-06
1.924455410274504175e+00,-4.216638797685127171e-01,1.458252181070347417e-02,9.017415105727434599e-03,-2.280209247503916722e-03,1.748546761337239908e-04,4.962743103623101781e-05,-1.963180782554863057e-05,3.322908520300704716e-06,2.287982896198581528e-08,-4.402990543619922370e-07,6.152657981289832989e-07,-5.815168390883862504e-07,-2.524496944648901842e-08,2.662853975439471998e-06,-4.578169131463916131e-06
1.927005450424771116e+00,-4.225331843432389434e-01,1.451806935639781727e-02,9.106823258603138904e-03,-2.300473796939603646e-03,1.744289388209974145e-04,5.113895191898032433e-05,-2.010427388920987823e-05,3.394867352346508937e-06,2.332073459343497746e-08,-4.450610841880142665e-07,6.212340410809147340e-07,-5.888500221214176822e-07,-2.003421061685939364e-08,2.686807720114758880e-06,-4.629303050063260372e-06
1.929564012592217104e+00,-4.234041885320306009e-01,1.445228437189657877e-02,9.197109362544132055e-03,-2.320876402669388647e-03,1.739445827647657927e-04,5.268967782724731652e-05,-2.058724085651775226e-05,3.467959550682020442e-06,2.397207844728743709e-08,-4.499127651130807592e-07,6.271879004274283353e-07,-5.961780310155539997e-07,-1.472507328570404894e-08,2.710572954853218697e-06,-4.680304988277650402e-06
1.932131148481489369e+00,-4.242768987645896273e-01,1.438515043201585297e-02,9.288282373361923111e-03,-2.341417015049546829e-03,1.733997161160773237e-04,5.428054604685039752e-05,-2.108091461638927910e-05,3.542182286014883275e-06,2.485123992701510076e-08,-4.548595220962847741e-07,6.331266527090373408e-07,-6.034990357893163515e-07,-9.317301263855881643e-09,2.734140975978183175e-06,-4.731160460999528361e-06
1.934706910383113598e+00,-4.251513215144459013e-01,1.431665088483484276e-02,9.380351350142673850e-03,-2.362095550226050306e-03,1.727923965524312544e-04,5.591251505257521792e-05,-2.158550389033675465e-05,3.617531306607246755e-06,2.597657423886179373e-08,-4.599070715441411217e-07,6.390495893189573895e-07,-6.108111564829751816e-07,-3.810673809487297170e-09,2.757502921037213728e-06,-4.781854645044547603e-06
1.937291351183081822e+00,-4.260274632994784372e-01,1.424676884767166890e-02,9.473325456722463123e-03,-2.382911888917888660e-03,1.721206299789349026e-04,5.758656495506719875e-05,-2.210122020765425965e-05,3.694000844545186624e-06,2.736745967346632114e-08,-4.650614346887738115e-07,6.449560180227242867e-07,-6.181124622139932967e-07,1.794992588594057636e-09,2.780649768635568009e-06,-4.832372375460081138e-06
1.939884524372646801e+00,-4.269053306824454608e-01,1.417548720296837352e-02,9.567213963190039638e-03,-2.403865875163028673e-03,1.713823691950507044e-04,5.930369795553724899e-05,-2.262827787535837132e-05,3.771583516887222487e-06,2.904434677486467109e-08,-4.703289513199870875e-07,6.508452647067952679e-07,-6.254009701058341197e-07,7.499842387750921269e-09,2.803572338207216408e-06,-4.882698142083530257e-06
1.942486484058332019e+00,-4.277849302715247548e-01,1.410278859408179569e-02,9.662026247418249725e-03,-2.424957315025290730e-03,1.705755125255142834e-04,6.106493880862762236e-05,-2.316689394310511574e-05,3.850270221927853953e-06,3.102880966054932799e-08,-4.757162940099979309e-07,6.567166751375586031e-07,-6.326746440372260638e-07,1.330397877107036830e-08,2.826261289827491918e-06,-4.932816086031244218e-06
1.945097284972161944e+00,-4.286662687208613320e-01,1.402865542097847529e-02,9.757771796623050664e-03,-2.446185975261283216e-03,1.696979024152465987e-04,6.287133529364608009e-05,-2.371728816297213882e-05,3.930050030062637312e-06,3.334359978401923996e-08,-4.812304829557301211e-07,6.625696165538097482e-07,-6.399313935544909127e-07,1.920746186059862914e-08,2.848707124317173545e-06,-4.982709996895207105e-06
1.947716982482116554e+00,-4.295493527311257109e-01,1.395306983583074860e-02,9.854460208952146166e-03,-2.467551581945795491e-03,1.687473239868966801e-04,6.472395869408509306e-05,-2.427968294349547307e-05,4.010910068810713547e-06,3.601270238962062109e-08,-4.868789012998919752e-07,6.684034793563720100e-07,-6.471690727673923282e-07,2.521030655414091548e-08,2.870900183638003256e-06,-5.032363309662168938e-06
1.950345632602816570e+00,-4.304341890500812950e-01,1.387601373851090822e-02,9.952101195103955217e-03,-2.489053819054608610e-03,1.677215035593877801e-04,6.662390428555098332e-05,-2.485430329735027755e-05,4.092835402230710073e-06,3.906139456333335147e-08,-4.926693111112490087e-07,6.742176791758869303e-07,-6.543854791495745671e-07,3.131248030134592408e-08,2.892830651246569573e-06,-5.081759101757676866e-06
1.952983292006452487e+00,-4.313207844731622442e-01,1.379746877198075906e-02,1.005070457997661246e-02,-2.510692327002860685e-03,1.666181071272761216e-04,6.857229183206137169e-05,-2.544137678306412909e-05,4.175808904133271326e-06,4.251630661422645119e-08,-4.986098699477636842e-07,6.800116584930460117e-07,-6.615783522592039168e-07,3.751390092315842750e-08,2.914488552434313373e-06,-5.130880090506440006e-06
1.955630018033953421e+00,-4.322091458440604494e-01,1.371741631757373431e-02,1.015028030434885278e-02,-2.532466701137740459e-03,1.654347387989897611e-04,7.057026609075256474e-05,-2.604113343934733038e-05,4.259811125062462622e-06,4.640548585677084503e-08,-5.047091479193355212e-07,6.857848886820949730e-07,-6.687453723893538315e-07,4.381443420228836594e-08,2.935863755375300865e-06,-5.179708630703716565e-06
1.958285868706409971e+00,-4.330992800553239985e-01,1.363583749016620411e-02,1.025083842659288078e-02,-2.554376490184272208e-03,1.641689391930732655e-04,7.261899732531607032e-05,-2.665380571251207975e-05,4.344820152268891178e-06,5.075846286339835700e-08,-5.109761455346362169e-07,6.915368719745407233e-07,-6.758841593190040298e-07,5.021389132622844365e-08,2.956945971910318605e-06,-5.228226712464256742e-06
1.960950902736755985e+00,-4.339911940489645237e-01,1.355271313323499344e-02,1.035238912442030049e-02,-2.576421194642143295e-03,1.628181837915049224e-04,7.471968182813648607e-05,-2.727962837645314664e-05,4.430811462521888622e-06,5.560632133916332265e-08,-5.174203120128506583e-07,6.972671431869359449e-07,-6.829922709339353304e-07,5.671202655752050070e-08,2.977724758865263333e-06,-5.276415959223901275e-06
1.963625179541716115e+00,-4.348848948170772055e-01,1.346802381379813562e-02,1.045494269666136927e-02,-2.598600265132200438e-03,1.613798812485460477e-04,7.687354245074218273e-05,-2.791883844402431869e-05,4.517757767941166236e-06,6.098177016133909945e-08,-5.240515641852239170e-07,7.029752718580584148e-07,-6.900672018632370008e-07,6.330853451023965572e-08,2.998189519314020668e-06,-5.324257626088124695e-06
1.966308759254027150e+00,-4.357803894024706581e-01,1.338174981723482503e-02,1.055850956507951854e-02,-2.620913100691117659e-03,1.598513716531690942e-04,7.908182914294348276e-05,-2.857167506997715378e-05,4.605628854112420179e-06,6.691921917989507307e-08,-5.308803064443812225e-07,7.086608642750680254e-07,-6.971063819596889921e-07,7.000304742127427815e-08,3.018329504202166280e-06,-5.371732598180578577e-06
1.969001702734942683e+00,-4.366776848993088045e-01,1.329387114198142712e-02,1.066310027622092288e-02,-2.643359047011883609e-03,1.582299247450402735e-04,8.134581950096364533e-05,-2.923837944487917007e-05,4.694391409681974991e-06,7.345485789067573990e-08,-5.379174509642647983e-07,7.143235653157831155e-07,-7.041071746977448087e-07,7.679513234354340412e-08,3.038133814116383835e-06,-5.418821389754913120e-06
1.971704071587023321e+00,-4.375767884537630215e-01,1.320436749409960309e-02,1.076872550329998138e-02,-2.665937394628692739e-03,1.565127380816419556e-04,8.366681932385489073e-05,-2.991919467917880660e-05,4.784008847721898938e-06,8.062673753639337804e-08,-5.451744387111046031e-07,7.199630605407569828e-07,-7.110668756278928915e-07,8.368428829758078891e-08,3.057591401525727726e-06,-5.465504143237209789e-06
1.974415928167229328e+00,-4.384777072646768303e-01,1.311321828171341762e-02,1.087539604812257782e-02,-2.688647377044597539e-03,1.546969351554627892e-04,8.604616317905988687e-05,-3.061436567725062119e-05,4.874441118601913203e-06,8.847485699625678990e-08,-5.526632613286897033e-07,7.255790780945348128e-07,-7.179827107685679555e-07,9.066994310392983980e-08,3.076691073113091424e-06,-5.511760628809647677e-06
1.977137335600318790e+00,-4.393804485842445762e-01,1.302040260931137255e-02,1.098312284304736250e-02,-2.711488168799725679e-03,1.527795634597116370e-04,8.848521497616113063e-05,-3.132413900058805822e-05,4.965644512994193960e-06,9.704125171483557466e-08,-5.603964833497676601e-07,7.311713906971162302e-07,-7.248518348306615122e-07,9.775145025023301848e-08,3.095421492363414906e-06,-5.557570243966414303e-06
1.979868357792557099e+00,-4.402850197186992665e-01,1.292589927190835111e-02,1.109191695298606534e-02,-2.734458883477416599e-03,1.507575925008934614e-04,9.098536854962313569e-05,-3.204876271944989696e-05,5.057571455718834486e-06,1.063700869469164090e-07,-5.683872655870558788e-07,7.367398176839901058e-07,-7.316713294567775416e-07,1.049280856507683879e-07,3.113771182519653458e-06,-5.602912013902283661e-06
1.982609059445757715e+00,-4.411914280290142876e-01,1.282968674906441627e-02,1.120178957744333292e-02,-2.757558571647177742e-03,1.486279117570293851e-04,9.354804825015272662e-05,-3.278848625254404681e-05,5.150170289083821906e-06,1.165077550685511554e-07,-5.766493889197699119e-07,7.422842264320772543e-07,-7.384382012236984094e-07,1.121990445881321241e-07,3.131728529733035504e-06,-5.647764592192627831e-06
1.985359506071652014e+00,-4.420996809316200538e-01,1.273174319875659127e-02,1.131275205259848343e-02,-2.780786218741948534e-03,1.463873285795502799e-04,9.617470954446927234e-05,-3.354356019388826660e-05,5.243385045511361753e-06,1.275029760383628030e-07,-5.851972788087356214e-07,7.478045346114015057e-07,-7.451493797437300226e-07,1.195634378031718015e-07,3.149281786692104124e-06,-5.692106261515061938e-06
1.988119764006607948e+00,-4.430097858991314252e-01,1.263204645109696628e-02,1.142481585342923836e-02,-2.804140742866858410e-03,1.440325660368238503e-04,9.886683962390119262e-05,-3.431423612629269648e-05,5.337155209908517328e-06,1.394069030491440486e-07,-5.940460308731521089e-07,7.533007117914436446e-07,-7.518017155778294880e-07,1.270202879925796946e-07,3.166419076564008783e-06,-5.735914935259267544e-06
1.990889900426696446e+00,-4.439217504610891707e-01,1.253057400189462253e-02,1.153799259587787868e-02,-2.827620992537426686e-03,1.415602606984721346e-04,1.016259580209205593e-04,-3.510076642010417913e-05,5.431415469450695532e-06,1.522732320236031001e-07,-6.032114368351160216e-07,7.587727809052480232e-07,-7.583919780186285098e-07,1.345685262318929709e-07,3.183128397046819380e-06,-5.779168159317227271e-06
1.993669983363131282e+00,-4.448355822047170283e-01,1.242730300605589255e-02,1.165229403906261479e-02,-2.851225744345237123e-03,1.389669603578426449e-04,1.044536172346011149e-04,-3.590340401782299296e-05,5.526095451527379687e-06,1.661583160228463640e-07,-6.127100113662020675e-07,7.642208198939404173e-07,-7.649168527893226988e-07,1.422069879145060334e-07,3.199397625198996398e-06,-5.821843114622859972e-06
1.996460081718078428e+00,-4.457512887756910902e-01,1.232221027081785263e-02,1.176773208753396915e-02,-2.874953700548129459e-03,1.362491216911482228e-04,1.073514033643335752e-04,-3.672240220170541747e-05,5.621119449156219972e-06,1.811212839708531419e-07,-6.225590196348718131e-07,7.696449628828705425e-07,-7.713729396480184519e-07,1.499344088485426996e-07,3.215214522227227700e-06,-5.863916619761044835e-06
1.999260265280854210e+00,-4.466688778789256742e-01,1.221527224881005513e-02,1.188431879357795817e-02,-2.898803486581639707e-03,1.334031078510898582e-04,1.103209367511459593e-04,-3.755801434549010942e-05,5.716406133129958711e-06,1.972241643888317242e-07,-6.327765055616496603e-07,7.750454015242880246e-07,-7.777567498021276116e-07,1.577494211403573932e-07,3.230566738912643565e-06,-5.905365134506457281e-06
2.002070604744526694e+00,-4.475883572793730725e-01,1.210646503093841704e-02,1.200206635956716297e-02,-2.922773648489749784e-03,1.304251859929571322e-04,1.133638726274199815e-04,-3.841049364775028785e-05,5.811868249813723075e-06,2.145320145696683056e-07,-6.433813209694161372e-07,7.804223858959291604e-07,-7.840647032958739104e-07,1.656505489149723287e-07,3.245441821321526366e-06,-5.946164763848127421e-06
2.004891171722923193e+00,-4.485097348028386222e-01,1.199576433908665710e-02,1.212098714036093441e-02,-2.946862650272073780e-03,1.273115247316172760e-04,1.164819017745177820e-04,-3.928009284687172809e-05,5.907412305161674482e-06,2.331130541655124233e-07,-6.543931552471793367e-07,7.857762253649092088e-07,-7.902931259476386749e-07,1.736362037242644707e-07,3.259827217168276281e-06,-5.986291262582987827e-06
2.007722038768065431e+00,-4.494330183368124287e-01,1.188314551862966126e-02,1.224109364575562062e-02,-2.971068871144002740e-03,1.240581915265513702e-04,1.196767511877777634e-04,-4.016706391640756380e-05,6.002938232801957597e-06,2.530388052979226643e-07,-6.658325658603914121e-07,7.911072888236447831e-07,-7.964382464390948324e-07,1.817046801563804159e-07,3.273710282455932763e-06,-6.025720040353510498e-06
2.010563279388039248e+00,-4.503582158313169659e-01,1.176858353075181315e-02,1.236239854298730456e-02,-2.995390602706708011e-03,1.206611499926443787e-04,1.229501847492264766e-04,-4.107165773911680695e-05,6.098339046495260263e-06,2.743842374142158036e-07,-6.777210094371932669e-07,7.964160051339430613e-07,-8.024961931077032040e-07,1.898541510635121110e-07,3.287078288428946227e-06,-6.064426167573522264e-06
2.013414968065318611e+00,-4.512853352997711065e-01,1.165205294456445745e-02,1.248491465928722524e-02,-3.019826046024040242e-03,1.171162571352440951e-04,1.263040039069240894e-04,-4.199412375954780785e-05,6.193500476217583817e-06,2.972279180835091239e-07,-6.900808735693653162e-07,8.017028628425071357e-07,-8.084629904781329146e-07,1.980826625225251547e-07,3.299918429310044754e-06,-6.102384382089542925e-06
2.016277180275553249e+00,-4.522143848198708627e-01,1.153352792901689641e-02,1.260865498449151648e-02,-3.044373308603144299e-03,1.134192605064150705e-04,1.297400483622618284e-04,-4.293470961302947586e-05,6.288300586479445009e-06,3.216521705651231855e-07,-7.029355092516564874e-07,8.069684096050078193e-07,-8.143345556930678408e-07,2.063881290887553677e-07,3.312217830404862173e-06,-6.139569096397234915e-06
2.019149992506834579e+00,-4.531453725344886663e-01,1.141298224459271100e-02,1.273363267370774404e-02,-3.069030401274651029e-03,1.095657952799450330e-04,1.332601967628244122e-04,-4.389366073059841611e-05,6.382609376520687050e-06,3.477432363452326314e-07,-7.163092638762247333e-07,8.122132513846413993e-07,-8.201066945701801503e-07,2.147683282362200519e-07,3.323963556789433227e-06,-6.175954405468475628e-06
2.022033482279457672e+00,-4.540783066525903577e-01,1.129038923478591951e-02,1.285986105003860888e-02,-3.093795234969066651e-03,1.055513812422727293e-04,1.368663674022191357e-04,-4.487121991747500260e-05,6.476288361742521538e-06,3.755914451397668330e-07,-7.302275149556614053e-07,8.174380508596534867e-07,-8.257750974821620460e-07,2.232208951291614341e-07,3.335142622337694540e-06,-6.211514095758041698e-06
2.024927728166199259e+00,-4.550131954501698273e-01,1.116572181734866789e-02,1.298735360736511663e-02,-3.118665617385597139e-03,1.013714196974532800e-04,1.405605189254977017e-04,-4.586762690517165453e-05,6.569190135183311519e-06,4.052913911145594739e-07,-7.447167042554103666e-07,8.226435255428987681e-07,-8.313353350242538853e-07,2.317433170796051600e-07,3.345741999540019496e-06,-6.246221654709893656e-06
2.027832809813109982e+00,-4.559500472712025854e-01,1.103895247530365872e-02,1.311612401318976162e-02,-3.143639249549586012e-03,9.702119028310446369e-05,1.443446510402679461e-04,-4.688311787443000256e-05,6.661157907872361505e-06,4.369421159056141590e-07,-7.598043721204761347e-07,8.278304450166917849e-07,-8.367828533157456450e-07,2.403329277846089074e-07,3.355748629814414574e-06,-6.280050281526339262e-06
2.030748807960868429e+00,-4.568888705286198726e-01,1.091005324771330241e-02,1.324618611154308387e-02,-3.168713722253963319e-03,9.249584769346896884e-05,1.482208052330097336e-04,-4.791792494815427794e-05,6.752025028075592239e-06,4.706472991888865920e-07,-7.755191927874549584e-07,8.329996277790796544e-07,-8.421129689233086690e-07,2.489869014403456315e-07,3.365149434400582784e-06,-6.312972898159241453e-06
2.033675804466681392e+00,-4.578296737053021981e-01,1.077899572019740820e-02,1.337755392595438297e-02,-3.193886512380738479e-03,8.779041830792380652e-05,1.521910654897207227e-04,-4.897227565203721156e-05,6.841614477226531932e-06,5.065154558003825969e-07,-7.918910097035047890e-07,8.381519371811196883e-07,-8.473208634243722948e-07,2.577022464918948819e-07,3.373931325892365329e-06,-6.344962161883294094e-06
2.036613882326775649e+00,-4.587724653550929177e-01,1.064575101519121478e-02,1.351024166248774444e-02,-3.219154979098016317e-03,8.289979672140845857e-05,1.562575590210169008e-04,-5.004639234243435375e-05,6.929738342612012936e-06,5.446601411274176741e-07,-8.089508709840931289e-07,8.432882765453675322e-07,-8.524015777883545142e-07,2.664757994853828027e-07,3.382081220332233684e-06,-6.375990478785231730e-06
2.039563125699485280e+00,-4.597172541038329618e-01,1.051028978193465843e-02,1.364426371284690673e-02,-3.244516359927550678e-03,7.781874217299353247e-05,1.604224569904527664e-04,-5.114049159782307896e-05,7.016197264828050173e-06,5.852001636608150648e-07,-8.267310652732007270e-07,8.484095834933313984e-07,-8.573500062574249125e-07,2.753042184708287543e-07,3.389586050152326724e-06,-6.406030017655495179e-06
2.042523619928955814e+00,-4.606640486504172127e-01,1.037258218618417396e-02,1.377963465754907663e-02,-3.269967766678288923e-03,7.254187487002253243e-05,1.646879752459085022e-04,-5.225478357362423054e-05,7.100779859700590002e-06,6.282598060680655294e-07,-8.452651576590364257e-07,8.535168230273948442e-07,-8.621608896704213709e-07,2.841839763807058050e-07,3.396432777733049413e-06,-6.435052725684009545e-06
2.045495451569494527e+00,-4.616128577678734746e-01,1.023259789963746821e-02,1.391636926917114159e-02,-3.295506181240684049e-03,6.706367220413872454e-05,1.690563750532669829e-04,-5.338947131799942625e-05,7.183262112631094709e-06,6.739690539825371474e-07,-8.645880253815851901e-07,8.586109796274166150e-07,-8.668288084476283295e-07,2.931113541881913420e-07,3.402608409433516279e-06,-6.463030345071896221e-06
2.048478708410580218e+00,-4.625636903044649251e-01,1.009030608906110078e-02,1.405448251567011433e-02,-3.321128451236285764e-03,6.137846485507886252e-05,1.735299638313397841e-04,-5.454475004471048827e-05,7.263406745380840412e-06,7.224638335356914354e-07,-8.847358936095450765e-07,8.636930483758853416e-07,-8.713481749909532392e-07,3.020824336386757070e-07,3.408100010565684457e-06,-6.489934430337074289e-06
2.051473479502555097e+00,-4.635165551848127174e-01,9.945675405110496539e-03,1.419398956377829202e-02,-3.346831285516717672e-03,5.548043277949638030e-05,1.781110958873483030e-04,-5.572080636456755443e-05,7.340962552476737457e-06,7.738862578265948144e-07,-9.057463707939916731e-07,8.687640239979366186e-07,-8.757132255142463517e-07,3.110930901373959445e-07,3.412894721027681655e-06,-6.515736367396218753e-06
2.054479855183027670e+00,-4.644714614110466155e-01,9.798673970833135169e-03,1.433490578247789346e-02,-3.372611249507502518e-03,4.936360107994641755e-05,1.828021731530848903e-04,-5.691781746874902126e-05,7.415663706836217450e-06,8.283848816348360344e-07,-9.276584833420309373e-07,8.738248891068667312e-07,-8.799180114312660228e-07,3.201389852033886818e-07,3.416979771901640373e-06,-6.540407393715308437e-06
2.057497927104003921e+00,-4.654284180639788326e-01,9.649269369841602037e-03,1.447724674655598981e-02,-3.398464760389179051e-03,4.302183575023016404e-05,1.876056459188119030e-04,-5.813595026479823069e-05,7.487229033639741793e-06,8.861149657646283373e-07,-9.505127102071853074e-07,8.788766007981896333e-07,-8.839563898814864484e-07,3.292155585730288658e-07,3.420342502419293496e-06,-6.563918619320596726e-06
2.060527788259782334e+00,-4.663874343043025172e-01,9.497428634146640181e-03,1.462102824024182068e-02,-3.424388082110041420e-03,3.644883929384071242e-05,1.925240135660366558e-04,-5.937536046152214197e-05,7.555361249689251935e-06,9.472387511311186614e-07,-9.743510161752677590e-07,8.839200748254893991e-07,-8.878220136947223562e-07,3.383180206331659612e-07,3.422970378010037340e-06,-6.586241049863494901e-06
2.063569533015619406e+00,-4.673485193738170507e-01,9.343118231637363019e-03,1.476626626092966688e-02,-3.450377320224002828e-03,2.963814620998012073e-05,1.975598252962895707e-04,-6.063619159946131987e-05,7.619746167836227713e-06,1.011925741423169711e-06,-9.992168841788107159e-07,8.889561684266578112e-07,-8.915083205846691117e-07,3.474413439522039404e-07,3.424851009195539753e-06,-6.607345610476489384e-06
2.066623257137225167e+00,-4.683116825966811558e-01,9.186304053196061442e-03,1.491297702299025640e-02,-3.476428416546283734e-03,2.258311834287679565e-05,2.027156808559471557e-04,-6.191857402523814891e-05,7.680051864605852430e-06,1.080352996452038639e-06,-1.025155346515149724e-06,8.939856608915219827e-07,-8.950085215383984938e-07,3.565802551581259694e-07,3.425972171032520830e-06,-6.627203171238882362e-06
2.069689057821078038e+00,-4.692769333806925958e-01,9.026951399434466478e-03,1.506117696167184536e-02,-3.502537143619656110e-03,1.527694009008373488e-05,2.079942312552124362e-04,-6.322262380570320417e-05,7.735927809296438973e-06,1.152705435325529493e-06,-1.052213014440805949e-06,8.990092315100395304e-07,-8.983155883324211999e-07,3.657292262666117511e-07,3.426321823672695555e-06,-6.645784574099700137e-06
2.072767033725623431e+00,-4.702442812185961829e-01,8.865024967038621917e-03,1.521088273709509525e-02,-3.528699098984419344e-03,7.712613464844891853e-06,2.133981794802536358e-04,-6.454844157943728788e-05,7.787003952347548719e-06,1.229176149836197496e-06,-1.080438105850733965e-06,9.040274352480059949e-07,-9.014222399333221558e-07,3.748824658651728203e-07,3.425888133651300294e-06,-6.663060661368791493e-06
2.075857285003366304e+00,-4.712137356894221529e-01,8.700488834706619073e-03,1.536211123834378342e-02,-3.554909699243113258e-03,-1.170469928722661646e-07,2.189302811965998519e-04,-6.589611134172335127e-05,7.832889772352302771e-06,1.309966728313405326e-06,-1.109880471007740343e-06,9.090406755882241008e-07,-9.043209281776182218e-07,3.840339101932044308e-07,3.424659496112369972e-06,-6.679002305776116089e-06
2.078959913333897624e+00,-4.721853064598540151e-01,8.533306448665362726e-03,1.551487958765480901e-02,-3.581164173912364940e-03,-8.219419461788501913e-06,2.245933454422532893e-04,-6.726569915979641046e-05,7.873173279174250361e-06,1.395287589855964683e-06,-1.140591615572672524e-06,9.140491741971290551e-07,-9.070038222772081049e-07,3.931772140849942865e-07,3.422624557720965743e-06,-6.693580441835544903e-06
2.082075021957885852e+00,-4.731590032856282102e-01,8.363440607750747061e-03,1.566920514471023540e-02,-3.607457559052906076e-03,-1.660208024670262184e-05,2.303902353097825317e-04,-6.865725181451343140e-05,7.907419970046292157e-06,1.485358330249875181e-06,-1.172624720859050118e-06,9.190529372919697959e-07,-9.094627920723519221e-07,4.023057414807851284e-07,3.419772240602358959e-06,-6.706766099318084429e-06
2.085202715712072941e+00,-4.741348360129651329e-01,8.190853448034517148e-03,1.582510551103473440e-02,-3.633784690668993497e-03,-2.527280935386497229e-05,2.363238686138857680e-04,-7.007079536372473605e-05,7.935171739359425658e-06,1.580408077656025867e-06,-1.206034660840293871e-06,9.240517186183405673e-07,-9.116893899280970048e-07,4.114125556828329699e-07,3.416091767273476965e-06,-6.718530437863079463e-06
2.088343101065306406e+00,-4.751128145800330715e-01,8.015506426981173008e-03,1.598259853450132231e-02,-3.660140197867247855e-03,-3.423959623947286923e-05,2.423972185435913085e-04,-7.150633362501546131e-05,7.955945737339598089e-06,1.680675860288305401e-06,-1.240878015423829694e-06,9.290449784170318193e-07,-9.136748315300216583e-07,4.204904097172834643e-07,3.411572686226604922e-06,-6.728844783879250890e-06
2.091496286155650974e+00,-4.760929490184462320e-01,7.837360307117213418e-03,1.614170231394939856e-02,-3.686518495765282732e-03,-4.351064573854257489e-05,2.486133142969582099e-04,-7.296384657118348827e-05,7.969233176946532993e-06,1.786410984944142299e-06,-1.277213079346750657e-06,9.340318379430501139e-07,-9.154099750840333227e-07,4.295317364219619627e-07,3.406204898540043935e-06,-6.737680668750245516e-06
2.094662380828611337e+00,-4.770752494547990108e-01,7.656375139194307108e-03,1.630243520391800802e-02,-3.712913778139710630e-03,-5.309438417990322567e-05,2.549752416956402312e-04,-7.444328863592808432e-05,7.974498085899783817e-06,1.897873427164631366e-06,-1.315099866359970004e-06,9.390110295784404038e-07,-9.168852989089454342e-07,4.385286382722203280e-07,3.399978685432458736e-06,-6.745009869218998588e-06
2.097841496676521533e+00,-4.780597261122335739e-01,7.472510244826936418e-03,1.646481581949868836e-02,-3.739320009802609215e-03,-6.299946569398792717e-05,2.614861437767179719e-04,-7.594458692303240888e-05,7.971176001972390956e-06,2.015334232774446122e-06,-1.354600108111059242e-06,9.439808417825712450e-07,-9.180908774339760492e-07,4.474728770385155707e-07,3.392884736476420304e-06,-6.750804449340286340e-06
2.101033747079129821e+00,-4.790463893120482375e-01,7.285724198584081837e-03,1.662886304131115309e-02,-3.765730918694448759e-03,-7.323477872163419722e-05,2.681492213598701824e-04,-7.746763931532063552e-05,7.958672608707195728e-06,2.139075930329692454e-06,-1.395777246712692765e-06,9.489390587931467724e-07,-9.190163554198896301e-07,4.563558634387843149e-07,3.384914179005438228e-06,-6.755036804459435551e-06
2.104239247245438094e+00,-4.800352494753412080e-01,7.095974809514238313e-03,1.679459602060605697e-02,-3.792139987682036778e-03,-8.380945272973630567e-05,2.749677335861927530e-04,-7.901231247647855227e-05,7.936362308960664969e-06,2.269392955528415357e-06,-1.438696420830165579e-06,9.538828943563004703e-07,-9.196509201123484467e-07,4.651686464057086523e-07,3.376058608096921265e-06,-6.757679706773100925e-06
2.107458114256832715e+00,-4.810263171246951241e-01,6.903219102081300379e-03,1.696203418449898290e-02,-3.818540446049102643e-03,-9.473286514196516128e-05,2.819449984266808595e-04,-8.057843974229594863e-05,7.903586733720713298e-06,2.406592087306202998e-06,-1.483424444122249941e-06,9.588089189202508855e-07,-9.199832714246181098e-07,4.739019024806168101e-07,3.366310117394744061e-06,-6.758706353443555415e-06
2.110690467111561830e+00,-4.820196028859028425e-01,6.707413296488311943e-03,1.713119724133967126e-02,-3.844925260665418842e-03,-1.060146484922232235e-04,2.890843931557945945e-04,-8.216581889258778304e-05,7.859653183117654152e-06,2.550992894784220866e-06,-1.530029775140273607e-06,9.637129800045551864e-07,-9.200015898998270547e-07,4.825459250946267931e-07,3.355661331062853581e-06,-6.758090416184026061e-06
2.113936426770617327e+00,-4.830151174897341360e-01,6.508512788364662766e-03,1.730210518622150861e-02,-3.871287126821082447e-03,-1.176646978105627683e-04,2.963893547877211043e-04,-8.377420979888139385e-05,7.803832996824966450e-06,2.702928195430498448e-06,-1.578582478109491483e-06,9.685901151551545851e-07,-9.196935022749708200e-07,4.910906136988690829e-07,3.344105436148270272e-06,-6.755806092856309064e-06
2.117196116205061429e+00,-4.840128717737476327e-01,6.306472127791848750e-03,1.747477830663549461e-02,-3.897618458711589809e-03,-1.296931782482010909e-04,3.038633804717943976e-04,-8.540333194162474939e-05,7.735359850796763581e-06,2.862744524712024230e-06,-1.629154173454772092e-06,9.734344567149944005e-07,-9.190460444567088993e-07,4.995254628461370805e-07,3.331636215776756504e-06,-6.751828161385975413e-06
2.120469660444872062e+00,-4.850128766841449446e-01,6.101244997640467224e-03,1.764923718827349913e-02,-3.923911379558196050e-03,-1.421105329517460825e-04,3.115100278416188528e-04,-8.705286178842253086e-05,7.653427976830884383e-06,3.030802616155181539e-06,-1.681817976550981086e-06,9.782391279557212105e-07,-9.180456219254340411e-07,5.078395512794764421e-07,3.318248083319930153e-06,-6.746132035412299999e-06
2.123757186629353200e+00,-4.860151432776739777e-01,5.892784191190823459e-03,1.782550272098634356e-02,-3.950157711347077744e-03,-1.549274911963709200e-04,3.193329153155094469e-04,-8.872243002652768773e-05,7.557190301904492813e-06,3.207477892092081007e-06,-1.736648424136011393e-06,9.829961295088063267e-07,-9.166779671295963161e-07,5.160215311543481231e-07,3.303936116826056146e-06,-6.738693821783936500e-06
2.127058824059180786e+00,-4.870196827235780956e-01,5.681041589008688567e-03,1.800359610490135168e-02,-3.976348964171016673e-03,-1.681550767870555740e-04,3.273357223419620654e-04,-9.041161864181690433e-05,7.445756503743350407e-06,3.393160964704211580e-06,-1.793721386915414495e-06,9.876962158289481764e-07,-9.149280937124221191e-07,5.240596173579359363e-07,3.288696094214116350e-06,-6.729490380719127529e-06
2.130374704250154849e+00,-4.880265063055958530e-01,5.465968135044319345e-03,1.818353885670513301e-02,-4.002476325155443840e-03,-1.818046167386330736e-04,3.355221895862126047e-04,-9.211995783531268245e-05,7.318190978988781126e-06,3.588258146058898035e-06,-1.853113966623909370e-06,9.923287605899389074e-07,-9.127802475632218471e-07,5.319415766098789522e-07,3.272524529057685427e-06,-6.718499387020626656e-06
2.133704960988708876e+00,-4.890356254240114664e-01,5.247513811923523730e-03,1.836535281609749659e-02,-4.028530646950250968e-03,-1.958877502456352060e-04,3.438961190529166156e-04,-9.384692276859230020e-05,7.173510719812870029e-06,3.793191968221032440e-06,-1.914904376301707067e-06,9.968816100172639416e-07,-9.102178544044547959e-07,5.396547172898530365e-07,3.255418706681056928e-06,-6.705699394260467017e-06
2.137049730389271041e+00,-4.900470515977572439e-01,5.025627615396779935e-03,1.854906015242173759e-02,-4.054502435768058549e-03,-2.104164379521517025e-04,3.524613741380522303e-04,-9.559193012970146341e-05,7.010683095776126805e-06,4.008401710914322180e-06,-1.979171802203583130e-06,1.001340923394156146e-06,-9.072234634123488295e-07,5.471858792703565566e-07,3.237376720553741816e-06,-6.691069900172097462e-06
2.140409150953539452e+00,-4.910607964665715253e-01,4.800257527910760727e-03,1.873468337147874210e-02,-4.080381838947485379e-03,-2.254029715353135510e-04,3.612218796054667003e-04,-9.735433450755448526e-05,6.828623535973243897e-06,4.234343937370432798e-06,-2.045996245314540829e-06,1.005691000040276339e-06,-9.037786870167915931e-07,5.545214238379669869e-07,3.218397509080483943e-06,-6.674591414443376003e-06
2.143783363631754035e+00,-4.920768717932130776e-01,4.571350491265058213e-03,1.892224532252985772e-02,-4.106158632020200441e-03,-2.408599836126734672e-04,3.701816214801562088e-04,-9.913342456610574338e-05,6.626193108497102635e-06,4.471493036617424366e-06,-2.115458340869180720e-06,1.009914091128910618e-06,-8.998641364173221024e-07,5.616472243952230770e-07,3.198480892502297834e-06,-6.656245527938975393e-06
2.147172511886054291e+00,-4.930952894657331109e-01,4.338852378316082267e-03,1.911176920549611732e-02,-4.131822205258876141e-03,-2.568004579876596860e-04,3.793446468526584514e-04,-1.009284190071069176e-04,6.402195990712344909e-06,4.720341771818903354e-06,-2.187639153092280075e-06,1.013990195163072539e-06,-8.954593524266446503e-07,5.685486575909837192e-07,3.177627609499134032e-06,-6.636014984434668307e-06
2.150576741756000665e+00,-4.941160614998086897e-01,4.102707963685742892e-03,1.930327857836144217e-02,-4.157361549681548585e-03,-2.732377402470675953e-04,3.887150635864117243e-04,-1.027384623084048876e-04,6.155376827882141910e-06,4.981401832609977376e-06,-2.262619943758925611e-06,1.017896836791321036e-06,-8.905427318611075505e-07,5.752105947214036785e-07,3.155839354111733552e-06,-6.613883753142646427e-06
2.153996201926366538e+00,-4.951392000411371508e-01,3.862860893432108755e-03,1.949679736478560771e-02,-4.182765242487163776e-03,-2.901855487225379893e-04,3.982970399200452816e-04,-1.045626202270388827e-04,5.884417974361122461e-06,5.255204390763879019e-06,-2.340481911319858277e-06,1.021608826649172963e-06,-8.850914486610919618e-07,5.816173943712366068e-07,3.133118812038981904e-06,-6.589837103748719116e-06
2.157431043797282122e+00,-4.961647173678964129e-01,3.619253653637010196e-03,1.969234986193580186e-02,-4.208021431895019038e-03,-3.076579858332824380e-04,4.080948039563714325e-04,-1.063998750531758297e-04,5.587936612178046047e-06,5.542300657801479957e-06,-2.421305898489545250e-06,1.025098001143642801e-06,-8.790813696857996407e-07,5.877528956709648922e-07,3.109469696407907158e-06,-6.563861682587490698e-06
2.160881421556845261e+00,-4.971926258932716225e-01,3.371827537862989374e-03,1.988996074854477297e-02,-4.233117821360744826e-03,-3.256695498243013243e-04,4.181126430288922835e-04,-1.082491206006175322e-04,5.264481742234261574e-06,5.843262441684871078e-06,-2.505172064730387671e-06,1.028332940765375181e-06,-8.724869647938615635e-07,5.936004125288441013e-07,3.084896782891421996e-06,-6.535945590441238906e-06
2.164347492256305294e+00,-4.982229381680514102e-01,3.120522613428248007e-03,2.008965509320338044e-02,-4.258041653137912413e-03,-3.442351469159499189e-04,4.283549029356487070e-04,-1.101091569202516940e-04,4.912531043149703791e-06,6.158682701790096914e-06,-2.592159521551395951e-06,1.031278665398344119e-06,-8.652812110276214552e-07,5.991427288899037196e-07,3.059405944139115263e-06,-6.506078461629427601e-06
2.167829415887920774e+00,-4.992556668832963118e-01,2.865277686448154670e-03,2.029145836289635019e-02,-4.282779691153936613e-03,-3.633701038831781138e-04,4.388259870304750399e-04,-1.119786847202375313e-04,4.530487591122844826e-06,6.489176099466753556e-06,-2.682345925819618060e-06,1.033896304795250964e-06,-8.574354904760869700e-07,6.043620957591616660e-07,3.033004182834142526e-06,-6.474251544028031269e-06
2.171327355465628717e+00,-5.002908248730808527e-01,2.606030265585914871e-03,2.049539643179127540e-02,-4.307318203167494197e-03,-3.830901810815273700e-04,4.495303551597107372e-04,-1.138562994757452707e-04,4.116676436238808634e-06,6.835379540853780966e-06,-2.775807028641830154e-06,1.036142742390222526e-06,-8.489194815216455359e-07,6.092402294339410718e-07,3.005699663119476561e-06,-6.440457780365616003e-06
2.174841477108643062e+00,-5.013284251173135697e-01,2.342716524454857910e-03,2.070149559028900202e-02,-4.331642942171819860e-03,-4.034115859379433511e-04,4.604725224327393951e-04,-1.157404852129839679e-04,3.669341028661454729e-06,7.197952711091026856e-06,-2.872616175056408316e-06,1.037970230190199405e-06,-8.397010430203841191e-07,6.137583119236733609e-07,2.977501740643317962e-06,-6.404691890435354473e-06
2.178371950128104473e+00,-5.023684807446360256e-01,2.075271262610227027e-03,2.090978255434650449e-02,-4.355739127006826028e-03,-4.243509869273909274e-04,4.716570578133377767e-04,-1.176296079464234090e-04,3.186639488145237564e-06,7.577578594458733718e-06,-2.972843750413678432e-06,1.039325973326010732e-06,-8.297460914012677602e-07,6.178969930402400390e-07,2.948420990495081995e-06,-6.366950453459696568e-06
2.181918947116943563e+00,-5.034110050354060339e-01,1.803627865064095365e-03,2.112028447508274356e-02,-4.379591422140630130e-03,-4.459255280555157741e-04,4.830885825177766435e-04,-1.195219087507803923e-04,2.666640711565526622e-06,7.974963978335525283e-06,-3.076556568948340953e-06,1.040151681827583552e-06,-8.190184699555930203e-07,6.216363950713177378e-07,2.918469232476850195e-06,-6.327231991162807212e-06
2.185482644043084122e+00,-5.044560114247660376e-01,1.527718260255477717e-03,2.133302894867727256e-02,-4.403183916578720658e-03,-4.681528438682559801e-04,4.947717682045882359e-04,-1.214154964476743537e-04,2.107320310931748431e-06,8.390839937005845073e-06,-3.183817199332861225e-06,1.040383086670787494e-06,-8.074798103340635747e-07,6.249561203975489976e-07,2.887659553973964677e-06,-6.285537050856881969e-06
2.189063220346153305e+00,-5.055035135058019158e-01,1.247472876401981706e-03,2.154804402657526166e-02,-4.426500101857223923e-03,-4.910510750124122414e-04,5.067113349400270694e-04,-1.233083398830270294e-04,1.506556375721612717e-06,8.825962290182065573e-06,-3.294683221854999289e-06,1.039949418475683007e-06,-7.950893854778012804e-07,6.278352615834287276e-07,2.856006329168825353e-06,-6.241868288070495652e-06
2.192660859037860455e+00,-5.065535250327932726e-01,9.628205961567607579e-04,2.176535822600862008e-02,-4.449522849073166836e-03,-5.146388843698772309e-04,5.189120489220433452e-04,-1.251982597736123193e-04,8.621250519730283557e-07,9.281112031744864765e-06,-3.409206411141008086e-06,1.038772845896734909e-06,-7.818039543701360561e-07,6.302524157009159467e-07,2.823525234965651443e-06,-6.196230549218584294e-06
2.196275746806216400e+00,-5.076060599245610927e-01,6.736887094887390043e-04,2.198500054084729857e-02,-4.472234384902674248e-03,-5.389354737917323446e-04,5.313787199446168286e-04,-1.270829200967216188e-04,1.716959311670596122e-07,9.757095723622599692e-06,-3.527431838144801102e-06,1.036767870461058338e-06,-7.675775975943613383e-07,6.321857019646326403e-07,2.790233262529862035e-06,-6.148630952593214793e-06
2.199908074123779755e+00,-5.086611322679159830e-01,3.800028647007198251e-04,2.220700045279404636e-02,-4.494616266554406908e-03,-5.639606014578024684e-04,5.441161985815512470e-04,-1.289598189971041808e-04,-5.671727584671826250e-07,1.025474584825936120e-05,-3.649396884623790083e-06,1.033840675322000857e-06,-7.523615439064892940e-07,6.336127843578620578e-07,2.756148724102069902e-06,-6.099078968688220748e-06
2.203558035360118517e+00,-5.097187563212088879e-01,8.168701749367707210e-05,2.243138794293556351e-02,-4.516649355603200716e-03,-5.897345998906004805e-04,5.571293730697729485e-04,-1.308262791823444626e-04,-1.357039166122175899e-06,1.077492111348221648e-05,-3.775130162565754066e-06,1.029888424902702937e-06,-7.361039874500402425e-07,6.345108991782227870e-07,2.721291254809132809e-06,-6.047586498789114806e-06
2.207225828898697895e+00,-5.107789465179906063e-01,-2.213366220190585848e-04,2.265819350366590768e-02,-4.538313790644461776e-03,-6.162783946517466638e-04,5.704231658674868699e-04,-1.326794377784490386e-04,-2.200583046133020027e-06,1.131850670199607833e-05,-3.904650330274761494e-06,1.024798511363445019e-06,-7.187498952312271205e-07,6.348568883027261300e-07,2.685681807883255612e-06,-5.994167950995610283e-06
2.210911657258413321e+00,-5.118417174707852180e-01,-5.291476444488456277e-04,2.288744815099680308e-02,-4.559588958707342515e-03,-6.436135237529241881e-04,5.840025298639861528e-04,-1.345162356112539204e-04,-3.100611206285908139e-06,1.188641445734606172e-05,-4.037964796858861671e-06,1.018447745443351593e-06,-7.002408051026004498e-07,6.346272387689616545e-07,2.649342643955276966e-06,-5.938840313995941145e-06
2.214615727219984009e+00,-5.129070839749788613e-01,-8.418274985288985712e-04,2.311918343727061356e-02,-4.580453465360033449e-03,-6.717621578132722260e-04,5.978724442137900441e-04,-1.363334058832044171e-04,-4.060063186539508706e-06,1.247958299777085500e-05,-4.175068305474483044e-06,1.010701486753307066e-06,-6.805146138396875322e-07,6.337981301104966825e-07,2.612297312562517071e-06,-5.881623227468879556e-06
2.218338249957471753e+00,-5.139750610128306363e-01,-1.159459550886133422e-03,2.335343146429370159e-02,-4.600885103436504892e-03,-7.007471209972380988e-04,6.120379097663969370e-04,-1.381274622071215763e-04,-5.082017175334074821e-06,1.309897774809387627e-05,-4.315941385439614475e-06,1.001412710463500666e-06,-6.595053554867003065e-07,6.323454894967966977e-07,2.574570625447913930e-06,-5.822539048849773025e-06
2.222079441175163872e+00,-5.150456637576115160e-01,-1.482129148308749395e-03,2.359022489690778060e-02,-4.620860820310261630e-03,-7.305919127702335814e-04,6.265039440611214205e-04,-1.398946859595129322e-04,-6.169696173299876740e-06,1.374559087760629517e-05,-4.460548661593122244e-06,9.904210060626694734e-07,-6.371429698854430557e-07,6.302450560498329413e-07,2.536188621220236694e-06,-5.761612915558544934e-06
2.225839521250111197e+00,-5.161189075778740420e-01,-1.809923682639352771e-03,2.382959697701792640e-02,-4.640356683634775520e-03,-7.613207305090796684e-04,6.412755758542082463e-04,-1.416311129134317781e-04,-7.326474411664674058e-06,1.442044113281193418e-05,-4.608837009874300339e-06,9.775515032450776687e-07,-6.133530618375807042e-07,6.274724559888339437e-07,2.497178519404730235e-06,-5.698872802356591549e-06
2.229618715380593308e+00,-5.171948080418597993e-01,-2.142932658429486451e-03,2.407158153809670423e-02,-4.659347845466184357e-03,-7.929584930081307048e-04,6.563578391415442193e-04,-1.433325191066980864e-04,-8.555884035879590677e-06,1.512457355179464003e-05,-4.760733545911000064e-06,9.626137211227181467e-07,-5.880566511795581874e-07,6.240032892623759153e-07,2.457568664231135624e-06,-5.634349573097052755e-06
2.233417253740835662e+00,-5.182733809220516630e-01,-2.481247763502388709e-03,2.431621302018611638e-02,-4.677808504677472001e-03,-8.255308649238318752e-04,6.717557666398032978e-04,-1.449944059002394869e-04,-9.861622062498631713e-06,1.585905904422091339e-05,-4.916143432953656855e-06,9.454003359332663337e-07,-5.611699140858905643e-07,6.198132290104879649e-07,2.417388455730473673e-06,-5.568077025550066672e-06
2.237235371642301018e+00,-5.193546421998744833e-01,-2.824962942577162461e-03,2.456352648541799272e-02,-4.695711867567953224e-03,-8.590642822020461145e-04,6.874743826826706927e-04,-1.466119841759816467e-04,-1.124755761865159354e-05,1.662499382229509770e-05,-5.074947494285164673e-06,9.256858613006235803e-07,-5.326039163346119043e-07,6.148781360980348776e-07,2.376668267904669118e-06,-5.500091929455663831e-06
2.241073309701897109e+00,-5.204386080705520889e-01,-3.174174474120574491e-03,2.481355763407681186e-02,-4.713030106565638255e-03,-8.935859785361884022e-04,7.035186954893329903e-04,-1.481801576236618789e-04,-1.271773947346399591e-05,1.742349866371006861e-05,-5.236999613716930568e-06,9.032252368430804257e-07,-5.022643395843906511e-07,6.091741901470548726e-07,2.335439352463275497e-06,-5.430434056430399892e-06
2.244931314017486024e+00,-5.215252949481269384e-01,-3.528981050600831296e-03,2.506634282122950988e-02,-4.729734316912377612e-03,-9.291240129065646280e-04,7.198936887558154973e-04,-1.496935050593062311e-04,-1.427640387047235393e-05,1.825571798705349913e-05,-5.402123907420619542e-06,8.777523196508429937e-07,-4.700512018377192569e-07,6.026780387455299426e-07,2.293733726954627627e-06,-5.359146200797915149e-06
2.248809636351071894e+00,-5.226147194706507459e-01,-3.889483862329632183e-03,2.532191907394724592e-02,-4.745794471215713378e-03,-9.657072982537477646e-04,7.366043125170973482e-04,-1.511462617167225186e-04,-1.592798267049944094e-05,1.912281871827015145e-05,-5.570111647736075700e-06,8.489782718397453909e-07,-4.358585731977990263e-07,5.953669679065187736e-07,2.251584045327714723e-06,-5.286274190649531413e-06
2.252708534320105205e+00,-5.237068985055524095e-01,-4.255786685091703103e-03,2.558032410914686666e-02,-4.761179371742044197e-03,-1.003365631342532927e-03,7.536554732242017884e-04,-1.525322994462008364e-04,-1.767711181335784865e-05,2.002598892386631135e-05,-5.740717919013038628e-06,8.165898399588311651e-07,-3.995742891014023024e-07,5.872190955245187860e-07,2.209023450112923559e-06,-5.211866888385485730e-06
2.256628271597340252e+00,-5.248018491551907916e-01,-4.627995971774644460e-03,2.584159635208045994e-02,-4.775856600316565753e-03,-1.042129723876690506e-03,7.710520229741585352e-04,-1.538451057551404322e-04,-1.952864010795751781e-05,2.096643618448856827e-05,-5.913657983816489327e-06,7.802475191533153609e-07,-3.610796629402446278e-07,5.782135906514523915e-07,2.166085404528561575e-06,-5.135976179057588631e-06
2.260569118119726717e+00,-5.258995887626025656e-01,-5.006220948224497647e-03,2.610577495550318178e-02,-4.789792465689376999e-03,-1.082031234926509461e-03,7.887987478284175236e-04,-1.550777616155241123e-04,-2.148763835908840125e-05,2.194538568034420933e-05,-6.088603335521747262e-06,7.395835959593533016e-07,-3.202492008524959743e-07,5.683309225474469928e-07,2.122803502063730363e-06,-5.058656946624329187e-06
2.264531350306850044e+00,-5.270001349174524563e-01,-5.390573713568224540e-03,2.637289981955192458e-02,-4.802951948213771138e-03,-1.123102804737315802e-03,8.069003551479103642e-04,-1.562229179618568331e-04,-2.355940883967677646e-05,2.296407795601695945e-05,-6.265177411951539099e-06,6.942000639123535599e-07,-2.769503220818869682e-07,5.575531420963508733e-07,2.079211253135093695e-06,-4.979967036258803326e-06
2.268515251289456636e+00,-5.281035054621969760e-01,-5.781169345263226927e-03,2.664301161236896573e-02,-4.815298641672544067e-03,-1.165378089990433408e-03,8.253614598672659453e-04,-1.572727707944698849e-04,-2.574949511556512416e-05,2.402376632923419741e-05,-6.442950942993352914e-06,6.436664051895357730e-07,-2.310430880269123688e-07,5.458641996174823374e-07,2.035341845410543193e-06,-4.899967201779653614e-06
2.272521111148658957e+00,-5.292097184984689839e-01,-6.178126009149138842e-03,2.691615179150563461e-02,-4.826794692077782806e-03,-1.208891800591353760e-03,8.441865696250661077e-04,-1.582190348007328495e-04,-2.806369223126714552e-05,2.512571390583806519e-05,-6.621436901804722552e-06,5.875172318994814624e-07,-1.823799452727731252e-07,5.332503039186947680e-07,1.991227876946277675e-06,-4.818721037663786788e-06
2.276549227166428935e+00,-5.303187923936960591e-01,-6.581565074796699374e-03,2.719236262614407179e-02,-4.837400733255666635e-03,-1.253679738065418409e-03,8.633800686598802621e-04,-1.590529153981667942e-04,-3.050805726292904474e-05,2.627119015757850562e-05,-6.800085028256519504e-06,5.252497801595812366e-07,-1.308054874155778480e-07,5.197003273265526913e-07,1.946901059514394294e-06,-4.736294894350234763e-06
2.280599904088060015e+00,-5.314307457879637875e-01,-6.991611236471026794e-03,2.747168722017860262e-02,-4.847075819014855236e-03,-1.299778835647087682e-03,8.829462003732135855e-04,-1.597650790960136735e-04,-3.308892024395104769e-05,2.746146701559926129e-05,-6.978275889829577139e-06,4.563212510806657907e-07,-7.615624187523595268e-08,5.052062616306418619e-07,1.902391889768706434e-06,-4.652757776071880791e-06
2.284673454397303516e+00,-5.325455976011335135e-01,-7.408392640049898253e-03,2.775416953619946198e-02,-4.855777351680915649e-03,-1.347227200154083732e-03,9.028890484539947581e-04,-1.603456220660437470e-04,-3.581289546940313873e-05,2.869781442832453067e-05,-7.155314442140736642e-06,3.801459919246241714e-07,-1.826048923354861575e-08,4.897637312633457141e-07,1.857729286729170592e-06,-4.568181219813394200e-06
2.288770198604948458e+00,-5.336633670402298746e-01,-7.832041016258490737e-03,2.803985442042275858e-02,-4.863461006764300404e-03,-1.396064155741526258e-03,9.232125164477800183e-04,-1.607840368049451296e-04,-3.868689318152485068e-05,2.998149532654204030e-05,-7.330423049956014125e-06,2.960925112004131332e-07,4.306187638240810411e-08,4.733725709887837141e-07,1.812940192191803135e-06,-4.482639155312106993e-06
2.292890465551664647e+00,-5.347840736071096668e-01,-8.262691820612406979e-03,2.832878762861620187e-02,-4.870080653511150298e-03,-1.446330289640054140e-03,9.439203056466755060e-04,-1.610691767620353598e-04,-4.171813163998672191e-05,3.131375993339902131e-05,-7.502733923928084359e-06,2.034803217032532530e-07,1.079994364338449087e-07,4.560374751438889263e-07,1.768049132329363449e-06,-4.396207744977731480e-06
2.297034592725994084e+00,-5.359077371064271400e-01,-8.700484380489190150e-03,2.862101585307229648e-02,-4.875588271066585988e-03,-1.498067499988181561e-03,9.650158911616718571e-04,-1.611892187945163091e-04,-4.491414957642769767e-05,3.269583934936703962e-05,-7.671280927178114606e-06,1.015766064628442766e-07,1.767492748567384142e-07,4.377687267357460721e-07,1.723077737415812383e-06,-4.308965203175807446e-06
2.301202926598436171e+00,-5.370343776539103775e-01,-9.145562049778840213e-03,2.891658675068345744e-02,-4.879933859960525894e-03,-1.551319045875507174e-03,9.865024960308138580e-04,-1.611316233060544612e-04,-4.828281903287989785e-05,3.412893833631969187e-05,-7.834990700415767062e-06,-1.040729763826520049e-08,2.495169295971266799e-07,4.185830160194359273e-07,1.678044217398588778e-06,-4.220991594333645125e-06
2.305395822972641007e+00,-5.381640156849643031e-01,-9.598072371598100408e-03,2.921554897217587196e-02,-4.883065348601851180e-03,-1.606129599721027590e-03,1.008383063200321561e-03,-1.608830919105075363e-04,-5.183235858000068141e-05,3.561422721720663986e-05,-7.992673051161747200e-06,-1.333196032980710211e-07,3.265162535365934149e-07,3.985043593082021607e-07,1.632962790619474358e-06,-4.132368610229586459e-06
2.309613647354820110e+00,-5.392966719636178574e-01,-1.005816724959224945e-02,2.951795219256546365e-02,-4.884928494443434299e-03,-1.662545302121412605e-03,1.030660225204094171e-03,-1.604295224514051821e-04,-5.557134690874210303e-05,3.715283279839831643e-05,-8.143010548133933213e-06,-2.680719656186769662e-07,4.079691669229418283e-07,3.775651292430709516e-07,1.587843062665628135e-06,-4.043179325910473132e-06
2.313856775342542971e+00,-5.404323675918352166e-01,-1.052600312838759475e-02,2.982384714290205532e-02,-4.885466779451685254e-03,-1.720613819311208464e-03,1.053336271347987685e-03,-1.597559611950516434e-04,-5.950873678663148869e-05,3.874582821206118410e-05,-8.284547256827423656e-06,-4.156435673488556581e-07,4.941052819864427681e-07,3.558072095531661372e-07,1.542689352790338475e-06,-3.953507934903455201e-06
2.318125593034200627e+00,-5.415711240192057074e-01,-1.100174118380207663e-02,3.013328564337140053e-02,-4.884621299486007623e-03,-1.780384403387770542e-03,1.076413112191088040e-03,-1.588465520004356257e-04,-6.365386936434125342e-05,4.039422156665306574e-05,-8.415676548204076290e-06,-5.770853967607125767e-07,5.851613756862467097e-07,3.332832888020692552e-07,1.497499965474879957e-06,-3.863439464402151913e-06
2.322420497460510269e+00,-5.427129630530382887e-01,-1.148554752347072903e-02,3.044632063783047141e-02,-4.882330647161595844e-03,-1.841907955464322511e-03,1.099892241095482004e-03,-1.576844822539502644e-04,-6.801648881643584943e-05,4.209894328119356821e-05,-8.534627905537606196e-06,-7.535247177579973421e-07,6.813806843423281245e-07,3.100583094457071143e-07,1.452266404189384019e-06,-3.773059471925965802e-06
2.326741897039542373e+00,-5.438579068688798035e-01,-1.197759339859433281e-02,3.076300622985720518e-02,-4.878530787731885643e-03,-1.905237091926095805e-03,1.123774692594614599e-03,-1.562519253405225683e-04,-7.260675729413301749e-05,4.386083196572521103e-05,-8.639452649769618908e-06,-9.461697287396764189e-07,7.830119899097931491e-07,2.862110899028852407e-07,1.406972524806149316e-06,-3.682453725117884602e-06
2.331090212056881050e+00,-5.450059780214798755e-01,-1.247805542757936433e-02,3.108339772039923204e-02,-4.873154927489419669e-03,-1.970426213977322788e-03,1.148060997307562281e-03,-1.545299794027676921e-04,-7.743527016125517637e-05,4.568061869680839493e-05,-8.728008497493888740e-06,-1.156314405142966351e-06,8.903084629295968111e-07,2.618361392720675029e-07,1.361593626902912746e-06,-3.591707867012239319e-06
2.335465875172648254e+00,-5.461571994562302024e-01,-1.298711583239947620e-02,3.140755164711457603e-02,-4.866133374141223128e-03,-2.037531580680637666e-03,1.172751133101126997e-03,-1.524986021223528887e-04,-8.251307147985609269e-05,4.755890952035102259e-05,-8.797942857581564358e-06,-1.385343516270565178e-06,1.003526222588362049e-06,2.370456867947789981e-07,1.316095480125012429e-06,-3.500907069686753914e-06
2.339869331957280529e+00,-5.473115945211020072e-01,-1.350496268857898780e-02,3.173552582550346474e-02,-4.857393388567103620e-03,-2.106611385705354361e-03,1.197844472172290842e-03,-1.501365412325816884e-04,-8.785166970361191208e-05,4.949616599678186013e-05,-8.846674767047646437e-06,-1.634737805320668480e-06,1.122922568413259325e-06,2.119719507420736448e-07,1.270433285016636660e-06,-3.410135681600201529e-06
2.344301041458089596e+00,-5.484691869791132879e-01,-1.403179018977428888e-02,3.206737939193443632e-02,-4.846859027319124630e-03,-2.177725838015870385e-03,1.223339723693275816e-03,-1.474212604507529889e-04,-9.346305352855854842e-05,5.149268358461966955e-05,-8.871375357155653063e-06,-1.906079315494579873e-06,1.248753832489186977e-06,1.867696737684054753e-07,1.224550565635806887e-06,-3.319476872307158821e-06
2.348761476798836512e+00,-5.496300010213561738e-01,-1.456779892801462334e-02,3.240317284868143161e-02,-4.834450975162975228e-03,-2.250937246752456738e-03,1.249234871625690135e-03,-1.443288604893733229e-04,-9.935970784091807673e-05,5.354856763498117012e-05,-8.868946733645022285e-06,-2.201056840692161565e-06,1.381272792984333808e-06,1.616189538641149559e-07,1.178377995257606781e-06,-3.229012282043863813e-06
2.353251125814708189e+00,-5.507940612806148106e-01,-1.511319619075610771e-02,3.274296811109072419e-02,-4.820086366898838903e-03,-2.326310110572129414e-03,1.275527107271939853e-03,-1.408339947794878810e-04,-1.055546296902104553e-04,5.566370674753295944e-05,-8.835999145369310970e-06,-2.521471472952813153e-06,1.520725582168647172e-06,1.367284046763922456e-07,1.131832153777878602e-06,-3.138821683137948959e-06
2.357770491725324824e+00,-5.519613928456111873e-01,-1.566819627600315318e-02,3.308682855701007564e-02,-4.803678597632404096e-03,-2.403911211740238085e-03,1.302212756089549117e-03,-1.369097795054230460e-04,-1.120613442028711715e-04,5.783774320997081553e-05,-8.768826306210231181e-06,-2.869242212912015422e-06,1.667348013336365786e-06,1.123386818638327789e-07,1.084814219100282973e-06,-3.048982663539367977e-06
2.362320093848630620e+00,-5.531320212759208710e-01,-1.623302082686500780e-02,3.343481907862080188e-02,-4.785137120588846271e-03,-2.483809715286396103e-03,1.329287198245640567e-03,-1.325276975182032579e-04,-1.188939203364686170e-04,6.007004021346684652e-05,-8.663378724141357345e-06,-3.246411599332893472e-06,1.821361240180938146e-06,8.872641447076057286e-08,1.037208594609206891e-06,-2.959570343311068719e-06
2.366900468358769771e+00,-5.543059726175922908e-01,-1.680789918703985697e-02,3.378700613682383141e-02,-4.764367231478588288e-03,-2.566077273562478167e-03,1.356744782337021560e-03,-1.276574956529663574e-04,-1.260669863574759297e-04,6.235964550377337545e-05,-8.515234881975586312e-06,-3.655151304980674976e-06,1.982966650278250587e-06,6.620858615524749524e-08,9.888814771902287859e-07,-2.870657136874732451e-06
2.371512169091342770e+00,-5.554832734195191968e-01,-1.739306877885631389e-02,3.414345781834358939e-02,-4.741269838330085251e-03,-2.650788136568580505e-03,1.384578731640065397e-03,-1.222670749400633916e-04,-1.335957449052904700e-04,6.470525108831504113e-05,-8.319570100466522344e-06,-4.097767634454047014e-06,2.152339882075665622e-06,4.514741464879679089e-08,9.396793716337503710e-07,-2.782312578747392351e-06
2.376155768399754287e+00,-5.566639507506128126e-01,-1.798877550565378819e-02,3.450424389572686462e-02,-4.715741215601972763e-03,-2.738019268442189874e-03,1.412781042190600078e-03,-1.163223731466267452e-04,-1.414959874817128815e-04,6.710514858118687975e-05,-8.071122904192151726e-06,-4.576706846143308027e-06,2.329623839069511204e-06,2.595578152755906309e-08,8.894275598456125032e-07,-2.694603229533298894e-06
2.380831858066708939e+00,-5.578480322178250850e-01,-1.859527418045298433e-02,3.486943589042593855e-02,-4.687672741270108162e-03,-2.827850470539280958e-03,1.441342371919146492e-03,-1.097872390392606867e-04,-1.497841081801731811e-04,6.955717971676711464e-05,-7.764158696056677744e-06,-5.094560203727782621e-06,2.514920558478739299e-06,9.103270439542177073e-09,8.379285368759203934e-07,-2.607592685430204504e-06
2.385541050275302943e+00,-5.590355459850784303e-01,-1.921282898305672754e-02,3.523910713917343535e-02,-4.656950615457903370e-03,-2.920364511571765798e-03,1.470251919984288946e-03,-1.026232977008323388e-04,-1.584771164366838292e-04,7.205868151533012522e-05,-7.392430532819627143e-06,-5.654068645000176474e-06,2.708281772236323381e-06,-4.877123923469062206e-09,7.849604282336719585e-07,-2.521341716590908000e-06
2.390283978644592189e+00,-5.602265207931625968e-01,-1.984171394792923204e-02,3.561333286387211028e-02,-4.623455559034053697e-03,-3.015647265306065083e-03,1.499497295353785509e-03,-9.478980617300125644e-05,-1.675926485501244567e-04,7.460642552059582044e-05,-6.949136780537434888e-06,-6.258126932640051265e-06,2.909697977818495596e-06,-1.538154893211685081e-08,7.302754085683482721e-07,-2.435908563802602345e-06
2.395061299334998228e+00,-5.614209859806638114e-01,-2.048221348543735609e-02,3.599219024524091814e-02,-4.587062490442342377e-03,-3.113787856370914958e-03,1.529064373580052427e-03,-8.624349862496050179e-05,-1.771489776788842674e-04,7.719655046684037458e-05,-6.426875412399168930e-06,-6.909787126817973357e-06,3.119085810565462580e-06,-2.172703571050316196e-08,6.735981465250118205e-07,-2.351349428594828872e-06
2.399873692229456790e+00,-5.626189715059968233e-01,-2.113462293929773209e-02,3.637575850048117843e-02,-4.547640178848202236e-03,-3.214878814770602555e-03,1.558937140597058124e-03,-7.693842017708618641e-05,-1.871650219726073150e-04,7.982448765633809451e-05,-5.817594697157812966e-06,-7.612261188491564745e-06,3.336273483676294171e-06,-2.314235204164960535e-08,6.146243073795742973e-07,-2.267719196397122161e-06
2.404721862196814719e+00,-5.638205079706170020e-01,-2.179924918336689083e-02,3.676411896524812983e-02,-4.505050871486004915e-03,-3.319016239754800368e-03,1.589097522235155546e-03,-6.682574841815336342e-05,-1.976603504449114812e-04,8.248487824666361767e-05,-5.112540010135391277e-06,-8.368922487022451007e-06,3.560984030415853541e-06,-1.875788373933984232e-08,5.530191528879679908e-07,-2.185072438140589490e-06
2.409606540444659828e+00,-5.650256266434949826e-01,-2.247641126123945884e-02,3.715735518023800810e-02,-4.459149892865495873e-03,-3.426299973752624378e-03,1.619525198000168476e-03,-5.585360156634688877e-05,-2.086551861279484221e-04,8.517148155184894875e-05,-4.302196482591780224e-06,-9.183305944220759853e-06,3.792816047709299254e-06,-7.594456419637851674e-09,4.884162880108844362e-07,-2.103464744579452983e-06
2.414528485969520855e+00,-5.662343594869467811e-01,-2.316644107248855278e-02,3.755555298273098586e-02,-4.409785213240095120e-03,-3.536833787147742464e-03,1.650197397492711437e-03,-4.396683211393970225e-05,-2.201704059783260448e-04,8.787707335519701068e-05,-3.376227189516578520e-06,-1.005910649646418742e-05,4.031221602996196141e-06,1.144899197669246860e-08,4.204166159788025325e-07,-2.022954451244562968e-06
2.419488487113254926e+00,-5.674467391839166375e-01,-2.386968410980063598e-02,3.795880060345878382e-02,-4.356796983452919381e-03,-3.650725574741244678e-03,1.681088677652473051e-03,-3.110680468093596218e-05,-2.322275369139037426e-04,9.059333311012274237e-05,-2.323406561685614768e-06,-1.100017550037524217e-05,4.275480920196660095e-06,3.960898316973660016e-08,3.485875769149160419e-07,-1.943604825110911705e-06
2.424487363235369841e+00,-5.686627991668213866e-01,-2.458650025172361142e-02,3.836718876920028332e-02,-4.300017032952595242e-03,-3.768087564830067959e-03,1.712170678792285239e-03,-1.721115667380201941e-05,-2.448487472688776201e-04,9.331071877330399111e-05,-1.131548691052364219e-06,-1.201051463948013542e-05,4.524673411880619778e-06,7.827241005342600033e-08,2.724627632885723294e-07,-1.865486790486592383e-06
2.429525966512162682e+00,-5.698825736480739312e-01,-2.531726461628093158e-02,3.878081081154865356e-02,-4.239268327400538133e-03,-3.889036541922290258e-03,1.743411857138735255e-03,-2.213540194029306463e-06,-2.580568328299781555e-04,9.601832785244290847e-05,2.125698115168495050e-07,-1.309426680667219456e-05,4.777644568259957480e-06,1.289928806512408155e-07,1.915420272877166319e-07,-1.788682283176967758e-06
2.434605183874769541e+00,-5.711060976524168220e-01,-2.606236848130896039e-02,3.919976278233438388e-02,-4.174364381873921226e-03,-4.013694084207958257e-03,1.774777191309209745e-03,1.395665652020872116e-05,-2.718751964866233939e-04,9.870374308085239079e-05,1.723292760089090159e-06,-1.425570334499109970e-05,5.032968150110728178e-06,1.935085857714818891e-07,1.052922196237426888e-07,-1.713288334065365959e-06
2.439725939099644414e+00,-5.723334070512072769e-01,-2.682222027805824388e-02,3.962414357623582351e-02,-4.105108625191037502e-03,-4.142186817018580353e-03,1.806227859830533689e-03,3.137461002322705639e-05,-2.863278203673880196e-04,1.013528609275227144e-04,3.416173498374530659e-06,-1.549920691741590861e-05,5.288903061657565519e-06,2.737617728412744533e-07,1.314873220026324674e-08,-1.639421996282863780e-06
2.444889195066584087e+00,-5.735645385988090705e-01,-2.759724666538414251e-02,4.005405506116394704e-02,-4.031293710341755931e-03,-4.274646683635800748e-03,1.837720886428736988e-03,5.012038707247201685e-05,-3.014392291466883034e-04,1.039497009218126600e-04,5.308070528675656874e-06,-1.682924914220285117e-05,5.543344197490168712e-06,3.719198952943647551e-07,-8.548194632695960138e-08,-1.567226245030584053e-06
2.450095956201271186e+00,-5.747995299712631567e-01,-2.838789369274544866e-02,4.048960221706535828e-02,-3.952700765381313847e-03,-4.411211234950921517e-03,1.869208749387701873e-03,7.027929687136724723e-05,-3.172344429888812600e-04,1.064761935093694323e-04,7.417250024052690627e-06,-1.825036197451029851e-05,5.793766467705740997e-06,4.903984873391720178e-07,-1.912184050961718285e-07,-1.496876994327989152e-06
2.455347271121381958e+00,-5.760384198074293138e-01,-2.919462806125538643e-02,4.093089328385711434e-02,-3.869098578430298085e-03,-4.552023939638431826e-03,1.900638950778563152e-03,9.194227276021482709e-05,-3.337389183383082658e-04,1.089119438546781726e-04,9.763495571704638998e-06,-1.976710162993056130e-05,6.037161101864890744e-06,6.318857855534820711e-07,-3.046989041285974587e-07,-1.428591393556888356e-06
2.460644235507744249e+00,-5.772812477528022068e-01,-3.001793849320756602e-02,4.137803991928022673e-02,-3.780242709600319106e-03,-4.697234516687170264e-03,1.931953540783432066e-03,1.152062862739833271e-04,-3.509784744581967431e-04,1.112339686609731260e-04,1.236822547298621622e-05,-2.138400362442643976e-05,6.269963215592075367e-06,7.993690798215047355e-07,-4.265740046194288482e-07,-1.362637585433645881e-06
2.465987995224813822e+00,-5.785280545062412294e-01,-3.085833722185333042e-02,4.183115736754617481e-02,-3.685874521713716073e-03,-4.846999292338470544e-03,1.963088591672351724e-03,1.401747968337030414e-04,-3.689792032646188602e-04,1.134164026758421873e-04,1.525461788935700280e-05,-2.310552724249861911e-05,6.487969493198728066e-06,9.961627208329715266e-07,-5.574967725796575735e-07,-1.299346128330602923e-06
2.471379749717921293e+00,-5.797788818698641489e-01,-3.171636161477776883e-02,4.229036463974598925e-02,-3.585720120587124193e-03,-5.001481583714474655e-03,1.993973615214861272e-03,1.669582407311520633e-04,-3.877673595733543976e-04,1.154301710928340441e-04,1.844774407069871280e-05,-2.493598743353794833e-05,6.686244690171441740e-06,1.225937639893343034e-06,-6.981099904476706364e-07,-1.239123307864020695e-06
2.476820755718498468e+00,-5.810337728023953208e-01,-3.259257594603456182e-02,4.275578470710252738e-02,-3.479489194372130043e-03,-5.160852111681862170e-03,2.024530916403088909e-03,1.956745635171008857e-04,-4.073692283761420896e-04,1.172426235245271897e-04,2.197470982566451791e-05,-2.687947176467642141e-05,6.859015491206092718e-06,1.492752142345440958e-06,-8.490296886029535806e-07,-1.182466587951180870e-06
2.482312331292771290e+00,-5.822927714762853313e-01,-3.348757333430750494e-02,4.322754470827035872e-02,-3.366873739964438075e-03,-5.325289445802332960e-03,2.054674875308248883e-03,2.264498004209691828e-04,-4.278109651608408281e-04,1.188171246052360797e-04,2.586480528893320141e-05,-2.893973961354615043e-05,6.999550070496685095e-06,1.801083610107612198e-06,-1.010824158098611036e-06,-1.129982476866242536e-06
2.487855860274459374e+00,-5.835559233389591149e-01,-3.440197786682157310e-02,4.370577617203206394e-02,-3.247546662762647307e-03,-5.494980484564114531e-03,2.084311147653158947e-03,2.594187100212752561e-04,-4.491184045803953140e-04,1.201125955601900497e-04,3.014966290000586913e-05,-3.112010025411310332e-05,7.100021484179354359e-06,2.155860588694269442e-06,-1.183987422992416327e-06,-1.082407111496763719e-06
2.493452797127855725e+00,-5.848232751785890082e-01,-3.533644693159176953e-02,4.419061525690206466e-02,-3.121160234035882247e-03,-5.670120974487269372e-03,2.113335773232111192e-03,2.947254670766508156e-04,-4.713168319233629333e-04,1.210830002397189631e-04,3.486342332165159874e-05,-3.342326585269173034e-05,7.151352781696596050e-06,2.562494527239694841e-06,-1.368905929700903190e-06,-1.040629890855515605e-06
2.499104672294536922e+00,-5.860948751948444890e-01,-3.629167378394917987e-02,4.468220300933620909e-02,-2.987344387790767664e-03,-5.850916072150717101e-03,2.141634179598631005e-03,3.325244212104006003e-04,-4.944307108271928097e-04,1.216767681372077359e-04,4.004290878308058854e-05,-3.585117463071260668e-05,7.143041446381302728e-06,3.026910175915262236e-06,-1.565816937457165103e-06,-1.005720520558250897e-06
2.504813098084984535e+00,-5.873707730751187572e-01,-3.726839037722116943e-02,4.518068564246337238e-02,-2.845704836242770458e-03,-6.037580953716068649e-03,2.169080066425063680e-03,3.729809290638486097e-04,-5.184833594618215580e-04,1.218361457616112808e-04,4.572780301942414027e-05,-3.840477853747290005e-05,7.062960461796420619e-06,3.555573308302445446e-06,-1.774756763980867014e-06,-9.789598579418301583e-07
2.510579775185850071e+00,-5.886510200768042544e-01,-3.826737049207101782e-02,4.568621483750249374e-02,-2.695820979718890897e-03,-6.230341477131258465e-03,2.195534153553654888e-03,4.162722685965847269e-04,-5.434965659601442844e-04,1.214964663862616590e-04,5.196083657524330768e-05,-4.108378867820339231e-05,6.897132944771143526e-06,4.155514012562158688e-06,-1.995496638290683578e-06,-9.618749765710754573e-07
2.516406499864756618e+00,-5.899356691162587207e-01,-3.928943320445869164e-02,4.619894807031694334e-02,-2.537243582945828552e-03,-6.429434902902521343e-03,2.220842772930775588e-03,4.625886454509564594e-04,-5.694901321314643772e-04,1.205853266122991485e-04,5.878797572772542779e-05,-4.388637042443757630e-05,6.629476880404272521e-06,4.834343258135892496e-06,-2.227463417818487112e-06,-9.562788977068858998e-07
2.522295171967683380e+00,-5.912247748651950907e-01,-4.033544673863928565e-02,4.671904896589473138e-02,-2.369492185097105130e-03,-6.635110680145439588e-03,2.244836281264095401e-03,5.121343027473801435e-04,-5.964813324022544272e-04,1.190216563126955673e-04,6.625861263392929246e-05,-4.680877854354448253e-05,6.241516036511844667e-06,5.600259769993412573e-06,-2.469641828921342874e-06,-9.643154573329981716e-07
2.528247803819581474e+00,-5.925183938553285623e-01,-4.140633275925802159e-02,4.724668768393243401e-02,-2.192052205537611126e-03,-6.847631305582444622e-03,2.267327266246552120e-03,5.651287473734112332e-04,-6.244842724173194082e-04,1.167146663130225193e-04,7.442575348635960264e-05,-4.984492077045321601e-05,5.712052609707987672e-06,6.462043397260225364e-06,-2.720454154184204221e-06,-9.885097978085122250e-07
2.534266530157388342e+00,-5.938165845922280806e-01,-4.250307116567546284e-02,4.778204133915273794e-02,-2.004371700747093615e-03,-7.067273264271763111e-03,2.288108514432576901e-03,6.218081078165904607e-04,-6.535091287042937847e-04,1.135626555500146573e-04,8.334620042875495738e-05,-5.298583593356734345e-05,5.016796559774786002e-06,7.429030105983447374e-06,-2.977612397023210455e-06,-1.031824983954710007e-06
2.540353619246602968e+00,-5.951194076794648069e-01,-4.362670546245665110e-02,4.832529446052158395e-02,-1.805857720209561382e-03,-7.294328062167159538e-03,2.306950703164487027e-03,6.824266409369283970e-04,-6.835612471552676705e-04,1.094516563385772301e-04,9.308072169153525088e-05,-5.621906995467718104e-05,4.127945910415570241e-06,8.511062403224189943e-06,-3.237936858135892493e-06,-1.097725242316105465e-06
2.546511485358857296e+00,-5.964269259543073520e-01,-4.477834879283357911e-02,4.887663949415355785e-02,-1.595872199875655872e-03,-7.529103362148507894e-03,2.323599772141582420e-03,7.472584078361821369e-04,-7.146400736752767102e-04,1.042538926848135539e-04,1.036942027877324479e-04,-5.952792966859229984e-05,3.013711517344669355e-06,9.718407354761607331e-06,-3.497133725181844621e-06,-1.190246307014586336e-06
2.552742702819249310e+00,-5.977392046364036204e-01,-4.595919073733477356e-02,4.943627735542946433e-02,-1.373727320825855400e-03,-7.771924236980629064e-03,2.337773922064287357e-03,8.165991422453555693e-04,-7.467378850164185788e-04,9.782602217994762483e-05,1.152557695947575844e-04,-6.289059032310584385e-05,1.637778921649915564e-06,1.106163230994716695e-05,-3.749522644452829567e-06,-1.314073316674435610e-06
2.559050021869724745e+00,-5.990563114911187093e-01,-4.717050499819375187e-02,5.000441803671774876e-02,-1.138680247606028983e-03,-8.023134554805973206e-03,2.349160177985476494e-03,8.907683387303078071e-04,-7.798382813740956099e-04,9.000712675019673092e-05,1.278388716298983763e-04,-6.627902766854695815e-05,-4.130110421024513201e-08,1.255142589832482225e-05,-3.987703252175678337e-06,-1.474626640116105669e-06
2.565436386639805555e+00,-6.003783170094560973e-01,-4.841365811224544041e-02,5.058128127811374608e-02,-8.899271449108216159e-04,-8.283098515316271448e-03,2.357410443202756500e-03,9.701115926057379824e-04,-8.139143945035398620e-04,8.061641125256535645e-05,1.415213106994162029e-04,-6.965773954631729326e-05,-2.070802860189638328e-06,1.419834870098127255e-05,-4.202147212396811771e-06,-1.678155898382494016e-06
2.571904955570024853e+00,-6.017052946068097707e-01,-4.969011936158328896e-02,5.116709730982899745e-02,-6.265963522864431701e-04,-8.552202357768254326e-03,2.362136955303947849e-03,1.055003228931372661e-03,-8.489267556278379256e-04,6.945056136758998022e-05,1.563851962015083696e-04,-7.298221459619072538e-05,-4.504607723842396494e-06,1.601249407106805633e-05,-4.380699341277605185e-06,-1.931842285293750017e-06
2.578459124698615934e+00,-6.030373208431663024e-01,-5.100147208325903764e-02,5.176210767630598508e-02,-3.477405736069492936e-04,-8.830856265599304478e-03,2.362907038787498415e-03,1.145849264495235609e-03,-8.848207558712628540e-04,5.628070318811073669e-05,1.725168035122404131e-04,-7.619709684201017574e-05,-7.404090188171952303e-06,1.800303470024869346e-05,-4.507967783777544479e-06,-2.243909041077518651e-06
2.585102554300666267e+00,-6.043744756678159913e-01,-5.234942661798665936e-02,5.236656615385044955e-02,-5.232791036575458465e-05,-9.119496496679573710e-03,2.359237027851263102e-03,1.243090754503461959e-03,-9.215236178715391357e-04,4.084889601885244304e-05,1.900063058216105993e-04,-7.923398413333879176e-05,-1.083912192210989556e-05,2.017762447246648772e-05,-4.564578814779396421e-06,-2.623739572590877422e-06
2.591839199464359478e+00,-6.057168426921719639e-01,-5.373583518468855874e-02,5.298073977563277220e-02,2.607684657919030757e-04,-9.418587773363944898e-03,2.350585207622990502e-03,1.347207585070731017e-03,-9.589407800149329919e-04,2.286407676549417900e-05,2.089473422057785967e-04,-8.200878526767180210e-05,-1.488920966981072819e-05,2.254161760741058007e-05,-4.526266503358800097e-06,-3.082002178619869248e-06
2.598673345304955529e+00,-6.070645094949203013e-01,-5.516270902478867533e-02,5.360490998036805677e-02,5.927822468165221126e-04,-9.728625972647172299e-03,2.336343591195444436e-03,1.458722783868604544e-03,-9.969515735716860672e-04,1.997358419658645801e-06,2.294363751648709204e-04,-8.441854454326394586e-05,-1.964478475426599535e-05,2.509705769556183630e-05,-4.362761049571395322e-06,-3.630779545210627290e-06
2.605609647659155037e+00,-6.084175679644936441e-01,-5.663223822999032681e-02,5.423937390394215768e-02,9.450678239665867564e-04,-1.005014116411827307e-02,2.315828311870882228e-03,1.578207434882406002e-03,-1.035404046842547388e-03,-2.212343410701311797e-05,2.515717787217874868e-04,-8.633762278259515810e-05,-2.520866390216033176e-05,2.784137744307572937e-05,-4.036431893526815085e-06,-4.283699963095188856e-06
2.612653180277543008e+00,-6.097761146847799907e-01,-5.814681475340365696e-02,5.488444583681983263e-02,1.319116383093968392e-03,-1.038370105233976659e-02,2.288268363034917652e-03,1.706286299682668872e-03,-1.074108757764397071e-03,-4.992013098703562690e-05,2.754525825576226161e-04,-8.761309959145341386e-05,-3.169770280546553576e-05,3.076573507717651756e-05,-3.500632577660423017e-06,-5.056065328273851023e-06
2.619809489750868359e+00,-6.111402513710864071e-01,-5.970905921123385862e-02,5.554045887439468948e-02,1.716574694391331118e-03,-1.072991489111116761e-02,2.252792359251146181e-03,1.843644267643773649e-03,-1.112831315132900567e-03,-8.187165620252012666e-05,3.011767771878559596e-04,-8.805923153161823724e-05,-3.924466475436778207e-05,3.385289440524519300e-05,-2.697683755617519274e-06,-5.964967943236643144e-06
2.627084659681613754e+00,-6.125100853647450494e-01,-6.132185221802149977e-02,5.620776679272088822e-02,2.139267129392899425e-03,-1.108943795032401453e-02,2.208412917348565041e-03,1.991033782095863458e-03,-1.151283395475627414e-03,-1.185227422654255847e-04,3.288390576857563863e-04,-8.745076325513898019e-05,-4.800032578824910828e-05,3.707453098069149466e-05,-1.556418859433028601e-06,-7.029383091813889983e-06
2.634485385967907156e+00,-6.138857301964117941e-01,-6.298837117369546212e-02,5.688674618856506826e-02,2.589221564640135920e-03,-1.146297663244347925e-02,2.154008159032896885e-03,2.149283419761116587e-03,-1.189111892578531560e-03,-1.604941693002237546e-04,3.585278453341611549e-04,-8.551484098066539086e-05,-5.813583313471048369e-05,4.038781440900401226e-05,1.079559940747598645e-08,-8.270215785505241612e-06
2.642019065537946965e+00,-6.152673062301918794e-01,-6.471213365310077292e-02,5.757779893081205191e-02,3.068699999717981394e-03,-1.185129435604202752e-02,2.088299706552762536e-03,2.319307838899609120e-03,-1.225885761469008850e-03,-2.084948326071256464e-04,3.903213717130205040e-04,-8.192121621674805509e-05,-6.984532148054944933e-05,4.373107279858051005e-05,2.111664733912832492e-06,-9.710265147580554590e-06
2.649693901518732631e+00,-6.166549414033606347e-01,-6.649704886747231924e-02,5.828135498053001878e-02,3.580234948881863555e-03,-1.225521834971863774e-02,2.009826362887878748e-03,2.502119360198507003e-03,-1.261079984265556231e-03,-2.633360147113184002e-04,4.242825273901018601e-04,-7.627034642270977272e-05,-8.334876475800650358e-05,4.701828350994405326e-05,4.878301888049108026e-06,-1.137404343636017057e-05
2.657519028743998923e+00,-6.180487720798619744e-01,-6.834747912269134584e-02,5.899787565031244796e-02,4.126672997208469945e-03,-1.267564753343155409e-02,1.916912408000445711e-03,2.698841508022575830e-03,-1.294055887315459508e-03,-3.259483330935730727e-04,4.604520484727536722e-04,-6.807888862206054603e-05,-9.889498633444682163e-05,5.013204396357804488e-05,8.472399984145451146e-06,-1.328733912481228074e-05
2.665504664879879471e+00,-6.194489440403141423e-01,-7.026831387906815052e-02,5.972785739130884175e-02,4.711227409069223063e-03,-1.311356170944274341e-02,1.807629050387796199e-03,2.910724925492824688e-03,-1.324036734157096884e-03,-3.974019651224736105e-04,4.988394043111271658e-04,-5.676192537589636045e-05,-1.167646428967177366e-04,5.291453844928108163e-05,1.309131138405722483e-05,-1.547632701662249310e-05
2.673662294589317145e+00,-6.208556136375517065e-01,-7.226506007902863682e-02,6.047183622103072254e-02,5.337542454921550758e-03,-1.357003234795407104e-02,1.679746954361419076e-03,3.139166197305365280e-03,-1.350077029004831397e-03,-4.789309374374217665e-04,5.394103957076790135e-04,-4.161103129253496125e-05,-1.372727905132571993e-04,5.515579779400217597e-05,1.897502962234370871e-05,-1.796587017499629013e-05
2.682004897639643115e+00,-6.222689491558313080e-01,-7.434395413692169996e-02,6.123039294073521349e-02,6.009773392319981561e-03,-1.404623534389064232e-02,1.530676747431750084e-03,3.385730290707933410e-03,-1.371023148595773566e-03,-5.719625436311215338e-04,5.820698596333689911e-04,-2.176693144787314460e-05,-1.607702488162915389e-04,5.657818701099159853e-05,2.641388451209841781e-05,-2.077636737911336962e-05
2.690547237726537144e+00,-6.236891324255742219e-01,-7.651210389855128691e-02,6.200415934528884926e-02,6.732688182936664642e-03,-1.454346626026489092e-02,1.357392686741579202e-03,3.652177595735217608e-03,-1.385461515934244270e-03,-6.781533849035403794e-04,6.266367908768361028e-04,3.815071107467898903e-06,-1.876422398575418315e-04,5.681543944669083246e-05,3.575638435331790488e-05,-2.391796240212851199e-05
2.699306238959757298e+00,-6.251163607672549638e-01,-7.877767393086641812e-02,6.279382571411482039e-02,7.511800755269628857e-03,-1.506315879450168677e-02,1.156331654709921719e-03,3.940496979353946827e-03,-1.391648058085226403e-03,-7.994342279325772349e-04,6.728072398716478109e-04,3.640968036310379685e-05,-2.183013920776478642e-04,5.538347809048299597e-05,4.741588796861734290e-05,-2.737993668962268590e-05
2.708301494968120782e+00,-6.265508493738108919e-01,-8.115013645351279448e-02,6.360015001310402594e-02,8.353552234817178054e-03,-1.560690756947337096e-02,9.232543028159373444e-04,4.252946989623196394e-03,-1.387408265620032610e-03,-9.380670515482525396e-04,7.200968006235708430e-04,7.758063635888642895e-05,-2.531696091192681825e-04,5.163834475038937832e-05,6.187333339299772028e-05,-3.111126291585608605e-05
2.717555987971639553e+00,-6.279928343018186254e-01,-8.364062632587593304e-02,6.442396947814094110e-02,9.265568467808252273e-03,-1.617649697517587609e-02,6.530455096270676441e-04,4.592108584527909709e-03,-1.369989153310297025e-03,-1.096719692661646262e-03,7.677480123186447569e-04,1.292615251249698560e-04,-2.926384704097029568e-04,4.471309105150145236e-05,7.967047023667295225e-05,-3.498487452227583283e-05
2.727097154046355776e+00,-6.294425763480152591e-01,-8.626246777906604324e-02,6.526621567192746054e-02,1.025704382129615129e-02,-1.677393888047463977e-02,3.394137352060455637e-04,4.960954937890837968e-03,-1.335829769763124952e-03,-1.278567109813250058e-03,8.145760561419357337e-04,1.938709104901542579e-04,-3.369888265640462455e-04,3.341916586236184927e-05,1.013827854105114890e-04,-3.873185068792306396e-05
2.736958538622190407e+00,-6.309003662771284215e-01,-8.903199419944275717e-02,6.612793485620160894e-02,1.133934092156283456e-02,-1.740152398584803028e-02,-2.558339200378623168e-05,5.362947771387571727e-03,-1.280189977590023842e-03,-1.487434767596579333e-03,8.587040815325741594e-04,2.744837619612205265e-04,-3.862334920141617667e-04,1.608623954485639829e-05,1.275514293372428942e-04,-4.181990835633309089e-05
2.747182484656876866e+00,-6.323665322089109253e-01,-9.196988094777500122e-02,6.701031687711103690e-02,1.252696903856154002e-02,-1.806189511676661169e-02,-4.523193176561024487e-04,5.802176720343776850e-03,-1.196527556837939654e-03,-1.728011429217329864e-03,8.970987022171306169e-04,3.750983942206326249e-04,-4.398157557284820482e-04,-9.706959696943393001e-06,1.585349463244303814e-04,-4.322865073752568676e-05
2.757824662224931167e+00,-6.338414505956064815e-01,-9.510339339172330098e-02,6.791473823354124417e-02,1.383923871732763329e-02,-1.875815719591907016e-02,-9.549264294755055449e-04,6.283571136281973502e-03,-1.075421837274492809e-03,-2.006180218066783150e-03,9.247406135379221404e-04,5.010698223305645738e-04,-4.960384449957519135e-04,-4.759770650834480032e-05,1.942070586692795642e-04,-4.103324243535932947e-05
2.768961925963177695e+00,-6.353255633645682465e-01,-9.847028943101487908e-02,6.884282953443390807e-02,1.530313987313113716e-02,-1.949405045237230516e-02,-1.553616462280235644e-03,6.813237421959050799e-03,-9.026719512622294328e-04,-2.329556503383983790e-03,9.331250930513235176e-04,6.598388949371619683e-04,-5.509904791362804644e-04,-1.032602536737790150e-04,2.333623390589484314e-04,-3.163239109529869530e-05
2.780706242378177873e+00,-6.368194059076048852e-01,-1.021257403557568333e-01,6.979658591017226521e-02,1.695845307946446112e-02,-2.027423521276580307e-02,-2.278814772990273019e-03,7.399018690799952225e-03,-6.558824045319044949e-04,-2.708394442278216907e-03,9.075270002522756174e-04,8.621946730954285071e-04,-5.965374981204193267e-04,-1.858782701458956688e-04,2.725716673285943914e-04,-8.315658323335139990e-06
2.793229757174175543e+00,-6.383236544912247457e-01,-1.061547920093004610e-01,7.077855438899381679e-02,1.886696147110606195e-02,-2.110477688553082792e-02,-3.178627951186271949e-03,8.051454330436746964e-03,-2.982635477245254574e-04,-3.157159575821050224e-03,8.219819858703986126e-04,1.124507754439459106e-03,-6.165708553639032835e-04,-3.108157328729661828e-04,3.040062297544263159e-04,4.139664791738550953e-05
2.806810392046371838e+00,-6.398392088670132871e-01,-1.106950368750724278e-01,7.179216084124226405e-02,2.112922200616927301e-02,-2.199399429505472653e-02,-4.332459626310722345e-03,8.785466653775331203e-03,2.327113666253377566e-04,-3.697316026458480342e-03,6.300390534947630794e-04,1.472743483259118802e-03,-5.800175809989663311e-04,-5.044999693676228969e-04,3.113339270223586253e-04,1.406941867607841568e-04
2.821915376132892117e+00,-6.413673392131248319e-01,-1.159781552251578918e-01,7.284229208068519756e-02,2.391530814042874820e-02,-2.295397268375519439e-02,-5.875993589519845628e-03,9.623379139610588329e-03,1.046166555639327367e-03,-4.362342533079932583e-03,2.476749150373547259e-04,1.949752714322470007e-03,-4.278290542428682397e-04,-8.133970355822077447e-04,2.620209543217622006e-04,3.326549412527302074e-04
2.839354995321661246e+00,-6.429099512979016273e-01,-1.224063847571729841e-01,7.393634697583356674e-02,2.752141777659532912e-02,-2.400329893719328755e-02,-8.047226238473620397e-03,1.060038514883115957e-02,2.336317504784773957e-03,-5.206855517282366064e-03,-4.783303731914767543e-04,2.628615997214580821e-03,-4.877970243703268205e-05,-1.320568551960546108e-03,9.293863591831874604e-05,6.972975204933840043e-04
2.860566459324759947e+00,-6.444700696925672601e-01,-1.306937166057330901e-01,7.508615273196794782e-02,3.247441601736446304e-02,-2.517205200408307794e-02,-1.127151493879077759e-02,1.177454045988840514e-02,4.453661019592769499e-03,-6.323320705914542428e-03,-1.828995963535307023e-03,3.637189714370219970e-03,7.655247173022090151e-04,-2.176286817364479417e-03,-3.164855976507049973e-04,1.383263273139673233e-03
2.888139048835010048e+00,-6.460527241029682122e-01,-1.421271172323934628e-01,7.631148081829325358e-02,3.972527083356845734e-02,-2.651096375860936133e-02,-1.631898760427187567e-02,1.324512435394686882e-02,8.036820450821186013e-03,-7.872810781195477281e-03,-4.321815210606289037e-03,5.203407383461375671e-03,2.404258726059422049e-03,-3.654732922796775571e-03,-1.194276316324321963e-03,2.666678618802598155e-03
