1.167000380948494564e+00,-2.297230459409119185e-04,-4.151079558825654381e-06,1.757652901562822834e-05,-2.497062482897938196e-06,4.654650129928827873e-06,-1.921620678292830509e-06,1.056674628963083507e-06
1.167048586184318948e+00,-5.835669475974143705e-04,-1.053266131673807893e-05,1.402057554614200008e-05,6.910935704124154810e-07,5.084244980552155013e-06,7.223545199662104177e-07,1.042606357651298943e-06
1.167119027246583673e+00,-9.726501954320891652e-04,-2.061788192454089286e-05,1.565385609225700136e-05,-1.436677697266852682e-06,2.997175525709661059e-06,-1.562526368596370285e-07,1.161157311885263610e-06
1.167204824018187370e+00,-1.361777175465556794e-03,-3.268833067664872472e-05,1.634074439599286777e-05,-1.594899920007164518e-06,4.553070555080029891e-06,-5.410864747576460410e-07,2.154699335066290189e-07
1.167286372346885814e+00,-1.750948432482267447e-03,-4.007108931813191388e-05,1.847860456583028110e-05,-4.468690666614705265e-06,3.878154236400255250e-06,1.299906053978117093e-08,1.576890383200857393e-06
1.167368992082307377e+00,-2.140160955252476405e-03,-4.771029070998328292e-05,2.102691676172940838e-05,-5.186405510962388554e-06,4.327717752425352948e-06,-1.311966546031946568e-06,4.450243490106142730e-07
1.167447395129926679e+00,-2.529413250674364400e-03,-5.315109567346348873e-05,2.379187859391507232e-05,-6.951001116153876502e-06,4.573795105308753328e-06,-1.067853845813926394e-06,1.144925071194791144e-06
1.167524072715524497e+00,-2.918702949835379201e-03,-5.800901530941121598e-05,2.671565986006596560e-05,-8.069173998384582269e-06,5.023332271009151029e-06,-1.635629705129017231e-06,9.036882399060530702e-07
1.167597745232513695e+00,-3.308028554881475153e-03,-6.164510143374241080e-05,2.972713625573608631e-05,-9.399987015018540504e-06,5.452772733546829009e-06,-1.830615753730530093e-06,1.093906345561723725e-06
1.167669061822854903e+00,-3.697388323727169440e-03,-6.443732533525925454e-05,3.280475409139782528e-05,-1.059767859357130249e-05,5.935936151557630325e-06,-2.152113069739391982e-06,1.138433074865385919e-06
1.167737969134019282e+00,-4.086780847413633982e-03,-6.633922981456180645e-05,3.592636411933747276e-05,-1.178980012089825280e-05,6.435574331692395234e-06,-2.428618404694271593e-06,1.236122818326634842e-06
1.167804675221870703e+00,-4.476204779603962236e-03,-6.743474238034286028e-05,3.907962780630436228e-05,-1.294264229349806339e-05,6.955597305235983185e-06,-2.711679151405979593e-06,1.327483830179665425e-06
1.167869323670130743e+00,-4.865658922473793668e-03,-6.776346052114745611e-05,4.225488630818508007e-05,-1.406596774794488525e-05,7.490581567334841928e-06,-2.990157972944211540e-06,1.425436373089783437e-06
1.167932072994409598e+00,-5.255142190158011706e-03,-6.736926831914930025e-05,4.544507780174233957e-05,-1.515889058835429015e-05,8.038485395045480431e-06,-3.266793793878751406e-06,1.526778570890008346e-06
1.167993075385504120e+00,-5.644653608234094511e-03,-6.629079571562196405e-05,4.864468781334840841e-05,-1.622205372110718802e-05,8.597421736311616769e-06,-3.541592198888152132e-06,1.631431900156465886e-06
1.168052478545793527e+00,-6.034192305673147239e-03,-6.456381393055848905e-05,5.184931386223445848e-05,-1.725567747133671670e-05,9.165973283264960969e-06,-3.814801815190185796e-06,1.739015633842044828e-06
1.168110424569601236e+00,-6.423757508862846383e-03,-6.222141670575442873e-05,5.505535059413535492e-05,-1.825992007982446541e-05,9.743001027490150179e-06,-4.086561676128717957e-06,1.849265208547778983e-06
1.168167049711776873e+00,-6.813348535919128840e-03,-5.929436863473525055e-05,5.825978536061482416e-05,-1.923489948066348099e-05,1.032757021796060215e-05,-4.356963121587321963e-06,1.961967132216302367e-06
1.168222484348632406e+00,-7.202964791461270722e-03,-5.581136126472929782e-05,6.146005789042785494e-05,-2.018072438711437933e-05,1.091889564645842636e-05,-4.626063611834745765e-06,2.076947059115319405e-06
1.168276853078233257e+00,-7.592605761781952289e-03,-5.179922333001241164e-05,6.465396163496395232e-05,-2.109751181181285240e-05,1.151630418744220563e-05,-4.893897678693703152e-06,2.194059649240909238e-06
1.168330274898153220e+00,-7.982271010373014064e-03,-4.728309633726668348e-05,6.783957267303408756e-05,-2.198539721402770208e-05,1.211920838870006456e-05,-5.160484396229871734e-06,2.313181476379377877e-06
1.168382863425158291e+00,-8.371960173772015346e-03,-4.228658400327184319e-05,7.101519731944616609e-05,-2.284453995536617210e-05,1.272708750452156146e-05,-5.425832572862523268e-06,2.434205936985289753e-06
1.168434727135132967e+00,-8.761672957699952191e-03,-3.683188135897991211e-05,7.417933271905430281e-05,-2.367512577521047046e-05,1.333947364190457563e-05,-5.689944392122357752e-06,2.557039534306637663e-06
1.168485969609943886e+00,-9.151409133462629075e-03,-3.093988764239080647e-05,7.733063664039363516e-05,-2.447736737877515001e-05,1.395594148591305927e-05,-5.952817980400034598e-06,2.681599126461153837e-06
1.168536689783123306e+00,-9.541168534593049561e-03,-2.463030599418603028e-05,8.046790391477709470e-05,-2.525150384269370107e-05,1.457610057151170757e-05,-6.214449222172093584e-06,2.807809861046783872e-06
1.168586982179477873e+00,-9.930951053713346632e-03,-1.792173221572962438e-05,8.359004775651546204e-05,-2.599779929834955539e-05,1.519958939544263643e-05,-6.474833041462436933e-06,2.935603606188386117e-06
1.168636937145776322e+00,-1.032075663959868689e-02,-1.083173432114836743e-05,8.669608472874901217e-05,-2.671654119795752180e-05,1.582607087588505657e-05,-6.733964299877881476e-06,3.064917745862483223e-06
1.168686641070967092e+00,-1.071058529442601298e-02,-3.376924243091161681e-06,8.978512247262426804e-05,-2.740803836158434148e-05,1.645522881139893645e-05,-6.991838418277107614e-06,3.195694245491931262e-06
1.168736176595207121e+00,-1.110043707119211936e-02,4.426977222117545185e-06,9.285634956113231198e-05,-2.807261893705836897e-05,1.708676508922757353e-05,-7.248451797395132068e-06,3.327878920378335437e-06
1.168785622807515523e+00,-1.149031207128947338e-02,1.256508134916262120e-05,9.590902700873371600e-05,-2.871062835708981797e-05,1.772039746142373140e-05,-7.503802092031532089e-06,3.461420858025254788e-06
1.168835055432194459e+00,-1.188021044222629247e-02,2.102327757218941384e-05,9.894248108699432720e-05,-2.932242734912660076e-05,1.835585775580850232e-05,-7.757888378183246114e-06,3.596271958158925308e-06
1.168884547004357399e+00,-1.227013237548015348e-02,2.978818412338601895e-05,1.019560971826372064e-04,-2.990839003132184093e-05,1.899289042213425649e-05,-8.010711241620855488e-06,3.732386563912171162e-06
1.168934167035035721e+00,-1.266007810447592613e-02,3.884710271039731877e-05,1.049493144983371096e-04,-3.046890211469421850e-05,1.963125133955245794e-05,-8.262272809815736363e-06,3.869721163771155936e-06
1.168983982166388547e+00,-1.305004790267817738e-02,4.818797679764091901e-05,1.079216214399381091e-04,-3.100435922129274324e-05,2.027070682891762843e-05,-8.512576742685743630e-06,4.008234148658584850e-06
1.169034056317575843e+00,-1.344004208179132645e-02,5.779935311913536600e-05,1.108725515705510922e-04,-3.151516532180764774e-05,2.091103282697570620e-05,-8.761628194007154563e-06,4.147885613300927865e-06
1.169084450821853860e+00,-1.383006099005798517e-02,6.767034609948818780e-05,1.138016800352470437e-04,-3.200173129330741162e-05,2.155201418986563144e-05,-9.009433752329987222e-06,4.288637191970923190e-06
1.169135224555444053e+00,-1.422010501065027951e-02,7.779060490209488421e-05,1.167086203819611701e-04,-3.246447359316062542e-05,2.219344409916390592e-05,-9.256001367532844248e-06,4.430451922166067646e-06
1.169186434058707702e+00,-1.461017456014825425e-02,8.815028285797527063e-05,1.195930217174900889e-04,-3.290381304452139055e-05,2.283512355197303556e-05,-9.501340268781334475e-06,4.573294130533200885e-06
1.169238133650133182e+00,-1.500027008709767240e-02,9.874000905799040773e-05,1.224545661489551129e-04,-3.332017372748019568e-05,2.347686091816458820e-05,-9.745460876817418211e-06,4.717129336917480487e-06
1.169290375533607929e+00,-1.539039207064347298e-02,1.095508619166282727e-04,1.252929664717072900e-04,-3.371398196928832025e-05,2.411847155298074696e-05,-9.988374713656641979e-06,4.861924172788745224e-06
1.169343209899433855e+00,-1.578054101923414762e-02,1.205743445364601540e-04,1.281079640699234190e-04,-3.408566542742463845e-05,2.475977745475255176e-05,-1.023009431198092928e-05,5.007646311699920361e-06
1.169396685019496562e+00,-1.617071746939180779e-02,1.318023617210561937e-04,1.308993270031644229e-04,-3.443565225857980749e-05,2.540060696050450151e-05,-1.047063312520357670e-05,5.154264409293340954e-06
1.169450847336984900e+00,-1.656092198454419198e-02,1.432271985000663217e-04,1.336668482554148607e-04,-3.476437036716018003e-05,2.604079447218743404e-05,-1.071000543964670954e-05,5.301748051647625637e-06
1.169505741551022604e+00,-1.695115515391466821e-02,1.548415000436342837e-04,1.364103441282571438e-04,-3.507224672738562532e-05,2.668018020932083623e-05,-1.094822628948648874e-05,5.450067709675265881e-06
1.169561410696551285e+00,-1.734141759146740763e-02,1.666382528567461607e-04,1.391296527610275113e-04,-3.535970677275013241e-05,2.731860998347879210e-05,-1.118531137526100616e-05,5.599194699376641715e-06
1.169617896219777631e+00,-1.773170993490325031e-02,1.786107671533157526e-04,1.418246327650196648e-04,-3.562717384793245845e-05,2.795593499110848867e-05,-1.142127698580339135e-05,5.749101146423907238e-06
1.169675238049472599e+00,-1.812203284470380663e-02,1.907526603202799875e-04,1.444951619588297209e-04,-3.587506871779999607e-05,2.859201162244695560e-05,-1.165613992405809679e-05,5.899759954589023359e-06
1.169733474664400363e+00,-1.851238700322157399e-02,2.030578413890204992e-04,1.471411361961272313e-04,-3.610380912803801134e-05,2.922670128355231434e-05,-1.188991743729297251e-05,6.051144777280414999e-06
1.169792643157118395e+00,-1.890277311381291514e-02,2.155204964408088952e-04,1.497624682749443270e-04,-3.631380941403195006e-05,2.985987023051972500e-05,-1.212262715113380379e-05,6.203229991771919138e-06
1.169852779294383804e+00,-1.929319190001122994e-02,2.281350748782329241e-04,1.523590869227375855e-04,-3.650548015320109752e-05,3.049138941342566245e-05,-1.235428700757656983e-05,6.355990675513401023e-06
1.169913917574382012e+00,-1.968364410473840906e-02,2.408962765006669726e-04,1.549309358490624788e-04,-3.667922785774435646e-05,3.112113432938989899e-05,-1.258491520698522964e-05,6.509402584564671912e-06
1.169976091280972685e+00,-2.007413048955217910e-02,2.537990393271238876e-04,1.574779728605590901e-04,-3.683545470355154006e-05,3.174898488320088141e-05,-1.281453015392237937e-05,6.663442133264529943e-06
1.170039332535146581e+00,-2.046465183392833648e-02,2.668385281149460164e-04,1.600001690328090032e-04,-3.697455829229645552e-05,3.237482525504653541e-05,-1.304315040677895415e-05,6.818086375648402253e-06
1.170103672343852264e+00,-2.085520893457424446e-02,2.800101235268248612e-04,1.624975079342894091e-04,-3.709693144429704326e-05,3.299854377417088536e-05,-1.327079463088118305e-05,6.973312988031721282e-06
1.170169140646364125e+00,-2.124580260477329854e-02,2.933094119021914525e-04,1.649699848985386463e-04,-3.720296201870088026e-05,3.362003279835934499e-05,-1.349748155504357228e-05,7.129100252148412586e-06
1.170235766358334706e+00,-2.163643367375876064e-02,3.067321755932106431e-04,1.674176063400090175e-04,-3.729303275923356864e-05,3.423918859811470039e-05,-1.372322993123831908e-05,7.285427039677161432e-06
1.170303577413666529e+00,-2.202710298611444684e-02,3.202743838283117483e-04,1.698403891117195030e-04,-3.736752116274832947e-05,3.485591124556541853e-05,-1.394805849758108326e-05,7.442272797059112932e-06
1.170372600804339136e+00,-2.241781140120139432e-02,3.339321840690259724e-04,1.722383599001009458e-04,-3.742679936888371195e-05,3.547010450746790333e-05,-1.417198594405588707e-05,7.599617531550695304e-06
1.170442862618304325e+00,-2.280855979261006694e-02,3.477018938283435445e-04,1.746115546550630615e-04,-3.747123406844243831e-05,3.608167574185860982e-05,-1.439503088120639221e-05,7.757441797234809755e-06
1.170514388075565515e+00,-2.319934904763507749e-02,3.615799929220855913e-04,1.769600180530628286e-04,-3.750118642933952806e-05,3.669053579838377210e-05,-1.461721181117859453e-05,7.915726682114487822e-06
1.170587201562540702e+00,-2.359018006677238502e-02,3.755631161261943629e-04,1.792838029902876773e-04,-3.751701203855151157e-05,3.729659892198755600e-05,-1.483854710123506601e-05,8.074453795081648622e-06
1.170661326664811153e+00,-2.398105376323783622e-02,3.896480462143858681e-04,1.815829701039550770e-04,-3.751906085770750909e-05,3.789978265955618042e-05,-1.505905495985480208e-05,8.233605253871179031e-06
1.170736786198342649e+00,-2.437197106250586776e-02,4.038317073534122836e-04,1.838575873210623879e-04,-3.750767719232217523e-05,3.850000776943474090e-05,-1.527875341467014106e-05,8.393163672987258295e-06
1.170813602239265006e+00,-2.476293290186713444e-02,4.181111588344998964e-04,1.861077294306179297e-04,-3.748319967220026250e-05,3.909719813348366824e-05,-1.549766029268657974e-05,8.553112152198671936e-06
1.170891796152290665e+00,-2.515394023000469548e-02,4.324835891208120286e-04,1.883334776798528676e-04,-3.744596124280463734e-05,3.969128067210503374e-05,-1.571579320227070586e-05,8.713434265283925839e-06
1.170971388617844333e+00,-2.554499400658709687e-02,4.469463101923268344e-04,1.905349193919159134e-04,-3.739628916635262534e-05,4.028218526139215605e-05,-1.593316951674882131e-05,8.874114048887382644e-06
1.171052399657972032e+00,-2.593609520187831197e-02,4.614967521706647702e-04,1.927121476039683756e-04,-3.733450503140556265e-05,4.086984465261067623e-05,-1.614980635999095637e-05,9.035135992013776374e-06
1.171134848661100847e+00,-2.632724479636356849e-02,4.761324582077397505e-04,1.948652607245415780e-04,-3.726092477010500836e-05,4.145419439416375695e-05,-1.636572059358779377e-05,9.196485025356193610e-06
1.171218754405702667e+00,-2.671844378038984794e-02,4.908510796235027174e-04,1.969943622085468249e-04,-3.717585868297235141e-05,4.203517275515322726e-05,-1.658092880503676814e-05,9.358146511165288395e-06
1.171304135082922304e+00,-2.710969315382041889e-02,5.056503712783586013e-04,1.990995602493828009e-04,-3.707961146959259935e-05,4.261272065161914036e-05,-1.679544729765551636e-05,9.520106233257275008e-06
1.171391008318225957e+00,-2.750099392570451440e-02,5.205281871671976757e-04,2.011809674873910048e-04,-3.697248226523786041e-05,4.318678157411159901e-05,-1.700929208167710829e-05,9.682350387216209775e-06
1.171479391192115305e+00,-2.789234711395843086e-02,5.354824762227594626e-04,2.032387007326330597e-04,-3.685476468251458471e-05,4.375730151774670507e-05,-1.722247886631368685e-05,9.844865570637906238e-06
1.171569300259962088e+00,-2.828375374505973441e-02,5.505112783171089985e-04,2.052728807024339908e-04,-3.672674685772925329e-05,4.432422891362253203e-05,-1.743502305323260670e-05,1.000763877401222857e-05
1.171660751570998471e+00,-2.867521485375369716e-02,5.656127204496513849e-04,2.072836317718040888e-04,-3.658871150093168101e-05,4.488751456219186586e-05,-1.764693973087217913e-05,1.017065737131395142e-05
1.171753760686514489e+00,-2.906673148277082869e-02,5.807850131125530391e-04,2.092710817372112064e-04,-3.644093594978858874e-05,4.544711156832803578e-05,-1.785824366970847898e-05,1.033390911094056452e-05
1.171848342697293877e+00,-2.945830468255514895e-02,5.960264468238621327e-04,2.112353615915663063e-04,-3.628369222680172257e-05,4.600297527801444630e-05,-1.806894931827502174e-05,1.049738210701089969e-05
1.171944512240333580e+00,-2.984993551100295628e-02,6.113353888187525453e-04,2.131766053107275738e-04,-3.611724709876029671e-05,4.655506321671332159e-05,-1.827907080025666792e-05,1.066106483073314681e-05
1.172042283514873384e+00,-3.024162503321197945e-02,6.267102798914944706e-04,2.150949496512177816e-04,-3.594186213921879425e-05,4.710333502910835080e-05,-1.848862191210871517e-05,1.082494610167572535e-05
1.172141670297775828e+00,-3.063337432123968210e-02,6.421496313799429645e-04,2.169905339574618175e-04,-3.575779379273724690e-05,4.764775242049879012e-05,-1.869761612138332377e-05,1.098901507959326729e-05
1.172242685958286845e+00,-3.102518445387119489e-02,6.576520222849324693e-04,2.188634999789607072e-04,-3.556529344102277168e-05,4.818827909972012158e-05,-1.890606656597491192e-05,1.115326125622484454e-05
1.172345343472199986e+00,-3.141705651639479374e-02,6.732160965181172019e-04,2.207139916959866000e-04,-3.536460747068093102e-05,4.872488072346636834e-05,-1.911398605354075811e-05,1.131767444717546311e-05
1.172449655435461757e+00,-3.180899160038680451e-02,6.888405602713879028e-04,2.225421551548534271e-04,-3.515597734213282699e-05,4.925752484179202195e-05,-1.932138706159857930e-05,1.148224478414450189e-05
1.172555634077235842e+00,-3.220099080350512233e-02,7.045241795020640296e-04,2.243481383110146332e-04,-3.493963965991997433e-05,4.978618084514052633e-05,-1.952828173826422209e-05,1.164696270729292937e-05
1.172663291272458386e+00,-3.259305522928884064e-02,7.202657775278870078e-04,2.261320908792940898e-04,-3.471582624350877389e-05,5.031081991277441823e-05,-1.973468190335277844e-05,1.181181895754113143e-05
1.172772638553901903e+00,-3.298518598696630055e-02,7.360642327260968898e-04,2.278941641925547046e-04,-3.448476419895540879e-05,5.083141496238507973e-05,-1.994059904991945381e-05,1.197680456915817260e-05
1.172883687123773777e+00,-3.337738419127020406e-02,7.519184763319364251e-04,2.296345110666675460e-04,-3.424667599120911898e-05,5.134794060090985823e-05,-2.014604434615475254e-05,1.214191086255922425e-05
1.172996447864868896e+00,-3.376965096225904850e-02,7.678274903315795985e-04,2.313532856720312836e-04,-3.400177951649874242e-05,5.186037307665369855e-05,-2.035102863767040970e-05,1.230712943715850383e-05
1.173110931351297292e+00,-3.416198742514568731e-02,7.837903054447870055e-04,2.330506434123358339e-04,-3.375028817519110103e-05,5.236869023256263134e-05,-2.055556244998611726e-05,1.247245216454140326e-05
1.173227147858805886e+00,-3.455439471013159458e-02,7.998059991931455448e-04,2.347267408083775209e-04,-3.349241094467714230e-05,5.287287146057972897e-05,-2.075965599153059560e-05,1.263787118135906162e-05
1.173345107374709873e+00,-3.494687395224777698e-02,8.158736940493752088e-04,2.363817353880637295e-04,-3.322835245221644751e-05,5.337289765730557356e-05,-2.096331915683868896e-05,1.280337888276417146e-05
1.173464819607455079e+00,-3.533942629120092466e-02,8.319925556644555686e-04,2.380157855820796975e-04,-3.295831304764296199e-05,5.386875118079670344e-05,-2.116656152977187955e-05,1.296896791580515185e-05
1.173586293995824148e+00,-3.573205287122520335e-02,8.481617911686514799e-04,2.396290506241349760e-04,-3.268248887591806984e-05,5.436041580800243800e-05,-2.136939238711783873e-05,1.313463117308399930e-05
1.173709539717802341e+00,-3.612475484093965322e-02,8.643806475430657055e-04,2.412216904567054954e-04,-3.240107194948937952e-05,5.484787669379764807e-05,-2.157182070245799305e-05,1.330036178641413880e-05
1.173834565699118926e+00,-3.651753335321047261e-02,8.806484100577285923e-04,2.427938656412997886e-04,-3.211425021990010897e-05,5.533112033083431580e-05,-2.177385515012789791e-05,1.346615312049215252e-05
1.173961380621476147e+00,-3.691038956501838109e-02,8.969644007745108949e-04,2.443457372731661081e-04,-3.182220764925969281e-05,5.581013451026739514e-05,-2.197550410926261272e-05,1.363199876711074232e-05
1.174089992930483550e+00,-3.730332463733078419e-02,9.133279771107727374e-04,2.458774669004404334e-04,-3.152512428142295597e-05,5.628490828354926201e-05,-2.217677566810054984e-05,1.379789253913576985e-05
1.174220410843301199e+00,-3.769633973497824031e-02,9.297385304610494838e-04,2.473892164472357713e-04,-3.122317631183701980e-05,5.675543192526499858e-05,-2.237767762849722508e-05,1.396382846463595229e-05
1.174352642356014442e+00,-3.808943602653567378e-02,9.461954848749634661e-04,2.488811481406449921e-04,-3.091653615748535255e-05,5.722169689671707804e-05,-2.257821751014410516e-05,1.412980078127623607e-05
1.174486695250743340e+00,-3.848261468420749454e-02,9.626982957880170222e-04,2.503534244416016907e-04,-3.060537252591588597e-05,5.768369581060639462e-05,-2.277840255534169939e-05,1.429580393075280398e-05
1.174622577102501397e+00,-3.887587688371699213e-02,9.792464488032059933e-04,2.518062079788496721e-04,-3.028985048347809794e-05,5.814142239644881638e-05,-2.297823973357836225e-05,1.446183255349176022e-05
1.174760295285813605e+00,-3.926922380419939351e-02,9.958394585211430283e-04,2.532396614868537288e-04,-2.997013152310212813e-05,5.859487146704644989e-05,-2.317773574615940302e-05,1.462788148307025970e-05
1.174899856981103330e+00,-3.966265662809909109e-02,1.012476867416789439e-03,2.546539477468745538e-04,-2.964637363099542622e-05,5.904403888538911627e-05,-2.337689703110247541e-05,1.479394574124826001e-05
1.175041269180855386e+00,-4.005617654107054143e-02,1.029158244760144947e-03,2.560492295306526778e-04,-2.931873135260387730e-05,5.948892153291585050e-05,-2.357572976789852615e-05,1.496002053280598432e-05
1.175184538695569270e+00,-4.044978473188180074e-02,1.045883185579701835e-03,2.574256695471177636e-04,-2.898735585804557147e-05,5.992951727831763442e-05,-2.377423988232218316e-05,1.512610124046465110e-05
1.175329672159503902e+00,-4.084348239232257760e-02,1.062651309666415300e-03,2.587834303923730594e-04,-2.865239500633720571e-05,6.036582494700626356e-05,-2.397243305123347018e-05,1.529218342020965959e-05
1.175476676036229629e+00,-4.123727071711485309e-02,1.079462260616295688e-03,2.601226745022888753e-04,-2.831399340896822991e-05,6.079784429152690350e-05,-2.417031470764319928e-05,1.545826279640560852e-05
1.175625556623988821e+00,-4.163115090382671357e-02,1.096315704910456879e-03,2.614435641070389504e-04,-2.797229249261456996e-05,6.122557596259514678e-05,-2.436789004543835763e-05,1.562433525700845927e-05
1.175776320060877067e+00,-4.202512415278954888e-02,1.113211331030462825e-03,2.627462611887176891e-04,-2.762743056081151671e-05,6.164902148111939262e-05,-2.456516402429484436e-05,1.579039684948546629e-05
1.175928972329848943e+00,-4.241919166701774851e-02,1.130148848607875900e-03,2.640309274409280427e-04,-2.727954285480782559e-05,6.206818321047302689e-05,-2.476214137463270820e-05,1.595644377579141793e-05
1.176083519263556809e+00,-4.281335465213127051e-02,1.147127987606390287e-03,2.652977242307841266e-04,-2.692876161376756006e-05,6.248306432994621407e-05,-2.495882660237449396e-05,1.612247238841346686e-05
1.176239966549028182e+00,-4.320761431628113158e-02,1.164148497535169580e-03,2.665468125630510166e-04,-2.657521613357027856e-05,6.289366880864177833e-05,-2.515522399383195856e-05,1.628847918583309351e-05
1.176398319732188558e+00,-4.360197187007781167e-02,1.181210146692368568e-03,2.677783530462829464e-04,-2.621903282530591017e-05,6.330000137996782961e-05,-2.535133762056242940e-05,1.645446080862644767e-05
1.176558584222234138e+00,-4.399642852652119879e-02,1.198312721437021222e-03,2.689925058608766406e-04,-2.586033527235409579e-05,6.370206751679652335e-05,-2.554717134411847723e-05,1.662041403527325656e-05
1.176720765295864446e+00,-4.439098550093364959e-02,1.215456025488677316e-03,2.701894307288732477e-04,-2.549924428674188448e-05,6.409987340741385431e-05,-2.574272882083575298e-05,1.678633577821553313e-05
1.176884868101372605e+00,-4.478564401089580455e-02,1.232639879253309700e-03,2.713692868858141871e-04,-2.513587796486305148e-05,6.449342593212170627e-05,-2.593801350648031190e-05,1.695222307984689536e-05
1.177050897662605511e+00,-4.518040527618358282e-02,1.249864119174548538e-03,2.725322330541235516e-04,-2.477035174172637078e-05,6.488273264004806862e-05,-2.613302866098527605e-05,1.711807310895985257e-05
1.177218858882795205e+00,-4.557527051870803592e-02,1.267128597109201671e-03,2.736784274181558452e-04,-2.440277844467653168e-05,6.526780172691482029e-05,-2.632777735313025086e-05,1.728388315688778043e-05
1.177388756548268134e+00,-4.597024096245774100e-02,1.284433179726006402e-03,2.748080276006870104e-04,-2.403326834642116605e-05,6.564864201322184734e-05,-2.652226246507762702e-05,1.744965063396608507e-05
1.177560595332034055e+00,-4.636531783344248481e-02,1.301777747926745332e-03,2.759211906411263016e-04,-2.366192921658683002e-05,6.602526292306953870e-05,-2.671648669688199418e-05,1.761537306585458929e-05
1.177734379797262809e+00,-4.676050235963906399e-02,1.319162196289011546e-03,2.770180729751436921e-04,-2.328886637299742990e-05,6.639767446334210454e-05,-2.691045257098914623e-05,1.778104809026237465e-05
1.177910114400647634e+00,-4.715579577093909763e-02,1.336586432529159041e-03,2.780988304152132162e-04,-2.291418273152323604e-05,6.676588720380682851e-05,-2.710416243666743247e-05,1.794667345354772348e-05
1.178087803495666996e+00,-4.755119929909905341e-02,1.354050376985327375e-03,2.791636181328771560e-04,-2.253797885541641843e-05,6.712991225726883115e-05,-2.729761847451456919e-05,1.811224700730418302e-05
1.178267451335739402e+00,-4.794671417769141158e-02,1.371553962119416437e-03,2.802125906423702517e-04,-2.216035300382779294e-05,6.748976126057237845e-05,-2.749082270058454680e-05,1.827776670523806324e-05
1.178449062077283616e+00,-4.834234164205784834e-02,1.389097132037227234e-03,2.812459017851320908e-04,-2.178140117924109997e-05,6.784544635581035710e-05,-2.768377697068193782e-05,1.844323060004593451e-05
1.178632639782680069e+00,-4.873808292926434110e-02,1.406679842026074823e-03,2.822637047152354306e-04,-2.140121717404686041e-05,6.819698017238029486e-05,-2.787648298462064300e-05,1.860863684025049203e-05
1.178818188423142566e+00,-4.913393927805735639e-02,1.424302058109401525e-03,2.832661518867574113e-04,-2.101989261660275332e-05,6.854437580908201433e-05,-2.806894229032651233e-05,1.877398366732785373e-05
1.179005711881502716e+00,-4.952991192882220256e-02,1.441963756617425929e-03,2.842533950412895472e-04,-2.063751701607274835e-05,6.888764681700632053e-05,-2.826115628792695567e-05,1.893926941279322484e-05
1.179195213954904231e+00,-4.992600212354226380e-02,1.459664923773369705e-03,2.852255851968354960e-04,-2.025417780671112666e-05,6.922680718285390000e-05,-2.845312623376769490e-05,1.910449249525880688e-05
1.179386698357421270e+00,-5.032221110576010070e-02,1.477405555294672435e-03,2.861828726375970078e-04,-1.986996039124444557e-05,6.956187131244850885e-05,-2.864485324421354312e-05,1.926965141761660671e-05
1.179580168722591305e+00,-5.071854012053979288e-02,1.495185656008556074e-03,2.871254069049256064e-04,-1.948494818349022495e-05,6.989285401487466132e-05,-2.883633829968944295e-05,1.943474476447104582e-05
1.179775628605874260e+00,-5.111499041443107183e-02,1.513005239481404751e-03,2.880533367888293839e-04,-1.909922265015684406e-05,7.021977048685124068e-05,-2.902758224842313245e-05,1.959977119944666946e-05
1.179973081487037501e+00,-5.151156323543386317e-02,1.530864327661488056e-03,2.889668103202291949e-04,-1.871286335206057139e-05,7.054263629793777746e-05,-2.921858581010367689e-05,1.976472946255136698e-05
1.180172530772466644e+00,-5.190825983296491059e-02,1.548762950534361693e-03,2.898659747643805851e-04,-1.832594798414910464e-05,7.086146737554643860e-05,-2.940934957969265628e-05,1.992961836760898109e-05
1.180373979797411543e+00,-5.230508145782562790e-02,1.566701145790792837e-03,2.907509766149896091e-04,-1.793855241517816612e-05,7.117627999064790600e-05,-2.959987403100897141e-05,2.009443679998335064e-05
1.180577431828160773e+00,-5.270202936217052714e-02,1.584678958506148538e-03,2.916219615885506933e-04,-1.755075072649991963e-05,7.148709074400461105e-05,-2.979015952020436231e-05,2.025918371405255325e-05
1.180782890064154156e+00,-5.309910479947725637e-02,1.602696440831517799e-03,2.924790746201555436e-04,-1.716261525006035349e-05,7.179391655254274696e-05,-2.998020628927362125e-05,2.042385813071090350e-05
1.180990357640032240e+00,-5.349630902451781717e-02,1.620753651695651387e-03,2.933224598593853205e-04,-1.677421660589706320e-05,7.209677463611285919e-05,-3.017001446938873122e-05,2.058845913543994044e-05
1.181199837627625593e+00,-5.389364329333072579e-02,1.638850656517552851e-03,2.941522606670632367e-04,-1.638562373872110012e-05,7.239568250461125842e-05,-3.035958408432321010e-05,2.075298587574103681e-05
1.181411333037885925e+00,-5.429110886319394452e-02,1.656987526929103172e-03,2.949686196125345106e-04,-1.599690395379105290e-05,7.269065794540674474e-05,-3.054891505375675886e-05,2.091743755917863101e-05
1.181624846822758812e+00,-5.468870699259956170e-02,1.675164340507614980e-03,2.957716784718622538e-04,-1.560812295227365087e-05,7.298171901133632122e-05,-3.073800719642465207e-05,2.108181345113202543e-05
1.181840381877006241e+00,-5.508643894122895734e-02,1.693381180517573859e-03,2.965615782261066258e-04,-1.521934486586884461e-05,7.326888400867315188e-05,-3.092686023320467825e-05,2.124611287278310723e-05
1.182057941039970750e+00,-5.548430596992862118e-02,1.711638135661802673e-03,2.973384590602146105e-04,-1.483063229058834143e-05,7.355217148560799778e-05,-3.111547379023270332e-05,2.141033519915958028e-05
1.182277527097293834e+00,-5.588230934068747630e-02,1.729935299841084406e-03,2.981024603626036829e-04,-1.444204632033985192e-05,7.383160022113310905e-05,-3.130384740192889564e-05,2.157447985710880811e-05
1.182499142782580837e+00,-5.628045031661487591e-02,1.748272771922160240e-03,2.988537207254948758e-04,-1.405364657930396888e-05,7.410718921405101689e-05,-3.149198051402308379e-05,2.173854632324390135e-05
1.182722790779021871e+00,-5.667873016191965485e-02,1.766650655514144519e-03,2.995923779449127800e-04,-1.366549125401961273e-05,7.437895767214985909e-05,-3.167987248628347657e-05,2.190253412225062757e-05
1.182948473720962790e+00,-5.707715014188980557e-02,1.785069058752676574e-03,3.003185690218512782e-04,-1.327763712488660985e-05,7.464692500226688399e-05,-3.186752259548564226e-05,2.206644282506942112e-05
1.183176194195433517e+00,-5.747571152287258428e-02,1.803528094091164102e-03,3.010324301636890798e-04,-1.289013959686335919e-05,7.491111079975520948e-05,-3.205493003807270702e-05,2.223027204703575954e-05
1.183405954743633970e+00,-5.787441557225651845e-02,1.822027878099971576e-03,3.017340967857440326e-04,-1.250305272984530980e-05,7.517153483904692735e-05,-3.224209393290055486e-05,2.239402144613156231e-05
1.183637757862374906e+00,-5.827326355845320605e-02,1.840568531272283870e-03,3.024237035134380580e-04,-1.211642926812750432e-05,7.542821706389701841e-05,-3.242901332376098289e-05,2.255769072129210073e-05
1.183871606005481913e+00,-5.867225675087974629e-02,1.859150177836492446e-03,3.031013841848784196e-04,-1.173032066950630004e-05,7.568117757825176817e-05,-3.261568718212343176e-05,2.272127961092107462e-05
1.184107501585157429e+00,-5.907139641994300916e-02,1.877772945575346963e-03,3.037672718536887917e-04,-1.134477713379822283e-05,7.593043663715881575e-05,-3.280211440954972080e-05,2.288478789103098876e-05
1.184345446973305016e+00,-5.947068383702358574e-02,1.896436965651657203e-03,3.044214987920901283e-04,-1.095984763085922076e-05,7.617601463807965878e-05,-3.298829384007669063e-05,2.304821537388312969e-05
1.184585444502818774e+00,-5.987012027446057816e-02,1.915142372439462837e-03,3.050641964947864437e-04,-1.057557992804880609e-05,7.641793211232705829e-05,-3.317422424279053289e-05,2.321156190640549788e-05
1.184827496468834340e+00,-6.026970700553739568e-02,1.933889303361170653e-03,3.056954956821567038e-04,-1.019202061684765237e-05,7.665620971676612161e-05,-3.335990432410534945e-05,2.337482736855522880e-05
1.185071605129947248e+00,-6.066944530446807815e-02,1.952677898730548200e-03,3.063155263048900068e-04,-9.809215139183757870e-06,7.689086822576518543e-05,-3.354533273004344646e-05,2.353801167205571421e-05
1.185317772709397754e+00,-6.106933644638409819e-02,1.971508301601122837e-03,3.069244175482599424e-04,-9.427207813578197815e-06,7.712192852328547676e-05,-3.373050804836384003e-05,2.370111475893943442e-05
1.185566001396220814e+00,-6.146938170732176021e-02,1.990380657619701676e-03,3.075222978365654836e-04,-9.046041860430453774e-06,7.734941159540098532e-05,-3.391542881080265165e-05,2.386413660021569072e-05
1.185816293346367623e+00,-6.186958236421013363e-02,2.009295114884859790e-03,3.081092948382935237e-04,-8.665759426637609231e-06,7.757333852287384701e-05,-3.410009349525452288e-05,2.402707719428853750e-05
1.186068650683794523e+00,-6.226993969485982577e-02,2.028251823810507670e-03,3.086855354709761023e-04,-8.286401610185789579e-06,7.779373047414606113e-05,-3.428450052778489465e-05,2.418993656591594821e-05
1.186323075501525270e+00,-6.267045497795224740e-02,2.047250936993878778e-03,3.092511459069635649e-04,-7.908008483811790335e-06,7.801060869781772933e-05,-3.446864828467524622e-05,2.435271476489142550e-05
1.186579569862678651e+00,-6.307112949302937088e-02,2.066292609088388188e-03,3.098062515787258775e-04,-7.530619118609194196e-06,7.822399451640205115e-05,-3.465253509430700485e-05,2.451541186468397804e-05
1.186838135801475902e+00,-6.347196452048341209e-02,2.085376996680682327e-03,3.103509771845425202e-04,-7.154271607051621018e-06,7.843390931953908574e-05,-3.483615923912265072e-05,2.467802796125850850e-05
1.187098775324214817e+00,-6.387296134154805960e-02,2.104504258171872866e-03,3.108854466949417805e-04,-6.779003085419232910e-06,7.864037455745931382e-05,-3.501951895747146271e-05,2.484056317199334618e-05
1.187361490410222098e+00,-6.427412123828968316e-02,2.123674553662920073e-03,3.114097833586126907e-04,-6.404849755781150122e-06,7.884341173497455557e-05,-3.520261244548301971e-05,2.500301763437573488e-05
1.187626283012776840e+00,-6.467544549359854900e-02,2.142888044843943574e-03,3.119241097087055437e-04,-6.031846907977866934e-06,7.904304240548276628e-05,-3.538543785871345326e-05,2.516539150501651001e-05
1.187893155060013139e+00,-6.507693539118150627e-02,2.162144894887162161e-03,3.124285475695487424e-04,-5.660028940465688940e-06,7.923928816480629855e-05,-3.556799331390532448e-05,2.532768495858150892e-05
1.188162108455795396e+00,-6.547859221555435427e-02,2.181445268343795707e-03,3.129232180631713600e-04,-5.289429381424848309e-06,7.943217064569629837e-05,-3.575027689071454129e-05,2.548989818661195894e-05
1.188433145080571629e+00,-6.588041725203491739e-02,2.200789331044422648e-03,3.134082416162697893e-04,-4.920080909048829554e-06,7.962171151253139012e-05,-3.593228663330803874e-05,2.565203139655303222e-05
1.188706266792205923e+00,-6.628241178673618950e-02,2.220177250002480784e-03,3.138837379672021477e-04,-4.552015371639406283e-06,7.980793245568329475e-05,-3.611402055191462179e-05,2.581408481064362270e-05
1.188981475426786893e+00,-6.668457710656049142e-02,2.239609193321376313e-03,3.143498261730104382e-04,-4.185263807215955367e-06,7.999085518617388146e-05,-3.629547662435672617e-05,2.597605866508367889e-05
1.189258772799416608e+00,-6.708691449919369776e-02,2.259085330104680656e-03,3.148066246169978211e-04,-3.819856462736193059e-06,8.017050143092896430e-05,-3.647665279753360690e-05,2.613795320900724750e-05
1.189538160704977088e+00,-6.748942525309997720e-02,2.278605830369234697e-03,3.152542510158062861e-04,-3.455822813080988709e-06,8.034689292786556525e-05,-3.665754698892360885e-05,2.629976870358041730e-05
1.189819640918878374e+00,-6.789211065751658836e-02,2.298170864961569804e-03,3.156928224271604577e-04,-3.093191579414678039e-06,8.052005142088203282e-05,-3.683815708799796640e-05,2.646150542104375170e-05
1.190103215197787723e+00,-6.829497200244910582e-02,2.317780605476885830e-03,3.161224552569730228e-04,-2.731990747517620832e-06,8.068999865566695018e-05,-3.701848095740215006e-05,2.662316364378247702e-05
1.190388885280337927e+00,-6.869801057866745109e-02,2.337435224181037136e-03,3.165432652677269143e-04,-2.372247585577524909e-06,8.085675637492517609e-05,-3.719851643449803569e-05,2.678474366354932634e-05
1.190676652887819875e+00,-6.910122767770178476e-02,2.357134893934766801e-03,3.169553675861913611e-04,-2.013988661606069819e-06,8.102034631414511967e-05,-3.737826133260770123e-05,2.694624578059023889e-05
1.190966519724855566e+00,-6.950462459183895381e-02,2.376879788120952325e-03,3.173588767109436493e-04,-1.657239860369807971e-06,8.118079019736601509e-05,-3.755771344216701779e-05,2.710767030292271507e-05
1.191258487480054029e+00,-6.990820261411959113e-02,2.396670080574363204e-03,3.177539065206957947e-04,-1.302026400626377090e-06,8.133810973330601879e-05,-3.773687053192087415e-05,2.726901754539212686e-05
1.191552557826652148e+00,-7.031196303833471550e-02,2.416505945513396092e-03,3.181405702822881487e-04,-9.483728511811007067e-07,8.149232661122662869e-05,-3.791573035033350692e-05,2.743028782897782847e-05
1.191848732423138379e+00,-7.071590715902303925e-02,2.436387557474412047e-03,3.185189806588772932e-04,-5.963031471933888383e-07,8.164346249718568149e-05,-3.809429062645412756e-05,2.759148147996048905e-05
1.192147012913858273e+00,-7.112003627146876172e-02,2.456315091248547494e-03,3.188892497181516905e-04,-2.458406062333384767e-07,8.179153903041525009e-05,-3.827254907108439130e-05,2.775259882926983668e-05
1.192447400929609103e+00,-7.152435167169959862e-02,2.476288721820329303e-03,3.192514889407138678e-04,1.029920564110664571e-07,8.193657781972729648e-05,-3.845050337789382433e-05,2.791364021170750220e-05
1.192749898088217186e+00,-7.192885465648497789e-02,2.496308624308447854e-03,3.196058092284626007e-04,4.501727124128773738e-07,8.207860043997483590e-05,-3.862815122438606474e-05,2.807460596526700769e-05
1.193054505995099879e+00,-7.233354652333449930e-02,2.516374973908504231e-03,3.199523209130028523e-04,7.956798054875591220e-07,8.221762842890167899e-05,-3.880549027302296339e-05,2.823549643048151037e-05
1.193361226243815576e+00,-7.273842857049660215e-02,2.536487945837988256e-03,3.202911337640557132e-04,1.139492336710290488e-06,8.235368328378400715e-05,-3.898251817202602609e-05,2.839631194977154660e-05
1.193670060416599732e+00,-7.314350209695787142e-02,2.556647715282883704e-03,3.206223569982014077e-04,1.481589850124698238e-06,8.248678645826623690e-05,-3.915923255643459500e-05,2.855705286673726473e-05
1.193981010084885108e+00,-7.354876840244199687e-02,2.576854457346105381e-03,3.209460992872892326e-04,1.821952418656902495e-06,8.261695935946056224e-05,-3.933563104892984219e-05,2.871771952553392460e-05
1.194294076809813587e+00,-7.395422878740948169e-02,2.597108346997861750e-03,3.212624687673470980e-04,2.160560630112828839e-06,8.274422334492159692e-05,-3.951171126069519257e-05,2.887831227030290826e-05
1.194609262142730888e+00,-7.435988455305733713e-02,2.617409559027665533e-03,3.215715730468526878e-04,2.497395573855532014e-06,8.286859972000959473e-05,-3.968747079232184949e-05,2.903883144446395281e-05
1.194926567625671732e+00,-7.476573700131891598e-02,2.637758267997794559e-03,3.218735192158650449e-04,2.832438827232719447e-06,8.299010973503162525e-05,-3.986290723455819529e-05,2.919927739032657232e-05
1.195245994791833688e+00,-7.517178743486453707e-02,2.658154648198546299e-03,3.221684138547120657e-04,3.165672442614897442e-06,8.310877458259091632e-05,-4.003801816918582668e-05,2.935965044835453508e-05
1.195567545166037249e+00,-7.557803715710183223e-02,2.678598873604907948e-03,3.224563630427335070e-04,3.497078934572295239e-06,8.322461539507497452e-05,-4.021280116958333983e-05,2.951995095669401881e-05
1.195891220265176358e+00,-7.598448747217614874e-02,2.699091117834718362e-03,3.227374723671072587e-04,3.826641267357100418e-06,8.333765324233799454e-05,-4.038725380163706025e-05,2.968017925060462137e-05
1.196217021598657837e+00,-7.639113968497152074e-02,2.719631554108457167e-03,3.230118469318421504e-04,4.154342842385694290e-06,8.344790912927224635e-05,-4.056137362433258342e-05,2.984033566198751597e-05
1.196544950668829710e+00,-7.679799510111159910e-02,2.740220355210057357e-03,3.232795913665487131e-04,4.480167486192732085e-06,8.355540399346272906e-05,-4.073515819049376707e-05,3.000042051869156179e-05
1.196875008971399534e+00,-7.720505502696130284e-02,2.760857693449372818e-03,3.235408098353487194e-04,4.804099438662778887e-06,8.366015870314713609e-05,-4.090860504738121073e-05,3.016043414419411484e-05
1.197207197995843853e+00,-7.761232076962797100e-02,2.781543740625804645e-03,3.237956060459235008e-04,5.126123341137045486e-06,8.376219405489826464e-05,-4.108171173735145065e-05,3.032037685719857212e-05
1.197541519225805207e+00,-7.801979363696326386e-02,2.802278667993058497e-03,3.240440832585900210e-04,5.446224225144624675e-06,8.386153077180602544e-05,-4.125447579838431578e-05,3.048024897094048224e-05
1.197877974139482715e+00,-7.842747493756470345e-02,2.823062646225116268e-03,3.242863442950161268e-04,5.764387501092094190e-06,8.395818950150679694e-05,-4.142689476470048926e-05,3.064005079275733401e-05
1.198216564210011104e+00,-7.883536598077753310e-02,2.843895845383602461e-03,3.245224915473521321e-04,6.080598947355575490e-06,8.405219081428216832e-05,-4.159896616734437558e-05,3.079978262367222275e-05
1.198557290905832851e+00,-7.924346807669750692e-02,2.864778434886028347e-03,3.247526269872791360e-04,6.394844699234014662e-06,8.414355520114380482e-05,-4.177068753463339390e-05,3.095944475814405017e-05
1.198900155691059677e+00,-7.965178253617272164e-02,2.885710583475323276e-03,3.249768521751406070e-04,6.707111238429819267e-06,8.423230307222362434e-05,-4.194205639268706876e-05,3.111903748338751274e-05
1.199245160025827150e+00,-8.006031067080629504e-02,2.906692459190174382e-03,3.251952682687964113e-04,7.017385382779295355e-06,8.431845475519172961e-05,-4.211307026594571234e-05,3.127856107902615701e-05
1.199592305366640188e+00,-8.046905379295905825e-02,2.927724229336303025e-03,3.254079760327266424e-04,7.325654275844306618e-06,8.440203049342454023e-05,-4.228372667766308601e-05,3.143801581673155709e-05
1.199941593166710563e+00,-8.087801321575247004e-02,2.948806060459139428e-03,3.256150758472742268e-04,7.631905376948022734e-06,8.448305044474191394e-05,-4.245402315022558937e-05,3.159740195976534771e-05
1.200293024876286641e+00,-8.128719025307142021e-02,2.969938118317159981e-03,3.258166677176377313e-04,7.936126451169034368e-06,8.456153467983895666e-05,-4.262395720557900225e-05,3.175671976263227947e-05
1.200646601942976011e+00,-8.169658621956739364e-02,2.991120567855994755e-03,3.260128512828086578e-04,8.238305559821190727e-06,8.463750318077334356e-05,-4.279352636571073787e-05,3.191596947070551860e-05
1.201002325812061011e+00,-8.210620243066203694e-02,3.012353573183620958e-03,3.262037258249528282e-04,8.538431050919559340e-06,8.471097583977182932e-05,-4.296272815301933889e-05,3.207515131990745783e-05
1.201360197926805817e+00,-8.251604020254990624e-02,3.033637297546368239e-03,3.263893902780978795e-04,8.836491549729652561e-06,8.478197245805063620e-05,-4.313156009065101382e-05,3.223426553615460488e-05
1.201720219728757311e+00,-8.292610085220232519e-02,3.054971903305572778e-03,3.265699432374591371e-04,9.132475949774621071e-06,8.485051274445543079e-05,-4.330001970274596768e-05,3.239331233516329345e-05
1.202082392658038401e+00,-8.333638569737178425e-02,3.076357551915306909e-03,3.267454829689320217e-04,9.426373403689791708e-06,8.491661631415681200e-05,-4.346810451490504268e-05,3.255229192215824963e-05
1.202446718153637573e+00,-8.374689605659478564e-02,3.097794403900649973e-03,3.269161074175297443e-04,9.718173314451905576e-06,8.498030268790091046e-05,-4.363581205444819200e-05,3.271120449140074715e-05
1.202813197653686661e+00,-8.415763324919613153e-02,3.119282618836455301e-03,3.270819142167924465e-04,1.000786532677488960e-05,8.504159129067712097e-05,-4.380313985063305493e-05,3.287005022592492942e-05
1.203181832595739076e+00,-8.456859859529308743e-02,3.140822355327539672e-03,3.272430006981130735e-04,1.029543931835297244e-05,8.510050145080216843e-05,-4.397008543499669742e-05,3.302882929735739825e-05
1.203552624417036032e+00,-8.497979341579948998e-02,3.162413770988716649e-03,3.273994638994526252e-04,1.058088539174217857e-05,8.515705239905968504e-05,-4.413664634165571921e-05,3.318754186529271344e-05
1.203925574554769895e+00,-8.539121903243004907e-02,3.184057022425999112e-03,3.275514005747770518e-04,1.086419386600590009e-05,8.521126326765937620e-05,-4.430282010740166365e-05,3.334618807718237044e-05
1.204300684446340863e+00,-8.580287676770465000e-02,3.205752265218349967e-03,3.276989072027725047e-04,1.114535526856863523e-05,8.526315308958476447e-05,-4.446860427203755406e-05,3.350476806805724461e-05
1.204677955529608546e+00,-8.621476794495303020e-02,3.227499653899925519e-03,3.278420799963932541e-04,1.142436032749993835e-05,8.531274079746908878e-05,-4.463399637855657021e-05,3.366328196016676877e-05
1.205057389243138211e+00,-8.662689388831953941e-02,3.249299341942891300e-03,3.279810149117712292e-04,1.170119996345142521e-05,8.536004522319284860e-05,-4.479899397322878452e-05,3.382172986272913295e-05
1.205438987026440589e+00,-8.703925592276762213e-02,3.271151481740855460e-03,3.281158076572365800e-04,1.197586528220440094e-05,8.540508509695399209e-05,-4.496359460602269986e-05,3.398011187165372871e-05
1.205822750320207248e+00,-8.745185537408496634e-02,3.293056224592957881e-03,3.282465537025047730e-04,1.224834756705095451e-05,8.544787904672668244e-05,-4.512779583054800370e-05,3.413842806937461560e-05
1.206208680566541291e+00,-8.786469356888823579e-02,3.315013720688240323e-03,3.283733482878636867e-04,1.251863827136934226e-05,8.548844559747026395e-05,-4.529159520422210150e-05,3.429667852429540975e-05
1.206596779209182069e+00,-8.827777183462820476e-02,3.337024119090703511e-03,3.284962864329998844e-04,1.278672901143529383e-05,8.552680317076843952e-05,-4.545499028855287671e-05,3.445486329074765042e-05
1.206987047693726778e+00,-8.869109149959486516e-02,3.359087567724877710e-03,3.286154629462689769e-04,1.305261155913617355e-05,8.556297008416313687e-05,-4.561797864908664901e-05,3.461298240874099985e-05
1.207379487467845403e+00,-8.910465389292276939e-02,3.381204213361636152e-03,3.287309724338549621e-04,1.331627783504596430e-05,8.559696455054388586e-05,-4.578055785561460644e-05,3.477103590368568753e-05
1.207774099981492544e+00,-8.951846034459642887e-02,3.403374201604497662e-03,3.288429093086520094e-04,1.357771990154188479e-05,8.562880467791189609e-05,-4.594272548229944020e-05,3.492902378603168767e-05
1.208170886687115031e+00,-8.993251218545571246e-02,3.425597676876696029e-03,3.289513677994793106e-04,1.383692995593488462e-05,8.565850846889433434e-05,-4.610447910766667101e-05,3.508694605119933030e-05
1.208569849039852873e+00,-9.034681074720124494e-02,3.447874782408134886e-03,3.290564419601571533e-04,1.409390032378055047e-05,8.568609382016145748e-05,-4.626581631469832423e-05,3.524480267927398991e-05
1.208970988497739985e+00,-9.076135736239995810e-02,3.470205660223185662e-03,3.291582256784164606e-04,1.434862345243981263e-05,8.571157852223232343e-05,-4.642673469100466743e-05,3.540259363475628529e-05
1.209374306521896925e+00,-9.117615336449114150e-02,3.492590451128596563e-03,3.292568126848638421e-04,1.460109190445924021e-05,8.573498025928050215e-05,-4.658723182865941170e-05,3.556031886635391270e-05
1.209779804576722739e+00,-9.159120008779177147e-02,3.515029294701751961e-03,3.293522965625572674e-04,1.485129835131215881e-05,8.575631660863447525e-05,-4.674730532448594100e-05,3.571797830671796792e-05
1.210187484130080815e+00,-9.200649886750277007e-02,3.537522329279625677e-03,3.294447707554715166e-04,1.509923556720915716e-05,8.577560504056946922e-05,-4.690695277991679957e-05,3.587557187230416833e-05
1.210597346653481621e+00,-9.242205103971498636e-02,3.560069691947730791e-03,3.295343285777962983e-04,1.534489642275593813e-05,8.579286291809928855e-05,-4.706617180105787668e-05,3.603309946315080836e-05
1.211009393622262564e+00,-9.283785794141477532e-02,3.582671518529374766e-03,3.296210632229290560e-04,1.558827387920791452e-05,8.580810749683753791e-05,-4.722495999871269279e-05,3.619056096251793697e-05
1.211423626515763630e+00,-9.325392091049049259e-02,3.605327943575310085e-03,3.297050677727175749e-04,1.582936098210030451e-05,8.582135592474782193e-05,-4.738331498830780641e-05,3.634795623690123545e-05
1.211840046817498795e+00,-9.367024128573872566e-02,3.628039100354064905e-03,3.297864352060642101e-04,1.606815085580803881e-05,8.583262524206047850e-05,-4.754123439000210172e-05,3.650528513574058387e-05
1.212258656015325897e+00,-9.408682040687005310e-02,3.650805120841676965e-03,3.298652584083350270e-04,1.630463669757831191e-05,8.584193238120318981e-05,-4.769871582861046067e-05,3.666254749121189427e-05
1.212679455601612721e+00,-9.450365961451592800e-02,3.673626135712419749e-03,3.299416301801305629e-04,1.653881177204885589e-05,8.584929416657893775e-05,-4.785575693356733384e-05,3.681974311806057720e-05
1.213102447073397538e+00,-9.492076025023471475e-02,3.696502274329695192e-03,3.300156432465284340e-04,1.677066940533600281e-05,8.585472731474641517e-05,-4.801235533886082096e-05,3.697687181321296368e-05
1.213527631932549422e+00,-9.533812365651808673e-02,3.719433664737051282e-03,3.300873902656875636e-04,1.700020297970561423e-05,8.585824843417022567e-05,-4.816850868299797639e-05,3.713393335583181631e-05
1.213955011685924790e+00,-9.575575117679804849e-02,3.742420433649237821e-03,3.301569638382573224e-04,1.722740592817462169e-05,8.585987402544292824e-05,-4.832421460890246045e-05,3.729092750705265136e-05
1.214384587845519725e+00,-9.617364415545312517e-02,3.765462706443907515e-03,3.302244565162870682e-04,1.745227172933461190e-05,8.585962048118789269e-05,-4.847947076403770483e-05,3.744785400985883861e-05
1.214816361928622745e+00,-9.659180393781502394e-02,3.788560607153136639e-03,3.302899608119413966e-04,1.767479390185622279e-05,8.585750408593439964e-05,-4.863427480019007210e-05,3.760471258880404566e-05
1.215250335457959352e+00,-9.701023187017569771e-02,3.811714258455341231e-03,3.303535692070480589e-04,1.789496599946538424e-05,8.585354101652009629e-05,-4.878862437331273061e-05,3.776150294977631550e-05
1.215686509961839468e+00,-9.742892929979375671e-02,3.834923781667519405e-03,3.304153741615356576e-04,1.811278160569751439e-05,8.584774734203548530e-05,-4.894251714354647120e-05,3.791822477999806651e-05
1.216124886974297770e+00,-9.784789757490106044e-02,3.858189296737313256e-03,3.304754681226762525e-04,1.832823432912356054e-05,8.584013902387943595e-05,-4.909595077511041961e-05,3.807487774773465894e-05
1.216565468035235353e+00,-9.826713804471046143e-02,3.881510922235639760e-03,3.305339435339671450e-04,1.854131779832624005e-05,8.583073191606449548e-05,-4.924892293628121975e-05,3.823146150215561700e-05
1.217008254690556068e+00,-9.868665205942228624e-02,3.904888775349175944e-03,3.305908928443179740e-04,1.875202565684852551e-05,8.581954176523076683e-05,-4.940143129906343633e-05,3.838797567318197324e-05
1.217453248492300411e+00,-9.910644097023141308e-02,3.928322971873246527e-03,3.306464085167382105e-04,1.896035155854458587e-05,8.580658421086795329e-05,-4.955347353930925069e-05,3.854441987120871271e-05
1.217900450998780304e+00,-9.952650612933433560e-02,3.951813626204680324e-03,3.307005830377740541e-04,1.916628916291684970e-05,8.579187478552352530e-05,-4.970504733648427320e-05,3.870079368704926193e-05
1.218349863774706332e+00,-9.994684888993633776e-02,3.975360851334808904e-03,3.307535089259183714e-04,1.936983213027265727e-05,8.577542891506639844e-05,-4.985615037347845835e-05,3.885709669178283310e-05
1.218801488391318077e+00,-1.003674706062587241e-01,3.998964758842756678e-03,3.308052787407977924e-04,1.957097411731112402e-05,8.575726191893673356e-05,-5.000678033658702282e-05,3.901332843649074622e-05
1.219255326426508468e+00,-1.007883726335459806e-01,4.022625458888602623e-03,3.308559850924153167e-04,1.976970877251571501e-05,8.573738901031247028e-05,-5.015693491542717874e-05,3.916948845222867348e-05
1.219711379464948120e+00,-1.012095563280732136e-01,4.046343060207065884e-03,3.309057206498378090e-04,1.996602973163008610e-05,8.571582529635912717e-05,-5.030661180259465848e-05,3.932557624967969456e-05
1.220169649098206577e+00,-1.016310230471534903e-01,4.070117670100830559e-03,3.309545781503553386e-04,2.015993061324494739e-05,8.569258577863225756e-05,-5.045580869357350895e-05,3.948159131915429665e-05
1.220630136924870879e+00,-1.020527741491451951e-01,4.093949394434283351e-03,3.310026504081964305e-04,2.035140501441268235e-05,8.566768535336888313e-05,-5.060452328663721244e-05,3.963753313038220760e-05
1.221092844550664580e+00,-1.024748109934593837e-01,4.117838337627268558e-03,3.310500303237984276e-04,2.054044650642850023e-05,8.564113881180668297e-05,-5.075275328264745867e-05,3.979340113229035136e-05
1.221557773588562990e+00,-1.028971349405675972e-01,4.141784602648933278e-03,3.310968108926892750e-04,2.072704863065322201e-05,8.561296084041991605e-05,-5.090049638487199879e-05,3.994919475304448131e-05
1.222024925658906191e+00,-1.033197473520091475e-01,4.165788291011426892e-03,3.311430852144525705e-04,2.091120489414177719e-05,8.558316602141902152e-05,-5.104775029889097038e-05,4.010491339968835778e-05
1.222494302389512288e+00,-1.037426495903989582e-01,4.189849502764211170e-03,3.311889465017481271e-04,2.109290876561864536e-05,8.555176883312531899e-05,-5.119451273234362776e-05,4.026055645797721461e-05
1.222965905415787091e+00,-1.041658430194350032e-01,4.213968336487874250e-03,3.312344880891660015e-04,2.127215367141166436e-05,8.551878365020693096e-05,-5.134078139474793079e-05,4.041612329236388135e-05
1.223439736380832032e+00,-1.045893290039060924e-01,4.238144889288163186e-03,3.312798034426078786e-04,2.144893299137196063e-05,8.548422474424777207e-05,-5.148655399734788918e-05,4.057161324584612760e-05
1.223915796935552303e+00,-1.050131089096997816e-01,4.262379256790394672e-03,3.313249861677802777e-04,2.162324005494653534e-05,8.544810628403898267e-05,-5.163182825289325262e-05,4.072702563963359612e-05
1.224394088738761877e+00,-1.054371841038101720e-01,4.286671533133615958e-03,3.313701300196036925e-04,2.179506813708431689e-05,8.541044233595362911e-05,-5.177660187541920089e-05,4.088235977323106951e-05
1.224874613457286099e+00,-1.058615559543455015e-01,4.311021810964855983e-03,3.314153289111221312e-04,2.196441045454466945e-05,8.537124686451569300e-05,-5.192087258010062711e-05,4.103761492403601441e-05
1.225357372766066044e+00,-1.062862258305362351e-01,4.335430181433452823e-03,3.314606769224404115e-04,2.213126016194222334e-05,8.533053373291354937e-05,-5.206463808301274587e-05,4.119279034746348156e-05
1.225842368348256883e+00,-1.067111951027430589e-01,4.359896734185284006e-03,3.315062683097169671e-04,2.229561034804150577e-05,8.528831670327752246e-05,-5.220789610097323341e-05,4.134788527657140556e-05
1.226329601895329358e+00,-1.071364651424648318e-01,4.384421557357298660e-03,3.315521975143509437e-04,2.245745403187116018e-05,8.524460943731826390e-05,-5.235064435126467186e-05,4.150289892201897146e-05
1.226819075107167034e+00,-1.075620373223463849e-01,4.409004737571754762e-03,3.315985591720027603e-04,2.261678415911572149e-05,8.519942549659043074e-05,-5.249288055140556575e-05,4.165783047173354792e-05
1.227310789692161563e+00,-1.079879130161868483e-01,4.433646359930931702e-03,3.316454481215869166e-04,2.277359359816044648e-05,8.515277834322820816e-05,-5.263460241894737934e-05,4.181267909111885395e-05
1.227804747367310823e+00,-1.084140935989477417e-01,4.458346508011266918e-03,3.316929594143758209e-04,2.292787513688554490e-05,8.510468134030613196e-05,-5.277580767126983929e-05,4.196744392261086976e-05
1.228300949858310398e+00,-1.088405804467611898e-01,4.483105263857867229e-03,3.317411883229925973e-04,2.307962147884978776e-05,8.505514775242195569e-05,-5.291649402534154278e-05,4.212212408569171451e-05
1.228799398899647066e+00,-1.092673749369378750e-01,4.507922707979172827e-03,3.317902303506259365e-04,2.322882523968228252e-05,8.500419074611298420e-05,-5.305665919751699489e-05,4.227671867655657945e-05
1.229300096234690942e+00,-1.096944784479755297e-01,4.532798919341052279e-03,3.318401812400784134e-04,2.337547894368241508e-05,8.495182339061935206e-05,-5.319630090330242089e-05,4.243122676811372784e-05
1.229803043615786295e+00,-1.101218923595671112e-01,4.557733975361605294e-03,3.318911369827592939e-04,2.351957502016999157e-05,8.489805865825872377e-05,-5.333541685706086333e-05,4.258564740977632823e-05
1.230308242804340146e+00,-1.105496180526093497e-01,4.582727951905452013e-03,3.319431938281769412e-04,2.366110580018232490e-05,8.484290942495364973e-05,-5.347400477176758593e-05,4.273997962732367650e-05
1.230815695570909751e+00,-1.109776569092107146e-01,4.607780923278188834e-03,3.319964482924597782e-04,2.380006351292152100e-05,8.478638847084218888e-05,-5.361206235887303051e-05,4.289422242274854025e-05
1.231325403695291865e+00,-1.114060103126999768e-01,4.632892962220830357e-03,3.320509971679597161e-04,2.393644028245156541e-05,8.472850848093016474e-05,-5.374958732795760696e-05,4.304837477414613645e-05
1.231837368966607560e+00,-1.118346796476348548e-01,4.658064139904161127e-03,3.321069375323837392e-04,2.407022812427050962e-05,8.466928204557688797e-05,-5.388657738648189310e-05,4.320243563540882015e-05
1.232351593183386385e+00,-1.122636662998103552e-01,4.683294525923337170e-03,3.321643667577311998e-04,2.420141894199367982e-05,8.460872166113353465e-05,-5.402303023954377337e-05,4.335640393628159561e-05
1.232868078153653846e+00,-1.126929716562673767e-01,4.708584188291980999e-03,3.322233825198972479e-04,2.433000452400913005e-05,8.454683973049825774e-05,-5.415894358965986366e-05,4.351027858207068277e-05
1.233386825695010902e+00,-1.131225971053010926e-01,4.733933193436686004e-03,3.322840828075546149e-04,2.445597654035513990e-05,8.448364856365742082e-05,-5.429431513654520147e-05,4.366405845351861714e-05
1.233907837634719229e+00,-1.135525440364697214e-01,4.759341606191166973e-03,3.323465659312019316e-04,2.457932653937566769e-05,8.441916037849050980e-05,-5.442914257675068868e-05,4.381774240667934972e-05
1.234431115809780932e+00,-1.139828138406033392e-01,4.784809489790736725e-03,3.324109305330447128e-04,2.470004594440355916e-05,8.435338730117258876e-05,-5.456342360340982189e-05,4.397132927277946912e-05
1.234956662067020261e+00,-1.144134079098120260e-01,4.810336905866338664e-03,3.324772755955995862e-04,2.481812605059641186e-05,8.428634136689594492e-05,-5.469715590604266875e-05,4.412481785794064582e-05
1.235484478263163322e+00,-1.148443276374950389e-01,4.835923914439030358e-03,3.325457004513254766e-04,2.493355802189733961e-05,8.421803452064724471e-05,-5.483033717024535236e-05,4.427820694316575434e-05
1.236014566264916681e+00,-1.152755744183494302e-01,4.861570573913738535e-03,3.326163047919494797e-04,2.504633288764879229e-05,8.414847861747121183e-05,-5.496296507741249560e-05,4.443149528410295090e-05
1.236546927949045971e+00,-1.157071496483789569e-01,4.887276941073590009e-03,3.326891886776539575e-04,2.515644153974760933e-05,8.407768542345595009e-05,-5.509503730449262504e-05,4.458468161096240667e-05
1.237081565202453382e+00,-1.161390547249029348e-01,4.913043071074034429e-03,3.327644525464579228e-04,2.526387472930047284e-05,8.400566661630193277e-05,-5.522655152375745280e-05,4.473776462814160748e-05
1.237618479922254711e+00,-1.165712910465646068e-01,4.938869017436564590e-03,3.328421972235984239e-04,2.536862306357079433e-05,8.393243378583548076e-05,-5.535750540239421646e-05,4.489074301432249836e-05
1.238157674015855525e+00,-1.170038600133409684e-01,4.964754832042908572e-03,3.329225239311339735e-04,2.547067700299499027e-05,8.385799843478591864e-05,-5.548789660228016507e-05,4.504361542219392778e-05
1.238699149401026878e+00,-1.174367630265510110e-01,4.990700565128847188e-03,3.330055342967430665e-04,2.557002685810161324e-05,8.378237197950721971e-05,-5.561772277986633262e-05,4.519638047838225869e-05
1.239242908005979249e+00,-1.178700014888647701e-01,5.016706265277948162e-03,3.330913303638827205e-04,2.566666278648599420e-05,8.370556575051923964e-05,-5.574698158566059047e-05,4.534903678309054609e-05
1.239788951769438707e+00,-1.183035768043127212e-01,5.042771979415244799e-03,3.331800146009200603e-04,2.576057478957671787e-05,8.362759099320160594e-05,-5.587567066394315274e-05,4.550158291008465916e-05
1.240337282640718186e+00,-1.187374903782943969e-01,5.068897752801310164e-03,3.332716899104304353e-04,2.585175270992945418e-05,8.354845886861250737e-05,-5.600378765264861503e-05,4.565401740644348116e-05
1.240887902579792756e+00,-1.191717436175878109e-01,5.095083629025540239e-03,3.333664596390784052e-04,2.594018622821547826e-05,8.346818045398829433e-05,-5.613133018311095013e-05,4.580633879258666497e-05
1.241440813557370904e+00,-1.196063379303585611e-01,5.121329649999541156e-03,3.334644275871379016e-04,2.602586486015467937e-05,8.338676674349287943e-05,-5.625829587962635769e-05,4.595854556183054385e-05
1.241996017554967136e+00,-1.200412747261686564e-01,5.147635855951043782e-03,3.335656980177348352e-04,2.610877795350408093e-05,8.330422864899489355e-05,-5.638468235914274873e-05,4.611063618031874256e-05
1.242553516564973481e+00,-1.204765554159862861e-01,5.174002285417089730e-03,3.336703756667280807e-04,2.618891468519901622e-05,8.322057700069218633e-05,-5.651048723105504823e-05,4.626260908693891061e-05
1.243113312590730768e+00,-1.209121814121946747e-01,5.200428975237154916e-03,3.337785657521741278e-04,2.626626405846654855e-05,8.313582254772244884e-05,-5.663570809688427132e-05,4.641446269307292205e-05
1.243675407646598785e+00,-1.213481541286015042e-01,5.226915960546772710e-03,3.338903739842080665e-04,2.634081489973072454e-05,8.304997595907914754e-05,-5.676034254990976191e-05,4.656619538237483091e-05
1.244239803758026897e+00,-1.217844749804481708e-01,5.253463274770435454e-03,3.340059065745637490e-04,2.641255585590640553e-05,8.296304782412500245e-05,-5.688438817504949674e-05,4.671780551075699339e-05
1.244806502961622874e+00,-1.222211453844190554e-01,5.280070949614620868e-03,3.341252702462604862e-04,2.648147539142942097e-05,8.287504865342465443e-05,-5.700784254849232402e-05,4.686929140608475652e-05
1.245375507305224172e+00,-1.226581667586512520e-01,5.306739015060860098e-03,3.342485722435672990e-04,2.654756178531447741e-05,8.278598887949406571e-05,-5.713070323725040478e-05,4.702065136794053579e-05
1.245946818847964987e+00,-1.230955405227433797e-01,5.333467499358597597e-03,3.343759203415508363e-04,2.661080312836572315e-05,8.269587885731399801e-05,-5.725296779903604749e-05,4.717188366758218176e-05
1.246520439660346202e+00,-1.235332680977659775e-01,5.360256429017981605e-03,3.345074228560673824e-04,2.667118732024853500e-05,8.260472886517655766e-05,-5.737463378186966056e-05,4.732298654769317992e-05
1.247096371824302663e+00,-1.239713509062701502e-01,5.387105828802571383e-03,3.346431886535328193e-04,2.672870206665844961e-05,8.251254910553174060e-05,-5.749569872386985081e-05,4.747395822221611716e-05
1.247674617433272015e+00,-1.244097903722974352e-01,5.414015721721968100e-03,3.347833271608313677e-04,2.678333487651785028e-05,8.241934970555642170e-05,-5.761616015284576342e-05,4.762479687606124834e-05
1.248255178592261316e+00,-1.248485879213897254e-01,5.440986129024397155e-03,3.349279483753908604e-04,2.683507305893673145e-05,8.232514071788987753e-05,-5.773601558595707617e-05,4.777550066507874060e-05
1.248838057417915426e+00,-1.252877449805981092e-01,5.468017070188804785e-03,3.350771628748139275e-04,2.688390372043714116e-05,8.222993212142482022e-05,-5.785526252948848536e-05,4.792606771585050662e-05
1.249423256038583840e+00,-1.257272629784930706e-01,5.495108562917475070e-03,3.352310818273140924e-04,2.692981376233027913e-05,8.213373382208455364e-05,-5.797389847858776257e-05,4.807649612535713768e-05
1.250010776594386863e+00,-1.261671433451741486e-01,5.522260623128133483e-03,3.353898170013192015e-04,2.697278987769113900e-05,8.203655565347522938e-05,-5.809192091685462522e-05,4.822678396093627029e-05
1.250600621237283105e+00,-1.266073875122795678e-01,5.549473264945946338e-03,3.355534807759630311e-04,2.701281854849968411e-05,8.193840737756585835e-05,-5.820932731612042665e-05,4.837692926007441940e-05
1.251192792131134546e+00,-1.270479969129959807e-01,5.576746500695603515e-03,3.357221861509662730e-04,2.704988604301794552e-05,8.183929868559036702e-05,-5.832611513605090447e-05,4.852693003007391148e-05
1.251787291451774031e+00,-1.274889729820684325e-01,5.604080340893248524e-03,3.358960467569616082e-04,2.708397841272303097e-05,8.173923919874148680e-05,-5.844228182384607340e-05,4.867678424790022884e-05
1.252384121387070781e+00,-1.279303171558099916e-01,5.631474794238110204e-03,3.360751768654579585e-04,2.711508148958707842e-05,8.163823846894791014e-05,-5.855782481398522088e-05,4.882648986004323177e-05
1.252983284136996112e+00,-1.283720308721114922e-01,5.658929867604127473e-03,3.362596913992488279e-04,2.714318088334333190e-05,8.153630597951266878e-05,-5.867274152785741104e-05,4.897604478235062508e-05
1.253584781913687385e+00,-1.288141155704519702e-01,5.686445566031810006e-03,3.364497059427651315e-04,2.716826197841915036e-05,8.143345114589028988e-05,-5.878702937341280521e-05,4.912544689981979129e-05
1.254188616941517065e+00,-1.292565726919084890e-01,5.714021892719328699e-03,3.366453367524280260e-04,2.719030993152127262e-05,8.132968331656109662e-05,-5.890068574497878129e-05,4.927469406632023485e-05
1.254794791457154668e+00,-1.296994036791654370e-01,5.741658849013689392e-03,3.368467007668629609e-04,2.720930966840229281e-05,8.122501177376673098e-05,-5.901370802283319172e-05,4.942378410424663748e-05
1.255403307709633154e+00,-1.301426099765252975e-01,5.769356434402309053e-03,3.370539156174467976e-04,2.722524588143204749e-05,8.111944573407914305e-05,-5.912609357289558276e-05,4.957271480451885814e-05
1.256014167960414651e+00,-1.305861930299185847e-01,5.797114646503960522e-03,3.372670996388826836e-04,2.723810302633633551e-05,8.101299434934428056e-05,-5.923783974640800531e-05,4.972148392638764403e-05
1.256627374483454407e+00,-1.310301542869138081e-01,5.824933481059633988e-03,3.374863718794141043e-04,2.724786531968503844e-05,8.090566670745924505e-05,-5.934894387954817163e-05,4.987008919708768584e-05
1.257242929565265399e+00,-1.314744951967278253e-01,5.852812931923440098e-03,3.377118521118438466e-04,2.725451673611656300e-05,8.079747183292740331e-05,-5.945940329330975938e-05,5.001852831174047331e-05
1.257860835504984731e+00,-1.319192172102355010e-01,5.880752991053242451e-03,3.379436608439145839e-04,2.725804100524309437e-05,8.068841868780207705e-05,-5.956921529305311824e-05,5.016679893295183934e-05
1.258481094614437135e+00,-1.323643217799804761e-01,5.908753648501068045e-03,3.381819193287727288e-04,2.725842160899993871e-05,8.057851617263023236e-05,-5.967837716811322246e-05,5.031489869065930431e-05
1.259103709218199363e+00,-1.328098103601853541e-01,5.936814892403892430e-03,3.384267495760429068e-04,2.725564177877282113e-05,8.046777312688269124e-05,-5.978688619151170669e-05,5.046282518206268719e-05
1.259728681653665916e+00,-1.332556844067616098e-01,5.964936708973633817e-03,3.386782743626248759e-04,2.724968449263620585e-05,8.035619832977292099e-05,-5.989473961973482141e-05,5.061057597130491637e-05
1.260356014271112990e+00,-1.337019453773205524e-01,5.993119082487549654e-03,3.389366172431573787e-04,2.724053247228630514e-05,8.024380050113133489e-05,-6.000193469229628263e-05,5.075814858918059613e-05
1.260985709433763757e+00,-1.341485947311832627e-01,6.021361995277932366e-03,3.392019025614811945e-04,2.722816818043205522e-05,8.013058830223795947e-05,-6.010846863147706332e-05,5.090554053291396208e-05
1.261617769517852761e+00,-1.345956339293909731e-01,6.049665427722450417e-03,3.394742554609919694e-04,2.721257381785302520e-05,8.001657033646081274e-05,-6.021433864186742646e-05,5.105274926596459206e-05
1.262252196912689417e+00,-1.350430644347158371e-01,6.078029358233670576e-03,3.397538018958257133e-04,2.719373132054059283e-05,7.990175515011632701e-05,-6.031954191024202494e-05,5.119977221774985043e-05
1.262888994020724853e+00,-1.354908877116713373e-01,6.106453763248802236e-03,3.400406686423218527e-04,2.717162235675585347e-05,7.978615123313548274e-05,-6.042407560509846509e-05,5.134660678350611018e-05
1.263528163257614523e+00,-1.359391052265226385e-01,6.134938617219046209e-03,3.403349833095425936e-04,2.714622832422630694e-05,7.966976702002137589e-05,-6.052793687629648423e-05,5.149325032392793045e-05
1.264169707052285041e+00,-1.363877184472971071e-01,6.163483892598950464e-03,3.406368743507637298e-04,2.711753034734254442e-05,7.955261089040432942e-05,-6.063112285482202823e-05,5.163970016505703420e-05
1.264813627846997024e+00,-1.368367288437955520e-01,6.192089559835689538e-03,3.409464710747711624e-04,2.708550927410513509e-05,7.943469117006884961e-05,-6.073363065238826519e-05,5.178595359781046348e-05
1.265459928097411479e+00,-1.372861378876019667e-01,6.220755587358142713e-03,3.412639036568521078e-04,2.705014567318253516e-05,7.931601613160588204e-05,-6.083545736108170177e-05,5.193200787789731265e-05
1.266108610272653756e+00,-1.377359470520951035e-01,6.249481941565805665e-03,3.415893031504524391e-04,2.701141983130206370e-05,7.919659399512057885e-05,-6.093660005313666916e-05,5.207786022558280603e-05
1.266759676855380157e+00,-1.381861578124587986e-01,6.278268586817542518e-03,3.419228014984732056e-04,2.696931174998862257e-05,7.907643292912047706e-05,-6.103705578049817282e-05,5.222350782545237546e-05
1.267413130341840777e+00,-1.386367716456926302e-01,6.307115485420247691e-03,3.422645315446781744e-04,2.692380114280301662e-05,7.895554105133428813e-05,-6.113682157452351995e-05,5.236894782593981557e-05
1.268068973241947450e+00,-1.390877900306229098e-01,6.336022597617098351e-03,3.426146270453234166e-04,2.687486743246925158e-05,7.883392642939190953e-05,-6.123589444561455819e-05,5.251417733929952814e-05
1.268727208079336810e+00,-1.395392144479137286e-01,6.364989881576160746e-03,3.429732226808701601e-04,2.682248974776590966e-05,7.871159708164321422e-05,-6.133427138291583369e-05,5.265919344127345525e-05
1.269387837391437568e+00,-1.399910463800778104e-01,6.394017293378566336e-03,3.433404540674200867e-04,2.676664692055630290e-05,7.858856097800459573e-05,-6.143194935395029921e-05,5.280399317078576793e-05
1.270050863729536017e+00,-1.404432873114871416e-01,6.423104787006340965e-03,3.437164577687057410e-04,2.670731748284638218e-05,7.846482604069449085e-05,-6.152892530432441109e-05,5.294857352963755481e-05
1.270716289658840203e+00,-1.408959387283844067e-01,6.452252314330310379e-03,3.441013713076368497e-04,2.664447966389815736e-05,7.834040014503829141e-05,-6.162519615728404010e-05,5.309293148239579985e-05
1.271384117758548538e+00,-1.413490021188938961e-01,6.481459825097943273e-03,3.444953331783462414e-04,2.657811138709331722e-05,7.821529112021774477e-05,-6.172075881345773229e-05,5.323706395604643760e-05
1.272054350621913743e+00,-1.418024789730323865e-01,6.510727266920833534e-03,3.448984828581802553e-04,2.650819026696338288e-05,7.808950675013137666e-05,-6.181561015049241714e-05,5.338096783960577518e-05
1.272726990856311247e+00,-1.422563707827204649e-01,6.540054585261793896e-03,3.453109608196891500e-04,2.643469360620598341e-05,7.796305477413001395e-05,-6.190974702274809616e-05,5.352463998395395883e-05
1.273402041083303793e+00,-1.427106790417937421e-01,6.569441723422685120e-03,3.457329085424787340e-04,2.635759839250684244e-05,7.783594288791884086e-05,-6.200316626093355099e-05,5.366807720154354033e-05
1.274079503938709834e+00,-1.431654052460140658e-01,6.598888622531010051e-03,3.461644685255615972e-04,2.627688129566707609e-05,7.770817874419577720e-05,-6.209586467164490697e-05,5.381127626612192127e-05
1.274759382072669478e+00,-1.436205508930806507e-01,6.628395221526889314e-03,3.466057842998748750e-04,2.619251866434191278e-05,7.757976995359516792e-05,-6.218783903718522188e-05,5.395423391231501942e-05
1.275441678149712654e+00,-1.440761174826416247e-01,6.657961457150016193e-03,3.470570004400486130e-04,2.610448652302921335e-05,7.745072408534003916e-05,-6.227908611516549953e-05,5.409694683551624639e-05
1.276126394848825285e+00,-1.445321065163052698e-01,6.687587263925917624e-03,3.475182625771733314e-04,2.601276056897472433e-05,7.732104866804700993e-05,-6.236960263803978388e-05,5.423941169148405184e-05
1.276813534863518562e+00,-1.449885194976514025e-01,6.717272574152680087e-03,3.479897174112345226e-04,2.591731616893855339e-05,7.719075119075324842e-05,-6.245938531291780893e-05,5.438162509613375661e-05
1.277503100901895561e+00,-1.454453579322427803e-01,6.747017317887016308e-03,3.484715127233251053e-04,2.581812835632246728e-05,7.705983910349933907e-05,-6.254843082119029840e-05,5.452358362507958578e-05
1.278195095686719851e+00,-1.459026233276369267e-01,6.776821422930331962e-03,3.489637973885795219e-04,2.571517182765881149e-05,7.692831981816194986e-05,-6.263673581807793767e-05,5.466528381352364629e-05
1.278889521955484554e+00,-1.463603171933972602e-01,6.806684814814598083e-03,3.494667213889413038e-04,2.560842093964066368e-05,7.679620070928649955e-05,-6.272429693233647074e-05,5.480672215575632666e-05
1.279586382460480287e+00,-1.468184410411049745e-01,6.836607416788230418e-03,3.499804358257641024e-04,2.549784970590218691e-05,7.666348911480880268e-05,-6.281111076590628617e-05,5.494789510498976348e-05
1.280285679968863999e+00,-1.472769963843705843e-01,6.866589149801524683e-03,3.505050929326347653e-04,2.538343179374347169e-05,7.653019233699875912e-05,-6.289717389360016675e-05,5.508879907302477452e-05
1.280987417262728911e+00,-1.477359847388453606e-01,6.896629932491904480e-03,3.510408460883629456e-04,2.526514052100803376e-05,7.639631764320975460e-05,-6.298248286261062812e-05,5.522943042979289174e-05
1.281691597139174910e+00,-1.481954076222337935e-01,6.926729681169335739e-03,3.515878498300262223e-04,2.514294885269663382e-05,7.626187226661418350e-05,-6.306703419235726304e-05,5.536978550335636129e-05
1.282398222410376931e+00,-1.486552665543048324e-01,6.956888309801331771e-03,3.521462598661262433e-04,2.501682939771987524e-05,7.612686340717489397e-05,-6.315082437396285497e-05,5.550986057917262073e-05
1.283107295903655132e+00,-1.491155630569037105e-01,6.987105729997653003e-03,3.527162330898003795e-04,2.488675440566467945e-05,7.599129823229744396e-05,-6.323384986987520828e-05,5.564965190003878792e-05
1.283818820461547272e+00,-1.495762986539639905e-01,7.017381850995103865e-03,3.532979275919223561e-04,2.475269576344973910e-05,7.585518387755174619e-05,-6.331610711366592037e-05,5.578915566575859408e-05
1.284532798941877108e+00,-1.500374748715194162e-01,7.047716579641843948e-03,3.538915026747302406e-04,2.461462499192546005e-05,7.571852744785168010e-05,-6.339759250964527304e-05,5.592836803267053902e-05
1.285249234217827663e+00,-1.504990932377161250e-01,7.078109820381837947e-03,3.544971188650380967e-04,2.447251324266819239e-05,7.558133601784366995e-05,-6.347830243229671265e-05,5.606728511343972432e-05
1.285968129178012509e+00,-1.509611552828244441e-01,7.108561475238826810e-03,3.551149379280305052e-04,2.432633129434425001e-05,7.544361663289200770e-05,-6.355823322606521386e-05,5.620590297662764190e-05
1.286689486726546372e+00,-1.514236625392513247e-01,7.139071443800500127e-03,3.557451228805852406e-04,2.417604954964291952e-05,7.530537631013356492e-05,-6.363738120506584606e-05,5.634421764640074048e-05
1.287413309783119075e+00,-1.518866165415519442e-01,7.169639623201898293e-03,3.563878380054008588e-04,2.402163803151557975e-05,7.516662203879698190e-05,-6.371574265259805081e-05,5.648222510214184755e-05
1.288139601283066593e+00,-1.523500188264424182e-01,7.200265908109071411e-03,3.570432488645414182e-04,2.386306637996993274e-05,7.502736078139615739e-05,-6.379331382076747214e-05,5.661992127826975807e-05
1.288868364177446102e+00,-1.528138709328117628e-01,7.230950190702620239e-03,3.577115223133975341e-04,2.370030384847565674e-05,7.488759947447964915e-05,-6.387009093025003414e-05,5.675730206365636743e-05
1.289599601433107701e+00,-1.532781744017343850e-01,7.261692360660515488e-03,3.583928265148972336e-04,2.353331930038393693e-05,7.474734502926905222e-05,-6.394607016978193226e-05,5.689436330122421559e-05
1.290333316032768352e+00,-1.537429307764822117e-01,7.292492305141305697e-03,3.590873309531894542e-04,2.336208120562455193e-05,7.460660433279697745e-05,-6.402124769586819975e-05,5.703110078784934256e-05
1.291069510975087598e+00,-1.542081416025374019e-01,7.323349908766860206e-03,3.597952064483822543e-04,2.318655763702826000e-05,7.446538424839277415e-05,-6.409561963237331295e-05,5.716751027387556583e-05
1.291808189274740393e+00,-1.546738084276046976e-01,7.354265053604897018e-03,3.605166251703928459e-04,2.300671626674632986e-05,7.432369161672336411e-05,-6.416918207016730769e-05,5.730358746279529125e-05
1.292549353962493264e+00,-1.551399328016238310e-01,7.385237619151385768e-03,3.612517606536858050e-04,2.282252436264231577e-05,7.418153325645937546e-05,-6.424193106673373177e-05,5.743932801073603489e-05
1.293293008085279805e+00,-1.556065162767822363e-01,7.416267482312541293e-03,3.620007878116782152e-04,2.263394878465607718e-05,7.403891596521883223e-05,-6.431386264580535306e-05,5.757472752616898948e-05
1.294039154706275507e+00,-1.560735604075274841e-01,7.447354517387039241e-03,3.627638829511448115e-04,2.244095598129269842e-05,7.389584652044145496e-05,-6.438497279702415366e-05,5.770978156957595750e-05
1.294787796904976140e+00,-1.565410667505802433e-01,7.478498596047607194e-03,3.635412237873725250e-04,2.224351198576446365e-05,7.375233168006867235e-05,-6.445525747550764906e-05,5.784448565299138423e-05
1.295538937777272359e+00,-1.570090368649468826e-01,7.509699587322678227e-03,3.643329894585378703e-04,2.204158241243814320e-05,7.360837818333465510e-05,-6.452471260153316845e-05,5.797883523969704633e-05
1.296292580435528530e+00,-1.574774723119325426e-01,7.540957357577822429e-03,3.651393605408892462e-04,2.183513245292145744e-05,7.346399275184878341e-05,-6.459333406004172384e-05,5.811282574368081821e-05
1.297048728008660223e+00,-1.579463746551536540e-01,7.572271770496727394e-03,3.659605190635684124e-04,2.162412687237158515e-05,7.331918209019239185e-05,-6.466111770035698481e-05,5.824645252953952745e-05
1.297807383642211043e+00,-1.584157454605509274e-01,7.603642687062123207e-03,3.667966485241813679e-04,2.140853000581754984e-05,7.317395288686245891e-05,-6.472805933577588378e-05,5.837971091168792093e-05
1.298568550498433893e+00,-1.588855862964023702e-01,7.635069965536700476e-03,3.676479339035365612e-04,2.118830575419117235e-05,7.302831181495161861e-05,-6.479415474319738522e-05,5.851259615430315364e-05
1.299332231756367140e+00,-1.593558987333363874e-01,7.666553461443487150e-03,3.685145616812990355e-04,2.096341758056619042e-05,7.288226553325838353e-05,-6.485939966272349921e-05,5.864510347065865492e-05
1.300098430611916989e+00,-1.598266843443449103e-01,7.698093027546253075e-03,3.693967198512282391e-04,2.073382850624472251e-05,7.273582068695327862e-05,-6.492378979727417287e-05,5.877722802290208381e-05
1.300867150277935647e+00,-1.602979447047964134e-01,7.729688513829380270e-03,3.702945979370819707e-04,2.049950110680209825e-05,7.258898390838375292e-05,-6.498732081217095669e-05,5.890896492152797315e-05
1.301638393984303477e+00,-1.607696813924491541e-01,7.761339767477851148e-03,3.712083870081595016e-04,2.026039750818720009e-05,7.244176181782358004e-05,-6.504998833470332364e-05,5.904030922519731828e-05
1.302412164978009157e+00,-1.612418959874645230e-01,7.793046632857014711e-03,3.721382796950112315e-04,2.001647938282280492e-05,7.229416102466634797e-05,-6.511178795389274687e-05,5.917125593979388753e-05
1.303188466523231615e+00,-1.617145900724206442e-01,7.824808951491978026e-03,3.730844702054536555e-04,1.976770794535898101e-05,7.214618812799444836e-05,-6.517271522001044648e-05,5.930180001853524452e-05
1.303967301901422848e+00,-1.621877652323251706e-01,7.856626562046567508e-03,3.740471543407508648e-04,1.951404394905098538e-05,7.199784971745337714e-05,-6.523276564412983092e-05,5.943193636136212543e-05
1.304748674411390308e+00,-1.626614230546291617e-01,7.888499300302539985e-03,3.750265295113797137e-04,1.925544768129061612e-05,7.184915237412603517e-05,-6.529193469786281900e-05,5.956165981452210545e-05
1.305532587369379272e+00,-1.631355651292405451e-01,7.920426999138294177e-03,3.760227947537386761e-04,1.899187895973430962e-05,7.170010267137927329e-05,-6.535021781279085062e-05,5.969096516983407597e-05
1.306319044109159666e+00,-1.636101930485379941e-01,7.952409488507304614e-03,3.770361507465791462e-04,1.872329712807041524e-05,7.155070717572431516e-05,-6.540761038015610596e-05,5.981984716470212238e-05
1.307108047982106225e+00,-1.640853084073840562e-01,7.984446595416583303e-03,3.780667998271314278e-04,1.844966105185585903e-05,7.140097244762166895e-05,-6.546410775042435515e-05,5.994830048146326806e-05
1.307899602357287083e+00,-1.645609128031391977e-01,8.016538143904752833e-03,3.791149460081744138e-04,1.817092911421402945e-05,7.125090504243869471e-05,-6.551970523298311644e-05,6.007631974698501853e-05
1.308693710621547268e+00,-1.650370078356754588e-01,8.048683955019536596e-03,3.801807949944391307e-04,1.788705921201838578e-05,7.110051151122676050e-05,-6.557439809565246414e-05,6.020389953204086098e-05
1.309490376179596627e+00,-1.655135951073903877e-01,8.080883846795859637e-03,3.812645541997339294e-04,1.759800875109074347e-05,7.094979840156778739e-05,-6.562818156423400051e-05,6.033103435099107514e-05
1.310289602454094871e+00,-1.659906762232210564e-01,8.113137634232783779e-03,3.823664327640696747e-04,1.730373464219059354e-05,7.079877225840691679e-05,-6.568105082221595281e-05,6.045771866153293317e-05
1.311091392885739726e+00,-1.664682527906579668e-01,8.145445129270817430e-03,3.834866415705906473e-04,1.700419329672686608e-05,7.064743962505171115e-05,-6.573300101033255349e-05,6.058394686375700999e-05
1.311895750933355087e+00,-1.669463264197589281e-01,8.177806140768885401e-03,3.846253932630050443e-04,1.669934062213662695e-05,7.049580704389379893e-05,-6.578402722603668429e-05,6.070971330006391664e-05
1.312702680073978723e+00,-1.674248987231634067e-01,8.210220474480917074e-03,3.857829022630432370e-04,1.638913201759684135e-05,7.034388105728317520e-05,-6.583412452317027874e-05,6.083501225456755535e-05
1.313512183802952205e+00,-1.679039713161064595e-01,8.242687933032045999e-03,3.869593847878327608e-04,1.607352236965287062e-05,7.019166820856903577e-05,-6.588328791158962194e-05,6.095983795255388582e-05
1.314324265634010835e+00,-1.683835458164336385e-01,8.275208315895010713e-03,3.881550588678284175e-04,1.575246604761104674e-05,7.003917504280754436e-05,-6.593151235674901689e-05,6.108418456014785836e-05
1.315138929099373799e+00,-1.688636238446147575e-01,8.307781419365924125e-03,3.893701443645480875e-04,1.542591689909778019e-05,6.988640810758062205e-05,-6.597879277920812302e-05,6.120804618363340222e-05
1.315956177749834977e+00,-1.693442070237582142e-01,8.340407036540077590e-03,3.906048629885860990e-04,1.509382824541050105e-05,6.973337395393963689e-05,-6.602512405418786701e-05,6.133141686903709200e-05
1.316776015154854873e+00,-1.698252969796258116e-01,8.373084957287127428e-03,3.918594383174878182e-04,1.475615287703513356e-05,6.958007913740460459e-05,-6.607050101123390640e-05,6.145429060168405844e-05
1.317598444902653210e+00,-1.703068953406469410e-01,8.405814968226336947e-03,3.931340958143181297e-04,1.441284304895540380e-05,6.942653021871358909e-05,-6.611491843378294875e-05,6.157666130562899909e-05
1.318423470600301517e+00,-1.707890037379337089e-01,8.438596852701735207e-03,3.944290628458690939e-04,1.406385047586500292e-05,6.927273376466924759e-05,-6.615837105872907076e-05,6.169852284329535586e-05
1.319251095873817281e+00,-1.712716238052952034e-01,8.471430390756269635e-03,3.957445687011729163e-04,1.370912632757403937e-05,6.911869634916578686e-05,-6.620085357590330122e-05,6.181986901469815887e-05
1.320081324368258313e+00,-1.717547571792524264e-01,8.504315359106617844e-03,3.970808446103757383e-04,1.334862122429059106e-05,6.896442455389673043e-05,-6.624236062774402356e-05,6.194069355719422632e-05
1.320914159747817562e+00,-1.722384054990531710e-01,8.537251531117028003e-03,3.984381237633061179e-04,1.298228523166633508e-05,6.880992496921534141e-05,-6.628288680883553941e-05,6.206099014477439724e-05
1.321749605695919039e+00,-1.727225704066866485e-01,8.570238676773284103e-03,3.998166413285986209e-04,1.261006785611973324e-05,6.865520419541137898e-05,-6.632242666542581544e-05,6.218075238757780898e-05
1.322587665915313959e+00,-1.732072535468990038e-01,8.603276562656435311e-03,4.012166344728451683e-04,1.223191803978451730e-05,6.850026884322457654e-05,-6.636097469508994706e-05,6.229997383144780798e-05
1.323428344128178447e+00,-1.736924565672078313e-01,8.636364951915817545e-03,4.026383423798018946e-04,1.184778415569409660e-05,6.834512553473282015e-05,-6.639852534619933300e-05,6.241864795736296045e-05
1.324271644076211452e+00,-1.741781811179175798e-01,8.669503604242345673e-03,4.040820062697070281e-04,1.145761400277167663e-05,6.818978090460114938e-05,-6.643507301749146388e-05,6.253676818077091859e-05
1.325117569520732230e+00,-1.746644288521347343e-01,8.702692275841313052e-03,4.055478694190151057e-04,1.106135480101466673e-05,6.803424160060911330e-05,-6.647061205770216086e-05,6.265432785121372028e-05
1.325966124242782040e+00,-1.751512014257834982e-01,8.735930719404629008e-03,4.070361771800756756e-04,1.065895318613785392e-05,6.787851428460833780e-05,-6.650513676494454463e-05,6.277132025175879981e-05
1.326817312043221175e+00,-1.756385004976200870e-01,8.769218684083271431e-03,4.085471770010895565e-04,1.025035520463291050e-05,6.772260563364662644e-05,-6.653864138651821580e-05,6.288773859836060964e-05
1.327671136742831770e+00,-1.761263277292493545e-01,8.802555915459274460e-03,4.100811184459540737e-04,9.835506308675245890e-06,6.756652234074511654e-05,-6.657112011822577391e-05,6.300357603931938666e-05
1.328527602182419942e+00,-1.766146847851401414e-01,8.835942155517334529e-03,4.116382532149409634e-04,9.414351350808813912e-06,6.741027111570319086e-05,-6.660256710396689206e-05,6.311882565467052952e-05
1.329386712222916156e+00,-1.771035733326401240e-01,8.869377142616124976e-03,4.132188351644583424e-04,8.986834578852964661e-06,6.725385868615318952e-05,-6.663297643541912785e-05,6.323348045575438725e-05
1.330248470745479583e+00,-1.775929950419921355e-01,8.902860611459569029e-03,4.148231203277841228e-04,8.552899630615007354e-06,6.709729179853185510e-05,-6.666234215137872843e-05,6.334753338455012539e-05
1.331112881651602020e+00,-1.780829515863499024e-01,8.936392293067522974e-03,4.164513669361324943e-04,8.112489528450117504e-06,6.694057721881585543e-05,-6.669065823744491084e-05,6.346097731309285894e-05
1.331979948863211582e+00,-1.785734446417935883e-01,8.969971914746431574e-03,4.181038354389710054e-04,7.665546673987777559e-06,6.678372173350710650e-05,-6.671791862550985330e-05,6.357380504291854084e-05
1.332849676322779509e+00,-1.790644758873464193e-01,9.003599200059497765e-03,4.197807885253923565e-04,7.212012842774950805e-06,6.662673215067360655e-05,-6.674411719333195325e-05,6.368600930449497266e-05
1.333722067993426075e+00,-1.795560470049900048e-01,9.037273868796560916e-03,4.214824911452086376e-04,6.751829178738844028e-06,6.646961530071271440e-05,-6.676924776397377692e-05,6.379758275666669309e-05
1.334597127859026511e+00,-1.800481596796804085e-01,9.070995636943843254e-03,4.232092105302676099e-04,6.284936188677425761e-06,6.631237803750300586e-05,-6.679330410535103124e-05,6.390851798571128839e-05
1.335474859924320246e+00,-1.805408155993651897e-01,9.104764216653377096e-03,4.249612162161575668e-04,5.811273736819333458e-06,6.615502723905652971e-05,-6.681627992985092468e-05,6.401880750515898111e-05
1.336355268215019265e+00,-1.810340164549988917e-01,9.138579316211849213e-03,4.267387800638844375e-04,5.330781038967447039e-06,6.599756980862903077e-05,-6.683816889369725844e-05,6.412844375507098515e-05
1.337238356777917581e+00,-1.815277639405596388e-01,9.172440640009486834e-03,4.285421762816876701e-04,4.843396657114307224e-06,6.584001267564976168e-05,-6.685896459666246239e-05,6.423741910131786081e-05
1.338124129681000696e+00,-1.820220597530656237e-01,9.206347888508527311e-03,4.303716814470781582e-04,4.349058493724466956e-06,6.568236279662353905e-05,-6.687866058147085013e-05,6.434572583506603660e-05
1.339012591013559295e+00,-1.825169055925917605e-01,9.240300758211250631e-03,4.322275745290427018e-04,3.847703785836431578e-06,6.552462715606055532e-05,-6.689725033329207982e-05,6.445335617211167545e-05
1.339903744886298487e+00,-1.830123031622861995e-01,9.274298941627789894e-03,4.341101369109146013e-04,3.339269099400521412e-06,6.536681276747557945e-05,-6.691472727934216769e-05,6.456030225215902973e-05
1.340797595431452827e+00,-1.835082541683870916e-01,9.308342127243768305e-03,4.360196524123838291e-04,2.823690323353056364e-06,6.520892667445654656e-05,-6.693108478828327379e-05,6.466655613826532978e-05
1.341694146802898668e+00,-1.840047603202393800e-01,9.342429999487492087e-03,4.379564073126174240e-04,2.300902663732173892e-06,6.505097595141395850e-05,-6.694631616983165445e-05,6.477210981621628338e-05
1.342593403176270961e+00,-1.845018233303116761e-01,9.376562238696678486e-03,4.399206903732411078e-04,1.770840637710380250e-06,6.489296770456620678e-05,-6.696041467416438686e-05,6.487695519384606424e-05
1.343495368749076047e+00,-1.849994449142133845e-01,9.410738521085079689e-03,4.419127928615429468e-04,1.233438067793635184e-06,6.473490907288326213e-05,-6.697337349157242437e-05,6.498108410045444483e-05
1.344400047740810455e+00,-1.854976267907116894e-01,9.444958518708759798e-03,4.439330085736215015e-04,6.886280754514473301e-07,6.457680722926628647e-05,-6.698518575176670709e-05,6.508448828598800695e-05
1.345307444393077478e+00,-1.859963706817488183e-01,9.479221899431913845e-03,4.459816338582833772e-04,1.363430751077920888e-07,6.441866938131091125e-05,-6.699584452347223662e-05,6.518715942054054135e-05
1.346217562969705295e+00,-1.864956783124593342e-01,9.513528326892471687e-03,4.480589676404966859e-04,-4.234852317708259761e-07,6.426050277233419372e-05,-6.700534281392500624e-05,6.528908909350650269e-05
1.347130407756867099e+00,-1.869955514111874550e-01,9.547877460467403543e-03,4.501653114455383964e-04,-9.909258632256889854e-07,6.410231468233218433e-05,-6.701367356829954214e-05,6.539026881308140915e-05
1.348045983063200115e+00,-1.874959917095044559e-01,9.582268955237602248e-03,4.523009694229751521e-04,-1.566048562884336803e-06,6.394411242899300518e-05,-6.702082966923705865e-05,6.549069000558183085e-05
1.348964293219927946e+00,-1.879970009422264887e-01,9.616702461952467140e-03,4.544662483711159329e-04,-2.148923806385982793e-06,6.378590336868217303e-05,-6.702680393642565515e-05,6.559034401451557805e-05
1.349885342580980918e+00,-1.884985808474319846e-01,9.651177626993981407e-03,4.566614577615202286e-04,-2.739622807501618240e-06,6.362769489741404438e-05,-6.703158912587520168e-05,6.568922210010985641e-05
1.350809135523121762e+00,-1.890007331664795287e-01,9.685694092340740857e-03,4.588869097637837680e-04,-3.338217524975761741e-06,6.346949445180938287e-05,-6.703517792951835252e-05,6.578731543854798858e-05
1.351735676446067291e+00,-1.895034596440260954e-01,9.720251495531580244e-03,4.611429192706295588e-04,-3.944780668674319202e-06,6.331130951012231556e-05,-6.703756297469012915e-05,6.588461512126164710e-05
1.352664969772614523e+00,-1.900067620280441738e-01,9.754849469628484870e-03,4.634298039226103505e-04,-4.559385706273677563e-06,6.315314759328116700e-05,-6.703873682357280872e-05,6.598111215429247611e-05
1.353597019948766134e+00,-1.905106420698404190e-01,9.789487643179620169e-03,4.657478841339213194e-04,-5.182106869727753917e-06,6.299501626567949319e-05,-6.703869197263040425e-05,6.607679745734840182e-05
1.354531831443858803e+00,-1.910151015240741934e-01,9.824165640181917181e-03,4.680974831179907092e-04,-5.813019162137500473e-06,6.283692313641120464e-05,-6.703742085207783918e-05,6.617166186337342104e-05
1.355469408750689331e+00,-1.915201421487750244e-01,9.858883080043033542e-03,4.704789269129316942e-04,-6.452198364328975977e-06,6.267887586020037816e-05,-6.703491582537787763e-05,6.626569611764554502e-05
1.356409756385644538e+00,-1.920257657053612566e-01,9.893639577542939767e-03,4.728925444078546647e-04,-7.099721041639583952e-06,6.252088213851147991e-05,-6.703116918865478779e-05,6.635889087697188771e-05
1.357352878888831604e+00,-1.925319739586588974e-01,9.928434742795776147e-03,4.753386673690962461e-04,-7.755664550745944297e-06,6.236294972031264372e-05,-6.702617317013576104e-05,6.645123670913355429e-05
1.358298780824208851e+00,-1.930387686769198252e-01,9.963268181210557795e-03,4.778176304663928065e-04,-8.420107046588909405e-06,6.220508640321364968e-05,-6.701991992964437261e-05,6.654272409195582938e-05
1.359247466779718083e+00,-1.935461516318407738e-01,9.998139493452073978e-03,4.803297712998588764e-04,-9.093127489270824704e-06,6.204730003450675824e-05,-6.701240155805240906e-05,6.663334341285021001e-05
1.360198941367416925e+00,-1.940541245985819008e-01,1.003304827540087152e-02,4.828754304266602571e-04,-9.774805651049933708e-06,6.188959851227693321e-05,-6.700361007673169556e-05,6.672308496766254926e-05
1.361153209223614269e+00,-1.945626893557854675e-01,1.006799411811323819e-02,4.854549513883255063e-04,-1.046522212339029423e-05,6.173198978619287569e-05,-6.699353743684632878e-05,6.681193896003467803e-05
1.362110275009004390e+00,-1.950718476855954342e-01,1.010297660778101264e-02,4.880686807379741587e-04,-1.116445832437251706e-05,6.157448185876990276e-05,-6.698217551886695431e-05,6.689989550087704906e-05
1.363070143408805279e+00,-1.955816013736765835e-01,1.013799532569051309e-02,4.907169680679335233e-04,-1.187259650552163759e-05,6.141708278618873695e-05,-6.696951613208504406e-05,6.698694460730014733e-05
1.364032819132893648e+00,-1.960919522092333112e-01,1.017304984818125785e-02,4.934001660374109921e-04,-1.258971975910683216e-05,6.125980067962777387e-05,-6.695555101403349862e-05,6.707307620193447839e-05
1.364998306915945481e+00,-1.966029019850291104e-01,1.020813974660452622e-02,4.961186304008324832e-04,-1.331591202559379017e-05,6.110264370599860495e-05,-6.694027182980663571e-05,6.715828011213953452e-05
1.365966611517574592e+00,-1.971144524974060563e-01,1.024326458728126027e-02,4.988727200356535274e-04,-1.405125810109708606e-05,6.094562008919501839e-05,-6.692367017147385355e-05,6.724254606917112742e-05
1.366937737722474511e+00,-1.976266055463045679e-01,1.027842393145933508e-02,5.016627969716136448e-04,-1.479584364459662904e-05,6.078873811093954416e-05,-6.690573755753839724e-05,6.732586370733484316e-05
1.367911690340559705e+00,-1.981393629352831143e-01,1.031361733527127317e-02,5.044892264188804987e-04,-1.554975518551493519e-05,6.063200611182428812e-05,-6.688646543231979713e-05,6.740822256343093066e-05
1.368888474207108352e+00,-1.986527264715379770e-01,1.034884434969075145e-02,5.073523767969989606e-04,-1.631308013133603296e-05,6.047543249274034416e-05,-6.686584516546467682e-05,6.748961207556081199e-05
1.369868094182908447e+00,-1.991666979659227898e-01,1.038410452048885851e-02,5.102526197647561101e-04,-1.708590677515497980e-05,6.031902571557168358e-05,-6.684386805119388320e-05,6.757002158253033741e-05
1.370850555154400574e+00,-1.996812792329691610e-01,1.041939738819031014e-02,5.131903302491580554e-04,-1.786832430365759006e-05,6.016279430424986696e-05,-6.682052530776125265e-05,6.764944032291997367e-05
1.371835862033826459e+00,-2.001964720909063800e-01,1.045472248802889470e-02,5.161658864751561548e-04,-1.866042280443402923e-05,6.000674684600304509e-05,-6.679580807690543853e-05,6.772785743439091455e-05
1.372824019759377290e+00,-2.007122783616823170e-01,1.049007934990253688e-02,5.191796699960393724e-04,-1.946229327401405307e-05,5.985089199231352630e-05,-6.676970742311438833e-05,6.780526195272751355e-05
1.373815033295340715e+00,-2.012286998709832964e-01,1.052546749832801443e-02,5.222320657234380548e-04,-2.027402762593000229e-05,5.969523845990309940e-05,-6.674221433317084617e-05,6.788164281089359431e-05
1.374808907632252497e+00,-2.017457384482548299e-01,1.056088645239544599e-02,5.253234619577717979e-04,-2.109571869850224157e-05,5.953979503202366796e-05,-6.671331971530927718e-05,6.795698883849121685e-05
1.375805647787047059e+00,-2.022633959267220727e-01,1.059633572572180049e-02,5.284542504191969137e-04,-2.192746026294378758e-05,5.938457055937318430e-05,-6.668301439879606440e-05,6.803128876045616558e-05
1.376805258803211141e+00,-2.027816741434106396e-01,1.063181482640458697e-02,5.316248262784706302e-04,-2.276934703122901471e-05,5.922957396120587248e-05,-6.665128913318010828e-05,6.810453119651671550e-05
1.377807745750937674e+00,-2.033005749391679218e-01,1.066732325697460071e-02,5.348355881883981588e-04,-2.362147466457298339e-05,5.907481422624816236e-05,-6.661813458776547070e-05,6.817670466030545384e-05
1.378813113727280104e+00,-2.038201001586837924e-01,1.070286051434875263e-02,5.380869383154462948e-04,-2.448393978149443484e-05,5.892030041404483498e-05,-6.658354135085850500e-05,6.824779755827681260e-05
1.379821367856309156e+00,-2.043402516505118671e-01,1.073842608978195501e-02,5.413792823713570179e-04,-2.535683996621185265e-05,5.876604165591658990e-05,-6.654749992914682499e-05,6.831779818884664568e-05
1.380832513289272034e+00,-2.048610312670906819e-01,1.077401946881883371e-02,5.447130296455937604e-04,-2.624027377698401331e-05,5.861204715600087933e-05,-6.651000074706439613e-05,6.838669474171221729e-05
1.381846555204748306e+00,-2.053824408647649535e-01,1.080964013124482981e-02,5.480885930371215409e-04,-2.713434075446441440e-05,5.845832619250090900e-05,-6.647103414612887118e-05,6.845447529671422338e-05
1.382863498808813763e+00,-2.059044823038075900e-01,1.084528755103706527e-02,5.515063890879079445e-04,-2.803914143033325868e-05,5.830488811850442765e-05,-6.643059038437953978e-05,6.852112782304575767e-05
1.383883349335199631e+00,-2.064271574484411731e-01,1.088096119631468128e-02,5.549668380151473457e-04,-2.895477733584617130e-05,5.815174236331599467e-05,-6.638865963554119176e-05,6.858664017825311099e-05
1.384906112045456217e+00,-2.069504681668596358e-01,1.091666052928842723e-02,5.584703637448451552e-04,-2.988135101050781728e-05,5.799889843349781415e-05,-6.634523198845512781e-05,6.865100010738922620e-05
1.385931792229118109e+00,-2.074744163312503553e-01,1.095238500621013855e-02,5.620173939451245104e-04,-3.081896601071776320e-05,5.784636591397995797e-05,-6.630029744639914790e-05,6.871419524197286410e-05
1.386960395203868046e+00,-2.079990038178160250e-01,1.098813407732152081e-02,5.656083600605044115e-04,-3.176772691868001708e-05,5.769415446887915522e-05,-6.625384592642488690e-05,6.877621309912818059e-05
1.387991926315705893e+00,-2.085242325067970526e-01,1.102390718680265613e-02,5.692436973452619231e-04,-3.272773935122930133e-05,5.754227384310861559e-05,-6.620586725859800570e-05,6.883704108071042604e-05
1.389026390939115396e+00,-2.090501042824939315e-01,1.105970377271965621e-02,5.729238448983764442e-04,-3.369910996880998155e-05,5.739073386300252988e-05,-6.615635118529042402e-05,6.889666647211245554e-05
1.390063794477235160e+00,-2.095766210332901669e-01,1.109552326697250957e-02,5.766492456980021331e-04,-3.468194648448275075e-05,5.723954443766221534e-05,-6.610528736073276179e-05,6.895507644159859506e-05
1.391104142362029616e+00,-2.101037846516738417e-01,1.113136509524159656e-02,5.804203466365509545e-04,-3.567635767291743587e-05,5.708871556009409431e-05,-6.605266535002207728e-05,6.901225803918054069e-05
1.392147440054461116e+00,-2.106315970342611810e-01,1.116722867693417665e-02,5.842375985558034834e-04,-3.668245337974662679e-05,5.693825730809787267e-05,-6.599847462848001944e-05,6.906819819553489115e-05
1.393193693044664450e+00,-2.111600600818193674e-01,1.120311342513052172e-02,5.881014562826580860e-04,-3.770034453064174951e-05,5.678817984557105181e-05,-6.594270458097975518e-05,6.912288372104558043e-05
1.394242906852121155e+00,-2.116891756992895779e-01,1.123901874652923766e-02,5.920123786648245900e-04,-3.873014314088873977e-05,5.663849342367466289e-05,-6.588534450130759113e-05,6.917630130504059949e-05
1.395295087025839376e+00,-2.122189457958102432e-01,1.127494404139216255e-02,5.959708286072951111e-04,-3.977196232446411628e-05,5.648920838166593406e-05,-6.582638359134765360e-05,6.922843751466789541e-05
1.396350239144529271e+00,-2.127493722847400015e-01,1.131088870348856412e-02,5.999772731088148792e-04,-4.082591630377718772e-05,5.634033514814729138e-05,-6.576581096032901863e-05,6.927927879379902620e-05
1.397408368816783986e+00,-2.132804570836816793e-01,1.134685212003926080e-02,6.040321832982420425e-04,-4.189212041899592620e-05,5.619188424241250424e-05,-6.570361562416998646e-05,6.932881146211322676e-05
1.398469481681261062e+00,-2.138122021145059670e-01,1.138283367165998650e-02,6.081360344726005618e-04,-4.297069113778917426e-05,5.604386627512669694e-05,-6.563978650458990316e-05,6.937702171390391914e-05
1.399533583406866288e+00,-2.143446093033750388e-01,1.141883273230408918e-02,6.122893061337730813e-04,-4.406174606519375203e-05,5.589629194971412751e-05,-6.557431242856098796e-05,6.942389561734318981e-05
1.400600679692936001e+00,-2.148776805807662837e-01,1.145484866920485484e-02,6.164924820266648453e-04,-4.516540395307910849e-05,5.574917206339902176e-05,-6.550718212742362434e-05,6.946941911326054431e-05
1.401670776269424490e+00,-2.154114178814965364e-01,1.149088084281719990e-02,6.207460501771178141e-04,-4.628178471022259544e-05,5.560251750841294083e-05,-6.543838423617859279e-05,6.951357801406043979e-05
1.402743878897092067e+00,-2.159458231447466958e-01,1.152692860675885722e-02,6.250505029306574478e-04,-4.741100941225984133e-05,5.545633927292459298e-05,-6.536790729264399524e-05,6.955635800280635106e-05
1.403819993367692032e+00,-2.164808983140859566e-01,1.156299130775113870e-02,6.294063369911562233e-04,-4.855320031166288075e-05,5.531064844215005660e-05,-6.529573973668156839e-05,6.959774463211054751e-05
1.404899125504163848e+00,-2.170166453374961502e-01,1.159906828555894165e-02,6.338140534600245068e-04,-4.970848084770440600e-05,5.516545619964341451e-05,-6.522186990963463327e-05,6.963772332310713686e-05
1.405981281160824103e+00,-2.175530661673966137e-01,1.163515887293015139e-02,6.382741578754014267e-04,-5.087697565686610801e-05,5.502077382842085473e-05,-6.514628605331154731e-05,6.967627936409204192e-05
1.407066466223559686e+00,-2.180901627606691706e-01,1.167126239553492595e-02,6.427871602523449468e-04,-5.205881058306660591e-05,5.487661271189048229e-05,-6.506897630926405940e-05,6.971339790984298901e-05
1.408154686610025408e+00,-2.186279370786831655e-01,1.170737817190371788e-02,6.473535751229109181e-04,-5.325411268781998775e-05,5.473298433483764214e-05,-6.498992871788525361e-05,6.974906398045377376e-05
1.409245948269838511e+00,-2.191663910873203891e-01,1.174350551336536541e-02,6.519739215765096851e-04,-5.446301026092170705e-05,5.458990028497923142e-05,-6.490913121777810990e-05,6.978326245990484900e-05
1.410340257184779622e+00,-2.197055267570007797e-01,1.177964372398414283e-02,6.566487233011231162e-04,-5.568563283081529036e-05,5.444737225371309997e-05,-6.482657164491242852e-05,6.981597809538331312e-05
1.411437619368993035e+00,-2.202453460627081527e-01,1.181579210049649165e-02,6.613785086240775435e-04,-5.692211117518108932e-05,5.430541203724215116e-05,-6.474223773164991536e-05,6.984719549588125354e-05
1.412538040869187217e+00,-2.207858509840153749e-01,1.185194993224694682e-02,6.661638105539824384e-04,-5.817257733156666610e-05,5.416403153787885394e-05,-6.465611710607804818e-05,6.987689913127981267e-05
1.413641527764840200e+00,-2.213270435051105101e-01,1.188811650112375773e-02,6.710051668226413302e-04,-5.943716460821146796e-05,5.402324276485015453e-05,-6.456819729115659268e-05,6.990507333119733158e-05
1.414748086168405194e+00,-2.218689256148229094e-01,1.192429108149353767e-02,6.759031199271570145e-04,-6.071600759494089061e-05,5.388305783568525520e-05,-6.447846570382942399e-05,6.993170228358769336e-05
1.415857722225517090e+00,-2.224114993066494961e-01,1.196047294013563578e-02,6.808582171730637178e-04,-6.200924217399095273e-05,5.374348897697889260e-05,-6.438690965406002054e-05,6.995677003389377813e-05
1.416970442115202511e+00,-2.229547665787807720e-01,1.199666133617564856e-02,6.858710107169319059e-04,-6.331700553109664842e-05,5.360454852576523876e-05,-6.429351634424512740e-05,6.998026048389560660e-05
1.418086252050090090e+00,-2.234987294341276298e-01,1.203285552101827915e-02,6.909420576100555600e-04,-6.463943616639988843e-05,5.346624893057261296e-05,-6.419827286810800282e-05,7.000215739030868356e-05
1.419205158276622747e+00,-2.240433898803483592e-01,1.206905473827989128e-02,6.960719198423614973e-04,-6.597667390612071969e-05,5.332860275225614899e-05,-6.410116620989003700e-05,7.002244436378479708e-05
1.420327167075273955e+00,-2.245887499298749868e-01,1.210525822372029991e-02,7.012611643865962474e-04,-6.732885991313219964e-05,5.319162266533006278e-05,-6.400218324356318766e-05,7.004110486782955114e-05
1.421452284760761131e+00,-2.251348115999409760e-01,1.214146520517352112e-02,7.065103632426239511e-04,-6.869613669875651585e-05,5.305532145888358642e-05,-6.390131073187935162e-05,7.005812221751173130e-05
1.422580517682267010e+00,-2.256815769126081506e-01,1.217767490247834150e-02,7.118200934831120374e-04,-7.007864813422803874e-05,5.291971203770506893e-05,-6.379853532536075567e-05,7.007347957835308172e-05
1.423711872223656805e+00,-2.262290478947938110e-01,1.221388652740790226e-02,7.171909372982177011e-04,-7.147653946189269636e-05,5.278480742330893261e-05,-6.369384356159218941e-05,7.008715996481562627e-05
1.424846354803703363e+00,-2.267772265782993513e-01,1.225009928359914457e-02,7.226234820418842020e-04,-7.288995730712899412e-05,5.265062075500426264e-05,-6.358722186419057953e-05,7.009914623952451240e-05
1.425983971876306544e+00,-2.273261149998371811e-01,1.228631236648100589e-02,7.281183202778040986e-04,-7.431904968978331194e-05,5.251716529090788566e-05,-6.347865654187864748e-05,7.010942111200513249e-05
1.427124729930723479e+00,-2.278757152010589815e-01,1.232252496320213053e-02,7.336760498258265706e-04,-7.576396603625745740e-05,5.238445440920724838e-05,-6.336813378762448656e-05,7.011796713714268936e-05
1.428268635491793281e+00,-2.284260292285841820e-01,1.235873625255801134e-02,7.392972738096137419e-04,-7.722485719099947410e-05,5.225250160871552918e-05,-6.325563967757297235e-05,7.012476671421075114e-05
1.429415695120167307e+00,-2.289770591340279937e-01,1.239494540491728469e-02,7.449826007038529152e-04,-7.870187542884099496e-05,5.212132051014839451e-05,-6.314116017022697314e-05,7.012980208585817277e-05
1.430565915412541411e+00,-2.295288069740302750e-01,1.243115158214747051e-02,7.507326443816075834e-04,-8.019517446665458404e-05,5.199092485723422197e-05,-6.302468110547590485e-05,7.013305533629110577e-05
1.431719303001889321e+00,-2.300812748102840366e-01,1.246735393753992116e-02,7.565480241633615321e-04,-8.170490947585762331e-05,5.186132851772717878e-05,-6.290618820353408025e-05,7.013450839037094209e-05
1.432875864557697110e+00,-2.306344647095645295e-01,1.250355161573395157e-02,7.624293648652857858e-04,-8.323123709437496576e-05,5.173254548418437793e-05,-6.278566706401089714e-05,7.013414301251796878e-05
1.434035606786202566e+00,-2.311883787437583326e-01,1.253974375264038654e-02,7.683772968486435317e-04,-8.477431543905955547e-05,5.160458987493732330e-05,-6.266310316494633215e-05,7.013194080519868923e-05
1.435198536430633887e+00,-2.317430189898928572e-01,1.257592947536455286e-02,7.743924560691395342e-04,-8.633430411793263648e-05,5.147747593534091060e-05,-6.253848186183602609e-05,7.012788320777396667e-05
1.436364660271450822e+00,-2.322983875301659062e-01,1.261210790212810573e-02,7.804754841271854815e-04,-8.791136424290968421e-05,5.135121803850895006e-05,-6.241178838656269434e-05,7.012195149494471202e-05
1.437533985126590252e+00,-2.328544864519754565e-01,1.264827814219059154e-02,7.866270283182763556e-04,-8.950565844220714773e-05,5.122583068632724501e-05,-6.228300784633794551e-05,7.011412677600248333e-05
1.438706517851710220e+00,-2.334113178479493567e-01,1.268443929576971996e-02,7.928477416838664027e-04,-9.111735087309613679e-05,5.110132851036952584e-05,-6.215212522281063356e-05,7.010438999308088448e-05
1.439882265340439949e+00,-2.339688838159758588e-01,1.272059045396142785e-02,7.991382830628557254e-04,-9.274660723448957533e-05,5.097772627292440628e-05,-6.201912537098439038e-05,7.009272192003146440e-05
1.441061234524628087e+00,-2.345271864592334832e-01,1.275673069865874976e-02,8.054993171435209653e-04,-9.439359478000119985e-05,5.085503886780029514e-05,-6.188399301812128050e-05,7.007910316116083838e-05
1.442243432374596734e+00,-2.350862278862222710e-01,1.279285910247009161e-02,8.119315145155570068e-04,-9.605848233054659069e-05,5.073328132106091903e-05,-6.174671276270790599e-05,7.006351414985678705e-05
1.443428865899396119e+00,-2.356460102107942878e-01,1.282897472863682442e-02,8.184355517232289046e-04,-9.774144028779074844e-05,5.061246879230207885e-05,-6.160726907328967217e-05,7.004593514720047764e-05
1.444617542147059730e+00,-2.362065355521845711e-01,1.286507663094994813e-02,8.250121113183017663e-04,-9.944264064697116989e-05,5.049261657505410561e-05,-6.146564628764852878e-05,7.002634624088399651e-05
1.445809468204865222e+00,-2.367678060350423275e-01,1.290116385366586738e-02,8.316618819140808583e-04,-1.011622570101095020e-04,5.037374009800310581e-05,-6.132182861148111064e-05,7.000472734372542583e-05
1.447004651199595537e+00,-2.373298237894624352e-01,1.293723543142140386e-02,8.383855582391186445e-04,-1.029004645993342182e-04,5.025585492562933965e-05,-6.117580011730239242e-05,6.998105819215616474e-05
1.448203098297801805e+00,-2.378925909510171688e-01,1.297329038914823984e-02,8.451838411926426708e-04,-1.046574402701894169e-04,5.013897675912315499e-05,-6.102754474352281577e-05,6.995531834508295077e-05
1.449404816706070021e+00,-2.384561096607880071e-01,1.300932774198640396e-02,8.520574378989842490e-04,-1.064333625253460758e-04,5.002312143707887682e-05,-6.087704629309520499e-05,6.992748718248620321e-05
1.450609813671289050e+00,-2.390203820653978295e-01,1.304534649519663303e-02,8.590070617639500306e-04,-1.082284115277165615e-04,4.990830493621645214e-05,-6.072428843250515795e-05,6.989754390417102226e-05
1.451818096480921971e+00,-2.395854103170431959e-01,1.308134564407222034e-02,8.660334325304719361e-04,-1.100427691144850728e-04,4.979454337226962846e-05,-6.056925469058449529e-05,6.986546752836553242e-05
1.453029672463278299e+00,-2.401511965735269039e-01,1.311732417384990634e-02,8.731372763356448630e-04,-1.118766188106939952e-04,4.968185300076310984e-05,-6.041192845741144568e-05,6.983123689016657032e-05
1.454244548987790209e+00,-2.407177429982907957e-01,1.315328105961999228e-02,8.803193257677921491e-04,-1.137301458430384216e-04,4.957025021756766847e-05,-6.025229298297837821e-05,6.979483064030456152e-05
1.455462733465290093e+00,-2.412850517604486211e-01,1.318921526623527407e-02,8.875803199243637032e-04,-1.156035371537300627e-04,4.945975155948301172e-05,-6.009033137619260168e-05,6.975622724375574180e-05
1.456684233348291668e+00,-2.418531250348195105e-01,1.322512574821956000e-02,8.949210044699174027e-04,-1.174969814145970792e-04,4.935037370522310507e-05,-5.992602660350593302e-05,6.971540497838213390e-05
1.457909056131271974e+00,-2.424219650019615313e-01,1.326101144967473111e-02,9.023421316950719362e-04,-1.194106690410867699e-04,4.924213347577699462e-05,-5.975936148777324930e-05,6.967234193340499093e-05
1.459137209350957587e+00,-2.429915738482051890e-01,1.329687130418763519e-02,9.098444605758482240e-04,-1.213447922064347928e-04,4.913504783514432983e-05,-5.959031870713532575e-05,6.962701600819742875e-05
1.460368700586611945e+00,-2.435619537656871503e-01,1.333270423473538469e-02,9.174287568333161502e-04,-1.232995448560425533e-04,4.902913389091823060e-05,-5.941888079356860697e-05,6.957940491071623601e-05
1.461603537460327118e+00,-2.441331069523852704e-01,1.336850915358989145e-02,9.250957929943237623e-04,-1.252751227216741814e-04,4.892440889467386533e-05,-5.924503013179233113e-05,6.952948615616960648e-05
1.462841727637316236e+00,-2.447050356121522885e-01,1.340428496222174914e-02,9.328463484520321813e-04,-1.272717233358200417e-04,4.882089024269009592e-05,-5.906874895793626234e-05,6.947723706562936030e-05
1.464083278826208812e+00,-2.452777419547507720e-01,1.344003055120293610e-02,9.406812095277272689e-04,-1.292895460464071888e-04,4.871859547639356691e-05,-5.889001935820148415e-05,6.942263476446275394e-05
1.465328198779350055e+00,-2.458512281958881718e-01,1.347574480010860221e-02,9.486011695326868054e-04,-1.313287920315098223e-04,4.861754228273340583e-05,-5.870882326764262360e-05,6.936565618108347930e-05
1.466576495293101523e+00,-2.464254965572517109e-01,1.351142657741787045e-02,9.566070288308803349e-04,-1.333896643135601412e-04,4.851774849477796803e-05,-5.852514246883211424e-05,6.930627804523081803e-05
1.467828176208145985e+00,-2.470005492665441893e-01,1.354707474041377813e-02,9.646995949021963668e-04,-1.354723677746139110e-04,4.841923209183973675e-05,-5.833895859053833677e-05,6.924447688702595194e-05
1.469083249409792735e+00,-2.475763885575195111e-01,1.358268813508194117e-02,9.728796824061969328e-04,-1.375771091709498961e-04,4.832201120001655692e-05,-5.815025310640722922e-05,6.918022903509846167e-05
1.470341722828287789e+00,-2.481530166700188222e-01,1.361826559600862185e-02,9.811481132463717447e-04,-1.397040971479190929e-04,4.822610409246919083e-05,-5.795900733344613864e-05,6.911351061524018125e-05
1.471603604439125856e+00,-2.487304358500063151e-01,1.365380594627753352e-02,9.895057166351139966e-04,-1.418535422553213188e-04,4.813152918960172943e-05,-5.776520243077482020e-05,6.904429754896190818e-05
1.472868902263365642e+00,-2.493086483496059769e-01,1.368930799736557680e-02,9.979533291592512789e-04,-1.440256569623515892e-04,4.803830505964445940e-05,-5.756881939822725003e-05,6.897256555205011352e-05
1.474137624367947152e+00,-2.498876564271385048e-01,1.372477054903767368e-02,1.006491794846214871e-03,-1.462206556725742512e-04,4.794645041839018518e-05,-5.736983907502282709e-05,6.889829013331794094e-05
1.475409778866013877e+00,-2.504674623471582207e-01,1.376019238924057475e-02,1.015121965230819656e-03,-1.484387547395354945e-04,4.785598412958280701e-05,-5.716824213811838584e-05,6.882144659281497212e-05
1.476685373917235644e+00,-2.510480683804902635e-01,1.379557229399536178e-02,1.023844699422765681e-03,-1.506801724818207511e-04,4.776692520500058770e-05,-5.696400910090715364e-05,6.874201002041169239e-05
1.477964417728134805e+00,-2.516294768042680596e-01,1.383090902728909000e-02,1.032660864174139714e-03,-1.529451291987504735e-04,4.767929280455329710e-05,-5.675712031179280803e-05,6.865995529448110091e-05
1.479246918552417078e+00,-2.522116899019713476e-01,1.386620134096540335e-02,1.041571333948276834e-03,-1.552338471856873348e-04,4.759310623633772330e-05,-5.654755595262475620e-05,6.857525708024725386e-05
1.480532884691303064e+00,-2.527947099634643147e-01,1.390144797461408122e-02,1.050576990989204873e-03,-1.575465507497458839e-04,4.750838495636011682e-05,-5.633529603718892553e-05,6.848788982843911910e-05
1.481822324493866416e+00,-2.533785392850339546e-01,1.393664765545882256e-02,1.059678725391255405e-03,-1.598834662254883243e-04,4.742514856878599083e-05,-5.612032040968120694e-05,6.839782777373626388e-05
1.483115246357370021e+00,-2.539631801694284263e-01,1.397179909824503019e-02,1.068877435169535151e-03,-1.622448219905231470e-04,4.734341682546827634e-05,-5.590260874326763441e-05,6.830504493340883165e-05
1.484411658727609717e+00,-2.545486349258967440e-01,1.400690100512545777e-02,1.078174026331285562e-03,-1.646308484813674422e-04,4.726320962594732222e-05,-5.568214053841558098e-05,6.820951510577710764e-05
1.485711570099258694e+00,-2.551349058702271910e-01,1.404195206554521846e-02,1.087569412947769765e-03,-1.670417782096283998e-04,4.718454701729823952e-05,-5.545889512137067157e-05,6.811121186847679532e-05
1.487014989016216759e+00,-2.557219953247871214e-01,1.407695095612547520e-02,1.097064517226353786e-03,-1.694778457775047986e-04,4.710744919367293448e-05,-5.523285164261287905e-05,6.801010857722389336e-05
1.488321924071962066e+00,-2.563099056185634828e-01,1.411189634054588193e-02,1.106660269584197609e-03,-1.719392878941766734e-04,4.703193649568948587e-05,-5.500398907506628965e-05,6.790617836442691679e-05
1.489632383909905489e+00,-2.568986390872020076e-01,1.414678686942609509e-02,1.116357608721890715e-03,-1.744263433917370154e-04,4.695802941055704505e-05,-5.477228621265928243e-05,6.779939413739666243e-05
1.490946377223749675e+00,-2.574881980730482911e-01,1.418162118020585560e-02,1.126157481697753759e-03,-1.769392532415536845e-04,4.688574857128480211e-05,-5.453772166846490577e-05,6.768972857691679668e-05
1.492263912757848754e+00,-2.580785849251880926e-01,1.421639789702372481e-02,1.136060844003278225e-03,-1.794782605702149869e-04,4.681511475590482974e-05,-5.430027387321595400e-05,6.757715413593934350e-05
1.493584999307577377e+00,-2.586698019994886910e-01,1.425111563059475173e-02,1.146068659639370990e-03,-1.820436106761830208e-04,4.674614888716677186e-05,-5.405992107348350784e-05,6.746164303803037221e-05
1.494909645719695312e+00,-2.592618516586400745e-01,1.428577297808697466e-02,1.156181901192349093e-03,-1.846355510459751770e-04,4.667887203164966525e-05,-5.381664132983465798e-05,6.734316727559364057e-05
1.496237860892720928e+00,-2.598547362721962406e-01,1.432036852299664598e-02,1.166401549911599833e-03,-1.872543313706648282e-04,4.661330539912356130e-05,-5.357041251530247905e-05,6.722169860873261626e-05
1.497569653777307552e+00,-2.604484582166182172e-01,1.435490083502188874e-02,1.176728595787879250e-03,-1.899002035624514084e-04,4.654947034155032526e-05,-5.332121231350211987e-05,6.709720856359902008e-05
1.498905033376621621e+00,-2.610430198753154740e-01,1.438936846993506269e-02,1.187164037632137958e-03,-1.925734217711749796e-04,4.648738835222321342e-05,-5.306901821679199660e-05,6.696966843083851373e-05
1.500244008746725255e+00,-2.616384236386887219e-01,1.442376996945431145e-02,1.197708883154485759e-03,-1.952742424008307998e-04,4.642708106467052787e-05,-5.281380752451131366e-05,6.683904926423067661e-05
1.501586588996963512e+00,-2.622346719041729335e-01,1.445810386111319457e-02,1.208364149045182412e-03,-1.980029241263059347e-04,4.636857025165641577e-05,-5.255555734114125688e-05,6.670532187912081579e-05
1.502932783290353846e+00,-2.628317670762804203e-01,1.449236865812922326e-02,1.219130861055184312e-03,-2.007597279103517929e-04,4.631187782405676856e-05,-5.229424457430659201e-05,6.656845685082402042e-05
1.504282600843979578e+00,-2.634297115666448530e-01,1.452656285927111934e-02,1.230010054078106707e-03,-2.035449170202097147e-04,4.625702582936042084e-05,-5.202984593296461346e-05,6.642842451340391641e-05
1.505636050929388237e+00,-2.640285077940648373e-01,1.456068494872439500e-02,1.241002772233212870e-03,-2.063587570441116625e-04,4.620403645039239393e-05,-5.176233792553164292e-05,6.628519495795182070e-05
1.506993142872993019e+00,-2.646281581845482123e-01,1.459473339595560026e-02,1.252110068948264487e-03,-2.092015159087384779e-04,4.615293200388448369e-05,-5.149169685773197225e-05,6.613873803117120698e-05
1.508353886056476689e+00,-2.652286651713565702e-01,1.462870665557540473e-02,1.263333007044120659e-03,-2.120734638960675156e-04,4.610373493883768159e-05,-5.121789883068966764e-05,6.598902333396217124e-05
1.509718289917203027e+00,-2.658300311950507200e-01,1.466260316720000012e-02,1.274672658819392401e-03,-2.149748736599566001e-04,4.605646783502337360e-05,-5.094091973905506832e-05,6.583602021985324182e-05
1.511086363948628275e+00,-2.664322587035357071e-01,1.469642135531105953e-02,1.286130106136318396e-03,-2.179060202435051385e-04,4.601115340101269435e-05,-5.066073526870801258e-05,6.567969779346094494e-05
1.512458117700718585e+00,-2.670353501521058881e-01,1.473015962911428112e-02,1.297706440507195857e-03,-2.208671810960405324e-04,4.596781447244180363e-05,-5.037732089498148103e-05,6.552002490935182610e-05
1.513833560780371901e+00,-2.676393080034919492e-01,1.476381638239621097e-02,1.309402763182143659e-03,-2.238586360900352012e-04,4.592647400977756256e-05,-5.009065188024686144e-05,6.535697017029384881e-05
1.515212702851843618e+00,-2.682441347279062027e-01,1.479738999337977534e-02,1.321220185237115263e-03,-2.268806675385925953e-04,4.588715509655505453e-05,-4.980070327191554735e-05,6.519050192577147129e-05
1.516595553637175353e+00,-2.688498328030903273e-01,1.483087882457828632e-02,1.333159827662966368e-03,-2.299335602123087074e-04,4.584988093678243892e-05,-4.950744990026012537e-05,6.502058827070889002e-05
1.517982122916629262e+00,-2.694564047143618302e-01,1.486428122264767115e-02,1.345222821455660522e-03,-2.330176013565637971e-04,4.581467485302581633e-05,-4.921086637625637916e-05,6.484719704399899420e-05
1.519372420529125245e+00,-2.700638529546612876e-01,1.489759551823731376e-02,1.357410307706696795e-03,-2.361330807088002359e-04,4.578156028350877094e-05,-4.891092708925182109e-05,6.467029582694905354e-05
1.520766456372685482e+00,-2.706721800246013609e-01,1.493082002583913381e-02,1.369723437695036239e-03,-2.392802905157448423e-04,4.575056077968375767e-05,-4.860760620469667392e-05,6.448985194193457282e-05
1.522164240404878521e+00,-2.712813884325132596e-01,1.496395304363511147e-02,1.382163372979500204e-03,-2.424595255504369273e-04,4.572170000356756692e-05,-4.830087766185403586e-05,6.430583245101151313e-05
1.523565782643273137e+00,-2.718914806944965901e-01,1.499699285334318843e-02,1.394731285492251116e-03,-2.456710831298114517e-04,4.569500172477147792e-05,-4.799071517148922883e-05,6.411820415448687971e-05
1.524971093165892411e+00,-2.725024593344680390e-01,1.502993772006144813e-02,1.407428357633355720e-03,-2.489152631318103381e-04,4.567048981737875657e-05,-4.767709221346200232e-05,6.392693358954482097e-05
1.526380182111675143e+00,-2.731143268842107785e-01,1.506278589211053343e-02,1.420255782366014463e-03,-2.521923680127713396e-04,4.564818825696093096e-05,-4.735998203422159269e-05,6.373198702884497191e-05
1.527793059680939924e+00,-2.737270858834238707e-01,1.509553560087438517e-02,1.433214763312373741e-03,-2.555027028246920073e-04,4.562812111726100017e-05,-4.703935764457933821e-05,6.353333047910691977e-05
1.529209736135855202e+00,-2.743407388797725610e-01,1.512818506063924595e-02,1.446306514851003477e-03,-2.588465752322161029e-04,4.561031256641867593e-05,-4.671519181694006040e-05,6.333092967980569199e-05
1.530630221800914237e+00,-2.749552884289390708e-01,1.516073246843110955e-02,1.459532262214902065e-03,-2.622242955304388001e-04,4.559478686361195798e-05,-4.638745708290814562e-05,6.312475010183948854e-05
1.532054527063414051e+00,-2.755707370946735568e-01,1.519317600385082512e-02,1.472893241590444990e-03,-2.656361766619763642e-04,4.558156835528237583e-05,-4.605612573069933768e-05,6.291475694605863644e-05
1.533482662373938155e+00,-2.761870874488447369e-01,1.522551382890779959e-02,1.486390700217221639e-03,-2.690825342340774640e-04,4.557068147099940791e-05,-4.572116980244844697e-05,6.270091514211373340e-05
1.534914638246847929e+00,-2.768043420714921821e-01,1.525774408785193770e-02,1.500025896489343147e-03,-2.725636865359981620e-04,4.556215071936653427e-05,-4.538256109162114305e-05,6.248318934706786898e-05
1.536350465260774678e+00,-2.774225035508790516e-01,1.528986490700337542e-02,1.513800100057138831e-03,-2.760799545564324164e-04,4.555600068362197774e-05,-4.504027114025227485e-05,6.226154394413374593e-05
1.537790154059120118e+00,-2.780415744835438296e-01,1.532187439458050637e-02,1.527714591930046106e-03,-2.796316620001931819e-04,4.555225601729495644e-05,-4.469427123621888542e-05,6.203594304136916815e-05
1.539233715350559972e+00,-2.786615574743537271e-01,1.535377064052596829e-02,1.541770664580915939e-03,-2.832191353061008776e-04,4.555094143941784690e-05,-4.434453241043689875e-05,6.180635047042803976e-05
1.540681159909553344e+00,-2.792824551365579167e-01,1.538555171633063101e-02,1.555969622050512591e-03,-2.868427036634285665e-04,4.555208172939140265e-05,-4.399102543405780663e-05,6.157272978538075314e-05
1.542132498576857635e+00,-2.799042700918417115e-01,1.541721567485601629e-02,1.570312780053956248e-03,-2.905026990294851119e-04,4.555570172221079517e-05,-4.363372081542943315e-05,6.133504426153457700e-05
1.543587742260049023e+00,-2.805270049703809110e-01,1.544876055015415028e-02,1.584801466087332189e-03,-2.941994561464766900e-04,4.556182630303939884e-05,-4.327258879731343821e-05,6.109325689397648862e-05
1.545046901934046701e+00,-2.811506624108960350e-01,1.548018435728562570e-02,1.599437019536076310e-03,-2.979333125582017683e-04,4.557048040146338685e-05,-4.290759935390159319e-05,6.084733039669887322e-05
1.546509988641645794e+00,-2.817752450607083903e-01,1.551148509213559623e-02,1.614220791784276576e-03,-3.017046086276620187e-04,4.558168898599612717e-05,-4.253872218745041733e-05,6.059722720136440088e-05
1.547977013494052034e+00,-2.824007555757951926e-01,1.554266073122771707e-02,1.629154146324723884e-03,-3.055136875534242291e-04,4.559547705794420036e-05,-4.216592672554031473e-05,6.034290945607090340e-05
1.549447987671425331e+00,-2.830271966208457446e-01,1.557370923153560127e-02,1.644238458870406205e-03,-3.093608953866761047e-04,4.561186964527341736e-05,-4.178918211784204972e-05,6.008433902442156249e-05
1.550922922423427774e+00,-2.836545708693183343e-01,1.560462853029284669e-02,1.659475117466835403e-03,-3.132465810477547130e-04,4.563089179603074808e-05,-4.140845723274444445e-05,5.982147748420652000e-05
1.552401829069775419e+00,-2.842828810034967457e-01,1.563541654480003762e-02,1.674865522605761825e-03,-3.171710963429802410e-04,4.565256857175237215e-05,-4.102372065421799885e-05,5.955428612659796617e-05
1.553884719000800274e+00,-2.849121297145484899e-01,1.566607117222977574e-02,1.690411087340082386e-03,-3.211347959810734176e-04,4.567692504041376278e-05,-4.063494067851891600e-05,5.928272595513706111e-05
1.555371603678016079e+00,-2.855423197025824256e-01,1.569659028942980983e-02,1.706113237399220495e-03,-3.251380375896145702e-04,4.570398626918548146e-05,-4.024208531081679974e-05,5.900675768451268954e-05
1.556862494634687177e+00,-2.861734536767072123e-01,1.572697175272336212e-02,1.721973411306809698e-03,-3.291811817314471700e-04,4.573377731699468374e-05,-3.984512226154479642e-05,5.872634173968716009e-05
1.558357403476410052e+00,-2.868055343550905412e-01,1.575721339770748408e-02,1.737993060498543851e-03,-3.332645919211230101e-04,4.576632322661478014e-05,-3.944401894308280365e-05,5.844143825506353807e-05
1.559856341881694419e+00,-2.874385644650183647e-01,1.578731303904877536e-02,1.754173649441526095e-03,-3.373886346404730840e-04,4.580164901674121936e-05,-3.903874246607291765e-05,5.815200707345868913e-05
1.561359321602555195e+00,-2.880725467429552378e-01,1.581726847027700722e-02,1.770516655755227653e-03,-3.415536793552470529e-04,4.583977967340113757e-05,-3.862925963585978062e-05,5.785800774539551217e-05
1.562866354465108909e+00,-2.887074839346046029e-01,1.584707746357581770e-02,1.787023570333057254e-03,-3.457600985305869790e-04,4.588074014157117464e-05,-3.821553694883378371e-05,5.755939952828414974e-05
1.564377452370177224e+00,-2.893433787949697966e-01,1.587673776957143623e-02,1.803695897465762421e-03,-3.500082676468202481e-04,4.592455531592098961e-05,-3.779754058853834753e-05,5.725614138532564290e-05
1.565892627293896888e+00,-2.899802340884156671e-01,1.590624711711828565e-02,1.820535154965330360e-03,-3.542985652149055475e-04,4.597125003170943192e-05,-3.737523642183965267e-05,5.694819198504008639e-05
1.567411891288336578e+00,-2.906180525887303578e-01,1.593560321308284955e-02,1.837542874291331341e-03,-3.586313727922535444e-04,4.602084905495906764e-05,-3.694858999504779806e-05,5.663550970050335032e-05
1.568935256482119289e+00,-2.912568370791883132e-01,1.596480374212427833e-02,1.854720600676929010e-03,-3.630070749975067290e-04,4.607337707264458349e-05,-3.651756652996163144e-05,5.631805260872257968e-05
1.570462735081054051e+00,-2.918965903526130612e-01,1.599384636647241398e-02,1.872069893257721773e-03,-3.674260595259298823e-04,4.612885868232607933e-05,-3.608213091974704634e-05,5.599577848980352712e-05
1.571994339368772753e+00,-2.925373152114412179e-01,1.602272872570352502e-02,1.889592325201194800e-03,-3.718887171638707301e-04,4.618731838115786026e-05,-3.564224772470425684e-05,5.566864482656197488e-05
1.573530081707374295e+00,-2.931790144677859367e-01,1.605144843651255815e-02,1.907289483837115718e-03,-3.763954418037618321e-04,4.624878055524417331e-05,-3.519788116823630020e-05,5.533660880398250104e-05
1.575069974538076956e+00,-2.938216909435025226e-01,1.608000309248353021e-02,1.925162970790428307e-03,-3.809466304584702145e-04,4.631326946794023236e-05,-3.474899513247059479e-05,5.499962730876051253e-05
1.576614030381877196e+00,-2.944653474702536022e-01,1.610839026385665895e-02,1.943214402114368244e-03,-3.855426832756470024e-04,4.638080924818099859e-05,-3.429555315374865909e-05,5.465765692862223357e-05
1.578162261840214686e+00,-2.951099868895744605e-01,1.613660749729255162e-02,1.961445408425577241e-03,-3.901840035516329630e-04,4.645142387810219375e-05,-3.383751841833787521e-05,5.431065395219980552e-05
1.579714681595649317e+00,-2.957556120529402088e-01,1.616465231563340987e-02,1.979857635040382924e-03,-3.948709977450864939e-04,4.652513718046702440e-05,-3.337485375778243002e-05,5.395857436869821999e-05
1.581271302412539992e+00,-2.964022258218323436e-01,1.619252221766166733e-02,1.998452742112799552e-03,-3.996040754906809989e-04,4.660197280539901676e-05,-3.290752164433752291e-05,5.360137386740959631e-05
1.582832137137735629e+00,-2.970498310678064691e-01,1.622021467785528248e-02,2.017232404773694476e-03,-4.043836496123026647e-04,4.668195421717036275e-05,-3.243548418593172888e-05,5.323900783760215916e-05
1.584397198701271936e+00,-2.976984306725609097e-01,1.624772714614017288e-02,2.036198313271231353e-03,-4.092101361361233369e-04,4.676510468011596533e-05,-3.195870312171916749e-05,5.287143136850636083e-05
1.585966500117076849e+00,-2.983480275280046556e-01,1.627505704763924921e-02,2.055352173113367265e-03,-4.140839543027990954e-04,4.685144724378420555e-05,-3.147713981697941588e-05,5.249859924914834775e-05
1.587540054483684182e+00,-2.989986245363271955e-01,1.630220178241867379e-02,2.074695705211349051e-03,-4.190055265804737417e-04,4.694100472886486575e-05,-3.099075525804517728e-05,5.212046596808628252e-05
1.589117874984955936e+00,-2.996502246100695710e-01,1.632915872523089951e-02,2.094230646024874964e-03,-4.239752786763806292e-04,4.703379971111865121e-05,-3.049951004729933857e-05,5.173698571368789967e-05
1.590699974890810608e+00,-3.003028306721937102e-01,1.635592522525401715e-02,2.113958747708977182e-03,-4.289936395488747056e-04,4.712985450559814549e-05,-3.000336439767936625e-05,5.134811237419989460e-05
1.592286367557965043e+00,-3.009564456561539814e-01,1.638249860582813300e-02,2.133881778262125550e-03,-4.340610414184375987e-04,4.722919115054957651e-05,-2.950227812763273061e-05,5.095379953783119031e-05
1.593877066430678280e+00,-3.016110725059695241e-01,1.640887616418838790e-02,2.154001521676274233e-03,-4.391779197791129130e-04,4.733183139003782625e-05,-2.899621065558660726e-05,5.055400049318314881e-05
1.595472085041510724e+00,-3.022667141762964693e-01,1.643505517119417392e-02,2.174319778088351640e-03,-4.443447134087064043e-04,4.743779665659919598e-05,-2.848512099426492306e-05,5.014866822938834900e-05
1.597071437012087092e+00,-3.029233736325015469e-01,1.646103287105560309e-02,2.194838363932971603e-03,-4.495618643794163649e-04,4.754710805333905999e-05,-2.796896774501234084e-05,4.973775543659630927e-05
1.598675136053872681e+00,-3.035810538507358602e-01,1.648680648105564639e-02,2.215559112097864602e-03,-4.548298180674509306e-04,4.765978633505807416e-05,-2.744770909219457211e-05,4.932121450641757665e-05
1.600283195968955408e+00,-3.042397578180091600e-01,1.651237319126913627e-02,2.236483872079308988e-03,-4.601490231623955873e-04,4.777585188929511784e-05,-2.692130279725174491e-05,4.889899753250659398e-05
1.601895630650838953e+00,-3.048994885322653392e-01,1.653773016427788345e-02,2.257614510141003894e-03,-4.655199316764280226e-04,4.789532471637103495e-05,-2.638970619239788817e-05,4.847105631121395586e-05
1.603512454085245453e+00,-3.055602490024584283e-01,1.656287453488221317e-02,2.278952909473552779e-03,-4.709429989526031646e-04,4.801822440880787468e-05,-2.585287617472287192e-05,4.803734234237744261e-05
1.605133680350927738e+00,-3.062220422486290339e-01,1.658780340980835211e-02,2.300500970356278430e-03,-4.764186836729578101e-04,4.814457013022077625e-05,-2.531076919985719709e-05,4.759780683014080971e-05
1.606759323620491120e+00,-3.068848713019817209e-01,1.661251386741266489e-02,2.322260610320092677e-03,-4.819474478662683081e-04,4.827438059376576440e-05,-2.476334127536616858e-05,4.715240068382808847e-05
1.608389398161225170e+00,-3.075487392049628399e-01,1.663700295738132495e-02,2.344233764312864121e-03,-4.875297569145731202e-04,4.840767403956058867e-05,-2.421054795444244068e-05,4.670107451887339778e-05
1.610023918335945936e+00,-3.082136490113399074e-01,1.666126770042625216e-02,2.366422384865729533e-03,-4.931660795602366143e-04,4.854446821163371784e-05,-2.365234432907814544e-05,4.624377865823647848e-05
1.611662898603848593e+00,-3.088796037862808208e-01,1.668530508797670675e-02,2.388828442263124519e-03,-4.988568879117499799e-04,4.868478033384637804e-05,-2.308868502321620442e-05,4.578046313342964968e-05
1.613306353521371195e+00,-3.095466066064336275e-01,1.670911208186712238e-02,2.411453924712259056e-03,-5.046026574488104988e-04,4.882862708549540187e-05,-2.251952418571429027e-05,4.531107768593334306e-05
1.614954297743067091e+00,-3.102146605600080709e-01,1.673268561402053989e-02,2.434300838515590648e-03,-5.104038670274285705e-04,4.897602457598626557e-05,-2.194481548342674948e-05,4.483557176859775950e-05
1.616606746022490659e+00,-3.108837687468569144e-01,1.675602258612783613e-02,2.457371208245573424e-03,-5.162609988838551267e-04,4.912698831843753666e-05,-2.136451209366896364e-05,4.435389454718330349e-05
1.618263713213091481e+00,-3.115539342785587085e-01,1.677911986932237309e-02,2.480667076921017067e-03,-5.221745386384257781e-04,4.928153320306327689e-05,-2.077856669679273294e-05,4.386599490217857333e-05
1.619925214269123614e+00,-3.122251602785010016e-01,1.680197430385052537e-02,2.504190506185111076e-03,-5.281449752980588164e-04,4.943967346915378869e-05,-2.018693146865757626e-05,4.337182143050732908e-05
1.621591264246561526e+00,-3.128974498819644956e-01,1.682458269873740586e-02,2.527943576485891519e-03,-5.341728012587393382e-04,4.960142267672329464e-05,-1.958955807281753669e-05,4.287132244742974940e-05
1.623261878304031791e+00,-3.135708062362076998e-01,1.684694183144821999e-02,2.551928387258262099e-03,-5.402585123068792683e-04,4.976679367689473832e-05,-1.898639765263165913e-05,4.236444598879063328e-05
1.624937071703754565e+00,-3.142452325005530289e-01,1.686904844754476274e-02,2.576147057108846283e-03,-5.464026076200667603e-04,4.993579858153518458e-05,-1.837740082291650090e-05,4.185113981299004582e-05
1.626616859812496152e+00,-3.149207318464726790e-01,1.689089926033705835e-02,2.600601724001949666e-03,-5.526055897670939521e-04,5.010844873204467476e-05,-1.776251766191089265e-05,4.133135140345356451e-05
1.628301258102536231e+00,-3.155973074576762238e-01,1.691249095053058704e-02,2.625294545448353389e-03,-5.588679647069716427e-04,5.028475466717363673e-05,-1.714169770265089321e-05,4.080502797110252544e-05
1.629990282152647740e+00,-3.162749625301992662e-01,1.693382016586793271e-02,2.650227698695994949e-03,-5.651902417875276363e-04,5.046472608979946095e-05,-1.651488992429617220e-05,4.027211645687978070e-05
1.631683947649085198e+00,-3.169537002724920893e-01,1.695488352076610084e-02,2.675403380922758423e-03,-5.715729337430613954e-04,5.064837183293979805e-05,-1.588204274329679810e-05,3.973256353478893388e-05
1.633382270386590784e+00,-3.176335239055091408e-01,1.697567759594792447e-02,2.700823809431596167e-03,-5.780165566905970387e-04,5.083569982416991095e-05,-1.524310400427553169e-05,3.918631561450336420e-05
1.635085266269411530e+00,-3.183144366627999045e-01,1.699619893806877946e-02,2.726491221848037494e-03,-5.845216301260530711e-04,5.102671704984573786e-05,-1.459802097080603600e-05,3.863331884457199550e-05
1.636792951312328492e+00,-3.189964417906014371e-01,1.701644405933810944e-02,2.752407876319140634e-03,-5.910886769190243362e-04,5.122142951755059848e-05,-1.394674031589271390e-05,3.807351911590262095e-05
1.638505341641702806e+00,-3.196795425479301289e-01,1.703640943713503886e-02,2.778576051716608042e-03,-5.977182233063288441e-04,5.141984221762596619e-05,-1.328920811229095111e-05,3.750686206488440533e-05
1.640222453496532395e+00,-3.203637422066749618e-01,1.705609151361850429e-02,2.804998047839568631e-03,-6.044107988854297009e-04,5.162195908384181742e-05,-1.262536982254286455e-05,3.693329307713488774e-05
1.641944303229524227e+00,-3.210490440516922672e-01,1.707548669533237584e-02,2.831676185622189479e-03,-6.111669366060529240e-04,5.182778295292900239e-05,-1.195517028896447842e-05,3.635275729142739554e-05
1.643670907308180551e+00,-3.217354513809013161e-01,1.709459135280413933e-02,2.858612807342453266e-03,-6.179871727608199361e-04,5.203731552216872558e-05,-1.127855372323738337e-05,3.576519960321600244e-05
1.645402282315901354e+00,-3.224229675053801314e-01,1.711340182013816602e-02,2.885810276833544741e-03,-6.248720469753249462e-04,5.225055730637140350e-05,-1.059546369560487866e-05,3.517056466928458747e-05
1.647138444953097913e+00,-3.231115957494631319e-01,1.713191439460275134e-02,2.913270979698234786e-03,-6.318221021965469975e-04,5.246750759366203276e-05,-9.905843124241586750e-06,3.456879691203507132e-05
1.648879412038325665e+00,-3.238013394508386655e-01,1.715012533621133872e-02,2.940997323524763285e-03,-6.388378846803044464e-04,5.268816439987777933e-05,-9.209634264172039675e-06,3.395984052390055297e-05
1.650625200509428403e+00,-3.244922019606489849e-01,1.716803086729749850e-02,2.968991738106219191e-03,-6.459199439775020757e-04,5.291252442152227786e-05,-8.506778695717420735e-06,3.334363947193885735e-05
1.652375827424702681e+00,-3.251841866435897788e-01,1.718562717208350910e-02,2.997256675662196557e-03,-6.530688329190598163e-04,5.314058298733215224e-05,-7.797217313115778481e-06,3.272013750334201720e-05
1.654131309964073759e+00,-3.258772968780117574e-01,1.720291039624254059e-02,3.025794611063392647e-03,-6.602851075998839026e-04,5.337233400837249064e-05,-7.080890312337329018e-06,3.208927815014084306e-05
1.655891665430290427e+00,-3.265715360560229041e-01,1.721987664645446836e-02,3.054608042058037931e-03,-6.675693273609090150e-04,5.360776992724414214e-05,-6.357737179191191856e-06,3.145100473511686090e-05
1.657656911250135812e+00,-3.272669075835918928e-01,1.723652198995476170e-02,3.083699489501878777e-03,-6.749220547701689776e-04,5.384688166501505613e-05,-5.627696676939464293e-06,3.080526037720077159e-05
1.659427064975655064e+00,-3.279634148806522820e-01,1.725284245407690542e-02,3.113071497591102244e-03,-6.823438556027433544e-04,5.408965856720793219e-05,-4.890706833182711932e-06,3.015198799737051072e-05
1.661202144285400362e+00,-3.286610613812076531e-01,1.726883402578743842e-02,3.142726634096870697e-03,-6.898352988186362555e-04,5.433608834809477983e-05,-4.146704927238120675e-06,2.949113032497951981e-05
1.662982166985690791e+00,-3.293598505334386362e-01,1.728449265121441425e-02,3.172667490604186291e-03,-6.973969565394755321e-04,5.458615703315961021e-05,-3.395627476636409181e-06,2.882262990414052872e-05
1.664767151011895763e+00,-3.300597857998102125e-01,1.729981423516839534e-02,3.202896682752642832e-03,-7.050294040238103133e-04,5.483984890031212700e-05,-2.637410223313430002e-06,2.814642910028974931e-05
1.666557114429729980e+00,-3.307608706571807389e-01,1.731479464065617535e-02,3.233416850480397287e-03,-7.127332196404934095e-04,5.509714641893648235e-05,-1.871988119864220756e-06,2.746247010727842497e-05
1.668352075436572379e+00,-3.314631085969115820e-01,1.732942968838686870e-02,3.264230658271305430e-03,-7.205089848405510367e-04,5.535803018782980978e-05,-1.099295315214188218e-06,2.677069495461703585e-05
1.670152052362800177e+00,-3.321665031249783073e-01,1.734371515627063098e-02,3.295340795405055090e-03,-7.283572841277202725e-04,5.562247887097582222e-05,-3.192651399225310271e-07,2.607104551506644885e-05
1.671957063673143562e+00,-3.328710577620833666e-01,1.735764677890963559e-02,3.326749976210352511e-03,-7.362787050267244338e-04,5.589046913118123072e-05,4.681699087988322461e-07,2.536346351239560093e-05
1.673767127968059931e+00,-3.335767760437684526e-01,1.737122024708045998e-02,3.358460940321217336e-03,-7.442738380499108741e-04,5.616197556246316225e-05,1.263078182475729783e-06,2.464789052938898273e-05
1.675582263985128106e+00,-3.342836615205298512e-01,1.738443120720932489e-02,3.390476452936275198e-03,-7.523432766620569145e-04,5.643697062032715372e-05,2.065528896942614434e-06,2.392426801661740043e-05
1.677402490600463203e+00,-3.349917177579349037e-01,1.739727526083845177e-02,3.422799305081936083e-03,-7.604876172434965609e-04,5.671542454982470005e-05,2.875592148426919792e-06,2.319253730087567078e-05
1.679227826830149484e+00,-3.357009483367380254e-01,1.740974796408412129e-02,3.455432313877904171e-03,-7.687074590510267758e-04,5.699730531177893411e-05,3.693338930237100026e-06,2.245263959445298330e-05
1.681058291831698970e+00,-3.364113568529990550e-01,1.742184482708614146e-02,3.488378322807517140e-03,-7.770034041769402489e-04,5.728257850692863862e-05,4.518841149409036362e-06,2.170451600458367380e-05
1.682893904905528260e+00,-3.371229469182043248e-01,1.743356131344872550e-02,3.521640201989750807e-03,-7.853760575057960880e-04,5.757120729787956748e-05,5.352171643976944004e-06,2.094810754323106483e-05
1.684734685496456219e+00,-3.378357221593858428e-01,1.744489283967223803e-02,3.555220848455720173e-03,-7.938260266690672085e-04,5.786315232911287687e-05,6.193404200785512792e-06,2.018335513712110618e-05
1.686580653195227653e+00,-3.385496862192446388e-01,1.745583477457593458e-02,3.589123186428677670e-03,-8.023539219979558546e-04,5.815837164419024319e-05,7.042613573426947937e-06,1.941019963844214935e-05
1.688431827740058289e+00,-3.392648427562744429e-01,1.746638243871123652e-02,3.623350167607397587e-03,-8.109603564733780523e-04,5.845682060109935740e-05,7.899875500941289097e-06,1.862858183580839988e-05
1.690288229018201083e+00,-3.399811954448863083e-01,1.747653110376554131e-02,3.657904771453390769e-03,-8.196459456740745608e-04,5.875845178507366207e-05,8.765266726704079581e-06,1.783844246543153655e-05
1.692149877067537389e+00,-3.406987479755347326e-01,1.748627599195648474e-02,3.692790005481894067e-03,-8.284113077219046328e-04,5.906321491899735321e-05,9.638865017903841537e-06,1.703972222272254200e-05
1.694016792078194555e+00,-3.414175040548461659e-01,1.749561227541654440e-02,3.728008905555302288e-03,-8.372570632251691292e-04,5.937105677153442507e-05,1.052074918539425141e-05,1.623236177464293384e-05
1.695888994394183946e+00,-3.421374674057483523e-01,1.750453507556705424e-02,3.763564536182706366e-03,-8.461838352187556200e-04,5.968192106248215723e-05,1.141099910416387697e-05,1.541630177215314035e-05
1.697766504515067165e+00,-3.428586417675996700e-01,1.751303946248171373e-02,3.799459990822151578e-03,-8.551922491022712070e-04,5.999574836501597730e-05,1.230969573425694241e-05,1.459148286313272092e-05
1.699649343097646703e+00,-3.435810308963227477e-01,1.752112045424047970e-02,3.835698392186559502e-03,-8.642829325751499869e-04,6.031247600632450023e-05,1.321692114213818270e-05,1.375784570602223145e-05
1.701537530957683231e+00,-3.443046385645374130e-01,1.752877301627235596e-02,3.872282892553813305e-03,-8.734565155689016924e-04,6.063203796446980931e-05,1.413275852270301503e-05,1.291533098345121200e-05
1.703431089071637983e+00,-3.450294685616958623e-01,1.753599206068666427e-02,3.909216674081728016e-03,-8.827136301766680404e-04,6.095436476294402439e-05,1.505729222153751046e-05,1.206387941682374176e-05
1.705330038578445118e+00,-3.457555246942197735e-01,1.754277244559392102e-02,3.946502949126629023e-03,-8.920549105798786238e-04,6.127938336200622338e-05,1.599060775818450519e-05,1.120343178109828308e-05
1.707234400781307837e+00,-3.464828107856380290e-01,1.754910897441476492e-02,3.984144960565649818e-03,-9.014809929714373560e-04,6.160701704732707285e-05,1.693279184954848970e-05,1.033392892027529264e-05
1.709144197149526923e+00,-3.472113306767270480e-01,1.755499639517763000e-02,4.022145982124469832e-03,-9.109925154764109134e-04,6.193718531513625614e-05,1.788393243415398182e-05,9.455311763287288507e-06
1.711059449320355696e+00,-3.479410882256520621e-01,1.756042939980417827e-02,4.060509318708827031e-03,-9.205901180691644647e-04,6.226980375470536622e-05,1.884411869680635565e-05,8.567521340360761961e-06
1.712980179100884293e+00,-3.486720873081106120e-01,1.756540262338303349e-02,4.099238306740138338e-03,-9.302744424872777529e-04,6.260478392727808483e-05,1.981344109404370446e-05,7.670498799780545163e-06
1.714906408469955235e+00,-3.494043318174769874e-01,1.756991064343055298e-02,4.138336314496948720e-03,-9.400461321419639749e-04,6.294203324158642587e-05,2.079199138012993719e-05,6.764185425764401849e-06
1.716838159580107881e+00,-3.501378256649487763e-01,1.757394797913935935e-02,4.177806742459433398e-03,-9.499058320251857479e-04,6.328145482634162100e-05,2.177986263348502538e-05,5.848522656476395909e-06
1.718775454759554844e+00,-3.508725727796953020e-01,1.757750909061395195e-02,4.217653023659617695e-03,-9.598541886126354949e-04,6.362294739861718007e-05,2.277714928430180086e-05,4.923452102720271562e-06
1.720718316514192825e+00,-3.516085771090077250e-01,1.758058837809253760e-02,4.257878624036759430e-03,-9.698918497641206837e-04,6.396640512917883825e-05,2.378394714236398144e-05,3.988915567257333983e-06
1.722666767529640985e+00,-3.523458426184504777e-01,1.758318018115621884e-02,4.298487042796228508e-03,-9.800194646190779624e-04,6.431171750420627831e-05,2.480035342543318588e-05,3.044855064762708174e-06
1.724620830673316840e+00,-3.530843732920158073e-01,1.758527877792404048e-02,4.339481812774770297e-03,-9.902376834883680479e-04,6.465876918229640502e-05,2.582646678896821646e-05,2.091212842558753948e-06
1.726580528996543240e+00,-3.538241731322779304e-01,1.758687838423368677e-02,4.380866500809765807e-03,-1.000547157742490145e-03,6.500743984860779534e-05,2.686238735615659179e-05,1.127931401695425606e-06
1.728545885736691545e+00,-3.545652461605513506e-01,1.758797315280839768e-02,4.422644708114820133e-03,-1.010948539695535886e-03,6.535760406467527872e-05,2.790821674866078572e-05,1.549535187939099501e-07
1.730516924319360772e+00,-3.553075964170501755e-01,1.758855717240852268e-02,4.464820070659569762e-03,-1.021442482484605230e-03,6.570913111383913652e-05,2.896405811830815580e-05,-8.277777309301237452e-07
1.732493668360588490e+00,-3.560512279610485997e-01,1.758862446696879411e-02,4.507396259555151996e-03,-1.032029639944934130e-03,6.606188484287178753e-05,3.003001617939843326e-05,-1.820318950671029334e-06
1.734476141669105242e+00,-3.567961448710447181e-01,1.758816899471982165e-02,4.550376981445503066e-03,-1.042710666480720083e-03,6.641572349910807027e-05,3.110619724191326929e-05,-2.822726397649910623e-06
1.736464368248619827e+00,-3.575423512449252827e-01,1.758718464729407127e-02,4.593765978903596725e-03,-1.053486216931298625e-03,6.677049956296809974e-05,3.219270924562783742e-05,-3.835055958398281284e-06
1.738458372300148103e+00,-3.582898512001332358e-01,1.758566524881580162e-02,4.637567030834233162e-03,-1.064356946432309936e-03,6.712605957617800989e-05,3.328966179497877542e-05,-4.857363123070279620e-06
1.740458178224377317e+00,-3.590386488738374071e-01,1.758360455497492980e-02,4.681783952881379829e-03,-1.075323510272396810e-03,6.748224396543878179e-05,3.439716619479255000e-05,-5.889702958977727221e-06
1.742463810624073739e+00,-3.597887484231033772e-01,1.758099625208413286e-02,4.726420597842839744e-03,-1.086386563744309863e-03,6.783888686073824559e-05,3.551533548696444997e-05,-6.932130083264764764e-06
1.744475294306526481e+00,-3.605401540250675052e-01,1.757783395611854649e-02,4.771480856089027611e-03,-1.097546761991335940e-03,6.819581590938872395e-05,3.664428448789391890e-05,-7.984698634860842859e-06
1.746492654286037727e+00,-3.612928698771118996e-01,1.757411121173842183e-02,4.816968655989906090e-03,-1.108804759848425192e-03,6.855285208492989391e-05,3.778412982730072756e-05,-9.047462245531656677e-06
1.748515915786452712e+00,-3.620469001970436640e-01,1.756982149129390769e-02,4.862887964346918057e-03,-1.120161211677628277e-03,6.890980949028624458e-05,3.893498998740196892e-05,-1.012047400981985756e-05
1.750545104243733885e+00,-3.628022492232744756e-01,1.756495819381202750e-02,4.909242786831080618e-03,-1.131616771198010185e-03,6.926649515623384268e-05,4.009698534350458754e-05,-1.120378645436126419e-05
1.752580245308580364e+00,-3.635589212150032168e-01,1.755951464396399153e-02,4.956037168428295558e-03,-1.143172091309777039e-03,6.962270883406618260e-05,4.127023820551384281e-05,-1.229745150596595060e-05
1.754621364849090481e+00,-3.643169204524009386e-01,1.755348409101456508e-02,5.003275193890821537e-03,-1.154827823912241147e-03,6.997824278287545496e-05,4.245487286040627861e-05,-1.340152045901932265e-05
1.756668488953473162e+00,-3.650762512367981549e-01,1.754685970775173021e-02,5.050960988195296597e-03,-1.166584619716637405e-03,7.033288155128269992e-05,4.365101561595169377e-05,-1.451604394191174929e-05
1.758721643932804390e+00,-3.658369178908749131e-01,1.753963458939644671e-02,5.099098717008310189e-03,-1.178443128051778754e-03,7.068640175236784451e-05,4.485879484524696315e-05,-1.564107188170571483e-05
1.760780856323832744e+00,-3.665989247588528066e-01,1.753180175249191564e-02,5.147692587157803867e-03,-1.190403996663091934e-03,7.103857183357598082e-05,4.607834103257518743e-05,-1.677665346892787124e-05
1.762846152891837104e+00,-3.673622762066898750e-01,1.752335413377266449e-02,5.196746847112132528e-03,-1.202467871505893959e-03,7.138915184021210614e-05,4.730978682053466056e-05,-1.792283712032105569e-05
1.764917560633527671e+00,-3.681269766222777795e-01,1.751428458901202467e-02,5.246265787467119246e-03,-1.214635396531785205e-03,7.173789317188594694e-05,4.855326705815316002e-05,-1.907967044119385225e-05
1.766995106780007374e+00,-3.688930304156417539e-01,1.750458589184801517e-02,5.296253741438772256e-03,-1.226907213467270941e-03,7.208453833337791217e-05,4.980891885030674926e-05,-2.024720018582726322e-05
1.769078818799778574e+00,-3.696604420191432760e-01,1.749425073258710495e-02,5.346715085365050246e-03,-1.239283961585888050e-03,7.242882067817757452e-05,5.107688160806145294e-05,-2.142547221742341357e-05
1.771168724401807060e+00,-3.704292158876855146e-01,1.748327171698554894e-02,5.397654239214955130e-03,-1.251766277473059796e-03,7.277046414513876904e-05,5.235729710105496704e-05,-2.261453146659708757e-05
1.773264851538641995e+00,-3.711993564989214400e-01,1.747164136500718723e-02,5.449075667104563703e-03,-1.264354794783109637e-03,7.310918298852886466e-05,5.365030951055144159e-05,-2.381442188834070883e-05
1.775367228409587161e+00,-3.719708683534643234e-01,1.745935210955804062e-02,5.500983877822052115e-03,-1.277050143988267550e-03,7.344468150036198573e-05,5.495606548379383671e-05,-2.502518641822604195e-05
1.777475883463935036e+00,-3.727437559751020091e-01,1.744639629519631474e-02,5.553383425360214343e-03,-1.289852952120307261e-03,7.377665372573782854e-05,5.627471419028529098e-05,-2.624686692709321534e-05
1.779590845404257049e+00,-3.735180239110131861e-01,1.743276617681796536e-02,5.606278909457806936e-03,-1.302763842503662506e-03,7.410478316993707182e-05,5.760640737911826292e-05,-2.747950417410216506e-05
1.781712143189751796e+00,-3.742936767319872127e-01,1.741845391831697842e-02,5.659674976148609815e-03,-1.315783434480119474e-03,7.442874249846687107e-05,5.895129943776084014e-05,-2.872313775889590026e-05
1.783839806039658304e+00,-3.750707190326464935e-01,1.740345159121930996e-02,5.713576318319923963e-03,-1.328912343124918904e-03,7.474819322822456868e-05,6.030954745240429959e-05,-2.997780607193190061e-05
1.785973863436729703e+00,-3.758491554316729655e-01,1.738775117329111053e-02,5.767987676279173748e-03,-1.342151178953768231e-03,7.506278541136168769e-05,6.168131126975395784e-05,-3.124354624381431300e-05
1.788114345130769944e+00,-3.766289905720360265e-01,1.737134454711940224e-02,5.822913838329724090e-03,-1.355500547621346641e-03,7.537215730984980766e-05,6.306675356059637805e-05,-3.252039409239182444e-05
1.790261281142238925e+00,-3.774102291212252935e-01,1.735422349866530545e-02,5.878359641356023513e-03,-1.368961049609512814e-03,7.567593506188630137e-05,6.446603988485150039e-05,-3.380838406916164551e-05
1.792414701765919549e+00,-3.781928757714855815e-01,1.733637971578899650e-02,5.934329971417684479e-03,-1.382533279906922319e-03,7.597373233908522039e-05,6.587933875820684015e-05,-3.510754920366121468e-05
1.794574637574659182e+00,-3.789769352400557123e-01,1.731780478674541102e-02,5.990829764353666764e-03,-1.396217827677764811e-03,7.626514999486966317e-05,6.730682172059743174e-05,-3.641792104594476776e-05
1.796741119423174826e+00,-3.797624122694104321e-01,1.729849019865090098e-02,6.047864006395453629e-03,-1.410015275921258637e-03,7.654977570303866941e-05,6.874866340635110706e-05,-3.773952960826887360e-05
1.798914178451934465e+00,-3.805493116275059373e-01,1.727842733591934687e-02,6.105437734790386539e-03,-1.423926201119779522e-03,7.682718358734130781e-05,7.020504161609625315e-05,-3.907240330425221231e-05
1.801093846091108786e+00,-3.813376381080290090e-01,1.725760747866707245e-02,6.163556038435435980e-03,-1.437951172877163786e-03,7.709693384055915644e-05,7.167613739048755983e-05,-4.041656888639777456e-05
1.803280154064597074e+00,-3.821273965306495324e-01,1.723602180108706194e-02,6.222224058521019785e-03,-1.452090753545631774e-03,7.735857233384657583e-05,7.316213508597180226e-05,-4.177205138219952651e-05
1.805473134394131041e+00,-3.829185917412766260e-01,1.721366136978932926e-02,6.281446989185202057e-03,-1.466345497841192724e-03,7.761163021541284124e-05,7.466322245234385813e-05,-4.313887402820903993e-05
1.807672819403455922e+00,-3.837112286123186555e-01,1.719051714210934056e-02,6.341230078179327379e-03,-1.480715952447864137e-03,7.785562349882368949e-05,7.617959071228030954e-05,-4.451705820193718743e-05
1.809879241722591292e+00,-3.845053120429468008e-01,1.716657996438199218e-02,6.401578627542925393e-03,-1.495202655609734199e-03,7.809005264028390236e-05,7.771143464284369085e-05,-4.590662335211825873e-05
1.812092434292172261e+00,-3.853008469593632856e-01,1.714184057018147689e-02,6.462497994292104586e-03,-1.509806136710908908e-03,7.831440210454010398e-05,7.925895265922799915e-05,-4.730758692672587529e-05
1.814312430367874818e+00,-3.860978383150719950e-01,1.711628957852456834e-02,6.523993591117827062e-03,-1.524526915842636110e-03,7.852813991943152772e-05,8.082234690058587301e-05,-4.871996429935132600e-05
1.816539263524928893e+00,-3.868962910911547537e-01,1.708991749203915556e-02,6.586070887095896165e-03,-1.539365503357939535e-03,7.873071721845037452e-05,8.240182331804846161e-05,-5.014376869291736760e-05
1.818772967662712681e+00,-3.876962102965507140e-01,1.706271469509430816e-02,6.648735408409711667e-03,-1.554322399412888522e-03,7.892156777156156267e-05,8.399759176490328993e-05,-5.157901110154627933e-05
1.821013577009442219e+00,-3.884976009683400733e-01,1.703467145189317689e-02,6.711992739084460258e-03,-1.569398093493989954e-03,7.910010750297735704e-05,8.560986608911747009e-05,-5.302570021004093803e-05
1.823261126126947795e+00,-3.893004681720325655e-01,1.700577790452653670e-02,6.775848521733462970e-03,-1.584593063931979962e-03,7.926573399702485645e-05,8.723886422831728105e-05,-5.448384231125646959e-05
1.825515649915546268e+00,-3.901048170018596162e-01,1.697602407098681987e-02,6.840308458318233864e-03,-1.599907777400891296e-03,7.941782598985813735e-05,8.888480830714778902e-05,-5.595344122080736504e-05
1.827777183619006651e+00,-3.909106525810714938e-01,1.694539984314170911e-02,6.905378310920751161e-03,-1.615342688402868210e-03,7.955574284845834399e-05,9.054792473707495848e-05,-5.743449818958190622e-05
1.830045762829613842e+00,-3.917179800622380137e-01,1.691389498466541741e-02,6.971063902528440437e-03,-1.630898238737479855e-03,7.967882403586701301e-05,9.222844431863719272e-05,-5.892701181374471187e-05
1.832321423493333379e+00,-3.925268046275556255e-01,1.688149912892819571e-02,7.037371117833590706e-03,-1.646574856955657085e-03,7.978638856215303221e-05,9.392660234658345431e-05,-6.043097794208862616e-05
1.834604201915076782e+00,-3.933371314891576653e-01,1.684820177684127895e-02,7.104305904046648301e-03,-1.662372957797642048e-03,7.987773442033607729e-05,9.564263871751632617e-05,-6.194638958079146107e-05
1.836894134764071485e+00,-3.941489658894294923e-01,1.681399229465814493e-02,7.171874271722222804e-03,-1.678292941614825673e-03,7.995213800807143834e-05,9.737679804039389708e-05,-6.347323679550820330e-05
1.839191259079337115e+00,-3.949623131013294541e-01,1.677885991172960167e-02,7.240082295600747120e-03,-1.694335193774390569e-03,8.000885353431907987e-05,9.912932974963373223e-05,-6.501150661072929715e-05
1.841495612275271920e+00,-3.957771784287139050e-01,1.674279371821223161e-02,7.308936115464237382e-03,-1.710500084046939762e-03,8.004711240944262229e-05,1.009004882213324072e-04,-6.656118290619683631e-05
1.843807232147349540e+00,-3.965935672066680517e-01,1.670578266272856882e-02,7.378441937007540474e-03,-1.726787965976334105e-03,8.006612261959866750e-05,1.026905328924826444e-04,-6.812224631012886444e-05
1.846126156877932800e+00,-3.974114848018416302e-01,1.666781554997950887e-02,7.448606032724069959e-03,-1.743199176231544079e-03,8.006506808477809045e-05,1.044997283830700896e-04,-6.969467409018159643e-05
1.848452425042200087e+00,-3.982309366127896322e-01,1.662888103830550968e-02,7.519434742807862282e-03,-1.759734033939572284e-03,8.004310800027725215e-05,1.063283446213203476e-04,-7.127844004067851458e-05
1.850786075614195170e+00,-3.990519280703189731e-01,1.658896763719681922e-02,7.590934476070843040e-03,-1.776392839999363371e-03,7.999937615976726590e-05,1.081766569723113802e-04,-7.287351436666145155e-05
1.853127147972997601e+00,-3.998744646378404877e-01,1.654806370475143951e-02,7.663111710877523741e-03,-1.793175876375840971e-03,7.993298026151562929e-05,1.100449463695418739e-04,-7.447986356497182658e-05
1.855475681909017904e+00,-4.006985518117263112e-01,1.650615744507875904e-02,7.735972996095463738e-03,-1.810083405374085519e-03,7.984300119562304232e-05,1.119334994503506930e-04,-7.609745030212611283e-05
1.857831717630422208e+00,-4.015241951216735883e-01,1.646323690564913123e-02,7.809524952063329195e-03,-1.827115668892889677e-03,7.972849231310807916e-05,1.138426086945143467e-04,-7.772623328833327960e-05
1.860195295769688340e+00,-4.023514001310737886e-01,1.641928997458626249e-02,7.883774271575383352e-03,-1.844272887656372983e-03,7.958847867536866794e-05,1.157725725663000249e-04,-7.936616714786237647e-05
1.862566457390293806e+00,-4.031801724373873519e-01,1.637430437790221571e-02,7.958727720885350188e-03,-1.861555260423988778e-03,7.942195628382608952e-05,1.177236956603072704e-04,-8.101720228656517087e-05
1.864945243993541668e+00,-4.040105176725253266e-01,1.632826767667386325e-02,8.034392140726653864e-03,-1.878962963178812395e-03,7.922789128955720628e-05,1.196962888510844092e-04,-8.267928475477748229e-05
1.867331697525529188e+00,-4.048424415032372270e-01,1.628116726415844429e-02,8.110774447352475658e-03,-1.896496148291695882e-03,7.900521918202674243e-05,1.216906694461727945e-04,-8.435235610705638098e-05
1.869725860384258143e+00,-4.056759496315048841e-01,1.623299036284697738e-02,8.187881633594462638e-03,-1.914154943662690900e-03,7.875284395664206016e-05,1.237071613438070483e-04,-8.603635325742098328e-05
1.872127775426891017e+00,-4.065110477949431811e-01,1.618372402145550060e-02,8.265720769940865242e-03,-1.931939451837727528e-03,7.846963725993694183e-05,1.257460951940639338e-04,-8.773120833116543338e-05
1.874537485977162188e+00,-4.073477417672066725e-01,1.613335511185019777e-02,8.344299005633659672e-03,-1.949849749100451834e-03,7.815443751285622298e-05,1.278078085641953798e-04,-8.943684851184241502e-05
1.876955035832937435e+00,-4.081860373584040858e-01,1.608187032590698007e-02,8.423623569787708210e-03,-1.967885884538680963e-03,7.780604901094778647e-05,1.298926461083399486e-04,-9.115319588466619383e-05
1.879380469273937093e+00,-4.090259404155190959e-01,1.602925617230253896e-02,8.503701772528571290e-03,-1.986047879084393286e-03,7.742324100035169465e-05,1.320009597416821334e-04,-9.288016727496128944e-05
1.881813831069614418e+00,-4.098674568228378723e-01,1.597549897323659318e-02,8.584541006153190157e-03,-2.004335724526851159e-03,7.700474673003054882e-05,1.341331088185737652e-04,-9.461767408226740006e-05
1.884255166487205813e+00,-4.107105925023850079e-01,1.592058486108176296e-02,8.666148746310997630e-03,-2.022749382498148507e-03,7.654926247932514194e-05,1.362894603158110174e-04,-9.636562211010057943e-05
1.886704521299944259e+00,-4.115553534143657766e-01,1.586449977496183494e-02,8.748532553207788443e-03,-2.041288783430461606e-03,7.605544655914231456e-05,1.384703890202690357e-04,-9.812391139064902124e-05
1.889161941795449717e+00,-4.124017455576164393e-01,1.580722945725408779e-02,8.831700072832016080e-03,-2.059953825483601397e-03,7.552191828796850359e-05,1.406762777213452220e-04,-9.989243600463937334e-05
1.891627474784294716e+00,-4.132497749700617118e-01,1.574875945001597000e-02,8.915659038204293285e-03,-2.078744373443588978e-03,7.494725694032200458e-05,1.429075174082181099e-04,-1.016710838962348040e-04
1.894101167608752023e+00,-4.140994477291811693e-01,1.568907509133285472e-02,9.000417270649874180e-03,-2.097660257589492594e-03,7.433000066772721404e-05,1.451645074725532725e-04,-1.034597366827705311e-04
1.896583068151729501e+00,-4.149507699524825344e-01,1.562816151158592792e-02,9.085982681096838043e-03,-2.116701272529636357e-03,7.366864539148920699e-05,1.474476559159623723e-04,-1.052582694592990586e-04
1.899073224845891028e+00,-4.158037477979839025e-01,1.556600362963785067e-02,9.172363271397032669e-03,-2.135867176004835333e-03,7.296164366657476030e-05,1.497573795628398541e-04,-1.070665505975149090e-04
1.901571686682976825e+00,-4.166583874647038499e-01,1.550258614893393339e-02,9.259567135673552052e-03,-2.155157687658837418e-03,7.220740351543408764e-05,1.520941042788895303e-04,-1.088844415390310960e-04
1.904078503223320062e+00,-4.175146951931610340e-01,1.543789355351793402e-02,9.347602461693860221e-03,-2.174572487774584229e-03,7.140428723154124135e-05,1.544582651948692154e-04,-1.107117965831599937e-04
1.906593724605567530e+00,-4.183726772658811766e-01,1.537191010395878854e-02,9.436477532268783275e-03,-2.194111215975014240e-03,7.055061015137642499e-05,1.568503069361709690e-04,-1.125484626687961454e-04
1.909117401556610805e+00,-4.192323400079143170e-01,1.530461983318724684e-02,9.526200726679256992e-03,-2.213773469888796752e-03,6.964463939423959360e-05,1.592706838584589946e-04,-1.143942791496793676e-04
1.911649585401730356e+00,-4.200936897873607800e-01,1.523600654223988826e-02,9.616780522130274900e-03,-2.233558803778581958e-03,6.868459256903491905e-05,1.617198602890251857e-04,-1.162490775643981733e-04
1.914190328074958813e+00,-4.209567330159061371e-01,1.516605379590850455e-02,9.708225495232980506e-03,-2.253466727131364644e-03,6.766863644744325335e-05,1.641983107744868220e-04,-1.181126813990795998e-04
1.916739682129667610e+00,-4.218214761493657150e-01,1.509474491829174148e-02,9.800544323515958389e-03,-2.273496703210531322e-03,6.659488560198378870e-05,1.667065203345349800e-04,-1.199849058439034222e-04
1.919297700749383218e+00,-4.226879256882394298e-01,1.502206298824827757e-02,9.893745786965890687e-03,-2.293648147567606266e-03,6.546140100896491454e-05,1.692449847225455106e-04,-1.218655575429550275e-04
1.921864437758840971e+00,-4.235560881782757803e-01,1.494799083474684931e-02,9.987838769597967570e-03,-2.313920426513224604e-03,6.426618861429811425e-05,1.718142106924835932e-04,-1.237544343371116407e-04
1.924439947635276038e+00,-4.244259702110472765e-01,1.487251103211292835e-02,1.008283226105866071e-02,-2.334312855545625509e-03,6.300719786164754588e-05,1.744147162724904443e-04,-1.256513249989349434e-04
1.927024285519964408e+00,-4.252975784245352497e-01,1.479560589516784597e-02,1.017873535825841724e-02,-2.354824697736998540e-03,6.168232018285979557e-05,1.770470310457489260e-04,-1.275560089617350235e-04
1.929617507230013906e+00,-4.261709195037258202e-01,1.471725747425822739e-02,1.027555726703788253e-02,-2.375455162074643911e-03,6.028938744806477956e-05,1.797116964387529547e-04,-1.294682560401966276e-04
1.932219669270413664e+00,-4.270460001812163009e-01,1.463744755017401533e-02,1.037330730386670785e-02,-2.396203401757418527e-03,5.882617037597515086e-05,1.824092660159815082e-04,-1.313878261431228323e-04
1.934830828846350492e+00,-4.279228272378328146e-01,1.455615762895048904e-02,1.047199489757616453e-02,-2.417068512444775497e-03,5.729037690191396415e-05,1.851403057826842002e-04,-1.333144689783932746e-04
1.937451043875794365e+00,-4.288014075032602346e-01,1.447336893655296053e-02,1.057162959112689649e-02,-2.438049530458535896e-03,5.567965050357059908e-05,1.879053944952926991e-04,-1.352479237501647003e-04
1.940080373002363912e+00,-4.296817478566822279e-01,1.438906241344067860e-02,1.067222104341142286e-02,-2.459145430935061327e-03,5.399156848262531838e-05,1.907051239796106468e-04,-1.371879188470787048e-04
1.942718875608472562e+00,-4.305638552274339004e-01,1.430321870900744252e-02,1.077377903109327795e-02,-2.480355125927286020e-03,5.222364020204817159e-05,1.935400994568722832e-04,-1.391341715217542241e-04
1.945366611828771575e+00,-4.314477365956671528e-01,1.421581817589467889e-02,1.087631345048323261e-02,-2.501677462454943157e-03,5.037330527643546496e-05,1.964109398782803995e-04,-1.410863875620921304e-04
1.948023642563887492e+00,-4.323333989930280286e-01,1.412684086417520524e-02,1.097983431945392940e-02,-2.523111220501250695e-03,4.843793171571686429e-05,1.993182782679681075e-04,-1.430442609526433317e-04
1.950690029494467126e+00,-4.332208495033467721e-01,1.403626651540398895e-02,1.108435177939259830e-02,-2.544655110955501565e-03,4.641481401992941791e-05,2.022627620746481059e-04,-1.450074735273310100e-04
1.953365835095533409e+00,-4.341100952633403232e-01,1.394407455653226546e-02,1.118987609719368503e-02,-2.566307773499004741e-03,4.430117122439236610e-05,2.052450535318731117e-04,-1.469756946117922736e-04
1.956051122651166096e+00,-4.350011434633285767e-01,1.385024409368262877e-02,1.129641766729228003e-02,-2.588067774434127388e-03,4.209414489389495806e-05,2.082658300275874730e-04,-1.489485806561857695e-04
1.958745956269509314e+00,-4.358940013479652986e-01,1.375475390577965418e-02,1.140398701373990242e-02,-2.609933604454023337e-03,3.979079706378785275e-05,2.113257844827826082e-04,-1.509257748576603442e-04
1.961450400898113955e+00,-4.367886762169813641e-01,1.365758243803533167e-02,1.151259479232191740e-02,-2.631903676351216026e-03,3.738810812808912587e-05,2.144256257398183263e-04,-1.529069067722627073e-04
1.964164522339628682e+00,-4.376851754259422633e-01,1.355870779528273173e-02,1.162225179271852982e-02,-2.653976322664980403e-03,3.488297467174605870e-05,2.175660789605488032e-04,-1.548915919164783883e-04
1.966888387267842209e+00,-4.385835063870216488e-01,1.345810773515668246e-02,1.173296894071124141e-02,-2.676149793263249421e-03,3.227220724646984173e-05,2.207478860341768878e-04,-1.568794313570737176e-04
1.969622063244088839e+00,-4.394836765697879288e-01,1.335575966111554602e-02,1.184475730043438313e-02,-2.698422252860516179e-03,2.955252808842234735e-05,2.239718059952877649e-04,-1.588700112894608774e-04
1.972365618734023940e+00,-4.403856935020077357e-01,1.325164061530187398e-02,1.195762807667355432e-02,-2.720791778467263056e-03,2.672056877614514825e-05,2.272386154524713708e-04,-1.608629026050717448e-04
1.975119123124782661e+00,-4.412895647704638824e-01,1.314572727123689000e-02,1.207159261721213461e-02,-2.743256356770168436e-03,2.377286782720422487e-05,2.305491090276931554e-04,-1.628576604460751920e-04
1.977882646742523010e+00,-4.421952980217886409e-01,1.303799592634416471e-02,1.218666241522636806e-02,-2.765813881442036326e-03,2.070586823232911655e-05,2.339040998062119625e-04,-1.648538237475904999e-04
1.980656260870375496e+00,-4.431029009633158378e-01,1.292842249429984602e-02,1.230284911173118445e-02,-2.788462150377729598e-03,1.751591492446524789e-05,2.373044197980095360e-04,-1.668509147671887183e-04
1.983440037766797781e+00,-4.440123813639467731e-01,1.281698249720342186e-02,1.242016449807714640e-02,-2.811198862855718295e-03,1.419925218193451855e-05,2.407509204103569500e-04,-1.688484386014044158e-04
1.986234050684348329e+00,-4.449237470550347906e-01,1.270365105756560142e-02,1.253862051849968795e-02,-2.834021616622467432e-03,1.075202096406657759e-05,2.442444729322465480e-04,-1.708458826885778103e-04
1.989038373888893485e+00,-4.458370059312865008e-01,1.258840289010798585e-02,1.265822927272264309e-02,-2.856927904897776926e-03,7.170256176552980421e-06,2.477859690304881624e-04,-1.728427162978746212e-04
1.991853082679251763e+00,-4.467521659516818788e-01,1.247121229337039283e-02,1.277900301861611965e-02,-2.879915113298547880e-03,3.449883865247471704e-06,2.513763212583161599e-04,-1.748383900034011784e-04
1.994678253407292878e+00,-4.476692351404117920e-01,1.235205314111989527e-02,1.290095417491254892e-02,-2.902980516679670719e-03,-4.132816632529401346e-07,2.550164635760493459e-04,-1.768323351441086766e-04
1.997513963498498857e+00,-4.485882215878338464e-01,1.223089887355807703e-02,1.302409532397835745e-02,-2.926121275888315942e-03,-4.423540796077984893e-06,2.587073518844976161e-04,-1.788239632685428848e-04
2.000360291473000096e+00,-4.495091334514481618e-01,1.210772248831962217e-02,1.314843921464609044e-02,-2.949334434431377661e-03,-8.585311646380766604e-06,2.624499645716357743e-04,-1.808126655633013335e-04
2.003217316967099038e+00,-4.504319789568931309e-01,1.198249653125849079e-02,1.327399876510765298e-02,-2.972616915051157216e-03,-1.290313316526514598e-05,2.662453030722877756e-04,-1.827978122661694238e-04
2.006085120755292550e+00,-4.513567663989599410e-01,1.185519308701504793e-02,1.340078706586766977e-02,-2.995965516208648483e-03,-1.738166833439858117e-05,2.700943924410434405e-04,-1.847787520615762347e-04
2.008963784772804129e+00,-4.522835041426277458e-01,1.172578376935931588e-02,1.352881738276240364e-02,-3.019376908471010923e-03,-2.202570744269660707e-05,2.739982819389627511e-04,-1.867548114599382192e-04
2.011853392138648555e+00,-4.532122006241207091e-01,1.159423971130349451e-02,1.365810316004267833e-02,-3.042847630801009950e-03,-2.684017144910511021e-05,2.779580456346089634e-04,-1.887252941587119759e-04
2.014754027179225471e+00,-4.541428643519865860e-01,1.146053155497933629e-02,1.378865802352424730e-02,-3.066374086745565775e-03,-3.183011543334002269e-05,2.819747830191676741e-04,-1.906894803853781406e-04
2.017665775452472054e+00,-4.550755039081956221e-01,1.132462944127252125e-02,1.392049578380549768e-02,-3.089952540519524948e-03,-3.700073213694365926e-05,2.860496196356657195e-04,-1.926466262218151648e-04
2.020588723772580586e+00,-4.560101279492643211e-01,1.118650299920898039e-02,1.405363043955598634e-02,-3.113579112984071751e-03,-4.235735559748876611e-05,2.901837077233723750e-04,-1.945959629090360243e-04
2.023522960235295542e+00,-4.569467452073997515e-01,1.104612133508631189e-02,1.418807618087614131e-02,-3.137249777514422577e-03,-4.790546487776214946e-05,2.943782268769387644e-04,-1.965366961321074468e-04
2.026468574243810661e+00,-4.578853644916694443e-01,1.090345302134282379e-02,1.432384739273045993e-02,-3.160960355754999229e-03,-5.365068789339733080e-05,2.986343847210040647e-04,-1.984680052847381804e-04
2.029425656535275735e+00,-4.588259946891948271e-01,1.075846608515862446e-02,1.446095865845686834e-02,-3.184706513258001026e-03,-5.959880534114891937e-05,3.029534175999146206e-04,-2.003890427117738238e-04
2.032394299207929578e+00,-4.597686447663683063e-01,1.061112799678001761e-02,1.459942476335090999e-02,-3.208483755003127547e-03,-6.575575472939076960e-05,3.073365912829584268e-04,-2.022989329305280304e-04
2.035374595748882243e+00,-4.607133237700972161e-01,1.046140565756142893e-02,1.473926069833148000e-02,-3.232287420793872323e-03,-7.212763451558412697e-05,3.117852016857741715e-04,-2.041967718291043399e-04
2.038366641062558937e+00,-4.616600408290735258e-01,1.030926538771576029e-02,1.488048166368599601e-02,-3.256112680527417647e-03,-7.872070835254763033e-05,3.163005756075254471e-04,-2.060816258411118929e-04
2.041370531499816288e+00,-4.626088051550684144e-01,1.015467291376628833e-02,1.502310307289855817e-02,-3.279954529334550006e-03,-8.554140944591615003e-05,3.208840714846034059e-04,-2.079525310967056395e-04
2.044386364887765595e+00,-4.635596260442561012e-01,9.997593355691614114e-03,1.516714055656398497e-02,-3.303807782584794461e-03,-9.259634502717384308e-05,3.255370801601223385e-04,-2.098084925480636631e-04
2.047414240560307519e+00,-4.645125128785644320e-01,9.837991213754920805e-03,1.531260996638805771e-02,-3.327667070753770329e-03,-9.989230094412104854e-05,3.302610256700547198e-04,-2.116484830689824292e-04
2.050454259389404399e+00,-4.654674751270541089e-01,9.675830355009545913e-03,1.545952737927730469e-02,-3.351526834148327305e-03,-1.074362463727440709e-04,3.350573660458461278e-04,-2.134714425277989269e-04
2.053506523817106633e+00,-4.664245223473272306e-01,9.511073999471347795e-03,1.560790910152021205e-02,-3.375381317484799082e-03,-1.152353386535132085e-04,3.399275941337182028e-04,-2.152762768325156006e-04
2.056571137888361989e+00,-4.673836641869654196e-01,9.343684705948013258e-03,1.575777167306258164e-02,-3.399224564316127850e-03,-1.232969282556062307e-04,3.448732384302363729e-04,-2.170618569470594839e-04
2.059648207284615395e+00,-4.683449103849994799e-01,9.173624357516702021e-03,1.590913187187925626e-02,-3.423050411303002472e-03,-1.316285638724712381e-04,3.498958639346627653e-04,-2.188270178777179664e-04
2.062737839358240066e+00,-4.693082707734094194e-01,9.000854146639369890e-03,1.606200671844354444e-02,-3.446852482324375133e-03,-1.402379976524203986e-04,3.549970730177542944e-04,-2.205705576291544512e-04
2.065840143167803067e+00,-4.702737552786583342e-01,8.825334559905306797e-03,1.621641348029884133e-02,-3.470624182421971904e-03,-1.491331905682791170e-04,3.601785063069226633e-04,-2.222912361273116089e-04
2.068955229514206628e+00,-4.712413739232562682e-01,8.647025362389454406e-03,1.637236967673338928e-02,-3.494358691573246078e-03,-1.583223179296155969e-04,3.654418435872774928e-04,-2.239877741097434649e-04
2.072083210977720746e+00,-4.722111368273610998e-01,8.465885581616566791e-03,1.652989308356156428e-02,-3.518048958287944838e-03,-1.678137750413810636e-04,3.707888047190036063e-04,-2.256588519810032167e-04
2.075224201955935932e+00,-4.731830542104121795e-01,8.281873491118391106e-03,1.668900173801435294e-02,-3.541687693021322580e-03,-1.776161830136513409e-04,3.762211505697679592e-04,-2.273031086322124805e-04
2.078378318702664096e+00,-4.741571363928001048e-01,8.094946593571628046e-03,1.684971394374124021e-02,-3.565267361398866131e-03,-1.877383947260780062e-04,3.817406839628362247e-04,-2.289191402231743888e-04
2.081545679367813317e+00,-4.751333937975732447e-01,7.905061603504626166e-03,1.701204827592817104e-02,-3.588780177245592951e-03,-1.981895009526835061e-04,3.873492506395181945e-04,-2.305054989250321373e-04
2.084726404038268477e+00,-4.761118369521807892e-01,7.712174429557960842e-03,1.717602358653252947e-02,-3.612218095413066710e-03,-2.089788366497202787e-04,3.930487402354632120e-04,-2.320606916225570471e-04
2.087920614779808837e+00,-4.770924764902551019e-01,7.516240156287212759e-03,1.734165900963918761e-02,-3.635572804397468882e-03,-2.201159874132274652e-04,3.988410872706668608e-04,-2.335831785739983513e-04
2.091128435680092323e+00,-4.780753231534321523e-01,7.317213025490876266e-03,1.750897396694062191e-02,-3.658835718740011123e-03,-2.316107961094771017e-04,4.047282721514888770e-04,-2.350713720266628393e-04
2.094349992892738932e+00,-4.790603877932133603e-01,7.115046417049991634e-03,1.767798817334476080e-02,-3.681997971203804232e-03,-2.434733696849711304e-04,4.107123221841896266e-04,-2.365236347860733002e-04
2.097585414682558991e+00,-4.800476813728686287e-01,6.909692829262098490e-03,1.784872164271439354e-02,-3.705050404716636603e-03,-2.557140861607076765e-04,4.167953125986390006e-04,-2.379382787362077645e-04
2.100834831471947162e+00,-4.810372149693810107e-01,6.701103858653773004e-03,1.802119469373941740e-02,-3.727983564072417932e-03,-2.683436018151019731e-04,4.229793675806156616e-04,-2.393135633099452431e-04
2.104098375888494132e+00,-4.820289997754355626e-01,6.489230179253041575e-03,1.819542795594908391e-02,-3.750787687380852109e-03,-2.813728585629449164e-04,4.292666613116349894e-04,-2.406476939056795272e-04
2.107376182813849752e+00,-4.830230471014532734e-01,6.274021521303935200e-03,1.837144237586429973e-02,-3.773452697256263200e-03,-2.948130915358671000e-04,4.356594190139465028e-04,-2.419388202485189820e-04
2.110668389433883352e+00,-4.840193683776700673e-01,6.055426649402478878e-03,1.854925922329764276e-02,-3.795968191734111485e-03,-3.086758368697206656e-04,4.421599179987301120e-04,-2.431850346919367523e-04
2.113975135290188767e+00,-4.850179751562634367e-01,5.833393340034964680e-03,1.872890009780198151e-02,-3.818323434904929981e-03,-3.229729397058733742e-04,4.487704887154442268e-04,-2.443843704590803467e-04
2.117296562332971810e+00,-4.860188791135273689e-01,5.607868358494277894e-03,1.891038693527374859e-02,-3.840507347252886117e-03,-3.377165624138533939e-04,4.554935157992517913e-04,-2.455347998180507085e-04
2.120632814975389024e+00,-4.870220920520972330e-01,5.378797435153459539e-03,1.909374201471447652e-02,-3.862508495686728383e-03,-3.529191930407016287e-04,4.623314391137695045e-04,-2.466342321892078804e-04
2.123984040149367036e+00,-4.880276259032255703e-01,5.146125241070526046e-03,1.927898796515603586e-02,-3.884315083249434419e-03,-3.685936539954692837e-04,4.692867547852197507e-04,-2.476805121803121734e-04
2.127350387362981099e+00,-4.890354927291101772e-01,4.909795362898650151e-03,1.946614777275262886e-02,-3.905914938491905630e-03,-3.847531109765212065e-04,4.763620162250778445e-04,-2.486714175450877029e-04
2.130732008759442131e+00,-4.900457047252767540e-01,4.669750277074280476e-03,1.965524478804692166e-02,-3.927295504494998646e-03,-4.014110821503324988e-04,4.835598351359618463e-04,-2.496046570607118875e-04
2.134129059177752197e+00,-4.910582742230172881e-01,4.425931323253667893e-03,1.984630273341314588e-02,-3.948443827523573368e-03,-4.185814475878291141e-04,4.908828824959354797e-04,-2.504778683199843092e-04
2.137541696215108811e+00,-4.920732136918849475e-01,4.178278676966268312e-03,2.003934571068377579e-02,-3.969346545294349937e-03,-4.362784589694301829e-04,4.983338895162212068e-04,-2.512886154328319854e-04
2.140970080291118016e+00,-4.930905357422475932e-01,3.926731321451076839e-03,2.023439820896522079e-02,-3.989989874838228978e-03,-4.545167495672575164e-04,5.059156485659258018e-04,-2.520343866305729819e-04
2.144414374713897509e+00,-4.941102531279037424e-01,3.671227018641698425e-03,2.043148511264775147e-02,-4.010359599936869079e-03,-4.733113445145042952e-04,5.136310140568534077e-04,-2.527125917680395073e-04
2.147874745748158176e+00,-4.951323787487588723e-01,3.411702279259049009e-03,2.063063170961759729e-02,-4.030441058110317831e-03,-4.926776713713720834e-04,5.214829032806345133e-04,-2.533205597160109734e-04
2.151351362685339552e+00,-4.961569256535670602e-01,3.148092331973217917e-03,2.083186369967526819e-02,-4.050219127131826635e-03,-5.126315710003159776e-04,5.294742971895943784e-04,-2.538555356368238369e-04
2.154844397915906207e+00,-4.971839070427395701e-01,2.880331091589721781e-03,2.103520720316753856e-02,-4.069678211044897020e-03,-5.331893087595351854e-04,5.376082411122778959e-04,-2.543146781357474850e-04
2.158354027003897890e+00,-4.982133362712202196e-01,2.608351126211549964e-03,2.124068876984214205e-02,-4.088802225652499178e-03,-5.543675860288921342e-04,5.458878453919457918e-04,-2.546950562787586581e-04
2.161880428763843565e+00,-4.992452268514324110e-01,2.332083623327929622e-03,2.144833538792950689e-02,-4.107574583449152827e-03,-5.761835520806390942e-04,5.543162859367040118e-04,-2.549936464670138347e-04
2.165423785340159224e+00,-5.002795924562990493e-01,2.051458354773133541e-03,2.165817449346163492e-02,-4.125978177962841276e-03,-5.986548163075811058e-04,5.628968046683946458e-04,-2.552073291587908521e-04
2.168984282289153853e+00,-5.013164469223378994e-01,1.766403640498265259e-03,2.187023397983578477e-02,-4.143995367470010294e-03,-6.217994608246069088e-04,5.716327098545109786e-04,-2.553328854267566950e-04
2.172562108663776748e+00,-5.023558042528339929e-01,1.476846311090102004e-03,2.208454220763078624e-02,-4.161607958045598910e-03,-6.456360534577432198e-04,5.805273763070661897e-04,-2.553669933379743018e-04
2.176157457101255854e+00,-5.033976786210941912e-01,1.182711668969022023e-03,2.230112801468703276e-02,-4.178797185905164246e-03,-6.701836611378020336e-04,5.895842454302913094e-04,-2.553062241442971558e-04
2.179770523913785674e+00,-5.044420843737832394e-01,8.839234481915758668e-04,2.252002072645720165e-02,-4.195543698992693082e-03,-6.954618637160236982e-04,5.988068250967343298e-04,-2.551470382666232162e-04
2.183401509182430367e+00,-5.054890360343469169e-01,5.804037727757394016e-04,2.274125016664119148e-02,-4.211827537764695206e-03,-7.214907682198401506e-04,6.081986893292506968e-04,-2.548857810586030448e-04
2.187050616854434359e+00,-5.065385483065248939e-01,2.720731134618070701e-04,2.296484666811315911e-02,-4.227628115115150687e-03,-7.482910235694917311e-04,6.177634777632667884e-04,-2.545186783302483269e-04
2.190718054844142060e+00,-5.075906360779569582e-01,-4.114975718652602588e-05,2.319084108415520040e-02,-4.242924195381525543e-03,-7.758838357763697680e-04,6.275048948619910139e-04,-2.540418316128167930e-04
2.194404035137735853e+00,-5.086453144238836099e-01,-3.593478114451154060e-04,2.341926480000749988e-02,-4.257693872366963284e-03,-8.042909836459277706e-04,6.374267088535834347e-04,-2.534512131439764504e-04
2.198108773902043289e+00,-5.097025986109494644e-01,-6.826058149682623366e-04,2.365014974474988207e-02,-4.271914546306793126e-03,-8.335348350100857395e-04,6.475327503557698483e-04,-2.527426605484217603e-04
2.201832491597656372e+00,-5.107625041011086831e-01,-1.011010377326593268e-03,2.388352840352786499e-02,-4.285562899702277662e-03,-8.636383635148847659e-04,6.578269106498335628e-04,-2.519118711890866447e-04
2.205575413096660942e+00,-5.118250465556400952e-01,-1.344650004677566679e-03,2.411943383013842590e-02,-4.298614871934974824e-03,-8.946251659928683431e-04,6.683131395620461879e-04,-2.509543961599081108e-04
2.209337767805265251e+00,-5.128902418392743412e-01,-1.683615154715462081e-03,2.435789965999279882e-02,-4.311045632569315833e-03,-9.265194804497223213e-04,6.789954429053807194e-04,-2.498656338890958839e-04
2.213119789791677672e+00,-5.139581060244400312e-01,-2.027998294057947737e-03,2.459896012347118077e-02,-4.322829553240842282e-03,-9.593462046993961323e-04,6.898778794300342021e-04,-2.486408233185466443e-04
2.216921717919582147e+00,-5.150286553956310298e-01,-2.377893958245391737e-03,2.484265005968994133e-02,-4.333940178017442468e-03,-9.931309156823997508e-04,7.009645572253336843e-04,-2.472750366216969198e-04
2.220743795987625280e+00,-5.161019064539051904e-01,-2.733398814541543320e-03,2.508900493070065352e-02,-4.344350192111767761e-03,-1.027899889506272979e-03,7.122596295091043750e-04,-2.457631714172237025e-04
2.224586272875338722e+00,-5.171778759215155397e-01,-3.094611727743973306e-03,2.533806083614215110e-02,-4.354031388808493608e-03,-1.063680122250276749e-03,7.237672897336261402e-04,-2.440999424341838697e-04
2.228449402695975134e+00,-5.182565807466821273e-01,-3.461633829232008130e-03,2.558985452836759489e-02,-4.362954634458959813e-03,-1.100499351579325991e-03,7.354917659313647826e-04,-2.422798725764951921e-04
2.232333444956782653e+00,-5.193380381085147546e-01,-3.834568589501125002e-03,2.584442342807458104e-02,-4.371089831380209345e-03,-1.138386079217290625e-03,7.474373142127010983e-04,-2.402972833323857582e-04
2.236238664727282277e+00,-5.204222654220869160e-01,-4.213521894456478956e-03,2.610180564046049589e-02,-4.378405878480734481e-03,-1.177369594331845182e-03,7.596082113211360953e-04,-2.381462844668891243e-04
2.240165332816176136e+00,-5.215092803436763846e-01,-4.598602125766293458e-03,2.636203997193747872e-02,-4.384870629415171805e-03,-1.217479997889348020e-03,7.720087461391550443e-04,-2.358207629297448538e-04
2.244113725957573191e+00,-5.225991007761769946e-01,-4.989920245601325854e-03,2.662516594743330467e-02,-4.390450848052895871e-03,-1.258748228043504724e-03,7.846432100278161181e-04,-2.333143709046248127e-04
2.248084127007275335e+00,-5.236917448746911674e-01,-5.387589886122673422e-03,2.689122382831587998e-02,-4.395112161022785013e-03,-1.301206086626982561e-03,7.975158858706671294e-04,-2.306205129167238077e-04
2.252076825149960548e+00,-5.247872310523153949e-01,-5.791727444112521050e-03,2.716025463097637704e-02,-4.398819007072840570e-03,-1.344886266819722564e-03,8.106310356778972936e-04,-2.277323319095081455e-04
2.256092116118151747e+00,-5.258855779861258961e-01,-6.202452181181927759e-03,2.743230014611158785e-02,-4.401534582958166464e-03,-1.389822382076605356e-03,8.239928865925727486e-04,-2.246426941893697737e-04
2.260130302423981163e+00,-5.269868046233812109e-01,-6.619886330033991628e-03,2.770740295874907222e-02,-4.403220785539341264e-03,-1.436048996404981626e-03,8.376056151226246582e-04,-2.213441731290233250e-04
2.264191693604828970e+00,-5.280909301879510576e-01,-7.044155207306002087e-03,2.798560646906322891e-02,-4.403838149744765396e-03,-1.483601656088073817e-03,8.514733294045923051e-04,-2.178290315074105088e-04
2.268276606484039171e+00,-5.291979741869863307e-01,-7.475387333567923287e-03,2.826695491403219407e-02,-4.403345782012013654e-03,-1.532516922962051664e-03,8.656000492846954719e-04,-2.140892023527185550e-04
2.272385365448037930e+00,-5.303079564178461158e-01,-7.913714561111118151e-03,2.855149338999257713e-02,-4.401701288787113198e-03,-1.582832409363299497e-03,8.799896839782606062e-04,-2.101162681406587573e-04
2.276518302741288746e+00,-5.314208969752982625e-01,-8.359272210224921729e-03,2.883926787615420650e-02,-4.398860699615037007e-03,-1.634586814875021998e-03,8.946460070461403902e-04,-2.059014381835255758e-04
2.280675758780698725e+00,-5.325368162590108367e-01,-8.812199214729893315e-03,2.913032525914105442e-02,-4.394778384310293884e-03,-1.687819965011577716e-03,9.095726283965543946e-04,-2.014355240310128359e-04
2.284858082491210141e+00,-5.336557349813551010e-01,-9.272638277611128244e-03,2.942471335863033888e-02,-4.389406963641567794e-03,-1.742572851995832783e-03,9.247729629910800275e-04,-1.967089126843624136e-04
2.289065631664529477e+00,-5.347776741755405627e-01,-9.740736037683689341e-03,2.972248095417195923e-02,-4.382697212908709394e-03,-1.798887677796318085e-03,9.402501959000914011e-04,-1.917115374034106257e-04
2.293298773343098507e+00,-5.359026552041070701e-01,-1.021664324831383919e-02,3.002367781327336393e-02,-4.374597957724518649e-03,-1.856807899611429002e-03,9.560072433142802195e-04,-1.864328458641983932e-04
2.297557884231667735e+00,-5.370306997677981586e-01,-1.070051496932392099e-02,3.032835472084716155e-02,-4.365055961245783989e-03,-1.916378278001479307e-03,9.720467090781476083e-04,-1.808617654001642983e-04
2.301843351139037264e+00,-5.381618299148451801e-01,-1.119251077332444888e-02,3.063656351012539192e-02,-4.354015802019023385e-03,-1.977644927892069360e-03,9.883708362661558500e-04,-1.749866650321285633e-04
2.306155571452807251e+00,-5.392960680506915239e-01,-1.169279496784336736e-02,3.094835709515469935e-02,-4.341419741520941011e-03,-2.040655372694016867e-03,1.004981453270520353e-03,-1.687953139597742069e-04
2.310494953650271022e+00,-5.404334369481920142e-01,-1.220153683475921902e-02,3.126378950499930642e-02,-4.327207580378383822e-03,-2.105458601807441710e-03,1.021879913814513485e-03,-1.622748361554682273e-04
2.314861917848890727e+00,-5.415739597583227871e-01,-1.271891088870394371e-02,3.158291591978834578e-02,-4.311316502149914465e-03,-2.172105131807572365e-03,1.039067030243520651e-03,-1.554116606629352138e-04
2.319256896400160972e+00,-5.427176600214446145e-01,-1.324509715626542850e-02,3.190579270876003903e-02,-4.293680903434571317e-03,-2.240647071635820664e-03,1.056542999377810266e-03,-1.481914671614958934e-04
2.323680334531034841e+00,-5.438645616791601967e-01,-1.378028147801285686e-02,3.223247747046820155e-02,-4.274232208945544231e-03,-2.311138192153422422e-03,1.074307320136191901e-03,-1.405991263117023493e-04
2.328132691037544166e+00,-5.450146890868190486e-01,-1.432465583557021582e-02,3.256302907533342728e-02,-4.252898670048133045e-03,-2.383634000452550250e-03,1.092358702055193365e-03,-1.326186343463542361e-04
2.332614439035686882e+00,-5.461680670267187176e-01,-1.487841870619524554e-02,3.289750771073918223e-02,-4.229605145103648711e-03,-2.458191819356830843e-03,1.110694963739222718e-03,-1.242330413160630531e-04
2.337126066775192967e+00,-5.473247207220642840e-01,-1.544177544757224796e-02,3.323597492889401872e-02,-4.204272859793245498e-03,-2.534870872587413615e-03,1.129312920173763946e-03,-1.154243723382741837e-04
2.341668078522358698e+00,-5.484846758517483156e-01,-1.601493871580314532e-02,3.357849369770010695e-02,-4.176819145402410616e-03,-2.613732376120336820e-03,1.148208257722008185e-03,-1.061735411252429095e-04
2.346240995518758421e+00,-5.496479585660237754e-01,-1.659812891989370653e-02,3.392512845489614737e-02,-4.147157152842195771e-03,-2.694839636312479358e-03,1.167375395503086888e-03,-9.646025499832067140e-05
2.350845357023364279e+00,-5.508145955031461538e-01,-1.719157471636501011e-02,3.427594516576604189e-02,-4.115195539950905479e-03,-2.778258155432644649e-03,1.186807331712086411e-03,-8.626291050728429610e-05
2.355481721446360144e+00,-5.519846138070725328e-01,-1.779551354799829843e-02,3.463101138473595464e-02,-4.080838129366409772e-03,-2.864055745299354250e-03,1.206495473292684695e-03,-7.555847868473408724e-05
2.360150667583799766e+00,-5.531580411463090652e-01,-1.841019223113260495e-02,3.499039632121492271e-02,-4.043983533979972345e-03,-2.952302649797372558e-03,1.226429447205676371e-03,-6.432237886158653772e-05
2.364852795963196197e+00,-5.543349057340125619e-01,-1.903586759639080972e-02,3.535417091006748391e-02,-4.004524746669707591e-03,-3.043071677125197549e-03,1.246596891354270764e-03,-5.252833986138516487e-05
2.369588730311178004e+00,-5.555152363494593182e-01,-1.967280718821298735e-02,3.572240788715064230e-02,-3.962348690673855867e-03,-3.136438342711822536e-03,1.266983223023029903e-03,-4.014824726236709829e-05
2.374359119155478481e+00,-5.566990623610053035e-01,-2.032129002913027338e-02,3.609518187038407433e-02,-3.917335726584925126e-03,-3.232481023836636380e-03,1.287571382464269831e-03,-2.715197528582735664e-05
2.379164637574809227e+00,-5.578864137506788223e-01,-2.098160745532542948e-02,3.647256944687998770e-02,-3.869359111529385720e-03,-3.331281127094326555e-03,1.308341549018821048e-03,-1.350720171205965769e-05
2.384005989111556811e+00,-5.590773211405550835e-01,-2.165406403070313512e-02,3.685464926670178887e-02,-3.818284405637695222e-03,-3.432923269961918322e-03,1.329270826883360845e-03,8.207959366068884322e-07
2.388883907863778688e+00,-5.602718158210792110e-01,-2.233897854743882583e-02,3.724150214388688429e-02,-3.763968820405222404e-03,-3.537495477853092041e-03,1.350332897338282767e-03,1.586936489192392052e-05
2.393799160774692680e+00,-5.614699297815257673e-01,-2.303668512179551930e-02,3.763321116542917011e-02,-3.706260502980618377e-03,-3.645089398191969643e-03,1.371497633914114944e-03,3.167872446552255639e-05
2.398752550139712447e+00,-5.626716957427950749e-01,-2.374753439491275597e-02,3.802986180899015078e-02,-3.644997749803841058e-03,-3.755800533190467583e-03,1.392730676610109963e-03,4.829223857774622708e-05
2.403744916353166339e+00,-5.638771471927708223e-01,-2.447189484926823311e-02,3.843154207018323332e-02,-3.580008142332335996e-03,-3.869728493190116581e-03,1.413992960871551796e-03,6.575671611044886511e-05
2.408777140919128534e+00,-5.650863184244845350e-01,-2.521015425262382315e-02,3.883834260036655994e-02,-3.511107596842005796e-03,-3.986977272621261559e-03,1.435240196585960137e-03,8.412274198008051762e-05
2.413850149753287155e+00,-5.662992445773613603e-01,-2.596272124248572011e-02,3.925035685597189072e-02,-3.438099319460624637e-03,-4.107655550841388115e-03,1.456422291864462037e-03,1.034450421280030952e-04
2.418964916805603771e+00,-5.675159616818441499e-01,-2.673002706545754559e-02,3.966768126050257415e-02,-3.360772656672311731e-03,-4.231877020350716112e-03,1.477482715828912219e-03,1.237828859585177188e-04
2.424122468036542521e+00,-5.687365067077271297e-01,-2.751252748735180664e-02,4.009041538045282627e-02,-3.278901830522235050e-03,-4.359760745138663296e-03,1.498357794023796874e-03,1.452005301251779734e-04
2.429323885783072789e+00,-5.699609176165626456e-01,-2.831070489156597980e-02,4.051866211652510597e-02,-3.192244546634054325e-03,-4.491431552202385102e-03,1.518975929409638326e-03,1.677677079700290452e-04
2.434570313554370813e+00,-5.711892334185432185e-01,-2.912507058503871482e-02,4.095252791166809070e-02,-3.100540461921708069e-03,-4.627020459587405377e-03,1.539256741158956387e-03,1.915601693723012477e-04
2.439862961301284550e+00,-5.724214942343005541e-01,-2.995616733310002555e-02,4.139212297761024617e-02,-3.003509497518125348e-03,-4.766665144652071362e-03,1.559110112669098713e-03,2.166602762562475082e-04
2.445203111208164692e+00,-5.736577413621095634e-01,-3.080457214673312794e-02,4.183756154173867703e-02,-2.900849980942532547e-03,-4.910510456636929533e-03,1.578435139313161262e-03,2.431576595571249833e-04
2.450592124060704702e+00,-5.748980173510349623e-01,-3.167089934819733443e-02,4.228896211636334890e-02,-2.792236599875846936e-03,-5.058708978042919524e-03,1.597118965465119111e-03,2.711499440479214762e-04
2.456031446248968297e+00,-5.761423660806149760e-01,-3.255580394364454566e-02,4.274644779261610461e-02,-2.677318148085583438e-03,-5.211421639789576288e-03,1.615035499247560735e-03,3.007435480965603425e-04
2.461522617470891738e+00,-5.773908328477359575e-01,-3.345998533432065214e-02,4.321014656146632271e-02,-2.555715042029560458e-03,-5.368818395634994411e-03,1.632043992251502873e-03,3.320545661599227927e-04
2.467067279208311703e+00,-5.786434644614191214e-01,-3.438419140121146134e-02,4.368019166458986247e-02,-2.427016584442609481e-03,-5.531078961911350955e-03,1.647987470154280154e-03,3.652097426341260888e-04
2.472667184054989420e+00,-5.799003093463155345e-01,-3.532922300159255236e-02,4.415672197811038036e-02,-2.290777948760092109e-03,-5.698393629251313763e-03,1.662690998699700717e-03,4.003475465780836906e-04
2.478324205984339557e+00,-5.811614176557875489e-01,-3.629593891991952925e-02,4.463988243254513044e-02,-2.146516855526664491e-03,-5.870964153675828356e-03,1.675959767893281382e-03,4.376193578185527677e-04
2.484040351653600709e+00,-5.824268413955445700e-01,-3.728526131988046943e-02,4.512982447262958718e-02,-1.993709908951313281e-03,-6.049004735172669456e-03,1.687576975487617426e-03,4.771907760374449747e-04
2.489817772851203870e+00,-5.836966345589007510e-01,-3.829818174926841179e-02,4.562670656107276068e-02,-1.831788558479208184e-03,-6.232743092741355184e-03,1.697301488869665254e-03,5.192430656512647680e-04
2.495658780205105565e+00,-5.849708532748352230e-01,-3.933576775466665620e-02,4.613069473071718107e-02,-1.660134646617239529e-03,-6.422421645801590362e-03,1.704865262296670347e-03,5.639747506231418406e-04
2.501565858281999954e+00,-5.862495559701501602e-01,-4.039917016883015632e-02,4.664196319003510727e-02,-1.478075500241760043e-03,-6.618298812895162531e-03,1.709970484039091687e-03,6.116033748202742704e-04
2.507541682220762347e+00,-5.875328035471650834e-01,-4.148963114013698439e-02,4.716069498740610433e-02,-1.284878518194892960e-03,-6.820650439737563353e-03,1.712286425354217489e-03,6.623674451523564599e-04
2.513589136058245188e+00,-5.888206595785248076e-01,-4.260849298064678381e-02,4.768708274017724458e-02,-1.079745203100529460e-03,-7.029771369923359936e-03,1.711445960303675795e-03,7.165285765181050870e-04
2.519711332921884317e+00,-5.901131905208675255e-01,-4.375720791720308367e-02,4.822132943513329773e-02,-8.618045799498874615e-04,-7.245977172967127400e-03,1.707041722224245106e-03,7.743738595653304468e-04
2.525911637281553990e+00,-5.914104659492760430e-01,-4.493734883873337638e-02,4.876364930768234407e-02,-6.301059380715012814e-04,-7.469606045882787315e-03,1.698621859119703315e-03,8.362184744516443224e-04
2.532193689472975073e+00,-5.927125588146366919e-01,-4.615062114250967351e-02,4.931426880782208144e-02,-3.836108265540538742e-04,-7.701020906177052927e-03,1.685685346339407809e-03,9.024085762013855927e-04
2.538561432726869960e+00,-5.940195457262456014e-01,-4.739887579273385776e-02,4.987342766177937925e-02,-1.211842259722373250e-04,-7.940611695984922669e-03,1.667676810602591875e-03,9.733244799142171111e-04
2.545019142962197556e+00,-5.953315072622469284e-01,-4.868412371650723824e-02,5.044138003913734014e-02,1.584151887019380478e-04,-8.188797919115337054e-03,1.643980814677009628e-03,1.049384177011142283e-03
2.551571461628442172e+00,-5.966485283107519910e-01,-5.000855167513623689e-02,5.101839583627715280e-02,4.565457879013856690e-04,-8.446031435026063461e-03,1.613915546780891885e-03,1.131047216944430778e-03
2.558223431911298640e+00,-5.979706984447830109e-01,-5.137453976294925617e-02,5.160476208807585063e-02,7.746948335684566977e-04,-8.712799536231968789e-03,1.576725852998686617e-03,1.218818992366421661e-03
2.564980538648481634e+00,-5.992981123345084704e-01,-5.278468070148487068e-02,5.220078452103732447e-02,1.114491545834844777e-03,-8.989628338389205053e-03,1.531575544624227958e-03,1.313255469695434607e-03
2.571848752338097732e+00,-6.006308702005960232e-01,-5.424180111420809358e-02,5.280678926239301685e-02,1.477721516335406271e-03,-9.277086515326188332e-03,1.477538905315961548e-03,1.414968411368122680e-03
2.578834577661433869e+00,-6.019690783129013623e-01,-5.574898498598615526e-02,5.342312472120758216e-02,1.866342607210774718e-03,-9.575789414621421747e-03,1.413591315191600750e-03,1.524631140862764411e-03
2.585945106985420683e+00,-6.033128495391502089e-01,-5.730959953259093242e-02,5.405016365917925114e-02,2.282502489185128658e-03,-9.886403593012627056e-03,1.338598900438150996e-03,1.642984906876032714e-03
2.593188079357945153e+00,-6.046623039487448725e-01,-5.892732372869211033e-02,5.468830547065195447e-02,2.728557987913493577e-03,-1.020965181498087460e-02,1.251307107579965883e-03,1.770845908878965203e-03
2.600571945561988230e+00,-6.060175694773595190e-01,-6.060617976837923138e-02,5.533797869336443132e-02,3.207096425221572789e-03,-1.054631856232657316e-02,1.150328091142766018e-03,1.909113052719402237e-03
2.608105939852810806e+00,-6.073787826585734795e-01,-6.235056776046027371e-02,5.599964377368582547e-02,3.720959161082143529e-03,-1.089725610749936457e-02,1.034126791980380378e-03,2.058776512055354724e-03
2.615800159066610231e+00,-6.087460894294315361e-01,-6.416530399188027922e-02,5.667379611253658966e-02,4.273267563367239008e-03,-1.126339120889008338e-02,9.010055708777026107e-04,2.220927179247350614e-03
2.623665649859876936e+00,-6.101196460175318803e-01,-6.605566312689478692e-02,5.736096942088741990e-02,4.867451655786086961e-03,-1.164573249230099750e-02,7.490872480910848452e-04,2.396767097992691387e-03
2.631714504916733866e+00,-6.114996199180278147e-01,-6.802742474743964096e-02,5.806173941671599614e-02,5.507281720187773288e-03,-1.204537858944362827e-02,5.762963841016710553e-04,2.587620979536214838e-03
2.639959969047602772e+00,-6.128861909697889132e-01,-7.008692468182764479e-02,5.877672789858207070e-02,6.196903157823008268e-03,-1.246352711162274085e-02,3.803386198917291239e-04,2.794948914826456132e-03
2.648416556197442873e+00,-6.142795525409221469e-01,-7.224111161485752275e-02,5.950660723460171608e-02,6.940874945486619207e-03,-1.290148454482881180e-02,1.586778763444374185e-04,3.020360406605276937e-03
2.657100178486385023e+00,-6.156799128349009775e-01,-7.449760952309480988e-02,6.025210530960312116e-02,7.744212057007093808e-03,-1.336067716135838634e-02,-9.148880825847471865e-05,3.265629858239887939e-03
2.666028288520945644e+00,-6.170874963297128257e-01,-7.686478653494469016e-02,6.101401097764441728e-02,8.612432258629565407e-03,-1.384266305288983645e-02,-3.732590464134155628e-04,3.532713670247711324e-03
2.675220036341109608e+00,-6.185025453637068571e-01,-7.935183087672334490e-02,6.179318007194045670e-02,9.551607728829597521e-03,-1.434914540076120959e-02,-6.900557440954330213e-04,3.823769111059610593e-03
2.684696442508752501e+00,-6.199253218832365686e-01,-8.196883463382667601e-02,6.259054202959668523e-02,1.056842199938207161e-02,-1.488198711113031258e-02,-1.045660914482687831e-03,4.141175145774500521e-03
2.694480588997350878e+00,-6.213561093687416381e-01,-8.472688613093948273e-02,6.340710719445818988e-02,1.167023276554238209e-02,-1.544322695585115257e-02,-1.444252989689698286e-03,4.487555425633893424e-03
2.704597829713265789e+00,-6.227952149576244656e-01,-8.763817181773422837e-02,6.424397486789934497e-02,1.286514116945622344e-02,-1.603509737441802252e-02,-1.890447991103993974e-03,4.865803661874334995e-03
2.715076022666597311e+00,-6.242429717841702086e-01,-9.071608863745411755e-02,6.510234218455585031e-02,1.416206822293111789e-02,-1.666004410832436222e-02,-2.389344955975564178e-03,5.279111630704630409e-03
2.725945786016566785e+00,-6.256997415588312350e-01,-9.397536795603109172e-02,6.598351389792989075e-02,1.557083910407078275e-02,-1.732074785683437868e-02,-2.946576058756297800e-03,5.731000081608927932e-03
2.737240780444471611e+00,-6.271659174114997404e-01,-9.743221223989120827e-02,6.688891316952216837e-02,1.710227613763493082e-02,-1.802014816262004215e-02,-3.568361910719533570e-03,6.225352849262205668e-03
2.748998020558675037e+00,-6.286419270259168135e-01,-1.011044457924058781e-01,6.782009346478190537e-02,1.876830135206006278e-02,-1.876146975717402077e-02,-4.261572571036501000e-03,6.766454500308993758e-03
2.761258218313193957e+00,-6.301282360951581119e-01,-1.050116809932025719e-01,6.877875166977387433e-02,2.058204959764473041e-02,-1.954825161956685875e-02,-5.033794857207035678e-03,7.359031880408567483e-03
2.774066161726894908e+00,-6.316253521312100716e-01,-1.091755016325223204e-01,6.976674255417159021e-02,2.255799331133290231e-02,-2.038437902820347536e-02,-5.893406603068279681e-03,8.008299964610138266e-03
2.787471132526881057e+00,-6.331338286650405323e-01,-1.136196650959031273e-01,7.078609471908364759e-02,2.471208012477915661e-02,-2.127411891399558219e-02,-6.849658579101372546e-03,8.720012455655845596e-03
2.801527366710685918e+00,-6.346542698773038893e-01,-1.183703253342186512e-01,7.183902818244830568e-02,2.706188463499045738e-02,-2.222215885507661248e-02,-7.912764863051494069e-03,9.500517620602944024e-03
2.816294562430713633e+00,-6.361873357039447008e-01,-1.234562787522003879e-01,7.292797377041171369e-02,2.962677579198680355e-02,-2.323365008815667099e-02,-9.094002529664357848e-03,1.035681990666253993e-02
2.831838440054966988e+00,-6.377337474654959371e-01,-1.289092353669018254e-01,7.405559450039478353e-02,3.242810150686420423e-02,-2.431425495015243632e-02,-1.040582161739216083e-02,1.129664793283566282e-02
2.848231359754668901e+00,-6.392942940738848279e-01,-1.347641178281629160e-01,7.522480916060769740e-02,3.548939224779770751e-02,-2.547019920623222466e-02,-1.186196642806712498e-02,1.232852951532814600e-02
2.865553002516572967e+00,-6.408698388760721842e-01,-1.410593911582842808e-01,7.643881831178206410e-02,3.883658557242961051e-02,-2.670832976726600361e-02,-1.347760932371259990e-02,1.346187445243327008e-02
