1.160022148823799393e+00,-2.334851170170682000e-04,1.799673671945209441e-05,1.111874741573266878e-05,2.321328349869436480e-06,2.505305985367554250e-06,-6.892653578410672111e-07,1.080422328763848763e-06,-5.921964639061215452e-07,8.131311634920757037e-07,-5.661684242866914241e-07,5.761165722244915299e-07,-4.605310758958036654e-07,4.740434621794756276e-07,-3.910832055212254410e-07,3.714310728569758524e-07,-3.204126469424917190e-07,3.073446510765132089e-07,-2.653927170790694456e-07,2.449483166369614828e-07,-2.142047815880711303e-07,1.975726352208828640e-07,-1.707673021887666856e-07,1.525636891090698111e-07,-1.304794228601221032e-07,1.142602981058296607e-07,-9.443519947147441251e-08,7.821999976811294664e-08,-6.065755635189379325e-08,4.544928505160333865e-08,-2.942551445301450075e-08,1.464702615444624101e-08
1.159938209160954692e+00,-5.800442933805265155e-04,1.779743087712212790e-05,1.204638058993449945e-05,7.069724992861707233e-06,5.609476035150920761e-06,2.740456523439051273e-06,1.868679788596429303e-06,4.359704186963735129e-07,6.613797655838880851e-07,1.265795115715749597e-07,4.237152625838000453e-07,-3.607546013219969927e-08,2.400922991712198251e-07,-5.885802967925402029e-08,1.866441720621558886e-07,-7.439737686326663990e-08,1.284965055262099476e-07,-6.680158615157694157e-08,1.040877257926786648e-07,-6.092395011744744515e-08,7.647081943108063884e-08,-4.968899049260112194e-08,6.011480015557027490e-08,-4.013801423565291349e-08,4.298598383668805756e-08,-2.922176825449936122e-08,2.982107719876753160e-08,-1.936327291909845094e-08,1.700082699011146170e-08,-9.354660538384018675e-09,5.516842885300299315e-09
1.159902761271595084e+00,-9.667039298323250318e-04,1.370889207401304599e-05,9.162818458845894964e-06,5.626614529963920239e-06,4.723549701092901246e-06,3.560148545675000803e-06,3.445837869279306728e-06,2.239477436239648706e-06,1.577363906935403542e-06,6.426346589932449560e-07,6.079550470073150081e-07,2.984973160313764140e-07,3.810723607439517324e-07,1.006081295738814330e-07,2.006698844453369546e-07,4.206792817568194565e-08,1.475110488063924308e-07,2.504422351792823243e-09,9.233578061526581671e-08,-7.723157967971447380e-09,7.155741146760291604e-08,-1.507064081905998276e-08,4.831651076193238525e-08,-1.401269278031563176e-08,3.596056712259695920e-08,-1.264649807786307964e-08,2.307976234043260244e-08,-8.540437542066403598e-09,1.346409466990855508e-08,-4.537420296261973629e-09,4.249956060686788106e-09
1.159889276219352228e+00,-1.353359977236220923e-03,1.119741622002817794e-05,6.801104597430399079e-06,4.783657451798038404e-06,3.988570978468840983e-06,2.492142227733269016e-06,2.177980568087789850e-06,1.884807638088525222e-06,2.175955538263191213e-06,1.667405677381345735e-06,1.252906760696240185e-06,6.088800327975346649e-07,5.314945388523728553e-07,3.221324163492356174e-07,3.432496935296125429e-07,1.403820208273343084e-07,1.816237181276325607e-07,7.560851297654103131e-08,1.303900767930105120e-07,3.069879364494924878e-08,7.865234287647571154e-08,1.436654999944966121e-08,5.821587311695408662e-08,2.507650360148230839e-09,3.685257156512897203e-08,-4.644660384924524654e-10,2.499243831333153310e-08,-2.275366995513339319e-09,1.346348175394057600e-08,-1.252084924456553505e-09,4.357858601755637551e-09
1.159881768171590277e+00,-1.740016488818524332e-03,1.113530951759103549e-05,5.683213439399217859e-06,3.540824322052467735e-06,3.069921498105327579e-06,2.469383992145107731e-06,2.179701844022942717e-06,1.257000150094948060e-06,1.033792955379420064e-06,9.762532883796082306e-07,1.370022612013927638e-06,1.189933384908824221e-06,9.520893813281042228e-07,5.030404483137573823e-07,4.354051321431295918e-07,2.881560828282836439e-07,2.919464458517317951e-07,1.384125210592002109e-07,1.574173035222281580e-07,7.984667661515426618e-08,1.119415774138154962e-07,3.797531938573312643e-08,6.646564973964222411e-08,2.095209197783796939e-08,4.686735555377297135e-08,8.520231864603180355e-09,2.767319683821822807e-08,4.080169609295414279e-09,1.576859141351472093e-08,1.029608607573673229e-09,4.825970796595857593e-09
1.159880360092989227e+00,-2.126674615327738688e-03,1.094342888050339746e-05,5.059397093351222785e-06,3.390215028344989792e-06,2.584439593856027728e-06,1.735797637627059520e-06,1.693759571782952125e-06,1.483887326426350933e-06,1.349795145514417344e-06,6.783342073593198740e-07,4.575700301829264960e-07,4.493744680932748592e-07,8.357812531414182677e-07,8.153789223218355087e-07,6.957083232006500140e-07,3.832392683200680494e-07,3.376395300361267893e-07,2.331200032010434520e-07,2.347865580426544696e-07,1.176523029412616939e-07,1.287643321022310938e-07,6.998422340254162322e-08,9.070815969831544368e-08,3.481815961253482278e-08,5.290094951784958532e-08,1.970323062908466150e-08,3.467758114689134530e-08,8.589154752887406818e-09,1.780612687851679254e-08,3.728346297492135530e-09,5.703153352354384253e-09
1.159881424002618733e+00,-2.513335808468578764e-03,1.167452330855939246e-05,4.696308026495149557e-06,2.906897875146630811e-06,2.268127187844606180e-06,1.737537607060350708e-06,1.448299668663395601e-06,9.630647217137577876e-07,1.019384921094670937e-06,9.692392063222546317e-07,9.136924326684503495e-07,3.903597445313253256e-07,1.604893054016690024e-07,1.391118402103985741e-07,4.751884351006374629e-07,5.281824467934237433e-07,4.858203294377805292e-07,2.713123175091328165e-07,2.481523501823845734e-07,1.741215694128772640e-07,1.787256492125771645e-07,9.009670195059965581e-08,9.912094674604035593e-08,5.423125024278750012e-08,6.843255809848430848e-08,2.689302083721265349e-08,3.829307337497797614e-08,1.460634225982498924e-08,2.148827569874167676e-08,5.394203241200490329e-09,6.429580388933597845e-09
1.159886311335435183e+00,-2.900001235498283342e-03,1.219302536733038456e-05,4.487923795199258437e-06,2.897676977418319963e-06,2.049675181294615539e-06,1.422363226629818483e-06,1.275451473225358567e-06,1.026987316656707838e-06,8.847504709805394107e-07,5.543921789224158514e-07,6.349035775905786938e-07,6.650532823788968262e-07,6.662795870304716317e-07,2.516883758907351165e-07,1.972239077607795821e-08,-3.448281701151634238e-08,2.349924365790956315e-07,3.133089520063886413e-07,3.192163322753710508e-07,1.754734316320501891e-07,1.712699763990743751e-07,1.193568673579607775e-07,1.278248907155693503e-07,6.221019297435442102e-08,7.100723219697138711e-08,3.723075167041609013e-08,4.666958354059697056e-08,1.742112632537734518e-08,2.318428780987563664e-08,7.761304075988573192e-09,7.419877330605562094e-09
1.159893088983506182e+00,-3.286672210635999125e-03,1.327493443529711992e-05,4.379241771830522101e-06,2.639862807748884904e-06,1.892638128875995251e-06,1.443363564373762592e-06,1.148562588712889743e-06,8.007979003690594844e-07,7.820317005180314751e-07,6.477828687475803426e-07,5.629676234370634136e-07,3.110876661549522026e-07,3.918669120427792363e-07,4.663849119089513717e-07,5.165560853642725547e-07,1.946225064441975405e-07,-2.687509391419151683e-08,-1.151516904889134107e-07,8.414206112243582947e-08,1.595819956105685999e-07,1.920077013287113665e-07,9.864415187639530291e-08,1.084101709401472102e-07,7.265624364140039343e-08,8.394940724108963803e-08,3.734423612217815241e-08,4.566692434664412770e-08,2.148042122646076635e-08,2.625918708431401738e-08,8.086160105218176408e-09,7.728722301036938802e-09
1.159902889012275784e+00,-3.673349889488756320e-03,1.420084345954766847e-05,4.338038662466889295e-06,2.669765770162840779e-06,1.778060262229040275e-06,1.258826023487098766e-06,1.050435614991396954e-06,8.390660917361250637e-07,7.046448812090058689e-07,4.729547536728821722e-07,4.978711214001854679e-07,4.219409210142952005e-07,3.652414121814787085e-07,1.557016745049044637e-07,2.250019822264137659e-07,3.221062091010584716e-07,4.155178546516591354e-07,1.791049161160504499e-07,-1.752970529844688485e-08,-1.311712572605455707e-07,2.169788858134846787e-09,5.869878074370952353e-08,1.008061850690626648e-07,4.185497220728431889e-08,5.981302402457630563e-08,3.587400097316596759e-08,4.781331954537351714e-08,1.727809228416893328e-08,2.361626391233356825e-08,8.402996925886696555e-09,7.878971107488919046e-09
1.159914443370704262e+00,-4.060035511598395624e-03,1.553279152650965944e-05,4.344710060664655482e-06,2.514587135089580566e-06,1.693247838227681865e-06,1.284238435103526171e-06,9.739976872212823683e-07,7.016190946718819932e-07,6.415581923317759117e-07,5.200269227296182295e-07,4.493005062037105923e-07,2.786132763839266335e-07,3.212027557888963436e-07,2.801595603667272893e-07,2.408046675395070224e-07,5.393663638636470026e-08,1.030058589743254593e-07,2.048228803395654718e-07,3.329236497578297316e-07,1.766658535228785715e-07,1.879070394075754713e-08,-1.053161705938561454e-07,-2.759443351986815007e-08,3.257025820162413876e-09,4.249016474951183842e-08,5.602331906652720239e-09,2.562122495023896884e-08,1.044777506002680934e-08,2.022961782810472897e-08,3.717955772246372970e-09,5.972525800312933342e-09
1.159928645862218666e+00,-4.446730226106591216e-03,1.675707566375569946e-05,4.386184119992142527e-06,2.560297108457169901e-06,1.630767822092876393e-06,1.160904036120319338e-06,9.126606595128219923e-07,7.315067591198189112e-07,5.911758690006589656e-07,4.123774450148949555e-07,4.074571001745630472e-07,3.306596541999620720e-07,2.909170777141284470e-07,1.562582248836041909e-07,2.071690940047554719e-07,1.903759452234754512e-07,1.655575170775303029e-07,-8.952728002952631270e-09,1.263482463965959202e-08,1.017938501891076791e-07,2.506033407005670011e-07,1.659666006298280219e-07,5.714419974408094238e-08,-5.950524458668126487e-08,-2.224470319034908827e-08,-1.552238732048603215e-08,1.304930755076025295e-08,-1.012312086587363602e-08,6.291554109291719321e-09,-1.638551182757408409e-09,3.514586760511306807e-09
1.159944582346524200e+00,-4.833435239150953022e-03,1.829763961189515009e-05,4.453780225720585517e-06,2.464379844408295939e-06,1.584893118132622153e-06,1.185773034001295911e-06,8.635435618012908543e-07,6.370185622293911276e-07,5.488915665553470435e-07,4.452116250737610248e-07,3.741572061066733568e-07,2.429607223308066777e-07,2.626239258441548374e-07,2.117711152931078811e-07,1.896175975402147884e-07,7.719894171837049512e-08,1.323489363797003548e-07,1.352122709539181622e-07,1.270595770125337864e-07,-3.750180057379010057e-08,-4.730367587652689609e-08,1.302334178118671332e-08,1.627471850600831216e-07,1.345805344477122439e-07,7.737173060855424833e-08,-1.524076703951710368e-08,-1.165525514643106497e-09,-9.974766928232126073e-09,5.385598670151758860e-09,-7.860474016477270176e-09,6.615167302825852857e-10
1.159962963606170128e+00,-5.220151701398667576e-03,1.976543903732530527e-05,4.541195278935650226e-06,2.519095827286949724e-06,1.552079263332159509e-06,1.097249112279232580e-06,8.233301785258526767e-07,6.614160771110239034e-07,5.140656529492929061e-07,3.703995845203908455e-07,3.449675174140541534e-07,2.775836484975036100e-07,2.408866834526651735e-07,1.377243381561754632e-07,1.700794697023777502e-07,1.357704112192603674e-07,1.247523264552574673e-07,2.543446034298721403e-08,8.158018967828473134e-08,1.018875343497972069e-07,1.157381735901463760e-07,-3.317528719760324402e-08,-7.137342382217137793e-08,-5.062269277595135564e-08,7.743028457513415064e-08,8.338150273148403971e-08,6.887811027827053789e-08,9.796714222840008368e-09,1.473820044478602043e-08,1.994015368621260276e-09,4.950672802261912864e-09
1.159983094576541696e+00,-5.606880805345482860e-03,2.149100072793355687e-05,4.644009971570273176e-06,2.462623965314046301e-06,1.529286018763908322e-06,1.120245560726988027e-06,7.905675368867059322e-07,5.915737682129357244e-07,4.840960129157481640e-07,3.953676952625148622e-07,3.206888797868158447e-07,2.163235782266445528e-07,2.204445200323229548e-07,1.732285458272420087e-07,1.561444583075832782e-07,7.050746595599344246e-08,1.102011039158523609e-07,8.723756757863382338e-08,8.371257950376409518e-08,-9.808049454855180538e-09,4.211874880897387152e-08,7.627890636751483155e-08,1.171672431229953126e-07,-3.767957419925464790e-09,-5.776177356342157565e-08,-7.563858241290246157e-08,1.255403104258659419e-08,2.769153289918641070e-08,3.573539938180742004e-08,8.166996218195166080e-09,8.574981592845976053e-09
1.160005545769149826e+00,-5.993623705774886457e-03,2.317042333686500366e-05,4.758822492382033809e-06,2.523102081714977823e-06,1.514638702857949368e-06,1.054431824145350693e-06,7.633748058618900628e-07,6.111995033562973856e-07,4.587980325762748557e-07,3.394987698407750387e-07,2.988734500788958748e-07,2.415640972149024623e-07,2.036637532943502693e-07,1.214383229634907746e-07,1.414792318854551922e-07,1.063931155398378792e-07,1.016523107633116041e-07,2.689178157022284466e-08,7.108451699142093183e-08,5.689920400423972846e-08,5.913530241354048034e-08,-3.442475149276029434e-08,4.685801871951583708e-09,4.384771029955231852e-08,1.101514280916343624e-07,3.006743161154852573e-08,-1.971061771698784382e-08,-5.941777420949423405e-08,-1.520761426770239622e-08,-6.774620366425954110e-09,3.126753272963966879e-09
1.160029773553292287e+00,-6.380381589684125387e-03,2.506614650243238485e-05,4.883188743840666257e-06,2.495048777651767344e-06,1.506432033277068858e-06,1.075387449292822262e-06,7.411157604913197472e-07,5.574518634181985233e-07,4.367827583073163877e-07,3.588098426796776375e-07,2.804706717360327950e-07,1.959495989503970415e-07,1.880711953568259265e-07,1.470107594547798158e-07,1.304785290645593676e-07,6.168965064473619364e-08,9.134775984936949200e-08,6.388828670527563203e-08,6.748927506086688233e-08,-9.199426684834699497e-10,4.602770971307013070e-08,4.075792558338488247e-08,5.025241493717899632e-08,-4.464158974285589027e-08,-2.757556774850983272e-08,2.345570296856131637e-09,8.007524779970326412e-08,4.427582143279318316e-08,1.607798057971093764e-08,-1.795341941952799392e-08,-4.478355832004954351e-09
1.160056236875200986e+00,-6.767155615814778036e-03,2.693759806914053367e-05,5.015116272094957695e-06,2.559046767556041879e-06,1.503604668038433997e-06,1.026167207335108855e-06,7.226196965554477353e-07,5.731078666429412216e-07,4.180694329726855618e-07,3.157495338228927251e-07,2.639098033718756398e-07,2.153347858028370476e-07,1.752137253341334855e-07,1.090310811843742123e-07,1.195439067180892323e-07,8.758480479070795965e-08,8.483732391595388833e-08,2.422947304120751100e-08,6.025420980215745459e-08,3.789653028668168999e-08,4.724280335422631483e-08,-1.835470837222453327e-08,2.894435261521083325e-08,3.444266939158727864e-08,5.646613559021074202e-08,-3.200427274764475541e-08,-3.941301757659151916e-08,-3.110635276096229695e-08,3.282950443439514032e-08,2.633522263716797651e-08,1.631899895770949627e-08
1.160084506197081922e+00,-7.153946968715112903e-03,2.899407215028668161e-05,5.153128404086770864e-06,2.552356254492118767e-06,1.505038812113631760e-06,1.045148975478520093e-06,7.074488281998310424e-07,5.310063883262952644e-07,4.015162654701781575e-07,3.304903348198308388e-07,2.496113936803837086e-07,1.802554926840990723e-07,1.629333280083605784e-07,1.282163738861030744e-07,1.106812498458120686e-07,5.485001430133307210e-08,7.679075830768766764e-08,4.979160795910014814e-08,5.646465781397602690e-08,3.575859708164486062e-10,4.054827824201412412e-08,2.208518688122471790e-08,3.484922948175997459e-08,-3.169091409693097772e-08,9.461663339534881478e-09,2.432886304291588878e-08,6.229391120429403350e-08,-4.394091284408430109e-09,-2.596277010481068404e-08,-3.634474009337612666e-08,-5.317453553865814087e-09
1.160114948454626926e+00,-7.540756810212337347e-03,3.104510151160852494e-05,5.295986853278561446e-06,2.618018611405623780e-06,1.510119289126676465e-06,1.008757241302039864e-06,6.948513359083217933e-07,5.430845244989296328e-07,3.873010530866700940e-07,2.965766872152324207e-07,2.365796400328329385e-07,1.948619409389978907e-07,1.526042529087848210e-07,9.924753734819047324e-08,1.018408172515083976e-07,7.397223285299237006e-08,7.123676182274607527e-08,2.108131840535681922e-08,5.078204413228037950e-08,2.633693457049744724e-08,3.967029522326109836e-08,-1.429743012599637292e-08,2.844936094993297249e-08,1.510960684261014597e-08,3.087679556566108596e-08,-3.771887432290265893e-08,-1.256977238310932887e-08,3.929450040525417354e-09,5.105451505223873587e-08,1.954281384983214132e-08,4.247560074499556748e-09
1.160147225353980183e+00,-7.927586323401323437e-03,3.325648173680209596e-05,5.442769097108515752e-06,2.627739541805670237e-06,1.518126196554340362e-06,1.025840543745701328e-06,6.846306358576983997e-07,5.100341472523070574e-07,3.746681796002251930e-07,3.074780002510976717e-07,2.253241648776313499e-07,1.675792134529438537e-07,1.428330191873342092e-07,1.138111281571985156e-07,9.477225967891023117e-08,4.960676571602595786e-08,6.500746942833535158e-08,4.011706097048831077e-08,4.785949776417441903e-08,3.505738672450464666e-10,3.559590391714884117e-08,1.262376444620839228e-08,3.034657432591722492e-08,-2.303403977212299669e-08,1.978373243699538264e-08,1.514718944554700047e-08,3.685708350282743129e-08,-2.689483732335601340e-08,-2.415524664144130806e-08,-1.743443141331152413e-08,1.264375559806296678e-08
1.160181626236482355e+00,-8.314436672400293132e-03,3.547891253724913541e-05,5.592652482679441595e-06,2.693687776305101964e-06,1.528651924642947940e-06,9.997432581323496825e-07,6.761905055085223187e-07,5.190041821971635994e-07,3.637049810090858815e-07,2.806404133083931218e-07,2.149029772503807667e-07,1.782654157969632003e-07,1.344244696614010914e-07,9.151314213709516032e-08,8.750483772301809182e-08,6.386018058107678641e-08,6.029029914894623587e-08,1.881161040221540626e-08,4.315224097842240703e-08,1.883819115457152638e-08,3.419120700020455983e-08,-1.270174348794346486e-08,2.612201685818146824e-08,4.814564357326182875e-09,2.416468958699874436e-08,-3.038103010214853600e-08,5.370033350285408069e-09,1.026298421594185051e-08,3.908383977308665935e-08,-4.164078824808736812e-09,-1.227526429808944997e-08
1.160217888137352382e+00,-8.701309039079625773e-03,3.784172794240453497e-05,5.745037376915507199e-06,2.716103977154406962e-06,1.541214840256131119e-06,1.014991647163392130e-06,6.694685367057608832e-07,4.932092563577489264e-07,3.538949784245154495e-07,2.882062081614213123e-07,2.058593251419438275e-07,1.569217173815265487e-07,1.264559616118154928e-07,1.022459004650089209e-07,8.167323885255317606e-08,4.549448359703056610e-08,5.516916613823585891e-08,3.297113040402754880e-08,4.064407086931676183e-08,5.001567215945357248e-11,3.108839105071814490e-08,6.301625386654144401e-09,2.710155933092345260e-08,-1.980878645228140167e-08,2.073673524170469018e-08,4.418006309045690444e-09,2.457694809774799150e-08,-2.885296056503311446e-08,-9.446694084098983257e-09,5.174283623093911544e-10,2.442516881112632987e-08
1.160256234676577236e+00,-9.088204589319890531e-03,4.022994415488201358e-05,5.899360616866411444e-06,2.781421124092723143e-06,1.555551381201203051e-06,9.972331579373786004e-07,6.640185089344489977e-07,4.995373526395403829e-07,3.453378417334410089e-07,2.670372886899065323e-07,1.974357727216845271e-07,1.643603473114318980e-07,1.195702810444232433e-07,8.514886537872023986e-08,7.569315595146175468e-08,5.604391437735722903e-08,5.124952321550191314e-08,1.726387870116738443e-08,3.683362221479358212e-08,1.366648173404746980e-08,2.987728748172352455e-08,-1.159664096532248695e-08,2.420242900275787479e-08,-9.415191163601038804e-10,2.241809652844817258e-08,-2.473864396727821699e-08,1.288454952409409660e-08,5.863204362993590379e-09,2.662558957859662012e-08,-1.740274146316833637e-08,-1.805054510028991643e-08
1.160296465485168627e+00,-9.475124503754952382e-03,4.274230176132612358e-05,6.055213602093947878e-06,2.813624186489335072e-06,1.571313163275600902e-06,1.010788384964156350e-06,6.598145481867892514e-07,4.796424770223822742e-07,3.376113777266501192e-07,2.717964311970723357e-07,1.900563419842023205e-07,1.476906372034972326e-07,1.129773964242408724e-07,9.271267661925541859e-08,7.079455616176844046e-08,4.223385834112303172e-08,4.692121022276118936e-08,2.762630053193548818e-08,3.457174875889923449e-08,-5.108493662808744062e-11,2.721359917100263370e-08,1.896765628784692626e-09,2.451755840363056826e-08,-1.826016572366653823e-08,2.016829975682449261e-08,-2.810178579583638009e-09,2.003011077096258918e-08,-2.589582761593212101e-08,7.199915264682887894e-10,6.239203530558623534e-09,2.585243651792579200e-08
1.160338749198576602e+00,-9.862069949713218875e-03,4.529224965251280044e-05,6.212201624927055077e-06,2.877802371874325221e-06,1.588332943758133733e-06,9.997279559717693609e-07,6.565349322273407451e-07,4.837896278131297023e-07,3.308435202404105824e-07,2.551874773663170837e-07,1.831629351861305266e-07,1.524466766112883565e-07,1.072773419975164844e-07,7.968198736246767666e-08,6.583008395344425168e-08,4.981423824129693756e-08,4.362988433037617853e-08,1.617778266687838751e-08,3.143892636676970387e-08,9.947649603787162009e-09,2.620029497697740073e-08,-1.072616527238515194e-08,2.246564178047180671e-08,-4.838723067297941161e-09,2.152925725413049052e-08,-2.165393654478525026e-08,1.570733886187281048e-08,2.377663196537205259e-10,2.003580425874451620e-08,-2.024779801896442466e-08,-1.584419730832342665e-08
1.160382936811508836e+00,-1.024904210655959089e-02,4.795327437850591124e-05,6.370036801983669505e-06,2.917444760062830322e-06,1.606350808352335902e-06,1.011810817797432344e-06,6.541660235327012574e-07,4.686677629100674536e-07,3.246826771616598273e-07,2.576848022843580832e-07,1.770673661773830565e-07,1.394858768002937843e-07,1.017808550357601760e-07,8.469220741033622879e-08,6.168863972422222730e-08,3.954863751765014257e-08,3.995832167924540101e-08,2.360205921935615292e-08,2.940899775094596436e-08,8.210986317952473357e-11,2.389905954559845558e-08,-1.157210101072718433e-09,2.243753597069159111e-08,-1.716703336906641453e-08,1.965979285183799830e-08,-7.472096828211802211e-09,1.862583709618878536e-08,-2.292784218559107412e-08,6.052065968167874566e-09,4.795512857473649415e-09,2.223547226898325846e-08
1.160429152066820624e+00,-1.063604214286933969e-02,5.066190396734587820e-05,6.528435679137301051e-06,2.980292100216060114e-06,1.625256991529292969e-06,1.006033905438796783e-06,6.524730853769370592e-07,4.710964093736919045e-07,3.192553794093867803e-07,2.447122202987352113e-07,1.713556385964619400e-07,1.420971749450244959e-07,9.700875680702936155e-08,7.481845092777161810e-08,5.753088161419839253e-08,4.475777101026201521e-08,3.714809715393840861e-08,1.538446472168844559e-08,2.677612999033018859e-08,7.278665395665101512e-09,2.297652781143438849e-08,-9.964073581308040273e-09,2.086393231185562636e-08,-7.669143136952022433e-09,2.079585897040402143e-08,-2.002064364601619309e-08,1.684346845332029829e-08,-4.533948865653725235e-09,1.715741075256072001e-08,-1.870765495032983283e-08,-1.092371629957122892e-08
1.160477287074019426e+00,-1.102307123676918646e-02,5.347133818420224394e-05,6.687190444751994756e-06,3.025455550467390231e-06,1.644856874001739133e-06,1.016914672240243345e-06,6.514494471903525818e-07,4.597685590249783738e-07,3.142814170441383947e-07,2.454728030487282608e-07,1.662605068676083209e-07,1.320464068444229810e-07,9.239771500517413028e-08,7.783465526614574692e-08,5.401393524118169864e-08,3.722493242125368695e-08,3.403572556431866403e-08,2.055799784919654094e-08,2.496307204002956581e-08,3.605607336136518182e-10,2.100885650863082432e-08,-3.238694262861635531e-09,2.067419680893897715e-08,-1.628599069351029799e-08,1.929778290399482288e-08,-1.065431654554728491e-08,1.835006884637335745e-08,-2.075489486177972687e-08,8.973202072874719715e-09,1.181051416387912667e-09,1.766493236410315859e-08
1.160527430064658638e+00,-1.141013055791735564e-02,5.633630038213988112e-05,6.846093319155810430e-06,3.086983787567486662e-06,1.665074024781399917e-06,1.015206842240427842e-06,6.509212439500915159e-07,4.609189780575839723e-07,3.098666353403001228e-07,2.353528086658680796e-07,1.614706057560116870e-07,1.330217994175569851e-07,8.836283145550322127e-08,7.037605509116473534e-08,5.051103070530249539e-08,4.059842607234687151e-08,3.160863589618534419e-08,1.476634816244964954e-08,2.272103425023097589e-08,5.416825966941818393e-09,2.011954565971085795e-08,-9.253685382955116612e-09,1.939353234036919615e-08,-9.703251731838294369e-09,2.015018261882633999e-08,-1.911761285676482139e-08,1.745374246953784736e-08,-8.291928729579900459e-09,1.595920536522077438e-08,-1.633719678637013395e-08,-6.072084335340122152e-09
1.160579505044448290e+00,-1.179722128331037873e-02,5.929422201145922999e-05,7.004991126401127755e-06,3.136108931634266558e-06,1.685762960384074721e-06,1.025166040415775859e-06,6.508849437116687175e-07,4.525391119956749530e-07,3.057968277027020565e-07,2.348523396381030359e-07,1.571594349467769769e-07,1.252104236699330686e-07,8.446932341522189747e-08,7.189467721158138147e-08,4.751117990697828475e-08,3.512474294059542146e-08,2.897031119164505952e-08,1.825119696563862193e-08,2.109969964719793367e-08,7.072982043804243446e-10,1.844204170538960019e-08,-4.593208671375102747e-09,1.911008346532072633e-08,-1.556277405968635452e-08,1.900119455462874474e-08,-1.293629312563082320e-08,1.844980295840140117e-08,-1.934940227054510187e-08,1.087446896072541414e-08,-2.380060632085900796e-09,1.380485058211089466e-08
1.160633573120108286e+00,-1.218434458353077551e-02,6.231370145593634335e-05,7.163729202275953556e-06,3.196432079046601649e-06,1.706867121767591602e-06,1.026507737141284932e-06,6.512113843049754935e-07,4.528002847089054872e-07,3.021518039489530516e-07,2.269261625176439978e-07,1.530940766051452906e-07,1.250036912340754536e-07,8.102781882696891147e-08,6.624684380576728593e-08,4.454791821539849650e-08,3.713223452328495711e-08,2.686155155251501725e-08,1.424458174288309453e-08,1.917834050423061765e-08,4.178719303742084445e-09,1.756874355891835382e-08,-8.577649317068926360e-09,1.803500915102673741e-08,-1.110221980148151655e-08,1.958050894232225836e-08,-1.861267993707007087e-08,1.792081704950557186e-08,-1.119012590488493997e-08,1.550653549748509663e-08,-1.441016949342566189e-08,-2.174622842909812448e-09
1.160689582217339311e+00,-1.257150163461019654e-02,6.542033667729374447e-05,7.322192515301154114e-06,3.248272297606520989e-06,1.728277862954969921e-06,1.035800943378819422e-06,6.518971853099360392e-07,4.466574680642328155e-07,2.987729379464246215e-07,2.255687102806561151e-07,1.494004135274909495e-07,1.188803412767794332e-07,7.771673572048998224e-08,6.669065723621803166e-08,4.197861193377949718e-08,3.316898987415495270e-08,2.462326948587945097e-08,1.649957581933286788e-08,1.772508267418315686e-08,1.076736607860673267e-09,1.613318959502174632e-08,-5.392460382738772928e-09,1.768311956107729288e-08,-1.496181463195734446e-08,1.871732485713220595e-08,-1.460230970786336596e-08,1.866976816287252428e-08,-1.856209868623948100e-08,1.230971161548383153e-08,-5.266923823292468665e-09,1.101638893302725464e-08
1.160747573451338388e+00,-1.295869360789616426e-02,6.859294779095956307e-05,7.480264638820219303e-06,3.307532575035423972e-06,1.749951149312631293e-06,1.039361961289488046e-06,6.528469237163450622e-07,4.463477099457720254e-07,2.957158807942970868e-07,2.192973958090212172e-07,1.459074250162104014e-07,1.178703868624092488e-07,7.475738163752188026e-08,6.237159095104360951e-08,3.946321061598645485e-08,3.420162954237415676e-08,2.278688890355873298e-08,1.377228637513758236e-08,1.607290899506563786e-08,3.414467368567652983e-09,1.527725952080866145e-08,-7.928296401663557924e-09,1.676377017929830959e-08,-1.199664133007607991e-08,1.906876063301199409e-08,-1.834980276456616224e-08,1.834675248833447792e-08,-1.341068170401804593e-08,1.543882546979624681e-08,-1.316972382710279721e-08,7.065453569432555980e-10
1.160807512085193505e+00,-1.334592167865058729e-02,7.184855852414295807e-05,7.637857807529443988e-06,3.361113145785611656e-06,1.771805802585485479e-06,1.048197400200807233e-06,6.540558652053628241e-07,4.418650314816710556e-07,2.928660465628500631e-07,2.174046026181750135e-07,1.427027385876578069e-07,1.129965791690432098e-07,7.191975262554883841e-08,6.208278501701469665e-08,3.725477466798299275e-08,3.131723997490398759e-08,2.088561494584251221e-08,1.516141042486734980e-08,1.476953311041473427e-08,1.446828555400070382e-09,1.403936096804753175e-08,-5.768742328336566583e-09,1.635901252005148021e-08,-1.444585976794615645e-08,1.842060933497126352e-08,-1.581358968137614937e-08,1.892878750140228328e-08,-1.823860572465474394e-08,1.348308222015592861e-08,-7.465274915602337913e-09,9.184663044004004462e-09
1.160869425007998723e+00,-1.373318701883556939e-02,7.517326753735814604e-05,7.794883639203678549e-06,3.419436825564167032e-06,1.793806273023106079e-06,1.053322962110605360e-06,6.554540865073409800e-07,4.412259978418646422e-07,2.902594783585170368e-07,2.123616385080705216e-07,1.396636442564311298e-07,1.114806853236977036e-07,6.935485669795626862e-08,5.872034927398295245e-08,3.511207426198925674e-08,3.168371714296069896e-08,1.928639760395700620e-08,1.332523028117066355e-08,1.334523029583589704e-08,3.000816580465970329e-09,1.320867929789637518e-08,-7.297353935096367872e-09,1.555962072814082164e-08,-1.249768015042663355e-08,1.859529587516089988e-08,-1.823857321777994783e-08,1.874782508751171584e-08,-1.511835964664726140e-08,1.560775836958322449e-08,-1.252473437289569613e-08,2.762215380036625589e-09
1.160933289641182808e+00,-1.412049080313929408e-02,7.857809370157703421e-05,7.951274336996660974e-06,3.474013101606226658e-06,1.815891775239870595e-06,1.061853354205558736e-06,6.570352278877089613e-07,4.379511098231113342e-07,2.878150318760472337e-07,2.101736907927052866e-07,1.368482192044828682e-07,1.075198620718517684e-07,6.690274659704870119e-08,5.796174009156662699e-08,3.320785020577421420e-08,2.955162690249091284e-08,1.766904622613196807e-08,1.412560483382910292e-08,1.217811067787122337e-08,1.809030580716963765e-09,1.213115692969002346e-08,-5.828544962318583933e-09,1.511649149908353418e-08,-1.397927653300733153e-08,1.809958860240525047e-08,-1.668036106038540273e-08,1.919946403944328139e-08,-1.824308636794169658e-08,1.448219001838613185e-08,-9.122435652361704506e-09,8.082744661075391690e-09
1.160999123087417262e+00,-1.450783420400814441e-02,8.205415163241303045e-05,8.106962376602799836e-06,3.531490820910801118e-06,1.838032975994214127e-06,1.068042099015582141e-06,6.587484077627981521e-07,4.371527698946581220e-07,2.855541341032288849e-07,2.060324053401209332e-07,1.341703673701094557e-07,1.057180940107135814e-07,6.466223883509064629e-08,5.527858192716506025e-08,3.137565104949224803e-08,2.948356328524859293e-08,1.627817103333484283e-08,1.289272645935146677e-08,1.094746495018672494e-08,2.838347337545676918e-09,1.133453178623483604e-08,-6.675953564592128353e-09,1.440882280720826025e-08,-1.269791973879195318e-08,1.814315180384551418e-08,-1.821581288439415650e-08,1.912061023921773906e-08,-1.644979053232881183e-08,1.593528948639483245e-08,-1.231876578002000233e-08,4.215775749327743682e-09
1.161066911031436888e+00,-1.489521839573649045e-02,8.560838937134856996e-05,8.261894929853172420e-06,3.586505931167920797e-06,1.860184184480830755e-06,1.076367425232194891e-06,6.605860518463582687e-07,4.347416423613505165e-07,2.834201999618590762e-07,2.037175001216515180e-07,1.316664713845935863e-07,1.024203620126479253e-07,6.252472753258409011e-08,5.424208112184136787e-08,2.972890122965310411e-08,2.786587725844835717e-08,1.490030660661334494e-08,1.330633059249894390e-08,9.905666941215085508e-09,2.160944049135055112e-09,1.038749319892673384e-08,-5.657476466578055529e-09,1.394110741344961601e-08,-1.353227161479241686e-08,1.774992977555608920e-08,-1.728553239129307362e-08,1.946915140042804193e-08,-1.846565351754786422e-08,1.535723317177412062e-08,-1.039474182510519151e-08,7.497167137104909784e-09
1.161136664059233325e+00,-1.528264455115152867e-02,8.923527221598934189e-05,8.416020163683896049e-06,3.643189318466291335e-06,1.882320950765672615e-06,1.083245088974102432e-06,6.625112754024553574e-07,4.338937809487616870e-07,2.814244896304912702e-07,2.002347809708197868e-07,1.292772745672098045e-07,1.004867327793548815e-07,6.055210672890193324e-08,5.203836093287117492e-08,2.815561862823390271e-08,2.752918951132166114e-08,1.369302692066920457e-08,1.247092335735638935e-08,8.840242652491392406e-09,2.849049518006963044e-09,9.632249622047728277e-09,-6.056859651630205899e-09,1.330296813071424333e-08,-1.267190126745185164e-08,1.769909630422623892e-08,-1.823481777466634535e-08,1.946040255633094129e-08,-1.751139197449930185e-08,1.636962286902243768e-08,-1.241252662979863697e-08,5.255704822737516935e-09
1.161208373308768582e+00,-1.567011384430648524e-02,9.293907271063286957e-05,8.569296707576848360e-06,3.698234120647677509e-06,1.904408744189808531e-06,1.091421550017054876e-06,6.645159295356854734e-07,4.320912746764819790e-07,2.795279607304204661e-07,1.979028199932016119e-07,1.270240470490138773e-07,9.767179403544906657e-08,5.867206678746711423e-08,5.085747633790105304e-08,2.672729140784646518e-08,2.625863343430623331e-08,1.251757551778975852e-08,1.263889408712956519e-08,7.914099414002562227e-09,2.501979644731894270e-09,8.792472301448472916e-09,-5.322980108448706338e-09,1.282266863262410128e-08,-1.308287732022881539e-08,1.737098500437760096e-08,-1.769235771488476480e-08,1.972926448818093648e-08,-1.882304863625589020e-08,1.614311071363588868e-08,-1.140741431523983884e-08,7.260086025417944455e-09
1.161282045161164733e+00,-1.605762744833508920e-02,9.671642923995624197e-05,8.721684654952252536e-06,3.754141244575407571e-06,1.926427147368658596e-06,1.098714359368258009e-06,6.665732714104550399e-07,4.312573674528259737e-07,2.777352586386117039e-07,1.949018763164854506e-07,1.248665984251821903e-07,9.570804509854979880e-08,5.692150227033787591e-08,4.899348744064058181e-08,2.537018160830850633e-08,2.576716803814882439e-08,1.147200279216775698e-08,1.205874696624809062e-08,6.990341860912963057e-09,2.973460505595326708e-09,8.083644881945462046e-09,-5.435879172244369173e-09,1.223728774259538743e-08,-1.247777451046476471e-08,1.725349368930650940e-08,-1.826201887763579182e-08,1.976461990946254410e-08,-1.838187340189034735e-08,1.687305459675131347e-08,-1.270091219262442506e-08,6.023316338754636234e-09
1.161357674256099592e+00,-1.644518653717456230e-02,1.005699071614206408e-04,8.873151562170319973e-06,3.808919001814644809e-06,1.948349894155196327e-06,1.106765488429438393e-06,6.686751806708138984e-07,4.298778690440922812e-07,2.760195876808785309e-07,1.926188810557651065e-07,1.228162139687780097e-07,9.324874676586158984e-08,5.525297754136598849e-08,4.775673119461476546e-08,2.412735555790135322e-08,2.472986633528240219e-08,1.046806118870646785e-08,1.207587707217558370e-08,6.170688463674744995e-09,2.831328564396190517e-09,7.333458264258130299e-09,-4.876947207947505969e-09,1.175399416599581803e-08,-1.261695453138016870e-08,1.696396635837704725e-08,-1.794823703202275134e-08,1.997300601644380613e-08,-1.925557990660464736e-08,1.686518536544306945e-08,-1.225080913016401984e-08,7.249941369469325991e-09
1.161435264344122587e+00,-1.683279228421691656e-02,1.044975152699051391e-04,9.023666679519246059e-06,3.864043207186217133e-06,1.970159991914475009e-06,1.114276102671084290e-06,6.708021882291786281e-07,4.290884338779832330e-07,2.743815994453793761e-07,1.899732516865391962e-07,1.208458819358312897e-07,9.131783360299267072e-08,5.368716372768783662e-08,4.613723826596416444e-08,2.295104829797001145e-08,2.415861492105486619e-08,9.564555071561731125e-09,1.165586107536656368e-08,5.369109894529100480e-09,3.167490471734507596e-09,6.673795476322408327e-09,-4.812060609682942969e-09,1.120926957764306620e-08,-1.215978885833225720e-08,1.679982056246309696e-08,-1.827476552414752584e-08,2.003248265880497314e-08,-1.911697977349802180e-08,1.741808632136493395e-08,-1.311042679974505631e-08,6.617920073059835318e-09
1.161514812258032769e+00,-1.722044586338256772e-02,1.085007600580660536e-04,9.173204619019117989e-06,3.918340322860494607e-06,1.991837324798921907e-06,1.122203375272454173e-06,6.729466548347721316e-07,4.279986383407506645e-07,2.728028963075446178e-07,1.877743119340323508e-07,1.189606478589101679e-07,8.912589197652281969e-08,5.219322184082247906e-08,4.490036448895340371e-08,2.186583615559900551e-08,2.327925088113635965e-08,8.706330684171703638e-09,1.158350009140829417e-08,4.646997385851503459e-09,3.147367675510048812e-09,5.999889180104134301e-09,-4.358483149478203922e-09,1.073013375808146153e-08,-1.212702610325824132e-08,1.653095247950049640e-08,-1.808788859159913762e-08,2.019506755096892037e-08,-1.972250077229148468e-08,1.754142840877659371e-08,-1.298647088043142217e-08,7.383146198580714525e-09
1.161596320153144735e+00,-1.760814844829656015e-02,1.125784918875119556e-04,9.321741733854527201e-06,3.972659169014383998e-06,2.013367841719035031e-06,1.129790809742230173e-06,6.750943031539387990e-07,4.272625000628117731e-07,2.712819456704082532e-07,1.853943548207025172e-07,1.171424071069390727e-07,8.726357783074567553e-08,5.078174149502484580e-08,4.346165985436023504e-08,2.084108724487165887e-08,2.267566072411408840e-08,7.927203685142991674e-09,1.126187621630636571e-08,3.951418470204970390e-09,3.399277412503842744e-09,5.390223797689663865e-09,-4.187113859517414827e-09,1.021771304328053520e-08,-1.175106747585558109e-08,1.633409027913118594e-08,-1.825903129029898125e-08,2.026423235332655559e-08,-1.975477625405785975e-08,1.798521925572976743e-08,-1.359211130799731215e-08,7.106147947855134817e-09
1.161679786205834786e+00,-1.799590121294016021e-02,1.167315782375014099e-04,9.469258277067932328e-06,4.026322180420652957e-06,2.034736042210187265e-06,1.137582412932998388e-06,6.772382562050555804e-07,4.263672794091281915e-07,2.698060387060566279e-07,1.832941146058877924e-07,1.153925480281217664e-07,8.527812473888007894e-08,4.943271408267696509e-08,4.225772989863152418e-08,1.988983114320497236e-08,2.190564494380931038e-08,7.193101933533618819e-09,1.113837360539049470e-08,3.318094396465021134e-09,3.447793163816048612e-09,4.782556745595856196e-09,-3.796592793186420733e-09,9.747782257155807040e-09,-1.161066329408502740e-08,1.607436967516681636e-08,-1.813631594774559042e-08,2.039157464021543187e-08,-2.019725215546275265e-08,1.818401525275487041e-08,-1.365461178327864733e-08,7.604483313883303452e-09
1.161765211635138240e+00,-1.838370533116197303e-02,1.209593734483559169e-04,9.615736168956667829e-06,4.079804888230866705e-06,2.055930404279383492e-06,1.145146268664853917e-06,6.793679473721808693e-07,4.256802205605120237e-07,2.683726315847595467e-07,1.811163610069069230e-07,1.136988851810002976e-07,8.350210363005511338e-08,4.815075480696373589e-08,4.095764326306206016e-08,1.899246371284135648e-08,2.129849908244496604e-08,6.522468072589493460e-09,1.087620144684178780e-08,2.714975060741364743e-09,3.646351833322403202e-09,4.222285239323386730e-09,-3.564530380931185682e-09,9.262134689422274469e-09,-1.127622472783459950e-08,1.585428412295350475e-08,-1.820716302757593302e-08,2.046058891714760963e-08,-2.032048293000576766e-08,1.856107700089898449e-08,-1.411457220112238842e-08,7.531005680183611162e-09
1.161852595425771462e+00,-1.877156197706576074e-02,1.252623695084387201e-04,9.761160214229527843e-06,4.132723151841800890e-06,2.076938930403206263e-06,1.152783630808170562e-06,6.814773964906005455e-07,4.249116991616487538e-07,2.669728468860169124e-07,1.791168683178655241e-07,1.120608361846429923e-07,8.168104765129968747e-08,4.692280306927559819e-08,3.980469849215739764e-08,1.815510800029507266e-08,2.060710152518296923e-08,5.894331654709983326e-09,1.072476604833255687e-08,2.161975464973209249e-09,3.730015887739440705e-09,3.673177821801598686e-09,-3.212555030047796467e-09,8.804812097300274143e-09,-1.106889371935322608e-08,1.559674282693851444e-08,-1.811140937582351312e-08,2.055994693895765724e-08,-2.066331185063968734e-08,1.880080419385671275e-08,-1.428060123626062605e-08,7.878707262987116877e-09
1.161941938267029073e+00,-1.915947232472799133e-02,1.296402155147244328e-04,9.905516742477957215e-06,4.185336066666765428e-06,2.097752264289872576e-06,1.160252277484542793e-06,6.835587098086900321e-07,4.242626031884973170e-07,2.656038397561358289e-07,1.770960790627509884e-07,1.104701082030139225e-07,7.999764761908167987e-08,4.575012885893459114e-08,3.861530872839580297e-08,1.736512326988570720e-08,2.001304186260988160e-08,5.318005036336614921e-09,1.049815405223739062e-08,1.639860447086305406e-09,3.893258234462931844e-09,3.160712881526694940e-09,-2.948721888515991318e-09,8.342411577950265000e-09,-1.075358534901107999e-08,1.535984044944913030e-08,-1.811592247470249911e-08,2.062246908527201605e-08,-2.083042525014705548e-08,1.913675965522360078e-08,-1.465834000881349741e-08,7.919290390123734369e-09
1.162033239623986525e+00,-1.954743754842387313e-02,1.340931885372223520e-04,1.004879425898358436e-05,4.237429178503534025e-06,2.118361103064722584e-06,1.167714513516330405e-06,6.856068313671088987e-07,4.235720899138997741e-07,2.642593169783005735e-07,1.751922867982910748e-07,1.089251905894705885e-07,7.831147820751976907e-08,4.462408061470246601e-08,3.752187637331982906e-08,1.662469979735181624e-08,1.938107806881417261e-08,4.780494132494705894e-09,1.033242545602636175e-08,1.159123996438693460e-09,3.991562380102620100e-09,2.664143158685738921e-09,-2.621874188677569828e-09,7.899901025010258593e-09,-1.050486619935155075e-08,1.510058933841887385e-08,-1.802604735899777932e-08,2.069868380557074450e-08,-2.111092250577789597e-08,1.939662258587659949e-08,-1.487994444153428741e-08,8.183998340127729421e-09
1.162126499899571508e+00,-1.993545882246975168e-02,1.386211063094770768e-04,1.019098262178622094e-05,4.289139362979041761e-06,2.138757934552412698e-06,1.175036552279393187e-06,6.876158184588102018e-07,4.229469992606156581e-07,2.629365285873250246e-07,1.732957718605758479e-07,1.074203415060183409e-07,7.672031279801899695e-08,4.354419490260053038e-08,3.642444080381723737e-08,1.592553824925069250e-08,1.880914284740908826e-08,4.285892592215123642e-09,1.012711801830906699e-08,7.082051022011537356e-10,4.129666389234010193e-09,2.197283029137242494e-09,-2.344329629944477689e-09,7.458572679613917344e-09,-1.019692970598978787e-08,1.485122711462373568e-08,-1.798494202962528168e-08,2.075086951054683215e-08,-2.129501806922423635e-08,1.970650009321117668e-08,-1.521170280016637122e-08,8.287152165886713107e-09
1.162221718843304163e+00,-2.032353732135318627e-02,1.432241260938653393e-04,1.033207336431640755e-05,4.340348267755592820e-06,2.158935558946003044e-06,1.182303224096185185e-06,6.895814983383114632e-07,4.222992348130658047e-07,2.616309400841308752e-07,1.714791643325427883e-07,1.059537281834777023e-07,7.514783724460460945e-08,4.250460809793882300e-08,3.539328987528511661e-08,1.526772598625658617e-08,1.822467187578835635e-08,3.825989053352074620e-09,9.954918310690896721e-09,2.921662651395040555e-10,4.230370543017308860e-09,1.748371209961407935e-09,-2.035797912083685268e-09,7.032244650310992551e-09,-9.922845205343096275e-09,1.458837975637852780e-08,-1.788968133478513120e-08,2.080713084771576571e-08,-2.153469366630161863e-08,1.997428630395176041e-08,-1.546184009298956497e-08,8.507213843100824846e-09
1.162318896713182781e+00,-2.071167421964843075e-02,1.479021601882429815e-04,1.047205919646639061e-05,4.391125593338320379e-06,2.178888025753007718e-06,1.189441489570126909e-06,6.914993778061803709e-07,4.216838305716105739e-07,2.603400908610456477e-07,1.696828550471971009e-07,1.045212881722532017e-07,7.364487031834288100e-08,4.150406624631175490e-08,3.437485906337967023e-08,1.464565844988552357e-08,1.767930642160298049e-08,3.402026590992868194e-09,9.762662397244659118e-09,-9.605030833192973461e-11,4.348932027432167446e-09,1.324573503831694143e-09,-1.755745975690059524e-09,6.610678361922833757e-09,-9.616791764506006646e-09,1.432960281466319485e-08,-1.781559809724796162e-08,2.084683202062051488e-08,-2.172088732835253388e-08,2.026664333749927938e-08,-1.576781118260012216e-08,8.644011513514460177e-09
1.162418033428816777e+00,-2.109987069209066576e-02,1.526553008603277750e-04,1.061093414438281368e-05,4.441406423256371097e-06,2.198609800071462880e-06,1.196494134135701881e-06,6.933660888657801336e-07,4.210529888602765336e-07,2.590606628964306490e-07,1.679436936801934066e-07,1.031211928140263190e-07,7.217037996387620780e-08,4.053847773525381948e-08,3.340544886543117542e-08,1.405839976376110911e-08,1.713481142390227419e-08,3.008639407053870229e-09,9.588407191927356132e-09,-4.544022987745810482e-10,4.444956078555883927e-09,9.192218028419851805e-10,-1.462452115679781228e-09,6.201342253077390954e-09,-9.327516064649293837e-09,1.406252402675819968e-08,-1.770946611129005713e-08,2.088526637354301552e-08,-2.193194383048879814e-08,2.053534676159374239e-08,-1.603159219265570812e-08,8.840626550266073025e-09
1.162519129183026134e+00,-2.148812791353316501e-02,1.574835125156374971e-04,1.074869324458899850e-05,4.491224586439203012e-06,2.218096248392514153e-06,1.203421558371078198e-06,6.951782364717981610e-07,4.204339667849242568e-07,2.577905590470802588e-07,1.662294900461186442e-07,1.017504986586259541e-07,7.074984756123142704e-08,3.960632061466434761e-08,3.245668589099692802e-08,1.350202769034858363e-08,1.661778367689770164e-08,2.645605755302593565e-09,9.404595918867386661e-09,-7.873433901378623645e-10,4.547032589428262606e-09,5.357925882479297464e-10,-1.186828084268932992e-09,5.798750899160126648e-09,-9.021384955580115383e-09,1.379656069163542886e-08,-1.761023944003110506e-08,2.091144109608866763e-08,-2.211230561155463903e-08,2.081491622205750014e-08,-1.632276255911918605e-08,8.995183410631657495e-09
1.162622184000084324e+00,-2.187644705899010125e-02,1.623868531802873105e-04,1.088533258704164897e-05,4.540544438301876221e-06,2.237343171388860713e-06,1.210244387836977020e-06,6.969331630515048642e-07,4.198009194420794510e-07,2.565273211929154640e-07,1.645581068558492344e-07,1.004075375144256044e-07,6.936128299495081251e-08,3.870464572713200324e-08,3.154669885735428281e-08,1.297519153231618816e-08,1.610838581272977521e-08,2.309257098043193679e-09,9.230778082007506935e-09,-1.094439466137187011e-09,4.634467045804696594e-09,1.704437780150613868e-10,-9.076667822297684873e-10,5.406843731417532162e-09,-8.723542314621572646e-09,1.352536386340329189e-08,-1.749103052255422328e-08,2.093352445987212151e-08,-2.230160879058973311e-08,2.108060373831599499e-08,-1.659217503929139026e-08,9.179784342394636809e-09
1.162727198051186850e+00,-2.226482930361667681e-02,1.673653155723348052e-04,1.102084912281940665e-05,4.589381271007759652e-06,2.256347042958782925e-06,1.216941178542284285e-06,6.986283225714207124e-07,4.191666437363371356e-07,2.552692222271973899e-07,1.629121124482359184e-07,9.909012626315577554e-08,6.801683603233771302e-08,3.783193239410842512e-08,3.066051815908688027e-08,1.247503765566815304e-08,1.561995920801306781e-08,1.998689311277779268e-09,9.052966787239519197e-09,-1.378647447938807780e-09,4.721796280360290865e-09,-1.753394625672588525e-10,-6.407611954049874381e-10,5.022734667417538823e-09,-8.417243154324079157e-09,1.325394135501950510e-08,-1.737168800448147740e-08,2.094582816393464331e-08,-2.247212287261046715e-08,2.134992937302682137e-08,-1.687438508108513036e-08,9.343560342101042693e-09
1.162834171428431596e+00,-2.265327582273489460e-02,1.724189402727734077e-04,1.115524066008701659e-05,4.637715319458874871e-06,2.275104747589008075e-06,1.223521265348876536e-06,7.002616714561673422e-07,4.185171020121107588e-07,2.540144273177266654e-07,1.612995828670187037e-07,9.779681611581103606e-08,6.670462137162158633e-08,3.698598552252796434e-08,2.980678110928169922e-08,1.200012456070709277e-08,1.514232170901630425e-08,1.711262596904017386e-09,8.881030837386977295e-09,-1.640339954145364487e-09,4.798659407768274265e-09,-5.038589242015167891e-10,-3.755682236560031750e-10,4.648445103231507725e-09,-8.115308789335626272e-09,1.297916418850457443e-08,-1.723898399984963303e-08,2.095265775161128663e-08,-2.264355335266504676e-08,2.161043820367997137e-08,-1.714521010581782079e-08,9.522160386576938862e-09
1.162943104304317465e+00,-2.304178779182634168e-02,1.775477352450663404e-04,1.128850573892982434e-05,4.685552682001225405e-06,2.293613688670627371e-06,1.229972980968090795e-06,7.018313319777369497e-07,4.178578201061329545e-07,2.527615526387236300e-07,1.597109339796648486e-07,9.652595304217997940e-08,6.542996394687250472e-08,3.616540960368203050e-08,2.897752054628610630e-08,1.154829717964211966e-08,1.468194792825228134e-08,1.445814676315215763e-09,8.708026080599118313e-09,-1.881608060333439525e-09,4.872350047296220010e-09,-8.146716088189287497e-10,-1.200246606746988021e-10,4.282473826510563297e-09,-7.809656828129327155e-09,1.270370081113587901e-08,-1.710293292373713664e-08,2.095117295278225988e-08,-2.280234794819341326e-08,2.187085061059607094e-08,-1.742149448053648131e-08,9.690650892846264242e-09
1.163053996818232072e+00,-2.343036638654822507e-02,1.827517325484230570e-04,1.142064360619334668e-05,4.732882190024720673e-06,2.311871638948368238e-06,1.236300153014367742e-06,7.033357838617717434e-07,4.171810675896933662e-07,2.515092268708975232e-07,1.581493690666971319e-07,9.527631479946951920e-08,6.418627154433642623e-08,3.536852223595676747e-08,2.817653655187712936e-08,1.111818223598071143e-08,1.423362214203471865e-08,1.200349764030050892e-09,8.538861414383175363e-09,-2.103190628599538314e-09,4.937824814831015541e-09,-1.109250189965105271e-09,1.309981063511364563e-10,3.925820355864945155e-09,-7.506790643957428344e-09,1.242610231074262050e-08,-1.695724051567525439e-08,2.094363553114056420e-08,-2.295815412344665019e-08,2.212501714130010733e-08,-1.769155530753629968e-08,9.866331418528773156e-09
1.163166849155499838e+00,-2.381901278273290332e-02,1.880309483396208625e-04,1.155165413053906714e-05,4.779705642449748326e-06,2.329876781900688115e-06,1.242496380181139226e-06,7.047736835092115876e-07,4.164888770586717970e-07,2.502563685828629314e-07,1.566094525221571609e-07,9.404662553022177796e-08,6.297548647751088913e-08,3.459409744690361554e-08,2.739946427382511374e-08,1.070809954595297597e-08,1.380033656100954076e-08,9.736658701520184422e-10,8.370173605869862810e-09,-2.306665539131280696e-09,4.998725648686086487e-09,-1.387676782510505191e-09,3.735781059499565515e-10,3.577701358260798603e-09,-7.202967848584686250e-09,1.214781908376837138e-08,-1.680695351793069781e-08,2.092869934126884157e-08,-2.310450030948429934e-08,2.237719759663747698e-08,-1.796345508800478719e-08,1.003719829473226355e-08
1.163281661491365915e+00,-2.420772815639909287e-02,1.933854107555622870e-04,1.168153777046133934e-05,4.826016568406678309e-06,2.347627623852828471e-06,1.248562972162078205e-06,7.061439525135951301e-07,4.157768947023535167e-07,2.490019592633896384e-07,1.550920709306874423e-07,9.283587187273317776e-08,6.179377119198969925e-08,3.384081336769290127e-08,2.664770544502648164e-08,1.031681133578654652e-08,1.337938231038560133e-08,7.641901070276624353e-10,8.204379667395983455e-09,-2.492904160877884578e-09,5.052696391708369483e-09,-1.650979040979105861e-09,6.101630325126838894e-10,3.238580500129761841e-09,-6.901502607576347204e-09,1.186825634427388088e-08,-1.664922125898171332e-08,2.090756970373267021e-08,-2.324605580510813452e-08,2.262441323262059933e-08,-1.823164938723892403e-08,1.021149328983561588e-08
1.163398434029387030e+00,-2.459651368375433134e-02,1.988151403912105653e-04,1.181029551364058683e-05,4.871814949888430418e-06,2.365123003113820191e-06,1.254496400324937172e-06,7.074456794904562112e-07,4.150455872225025655e-07,2.477451760199422814e-07,1.535939906597422189e-07,9.164305524167470907e-08,6.064146180692620014e-08,3.310761759276609206e-08,2.591872918372706280e-08,9.942974110721536363e-09,1.297202293498722625e-08,5.707851483127690528e-10,8.039899807542327803e-09,-2.663165868388439605e-09,5.101578122619632172e-09,-1.899489275938859301e-09,8.388548818245855632e-10,2.908035278293558124e-09,-6.600771056369629519e-09,1.158823927549686161e-08,-1.648662349679587760e-08,2.087966701922946977e-08,-2.337981659227689191e-08,2.286870895863019060e-08,-1.849992882409917661e-08,1.038353663468383203e-08
1.163517166974228578e+00,-2.498537054120412298e-02,2.043201637508818003e-04,1.193792884500964602e-05,4.917096947827919590e-06,2.382362035681807183e-06,1.260296951250804848e-06,7.086781569950583587e-07,4.142924360244111537e-07,2.464852740711141743e-07,1.521150734475236466e-07,9.046734400670886078e-08,5.951615968894513609e-08,3.239344991204373692e-08,2.521278851842778668e-08,9.585505056364240772e-09,1.257679320409987866e-08,3.921721350441664811e-10,7.877921205570043162e-09,-2.818335998605592252e-09,5.144349605372758316e-09,-2.133993089875607652e-09,1.060811110611611929e-09,2.586251258724497903e-09,-6.302495650584508113e-09,1.130759415528953538e-08,-1.631798071471089739e-08,2.084566228747336547e-08,-2.350803374878696062e-08,2.310867059686361191e-08,-1.876570730665466646e-08,1.055718339137978745e-08
1.163637860549915581e+00,-2.537429990535633104e-02,2.099005038831286418e-04,1.206443970183743858e-05,4.961861936866656872e-06,2.399344109884835041e-06,1.265962710257726581e-06,7.098408266118915594e-07,4.135172919123193680e-07,2.452216472832724481e-07,1.506532760777411217e-07,8.930794771419559019e-08,5.841748769701976540e-08,3.169741700625311465e-08,2.452828463256340186e-08,9.243309562201318386e-09,1.219411786129720454e-08,2.273216684334222748e-10,7.717732849500669179e-09,-2.959462671453527705e-09,5.181983009578186583e-09,-2.354930465908733339e-09,1.275144933762274724e-09,2.272980375098154759e-09,-6.006054700672183722e-09,1.102682743443599012e-08,-1.614466454329197692e-08,2.080536056978110615e-08,-2.362936891292521935e-08,2.334526561908328857e-08,-1.903073584830217158e-08,1.072978977889604835e-08
1.163760514986802885e+00,-2.576330295302815127e-02,2.155561867476785132e-04,1.218983044387091097e-05,5.006107618040238003e-06,2.416068850993142655e-06,1.271493657405056016e-06,7.109332907642360033e-07,4.127186660116653749e-07,2.439537669148700294e-07,1.492080664235347076e-07,8.816418732094169486e-08,5.734381393167342633e-08,3.101865434125550269e-08,2.386494738458588838e-08,8.915455318447840227e-09,1.182314009195994942e-08,7.517187566863370307e-11,7.559923489303121968e-09,-3.087388700598325819e-09,5.214109141844780471e-09,-2.562950094341098772e-09,1.482414322697377107e-09,1.968263971512812516e-09,-5.712379509735868166e-09,1.074596424777835013e-08,-1.596628522454327306e-08,2.075916790984094762e-08,-2.374491931377009646e-08,2.357783832496879173e-08,-1.929382829803788502e-08,1.090312564538953310e-08
1.163885130530047496e+00,-2.615238086125170128e-02,2.212872367957814668e-04,1.231410381924251396e-05,5.049833315535091210e-06,2.432536109983575098e-06,1.276888829774679851e-06,7.119552809453037062e-07,4.118962406598862536e-07,2.426812065244726702e-07,1.477780689502355971e-07,8.703543147086864606e-08,5.629448343417997602e-08,3.035640644757919837e-08,2.322165811204091046e-08,8.601038242739278417e-09,1.146388811656962048e-08,-6.518682121869900925e-11,7.404194530061247725e-09,-3.203010690011609540e-09,5.241289302094012670e-09,-2.758527599053262058e-09,1.682236651845067654e-09,1.671933703897149348e-09,-5.421302075336344173e-09,1.046534723117553689e-08,-1.578362772891497151e-08,2.070707790608958265e-08,-2.385413132646729828e-08,2.380684291369838945e-08,-1.955577950789322283e-08,1.107597875915633523e-08
1.164011707433423748e+00,-2.654153480728072695e-02,2.270936799254677507e-04,1.243726293847884079e-05,5.093037687391253204e-06,2.448745938801342656e-06,1.282148223394948688e-06,7.129066581363068672e-07,4.110491346764368059e-07,2.414036092534405098e-07,1.463626521868398311e-07,8.592112689040365403e-08,5.526829018314555197e-08,2.970995830603451182e-08,2.259792922232328749e-08,8.299262166389098638e-09,1.111580017615354521e-08,-1.946479991077332272e-10,7.250845792707016901e-09,-3.307105155697653842e-09,5.263466809971029114e-09,-2.942228277853786711e-09,1.874904606352298386e-09,1.383955048651908104e-09,-5.133357322984616333e-09,1.018508889814168095e-08,-1.559666286578146113e-08,2.064936719618076788e-08,-2.395756070958099393e-08,2.403198556735069991e-08,-1.981605416822435073e-08,1.124914582317781964e-08
1.164140245963142473e+00,-2.693076596859577884e-02,2.329755414263307012e-04,1.255931124716919145e-05,5.135720239273682333e-06,2.464698577988189837e-06,1.287271474761930712e-06,7.137873927907847221e-07,4.101770580099139973e-07,2.401206964479374317e-07,1.449608371989659361e-07,8.482076548164269036e-08,5.426450540562538505e-08,2.907867037958700163e-08,2.199289880766563954e-08,8.009372734485431522e-09,1.077872357341247422e-08,-3.140045307103989103e-10,7.099767517382976623e-09,-3.400451746571331313e-09,5.281011574440400147e-09,-3.114528097231117343e-09,2.060288961137912711e-09,1.104192735076198195e-09,-4.848568093459432182e-09,9.905444835027477080e-09,-1.540589027930559102e-08,2.058611915265948222e-08,-2.405501625755285255e-08,2.425348130403320868e-08,-2.007500691895980349e-08,1.142207807502959582e-08
1.164270746394921119e+00,-2.732007552291087354e-02,2.389328473228619076e-04,1.268025250386953240e-05,5.177880266077784094e-06,2.480394438140586660e-06,1.292258725654141932e-06,7.145975607148521286e-07,4.092795119962737427e-07,2.388322492908115380e-07,1.435720208570884227e-07,8.373389628153413144e-08,5.328217619286063078e-08,2.846194392582684918e-08,2.140600685769655787e-08,7.730692183627319025e-09,1.045224043427772642e-08,-4.240143375300320372e-10,6.951119051017140560e-09,-3.483753251154464436e-09,5.294012824256719152e-09,-3.275936035461446405e-09,2.238573907947967456e-09,8.325710364187610679e-10,-4.567265036331015493e-09,9.626560184411436794e-09,-1.521143664598868100e-08,2.051754752815243554e-08,-2.414680336758345813e-08,2.447120665913932180e-08,-2.033239993471519513e-08,1.159512622028735507e-08
1.164403209015634211e+00,-2.770946464817931887e-02,2.449656234298769331e-04,1.280009075824324605e-05,5.219517531473288896e-06,2.495834087997816225e-06,1.297110017956914357e-06,7.153373297471253556e-07,4.083563093677800016e-07,2.375381098923025347e-07,1.421954769491480530e-07,8.266010791992128848e-08,5.232059017631907061e-08,2.785923501873871500e-08,2.083653860909806532e-08,7.462586201767429372e-09,1.013612039441058599e-08,-5.253631488177923359e-10,6.804872126290467671e-09,-3.557693740302569907e-09,5.302751069193381572e-09,-3.426911671967902695e-09,2.409760359897532289e-09,5.689655266025162028e-10,-4.289539569791826767e-09,9.348640980701844461e-09,-1.501365998342850394e-08,2.044377661603036245e-08,-2.423289452088694951e-08,2.468526794086045584e-08,-2.058838881411478861e-08,1.176804396985087209e-08
1.164537634121908471e+00,-2.809893452259937252e-02,2.510738959491179423e-04,1.291883033242239437e-05,5.260631782792084613e-06,2.511018240117712449e-06,1.301825678069312014e-06,7.160069540163536972e-07,4.074072095720630837e-07,2.362381703582480674e-07,1.408306788798843745e-07,8.159903203651397430e-08,5.137895797788921692e-08,2.727003660212001801e-08,2.028392818292923394e-08,7.204477764366501447e-09,9.830017543011049241e-09,-6.186966633459078935e-10,6.661115672500911300e-09,-3.622902800676230939e-09,5.307380241022230383e-09,-3.567921366340320866e-09,2.573994593640591133e-09,3.132768324268231375e-10,-4.015610936868377334e-09,9.071838688243238913e-09,-1.481274756310159771e-08,2.036498915640103102e-08,-2.431348055352555715e-08,2.489562115140508958e-08,-2.084286956395564605e-08,1.194098141893418230e-08
1.164674022020783184e+00,-2.848848632462059813e-02,2.572576910384247184e-04,1.303647580301603437e-05,5.301223047429791738e-06,2.525947740022495280e-06,1.306406041152053527e-06,7.166067642822623179e-07,4.064321471996396040e-07,2.349323710675033094e-07,1.394770738575440427e-07,8.055033344240430937e-08,5.045661911895482632e-08,2.669388290358482019e-08,1.974755408501449594e-08,6.955830023080977753e-09,9.533672434836049092e-09,-7.046054642523280620e-10,6.519852368495199224e-09,-3.679983104701300967e-09,5.308137246808411480e-09,-3.699401012954850465e-09,2.731346714014877552e-09,6.538161245045470693e-11,-3.745584314061856102e-09,8.796327722205427024e-09,-1.460898338813496761e-08,2.028132650884473254e-08,-2.438860597590158941e-08,2.510232473013768173e-08,-2.109590946201833628e-08,1.211382810034633550e-08
1.164812373029016745e+00,-2.887812123294949268e-02,2.635170350684841456e-04,1.315303198559832076e-05,5.341291410972462406e-06,2.540623554587615948e-06,1.310851616882074966e-06,7.171371621044961286e-07,4.054310667996399720e-07,2.336206935452632416e-07,1.381342232399489223e-07,7.951371010445421050e-08,4.955289976526361384e-08,2.613033972791861670e-08,1.922687307108483790e-08,6.716150705021739498e-09,9.246777940563610798e-09,-7.836408882910816942e-10,6.381133377340170165e-09,-3.729495301127427886e-09,5.305201265272396771e-09,-3.821781446866623355e-09,2.881954826367862099e-09,-1.748340404741921539e-10,-3.479612788116932809e-09,8.522253880892394218e-09,-1.440257191601904824e-08,2.019295506933832529e-08,-2.445840936206311600e-08,2.530537173816432839e-08,-2.134746391550118583e-08,1.228664559677072887e-08
1.164952687473305826e+00,-2.926784042655533255e-02,2.698519544263450198e-04,1.326850391984886468e-05,5.380837141189843964e-06,2.555046762675551239e-06,1.315162963824723086e-06,7.175986124509630554e-07,4.044040200009042796e-07,2.323031576701578560e-07,1.368017008671236490e-07,7.848888725287342383e-08,4.866720170870059148e-08,2.557900490463699272e-08,1.872132972952078589e-08,6.484982745247336311e-09,8.969067953612519517e-09,-8.563101408509687928e-10,6.244969165489916429e-09,-3.771971138211149821e-09,5.298785211169457221e-09,-3.935472066285417014e-09,3.025927458686489269e-09,-4.074962433459061728e-10,-3.217792290651291798e-09,8.249768695001852281e-09,-1.419375480408817392e-08,2.010002179714948101e-08,-2.452296556793021054e-08,2.550480038797375837e-08,-2.159756181275424014e-08,1.245938367755439202e-08
1.165094965689920326e+00,-2.965764508467578359e-02,2.762624756211737309e-04,1.338289685657353262e-05,5.419860585268625533e-06,2.569218545652720773e-06,1.319340757580198670e-06,7.179916383043619121e-07,4.033510904483290915e-07,2.309798166942947373e-07,1.354791520488327072e-07,7.747561602553312832e-08,4.779893895100195689e-08,2.503950259202109008e-08,1.823041423897053814e-08,6.261904675342044868e-09,8.700259131189103101e-09,-9.230847544672293736e-10,6.111388210598700521e-09,-3.807907805047916483e-09,5.289074301575644177e-09,-4.040872175932463950e-09,3.163405562457352604e-09,-6.327284035254066019e-10,-2.960232320988603893e-09,7.979006915251329879e-09,-1.398273477375405055e-08,2.000268339201818901e-08,-2.458238900805709282e-08,2.570062122321525866e-08,-2.184618463820647838e-08,1.263206570595309941e-08
1.165239208024735795e+00,-3.004753638682308020e-02,2.827486251931951577e-04,1.349621624563770994e-05,5.458362217803562969e-06,2.583140179055658583e-06,1.323385732904507756e-06,7.183168148491240329e-07,4.022724328840189545e-07,2.296507543827000508e-07,1.341662475176468028e-07,7.647366965634477820e-08,4.694757478693883934e-08,2.451148217990500866e-08,1.775362298145344297e-08,6.046525030667382339e-09,8.440088954120295028e-09,-9.843996520708664377e-10,5.980398728316904666e-09,-3.837774575563002166e-09,5.276265167830640479e-09,-4.138364025595142603e-09,3.294520017796224998e-09,-8.506604834597475406e-10,-2.707011213277932260e-09,7.710101600569285729e-09,-1.376972589797091986e-08,1.990108678892599237e-08,-2.463676637785155998e-08,2.589286457466144498e-08,-2.209334503018578477e-08,1.280466794401080577e-08
1.165385414833020716e+00,-3.043751551278963546e-02,2.893104297539035585e-04,1.360846772494386792e-05,5.496342591806502656e-06,2.596813024801671033e-06,1.327298709383802761e-06,7.185747646013939532e-07,4.011682384398064516e-07,2.283160813144544110e-07,1.328627067596725719e-07,7.548284175137864871e-08,4.611259347541557529e-08,2.399461480461634322e-08,1.729048254399401241e-08,5.838481392794747649e-09,8.188290968880185261e-09,-1.040658247075665344e-09,5.852013821878304656e-09,-3.862011037358836774e-09,5.260539560165630735e-09,-4.228317959653615787e-09,3.419417433990316890e-09,-1.061422283399338085e-09,-2.458206644533403318e-09,7.443174427496090928e-09,-1.355492142742767067e-08,1.979538183675619289e-08,-2.468620032784057949e-08,2.608154944534063491e-08,-2.233903591622454776e-08,1.297719767062721630e-08
1.165533586479395645e+00,-3.082758364265426876e-02,2.959479159423857031e-04,1.371965711040225994e-05,5.533802354316073868e-06,2.610238524113333430e-06,1.331080563461099070e-06,7.187661526348535640e-07,4.000387489552260922e-07,2.269759321717537692e-07,1.315682766414583149e-07,7.450294366249249345e-08,4.529351492043448557e-08,2.348859182415424796e-08,1.684053248240946488e-08,5.637436559235986522e-09,7.944611128685163948e-09,-1.092233262167674468e-09,5.726235281517527698e-09,-3.881030878616353874e-09,5.242080749296926245e-09,-4.311089557389180538e-09,3.538241751671611368e-09,-1.265147321540677217e-09,-2.213877307931204352e-09,7.178342375374624496e-09,-1.333851496187208122e-08,1.968571275001024246e-08,-2.473078136635414870e-08,2.626670361077776406e-08,-2.258326328111875947e-08,1.314964278437136258e-08
1.165683723337691990e+00,-3.121774195678702138e-02,3.026611104379496597e-04,1.382979038689821638e-05,5.570742220890748456e-06,2.623418190795786045e-06,1.334732236573862862e-06,7.188916824258425459e-07,3.988842399546728423e-07,2.256304629209837653e-07,1.302827397440392554e-07,7.353380288271232912e-08,4.448988149066690490e-08,2.299312238870920844e-08,1.640333509821123581e-08,5.443077072397883853e-09,7.708797031269476463e-09,-1.139469976707552235e-09,5.603064596060997049e-09,-3.895221927993630651e-09,5.221062196296422098e-09,-4.387022028637388438e-09,3.651144796549231353e-09,-1.461969813872782131e-09,-1.974076053231493821e-09,6.915713646280657878e-09,-1.312068727185025305e-08,1.957222361959054524e-08,-2.477060588156748677e-08,2.644835040473830778e-08,-2.282602518197812680e-08,1.332200415954387651e-08
1.165835825790886515e+00,-3.160799163585552296e-02,3.094500399376080846e-04,1.393887369993164482e-05,5.607162978285302329e-06,2.636353605177995524e-06,1.338254720436617140e-06,7.189520918641448960e-07,3.977050248623464901e-07,2.242798484114287560e-07,1.290059037845937839e-07,7.257526101096811733e-08,4.370126336326884964e-08,2.250793206589468687e-08,1.597846765663546442e-08,5.255110679946994878e-09,7.480605003495899297e-09,-1.182687676959393031e-09,5.482496073447307161e-09,-3.904948435787258809e-09,5.197654516855831908e-09,-4.456445130453234871e-09,3.758278009006847664e-09,-1.652026111395588082e-09,-1.738842510083660198e-09,6.655390601692859343e-09,-1.290161528956154657e-08,1.945505469138492094e-08,-2.480576458390587602e-08,2.662651717773995008e-08,-2.306732510819892168e-08,1.349427480867859686e-08
1.165989894230996970e+00,-3.199833386083079934e-02,3.163147311578198839e-04,1.404691334795562380e-05,5.643065469883691912e-06,2.649046408562940810e-06,1.341649057794245398e-06,7.189481497059131004e-07,3.965014459218416110e-07,2.229242800854368267e-07,1.277376037657658447e-07,7.162717241201987939e-08,4.292725190417623349e-08,2.203276095423534198e-08,1.556552608507344448e-08,5.073264863764137544e-09,7.259795480052400052e-09,-1.222181938986821592e-09,5.364521679304679047e-09,-3.910551816393992297e-09,5.172020667212201550e-09,-4.519676480296830334e-09,3.859796589549685519e-09,-1.835453213028248598e-09,-1.508209114780938165e-09,6.397468163728270429e-09,-1.268146658972742202e-08,1.933434467084674258e-08,-2.483635001045841895e-08,2.680122970083465006e-08,-2.330716343361405318e-08,1.366645321215775866e-08
1.166145929059012154e+00,-3.238876981299250446e-02,3.232552108217885689e-04,1.415391577561705277e-05,5.678450593022158974e-06,2.661498297932803417e-06,1.344916334178585665e-06,7.188806521690564721e-07,3.952738741757645669e-07,2.215639639674416017e-07,1.264776963308747448e-07,7.068940270204410181e-08,4.216746110705799078e-08,2.156736254432106703e-08,1.516412134576483606e-08,4.897284702765070108e-09,7.046135952482046605e-09,-1.258226196843015288e-09,5.249128388895574204e-09,-3.912352266807750389e-09,5.144318762639876752e-09,-4.577021261997771262e-09,3.955855790290993546e-09,-2.012389284725135674e-09,-1.282198279516956474e-09,6.142035224171449315e-09,-1.246040338531012592e-08,1.921022911577363601e-08,-2.486245164693562382e-08,2.697251566194380779e-08,-2.354554293291372113e-08,1.383853480418917314e-08
1.166303930684807311e+00,-3.277930067393498847e-02,3.302715056570405816e-04,1.425988756751338238e-05,5.713319289676584492e-06,2.673711021193873535e-06,1.348057675903090169e-06,7.187504198742731415e-07,3.940227042281696512e-07,2.201991187531643357e-07,1.252260594698795249e-07,6.976182755037349525e-08,4.142152412733857147e-08,2.111150228505803694e-08,1.477388036907889557e-08,4.726931679410739662e-09,6.839399220581743322e-09,-1.291073581377588653e-09,5.136300238427204956e-09,-3.910649724186976428e-09,5.114700191806084706e-09,-4.628772868470187873e-09,4.046612261422721790e-09,-2.182972933494065071e-09,-1.060825163931751469e-09,5.889174074834649386e-09,-1.223858041386055584e-08,1.908284143464084037e-08,-2.488415909267238657e-08,2.714040232398157171e-08,-2.378246517949211825e-08,1.401051732963232155e-08
1.166463899527077519e+00,-3.316992762557234575e-02,3.373636423875357726e-04,1.436483544224511494e-05,5.747672542096406503e-06,2.685686372696843502e-06,1.351074244646584960e-06,7.185582949554344262e-07,3.927483527457580059e-07,2.188299742162704009e-07,1.239825892017203113e-07,6.884433148383883871e-08,4.068909301765261111e-08,2.066495664084649908e-08,1.439444439511883278e-08,4.561982097639472045e-09,6.639364301397332468e-09,-1.320958287198692460e-09,5.026017442510966049e-09,-3.905725244959801223e-09,5.083310664110232691e-09,-4.675213087328156103e-09,4.132222314432061616e-09,-2.347343160992443334e-09,-8.440969154113048267e-10,5.638961077594761839e-09,-1.201614649979938082e-08,1.895231223347781935e-08,-2.490156010819671861e-08,2.730491794125655680e-08,-2.401793283875186535e-08,1.418239742312366047e-08
1.166625836013266637e+00,-3.356065185014481256e-02,3.445316477301424429e-04,1.446876624752908846e-05,5.781511366097962304e-06,2.697426189013840334e-06,1.353967234645619966e-06,7.183051386101552832e-07,3.914512551354484837e-07,2.174567694797173434e-07,1.227471983326899885e-07,6.793680697473811203e-08,3.996983661928854570e-08,2.022751196140842866e-08,1.402546898239542816e-08,4.402225847743856946e-09,6.445815853295400188e-09,-1.348097120046354291e-09,4.918257424588179383e-09,-3.897841820144076763e-09,5.050289541164848517e-09,-4.716612547576992664e-09,4.212842221232825091e-09,-2.505639055180169938e-09,-6.320140494937495634e-10,5.391466622543111820e-09,-1.179324398515669073e-08,1.881876966021087116e-08,-2.491474178530073136e-08,2.746609075940376066e-08,-2.425194822307935594e-08,1.435417273237815650e-08
1.166789740579506240e+00,-3.395147453022422795e-02,3.517755483890376567e-04,1.457168695532043423e-05,5.814836806615356415e-06,2.708932345326731453e-06,1.356737868723686957e-06,7.179918285436792669e-07,3.901318636275082075e-07,2.160797516917271899e-07,1.215198142511669799e-07,6.703915345681460414e-08,3.926343991340203177e-08,1.979896366733485680e-08,1.366662278137753539e-08,4.247465296147723279e-09,6.258544481274608273e-09,-1.372690745793381240e-09,4.812994538073295248e-09,-3.887245622613555440e-09,5.015770337696984216e-09,-4.753230905228666980e-09,4.288627336612206575e-09,-2.657999614678885347e-09,-4.245703787457075218e-10,5.146755467340738410e-09,-1.157000941917878806e-08,1.868233914965877762e-08,-2.492378982539567023e-08,2.762394960865999227e-08,-2.448451421038083664e-08,1.452584061367723223e-08
1.166955613670553671e+00,-3.434239684871924492e-02,3.590953710521475883e-04,1.467360465754428966e-05,5.847649932111832066e-06,2.720206751743873066e-06,1.359387395788013569e-06,7.176192567568892566e-07,3.887906445858638205e-07,2.146991747303816922e-07,1.203003778260658407e-07,6.615127645008891943e-08,3.856960240512102844e-08,1.937911548767490277e-08,1.331758739571420325e-08,4.097514216816477983e-09,6.077346445532150199e-09,-1.394924876996217478e-09,4.710200689119620199e-09,-3.874166839765158521e-09,4.979880413851639487e-09,-4.785317289993096246e-09,4.359732057573201258e-09,-2.804563457772107915e-09,-2.217539022417516770e-10,4.904886854529069695e-09,-1.134657341570139213e-08,1.854314357402006563e-08,-2.492878904605116963e-08,2.777852343028436310e-08,-2.471563361697987071e-08,1.469739888820820184e-08
1.167123455739736082e+00,-3.473341998888118676e-02,3.664911423873901120e-04,1.477452656237221440e-05,5.879951830328180792e-06,2.731251349976813667e-06,1.361917087461163994e-06,7.171883276266190904e-07,3.874280769355746556e-07,2.133152979264321680e-07,1.190888415346369467e-07,6.527308700184433765e-08,3.788803735940010631e-08,1.896777864027893168e-08,1.297805649752570289e-08,3.952196833689747280e-09,5.902023814119417011e-09,-1.414971528834740866e-09,4.609845328379380547e-09,-3.858820625882164457e-09,4.942741393693800278e-09,-4.813110564619305087e-09,4.426309228758133762e-09,-2.945468718755506199e-09,-2.354700299762174653e-11,4.665914788218317177e-09,-1.112306110889402233e-08,1.840130319343338816e-08,-2.492982302624430213e-08,2.792984149426608331e-08,-2.494530958619539662e-08,1.486884534940280389e-08
1.167293267248898481e+00,-3.512454513430968150e-02,3.739628890388306537e-04,1.487445999065993563e-05,5.911743604249727196e-06,2.742068110268749276e-06,1.364328235423008934e-06,7.166999558229011913e-07,3.860446502819588066e-07,2.119283850601956509e-07,1.178851682559663161e-07,6.440450093158842093e-08,3.721847085646351472e-08,1.856477133740236374e-08,1.264773527055729208e-08,3.811346988014108206e-09,5.732384275591861922e-09,-1.432989928107364364e-09,4.511895767590756723e-09,-3.841408030211268532e-09,4.904469052668253282e-09,-4.836839631941480810e-09,4.488510022644318087e-09,-3.080852805942974060e-09,1.700729952919602384e-10,4.429888217100802494e-09,-1.089959211699343539e-08,1.825693561911465035e-08,-2.492697436309865289e-08,2.807793325100560455e-08,-2.517354531512278060e-08,1.504017799885959406e-08
1.167465048668352434e+00,-3.551577346895817833e-02,3.815106376239829622e-04,1.497341237272509923e-05,5.943026367735476309e-06,2.752659028739746008e-06,1.366622149234514999e-06,7.161550646306216045e-07,3.846408630084688363e-07,2.105387034026864890e-07,1.166893301637883518e-07,6.354543812588792084e-08,3.656064066510228416e-08,1.816991819156288379e-08,1.232634012394984158e-08,3.674807402820334801e-09,5.568240986353334421e-09,-1.449127491615076480e-09,4.416317483588172443e-09,-3.822116768914529672e-09,4.865173474375220075e-09,-4.856723810446605949e-09,4.546483656242029936e-09,-3.210852246408879562e-09,3.591334858622438619e-10,4.196851211609592402e-09,-1.067628084831968860e-08,1.811015587884282074e-08,-2.492032452876963289e-08,2.822282834866185475e-08,-2.540034425065756940e-08,1.521139500471058170e-08
1.167638800476827887e+00,-3.590710617713943620e-02,3.891344147309815094e-04,1.507139124573130678e-05,5.973801241902082504e-06,2.763026124597304720e-06,1.368800153877039461e-06,7.155545843529238781e-07,3.832172209617713821e-07,2.091465227263902826e-07,1.155013074930974493e-07,6.269582215282648585e-08,3.591429558781611409e-08,1.778304964221433249e-08,1.201359799314627441e-08,3.542428878011705251e-09,5.409412646983913220e-09,-1.463520804545481724e-09,4.323074238431895422e-09,-3.801122042124127631e-09,4.824959244425705562e-09,-4.872973098819788351e-09,4.600377070170663663e-09,-3.335602542439697338e-09,5.436662341021594735e-10,3.966843190299912392e-09,-1.045323665951544689e-08,1.796107640958735652e-08,-2.490995391294520411e-08,2.836455656376329904e-08,-2.562570995245233574e-08,1.538249465998786647e-08
1.167814523161430973e+00,-3.629854444353117215e-02,3.968342469156151131e-04,1.516840425101577405e-05,6.004069351857365192e-06,2.773171437745912057e-06,1.370863587506297027e-06,7.148994508228163208e-07,3.817742360409832891e-07,2.077521145194341501e-07,1.143210875530903392e-07,6.185557976760847065e-08,3.527919466370793566e-08,1.740400158364852068e-08,1.170924590968014378e-08,3.414069721374701771e-09,5.255723328767558655e-09,-1.476296355995554421e-09,4.232128290176939700e-09,-3.778587269465116805e-09,4.783925545200767848e-09,-4.885788469979890358e-09,4.650334879110692987e-09,-3.455238014975214877e-09,7.237069154673522742e-10,3.739899105247718181e-09,-1.023056392244125687e-08,1.780980706141133130e-08,-2.489594186534660469e-08,2.850314779340168414e-08,-2.584964614842782948e-08,1.555347532711248704e-08
1.167992217217598938e+00,-3.669008945318134873e-02,4.046101606994013944e-04,1.526445913192005926e-05,6.033831823223706134e-06,2.783097026426515491e-06,1.372813799742789859e-06,7.141906040260184024e-07,3.803124247296618687e-07,2.063557512006243544e-07,1.131486639205196709e-07,6.102464050403155760e-08,3.465510635663332506e-08,1.703261488621155006e-08,1.141303060045451012e-08,3.289595221223073906e-09,5.107002355730916321e-09,-1.487571371638907181e-09,4.143440659586800079e-09,-3.754664728433665388e-09,4.742166338214323651e-09,-4.895362242310352663e-09,4.696499126448719363e-09,-3.569891659192803157e-09,8.992948641621187345e-10,3.516049610317872887e-09,-1.000836230666442284e-08,1.765645512305860643e-08,-2.487836662026787771e-08,2.863863206824246443e-08,-2.607215669487433773e-08,1.572433555585561749e-08
1.168171883149063062e+00,-3.708174239151423857e-02,4.124621825672414310e-04,1.535956373175783457e-05,6.063089779231953941e-06,2.792804965240022752e-06,1.374652149567587994e-06,7.134289867348660164e-07,3.788323071473448378e-07,2.049577054906090434e-07,1.119840354240134173e-07,6.020293616664645908e-08,3.404180810243767619e-08,1.666873517425920825e-08,1.112470785803731932e-08,3.168877008019599373e-09,4.963084332398892684e-09,-1.497454424348454438e-09,4.056971225976924167e-09,-3.729496367982365612e-09,4.699770527393995478e-09,-4.901878263539882763e-09,4.739009112323007422e-09,-3.679695042158731555e-09,1.070472757744994619e-09,3.295321298821263234e-09,-9.786726894763907864e-09,1.750112533409689530e-08,-2.485730537290370412e-08,2.877103944930875512e-08,-2.629324559032947262e-08,1.589507395149958313e-08
1.168353521467809131e+00,-3.747350444433562161e-02,4.203903389655323786e-04,1.545372599216863346e-05,6.091844337815111726e-06,2.802297343058044246e-06,1.376380003801844221e-06,7.126155434475280742e-07,3.773344058695046743e-07,2.035582497752347342e-07,1.108272055139365719e-07,5.939040063429948391e-08,3.343908550491186960e-08,1.631221230053575555e-08,1.084404240708769507e-08,3.051792707431388862e-09,4.823808859300005025e-09,-1.506046155841378464e-09,3.972678966606552065e-09,-3.703214283834466158e-09,4.656822093305340582e-09,-4.905512342688600480e-09,4.778001338762855044e-09,-3.784778174892311498e-09,1.237286266389352185e-09,3.077736827113847218e-09,-9.565748273403316265e-09,1.734391995560774502e-08,-2.483283428715565844e-08,2.890040005660426958e-08,-2.651291695996566000e-08,1.606568924422679956e-08
1.168537132694043468e+00,-3.786537679783825994e-02,4.283946563002523356e-04,1.554695395159042676e-05,6.120096608946187094e-06,2.811576261244801492e-06,1.377998735522124180e-06,7.117512192816866090e-07,3.758192449270468527e-07,2.021576555200771397e-07,1.096781815268683957e-07,5.858696946938607431e-08,3.284673188996833915e-08,1.596290023862106944e-08,1.057080735271387351e-08,2.938225399096161539e-09,4.689020609294214381e-09,-1.513439887301792908e-09,3.890522069002061434e-09,-3.675941398495474743e-09,4.613400280718826796e-09,-4.906432454765408124e-09,4.813609384571662653e-09,-3.885269442109595683e-09,1.399783823249380055e-09,2.863315142279110326e-09,-9.345512773373254589e-09,1.718493873332366251e-08,-2.480502843491688703e-08,2.902674406824595765e-08,-2.673117505212069256e-08,1.623618023360862139e-08
1.168722717356156959e+00,-3.825736063860740027e-02,4.364751609354580730e-04,1.563925574363418669e-05,6.147847691990570435e-06,2.820643832053592107e-06,1.379509722603238647e-06,7.108369588254993127e-07,3.742873488769317414e-07,2.007561928397960660e-07,1.085369741265877763e-07,5.779257957871236639e-08,3.226454775486636839e-08,1.562065680971169712e-08,1.030478377454790984e-08,2.828063228044186417e-09,4.558569063894957196e-09,-1.519722112042209972e-09,3.810458171649849790e-09,-3.647791986874371339e-09,4.569579748880253645e-09,-4.904799002711235367e-09,4.845963831601185490e-09,-3.981295456072925232e-09,1.558016321750836652e-09,2.652071634783731424e-09,-9.126102558766960304e-09,1.702427893535835013e-08,-2.477396183250130113e-08,2.915010165801396047e-08,-2.694802423135883584e-08,1.640654582329981181e-08
1.168910275990696856e+00,-3.864945715362634593e-02,4.446318791917064361e-04,1.573063959623473979e-05,6.175098673459134338e-06,2.829502176898571544e-06,1.380914346353883521e-06,7.098737054883792752e-07,3.727392420393299544e-07,1.993541298836096209e-07,1.074035966626592231e-07,5.700716912068748421e-08,3.169234031284717812e-08,1.528534332266573426e-08,1.004576050643579688e-08,2.721199224287040863e-09,4.432308492452463611e-09,-1.524973120003991767e-09,3.732444365731057978e-09,-3.618872207108991823e-09,4.525430825647741573e-09,-4.900765135720797083e-09,4.875192160993385704e-09,-4.072981040111056661e-09,1.712036910134738521e-09,2.444018291783769947e-09,-8.907595762180312710e-09,1.686203543503975166e-08,-2.473970748140957854e-08,2.927050298060646094e-08,-2.716346897586874309e-08,1.657678501409964866e-08
1.169099809142333468e+00,-3.904166753028188996e-02,4.528648373444098263e-04,1.582111383065069876e-05,6.201850624917674970e-06,2.838153424909077918e-06,1.382213990176132251e-06,7.088624004393442174e-07,3.711754477603648739e-07,1.979517325104672432e-07,1.062780646309338661e-07,5.623067725942648698e-08,3.112992302128914091e-08,1.495682444389856425e-08,9.793533718369107355e-09,2.617530706072734858e-09,4.310097841131454999e-09,-1.529267282252000371e-09,3.656437439717580284e-09,-3.589280659146987240e-09,4.481019588156373579e-09,-4.894476985164986083e-09,4.901418756975139956e-09,-4.160449118030540294e-09,1.861900731031998490e-09,2.239163882306396958e-09,-8.690066640891155880e-09,1.669830069052705146e-08,-2.470233731281801237e-08,2.938797819592581240e-08,-2.737751386965719957e-08,1.674689685537966710e-08
1.169291317363834626e+00,-3.943399295636992874e-02,4.611740616228786338e-04,1.591068686057541676e-05,6.228104600604052535e-06,2.846599711642467181e-06,1.383410038539780590e-06,7.078039819207165156e-07,3.695964876249818731e-07,1.965492639503449435e-07,1.051603953192321861e-07,5.546304388459252777e-08,3.057711518272138163e-08,1.463496804039038368e-08,9.547906618112556032e-09,2.516959252130135383e-09,4.191800587194371985e-09,-1.532673675475049180e-09,3.582393966541919106e-09,-3.559108773323882424e-09,4.436408034772659770e-09,-4.886073977708460525e-09,4.924764859370184267e-09,-4.243820655568802946e-09,2.007664713188188343e-09,2.037514110339241902e-09,-8.473585728213921947e-09,1.653316477907146309e-08,-2.466192224135493882e-08,2.950255741270002563e-08,-2.759016358433452609e-08,1.691688044508365962e-08
1.169484801216036374e+00,-3.982643462010097141e-02,4.695595782089299897e-04,1.599936719159922305e-05,6.253861635655954404e-06,2.854843177654700984e-06,1.384503875823984986e-06,7.066993845468612367e-07,3.680028809269902945e-07,1.951469843462783071e-07,1.040506072747839073e-07,5.470420948432835884e-08,3.003374165946176566e-08,1.431964494202908611e-08,9.308689085177346278e-09,2.419390229824180949e-09,4.077284648795753697e-09,-1.535256380358340778e-09,3.510270399874337865e-09,-3.528441320371777934e-09,4.391654306705461419e-09,-4.875689013986161946e-09,4.945348508196382997e-09,-4.323214605750358430e-09,2.149387379993435154e-09,1.839071751223025908e-09,-8.258219898605971554e-09,1.636671546770621100e-08,-2.461853214341669371e-08,2.961427070843208886e-08,-2.780142290166598418e-08,1.708673502687219070e-08
1.169680261267819876e+00,-4.021899371010516366e-02,4.780214132355832535e-04,1.608716342047129821e-05,6.279122744264498818e-06,2.862885967495291256e-06,1.385496885247805565e-06,7.055495384769398803e-07,3.663951441404064702e-07,1.937451506225235098e-07,1.029487198957006189e-07,5.395411499086594231e-08,2.949963248764092549e-08,1.401072889303800473e-08,9.075697440102947766e-09,2.324732698011366949e-09,3.966422301715510912e-09,-1.537074890978207264e-09,3.440023187313567821e-09,-3.497356756629321772e-09,4.346812857141529873e-09,-4.863448793863967001e-09,4.963284552556186668e-09,-4.398747858146145884e-09,2.287128626570454626e-09,1.643836810161919404e-09,-8.044032526665842453e-09,1.619903822278750960e-08,-2.457223590227042287e-08,2.972314807909298695e-08,-2.801129667193841266e-08,1.725645986522250652e-08
1.169877698096085883e+00,-4.061167141543822051e-02,4.865595927863453074e-04,1.617408423494268166e-05,6.303888917703155334e-06,2.870730228531374537e-06,1.386390448140321224e-06,7.043553689829642334e-07,3.647737901986761178e-07,1.923440160981476632e-07,1.018547533069430466e-07,5.321270160271729388e-08,2.897462243224568912e-08,1.370809634207437178e-08,8.848754265780578443e-09,2.232899018461687035e-09,3.859089929558745524e-09,-1.538184468685699358e-09,3.371608910899409617e-09,-3.465927711499006136e-09,4.301934537114318613e-09,-4.849473982972141162e-09,4.978684654322919345e-09,-4.470535230199912391e-09,2.420949549121129141e-09,1.451806746870232256e-09,-7.831083588939833501e-09,1.603021620435671202e-08,-2.452310136555335696e-08,2.982921947381617089e-08,-2.821978986947137891e-08,1.742605423848964108e-08
1.170077112285734078e+00,-4.100446892558703982e-02,4.951741428938921663e-04,1.626013841368994378e-05,6.328161122871010791e-06,2.878378109798891346e-06,1.387185942916275422e-06,7.031177958545693774e-07,3.631393282041081583e-07,1.909438301674060146e-07,1.007687278086789873e-07,5.247991080288907928e-08,2.845855087869886280e-08,1.341162626008335357e-08,8.627687996323740727e-09,2.143804855858633118e-09,3.755168065389113963e-09,-1.538636440479024259e-09,3.304984327445054104e-09,-3.434221296227946141e-09,4.257066847472568138e-09,-4.833879569191013026e-09,4.991657277624017564e-09,-4.538689328016654034e-09,2.550912299318155996e-09,1.262976430035922526e-09,-7.619429824275505969e-09,1.586033039017303858e-08,-2.447119533486447063e-08,2.993251473158015097e-08,-2.842690750241155806e-08,1.759551755686761254e-08
1.170278504429640432e+00,-4.139738743047448322e-02,5.038650895389344686e-04,1.634533482565772577e-05,6.351940300717423549e-06,2.885831761348378599e-06,1.387884744218689098e-06,7.018377327786332054e-07,3.614922630297556783e-07,1.895448383140534154e-07,9.969066365076925673e-08,5.175568408826575206e-08,2.795126153882360187e-08,1.312120019407447824e-08,8.412332672472211392e-09,2.057368886365651406e-09,3.654541211317585692e-09,-1.538478483498195715e-09,3.240106404532594464e-09,-3.402299471669256725e-09,4.212254070502449710e-09,-4.816774926835742932e-09,5.002307726896526585e-09,-4.603320659553322702e-09,2.677079896195970476e-09,1.077338446318215626e-09,-7.409124801096428348e-09,1.568945952410555345e-08,-2.441658367852150846e-08,3.003306363932173317e-08,-2.863265469860154511e-08,1.776484922361154517e-08
1.170481875128637217e+00,-4.179042812046526723e-02,5.126324586500717595e-04,1.642968243034149955e-05,6.375227364391507223e-06,2.893093333080753310e-06,1.388488222526813171e-06,7.005160870018727060e-07,3.598330946654251794e-07,1.881472817544249665e-07,9.862058099677217804e-08,5.103996295963489360e-08,2.745260199721322181e-08,1.283670201645409348e-08,8.202527934653147668e-09,1.973512644970476515e-09,3.557097665030095612e-09,-1.537754937275259692e-09,3.176932528679843326e-09,-3.370219400430918277e-09,4.167537338665983082e-09,-4.798264151457953819e-09,5.010738195134097073e-09,-4.664537536606949697e-09,2.799516081951856916e-09,8.948831762417563951e-10,-7.200219039266500531e-09,1.551768020503774270e-08,-2.435933121359978859e-08,3.013089583132205762e-08,-2.883703663011938367e-08,1.793404875993775960e-08
1.170687224991494135e+00,-4.218359218637163233e-02,5.214762761021514426e-04,1.651319027791767202e-05,6.398023198320125157e-06,2.900164973929390475e-06,1.388997743035063487e-06,6.991537589541921283e-07,3.581623181300730430e-07,1.867513972414122647e-07,9.755849945166511494e-08,5.033268892732506439e-08,2.696242375633400856e-08,1.255801787732047092e-08,7.998118464400127969e-09,1.892160317318314355e-09,3.462729609993164814e-09,-1.536506977206641977e-09,3.115420382608646843e-09,-3.338033726166256265e-09,4.122954936009240456e-09,-4.778446261941016182e-09,5.017047679969736940e-09,-4.722446044890665773e-09,2.918285249738084008e-09,7.155988937263685346e-10,-6.992760173316590888e-09,1.534506693500609087e-08,-2.429950176057599220e-08,3.022604084471774977e-08,-2.904005854710567380e-08,1.810311563155142522e-08
1.170894554634901885e+00,-4.257688081945827652e-02,5.303965677153181513e-04,1.659586750942659839e-05,6.420328656824665289e-06,2.907048831241910991e-06,1.389414665162527762e-06,6.977516417250133329e-07,3.564804231573868998e-07,1.853574169664515270e-07,9.650443788446899651e-08,4.963380333296296687e-08,2.648058194942848331e-08,1.228503616109571928e-08,7.798953973944811047e-09,1.813238642567327474e-09,3.371332775448099284e-09,-1.534772975375631177e-09,3.055528129125573145e-09,-3.305790859803314774e-09,4.078542338277826862e-09,-4.757415360961969597e-09,5.021332123863152253e-09,-4.777150060947255028e-09,3.033452193319623180e-09,5.394718840482509714e-10,-6.786792918237957717e-09,1.517169212136848522e-08,-2.423715823006433734e-08,3.031852811169466477e-08,-2.924172574480382591e-08,1.827204946375227124e-08
1.171103864683453510e+00,-4.297029521144796887e-02,5.393933592548680322e-04,1.667772335685931834e-05,6.442144562483461193e-06,2.913747050025143268e-06,1.389740342066375645e-06,6.963106206723124886e-07,3.547878938033044438e-07,1.839655685235280780e-07,9.545841432806803639e-08,4.894324724929316472e-08,2.600693508204160453e-08,1.201764738244237574e-08,7.604889032744588384e-09,1.736676871755271634e-09,3.282806464166565519e-09,-1.532588514430166526e-09,2.997214485715021803e-09,-3.273535324754828224e-09,4.034332338901172599e-09,-4.735260896934767594e-09,5.023684453132025440e-09,-4.828751221357813206e-09,3.145082069669173641e-09,3.664866027840163465e-10,-6.582359299007849163e-09,1.499762610542715313e-08,-2.417236248837550949e-08,3.040838692826286493e-08,-2.944204360345870075e-08,1.844084979163440607e-08
1.171315155769629524e+00,-4.336383655452738517e-02,5.484666764300344388e-04,1.675876714362593140e-05,6.463471705159913247e-06,2.920261772250149629e-06,1.389976120087180883e-06,6.948315732250784360e-07,3.530852081649882290e-07,1.825760747500154713e-07,9.442044590505030421e-08,4.826096151964304193e-08,2.554134481864978046e-08,1.175574412815016956e-08,7.415782774314316761e-09,1.662406434732588423e-09,3.197053330405985605e-09,-1.529986817794259935e-09,2.940438708059350814e-09,-3.241307951207250682e-09,3.990355238511072988e-09,-4.712067812329134853e-09,5.024194586408792240e-09,-4.877348979120260664e-09,3.253240285125934272e-09,1.966257740394078413e-10,-6.379498725724713770e-09,1.482293723138392028e-08,-2.410517545119172933e-08,3.049564646639968402e-08,-2.964101755969367202e-08,1.860951630294760406e-08
1.171528428533782806e+00,-4.375750604135196509e-02,5.576165448930719970e-04,1.683900828501616598e-05,6.484310840836537623e-06,2.926595136245289941e-06,1.390123338213759135e-06,6.933153685016735235e-07,3.513728381887050445e-07,1.811891536260615276e-07,9.339054859265269459e-08,4.758688675488703668e-08,2.508367589072052484e-08,1.149922097386929520e-08,7.231498838980443544e-09,1.590361037306919911e-09,3.113979393787325023e-09,-1.526998742729102077e-09,2.885160637310091314e-09,-3.209146101634807735e-09,3.946638942086203028e-09,-4.687916759643639963e-09,5.022949463914100354e-09,-4.923040506938508587e-09,3.357992368760789881e-09,2.987045810351474096e-11,-6.178248038277329990e-09,1.464769188840725489e-08,-2.403565709570981701e-08,3.058033574802887511e-08,-2.983865307702032732e-08,1.877804868544163952e-08
1.171743683624125509e+00,-4.415130486505164376e-02,5.668429902386910857e-04,1.691845628855673245e-05,6.504662690556134441e-06,2.932749276194886526e-06,1.390183327453029666e-06,6.917628671079551622e-07,3.496512496260241465e-07,1.798050181219326693e-07,9.236873701025730132e-08,4.692096327533340494e-08,2.463379605160964658e-08,1.124797438176172726e-08,7.051905032140481921e-09,1.520476494709654958e-09,3.033493962967259705e-09,-1.523653071766606359e-09,2.831340661490350241e-09,-3.177083972641381315e-09,3.903209186851414048e-09,-4.662884254061361311e-09,5.020033070441895506e-09,-4.965920801739548418e-09,3.459403915564117360e-09,-1.337997703083904089e-10,-5.978641653904721853e-09,1.447195449762184172e-08,-2.396386641467102008e-08,3.066248365109214280e-08,-3.003495569180864022e-08,1.894644658523292335e-08
1.171960921696714397e+00,-4.454523421923635429e-02,5.761460380031904749e-04,1.699712075476679518e-05,6.524527939323490969e-06,2.938726321507134295e-06,1.390157410585853015e-06,6.901749209583824679e-07,3.479209016664895626e-07,1.784238762400809641e-07,9.135502448704563294e-08,4.626313098235468324e-08,2.419157572267766065e-08,1.100190277249224469e-08,6.876873247935177957e-09,1.452690578940263322e-09,2.955509378899101591e-09,-1.519976575159454057e-09,2.778939924962670061e-09,-3.145152784045368577e-09,3.860089486116061175e-09,-4.637042904168109381e-09,5.015526658162967888e-09,-5.006082621356044982e-09,3.557540392698857468e-09,-2.944068025392126975e-10,-5.780711581616047867e-09,1.429578762443192708e-08,-2.388986150916871942e-08,3.074211888613037624e-08,-3.022993096558207471e-08,1.911470982884910796e-08
1.172180143415440412e+00,-4.493929529800105849e-02,5.855257136637044557e-04,1.707501137769747157e-05,6.543907235061511771e-06,2.944528396353531668e-06,1.390046901876898500e-06,6.885523729108569690e-07,3.461822467819286597e-07,1.770459309752454857e-07,9.034942296615514068e-08,4.561332943775128768e-08,2.375688797854463852e-08,1.076090639685889361e-08,6.706279363430378559e-09,1.386942949377356626e-09,2.879941042588374245e-09,-1.515994212109017525e-09,2.727920240391812357e-09,-3.113380910718666073e-09,3.817301337657660887e-09,-4.610461568077539596e-09,5.009508615544909504e-09,-5.043616482357932140e-09,3.652467155113026109e-09,-4.519738797635619587e-10,-5.584487605962869250e-09,1.411925196811297800e-08,-2.381369950711642591e-08,3.081927004225382127e-08,-3.042358452578358685e-08,1.928283810403996767e-08
1.172401349452015129e+00,-4.533348929593157550e-02,5.949820426374048676e-04,1.715213794556413873e-05,6.562801187708945660e-06,2.950157619349908292e-06,1.389853106457082654e-06,6.868960566153679836e-07,3.444357306982628875e-07,1.756713802541706726e-07,8.935194280561969959e-08,4.497149783296017223e-08,2.332960845254777871e-08,1.052488727767975085e-08,6.540003020041873505e-09,1.323175180534263973e-09,2.806707179170420119e-09,-1.511729262604344370e-09,2.678244130811802126e-09,-3.081794154938255481e-09,3.774864350573545191e-09,-4.583205452310390449e-09,5.002054635945551997e-09,-5.078610792758758707e-09,3.744249356960396846e-09,-6.065254140943943106e-10,-5.389997301567459043e-09,1.394240635487278834e-08,-2.373543660748322903e-08,3.089396552902884396e-08,-3.061592206317353959e-08,1.945083123733315489e-08
1.172624540485962985e+00,-4.572781740811002194e-02,6.045150502806372061e-04,1.722851034174650159e-05,6.581210368378177453e-06,2.955616102998928282e-06,1.389577320085912115e-06,6.852067963886588481e-07,3.426817922480562828e-07,1.743004169030802630e-07,8.836259276579286337e-08,4.433757495305931662e-08,2.290961519015727310e-08,1.029374920719083875e-08,6.377927521186710358e-09,1.261330553892214823e-09,2.735728962810490827e-09,-1.507203438444459920e-09,2.629874790594649570e-09,-3.050415923327998158e-09,3.732796372999877543e-09,-4.555336319961300617e-09,4.993237655596602376e-09,-5.111151762243748564e-09,3.832951893487264450e-09,-7.580870089660129985e-10,-5.197266195265237004e-09,1.376530787012414381e-08,-2.365512807508962645e-08,3.096623355219180196e-08,-3.080694924422616721e-08,1.961868906913410981e-08
1.172849717204608844e+00,-4.612228083011990498e-02,6.141247618881885695e-04,1.730413854544431834e-05,6.599135308446449702e-06,2.960905953289152265e-06,1.389220828895178228e-06,6.834854070713290708e-07,3.409208632425796137e-07,1.729332286177533151e-07,8.738138004360865296e-08,4.371149928215217750e-08,2.249678850846370537e-08,1.006739764122799308e-08,6.219939655341399920e-09,1.201354044022551193e-09,2.666930183636839757e-09,-1.502436980382881870e-09,2.582776200809461242e-09,-3.019267337880937596e-09,3.691113545671240170e-09,-4.526912665038518302e-09,4.983128065782008176e-09,-5.141323418215992813e-09,3.918639238076858378e-09,-9.066853747831393751e-10,-5.006317694981107097e-09,1.358801188103622715e-08,-2.357282836290552908e-08,3.103610218824215394e-08,-3.099667177878379087e-08,1.978641141903159095e-08
1.173076880303069114e+00,-4.651688075805197192e-02,6.238112026925486664e-04,1.737903263254996639e-05,6.616576498594392217e-06,2.966029269494026288e-06,1.388784909078875224e-06,6.817326938990311141e-07,3.391533684310443775e-07,1.715699979839072076e-07,8.640831009130295337e-08,4.309320887846759818e-08,2.209101097362664579e-08,9.845739747799120423e-09,6.065929649204382379e-09,1.143192276953364228e-09,2.600237324068555012e-09,-1.497448734455453234e-09,2.536913104936311392e-09,-2.988367480555309541e-09,3.649830343553997491e-09,-4.497989807006330665e-09,4.971793709693771157e-09,-5.169207700338879219e-09,4.001375462957604268e-09,-1.052348159134852690e-09,-4.817173297896274603e-09,1.341057198145714779e-08,-2.348859092643484914e-08,3.110359934194173448e-08,-3.118509547036379947e-08,1.995399814824772022e-08
1.173306030484244644e+00,-4.691161838850915755e-02,6.335743978629973516e-04,1.745320277665544928e-05,6.633534388174365873e-06,2.970988143720853722e-06,1.388270826558832272e-06,6.799494523446105582e-07,3.373797253973867538e-07,1.702109025084226623e-07,8.544338666585313269e-08,4.248264135961465904e-08,2.169216729592388093e-08,9.628684346368876490e-09,5.915790905752782436e-09,1.086793322002677087e-09,2.535579510243302082e-09,-1.492256339330477743e-09,2.492250935574175097e-09,-2.957733415825947176e-09,3.608959821309667970e-09,-4.468620088543540092e-09,4.959299918644299865e-09,-5.194884397652366204e-09,4.081224203099191594e-09,-1.195103949396675302e-09,-4.629852658536142557e-09,1.323304011030881910e-08,-2.340246833820724959e-08,3.116875272983488099e-08,-3.137222612248358189e-08,2.012144913882130126e-08
1.173537168458810509e+00,-4.730649491861239897e-02,6.434143725048240003e-04,1.752665924991715640e-05,6.650009384371723814e-06,2.975784660745779686e-06,1.387679836889303686e-06,6.781364680222626284e-07,3.356003445129963902e-07,1.688561146245479150e-07,8.448661178127314653e-08,4.187973401664074613e-08,2.130014424474996337e-08,9.416141815918321889e-09,5.769420026793814493e-09,1.032106899945262057e-09,2.472888172011522556e-09,-1.486876316514340601e-09,2.448755948014635919e-09,-2.927380397116374766e-09,3.568513563421624180e-09,-4.438852969218531896e-09,4.945709607584621026e-09,-5.218431256559519227e-09,4.158248525891472536e-09,-1.334982156070418924e-09,-4.444373579988274148e-09,1.305546658628142787e-08,-2.331451232680942232e-08,3.123158986984009289e-08,-3.155806953085427136e-08,2.028876430054671332e-08
1.173770294945211790e+00,-4.770151154600570792e-02,6.533311516583872880e-04,1.759941242413052415e-05,6.666001851377998874e-06,2.980420897586832235e-06,1.387013185029286472e-06,6.762945166450314710e-07,3.338156288603885691e-07,1.675058016441938191e-07,8.353798577236462575e-08,4.128442379364855030e-08,2.091483050636888663e-08,9.208024139180370771e-09,5.626716684595245432e-09,9.790841470902478250e-10,2.412097244164357335e-09,-1.481323987084781635e-09,2.406395174271713788e-09,-2.897322080169795200e-09,3.528501847259099544e-09,-4.408735135644215042e-09,4.931083301992593426e-09,-5.239923977790744702e-09,4.232510957924255635e-09,-1.472012960308799467e-09,-4.260752188242102056e-09,1.287790010262926388e-08,-2.322477371790448997e-08,3.129213812028130981e-08,-3.174263154756551408e-08,2.045594356403501735e-08
1.174005410669653138e+00,-4.809666946886197864e-02,6.633247602985947733e-04,1.767147277184719784e-05,6.681512109733877061e-06,2.984898923452964856e-06,1.386272105006417649e-06,6.744243638977416577e-07,3.320259742735365283e-07,1.661601258988801288e-07,8.259750716547997751e-08,4.069664720756510645e-08,2.053611673508842772e-08,9.004244878353662163e-09,5.487583396371342737e-09,9.276775320143926251e-10,2.353142881938996567e-09,-1.475613679857712413e-09,2.365136413974566754e-09,-2.867570497028237853e-09,3.488933724392351277e-09,-4.378310711379562736e-09,4.915479231439555396e-09,-5.259436202959683060e-09,4.304073429909835435e-09,-1.606227253633796259e-09,-4.079002900150754257e-09,1.270038776793672164e-08,-2.313330250795775367e-08,3.135042465213233598e-08,-3.192591806460559622e-08,2.062298681826391089e-08
1.174242516366096334e+00,-4.849196988588832385e-02,6.733952233336434889e-04,1.774285086748872420e-05,6.696540435681495179e-06,2.989220799268742235e-06,1.385457819948199276e-06,6.725267655124586574e-07,3.302317692572068197e-07,1.648192446131006850e-07,8.166517269630330089e-08,4.011634050383322547e-08,2.016389539453294910e-08,8.804719080560130529e-09,5.351925564181514439e-09,8.778409388288110904e-10,2.295963537346512595e-09,-1.469758870165094322e-09,2.324948198371978858e-09,-2.838136215627118375e-09,3.449817028398916019e-09,-4.347621332390083637e-09,4.898953436275818585e-09,-5.277039583518466914e-09,4.372997164359647415e-09,-1.737656552935201715e-09,-3.899138542368032340e-09,1.252297519242079327e-08,-2.304014781739915918e-08,3.140647641605709417e-08,-3.210793496615654830e-08,2.078989407017228785e-08
1.174481612776252293e+00,-4.888741399633128593e-02,6.835425656039964548e-04,1.781355738852789805e-05,6.711087060564877027e-06,2.993388577642031034e-06,1.384571541655256477e-06,6.706024671062921910e-07,3.284333951170635701e-07,1.634833100743263157e-07,8.074097731115142951e-08,3.954343956186906484e-08,1.979806080968510296e-08,8.609363289988070100e-09,5.219651259824598100e-09,8.295295561566717879e-10,2.240499799577300166e-09,-1.463772089649317820e-09,2.285799842807745286e-09,-2.809028497655075007e-09,3.411158565032670897e-09,-4.316706225977740008e-09,4.881559732936198437e-09,-5.292803813717467110e-09,4.439342725349147700e-09,-1.866332938020576204e-09,-3.721170426483622062e-09,1.234570645800708855e-08,-2.294535789929691427e-08,3.146032019358396825e-08,-3.228868815981916773e-08,2.095666524343231529e-08
1.174722700649576623e+00,-4.928300299998233935e-02,6.937668118819073637e-04,1.788360311653306584e-05,6.725152170053210962e-06,2.997404302751459707e-06,1.383614470649042333e-06,6.686522041072368028e-07,3.266312257753541115e-07,1.621524697327514364e-07,7.982491423289342358e-08,3.897787990416942683e-08,1.943850900295446271e-08,8.418095527075453166e-09,5.090671214430519953e-09,7.826997938664703724e-10,2.186694297856561775e-09,-1.457665092796656126e-09,2.247661467537354074e-09,-2.780255374881801522e-09,3.372964025704500157e-09,-4.285602345222017107e-09,4.863349878630324197e-09,-5.306796678310188309e-09,4.503169962030879880e-09,-1.992289036002736768e-09,-3.545108387729110910e-09,1.216862418858613570e-08,-2.284898021655268341e-08,3.151198258409537711e-08,-3.246818358008246586e-08,2.112330033110509930e-08
1.174965780743265631e+00,-4.967873809718326844e-02,7.040679868703901556e-04,1.795299893838850358e-05,6.738735903370198996e-06,3.001270010044793449e-06,1.382587796184848311e-06,6.666767018318007360e-07,3.248256277830520455e-07,1.608268661076189820e-07,7.891697497786412385e-08,3.841959683725804098e-08,1.908513765080943614e-08,8.230835219120991031e-09,4.964898785500548861e-09,7.373093247053930099e-10,2.134491625116474722e-09,-1.451448815303901796e-09,2.210503932675855765e-09,-2.751823695995581076e-09,3.335238189794420549e-09,-4.254344517298780382e-09,4.844373545538627202e-09,-5.319084045614375089e-09,4.564537977301032223e-09,-2.115557899652273366e-09,-3.370960846506461384e-09,1.199176957429951007e-08,-2.275106137424737218e-08,3.156148996319441125e-08,-3.264642717704796526e-08,2.128979930543506427e-08
1.175210853822251433e+00,-5.007462048883191963e-02,7.144461152019596084e-04,1.802175584780883050e-05,6.751838353036884038e-06,3.004987726108179422e-06,1.381492695819424438e-06,6.646766754951974332e-07,3.230169605432028912e-07,1.595066368119402167e-07,7.801714925351546648e-08,3.786852537622509285e-08,1.873784609852241489e-08,8.047503228907071371e-09,4.842249675882093207e-09,6.933169871548017227e-10,2.083838414324024058e-09,-1.445133561428502134e-09,2.174298797431861718e-09,-2.723739249768653004e-09,3.297984990571073416e-09,-4.222965520675470152e-09,4.824678385322370144e-09,-5.329729918686354484e-09,4.623505131810985713e-09,-2.236173007180708439e-09,-3.198734907429879454e-09,1.181518240753534621e-08,-2.265164715867240552e-08,3.160886852780764311e-08,-3.282342489387829465e-08,2.145616218723889190e-08
1.175457920659200184e+00,-5.047065137638730159e-02,7.249012214376633623e-04,1.808988494642668060e-05,6.764459564207250808e-06,3.008559468625814429e-06,1.380330335427025490e-06,6.626528300849275632e-07,3.212055761877587179e-07,1.581919148131369357e-07,7.712542503604535860e-08,3.732460021350220147e-08,1.839653531593432589e-08,7.868021880720610373e-09,4.722641992749299078e-09,6.506828270635978129e-10,2.034683102558609846e-09,-1.438728941538514050e-09,2.139018426793037886e-09,-2.696006856997557044e-09,3.261207442983860005e-09,-4.191496132815997200e-09,4.804310192079233599e-09,-5.338796467847101157e-09,4.680128931101867895e-09,-2.354168193285238742e-09,-3.028436296062617800e-09,1.163890109420404051e-08,-2.255078257636100592e-08,3.165414426582746632e-08,-3.299918272230834004e-08,2.162238894876100659e-08
1.175706982034506964e+00,-5.086683196187496286e-02,7.354333300663394579e-04,1.815739744515272591e-05,6.776599533822981816e-06,3.011987246110412256e-06,1.379101869288749255e-06,6.606058605143020485e-07,3.193918194843367586e-07,1.568828282764826720e-07,7.624178870353770510e-08,3.678775586761495742e-08,1.806110778556496710e-08,7.692314816371004227e-09,4.605996164336323417e-09,6.093679172369803609e-10,1.986975944889834977e-09,-1.432243920684861394e-09,2.104635937749677055e-09,-2.668630419075390670e-09,3.224907773550361734e-09,-4.159965313194069481e-09,4.783312886622384519e-09,-5.346344079254494730e-09,4.734466079706241282e-09,-2.469577584963966732e-09,-2.860069546592371864e-09,1.146296271055044502e-08,-2.244851182893470298e-08,3.169734298560239472e-08,-3.317370664800145530e-08,2.178847960387919613e-08
1.175958038736294231e+00,-5.126316344789282747e-02,7.460424655034263164e-04,1.822430466557039413e-05,6.788258210215338331e-06,3.015273058016177538e-06,1.377808439847073158e-06,6.585364515437289873e-07,3.175760281146425279e-07,1.555795007199267665e-07,7.536622492797587225e-08,3.625792667754507148e-08,1.773146748353104929e-08,7.520307005598469985e-09,4.492234932998440122e-09,5.693344684587486881e-10,1.940668882538520990e-09,-1.425686971257000835e-09,2.071125121232142430e-09,-2.641613025544664595e-09,3.189087580167740410e-09,-4.128400224109873839e-09,4.761728541850807073e-09,-5.352431379189448446e-09,4.786572487219635519e-09,-2.582435585903389286e-09,-2.693638019503775266e-09,1.128740303481257090e-08,-2.234487828794984310e-08,3.173849024741548508e-08,-3.334700267830503773e-08,2.195443418728793006e-08
1.176211091560410260e+00,-5.165964703761620480e-02,7.567286520897796576e-04,1.829061804133752522e-05,6.799435492706390818e-06,3.018418894588101656e-06,1.376451177655980962e-06,6.564452777514401954e-07,3.157585326506173740e-07,1.542820511216472235e-07,7.449871664965551643e-08,3.573504670732058353e-08,1.740751992898581513e-08,7.351924825003963715e-09,4.381283065513219555e-09,5.305457462245755096e-10,1.895715577571177590e-09,-1.419065941143937692e-09,2.038460507162997981e-09,-2.614956981852878393e-09,3.153747728679850981e-09,-4.096826336508208044e-09,4.739597493988445542e-09,-5.357115252270505668e-09,4.836503161181372745e-09,-2.692776825087214720e-09,-2.529143924184015096e-09,1.111225656370146142e-08,-2.223992458770529534e-08,3.177761144328161702e-08,-3.351907679107618554e-08,2.212025274755946569e-08
1.176466141310426483e+00,-5.205628393480363214e-02,7.674919140904755410e-04,1.835634911962792659e-05,6.810131230983000605e-06,3.021426736676997848e-06,1.375031201329788427e-06,6.543330036976394148e-07,3.139396564993610084e-07,1.529905939148465399e-07,7.363924525802950649e-08,3.521904990734514573e-08,1.708917210605648274e-08,7.187095888913641595e-09,4.273067425938914532e-09,4.929659735974922796e-10,1.852071357388851425e-09,-1.412388227206573532e-09,2.006617305476410262e-09,-2.588663911701205578e-09,3.118888440263936634e-09,-4.065267531459804129e-09,4.716958422381484217e-09,-5.360450908240693702e-09,4.884312286546586834e-09,-2.800636086756902454e-09,-2.366588390209124759e-09,1.093755655663664061e-08,-2.213369258013964114e-08,3.181473174230370349e-08,-3.368993499106021083e-08,2.228593527775490912e-08
1.176723188797636599e+00,-5.245307534380160702e-02,7.783322756940123932e-04,1.842150956234914899e-05,6.820345224357610842e-06,3.024298555842500416e-06,1.373549617609496482e-06,6.522002838540291725e-07,3.121197159989749781e-07,1.517052390866309441e-07,7.278779058433534899e-08,3.470987007883619135e-08,1.677633237103653974e-08,7.025749136982395449e-09,4.167516947858884713e-09,4.565605116191306934e-10,1.809693006560308959e-09,-1.405660740583236645e-09,1.975571465098746593e-09,-2.562734725819471038e-09,3.084509369710025650e-09,-4.033746165213458745e-09,4.693848349064666525e-09,-5.362491903651567249e-09,4.930053181450774757e-09,-2.906048294365470852e-09,-2.205971499327948060e-09,1.076333504225132631e-08,-2.202622337039300549e-08,3.184987613143869245e-08,-3.385958329948229872e-08,2.245148183338541159e-08
1.176982234841055464e+00,-5.285002246955109589e-02,7.892497610110030259e-04,1.848611114811746919e-05,6.830077221571572224e-06,3.027036314117576010e-06,1.372007521198426172e-06,6.500477627933293201e-07,3.102990205807593105e-07,1.504260922153069502e-07,7.194433085085452650e-08,3.420744088510063730e-08,1.646891045325310499e-08,6.867814811642447559e-09,4.064562552849593224e-09,4.212954984872396835e-10,1.768538912538808461e-09,-1.398890066284241840e-09,1.945299584610316046e-09,-2.537169800642669060e-09,3.050609659197359158e-09,-4.002283142921780890e-09,4.670302694055605830e-09,-5.363290169185103151e-09,4.973778274983652048e-09,-3.009048506674369405e-09,-2.047292336853322181e-09,1.058962289775602916e-08,-2.191755729512301354e-08,3.188306937993573564e-08,-3.402802773323082564e-08,2.261689243526765480e-08
1.177243280267419312e+00,-5.324712651759200277e-02,8.002443940726688965e-04,1.855016577319637539e-05,6.839326920309420424e-06,3.029641964206715790e-06,1.370405994704539110e-06,6.478760749605103758e-07,3.084778727358190864e-07,1.491532546061234699e-07,7.110884277196014014e-08,3.371169587365260845e-08,1.616681750624127112e-08,6.713224419072072457e-09,3.964136956191577355e-09,3.871380716002903455e-10,1.728568836678601173e-09,-1.392082116247195245e-09,1.915778900102305116e-09,-2.511969007801262421e-09,3.017187933957582446e-09,-3.970897968948172707e-09,4.646355372065619216e-09,-5.362896085114171596e-09,5.015539098190274769e-09,-3.109671797840718455e-09,-1.890549044245883048e-09,1.041644979212635880e-08,-2.180773396847496270e-08,3.191433604367299726e-08,-3.419527431613306190e-08,2.278216716666836561e-08
1.177506325911184870e+00,-5.364438869406905341e-02,8.113161988300247873e-04,1.861368545337787478e-05,6.848093966364257254e-06,3.032117449369925791e-06,1.368746108895875502e-06,6.456858449377725351e-07,3.066565679803699707e-07,1.478868233316041336e-07,7.028130165689927544e-08,3.322256857032218624e-08,1.586996589784256395e-08,6.561910637255252698e-09,3.866174869832095240e-09,3.540563814352637451e-10,1.689743914234931310e-09,-1.385242739959657854e-09,1.886987396199080180e-09,-2.487131606568326880e-09,2.984242356051172718e-09,-3.939608914267644924e-09,4.622038815484813545e-09,-5.361358410612554470e-09,5.055386284396300167e-09,-3.207953336780908216e-09,-1.735738855814308867e-09,1.024384432141145496e-08,-2.169679225953041746e-08,3.194370047990280348e-08,-3.436132904946487265e-08,2.294730606922090743e-08
1.177771372614530909e+00,-5.404181020573742972e-02,8.224651991521683692e-04,1.867668232554547947e-05,6.856377953556001825e-06,3.034464703317992992e-06,1.367028922364017796e-06,6.434776874859621937e-07,3.048353951545443308e-07,1.466268912814205905e-07,6.946168124889740003e-08,3.273999237083519143e-08,1.557826945046414391e-08,6.413807424401896107e-09,3.770612629419578532e-09,3.220192862363191466e-10,1.652026765386338525e-09,-1.378377204042102733e-09,1.858903591819838219e-09,-2.462656450291644816e-09,2.951770714139378970e-09,-3.908432927995919570e-09,4.597384023388023655e-09,-5.358724466334591208e-09,5.093369601842472061e-09,-3.303928251211646350e-09,-1.582858151028074950e-09,1.007183393500823976e-08,-2.158477029317457108e-08,3.197118683857802512e-08,-3.452619798133965690e-08,2.311230915680306808e-08
1.178038421227357135e+00,-5.443939225996766162e-02,8.336914188254371250e-04,1.873916864906718938e-05,6.864178422930165141e-06,3.036685650298354133e-06,1.365255481724451242e-06,6.412522075632202251e-07,3.030146362892512102e-07,1.453735472625727887e-07,6.864995396541756500e-08,3.226390069954038209e-08,1.529164321296266893e-08,6.268849895782468984e-09,3.677388350428745234e-09,2.909966850817014006e-10,1.615381224617795652e-09,-1.371490504498140695e-09,1.831506677221761414e-09,-2.438542017618727797e-09,2.919770344554303843e-09,-3.877385827341650604e-09,4.572420649572028761e-09,-5.355040075000899735e-09,5.129537890041953319e-09,-3.397631631769926219e-09,-1.431902477014648789e-09,9.900445026734400189e-09,-2.147170554290395161e-08,3.199681904847428981e-08,-3.468988711823745019e-08,2.327717654043715001e-08
1.178307472607286410e+00,-5.483713606475174029e-02,8.449948815518783241e-04,1.880115680759700258e-05,6.871494862484631150e-06,3.038782205080784241e-06,1.363426821547174955e-06,6.390100003913351534e-07,3.011945667757455480e-07,1.441268760414560202e-07,6.784609086389961630e-08,3.179422700463896412e-08,1.501000348579778487e-08,6.126974345412039558e-09,3.586441903874471038e-09,2.609591986946213638e-10,1.579772340720708712e-09,-1.364587318142262973e-09,1.804776461090951134e-09,-2.414786377802347062e-09,2.888238232563386521e-09,-3.846482301075870858e-09,4.547177001254509854e-09,-5.350349617343208575e-09,5.163939105099976667e-09,-3.489098550227623385e-09,-1.282866607594298353e-09,9.729702958247155031e-09,-2.135763471026314031e-08,3.202062085535389846e-08,-3.485240247964871418e-08,2.344190824787872884e-08
1.178578527619666083e+00,-5.523504282870801696e-02,8.563756109475489930e-04,1.886265931052427680e-05,6.878326706774790314e-06,3.040756273041313879e-06,1.361543964354099828e-06,6.367516515162416346e-07,2.993754554809872903e-07,1.428869584900113732e-07,6.705006158538168171e-08,3.133090467014737479e-08,1.473326787133910631e-08,5.988118292887811833e-09,3.497714640490756643e-09,2.318782665877705540e-10,1.545166473937431562e-09,-1.357672099744355876e-09,1.778693336715320150e-09,-2.391387241007514319e-09,2.857171092600363504e-09,-3.815735978920931082e-09,4.521680108029307865e-09,-5.344696083278699383e-09,5.196620291633008426e-09,-3.578363956925970091e-09,-1.135744563554672709e-09,9.559632059910616597e-09,-2.124259384887750013e-08,3.204261574130118362e-08,-3.501375008853335746e-08,2.360650432076116800e-08
1.178851587137569545e+00,-5.563311376108706630e-02,8.678336305416728402e-04,1.892368879476483134e-05,6.884673336255428891e-06,3.042609750047520559e-06,1.359607920729637154e-06,6.344777368878177365e-07,2.975575646864923873e-07,1.416538716004708820e-07,6.626183460776979839e-08,3.087386715771092693e-08,1.446135510386331591e-08,5.852220386244610939e-09,3.411149600632268353e-09,2.037261193077455346e-10,1.511531080855554876e-09,-1.350748908557353190e-09,1.753238299331827399e-09,-2.368342048517102505e-09,2.826565294322680444e-09,-3.785159485326927697e-09,4.495955791905884014e-09,-5.338121078415219989e-09,5.227627597080217181e-09,-3.665462728046769980e-09,-9.905296861054992130e-10,9.390255686740622831e-09,-2.112661830547257757e-08,3.206282702793855632e-08,-3.517393593142209562e-08,2.377096484929008824e-08
1.179126652041797785e+00,-5.603135007177700855e-02,8.793689637748014487e-04,1.898425802635602538e-05,6.890534076979320730e-06,3.044344522630916886e-06,1.357619689259983303e-06,6.321888229192992176e-07,2.957411502522641622e-07,1.404276885677568920e-07,6.548137709491697045e-08,3.042304803305834193e-08,1.419418517445425465e-08,5.719220367260413607e-09,3.326691352945054803e-09,1.764758617017747611e-10,1.478834742163481764e-09,-1.343821651178522814e-09,1.728392873268091989e-09,-2.345647931098482353e-09,2.796416973633794600e-09,-3.754764485441874911e-09,4.470028650178925478e-09,-5.330664872623541717e-09,5.257006302277975052e-09,-3.750429604463395572e-09,-8.472146272291841695e-10,9.221596206261672979e-09,-2.100974276324218959e-08,3.208127784606884525e-08,-3.533296601479496424e-08,2.393528985428217126e-08
1.179403723220883160e+00,-5.642975297130890799e-02,8.909816339974542532e-04,1.904437990220796129e-05,6.895908200112588898e-06,3.045962467967868598e-06,1.355580256574753090e-06,6.298854666119627771e-07,2.939264617707500193e-07,1.392084789031064473e-07,6.470865498422670448e-08,2.997838085324472379e-08,1.393167929977789932e-08,5.589059124365414188e-09,3.244285890283138407e-09,1.501012231175380407e-10,1.447047169589321669e-09,-1.336893921954906972e-09,1.704139168320906172e-09,-2.323301806148037052e-09,2.766722005361280101e-09,-3.724561754500643751e-09,4.443922135008784857e-09,-5.322366442538084552e-09,5.284800756732987992e-09,-3.833299179814564361e-09,-7.057913672990981380e-10,9.053675049681270126e-09,-2.089200125746093484e-08,3.209799106368427246e-08,-3.549084635900978668e-08,2.409947941900414392e-08
1.179682801571090067e+00,-5.682832367086253222e-02,9.026716644685468804e-04,1.910406745177315596e-05,6.900794921569329554e-06,3.047465453920577411e-06,1.353490597336571427e-06,6.275682155533913315e-07,2.921137425629383166e-07,1.379963085407567847e-07,6.394363302698533036e-08,2.953979930542943722e-08,1.367375987090801992e-08,5.461678641467682116e-09,3.163880641851579689e-09,1.245766823032568027e-10,1.416139115695269624e-09,-1.329969107066730771e-09,1.680459819908275421e-09,-2.301300370752268343e-09,2.737476043155467886e-09,-3.694561207315261164e-09,4.417658633435600501e-09,-5.313263486302066685e-09,5.311054449854378523e-09,-3.914105847812113237e-09,-5.662513141214443879e-10,8.886512719696176843e-09,-2.077342711563623379e-08,3.211298937530471242e-08,-3.564758295319936376e-08,2.426353359202826354e-08
1.179963887996419825e+00,-5.722706338227134121e-02,9.144390783541005152e-04,1.916333383875697821e-05,6.905193401388412533e-06,3.048855339093242689e-06,1.351351674424520338e-06,6.252376080749001697e-07,2.903032296861646211e-07,1.367912398084550341e-07,6.318627487553185595e-08,2.910723723593272583e-08,1.342035033016081291e-08,5.337021945911457621e-09,3.085424528717628512e-09,9.987748128548190607e-11,1.386082283671985493e-09,-1.323050370649614393e-09,1.657338059325719204e-09,-2.279640053115539189e-09,2.708674498455923563e-09,-3.664771994552062928e-09,4.391259461958285648e-09,-5.303392451323080126e-09,5.335809966284556227e-09,-3.992883845175404511e-09,-4.285853003873837941e-10,8.720128848605651628e-09,-2.065405305552020510e-08,3.212629524733390252e-08,-3.580318177435343197e-08,2.442745242886568136e-08
1.180246983408612449e+00,-5.762597331802857270e-02,9.262838987253614598e-04,1.922219236316202035e-05,6.909102743463298169e-06,3.050133972755950454e-06,1.349164438823984014e-06,6.228941733486814680e-07,2.884951541427122068e-07,1.355933315193985633e-07,6.243654316956046002e-08,2.868062860816866788e-08,1.317137530900541753e-08,5.215033167457749919e-09,3.008867804216164288e-09,7.597955598015460055e-11,1.356849355094169596e-09,-1.316140738061299942e-09,1.634757570631584223e-09,-2.258317166950463140e-09,2.680312668644144192e-09,-3.635202448955265897e-09,4.364744889302774045e-09,-5.292788622310307112e-09,5.359109044554555279e-09,-4.069667178772939931e-09,-2.927836132175440365e-10,8.554542191372555004e-09,-2.053391115214991958e-08,3.213793095101918906e-08,-3.595764881507423905e-08,2.459123596421086688e-08
1.180532088727152207e+00,-5.802505469129244642e-02,9.382061485571392689e-04,1.928065646271230615e-05,6.912521995186202139e-06,3.051303195172969801e-06,1.346929829657873834e-06,6.205384313923579392e-07,2.866897409769565697e-07,1.344026391383347507e-07,6.169439939213844371e-08,2.825990756336049792e-08,1.292676062806391579e-08,5.095657507059314639e-09,2.934161965478798706e-09,5.285946680366748751e-11,1.328414087065077354e-09,-1.309242957103773364e-09,1.612702485442873979e-09,-2.237327852497306147e-09,2.652385713191110495e-09,-3.605860176419950491e-09,4.338134221206629837e-09,-5.281486105662008823e-09,5.380992536209612542e-09,-4.144489607841445045e-09,-1.588360328138270494e-10,8.389770640802179935e-09,-2.041303285432727321e-08,3.214791854423693085e-08,-3.611099001939177544e-08,2.475488425357497135e-08
1.180819204879269613e+00,-5.842430871589132657e-02,9.502058507263461129e-04,1.933873971467301583e-05,6.915450146835087561e-06,3.052364837544205983e-06,1.344648774375279549e-06,6.181708931910639970e-07,2.848872092818706403e-07,1.332192147958724537e-07,6.095980406052581291e-08,2.784500843615311805e-08,1.268643316960915701e-08,4.978841177880055646e-09,2.861259845374219957e-09,3.049439867286451999e-11,1.300750979149611908e-09,-1.302359615984460817e-09,1.591157520845765116e-09,-2.216668126830967367e-09,2.624888574944209130e-09,-3.576752154871298828e-09,4.311445836197719261e-09,-5.269517805179396719e-09,5.401500406351268657e-09,-4.217384719663180848e-09,-2.673182915259239567e-11,8.225831302135361289e-09,-2.029144897854745500e-08,3.215627986542096695e-08,-3.626321134694854287e-08,2.491839736634693381e-08
1.181108332799945870e+00,-5.882373660632989054e-02,9.622830280102585843e-04,1.939645583794169514e-05,6.917886131248621173e-06,3.053320722000863602e-06,1.342322188782694298e-06,6.157920608010954838e-07,2.830877722402244667e-07,1.320431074116473757e-07,6.023271674916036433e-08,2.743586567655054154e-08,1.245032086628905521e-08,4.864531415703365891e-09,2.790115565670658881e-09,8.862216516192233939e-12,1.273835474602247331e-09,-1.295493171071804284e-09,1.570107786841301589e-09,-2.196333868248467880e-09,2.597816115652504254e-09,-3.547884678753443488e-09,4.284697186461572382e-09,-5.256915592069533183e-09,5.420671822758786618e-09,-4.288385783632331361e-09,1.035401544233552351e-10,8.062740420623770721e-09,-2.016918972894826689e-08,3.216303660468627923e-08,-3.641431877213219259e-08,2.508177532334343596e-08
1.181399473431919533e+00,-5.922333957779415264e-02,9.744377030847170551e-04,1.945381869464246627e-05,6.919828823368423185e-06,3.054172661868040373e-06,1.339950977027968421e-06,6.134024273980482472e-07,2.812916373301499462e-07,1.308743627346543870e-07,5.951309609746394114e-08,2.703241403943443255e-08,1.221835276878080467e-08,4.752676422553614444e-09,2.720684403462181322e-09,-1.205852084851244399e-11,1.247643828528044452e-09,-1.288645912200792054e-09,1.549538924255910999e-09,-2.176320856167590634e-09,2.571163068478682368e-09,-3.519263431020491772e-09,4.257904859857747359e-09,-5.243710251168903769e-09,5.438545064274068197e-09,-4.357525795056771400e-09,2.319915156788650290e-10,7.900513509032092152e-09,-2.004628471639208209e-08,3.216821014336707085e-08,-3.656431819994143684e-08,2.524501820089231074e-08
1.181692627725687617e+00,-5.962311884615717483e-02,9.866698985224568730e-04,1.951084229217994043e-05,6.921277039819914711e-06,3.054922461563028963e-06,1.337536031630233435e-06,6.110024774466042002e-07,2.794990064218516590e-07,1.297130233501864183e-07,5.880089982588862507e-08,2.663458852254774190e-08,1.199045899288181394e-08,4.643225423074659464e-09,2.652922831067328069e-09,-3.228876888083931362e-11,1.222153142577120377e-09,-1.281819941856277012e-09,1.529436993719102134e-09,-2.156624814494967346e-09,2.544924111291119173e-09,-3.490893525637250860e-09,4.231084599652309985e-09,-5.229931490050715448e-09,5.455157598322109280e-09,-4.424837531102898680e-09,3.586342599845929180e-10,7.739165342867532216e-09,-1.992276296453737716e-08,3.217182173356064601e-08,-3.671321555445694607e-08,2.540812599205466427e-08
1.181987796639513810e+00,-6.002307562798460394e-02,9.989796367913111874e-04,1.956754078502338096e-05,6.922229538492297857e-06,3.055571916759248358e-06,1.335078233630389299e-06,6.085926867978926763e-07,2.777100757559228250e-07,1.285591288572099367e-07,5.809608483609701723e-08,2.624232433960649313e-08,1.176657069522357713e-08,4.536128583865206565e-09,2.586788467456857532e-09,-5.184883078435120751e-11,1.197341267800133835e-09,-1.275017244561915675e-09,1.509788453979421519e-09,-2.137241357849650747e-09,2.519093824379994850e-09,-3.462779542273697331e-09,4.204251324033472792e-09,-5.215608007112793043e-09,5.470546072562643136e-09,-4.490353430015511793e-09,4.834807671946252106e-10,7.578709888388796001e-09,-1.979865289509358250e-08,3.217389241486068308e-08,-3.686101676930036986e-08,2.557109874540275385e-08
1.182284981139432034e+00,-6.042321114054018116e-02,1.011366940252167446e-03,1.962392847663658318e-05,6.922685018215680303e-06,3.056122814504205060e-06,1.332578452561614113e-06,6.061735226740947585e-07,2.759250360925315226e-07,1.274127159073962234e-07,5.739860720489070589e-08,2.585555698058142338e-08,1.154662008714946175e-08,4.431337052510087027e-09,2.522240066110681411e-09,-7.075846852888645344e-11,1.173186825464966887e-09,-1.268239686880168193e-09,1.490580225221860289e-09,-2.118166031461754528e-09,2.493666699347751869e-09,-3.434925562734170157e-09,4.177419232146567518e-09,-5.200767516731069628e-09,5.484746281496713505e-09,-4.554105627980684079e-09,6.065438038979631408e-10,7.419160439649241656e-09,-1.967398235991346667e-08,3.217444297445859469e-08,-3.700772772171484482e-08,2.573393650950883682e-08
1.182584182199252876e+00,-6.082352660179130011e-02,1.023831831157194505e-03,1.968001982137132511e-05,6.922642118315034537e-06,3.056576933251151790e-06,1.330037546595080888e-06,6.037454438360609354e-07,2.741440728562700990e-07,1.262738182697398237e-07,5.670842217380192563e-08,2.547422223251466500e-08,1.133054043037790004e-08,4.328802906405915252e-09,2.459237402260838756e-09,-8.903683346161983536e-11,1.149669200117831025e-09,-1.261489017412298352e-09,1.471799605801127342e-09,-2.099394345866922862e-09,2.468637197439171871e-09,-3.407335157079582899e-09,4.150601760292277342e-09,-5.185436770509949111e-09,5.497793230217762339e-09,-4.616125941995369297e-09,7.278364202566861563e-10,7.260529590741304773e-09,-1.954877864619730676e-08,3.217349405296165976e-08,-3.715335430195393362e-08,2.589663928437291318e-08
1.182885400800568476e+00,-6.122402323041445382e-02,1.036374331647983010e-03,1.973582942634607290e-05,6.922099418040991714e-06,3.056936043113658158e-06,1.327456362640137832e-06,6.013089006605062958e-07,2.723673660585262946e-07,1.251424669368103593e-07,5.602548436896975792e-08,2.509825615479993610e-08,1.111826590516340474e-08,4.228479145822194862e-09,2.397741363097116718e-09,-1.067026328405162872e-10,1.126768414683176900e-09,-1.254766866798373570e-09,1.453434326018077094e-09,-2.080921820274417300e-09,2.443999736097268727e-09,-3.380011447812192316e-09,4.123811618789510747e-09,-5.169641583303158372e-09,5.509721153602008259e-09,-4.676445869216880324e-09,8.473719966808554438e-10,7.102829258347903574e-09,-1.942306848516650586e-08,3.217106606459574358e-08,-3.729790237771979378e-08,2.605920713938392197e-08
1.183188637932760079e+00,-6.162470224580069572e-02,1.048994463753546991e-03,1.979137205347734213e-05,6.921055436348230727e-06,3.057201905835469843e-06,1.324835736274485726e-06,5.988643352464791819e-07,2.705950905724369138e-07,1.240186901381966356e-07,5.534974765542335917e-08,2.472759514900516042e-08,1.090973175080917068e-08,4.130319708646468246e-09,2.337713847153088942e-09,-1.237739910564528145e-10,1.104465192913739457e-09,-1.248074671389431956e-09,1.435472483067579130e-09,-2.062743911443454259e-09,2.419748699371629397e-09,-3.352957124620747908e-09,4.097060825585668864e-09,-5.153406868341897651e-09,5.520563483131860072e-09,-4.735096614284783900e-09,9.651642297880957955e-10,6.946070689982375423e-09,-1.929687803818580516e-08,3.216717919720529784e-08,-3.744137780457151843e-08,2.622164003984739367e-08
1.183493894593002693e+00,-6.202556486806135722e-02,1.061692249388259540e-03,1.984666262160993816e-05,6.919508631304804869e-06,3.057376274858162810e-06,1.322176491927191250e-06,5.964121815038320867e-07,2.688274161003617602e-07,1.229025134706109024e-07,5.468116521297611277e-08,2.436217592938216825e-08,1.070487420581911486e-08,4.034279377576610592e-09,2.279117738285263428e-09,-1.402684635110063027e-10,1.082740917757174515e-09,-1.241413888353193329e-09,1.417902521956559969e-09,-2.044856020622098924e-09,2.395878457000372164e-09,-3.326174528514580508e-09,4.070360768489850178e-09,-5.136756616418158838e-09,5.530352866411555879e-09,-4.792109011692025078e-09,1.081227060846252225e-09,6.790264516030181108e-09,-1.917023296788694653e-08,3.216185345909089444e-08,-3.758378639643483732e-08,2.638393801351890389e-08
1.183801171786272644e+00,-6.242661231803382088e-02,1.074467710349902988e-03,1.990171620831412969e-05,6.917457399787697858e-06,3.057460895523455430e-06,1.319479442889529008e-06,5.939528652718333718e-07,2.670645073334781960e-07,1.217939599278128338e-07,5.401968959824199334e-08,2.400193553761184595e-08,1.050363050356106775e-08,3.940313873795897592e-09,2.221916862304995632e-09,-1.562032447832706339e-10,1.061577666050528279e-09,-1.234785745873878682e-09,1.400713294484601246e-09,-2.027253621916802473e-09,2.372383350315518391e-09,-3.299665544270746764e-09,4.043722187391934897e-09,-5.119714020784815744e-09,5.539121206090021066e-09,-4.847513536843789383e-09,1.195574699842678196e-09,6.635420721125967480e-09,-1.904315836964709518e-08,3.215510866166199078e-08,-3.772513399152160884e-08,2.654610106733734654e-08
1.184110470525354675e+00,-6.282784581728692586e-02,1.087320868317677436e-03,1.995654805188144809e-05,6.914900076967394130e-06,3.057457505236055653e-06,1.316745391532255643e-06,5.914868044319242929e-07,2.653065239313981416e-07,1.206930499274977420e-07,5.336527282226444235e-08,2.364681141262675590e-08,1.030593874042778912e-08,3.848379732940276909e-09,2.166076087592450072e-09,-1.715948771963127228e-10,1.040957937903375097e-09,-1.228191479074602910e-09,1.383894010671682384e-09,-2.009932137392311802e-09,2.349257714360716842e-09,-3.273431749620248077e-09,4.017155238447353560e-09,-5.102301441160111972e-09,5.546899661812432214e-09,-4.901340313213237154e-09,1.308221552680059740e-09,6.481548687955335231e-09,-1.891567880107913879e-08,3.214696441076331235e-08,-3.786542639421658363e-08,2.670812921518050942e-08
1.184421791830847503e+00,-6.322926658812617895e-02,1.100251744849841534e-03,2.001117355345666260e-05,6.911834936097543611e-06,3.057367833488380815e-06,1.313975129121295465e-06,5.890144089584596621e-07,2.635536207403095521e-07,1.195998014565796685e-07,5.271786628242847161e-08,2.329674135418194347e-08,1.011173806665655039e-08,3.758434355405348981e-09,2.111561068357525883e-09,-1.864595422507164812e-10,1.020864982825830936e-09,-1.221632253689541869e-09,1.367434178910220677e-09,-1.992886952684180812e-09,2.326495912152032330e-09,-3.247474383155646294e-09,3.990669496896012691e-09,-5.084540407630788739e-09,5.553718639703456028e-09,-4.953619166334771728e-09,1.419182264219241707e-09,6.328657248862862295e-09,-1.878781832713449784e-08,3.213744009366442667e-08,-3.800466938288366014e-08,2.687002242235392302e-08
1.184735136731173366e+00,-6.363087585359976373e-02,1.113260361381644692e-03,2.006560827916628598e-05,6.908260187834082758e-06,3.057193601943824363e-06,1.311169436126087551e-06,5.865360810321153945e-07,2.618059478016500352e-07,1.185142300946101512e-07,5.207742087955449795e-08,2.295166354714106571e-08,9.920968527601936593e-09,3.670435976856067928e-09,2.058338414642757463e-09,-2.008129773578559707e-10,1.001282570745054556e-09,-1.215109068919417723e-09,1.351323628516476472e-09,-1.976113550572478061e-09,2.304092274396304929e-09,-3.221794372086639324e-09,3.964273977662136073e-09,-5.066451669658023071e-09,5.559607827170139072e-09,-5.004379516684864804e-09,1.528471694318359747e-09,6.176754613861079601e-09,-1.865960051663367869e-08,3.212655495191812927e-08,-3.814286872808048123e-08,2.703178070273537514e-08
1.185050506262583792e+00,-6.403267483750378630e-02,1.126346739223363369e-03,2.011986796193743210e-05,6.904173979928188501e-06,3.056936524765485955e-06,1.308329082217851019e-06,5.840522151086269265e-07,2.600636504926194525e-07,1.174363491347751864e-07,5.144388700315319363e-08,2.261151651680726182e-08,9.733571141798402770e-09,3.584343699451764120e-09,2.006375617730205008e-09,-2.146703786953807480e-10,9.821950266997170331e-10,-1.208622854576013594e-09,1.335552529679873146e-09,-1.959607406898378201e-09,2.282041194900941150e-09,-3.196392308821294215e-09,3.937977158773031672e-09,-5.048055258093792075e-09,5.564596192468226898e-09,-5.053650395294567721e-09,1.636104857768039961e-09,6.025848453897197921e-09,-1.853104839542873972e-08,3.211432795559299169e-08,-3.828003019516051930e-08,2.719340403550818408e-08
1.185367901469167595e+00,-6.443466476438829138e-02,1.139510899557806545e-03,2.017396850379285511e-05,6.899574396806041482e-06,3.056598308499294467e-06,1.305454826289968034e-06,5.815631980907436799e-07,2.583268695777879431e-07,1.163661696073139962e-07,5.081721454226750812e-08,2.227623919527632612e-08,9.549487776060183730e-09,3.500117395568991263e-09,1.955640933914981616e-09,-2.280465677406695590e-10,9.635871822677444243e-10,-1.202174498837749184e-09,1.320111355299080635e-09,-1.943363981890544601e-09,2.260337067256507071e-09,-3.171268573264052204e-09,3.911787040122849390e-09,-5.029370430103402567e-09,5.568712011698798148e-09,-5.101460516607897455e-09,1.742096921635103574e-09,5.875945963303152997e-09,-1.840218452186376252e-08,3.210077790562204658e-08,-3.841615949830290422e-08,2.735489241373345592e-08
1.185687323402859761e+00,-6.483684685956275784e-02,1.152752863438192416e-03,2.022792597800634334e-05,6.894459459093078141e-06,3.056180652344624854e-06,1.302547416729901708e-06,5.790694093473110204e-07,2.565957411934834120e-07,1.153037003150808593e-07,5.019735303856201480e-08,2.194577096090166712e-08,9.368661228748020875e-09,3.417717744230719390e-09,1.906103566651218273e-09,-2.409559357596791074e-10,9.454444033218933896e-10,-1.195764834371892960e-09,1.304990910472314525e-09,-1.927378787819344907e-09,2.238974281584121817e-09,-3.146423271233045327e-09,3.885711114632803276e-09,-5.010415726845046658e-09,5.571982862736732378e-09,-5.147838212345504094e-09,1.846463234807076137e-09,5.727053776095197835e-09,-1.827303099024429889e-08,3.208592343467014940e-08,-3.855126233954370152e-08,2.751624578883893335e-08
1.186008773123448545e+00,-6.523922234910155271e-02,1.166072651785751008e-03,2.028175663113754995e-05,6.888827123202210731e-06,3.055685248287221337e-06,1.299607591232713327e-06,5.765712208743827005e-07,2.548703971110358180e-07,1.142489479133423913e-07,4.958425158484158768e-08,2.162005163265645624e-08,9.191035216758736137e-09,3.337106162584757563e-09,1.857733435833841540e-09,-2.534124715625196700e-10,9.277524720685548232e-10,-1.189394548128941409e-09,1.290182270914652651e-09,-1.911647415017703189e-09,2.217947300212769202e-09,-3.121856244868437269e-09,3.859756424196003621e-09,-4.991209035919846881e-09,5.574435627182273978e-09,-5.192811416542680858e-09,1.949219256163793601e-09,5.579177988091627016e-09,-1.814360937098941084e-08,3.206978297157214719e-08,-3.868534441918425326e-08,2.767746409143567732e-08
1.186332251698584805e+00,-6.564179245984963496e-02,1.179470285387271278e-03,2.033547688512840623e-05,6.882675280998375167e-06,3.055113781102666848e-06,1.296636077021372235e-06,5.740689973695971282e-07,2.531509647758084514e-07,1.132019170212335279e-07,4.897785887145525430e-08,2.129902141115302960e-08,9.016554346902294625e-09,3.258244931671205880e-09,1.810501247187512597e-09,-2.654297198700916738e-10,9.104977188867380278e-10,-1.183064375631648346e-09,1.275676759539268179e-09,-1.896165429532414848e-09,2.197250625803753854e-09,-3.097567127276212862e-09,3.833929544064945683e-09,-4.971767560580514500e-09,5.576096585228722258e-09,-5.236407692871258845e-09,2.050380553547410251e-09,5.432324238878460942e-09,-1.801394078609214189e-08,3.205237472311828206e-08,-3.881841143839326325e-08,2.783854734234036954e-08
1.186657760203791101e+00,-6.604455841942794003e-02,1.192945784893165162e-03,2.038910333944377040e-05,6.876001759127626720e-06,3.054467928729348580e-06,1.293633591049284798e-06,5.715630962876885185e-07,2.514375672382426763e-07,1.121626102221912058e-07,4.837812332290566952e-08,2.098262095236863578e-08,8.845164018757289970e-09,3.181097032491086996e-09,1.764378500940244621e-09,-2.770209339697515816e-10,8.936668627335109250e-10,-1.176774913624889507e-09,1.261466011509559948e-09,-1.880928439043638711e-09,2.176878772727763867e-09,-3.073555347732348508e-09,3.808236625785915708e-09,-4.952107855293180760e-09,5.576991310386400502e-09,-5.278654243313224415e-09,2.149962822248045746e-09,5.286497705304232797e-09,-1.788404591432368740e-08,3.203371669573823466e-08,-3.895046899859283540e-08,2.799949545828628317e-08
1.186985299722468135e+00,-6.644752145623952777e-02,1.206499170814560179e-03,2.044265277350177518e-05,6.868804318751076804e-06,3.053749362180637611e-06,1.290600839906185654e-06,5.690538680744577221e-07,2.497303233828414293e-07,1.111310280717606180e-07,4.778499300677613304e-08,2.067079139063052184e-08,8.676810548703672854e-09,3.105626159016772192e-09,1.719337380801100323e-09,-2.881987981595557358e-10,8.772471915552415567e-10,-1.170526703342389396e-09,1.247541903982851696e-09,-1.865932127559366549e-09,2.156826327780192454e-09,-3.049820130815450447e-09,3.782683466371089542e-09,-4.932245828339482108e-09,5.577144715452828083e-09,-5.319577891030324857e-09,2.247981851881408755e-09,5.141703126633478949e-09,-1.775394495480420165e-08,3.201382675448172233e-08,-3.908152273069537275e-08,2.816030836988447916e-08
1.187314871345907186e+00,-6.685068279947489756e-02,1.220130463520922859e-03,2.049614214871386259e-05,6.861080655192744113e-06,3.052959745777341846e-06,1.287538519848495377e-06,5.665416560737476792e-07,2.480293481142183121e-07,1.101071693395891393e-07,4.719841563980212151e-08,2.036347427139539867e-08,8.511441154310239732e-09,3.031796792785090844e-09,1.675350806001896231e-09,-2.989758718374702084e-10,8.612262639151602173e-10,-1.164320279078978615e-09,1.233896558712477276e-09,-1.851172236333464838e-09,2.137087911583540611e-09,-3.026360523294968630e-09,3.757275412671901016e-09,-4.912196820746478343e-09,5.576581133068941876e-09,-5.359205050223248001e-09,2.344453486490157001e-09,4.997944730820991222e-09,-1.762365767730977861e-08,3.199272255883373051e-08,-3.921157827688898090e-08,2.832098602856270020e-08
1.187646476173297216e+00,-6.725404367911760883e-02,1.233839683237706458e-03,2.054958861063584108e-05,6.852828397230269555e-06,3.052100737278894485e-06,1.284447317119376958e-06,5.640267967529574711e-07,2.463347521224762415e-07,1.090910309005724277e-07,4.661833880080859527e-08,2.006061163061303998e-08,8.349003814689393010e-09,2.959574067588899293e-09,1.632392426093032256e-09,-3.093641731677365669e-10,8.455921379768582824e-10,-1.158156084923867013e-09,1.220522379344335384e-09,-1.836644513558693959e-09,2.117658190513641014e-09,-3.003175408008984526e-09,3.732017463294046156e-09,-4.891975578964757876e-09,5.575324270833126317e-09,-5.397561784244858663e-09,2.439393670459859276e-09,4.855226353774055870e-09,-1.749320339104742938e-08,3.197042154016310755e-08,-3.934064120129920905e-08,2.848152836493200724e-08
1.187980115311735529e+00,-6.765760532595033183e-02,1.247626850043738467e-03,2.060300949132797682e-05,6.844045106886315760e-06,3.051173988074173601e-06,1.281327907873709010e-06,5.615096197667934080e-07,2.446466422258153361e-07,1.080826078359020670e-07,4.604470974032409680e-08,1.976214596653702582e-08,8.189447409275019130e-09,2.888923874427851146e-09,1.590436501247571854e-09,-3.193754427588402223e-10,8.303332327264101309e-10,-1.152034495577325401e-09,1.207411994171014857e-09,-1.822344762938965523e-09,2.098531918766702309e-09,-2.980263522946169363e-09,3.706914262525951020e-09,-4.871596239689607311e-09,5.573397229190549251e-09,-5.434673783916155188e-09,2.532818365794369669e-09,4.713551441520857921e-09,-1.736260098108427519e-08,3.194694096677469508e-08,-3.946871707152105335e-08,2.864193528878677952e-08
1.188315789876236206e+00,-6.806136897155982968e-02,1.261491983868639338e-03,2.065642231152513275e-05,6.834728278789755154e-06,3.050181143303800149e-06,1.278180958283903906e-06,5.589904479947824245e-07,2.429651213583898517e-07,1.070818935319448051e-07,4.547747550504716019e-08,1.946802022020910350e-08,8.032721576442525269e-09,2.819812808599331255e-09,1.549458020222438392e-09,-3.290210881523591979e-10,8.154383626668426643e-10,-1.145955927372988015e-09,1.194558237917198174e-09,-1.808268861036577135e-09,2.079703849454730968e-09,-2.957623411806165059e-09,3.681970115951282985e-09,-4.851072437413866956e-09,5.570822493301645639e-09,-5.470566322857139951e-09,2.624743616300596188e-09,4.572922979520499531e-09,-1.723186894304201688e-08,3.192229792482736972e-08,-3.959581140224044393e-08,2.880220673073807802e-08
1.188653500989742096e+00,-6.846533584834299524e-02,1.275435104490085098e-03,2.070984478293527720e-05,6.824875339796416043e-06,3.049123842051608066e-06,1.275007124668277314e-06,5.564695977240685654e-07,2.412902886214825238e-07,1.060888796594258721e-07,4.491658301070469705e-08,1.917817783574082835e-08,7.878776766417905364e-09,2.752208100309516681e-09,1.509432591070836160e-09,-3.383121560673885142e-10,8.008966753680901718e-10,-1.139920685622186625e-09,1.181954208985536159e-09,-1.794412748598595009e-09,2.061168825678513783e-09,-2.935253510735758020e-09,3.657189013217196361e-09,-4.830417267565056960e-09,5.567621986168024006e-09,-5.505264309094842767e-09,2.715185517122419706e-09,4.433343590674876378e-09,-1.710102531370799595e-08,3.189650931920140486e-08,-3.972192975411348304e-08,2.896234255200802465e-08
1.188993249783133033e+00,-6.886950718951292960e-02,1.289456231531302399e-03,2.076329481066896410e-05,6.814483648605058203e-06,3.048003717355269454e-06,1.271807053488879791e-06,5.539473787161998397e-07,2.396222394136088285e-07,1.051035562900891340e-07,4.436197899391342014e-08,1.889256277549239416e-08,7.727564264696507035e-09,2.686077664112995755e-09,1.470336486245060748e-09,-3.472593879116914195e-10,7.866977277948272729e-10,-1.133929027063995676e-09,1.169593201802432425e-09,-1.780772383719320118e-09,2.042921760361457451e-09,-2.913152174349731283e-09,3.632574622613321536e-09,-4.809643266556057339e-09,5.563817056706242548e-09,-5.538792308048406943e-09,2.804160125022964190e-09,4.294815534461315920e-09,-1.697008769705604658e-08,3.186959182839566029e-08,-3.984707761320316344e-08,2.912234270402436209e-08
1.189335037395237160e+00,-6.927388422910417398e-02,1.303555384458265215e-03,2.081679049556993399e-05,6.803550495176891033e-06,3.046822396365238619e-06,1.268581381526270174e-06,5.514240943899247072e-07,2.379610654925333468e-07,1.041259118659057514e-07,4.381361000740935374e-08,1.861111947540350364e-08,7.579036119184645592e-09,2.621390068555107256e-09,1.432146503818620964e-09,-3.558732475372750059e-10,7.728313752841664552e-10,-1.127981201498595709e-09,1.157468708552766845e-09,-1.767343809494503759e-09,2.024957636900109881e-09,-2.891317589862052451e-09,3.608130320778904498e-09,-4.788762520639006093e-09,5.559428505551820832e-09,-5.571174450588745053e-09,2.891683533465597145e-09,4.157340685248533951e-09,-1.683907334491113739e-08,3.184156199473320292e-08,-3.997126042914328492e-08,2.928220703413142445e-08
1.189678864972841588e+00,-6.967846820197845514e-02,1.317732582577068462e-03,2.087035013623693425e-05,6.792073100238575287e-06,3.045581500687359958e-06,1.265330735997043099e-06,5.489000416730900611e-07,2.363068549761371262e-07,1.031559333898937614e-07,4.327142256923405261e-08,1.833379285453434759e-08,7.433145128923901446e-09,2.558114510151088261e-09,1.394840134019692535e-09,-3.641638379736633624e-10,7.592878201179154019e-10,-1.122077430970591649e-09,1.145574426986151195e-09,-1.754123108918537177e-09,2.007271469265520247e-09,-2.869747867291494448e-09,3.583859233468808525e-09,-4.767786622103531435e-09,5.554476574542478728e-09,-5.602434518473670133e-09,2.977771879390193194e-09,4.020920566557423248e-09,-1.670799910230558183e-08,3.181243615670709124e-08,-4.009448365503709422e-08,2.944193543130690927e-08
1.190024733670703050e+00,-7.008326034383076386e-02,1.331987845031020606e-03,2.092399223166049871e-05,6.780048614981031702e-06,3.044282646473724097e-06,1.262055734456250800e-06,5.463755112483214410e-07,2.346596925774727116e-07,1.021936063853520760e-07,4.273536301918623437e-08,1.806052833154547788e-08,7.289844963787039944e-09,2.496220841141649771e-09,1.358395344125407078e-09,-3.721409985724122294e-10,7.460576184614708950e-10,-1.116217888952331094e-09,1.133904236130800491e-09,-1.741106430905303704e-09,1.989858365754326730e-09,-2.848441020379677280e-09,3.559764173970830781e-09,-4.746726672312517881e-09,5.548980981737866580e-09,-5.632595922663852228e-09,3.062441266126359612e-09,3.885556374479820496e-09,-1.657688141094848522e-08,3.178223046459288659e-08,-4.021675272230379461e-08,2.960152778452851408e-08
1.190372644651558121e+00,-7.048826189119439256e-02,1.346321190797642592e-03,2.097773548354053830e-05,6.767474120406968136e-06,3.042927444470806472e-06,1.258756985074958867e-06,5.438507877210743691e-07,2.330196595453498665e-07,1.012389148815490136e-07,4.220537766020174275e-08,1.779127181168738137e-08,7.149089945035491667e-09,2.435679526992251542e-09,1.322790750199476228e-09,-3.798142633737455753e-10,7.331315554637285459e-10,-1.110402700343904314e-09,1.122452276958174622e-09,-1.728290033656265656e-09,1.972713492125882651e-09,-2.827394922355619400e-09,3.535847709675715711e-09,-4.725593382749748717e-09,5.542960923154288677e-09,-5.661681687710307109e-09,3.145707772338104252e-09,3.751248936478823737e-09,-1.644573632223617077e-08,3.175096091514312269e-08,-4.033807302246394944e-08,2.976098393420167909e-08
1.190722599086137201e+00,-7.089347408144713869e-02,1.360732638686114326e-03,2.103159879862388087e-05,6.754346626955311933e-06,3.041517500266448584e-06,1.255435086646317783e-06,5.413261495823377956e-07,2.313868337393623631e-07,1.002918415932661789e-07,4.168141276746084589e-08,1.752596973450537554e-08,7.010835164147910525e-09,2.376461654199357731e-09,1.288005490457377888e-09,-3.871929027399190204e-10,7.205008256683242962e-10,-1.104631969228719868e-09,1.111212760696034252e-09,-1.715670178842332305e-09,1.955832076806426900e-09,-2.806607420427487121e-09,3.512112192868496741e-09,-4.704396952721900949e-09,5.536435073632064996e-09,-5.689714504663462291e-09,3.227587511221274158e-09,3.617998810701711365e-09,-1.631457954322235171e-08,3.171864329434143093e-08,-4.045844991928254641e-08,2.992030374154852623e-08
1.191074598153171404e+00,-7.129889815281717502e-02,1.375222207334315244e-03,2.108560129131416272e-05,6.740663073879962081e-06,3.040054414361198498e-06,1.252090628699187302e-06,5.388018693526161473e-07,2.297612897075168581e-07,9.935236790041546140e-08,4.116341461527645018e-08,1.726456904087986244e-08,6.875036463738215531e-09,2.318538868707753497e-09,1.254019233939973610e-09,-3.942859094774320283e-10,7.081567277023026463e-10,-1.098905771934610698e-09,1.100180178729981417e-09,-1.703243180176117200e-09,1.939209410455403071e-09,-2.786076294149231192e-09,3.488559742297059341e-09,-4.683147200330167736e-09,5.529421615024787684e-09,-5.716716646939068447e-09,3.308096513734981592e-09,3.485806225264620473e-09,-1.618342637763753311e-08,3.168529322597479769e-08,-4.057788876958567936e-08,3.007948706085228352e-08
1.191428643039408541e+00,-7.170453534438875343e-02,1.389789915205597720e-03,2.113976228588099887e-05,6.726420329030563527e-06,3.038539782398161707e-06,1.248724191490763885e-06,5.362782136866632576e-07,2.281430988518989844e-07,9.842047384023278056e-08,4.065132936650547868e-08,1.700701726149722592e-08,6.741650433218782101e-09,2.261883366369565884e-09,1.220812151023209502e-09,-4.011020404703913300e-10,6.960910528541752740e-10,-1.093224163972728036e-09,1.089349137804729306e-09,-1.691005434636960736e-09,1.922840876756801154e-09,-2.765799232869181612e-09,3.465192228860672352e-09,-4.661853552061917538e-09,5.521938243355055398e-09,-5.742710023227265426e-09,3.387250795984769053e-09,3.354671102104994640e-09,-1.605229177793071615e-08,3.165092614040854180e-08,-4.069639488422926998e-08,3.023853370476281555e-08
1.191784734939623114e+00,-7.211038689610765884e-02,1.404435780585910898e-03,2.119410131900135302e-05,6.711615188106142410e-06,3.036975195387214138e-06,1.245336346160971080e-06,5.337554433949495691e-07,2.265323294507910756e-07,9.749613829549558242e-08,4.014510320135208921e-08,1.675326231779031283e-08,6.610634377575419496e-09,2.206468034324227112e-09,1.188364929030627515e-09,-4.076498028027231157e-10,6.842957589459075507e-10,-1.087587173098647497e-09,1.078714384310230923e-09,-1.678953413797312777e-09,1.906721913604719765e-09,-2.745773866955070197e-09,3.442011319194915320e-09,-4.640524994218436783e-09,5.514002164477664614e-09,-5.767716213488094379e-09,3.465066347892696574e-09,3.224593079532989126e-09,-1.592119034787148335e-08,3.161555732749538050e-08,-4.081397356452826086e-08,3.039744351368556252e-08
1.192142875056627416e+00,-7.251645404878701018e-02,1.419159821581097991e-03,2.124863814224105946e-05,6.696244374074841049e-06,3.035362239762898554e-06,1.241927654934988495e-06,5.312338135928483529e-07,2.249290466309165903e-07,9.657933895765996590e-08,3.964468242578789159e-08,1.650325263773122497e-08,6.481946237570090918e-09,2.152266303546979120e-09,1.156658793050047151e-09,-4.139373843692339960e-10,6.727630258440697730e-10,-1.081994771556793467e-09,1.068270906630364170e-09,-1.667083630862986610e-09,1.890848007031833977e-09,-2.725997761722498414e-09,3.419018511016669315e-09,-4.619170173095210608e-09,5.505630125521472629e-09,-5.791756418210836088e-09,3.541559109670154581e-09,3.095571517435641296e-09,-1.579013633127429594e-08,3.157920186458440526e-08,-4.093063008404201897e-08,3.055621630027038904e-08
1.192503064601284857e+00,-7.292273804411358862e-02,1.433962056113312344e-03,2.130339272461614225e-05,6.680304536976159474e-06,3.033702497545753829e-06,1.238498670996183298e-06,5.287135737882392439e-07,2.233333125526218432e-07,9.567005229129885158e-08,3.915001327856396096e-08,1.625693728767030333e-08,6.355544753672281999e-09,2.099252067316870196e-09,1.125675417462668193e-09,-4.199727926534890798e-10,6.614853040320944899e-10,-1.076446966286059848e-09,1.058013802436585937e-09,-1.655392651081499800e-09,1.875214751491036114e-09,-2.706468471211365134e-09,3.396215072408795277e-09,-4.597797345975984662e-09,5.496838419009365817e-09,-5.814851480098054415e-09,3.616744952681695546e-09,2.967605514190424509e-09,-1.565914361286585565e-08,3.154187467897112684e-08,-4.104636969204378261e-08,3.071485189104494751e-08
1.192865304792522174e+00,-7.332924012465311114e-02,1.448842501918148201e-03,2.135838525505959207e-05,6.663792253217308212e-06,3.031997546538121868e-06,1.235049938678230846e-06,5.261949679647749678e-07,2.217451863894930042e-07,9.476825370193647791e-08,3.866104211552520709e-08,1.601426581447629172e-08,6.231389327281122714e-09,2.047399796575866127e-09,1.095396892983324655e-09,-4.257637437055095120e-10,6.504553354269582144e-10,-1.070943750347552736e-09,1.047938286494187743e-09,-1.643877109089308952e-09,1.859817805403146673e-09,-2.687183500021950167e-09,3.373602123568977817e-09,-4.576414408454659855e-09,5.487642870606775081e-09,-5.837021885366638907e-09,3.690639692401249949e-09,2.840693910568375946e-09,-1.552822577553097938e-08,3.150359050973355890e-08,-4.116119758663244754e-08,3.087335006396463299e-08
1.193229596857342978e+00,-7.373596153385608698e-02,1.463801176541490445e-03,2.141363614483089706e-05,6.646704025045852351e-06,3.030248960611678019e-06,1.231581993538406750e-06,5.236782346274178324e-07,2.201647244619298061e-07,9.387391752520637955e-08,3.817771534846137182e-08,1.577518825030682637e-08,6.109439968683683109e-09,1.996684515642721536e-09,1.065805874111980245e-09,-4.313178425530139748e-10,6.396660701124545767e-10,-1.065484978024500151e-09,1.038039778265831270e-09,-1.632533766157684418e-09,1.844652869689711316e-09,-2.668140257344742139e-09,3.351180604283660047e-09,-4.555028967293678344e-09,5.478058884224486225e-09,-5.858287754423666116e-09,3.763259093291036056e-09,2.714835278892074877e-09,-1.539739603265838364e-08,3.146436394849821960e-08,-4.127511896764163302e-08,3.103171061086262839e-08
1.193595942030838408e+00,-7.414290351606370177e-02,1.478838097336315771e-03,2.146916603026037540e-05,6.629036279995684233e-06,3.028458309673387125e-06,1.228095362497232113e-06,5.211636068909106245e-07,2.185919802028847558e-07,9.298701706848475079e-08,3.769997953574633076e-08,1.553965514296609673e-08,5.989657409811999234e-09,1.947081806549788574e-09,1.036885409130827718e-09,-4.366423889123893787e-10,6.291106177669369970e-10,-1.060070586866856956e-09,1.028313801297586760e-09,-1.621359319373127938e-09,1.829715743067311662e-09,-2.649336200075125269e-09,3.328951285637427038e-09,-4.533648238942700193e-09,5.468101456655369286e-09,-5.878668893908103876e-09,3.834618827005566166e-09,2.590028001531879953e-09,-1.526666727671294188e-08,3.142420938045953349e-08,-4.138813899413895658e-08,3.118993331663322266e-08
1.193964341556202235e+00,-7.455006731651409035e-02,1.493953281459080989e-03,2.152499577541891473e-05,6.610785370595156224e-06,3.026627159864129363e-06,1.224590563760844658e-06,5.186513126458763834e-07,2.170270044410567423e-07,9.210752458747167859e-08,3.722778122838138470e-08,1.530761765261567930e-08,5.872003074752774054e-09,1.898567657254712771e-09,1.008618884593137643e-09,-4.417443771886908621e-10,6.187824280745601868e-10,-1.054700542180153633e-09,1.018756004902976464e-09,-1.610350575109720239e-09,1.815002297110915319e-09,-2.630768733066779497e-09,3.306914794732815355e-09,-4.512279115458095458e-09,5.457785138434680106e-09,-5.898184746166990067e-09,3.904734514675531343e-09,2.466270187639202360e-09,-1.513605212607321837e-08,3.138314105203404702e-08,-4.150026280697743930e-08,3.134801795923181089e-08
1.194334796684743072e+00,-7.495745418134752702e-02,1.509146745866860734e-03,2.158114647444076689e-05,6.591947573644568389e-06,3.024757073874853597e-06,1.221068107019624566e-06,5.161415745687930601e-07,2.154698452629805194e-07,9.123541148091385278e-08,3.676106713045718122e-08,1.507902737743482824e-08,5.756439023368864483e-09,1.851118628173886727e-09,9.809902473678633328e-10,-4.466307740313979480e-10,6.086750686806752242e-10,-1.049374642736466967e-09,1.009362180642847662e-09,-1.599504452498567986e-09,1.800508435921555073e-09,-2.612435177906657913e-09,3.285071605799855243e-09,-4.490928246034947557e-09,5.447124078075508968e-09,-5.916854395110124343e-09,3.973621704519026548e-09,2.343559722586124883e-09,-1.500556284263210305e-08,3.134117306131944947e-08,-4.161149548629478057e-08,3.150596426110263693e-08
1.194707308675897695e+00,-7.536506535761253178e-02,1.524418507313926585e-03,2.163763945422017554e-05,6.572519089534422168e-06,3.022849611033530393e-06,1.217528493600416456e-06,5.136346101553869448e-07,2.139205480282055372e-07,9.037064821774618006e-08,3.629978415336382325e-08,1.485383642214205269e-08,5.642927898390215358e-09,1.804711817487980596e-09,9.539837860644828638e-10,-4.513082824120218106e-10,5.987823431530259199e-10,-1.044092770574600593e-09,1.000128281407330899e-09,-1.588817894956906507e-09,1.786230175489927907e-09,-2.594332887406736177e-09,3.263422058193826691e-09,-4.469601924250027336e-09,5.436132033669743846e-09,-5.934696627792751533e-09,4.041295846742270353e-09,2.221894302226190554e-09,-1.487521138817532451e-08,3.129831930084869818e-08,-4.172184214345370235e-08,3.166377202101777755e-08
1.195081878797244812e+00,-7.577290209327168513e-02,1.539768582348315790e-03,2.169449627722423030e-05,6.552496041932736465e-06,3.020906327461493970e-06,1.213972216414487687e-06,5.111306319270647602e-07,2.123791555874374182e-07,8.951320435660742314e-08,3.584387933035573792e-08,1.463199746304724713e-08,5.531432991333351534e-09,1.759324755323810052e-09,9.275842472594719723e-10,-4.557833555018930838e-10,5.890982146539158748e-10,-1.038854786916676431e-09,9.910503485574539972e-10,-1.578287859779758939e-09,1.772163550021327305e-09,-2.576459244736650778e-09,3.241966355961578561e-09,-4.448306160920179053e-09,5.424822350553505645e-09,-5.951729852016196531e-09,4.107772285679139185e-09,2.101271383454783592e-09,-1.474500939315642745e-08,3.125459352524423418e-08,-4.183130782216271104e-08,3.182144095448258270e-08
1.195458508324519276e+00,-7.618096563720784531e-02,1.555196987308264667e-03,2.175173874408714569e-05,6.531874477210637339e-06,3.018928776171887762e-06,1.210399760075489550e-06,5.086298474812206427e-07,2.108457083094261719e-07,8.866304859571350061e-08,3.539329983563363480e-08,1.441346372203083925e-08,5.421918253777080476e-09,1.714935370794590241e-09,9.017767036573198780e-10,-4.600622660611008996e-10,5.796169030847231340e-10,-1.033660546045922501e-09,9.821245318744620256e-10,-1.567911406610833502e-09,1.758304721656903102e-09,-2.558811532452076598e-09,3.220704572178337277e-09,-4.427046726169364677e-09,5.413208038610763106e-09,-5.967972153573739003e-09,4.173066285432548705e-09,1.981688256200153653e-09,-1.461496822001417950e-08,3.121000929744155439e-08,-4.193989754357890787e-08,3.197897080475797793e-08
1.195837198541625179e+00,-7.658925723922946349e-02,1.570703738318867532e-03,2.180938889623923460e-05,6.510650363785765171e-06,3.016918507386251447e-06,1.206811600996168105e-06,5.061324594990423975e-07,2.093202440944103015e-07,8.782014886306310775e-08,3.494799296526254762e-08,1.419818890929791522e-08,5.314348280015257497e-09,1.671522172411177287e-09,8.765466043975100874e-10,-4.641511619496441199e-10,5.703327463080221094e-10,-1.028509832856627781e-09,9.733470964987112062e-10,-1.557685676625841786e-09,1.744649896556413338e-09,-2.541387039180220686e-09,3.199636689280027646e-09,-4.405829112132109149e-09,5.401301711558011143e-09,-5.983441313597848144e-09,4.237193028519201099e-09,1.863142028244585413e-09,-1.448509894582533652e-08,3.116458003726146897e-08,-4.204761628982811583e-08,3.213636126653263148e-08
1.196217950740650515e+00,-7.699777815007685655e-02,1.586288851288569085e-03,2.186746901858705600e-05,6.488819591642189938e-06,3.014877068661155762e-06,1.203208207454283668e-06,5.036386658951313988e-07,2.078027984179185716e-07,8.698447231687139736e-08,3.450790627855179760e-08,1.398612724202649704e-08,5.208688170013631158e-09,1.629064095426402403e-09,8.518798236267777213e-10,-4.680559273495532580e-10,5.612402695365226180e-10,-1.023402459998656866e-09,9.647144498178827909e-10,-1.547607809265771905e-09,1.731195332487639460e-09,-2.524183086508036133e-09,3.178762571741378107e-09,-4.384658509968414331e-09,5.389115631396559913e-09,-5.998154782756170977e-09,4.300167591637666514e-09,1.745629590963609923e-09,-1.435541235536574867e-08,3.111831901533856914e-08,-4.215446903609726403e-08,3.229361206918968108e-08
1.196600766221882495e+00,-7.740652962142813287e-02,1.601952341905531901e-03,2.192600164241907679e-05,6.466377971695285581e-06,3.012806005025462502e-06,1.199590039717510909e-06,5.011486598170689089e-07,2.062934044409249490e-07,8.615598536074881020e-08,3.407298750611464921e-08,1.377723348773562950e-08,5.104903714157893457e-09,1.587540477548943230e-09,8.277625373337427206e-10,-4.717823492983441724e-10,5.523342200275394021e-10,-1.018338219305192638e-09,9.562230772822144509e-10,-1.537675032442509249e-09,1.717937358342025433e-09,-2.507196986481496914e-09,3.158081948945526407e-09,-4.363539904839869310e-09,5.376661697895773750e-09,-6.012129670626351063e-09,4.362004932874797430e-09,1.629147660959368027e-09,-1.422591894111036037e-08,3.107123934011080113e-08,-4.226046071940936510e-08,3.245072289354000716e-08
1.196985646293819983e+00,-7.781551290590497938e-02,1.617694225634201677e-03,2.198500954792015349e-05,6.443321235170265324e-06,3.010706859249206654e-06,1.195957550072929143e-06,4.986626298076127228e-07,2.047920930484461999e-07,8.533465371309001402e-08,3.364318456764922582e-08,1.357146289359539848e-08,5.002961270955674777e-09,1.546931152618391536e-09,8.041812840642315052e-10,-4.753360066667156048e-10,5.436094629995835703e-10,-1.013316895670524076e-09,9.478695875073106514e-10,-1.527884607027685249e-09,1.704872397336604228e-09,-2.490426045075044836e-09,3.137594468960447358e-09,-4.342478031674201766e-09,5.363951471252896563e-09,-6.025382797304051907e-09,4.422719926454408285e-09,1.513692829066548562e-09,-1.409662892231516862e-08,3.102335392746180531e-08,-4.236559622994989782e-08,3.260769346202785357e-08
1.197372592273189706e+00,-7.822472925707860125e-02,1.633514517711431857e-03,2.204451576720122680e-05,6.419645033233119247e-06,3.008581171836874346e-06,1.192311182858681040e-06,4.961807598537031072e-07,2.032988929098235309e-07,8.452044240100237138e-08,3.321844561574027743e-08,1.336877126622421086e-08,4.902827725403180459e-09,1.507216322235716000e-09,7.811230100240873497e-10,-4.787222840363369869e-10,5.350610024490443095e-10,-1.008338287866727967e-09,9.396506619671618488e-10,-1.518233878894381661e-09,1.691996913237570066e-09,-2.473867531833928712e-09,3.117299692250580234e-09,-4.321477398150364024e-09,5.350996193451834637e-09,-6.037930663262136566e-09,4.482327328747537365e-09,1.399261500070747566e-09,-1.396755227884433070e-08,3.097467559092653699e-08,-4.246988046050642618e-08,3.276452339995294949e-08
1.197761605484962022e+00,-7.863417992947571711e-02,1.649413233142906637e-03,2.210454358697946931e-05,6.395344936137997705e-06,3.006430481381936956e-06,1.188651374703364461e-06,4.937032294528159726e-07,2.018138304670132055e-07,8.371331578459206835e-08,3.279871901417513724e-08,1.316911489926408940e-08,4.804470567915108958e-09,1.468376652907776858e-09,7.585749303012923050e-10,-4.819464272109996728e-10,5.266840158446584041e-10,-1.003402166910305482e-09,9.315631122400191977e-10,-1.508720251161554948e-09,1.679307413829725371e-09,-2.457518748395781660e-09,3.097197119215563954e-09,-4.300542281662766975e-09,5.337806737630915177e-09,-6.049789446098061130e-09,4.540841803696987755e-09,1.285849890973744802e-09,-1.383869868611803389e-08,3.092521696796551867e-08,-4.257331825355953336e-08,3.292121240894285705e-08
1.198152687262363569e+00,-7.904386617858467912e-02,1.665390386699380082e-03,2.216511655138940495e-05,6.370416432774014814e-06,3.004256324715386811e-06,1.184978554460546646e-06,4.912302136806170894e-07,2.003369300594866342e-07,8.291323766278224650e-08,3.238395338001076595e-08,1.297245060503937619e-08,4.707857863966991019e-09,1.430393203188939921e-09,7.365245670298836700e-10,-4.850135293388291302e-10,5.184738957608736598e-10,-9.985082413677126567e-10,9.236038236298815818e-10,-1.499341130417608525e-09,1.666800534400048051e-09,-2.441377044970494126e-09,3.077286115163446745e-09,-4.279676730622322678e-09,5.324393687554905552e-09,-6.060975048672451182e-09,4.598277853699438839e-09,1.173454127270656677e-09,-1.371007753245973015e-08,3.087499051129122263e-08,-4.267591444638563214e-08,3.307776016980845668e-08
1.198545838946894371e+00,-7.945378926086124616e-02,1.681445992912880549e-03,2.222625846490418333e-05,6.344854930044000613e-06,3.002060237007001670e-06,1.181293143294633030e-06,4.887618832976475813e-07,1.988682140105328677e-07,8.212017117096431784e-08,3.197409755798658049e-08,1.277873576139426648e-08,4.612958205522932342e-09,1.393247441028311329e-09,7.149598101052756505e-10,-4.879286141790117881e-10,5.104260902832891134e-10,-9.936562961332384702e-10,9.157697456255164958e-10,-1.490093997844055274e-09,1.654472919342814263e-09,-2.425439719726252275e-09,3.057565985554316912e-09,-4.258884609992935610e-09,5.310767318749895494e-09,-6.071503049669482732e-09,4.654649912738412915e-09,1.062070175729401544e-09,-1.358169802751635347e-08,3.082400855652228655e-08,-4.277767378865759973e-08,3.323416625927722023e-08
1.198941061888343373e+00,-7.986395043373450964e-02,1.697580066072790217e-03,2.228799339515016853e-05,6.318655752326953617e-06,2.999843751946840165e-06,1.177595554792323224e-06,4.862984048213149502e-07,1.974077025708800837e-07,8.133407891804111944e-08,3.156910064784634873e-08,1.258792819026216536e-08,4.519740750066891799e-09,1.356921221218332363e-09,6.938688096314038489e-10,-4.906964418127657268e-10,5.025362209698513993e-10,-9.888460536511267662e-10,9.080579742998251547e-10,-1.480976400541900162e-09,1.642321274851823998e-09,-2.409704102923626579e-09,3.038035988577048041e-09,-4.238169595653651367e-09,5.296937598178036444e-09,-6.081388725497766101e-09,4.709972264147540416e-09,9.516938426559762298e-10,-1.345356907822559123e-08,3.077228329095849091e-08,-4.287860106300805940e-08,3.339043035816002813e-08
1.199338357444803771e+00,-8.027435095561294420e-02,1.713792620222174407e-03,2.235034567576576342e-05,6.291814140697848945e-06,2.997608402080910797e-06,1.173886195046745101e-06,4.838399404981374996e-07,1.959554139989265475e-07,8.055492300811095685e-08,3.116891207893129900e-08,1.239998623052407378e-08,4.428175163356806721e-09,1.321396811415631589e-09,6.732400574527286352e-10,-4.933216612990065641e-10,4.948000689730669421e-10,-9.840772571823031001e-10,9.004656430222635066e-10,-1.471985930714958535e-09,1.630342407951679284e-09,-2.394167523088464034e-09,3.018695272916094297e-09,-4.217535147944123652e-09,5.282914207873148915e-09,-6.090647085201655875e-09,4.764259098344325594e-09,8.423208242014368352e-10,-1.332569937034788765e-08,3.071982673016199206e-08,-4.297870098181333365e-08,3.354655207787882176e-08
1.199737726982688102e+00,-8.068499208589066662e-02,1.730083669153816006e-03,2.241333990938947085e-05,6.264325252318316689e-06,2.995355718860611555e-06,1.170165462739420487e-06,4.813866484936965562e-07,1.945113646990848100e-07,7.978266503092662498e-08,3.077348145188660289e-08,1.221486873410546070e-08,4.338231675803105869e-09,1.286656829690979720e-09,6.530622934791674439e-10,-4.958087967965596476e-10,4.872134778954873013e-10,-9.793496222321174116e-10,8.929899918477812726e-10,-1.463120229139303063e-09,1.618533160795132542e-09,-2.378827346043166369e-09,2.999542944972025116e-09,-4.196984545491722063e-09,5.268706514040960576e-09,-6.099292854198218317e-09,4.817524466426293533e-09,7.339467072292604755e-10,-1.319809733463933599e-08,3.066665075872332391e-08,-4.307797825137821279e-08,3.370253101597775469e-08
1.200139171876746236e+00,-8.109587508495331998e-02,1.746453226406052134e-03,2.247700097068178193e-05,6.236184159951353029e-06,2.993087232826176919e-06,1.166433749159780792e-06,4.789386828987080014e-07,1.930755691905566840e-07,7.901726611306975068e-08,3.038275869088336023e-08,1.203253504602694313e-08,4.249881000936706066e-09,1.252684280958482610e-09,6.333245941569920490e-10,-4.981622336863722467e-10,4.797724717509055381e-10,-9.746628781837074484e-10,8.856283432306932824e-10,-1.454376960877135083e-09,1.606890416734618743e-09,-2.363680929803879671e-09,2.980578061705790871e-09,-4.176520896053553811e-09,5.254323623329199000e-09,-6.107340457146837043e-09,4.869782282773075371e-09,6.265669281156627246e-10,-1.307077115726001937e-08,3.061276711291416319e-08,-4.317643753897620895e-08,3.385836677000098049e-08
1.200542693510080028e+00,-8.150700121418386068e-02,1.762901305258766926e-03,2.254135400903047731e-05,6.207385851310365243e-06,2.990804473813326800e-06,1.162691438332235511e-06,4.764961938777748096e-07,1.916480400982259469e-07,7.825868690494036661e-08,2.999669403624602437e-08,1.185294501958311653e-08,4.163094374440290402e-09,1.219462534424176070e-09,6.140162718548669574e-10,-5.003862324493013602e-10,4.724731994532049839e-10,-9.700167336035292465e-10,8.783780794732742869e-10,-1.445753863849041920e-09,1.595411150846076653e-09,-2.348725663611772596e-09,2.961799596161093784e-09,-4.156147118301867227e-09,5.239774378490782980e-09,-6.114804035946969085e-09,4.921046367005032368e-09,5.201768512458349036e-10,-1.294372881533584208e-08,3.055818736334009467e-08,-4.327408347458427951e-08,3.401405898606491007e-08
1.200948293274160417e+00,-8.191837173596906718e-02,1.779427918729609842e-03,2.260642445189343930e-05,6.177925228260331553e-06,2.988508971102235914e-06,1.158938907072550734e-06,4.740593276993110283e-07,1.902287883213601982e-07,7.750688762065555126e-08,2.961523800585480481e-08,1.167605902024568265e-08,4.077843544607329118e-09,1.186975307973514582e-09,5.951269060888719764e-10,-5.024848870327502937e-10,4.653119139996775289e-10,-9.654108901191449377e-10,8.712366540014615524e-10,-1.437248726282591704e-09,1.584092385476659759e-09,-2.333958937575375536e-09,2.943206494927103067e-09,-4.135866016850842097e-09,5.225067321520948660e-09,-6.121697472723230948e-09,4.971330404572506939e-09,4.147717069975798143e-10,-1.281697804660086870e-08,3.050292296004342152e-08,-4.337092066389325318e-08,3.416960716456918234e-08
1.201355972568844077e+00,-8.232998791370522984e-02,1.796033079569634566e-03,2.267223800760803654e-05,6.147797106280904200e-06,2.986202253653456179e-06,1.155176525038156127e-06,4.716282267246997562e-07,1.888178230245035616e-07,7.676182809703002707e-08,2.923834137563002811e-08,1.150183790007627826e-08,3.994100756729568324e-09,1.155206636946348731e-09,5.766463764822482574e-10,-5.044621942396076975e-10,4.582849447154480060e-10,-9.608450632359044619e-10,8.642016009058339776e-10,-1.428859353752587324e-09,1.572931185691087141e-09,-2.319378197314370116e-09,2.924797650599719745e-09,-4.115680171234287199e-09,5.210210757516757496e-09,-6.128034377031812974e-09,5.020647942310593748e-09,3.103466138590360579e-10,-1.269052636240775023e-08,3.044698519867605757e-08,-4.346695368223629785e-08,3.432501090305795088e-08
1.201765732802390740e+00,-8.274185101180428492e-02,1.812716800259107919e-03,2.273882066831933724e-05,6.116996213838873236e-06,2.983885850352512720e-06,1.151404654800135957e-06,4.692030295726581923e-07,1.874151516916867932e-07,7.602346774457022227e-08,2.886595522073182041e-08,1.133024300553273078e-08,3.911838734015071761e-09,1.124140964342545956e-09,5.585647847028418767e-10,-5.063220676060353753e-10,4.513887943979888462e-10,-9.563189337646882393e-10,8.572705401457825225e-10,-1.420583617753323757e-09,1.561924707627060371e-09,-2.304980871101203199e-09,2.906571856895606709e-09,-4.095592019606048018e-09,5.195212744377175618e-09,-6.133828086511000643e-09,5.069012395161193174e-09,2.068966096537006027e-10,-1.256438105466661792e-08,3.039038525432663507e-08,-4.356218706071113278e-08,3.448026975744200584e-08
1.202177575391478737e+00,-8.315396229570029552e-02,1.829479093003565093e-03,2.280619871338190191e-05,6.085517191572846485e-06,2.981561290046983587e-06,1.147623651909582265e-06,4.667838711604373192e-07,1.860207801476776446e-07,7.529176564938927507e-08,2.849803100099523867e-08,1.116123616575967481e-08,3.831030681925029491e-09,1.093763014187176807e-09,5.408725151784254948e-10,-5.080682680125292450e-10,4.446200421726054230e-10,-9.518322449664218254e-10,8.504411281098911424e-10,-1.412419462637481971e-09,1.551070117396941006e-09,-2.290764406290279886e-09,2.888527947213226366e-09,-4.075603900807051039e-09,5.180081069492727119e-09,-6.139091658424397635e-09,5.116437076801722689e-09,1.044166480709818323e-10,-1.243854921319231810e-08,3.033313412514199170e-08,-4.365662531133351898e-08,3.463538326281545565e-08
1.202591501761224535e+00,-8.356632303185498878e-02,1.846319969729261212e-03,2.287439871216569859e-05,6.053354591731199136e-06,2.979230101863086788e-06,1.143833865021193913e-06,4.643708826478770701e-07,1.846347126551253770e-07,7.456668063739180230e-08,2.813452042388711605e-08,1.099477966309825305e-08,3.751650294245290063e-09,1.064057890409753071e-09,5.235601552994184615e-10,-5.097044730728583772e-10,4.379753365535421494e-10,-9.473846221408344093e-10,8.437110792999802378e-10,-1.404364777246591700e-09,1.540364679124966996e-09,-2.276726306614518247e-09,2.870664679490569915e-09,-4.055717972833300378e-09,5.164823301570357905e-09,-6.143837920184747059e-09,5.162935118980475219e-09,2.901598232518676213e-12,-1.231303770141828346e-08,3.027524267916470446e-08,-4.375027292616989749e-08,3.479035094039462095e-08
1.203007513345198287e+00,-8.397893448776404257e-02,1.863239442079056563e-03,2.294344752725926972e-05,6.020502877479485399e-06,2.976893815331230903e-06,1.140035635964833927e-06,4.619641916945790849e-07,1.832569518560138444e-07,7.384817112942448913e-08,2.777537554381898088e-08,1.083083629466879971e-08,3.673671710585635353e-09,1.035010971026095739e-09,5.066185457258676195e-10,-5.112342216229137648e-10,4.314514787107093241e-10,-9.429758016099576423e-10,8.370782365874074316e-10,-1.396417613486189424e-09,1.529805666259514974e-09,-2.262864047183898997e-09,2.852980779139563383e-09,-4.035936290898434198e-09,5.149446775671445709e-09,-6.148079420998514566e-09,5.208519549958646327e-09,-9.765378089499066050e-11,-1.218785318675419393e-08,3.021672168642547396e-08,-4.384313432529568511e-08,3.494517230445692846e-08
1.203425611585441812e+00,-8.439179793196371904e-02,1.880237521407947948e-03,2.301337231772754288e-05,5.986956422153423205e-06,2.974553960539538106e-06,1.136229299756371519e-06,4.595639225227904356e-07,1.818874988757449018e-07,7.313619526270673243e-08,2.742054876561650367e-08,1.066936930341558232e-08,3.597069527655483157e-09,1.006607980996720997e-09,4.900387647749360198e-10,-5.126608720873448988e-10,4.250453669585319005e-10,-9.386054294902024253e-10,8.305404150879547309e-10,-1.388576019792364669e-09,1.519390441153539717e-09,-2.249175169027894938e-09,2.835474925601960683e-09,-4.016260718962827436e-09,5.133958593320220309e-09,-6.151828502772710427e-09,5.253203290065105308e-09,-1.972547685087644442e-10,-1.206300215706584966e-08,3.015758172960486538e-08,-4.393521394960298032e-08,3.509984687621869881e-08
1.203845797932488360e+00,-8.480491463403652674e-02,1.897314218778596573e-03,2.308420054228030316e-05,5.952709508717226802e-06,2.972212068363695031e-06,1.132415184617197729e-06,4.571701958467136451e-07,1.805263534332933462e-07,7.243071090297370507e-08,2.706999276819166411e-08,1.051034247395027377e-08,3.521818794927078500e-09,9.788349228379011890e-10,4.738121214820090188e-10,-5.139878522797403093e-10,4.187539134892226400e-10,-9.342731865924491785e-10,8.240955565522178894e-10,-1.380838053274824340e-09,1.509116427308998531e-09,-2.235657237462107538e-09,2.818145754084067089e-09,-3.996693031214915148e-09,5.118365627057412659e-09,-6.155097221401811813e-09,5.296999100142581879e-09,-2.959067608998555698e-10,-1.193849087297027545e-08,3.009783330811671709e-08,-4.402651617579911303e-08,3.525437410056841969e-08
1.204268073845378151e+00,-8.521828586461741017e-02,1.914469544957109193e-03,2.315595996220214114e-05,5.917756328890824008e-06,2.969869670699622557e-06,1.128593612143794639e-06,4.547831289414619449e-07,1.791735137557717850e-07,7.173167567136456979e-08,2.672366058694211621e-08,1.035372001849388379e-08,3.447895042391069254e-09,9.516781182550282381e-10,4.579301295798421378e-10,-5.152183124579323703e-10,4.125742039673419015e-10,-9.299788231165173613e-10,8.177416608440291057e-10,-1.373201809207191815e-09,1.498981041288954819e-09,-2.222307822138946953e-09,2.800991927981444363e-09,-3.977234898627085569e-09,5.102674548087410278e-09,-6.157897379510668401e-09,5.339919596563866278e-09,-3.936152011968507836e-10,-1.181432540166282852e-08,3.003748672101430595e-08,-4.411704534589694360e-08,3.540875354035577516e-08
1.204692440791676589e+00,-8.563191289539989759e-02,1.931703510408378649e-03,2.322867864478373595e-05,5.882090982475265614e-06,2.967528300716962275e-06,1.124764897325949975e-06,4.524028357089787677e-07,1.778289766933560667e-07,7.103904703029129131e-08,2.638150559336818746e-08,1.019946655345799202e-08,3.375274173871012362e-09,9.251242237551249303e-10,4.423844814777089240e-10,-5.163554583909046869e-10,4.065034281408586025e-10,-9.257219643621361627e-10,8.114767260924971026e-10,-1.365665476538158174e-09,1.488981788127369255e-09,-2.209124511792781576e-09,2.784012031759736105e-09,-3.957887853393848854e-09,5.086891797980580554e-09,-6.160240571557312750e-09,5.381977278336863568e-09,-4.903855880394880629e-10,-1.169051163773388025e-08,2.997655217541056460e-08,-4.420680578803154459e-08,3.556298459883588947e-08
1.205118900247495350e+00,-8.604579699914254032e-02,1.949016125291507667e-03,2.330238496664211595e-05,5.845707476647126616e-06,2.965189492833055634e-06,1.120929348655177321e-06,4.500294268515100948e-07,1.764927376941317905e-07,7.035278215853854600e-08,2.604348157573752043e-08,1.004754723822262608e-08,3.303932539014398095e-09,8.991601178898189772e-10,4.271671419364686528e-10,-5.174023570697627861e-10,4.005387896355294686e-10,-9.215022633846103872e-10,8.052988493059687336e-10,-1.358227254624755354e-09,1.479116229236715485e-09,-2.196104941128151911e-09,2.767204649667745486e-09,-3.938653318422136174e-09,5.071023632691878946e-09,-6.162138136561745583e-09,5.423184487964895217e-09,-5.862235063699983151e-10,-1.156705527020907009e-08,2.991503976999820846e-08,-4.429580177829628429e-08,3.571706675559171984e-08
1.205547453697508598e+00,-8.645993944967521327e-02,1.966407399455319394e-03,2.337710761691428468e-05,5.808599725248570628e-06,2.962854782981826085e-06,1.117087268141629675e-06,4.476630099240798411e-07,1.751647909328975239e-07,6.967283798335610623e-08,2.570954257818947042e-08,9.897927744778600712e-09,3.233846928955841360e-09,8.737729428887064387e-10,4.122702301073699616e-10,-5.183618811965828854e-10,3.946776308549893031e-10,-9.173194495670777826e-10,7.992061422379403979e-10,-1.350885348028185717e-09,1.469381981106937518e-09,-2.183246757860024534e-09,2.750568316080975739e-09,-3.919532599958724939e-09,5.055076093829491413e-09,-6.163601202775065291e-09,5.463553467120480650e-09,-6.811345593452089453e-10,-1.144396183198892469e-08,2.985295941611981752e-08,-4.438403755809006146e-08,3.587099942081728443e-08
1.205978102634972959e+00,-8.687434152190481873e-02,1.983877342433538332e-03,2.345287560059743093e-05,5.770761547985690798e-06,2.960525708928631386e-06,1.113238951390860959e-06,4.453036892126255308e-07,1.738451292834092277e-07,6.899917135219646447e-08,2.537964301132372702e-08,9.750574061703765061e-09,3.164994526010100895e-09,8.489502260899950414e-10,3.976861201460124562e-10,-5.192369451068046260e-10,3.889172525695094862e-10,-9.131731412703736339e-10,7.931968077148909835e-10,-1.343638058454166284e-09,1.459776674539448038e-09,-2.170547628785324257e-09,2.734101589877899197e-09,-3.900526943101390032e-09,5.039055034892526985e-09,-6.164640646046104511e-09,5.503096330245014350e-09,-7.751244312202698605e-10,-1.132123666602175005e-08,2.979032093838179795e-08,-4.447151735753607227e-08,3.602478205327885874e-08
1.206410848561745519e+00,-8.728900449182196153e-02,2.001425963440214145e-03,2.352971824173388099e-05,5.732186669785144240e-06,2.958203810422485591e-06,1.109384687679286496e-06,4.429515659473692857e-07,1.725337443383295755e-07,6.833173891301891345e-08,2.505373766998122975e-08,9.605452715340245806e-09,3.097352945305442695e-09,8.246796960598157256e-10,3.834073301900442488e-10,-5.200302827246261472e-10,3.832552053495419386e-10,-9.090630609387417849e-10,7.872690945334714918e-10,-1.336483649444497601e-09,1.450297971560682297e-09,-2.158005279681574073e-09,2.717802999579327361e-09,-3.881637447664815221e-09,5.022966129294113846e-09,-6.165267141212613100e-09,5.541824998683483883e-09,-8.681988626288439370e-10,-1.119888493397724893e-08,2.972713403302101876e-08,-4.455824537379776684e-08,3.617841404929267313e-08
1.206845692988304242e+00,-8.770392963650706919e-02,2.019053271364850549e-03,2.360766518703320133e-05,5.692868720002033922e-06,2.955890629334620087e-06,1.105524759934667367e-06,4.406067383088893563e-07,1.712306265506079173e-07,6.767049715722395220e-08,2.473178164650799427e-08,9.462530660940549065e-09,3.030900231314193061e-09,8.009493242255860679e-10,3.694265310327793372e-10,-5.207446140964577808e-10,3.776890189488568694e-10,-9.049888616274870401e-10,7.814212532250564003e-10,-1.329420505971623534e-09,1.440943649989867570e-09,-2.145617439795743930e-09,2.701671009304462689e-09,-3.862865126727510479e-09,5.006814874047686714e-09,-6.165491122636299060e-09,5.579751289968518796e-09,-9.603636336695531295e-10,-1.107691161277707392e-08,2.966340825489438560e-08,-4.464422575286425277e-08,3.633189478435827624e-08
1.207282637433766848e+00,-8.811911823413699774e-02,2.036759274767846462e-03,2.368674640911526408e-05,5.652801231521755593e-06,2.953587709824583366e-06,1.101659444963359186e-06,4.382693014988101043e-07,1.699357651398052116e-07,6.701540247473075640e-08,2.441373048297709736e-08,9.321775274861304750e-09,2.965614714738051827e-09,7.777474116121840808e-10,3.557366415329887843e-10,-5.213825621241952035e-10,3.722162925101635267e-10,-9.009501894530203003e-10,7.756516332002583169e-10,-1.322447000864923616e-09,1.431711477237890273e-09,-2.133381844446335940e-09,2.685704145622552774e-09,-3.844210931785302376e-09,4.990606552470432111e-09,-6.165322827137234563e-09,5.616886895323195544e-09,-1.051624549594509794e-09,-1.095532155097334037e-08,2.959915302094828782e-08,-4.472946261383642375e-08,3.648522371724194358e-08
1.207721683425910353e+00,-8.853457156399080485e-02,2.054543981875291830e-03,2.376699220998229611e-05,5.611977640171492837e-06,2.951296598601316906e-06,1.097789013385259971e-06,4.359393478200329630e-07,1.686491481840343698e-07,6.636641114964036969e-08,2.409954000985939371e-08,9.183154412242822140e-09,2.901475165163758252e-09,7.550624517987936102e-10,3.423307921857077218e-10,-5.219465970540682065e-10,3.668347084428980054e-10,-8.969467460429036976e-10,7.699586255030532733e-10,-1.315561522566288666e-09,1.422599272757341105e-09,-2.121296281860918231e-09,2.669900871134917031e-09,-3.825675687699203742e-09,4.974346298476477191e-09,-6.164772289440206832e-09,5.653243388497285193e-09,-1.141987462493360139e-09,-1.083411943925832732e-08,2.953437765965821749e-08,-4.481396003418181007e-08,3.663840018874875426e-08
1.208162832501191275e+00,-8.895029090645600878e-02,2.072407400574086123e-03,2.384843322429490431e-05,5.570391283961926079e-06,2.949018845113974760e-06,1.093913729656795231e-06,4.336169666984204807e-07,1.673707626936860038e-07,6.572347932033706375e-08,2.378916640066730537e-08,9.046636354967385607e-09,2.838460811012410989e-09,7.328831898995025185e-10,3.292021707318459889e-10,-5.224392307656700041e-10,3.615419977287537279e-10,-8.929782052691237482e-10,7.643406263815877288e-10,-1.308762516763484207e-09,1.413604924088707193e-09,-2.109358587104592786e-09,2.654259645840789661e-09,-3.807260139966628376e-09,4.958039072941282377e-09,-6.163849318539110778e-09,5.688832168629798930e-09,-1.231458279099539865e-09,-1.071330975235124106e-08,2.946909136679332075e-08,-4.489772208269432463e-08,3.679142350498931791e-08
1.208606086204765173e+00,-8.936627754303565208e-02,2.090349538407285795e-03,2.393110042304275042e-05,5.528035402184525854e-06,2.946756001843790773e-06,1.090033852204925352e-06,4.313022446923372999e-07,1.661005946148978729e-07,6.508656305581617119e-08,2.348256618453156697e-08,8.912189819465510254e-09,2.776551212904654342e-09,7.111986971564121518e-10,3.163441800180244456e-10,-5.228628363607157326e-10,3.563360301273021946e-10,-8.890442132480913529e-10,7.587960502986046407e-10,-1.302048449960957477e-09,1.404726339155476511e-09,-2.097566581364673777e-09,2.638778927571000521e-09,-3.788964998956839692e-09,4.941689679747833519e-09,-6.162563495962225524e-09,5.723664519338006462e-09,-1.320042927830528123e-09,-1.059289683746911237e-08,2.940330320541639786e-08,-4.498075278913660213e-08,3.694429304840207706e-08
1.209051446090506854e+00,-8.978253275635374175e-02,2.108370402568966046e-03,2.401502511702874321e-05,5.484903134507761874e-06,2.944509624385610591e-06,1.086149633573296053e-06,4.289952655672432669e-07,1.648386287632017111e-07,6.445561844415498287e-08,2.317969633900893167e-08,8.779783873015534201e-09,2.715726233303017434e-09,6.899982113450775500e-10,3.037504206493402137e-10,-5.232197036741936813e-10,3.512146615203270983e-10,-8.851444577295808358e-10,7.533234400863841884e-10,-1.295417842439583467e-09,1.395961464045053502e-09,-2.085918123992391848e-09,2.623457172204815557e-09,-3.770790857077904734e-09,4.925302756462503206e-09,-6.160924246895876921e-09,5.757751599339087228e-09,-1.407747376568763142e-09,-1.047288490565317920e-08,2.933702212843530832e-08,-4.506305612342331735e-08,3.709700820836436819e-08
1.209498913721031021e+00,-9.019905783016238243e-02,2.126469999899047864e-03,2.410023896040527219e-05,5.440987520268468491e-06,2.942281271543301449e-06,1.082261320373666125e-06,4.266961104748036304e-07,1.635848488959479319e-07,6.383060145460223156e-08,2.288051421505538086e-08,8.649388066883645365e-09,2.655966112839747151e-09,6.692712287148516737e-10,2.914146684379614882e-10,-5.235121225410921397e-10,3.461757963618694589e-10,-8.812785917688970017e-10,7.479213437813769794e-10,-1.288869216214960645e-09,1.387308275636184307e-09,-2.074411120309149759e-09,2.608292823044755515e-09,-3.752738227374291524e-09,4.908882778021338156e-09,-6.158940772313381551e-09,5.791104432638100735e-09,-1.494577593630364021e-09,-1.035327801702373707e-08,2.927025694998003358e-08,-4.514463603812191028e-08,3.724956822159786185e-08
1.209948490667713372e+00,-9.061585404934768828e-02,2.144648336877948147e-03,2.418677395428937144e-05,5.396281497902421717e-06,2.940072505736111147e-06,1.078369153230396282e-06,4.244048578579129316e-07,1.623392379521311490e-07,6.321146800132917964e-08,2.258497742296805555e-08,8.520972394256837168e-09,2.597251563991875845e-09,6.490074103138177009e-10,2.793307685849955035e-10,-5.237421746295822800e-10,3.412174501282727590e-10,-8.774463031158141746e-10,7.425883059505866690e-10,-1.282401171365243897e-09,1.378764835809065392e-09,-2.063043486044691122e-09,2.593284291300956834e-09,-3.734807576920295968e-09,4.892434088063501996e-09,-6.156622065454919746e-09,5.823733884946589306e-09,-1.580539601541558481e-09,-1.023408004868775478e-08,2.920301640611799865e-08,-4.522549648493245922e-08,3.740197244278542499e-08
1.210400178510711244e+00,-9.103292269993618069e-02,2.162905419621798803e-03,2.427466245019486990e-05,5.350777903838886684e-06,2.937884893162599417e-06,1.074473366991651746e-06,4.221215835395995819e-07,1.611017778355497421e-07,6.259817394820010872e-08,2.229304397983675190e-08,8.394507270293588563e-09,2.539563532556743386e-09,6.291966930110914902e-10,2.674927709889196592e-10,-5.239119971189865055e-10,3.363377146237134241e-10,-8.736472517645310631e-10,7.373229492235733318e-10,-1.276012280213012495e-09,1.370329202974446270e-09,-2.051813179429484713e-09,2.578430035888451544e-09,-3.716999283018274092e-09,4.875960842878022949e-09,-6.153976966254484648e-09,5.855650715073761059e-09,-1.665639441910532481e-09,-1.011529474591321698e-08,2.913530908459777136e-08,-4.530564132448205994e-08,3.755422012252651598e-08
1.210853978838984046e+00,-9.145026506910144959e-02,2.181241253877044817e-03,2.436393715378112890e-05,5.304469471613523432e-06,2.935720003896915078e-06,1.070574190816572097e-06,4.198463608301450378e-07,1.598724494993736256e-07,6.199067514693623604e-08,2.200467235551409328e-08,8.269963483117925840e-09,2.482883303470129199e-09,6.098292721495868207e-10,2.558949163677937122e-10,-5.240236577996881806e-10,3.315346608356861680e-10,-8.698811115870341837e-10,7.321239092403231119e-10,-1.269701170591996942e-09,1.361999465900737283e-09,-2.040718176041234067e-09,2.563728511168622548e-09,-3.699313680036175889e-09,4.859467085021121346e-09,-6.151014112117103583e-09,5.886865539581499079e-09,-1.749883144636088517e-09,-9.996925753354146682e-09,2.906714347168659618e-08,-4.538507440785682912e-08,3.770631055999285053e-08
1.211309893250315017e+00,-9.186788244517016255e-02,2.199655845014938244e-03,2.445463112848815512e-05,5.257348831365100256e-06,2.933579412208418835e-06,1.066671848060779526e-06,4.175792604459854784e-07,1.586512330701769780e-07,6.138892749739735533e-08,2.171982126921920275e-08,8.147312225478126058e-09,2.427192564123659135e-09,5.908955217487354972e-10,2.445315113591695066e-10,-5.240790995619803994e-10,3.268064638350942630e-10,-8.661475911497795721e-10,7.269898650089090530e-10,-1.263466477274821642e-09,1.353773818307119070e-09,-2.029756472274324430e-09,2.549178119894829342e-09,-3.681751028182522756e-09,4.842956743424629840e-09,-6.147741956350274983e-09,5.917388827634401105e-09,-1.833276786454562934e-09,-9.878976523977622826e-09,2.899852791227175430e-08,-4.546379957313245734e-08,3.785824303353946263e-08
1.211767923351332543e+00,-9.228577611762903143e-02,2.218149198026701796e-03,2.454677779929661380e-05,5.209408508586709646e-06,2.931464696740576636e-06,1.062766556532684231e-06,4.153203506445865556e-07,1.574381077568652587e-07,6.079288695018392197e-08,2.143844985216802890e-08,8.026525065256417957e-09,2.372473333241142956e-09,5.723860153211690616e-10,2.333970117868178207e-10,-5.240802930517318714e-10,3.221513542039922129e-10,-8.624463365691781291e-10,7.219195146193624346e-10,-1.257306876667474427e-09,1.345650416616217537e-09,-2.018926094013440142e-09,2.534777269590920978e-09,-3.664311526083152692e-09,4.826433587859502161e-09,-6.144168757538787107e-09,5.947230952770433260e-09,-1.915826444535972950e-09,-9.761450407534677520e-09,2.892947067751477919e-08,-4.554182058292416402e-08,3.801001675907134114e-08
1.212228070757531473e+00,-9.270394737713097411e-02,2.236721317517783442e-03,2.464041095630656319e-05,5.160640923401521238e-06,2.929377440618512532e-06,1.058858528443611113e-06,4.130696973445729947e-07,1.562330519083547642e-07,6.020250935441506801e-08,2.116051765234383542e-08,7.907574057358646158e-09,2.318707889754911822e-09,5.542915206685483653e-10,2.224860903149439295e-10,-5.240290701369332282e-10,3.175675694633284252e-10,-8.587770009005346594e-10,7.169116550409526667e-10,-1.251221112830158688e-09,1.337627449343042896e-09,-2.008225083623138563e-09,2.520524437820206853e-09,-3.646995340705200261e-09,4.809901220153775525e-09,-6.140302589519378018e-09,5.976402145141824357e-09,-1.997538232913209644e-09,-9.644350637549869987e-09,2.885997991888128444e-08,-4.561914119377563637e-08,3.816163095943236883e-08
1.212690337093296211e+00,-9.312239751550152600e-02,2.255372207702353859e-03,2.473556475855818310e-05,5.111038389872795545e-06,2.927319231865125465e-06,1.054947970380044203e-06,4.108273640168746965e-07,1.550360430990077587e-07,5.961775067543639839e-08,2.088598456640930467e-08,7.790431553328369674e-09,2.265878872552418155e-09,5.366030380454800408e-10,2.117934543022226279e-10,-5.239272071744238701e-10,3.130534026452025387e-10,-8.551392927103051989e-10,7.119650216602657622e-10,-1.245207907271672632e-09,1.329703200412396535e-09,-1.997651545918022187e-09,2.506418042081196007e-09,-3.629802538835519288e-09,4.793363155074052695e-09,-6.136151400578174209e-09,6.004912485172483189e-09,-2.078418227888928493e-09,-9.527680290555284870e-09,2.879006365946734647e-08,-4.569576512233192167e-08,3.831308488522200406e-08
1.213154723991921147e+00,-9.354112782574561247e-02,2.274101872397741447e-03,2.483227373802510823e-05,5.060593114975192944e-06,2.925291663308715248e-06,1.051035083473195880e-06,4.085934118920261926e-07,1.538470580817949407e-07,5.903856686731781545e-08,2.061481085358432552e-08,7.675070326246952179e-09,2.213969267465809576e-09,5.193117602608765537e-10,2.013140001921875921e-10,-5.237764805210431973e-10,3.086073063762739821e-10,-8.515328789315823599e-10,7.070784071097624413e-10,-1.239266009256390078e-09,1.321876003188698911e-09,-1.987203606529375222e-09,2.492456479055715768e-09,-3.612733146061281042e-09,4.776822788016277244e-09,-6.131722936255495915e-09,6.032771945353992277e-09,-2.158472549567552745e-09,-9.411442303437766999e-09,2.871972985037801740e-08,-4.577169606528874723e-08,3.846437770377297838e-08
1.213621233095634855e+00,-9.396013960205371052e-02,2.292910315019148354e-03,2.493057280312984542e-05,5.009297197641326277e-06,2.923296333074993508e-06,1.047120063425895087e-06,4.063678998374349594e-07,1.526660728893430852e-07,5.846491397520220401e-08,2.034695713000814199e-08,7.561463569432519405e-09,2.162962324872563791e-09,5.024090501265510156e-10,1.910427389201219128e-10,-5.235785693891159553e-10,3.042275806275362982e-10,-8.479574681308221784e-10,7.022507037685032927e-10,-1.233394192334813511e-09,1.314144100397068859e-09,-1.976879388486396660e-09,2.478638215465053807e-09,-3.595787160647762049e-09,4.760283360202843816e-09,-6.127024767318273168e-09,6.059990384987227335e-09,-2.237707332798655191e-09,-9.295639541960498686e-09,2.864898630047102435e-08,-4.584693766209596566e-08,3.861550861711249283e-08
1.214089866055620748e+00,-9.437943413980853791e-02,2.311797538573696909e-03,2.503049724266598330e-05,4.957142628033827519e-06,2.921334844637607508e-06,1.043203100443632070e-06,4.041508845070013178e-07,1.514930628694968751e-07,5.789674811448874969e-08,2.008238435139211853e-08,7.449584801463848827e-09,2.112841637758045010e-09,4.858865063767092707e-10,1.809747733616529075e-10,-5.233351252353912741e-10,2.999127265979062429e-10,-8.444126994855416513e-10,6.974807467696741980e-10,-1.227591282099149694e-09,1.306505873106822424e-09,-1.966677050380116754e-09,2.464961681601304799e-09,-3.578964537492151932e-09,4.743748048129277362e-09,-6.122064301252588825e-09,6.086577492177541043e-09,-2.316128686844637352e-09,-9.180274691475420745e-09,2.857784069457136589e-08,-4.592149352444785393e-08,3.876647679257327894e-08
1.214560624532040389e+00,-9.479901273559193653e-02,2.330763545655045038e-03,2.513208272987565994e-05,4.904121286477191796e-06,2.919408807040618434e-06,1.039284379555482224e-06,4.019424204399976719e-07,1.503280025174844048e-07,5.733402541705651112e-08,1.982105391753682944e-08,7.339407956385990417e-09,2.063591061918224057e-09,4.697358283595187700e-10,1.711053659869676835e-10,-5.230477301276792446e-10,2.956612524251944762e-10,-8.408982607455151026e-10,6.927674024714836065e-10,-1.221856105876328868e-09,1.298959723637638231e-09,-1.956594780291864843e-09,2.451425326621681222e-09,-3.562265173378403871e-09,4.727219860348186309e-09,-6.116848791370976812e-09,6.112542876425628574e-09,-2.393742727473113785e-09,-9.065350360139279307e-09,2.850630064724773982e-08,-4.599536723281366646e-08,3.891728137667138654e-08
1.215033510194057698e+00,-9.521887668719079822e-02,2.349808338437446575e-03,2.523536532606906330e-05,4.850224942509317322e-06,2.917519835280140555e-06,1.035364080435863254e-06,3.997425599639239935e-07,1.491708657261510418e-07,5.677670213101101981e-08,1.956292757909067204e-08,7.230907349883158863e-09,2.015194746317339192e-09,4.539489426719223175e-10,1.614299457997070419e-10,-5.227179245004265340e-10,2.914716523694238504e-10,-8.374138743549863761e-10,6.881096248356755041e-10,-1.216187534361368172e-09,1.291504039130364490e-09,-1.946630805334248482e-09,2.438027620066396395e-09,-3.545688897869936351e-09,4.710701694498296843e-09,-6.111385346570241683e-09,6.137895989751819548e-09,-2.470555587365252936e-09,-8.950869045953879777e-09,2.843437368720003189e-08,-4.606856233036610293e-08,3.906792153673954715e-08
1.215508524719860040e+00,-9.563902729360412858e-02,2.368931918669908709e-03,2.534038148475394048e-05,4.795445254192603340e-06,2.915669550286126635e-06,1.031442377425351858e-06,3.975513533129027000e-07,1.480216257369534882e-07,5.622473461461274802e-08,1.930796742323839799e-08,7.124057598180411066e-09,1.967637160843471733e-09,4.385179944860206902e-10,1.519439157826596443e-10,-5.223472210325041942e-10,2.873425386518135838e-10,-8.339591794914724687e-10,6.835063209864600253e-10,-1.210584443453455172e-09,1.284137315146066660e-09,-1.936783369099748242e-09,2.424766990492821517e-09,-3.529235545734338286e-09,4.694196409945998461e-09,-6.105680894902265621e-09,6.162646145019094746e-09,-2.546573372314009376e-09,-8.836833087326467773e-09,2.836206721042178192e-08,-4.614108234379799001e-08,3.921839635684376546e-08
1.215985669796682878e+00,-9.605946585504954172e-02,2.388134287670425765e-03,2.544716805579633201e-05,4.739773766897041607e-06,2.913859579170433381e-06,1.027519439762269310e-06,3.953688487131137852e-07,1.468802551165410142e-07,5.567807927295970183e-08,1.905613597388139402e-08,7.018833751617353789e-09,1.920903010439733993e-09,4.234352556087284114e-10,1.426428974937721250e-10,-5.219370768916320458e-10,2.832725304324767990e-10,-8.305338777825355123e-10,6.789565090703497674e-10,-1.205045726399012196e-09,1.276857993903063315e-09,-1.927050755946846383e-09,2.411641925222085536e-09,-3.512904879748174336e-09,4.677706693452694797e-09,-6.099742238651478798e-09,6.186802571769497994e-09,-2.621802190714422887e-09,-8.723244769755222894e-09,2.828938849754741858e-08,-4.621293072347432140e-08,3.936870496268340958e-08
1.216464947120833306e+00,-9.648019367296969961e-02,2.407415446319949304e-03,2.555576228909905295e-05,4.683201912630613126e-06,2.912091555583523964e-06,1.023595431422219537e-06,3.931950922921555180e-07,1.457467258937986121e-07,5.513669263258053066e-08,1.880739603291048390e-08,6.915211206610927253e-09,1.874977349596018694e-09,4.086931418290085105e-10,1.335226009618883936e-10,-5.214888521010152544e-10,2.792602121770570989e-10,-8.271376777946315428e-10,6.744591968255164716e-10,-1.199570297261143281e-09,1.269664594814867709e-09,-1.917431225947896500e-09,2.398650854763123563e-09,-3.496696634498752676e-09,4.661235156427738502e-09,-6.093576009448889441e-09,6.210374362447708407e-09,-2.696248157900427156e-09,-8.610106247766702303e-09,2.821634475201617587e-08,-4.628411091976009084e-08,3.951884643832448418e-08
1.216946358397713368e+00,-9.690121205003908444e-02,2.426775395056500473e-03,2.566620183877196815e-05,4.625721008833221654e-06,2.910367119894662416e-06,1.019670511309776068e-06,3.910301282299653847e-07,1.446210094280080127e-07,5.460053134273556985e-08,1.856171080120289085e-08,6.813165689175532114e-09,1.829845466989887814e-09,3.942842684290237543e-10,1.245788056047913983e-10,-5.210039621950102173e-10,2.753043695791212997e-10,-8.237702811553226923e-10,6.700133434178745517e-10,-1.194157103062698511e-09,1.262555688469335635e-09,-1.907923108564191228e-09,2.385792257329766297e-09,-3.480610512480997176e-09,4.644784307281275837e-09,-6.087188702966553344e-09,6.233370501999759700e-09,-2.769917382267061967e-09,-8.497419590018651103e-09,2.814294307925541139e-08,-4.635462633705011992e-08,3.966881985395520616e-08
1.217429905341844476e+00,-9.732252229017081258e-02,2.446214133869216434e-03,2.577852476729185910e-05,4.567322257421294746e-06,2.908687919279734010e-06,1.015744833389019969e-06,3.888739988303774320e-07,1.435030764660935598e-07,5.406955216500849981e-08,1.831904391288302625e-08,6.712673260994561630e-09,1.785492914976871681e-09,3.802014397757957909e-10,1.158074417612064977e-10,-5.204836561745196377e-10,2.714036495543581395e-10,-8.204313547977015730e-10,6.656180207703643603e-10,-1.188805144602955721e-09,1.255529798183108170e-09,-1.898524735859108414e-09,2.373064665779633930e-09,-3.464646164148127427e-09,4.628356528981261708e-09,-6.080586657016689989e-09,6.255799842502709346e-09,-2.842815942719068012e-09,-8.385186725523574580e-09,2.806919047800698896e-08,-4.642448036499408071e-08,3.981862427282489847e-08
1.217915589676891397e+00,-9.774412569852319876e-02,2.465731662291883314e-03,2.589276954967703603e-05,4.507996744037949532e-06,2.907055608004655706e-06,1.011818546415091391e-06,3.867267444473965199e-07,1.423928973026504508e-07,5.354371204312896593e-08,1.807935925751333328e-08,6.613710341971806850e-09,1.741905519998809826e-09,3.664375990142243467e-10,1.072044970157337573e-10,-5.199292940627486814e-10,2.675568377963344346e-10,-8.171205934104364133e-10,6.612723181531610095e-10,-1.183513394925617135e-09,1.248585529238510627e-09,-1.889234499743985829e-09,2.360466537943556320e-09,-3.448803231279745640e-09,4.611954169475920851e-09,-6.073776068465236433e-09,6.277671066898075913e-09,-2.914949933340016397e-09,-8.273409470536952082e-09,2.799509384292936387e-08,-4.649367634900619661e-08,3.996825875124399019e-08
1.218403413135687341e+00,-9.816602358150622321e-02,2.485327979397072840e-03,2.600897507751363108e-05,4.447735436836301043e-06,2.905471847773838726e-06,1.007891794238199856e-06,3.845884035723681760e-07,1.412904416958106479e-07,5.302296798414402046e-08,1.784262113665308069e-08,6.516253743191202652e-09,1.699069365236616225e-09,3.529857846990003267e-10,9.876611334336260484e-11,-5.193420415938732049e-10,2.637627546930865208e-10,-8.138377263766649605e-10,6.569753022850344237e-10,-1.178280851360513637e-09,1.241721512071358724e-09,-1.880050794732246455e-09,2.347996375887811960e-09,-3.433081313588409733e-09,4.595579456800717721e-09,-6.066763020120061189e-09,6.298992792912617295e-09,-2.986325403544348722e-09,-8.162089603150346484e-09,2.792065997153647672e-08,-4.656221755123396422e-08,4.011772226919507744e-08
1.218893377460256833e+00,-9.858821724678876186e-02,2.505003083789959784e-03,2.612718066318572147e-05,4.386529185442531245e-06,2.903938307781796582e-06,1.003964715789746470e-06,3.824590129046685771e-07,1.401956788160685363e-07,5.250727715296055198e-08,1.760879423783751063e-08,6.420280553292440073e-09,1.656970769793597587e-09,3.398392747766543209e-10,9.048846220938155938e-11,-5.187231616465837192e-10,2.600201859381812142e-10,-8.105823859350103078e-10,6.527260659056066672e-10,-1.173106532054157825e-09,1.234936401837277709e-09,-1.870972022276207181e-09,2.335652715505787125e-09,-3.417479980429016795e-09,4.579234517835054086e-09,-6.059553456444835562e-09,6.319773559397383333e-09,-3.056948404914910933e-09,-8.051228804310806009e-09,2.784589558588179692e-08,-4.663010724683530617e-08,4.026701386911080149e-08
1.219385484401843245e+00,-9.901070800330494248e-02,2.524756973601754301e-03,2.624742604418004582e-05,4.324368720202368538e-06,2.902456664888135307e-06,1.000037445066277730e-06,3.803386073868327000e-07,1.391085773850588014e-07,5.199659690530503142e-08,1.737784360291913521e-08,6.325768207859905345e-09,1.615596350278136750e-09,3.269914599507428576e-10,8.236785212223374231e-11,-5.180737783216926573e-10,2.563279727363365623e-10,-8.073543431019736261e-10,6.485237537962040832e-10,-1.167989508929490050e-09,1.228228864967595424e-09,-1.861996619390016150e-09,2.323434062333207262e-09,-3.401998799421740438e-09,4.562921411153594842e-09,-6.052153139540425442e-09,6.340021692157696981e-09,-3.126825008983868948e-09,-7.940828597105542563e-09,2.777080731781317313e-08,-4.669734870229452772e-08,4.041613252403486456e-08
1.219879735720931890e+00,-9.943349716126100024e-02,2.544589646483401413e-03,2.636975138738811841e-05,4.261244650942495188e-06,2.901028604049716436e-06,9.961101112370383814e-07,3.782272202093248104e-07,1.380291056356577895e-07,5.149088467626752874e-08,1.714973465278754605e-08,6.232694526285553760e-09,1.574932899373049366e-09,3.144358367429544998e-10,7.440070955155864141e-11,-5.173950295978002600e-10,2.526850464978913635e-10,-8.041532717495414317e-10,6.443675315548347271e-10,-1.162928831358045478e-09,1.221597586541917080e-09,-1.853123086405228381e-09,2.311338961370756895e-09,-3.386637246680090918e-09,4.546642110654815216e-09,-6.044567765154523764e-09,6.359745449724136385e-09,-3.195961203149300101e-09,-7.830890454314787252e-09,2.769540165346168203e-08,-4.676394509562503687e-08,4.056507722782765057e-08
1.220376133187276224e+00,-9.985658603214184192e-02,2.564501099599408862e-03,2.649419729318109457e-05,4.197147466028158802e-06,2.899655818470710592e-06,9.921828386010370093e-07,3.761248828192120808e-07,1.369572314329804696e-07,5.099009810563548406e-08,1.692443307331134572e-08,6.141037599879245468e-09,1.534967529817632403e-09,3.021660751473254081e-10,6.658345402810184055e-11,-5.166879840645677291e-10,2.490902831220331848e-10,-8.009789012608514724e-10,6.402565318197606103e-10,-1.157923555650253178e-09,1.215041314957254759e-09,-1.844349896765185015e-09,2.299365927261459719e-09,-3.371394839950941913e-09,4.530398523233496177e-09,-6.036802861417167598e-09,6.378952991639621345e-09,-3.264362986952346057e-09,-7.721415792340258211e-09,2.761968503732503688e-08,-4.682989957274785731e-08,4.071384690496060443e-08
1.220874678579923156e+00,-1.002799759287184012e-01,2.584491329621126793e-03,2.662080479993306215e-05,4.132067531236686270e-06,2.898340009746579529e-06,9.882557467162829401e-07,3.740316250142733390e-07,1.358929221338678328e-07,5.049419504223051636e-08,1.670190498881049534e-08,6.050775791001383741e-09,1.495687535629786069e-09,2.901760238344097687e-10,5.891265947299828554e-11,-5.159537797005953053e-10,2.455426972858276713e-10,-7.978309055078902645e-10,6.361899618223532116e-10,-1.152972814444375160e-09,1.208558799477982282e-09,-1.835675528250035882e-09,2.287513528424767184e-09,-3.356271064888782796e-09,4.514192438040062760e-09,-6.028863830474101571e-09,6.397652357317470950e-09,-3.332036371209851078e-09,-7.612405894877327661e-09,2.754366382716477712e-08,-4.689521526570622489e-08,4.086244050766074665e-08
1.221375373687239918e+00,-1.007036681650539667e-01,2.604560332720221721e-03,2.674961538849923021e-05,4.065995088757198839e-06,2.897082888059666211e-06,9.843289504101945808e-07,3.719474749898366017e-07,1.348361446866334912e-07,5.000313344546286620e-08,1.648211685970762952e-08,5.961887886152261729e-09,1.457080477107464134e-09,2.784596025984242829e-10,5.138497266576891320e-11,-5.151933601954539199e-10,2.420411718273562940e-10,-7.947090208126894595e-10,6.321670287939840094e-10,-1.148075712623097822e-09,1.202148800210495194e-09,-1.827098552314998514e-09,2.275780333280130741e-09,-3.341265324315056962e-09,4.498025601182113753e-09,-6.020755983614928253e-09,6.415851438827929049e-09,-3.398987312528550797e-09,-7.503861947609491434e-09,2.746734426017916064e-08,-4.695989529613503466e-08,4.101085693958284040e-08
1.221878220306937379e+00,-1.011276640565110518e-01,2.624708104562039485e-03,2.688067098636018337e-05,3.998920256177533605e-06,2.895886172592492674e-06,9.804025597756962918e-07,3.698724593305391384e-07,1.337868656471098705e-07,4.951687150806308169e-08,1.626503547168603458e-08,5.874352917295544430e-09,1.419134148736289625e-09,2.670108890934219659e-10,4.399710457070327152e-11,-5.144077247498657357e-10,2.385847561181542176e-10,-7.916129557417050933e-10,6.281869625174296701e-10,-1.143231419253876169e-09,1.195810103282041181e-09,-1.818617503118735712e-09,2.264164912849087052e-09,-3.326377085669657285e-09,4.481899699027708239e-09,-6.012484470149445648e-09,6.433558063351739464e-09,-3.465221762744691292e-09,-7.395785121475095814e-09,2.739073250591222974e-08,-4.702394266944270873e-08,4.115909511825943667e-08
1.222383220246099578e+00,-1.015519649197587360e-01,2.644934640299162476e-03,2.701401397234640123e-05,3.930833025246301474e-06,2.894751591630976076e-06,9.764766802753017949e-07,3.678066030042559387e-07,1.327450511730103588e-07,4.903536757281529157e-08,1.605062800507858767e-08,5.788150263773272908e-09,1.381836518474233166e-09,2.558241049555043389e-10,3.674586156188208719e-11,-5.135978586867651074e-10,2.351724787130748950e-10,-7.885424396780749134e-10,6.242489979796372879e-10,-1.138439039219396598e-09,1.189541540356359173e-09,-1.810230963392167602e-09,2.252665850079396681e-09,-3.311605735294154140e-09,4.465816312560454138e-09,-6.004054375419523581e-09,6.450779904112937529e-09,-3.530745597800366564e-09,-7.288176456440864648e-09,2.731383462115100080e-08,-4.708736044481409699e-08,4.130715391265082914e-08
1.222890375321208367e+00,-1.019765720727790204e-01,2.665239934564269525e-03,2.714968718099675105e-05,3.861723260942858532e-06,2.893680882847188621e-06,9.725514127077207471e-07,3.657499295156227404e-07,1.317106670876803942e-07,4.855858011260788532e-08,1.583886196851458372e-08,5.703259606335692178e-09,1.345175829232936326e-09,2.448935568222232462e-10,2.962816277041202540e-11,-5.127647195735107744e-10,2.318033681669717794e-10,-7.854971881271488598e-10,6.203523944536826207e-10,-1.133697748526008020e-09,1.183341971286444583e-09,-1.801937547091236880e-09,2.241281728786181926e-09,-3.296950656928032686e-09,4.449776970071733784e-09,-5.995470613029407758e-09,6.467524550255680099e-09,-3.595564754786673145e-09,-7.181036929156114912e-09,2.723665661844704156e-08,-4.715015159729996075e-08,4.145503216396173585e-08
1.223399687358170285e+00,-1.024014868348739060e-01,2.685623981463720888e-03,2.728773390712774943e-05,3.791580700222450459e-06,2.892675793439436482e-06,9.686268533383966817e-07,3.637024608774130918e-07,1.306836788302241648e-07,4.808646787311451898e-08,1.562970526310450414e-08,5.619660874665866057e-09,1.309140493926941318e-09,2.342137456201598411e-10,2.264095681769884294e-11,-5.119091678329468209e-10,2.284764807902739392e-10,-7.824768610831256410e-10,6.164964459071109459e-10,-1.129006776956487101e-09,1.177210241180143280e-09,-1.793735856028821907e-09,2.230011188295716318e-09,-3.282411228239245915e-09,4.433783122982995484e-09,-5.986738008112446607e-09,6.483799497628527087e-09,-3.659685115283556334e-09,-7.074367430401351520e-09,2.715920440973795813e-08,-4.721231909241008218e-08,4.160272875503023826e-08
1.223911158192343862e+00,-1.028267105266724712e-01,2.706086774570379966e-03,2.742819791058150047e-05,3.720394951075775558e-06,2.891738080294239607e-06,9.647030938197097283e-07,3.616642176521717156e-07,1.296640515565522511e-07,4.761898976610862144e-08,1.542312607228507604e-08,5.537334337585297916e-09,1.273719169199438728e-09,2.237792243175995566e-10,1.578127212242819155e-11,-5.110320916434929472e-10,2.251909422823494822e-10,-7.794812503791881397e-10,6.126804341644032093e-10,-1.124365284904671469e-09,1.171145222033515010e-09,-1.785624554467846181e-09,2.218852850587038628e-09,-3.267986793936000778e-09,4.417836157446716761e-09,-5.977861289307995207e-09,6.499612103302160326e-09,-3.723112505793491067e-09,-6.968168777231331656e-09,2.708148376558139336e-08,-4.727386582626530442e-08,4.175024251318326662e-08
1.224424789668567159e+00,-1.032522444701375886e-01,2.726628306916702160e-03,2.757112342046362519e-05,3.648155491334844486e-06,2.890869510520192864e-06,9.607802212143953802e-07,3.596352189322651882e-07,1.286517501315753709e-07,4.715610489895369350e-08,1.521909288740644350e-08,5.456260588308781134e-09,1.238900737207671021e-09,2.135847037426641393e-10,9.046178736649146401e-12,-5.101343097946298144e-10,2.219459199759299395e-10,-7.765100853984741036e-10,6.089036254375290724e-10,-1.119772458785250890e-09,1.165145855231558558e-09,-1.777602301467062773e-09,2.207805318990910259e-09,-3.253676700461227700e-09,4.401937425679847138e-09,-5.968845029347136233e-09,6.514969617770188098e-09,-3.785852750650547938e-09,-6.862441722516043896e-09,2.700350045566762835e-08,-4.733479468544549151e-08,4.189757221717549385e-08
1.224940583641184411e+00,-1.036780899885730578e-01,2.747248570987924354e-03,2.771655513998140530e-05,3.574851667473852648e-06,2.890071861565710401e-06,9.568583181946040128e-07,3.576154823286062379e-07,1.276467390511418221e-07,4.669777267174782254e-08,1.501757462482600225e-08,5.376420407834925363e-09,1.204674266591654330e-09,2.036250178888421303e-10,2.432862938883673110e-12,-5.092166827092015069e-10,2.187404979370199953e-10,-7.735630747074395686e-10,6.051653397148859526e-10,-1.115227594300494118e-09,1.159211083460315317e-09,-1.769667768228289084e-09,2.196867238905136910e-09,-3.239480262599153670e-09,4.386088186115848220e-09,-5.959693740679311569e-09,6.529879230539846480e-09,-3.847911655540520171e-09,-6.757186944532367345e-09,2.692526012305213046e-08,-4.739510851056033536e-08,4.204471665963938065e-08
1.225458541974073556e+00,-1.041042484066306006e-01,2.767947558714851930e-03,2.786453825136259166e-05,3.500472693374924449e-06,2.889346921248949623e-06,9.529374630223852449e-07,3.556050242404032447e-07,1.266489824966812727e-07,4.624395257609575927e-08,1.481854056389203533e-08,5.297794970077207566e-09,1.171028980381794149e-09,1.938950701385611097e-10,-4.061405725619415819e-12,-5.082800014211130701e-10,2.155738296205633731e-10,-7.706399199336466665e-10,6.014649681085337818e-10,-1.110729917763730867e-09,1.153339804736697172e-09,-1.761819664984620726e-09,2.186037303866100734e-09,-3.225396789062473513e-09,4.370289629317125613e-09,-5.950411806083383270e-09,6.544347986648432064e-09,-3.909294971939092367e-09,-6.652405068648115094e-09,2.684676832925836365e-08,-4.745481010925978183e-08,4.219167464014628166e-08
1.225978666540676443e+00,-1.045307210503169104e-01,2.788725261466496602e-03,2.801511842040037975e-05,3.425007649487856604e-06,2.888696488122970488e-06,9.490177293913944212e-07,3.536038596920962340e-07,1.256584444687784685e-07,4.579460432868262543e-08,1.462196019862485596e-08,5.220365719565966955e-09,1.137954380031613866e-09,1.843898679576572164e-10,-1.043931781297136041e-11,-5.073250569642695496e-10,2.124451448093367389e-10,-7.677404059713843765e-10,5.978018618318925448e-10,-1.106278653753567376e-09,1.147530980828703751e-09,-1.754056738398346305e-09,2.175314180305129574e-09,-3.211425564711434255e-09,4.354542919283131697e-09,-5.941003515096826559e-09,6.558382824285117346e-09,-3.970008447852502176e-09,-6.548096628290756005e-09,2.676803057509447026e-08,-4.751390225363194553e-08,4.233844486806193075e-08
1.226500959224023246e+00,-1.049575092470002580e-01,2.809581670043144463e-03,2.816834180103134494e-05,3.348445481408078572e-06,2.888122371852604175e-06,9.450991866372278338e-07,3.516120023359589619e-07,1.246750887073759528e-07,4.534968791984617109e-08,1.442780346800134894e-08,5.144114308130998126e-09,1.105440111844047113e-09,1.751046131009958984e-10,-1.670351010285564541e-11,-5.063525015946979124e-10,2.093535969582838163e-10,-7.648642066926392147e-10,5.941753686289352743e-10,-1.101873106645889777e-09,1.141783622076592009e-09,-1.746377714315072716e-09,2.164696540941923875e-09,-3.197565877008368140e-09,4.338849154202246983e-09,-5.931473065316772431e-09,6.571990586175073534e-09,-4.030057776209516884e-09,-6.444262101376607710e-09,2.668905226335671621e-08,-4.757238769581562110e-08,4.248502608050763740e-08
1.227025421916764447e+00,-1.053846143254183187e-01,2.830516774669122188e-03,2.832425504056042959e-05,3.270774998648902018e-06,2.887626393250665446e-06,9.411818997729845537e-07,3.496294646351122415e-07,1.236988786492733416e-07,4.490916348433987570e-08,1.423604063148856125e-08,5.069022738016237817e-09,1.073476010339524667e-09,1.660345316095712676e-10,-2.285658121103928409e-11,-5.053631402240910120e-10,2.062984783002264066e-10,-7.620111347472757757e-10,5.905848275700176231e-10,-1.097512544387391209e-09,1.136096756601534530e-09,-1.738781365417940705e-09,2.154183053075173215e-09,-3.183816999537819603e-09,4.323209388786344864e-09,-5.921824538547559857e-09,6.585178035029351507e-09,-4.089448645168414220e-09,-6.340901913780283561e-09,2.660983873959549273e-08,-4.763026912463219631e-08,4.263141697991024159e-08
1.227552056521196810e+00,-1.058120376156847092e-01,2.851530564985018529e-03,2.848290528428398111e-05,3.191984873659450481e-06,2.887210384555508394e-06,9.372659294389594498e-07,3.476562577767877693e-07,1.227297775521600520e-07,4.447299148998412610e-08,1.404664218490961347e-08,4.995073204453609472e-09,1.042052164175466533e-09,1.571750021800433217e-10,-2.890101699626335119e-11,-5.043576251084758155e-10,2.032790186179411762e-10,-7.591808709461744797e-10,5.870296505838812351e-10,-1.093196273088681281e-09,1.130469394743788270e-09,-1.731266466124814496e-09,2.143772440382080147e-09,-3.170178201981205257e-09,4.307624602503667965e-09,-5.912061918581651421e-09,6.597951836468697595e-09,-4.148186718601343248e-09,-6.238016417650649181e-09,2.653039525568612333e-08,-4.768754921242318590e-08,4.277761624787990158e-08
1.228080864949293805e+00,-1.062397804492961756e-01,2.872623030040776654e-03,2.864434018039294788e-05,3.112063640359034877e-06,2.886876189813532972e-06,9.333513320622377485e-07,3.456923917235024679e-07,1.217677484013739153e-07,4.404113255421920892e-08,1.385957904302334565e-08,4.922248236609305660e-09,1.011158753949636946e-09,1.485214763674580496e-10,-3.483925994918202207e-11,-5.033366640150305216e-10,2.002944407553108874e-10,-7.563731793669425940e-10,5.835092842937372737e-10,-1.088923602329816553e-09,1.124900533833184113e-09,-1.723831825548027830e-09,2.133463455813305876e-09,-3.156648723662280887e-09,4.292095727551244189e-09,-5.902189128062507173e-09,6.610318532189549817e-09,-4.206277580583173137e-09,-6.135605903553886797e-09,2.645072696549205515e-08,-4.774423059163146466e-08,4.292362260766013904e-08
1.228611849122735356e+00,-1.066678441591400461e-01,2.893794158287568696e-03,2.880860788503480235e-05,3.030999693165057837e-06,2.886625665076076111e-06,9.294381596251094502e-07,3.437378752139258475e-07,1.208127540786030352e-07,4.361354751522897311e-08,1.367482239640963049e-08,4.850530592199336910e-09,9.807862048558102508e-10,1.400695080755465227e-10,-4.067367449789305311e-11,-5.023008953219942896e-10,1.973441063340963808e-10,-7.535878032705056739e-10,5.800230955255170073e-10,-1.084693881589493536e-09,1.119389285691302360e-09,-1.716476258004084876e-09,2.123254805048296889e-09,-3.143227811277377048e-09,4.276623674442057987e-09,-5.892209937845283019e-09,6.622284545276628520e-09,-4.263726836872816506e-09,-6.033670595269324810e-09,2.637083898818226579e-08,-4.780031585393390570e-08,4.306943462983880977e-08
1.229145010972934937e+00,-1.070962300795007677e-01,2.915043937570801352e-03,2.897575706724015571e-05,2.948781285503753596e-06,2.886460678525829687e-06,9.255264600302286204e-07,3.417927158504835417e-07,1.198647571671630774e-07,4.319019749699296029e-08,1.349234382856320802e-08,4.779903290015596884e-09,9.509250704572980162e-10,1.318147882511944147e-10,-4.640660078436553704e-11,-5.012509990409697025e-10,1.944272659537560344e-10,-7.508244512233197554e-10,5.765705378413255033e-10,-1.080506444733897453e-09,1.113934707062252949e-09,-1.709198601228256731e-09,2.113145248627129602e-09,-3.129914715859632990e-09,4.261209264350834802e-09,-5.882128086259069688e-09,6.633856283147932659e-09,-4.320540033814906922e-09,-5.932210697494333385e-09,2.629073635098538864e-08,-4.785580756151708304e-08,4.321505098214828422e-08
1.229680352441070212e+00,-1.075249395460678437e-01,2.936372355122233296e-03,2.914583691398901777e-05,2.865396528750055113e-06,2.886383110752011039e-06,9.216162768711962106e-07,3.398569201808893103e-07,1.189237201376126818e-07,4.277104374145190846e-08,1.331211518492206314e-08,4.710349649390821458e-09,9.215660960043559058e-10,1.237530269232456348e-10,-5.204029394911824369e-11,-5.001875302834690729e-10,1.915432118471116496e-10,-7.480829219974616251e-10,5.731510266393513575e-10,-1.076360599608361390e-09,1.108535888517253598e-09,-1.701997744997518769e-09,2.103133537548901311e-09,-3.116708623823738478e-09,4.245853288745160548e-09,-5.871947207332708918e-09,6.645039991566917270e-09,-4.376722673084948445e-09,-5.831226322118576721e-09,2.621042398832235110e-08,-4.791070824881199508e-08,4.336047028374867551e-08
1.230217875478115008e+00,-1.079539738959423567e-01,2.957779397552044026e-03,2.931889713523542357e-05,2.780833390962763815e-06,2.886394855091886646e-06,9.177076495318729765e-07,3.379304935342136718e-07,1.179896052536447137e-07,4.235604788953295508e-08,1.313410864615949247e-08,4.641853165298498451e-09,8.927002323119714866e-10,1.158801232054029740e-10,-5.757698311181780326e-11,-4.991111135499437523e-10,1.886913333914996826e-10,-7.453629657927507424e-10,5.697640276247639690e-10,-1.072255725181880948e-09,1.103191951418863725e-09,-1.694872547863823797e-09,2.093218447532518844e-09,-3.103608758880938012e-09,4.230556507542337918e-09,-5.861670814965441734e-09,6.655841831620847721e-09,-4.432280258526849481e-09,-5.730717533326823432e-09,2.612990680165433455e-08,-4.796502037999333945e-08,4.350569108441115773e-08
1.230757582044866627e+00,-1.083833344676446431e-01,2.979265050841350265e-03,2.949498796904221481e-05,2.695079695420442983e-06,2.886497817907460531e-06,9.138006132926312919e-07,3.360134401960909734e-07,1.170623746349699901e-07,4.194517172831369045e-08,1.295829672731674265e-08,4.574397639758170930e-09,8.643185160639443865e-10,1.081919588641344632e-10,-6.301880892123357114e-11,-4.980223039519060535e-10,1.858709505753175506e-10,-7.426643466867943744e-10,5.664090117069031649e-10,-1.068191198688728250e-09,1.097902011491791452e-09,-1.687821899604147191e-09,2.083398771210442924e-09,-3.090614350814008260e-09,4.215319614848597740e-09,-5.851302370581124013e-09,6.666267895983832292e-09,-4.487218223728217659e-09,-5.630684363211457821e-09,2.604918959269592049e-08,-4.801874642704206941e-08,4.365071194778469277e-08
1.231299474111977377e+00,-1.088130226011214119e-01,3.000829300334132560e-03,2.967416018683551732e-05,2.608123119557381742e-06,2.886693918703869127e-06,9.098951991915772697e-07,3.341057634438475421e-07,1.161419903336451120e-07,4.153837723178815944e-08,1.278465219713836865e-08,4.507967151044095511e-09,8.364122398157869398e-10,1.006845544437862117e-10,-6.836793631226356638e-11,-4.969216288452926733e-10,1.830814527759017096e-10,-7.399867801849424609e-10,5.630854359173209644e-10,-1.064166416445133656e-09,1.092665229563555274e-09,-1.680844694332273015e-09,2.073673286036303853e-09,-3.077724618130023293e-09,4.200143292301845854e-09,-5.840845234989650026e-09,6.676324150207274544e-09,-4.541541996638809309e-09,-5.531126747587711279e-09,2.596827708162968706e-08,-4.807188881336688091e-08,4.379553143057934861e-08
1.231843553659985435e+00,-1.092430396377530311e-01,3.022472130729404738e-03,2.985646509864534059e-05,2.519951193534399753e-06,2.886985090341451232e-06,9.059914342279470900e-07,3.322074655512721741e-07,1.152284141740442247e-07,4.113562670268050558e-08,1.261314815873687545e-08,4.442545914473683411e-09,8.089728322988043452e-10,9.335405018462417104e-11,-7.362640358499206172e-11,-4.958096433416159243e-10,1.803221807983312885e-10,-7.373300581203778847e-10,5.597928023903797623e-10,-1.060180778236774479e-09,1.087480746078672844e-09,-1.673939873866880923e-09,2.064040803941361024e-09,-3.064938732932204202e-09,4.185028164619374047e-09,-5.830302718043411936e-09,6.686016487851553780e-09,-4.595256938421526938e-09,-5.432044632679156049e-09,2.588717394960693419e-08,-4.812444990252850996e-08,4.394014803399404201e-08
1.232389822679345270e+00,-1.096733869203607714e-01,3.044193526072987849e-03,3.004195455822127742e-05,2.430551298969463314e-06,2.887373279533830481e-06,9.020893412580235915e-07,3.303185476862674497e-07,1.143216078977084271e-07,4.073688266836156258e-08,1.244375806303682497e-08,4.378118468456593249e-09,7.819918462770303336e-10,8.619662275610728841e-11,-7.879621261031033441e-11,-4.946868886746003113e-10,1.775926003477756865e-10,-7.346939237540262013e-10,5.565306028521010973e-10,-1.056233668236816747e-09,1.082347718395215708e-09,-1.667106394771800115e-09,2.054500157673555538e-09,-3.052255890308858133e-09,4.169974802850466566e-09,-5.819678001658945554e-09,6.695350727612889297e-09,-4.648368412407677397e-09,-5.333437875371105363e-09,2.580588478323653234e-08,-4.817643203466892565e-08,4.408456028004437144e-08
1.232938283170460059e+00,-1.101040657932141065e-01,3.065993469749728195e-03,3.023068096834856389e-05,2.339910667490275459e-06,2.887860446931615754e-06,8.981889391213374041e-07,3.284390100635053988e-07,1.134215331329881116e-07,4.034210789559400379e-08,1.227645563765117354e-08,4.314669543523108608e-09,7.554610331403366352e-10,7.920855638055002146e-11,-8.387933403408709410e-11,-4.935538922001825313e-10,1.748920730459957440e-10,-7.320781272857068700e-10,5.532983220896126042e-10,-1.052324526129577720e-09,1.077265361550810985e-09,-1.660343201467795460e-09,2.045050197761744126e-09,-3.039675300093441779e-09,4.154983753975119432e-09,-5.808974227203625440e-09,6.704332580526224661e-09,-4.700881708202819809e-09,-5.235306302191211625e-09,2.572441411621828600e-08,-4.822783754385856492e-08,4.422876662135699632e-08
1.233488937143710995e+00,-1.105350776020382481e-01,3.087871944474945146e-03,3.042269728640006193e-05,2.248016379611909865e-06,2.888448567340325818e-06,8.942902425344151363e-07,3.265688519639431409e-07,1.125281514206301348e-07,3.995126542739521613e-08,1.211121489208544233e-08,4.252184118702651006e-09,7.293722778523026307e-10,7.238623242478148256e-11,-8.887770554244500687e-11,-4.924110841297846264e-10,1.722200368425852446e-10,-7.294824605486027735e-10,5.500954552983827739e-10,-1.048452751700734709e-09,1.072232881042106678e-09,-1.653649295621506532e-09,2.035689770397974829e-09,-3.027196142195431872e-09,4.140055529303077186e-09,-5.798194450609694961e-09,6.712967678696585283e-09,-4.752802089391661156e-09,-5.137649689360146432e-09,2.564276641546514579e-08,-4.827866869391156390e-08,4.437276549668078829e-08
1.234041786619491265e+00,-1.109664236940215154e-01,3.109828932286399367e-03,3.061805702960895131e-05,2.154855363205050028e-06,2.889139630105714771e-06,8.903932623145587033e-07,3.247080717760225665e-07,1.116414241248732397e-07,3.956431849760216890e-08,1.194801022789265810e-08,4.190647423692184237e-09,7.037175651231075690e-10,6.572605307231249583e-11,-9.379315379920427631e-11,-4.912589501859798702e-10,1.695759158093501640e-10,-7.269067014981089869e-10,5.469215861447773719e-10,-1.044617791573498877e-09,1.067249456778579519e-09,-1.647023649409273816e-09,2.026417720039572212e-09,-3.014817594355900798e-09,4.125190581705587278e-09,-5.787341644542670638e-09,6.721261569878067554e-09,-4.804134809150567564e-09,-5.040467776669388389e-09,2.556094607936848506e-08,-4.832892771828439793e-08,4.451655535864240676e-08
1.234596833628236690e+00,-1.113981054178224683e-01,3.131864414535844715e-03,3.081681428042729043e-05,2.060414392202752909e-06,2.889935639282690746e-06,8.864980050819065704e-07,3.228566670034765940e-07,1.107613126689367677e-07,3.918123058898465016e-08,1.178681622660340822e-08,4.130044914136404843e-09,6.784891155853234324e-10,5.922455234563805959e-11,-9.862754536682505346e-11,-4.900979344579781127e-10,1.669591687125659973e-10,-7.243505795173632578e-10,5.437762427840109325e-10,-1.040819120126657005e-09,1.062314350635390481e-09,-1.640465270569269052e-09,2.017232916947872545e-09,-3.002538841254814850e-09,4.110389375112759314e-09,-5.776418708376002131e-09,6.729219704897093646e-09,-4.854885066879477407e-09,-4.943760231919391845e-09,2.547895741611405640e-08,-4.837861683135158408e-08,4.466013461823514774e-08
1.235154080210457916e+00,-1.118301241235772903e-01,3.153978371880684223e-03,3.101902369213437732e-05,1.964680085233486834e-06,2.890838614002860449e-06,8.826044735426273602e-07,3.210146341824961225e-07,1.098877783780281836e-07,3.880196548181752414e-08,1.162760779110580400e-08,4.070362214815548274e-09,6.536792678327185691e-10,5.287834926870349506e-11,-1.033827051744040659e-10,-4.889285226683526275e-10,1.643692890129777595e-10,-7.218139003173362767e-10,5.406589100032110906e-10,-1.037056170105632447e-09,1.057426831426594438e-09,-1.633973191125792646e-09,2.008134236588382526e-09,-2.990359066271097710e-09,4.095652319136174058e-09,-5.765428462770061380e-09,6.736847436568209335e-09,-4.905058017742880416e-09,-4.847526705563376392e-09,2.539680468965216376e-08,-4.842773818503759431e-08,4.480350163094115601e-08
1.235713528416773510e+00,-1.122624811629079344e-01,3.176170784275490766e-03,3.122474049445204958e-05,1.867638904023884855e-06,2.891850588608319700e-06,8.787126665492014932e-07,3.191819690053290803e-07,1.090207823861016889e-07,3.842648719967062254e-08,1.147036021286601537e-08,4.011585184263838366e-09,6.292804324500855806e-10,4.668413225439316250e-11,-1.080603020259252034e-10,-4.877511172729498412e-10,1.618057077212853301e-10,-7.192964418534231186e-10,5.375691575909558040e-10,-1.033328398541977222e-09,1.052586120695031546e-09,-1.627546452644124120e-09,1.999120626417633106e-09,-2.978277448446864373e-09,4.080979760395266054e-09,-5.754373672006707352e-09,6.744150093202991303e-09,-4.954658764429881179e-09,-4.751766838513582503e-09,2.531449210408515116e-08,-4.847629390611341016e-08,4.494665477305925805e-08
1.236275180307943478e+00,-1.126951778889289102e-01,3.198441630963378551e-03,3.143402049911921819e-05,1.769277152259031427e-06,2.892973612968023633e-06,8.748225789026627119e-07,3.173586663792610230e-07,1.081602858808879131e-07,3.805475999336255244e-08,1.131504896419513462e-08,3.953699941657701222e-09,6.052852429341837315e-10,4.063862094061398977e-11,-1.126620689101409667e-10,-4.865661346054039882e-10,1.592679391149154355e-10,-7.167979543254432429e-10,5.345065640094404102e-10,-1.029635300631159822e-09,1.047791478147458433e-09,-1.621184109699969067e-09,1.990190989873547034e-09,-2.966293152512761155e-09,4.066372045726310280e-09,-5.743257039218796489e-09,6.751132866720382930e-09,-5.003692390981306914e-09,-4.656480192752332492e-09,2.523202379239170012e-08,-4.852428610833958711e-08,4.508959237925491692e-08
1.236839037954900355e+00,-1.131282156562551239e-01,3.220790890467218476e-03,3.164692010532241945e-05,1.669580974001912479e-06,2.894209752818876699e-06,8.709342014653551067e-07,3.155447203554914704e-07,1.073062499937389724e-07,3.768674838779823011e-08,1.116164982705239450e-08,3.896692824315040049e-09,5.816864585492242945e-10,3.473858006808328014e-11,-1.171896902435465293e-10,-4.853739216104102638e-10,1.567555321657643219e-10,-7.143182434443673401e-10,5.314706903736254873e-10,-1.025976342078349646e-09,1.043042206425037755e-09,-1.614885219471118294e-09,1.981344207842641869e-09,-2.954405348837285672e-09,4.051829504076245869e-09,-5.732081192946075765e-09,6.757800862303153799e-09,-5.052163956718175308e-09,-4.561666271281350493e-09,2.514940384678449048e-08,-4.857171685603706157e-08,4.523231271480465665e-08
1.237405103438783849e+00,-1.135615958210089982e-01,3.243218540581110226e-03,3.186349630561469137e-05,1.568536352292843050e-06,2.895561089973248958e-06,8.670475212229494799e-07,3.137401241712009514e-07,1.064586358364913443e-07,3.732241718196888103e-08,1.101013889477989172e-08,3.840550297923295275e-09,5.584769530511679569e-10,2.898092703318422281e-11,-1.216447741148041217e-10,-4.841749640105419417e-10,1.542679456401074845e-10,-7.118570732878026774e-10,5.284611099415359448e-10,-1.022351031956802991e-09,1.038337597760591313e-09,-1.608648861686767795e-09,1.972579250116013316e-09,-2.942613226003532034e-09,4.037352393376769655e-09,-5.720848671956352272e-09,6.764159151849066798e-09,-5.100078459812501519e-09,-4.467324571030828473e-09,2.506663624411709090e-08,-4.861858815888298047e-08,4.537481415600730372e-08
1.237973378850974360e+00,-1.139953197408286739e-01,3.265724558361413760e-03,3.208380669166097793e-05,1.466129107636788415e-06,2.897029722532347071e-06,8.631625212727339624e-07,3.119448703497312847e-07,1.056174044494241626e-07,3.696173137826205823e-08,1.086049256082688430e-08,3.785259074934321788e-09,5.356497337696830563e-10,2.336263300872776227e-11,-1.260289390209168303e-10,-4.829695254837673701e-10,1.518047076931594574e-10,-7.094142218111443299e-10,5.254774271962192600e-10,-1.018758867196711826e-09,1.033676968673069574e-09,-1.602474155107391773e-09,1.963895055259734512e-09,-2.930915949609508298e-09,4.022940953887083060e-09,-5.709561972516707939e-09,6.770212706208242337e-09,-5.147440858103979888e-09,-4.373454583726787970e-09,2.498372494389583531e-08,-4.866490198492112729e-08,4.551709489875044312e-08
1.238543866293126960e+00,-1.144293887748753791e-01,3.288308920117919559e-03,3.230790946000521718e-05,1.362344896568314090e-06,2.898617765164637414e-06,8.592791808266497799e-07,3.101589506719626410e-07,1.047825168719491995e-07,3.660465625401898571e-08,1.071268749923415253e-08,3.730806112829665455e-09,5.131978947706117289e-10,1.788069692310045866e-11,-1.303436681504566153e-10,-4.817580362415085915e-10,1.493653464801347752e-10,-7.069894808475751802e-10,5.225191997831890589e-10,-1.015199360340779400e-09,1.029059631344614312e-09,-1.596360202880953150e-09,1.955290583307081609e-09,-2.919312666171264281e-09,4.008595434431584670e-09,-5.698223529745222171e-09,6.775966396158940308e-09,-5.194256095554516950e-09,-4.280055726502141056e-09,2.490067386572841768e-08,-4.871066031607307334e-08,4.565915317361612935e-08
1.239116567877205810e+00,-1.148638042838405482e-01,3.310971601404692766e-03,3.253586341783829688e-05,1.257169210299802567e-06,2.900327349536924865e-06,8.553974752381794666e-07,3.083823561706756922e-07,1.039539341504171210e-07,3.625115733464634449e-08,1.056670056618844167e-08,3.677178564247263193e-09,4.911147157352080406e-10,1.253216801166967542e-11,-1.345904759170180043e-10,-4.805407877173095699e-10,1.469494179118235877e-10,-7.045826769247476307e-10,5.195860460632806266e-10,-1.011672043013667199e-09,1.024484905763622944e-09,-1.590306118563755700e-09,1.946764801880745965e-09,-2.907802581619128857e-09,3.994316035153995526e-09,-5.686835703733184033e-09,6.781425039787195019e-09,-5.240529057579101924e-09,-4.187127370519627689e-09,2.481748682166967646e-08,-4.875586505706519524e-08,4.580098723894199253e-08
1.239691485725516795e+00,-1.152985676299539824e-01,3.333712577011236494e-03,3.276772798886228716e-05,1.150587372932086044e-06,2.902160624543336301e-06,8.515173760222961852e-07,3.066150771223116744e-07,1.031316172865094638e-07,3.590120043871908306e-08,1.042250896829063911e-08,3.624363709327227401e-09,4.693936159899658733e-10,7.314239491851282082e-12,-1.387709079592180927e-10,-4.793181407336533084e-10,1.445564848379099487e-10,-7.021935463646933329e-10,5.166775670500944884e-10,-1.008176419084461095e-09,1.019952153118175442e-09,-1.584311043467678815e-09,1.938316705925313688e-09,-2.896384862418471817e-09,3.980102910119444337e-09,-5.675400808601710478e-09,6.786593381019612181e-09,-5.286264585790956261e-09,-4.094668895615605209e-09,2.473416756999802235e-08,-4.880051808486829401e-08,4.594259527673782983e-08
1.240268621970745055e+00,-1.157336801769916212e-01,3.356531820953162493e-03,3.300356321951896515e-05,1.042584540174220503e-06,2.904119756390538890e-06,8.476388508493921947e-07,3.048571031154939659e-07,1.023155273261432130e-07,3.555475161162724440e-08,1.028009020487621883e-08,3.572349093622362304e-09,4.480280729746155544e-10,2.224134071360239773e-12,-1.428863537905611381e-10,-4.780904422352350025e-10,1.421861101080779122e-10,-6.998219226339585930e-10,5.137933880433598333e-10,-1.004712032320886905e-09,1.015460722453287445e-09,-1.578374142323368812e-09,1.929945296673743482e-09,-2.885058662891598624e-09,3.965956203743660480e-09,-5.663921069133659447e-09,6.791476074878219360e-09,-5.331467508792875343e-09,-4.002679620043747555e-09,2.465071983169531133e-08,-4.884462125737121241e-08,4.608397537880781769e-08
1.240847978755988290e+00,-1.161691432902829668e-01,3.379429306462913840e-03,3.324342978475777061e-05,9.331456977163150868e-07,2.906206929055707086e-06,8.437618636142341089e-07,3.031084231126107698e-07,1.015056252926839486e-07,3.521177717197981893e-08,1.013942200946832406e-08,3.521122414473776274e-09,4.270117376012350086e-10,-2.740915133747634513e-12,-1.469382567009791529e-10,-4.768579975333864240e-10,1.398378496331176279e-10,-6.974675836879384860e-10,5.109330927094424268e-10,-1.001278435164287828e-09,1.011009992304273686e-09,-1.572494555575343345e-09,1.921649557361237992e-09,-2.873823185933072066e-09,3.951876051443495297e-09,-5.652398676718461967e-09,6.796077694961460969e-09,-5.376142582329268560e-09,-3.911158831700067839e-09,2.456714727049752467e-08,-4.888817639256415326e-08,4.622512576879511670e-08
1.241429558234792285e+00,-1.166049583367185505e-01,3.402405005980647240e-03,3.348738899417239012e-05,8.222556596108182569e-07,2.908424344531552325e-06,8.398863744025694689e-07,3.013690254155543258e-07,1.007018722107982933e-07,3.487224368124708374e-08,1.000048241179413155e-08,3.470671606879693893e-09,4.063383024152655842e-10,-7.583572658731441152e-12,-1.509279558969955914e-10,-4.756210980616515371e-10,1.375113495294399968e-10,-6.951302866653463752e-10,5.080963410425409776e-10,-9.978751835254540126e-10,1.006599308246702851e-09,-1.566671473107739132e-09,1.913428547550832803e-09,-2.862677570252686321e-09,3.937862527812058255e-09,-5.640835783714270857e-09,6.800402780606992770e-09,-5.420294518776458403e-09,-3.820105838429899148e-09,2.448345346687391677e-08,-4.893118520088446388e-08,4.636604452462611548e-08
1.242013362571186663e+00,-1.170411266847585230e-01,3.425458891144438772e-03,3.373550279816162761e-05,7.098990669957613159e-07,2.910774223085664178e-06,8.360123393753339516e-07,2.996388977953914901e-07,9.990422923785921561e-08,3.453611789432098345e-08,9.863249662758061254e-09,3.420984776708602126e-09,3.860016663942422710e-10,-1.230648048744509282e-11,-1.548568391573912351e-10,-4.743800074979986903e-10,1.352061379522595530e-10,-6.928098997271980863e-10,5.052827687507255305e-10,-9.945017968859826141e-10,1.002228077872507894e-09,-1.560904129907503268e-09,1.905281270427050533e-09,-2.851620990989428561e-09,3.923915720561305109e-09,-5.629234440997915589e-09,6.804455772490072829e-09,-5.463928042653831696e-09,-3.729519870016018146e-09,2.439964200563055075e-08,-4.897364947950566538e-08,4.650672971728830873e-08
1.242599393939721075e+00,-1.174776497044395795e-01,3.448590932781041285e-03,3.398783379383527037e-05,5.960603861082831856e-07,2.913258803647136852e-06,8.321397111129939794e-07,2.979180271974607441e-07,9.911265746488651107e-08,3.420336697245243696e-08,9.727702278243544054e-09,3.372050132177673021e-09,3.659958247928529751e-10,-1.691214529531137600e-11,-1.587262109942200183e-10,-4.731350172759718475e-10,1.329218610179871973e-10,-6.905062077677825982e-10,5.024920028684487505e-10,-9.911578710553037297e-10,9.978957118093878531e-10,-1.555191676827494263e-09,1.897206749774255075e-09,-2.840652663614606777e-09,3.910035696586509901e-09,-5.617596654993936567e-09,6.808241020429817159e-09,-5.507047799984537972e-09,-3.639400116342561553e-09,2.431571635534701681e-08,-4.901557090764008251e-08,4.664717939001361557e-08
1.243187654525501618e+00,-1.179145287673832587e-01,3.471801100896274028e-03,3.424444523164593690e-05,4.807239069285103306e-07,2.915880343931902957e-06,8.282684383887316260e-07,2.962064000961231458e-07,9.832711801195659351e-08,3.387395824949734902e-08,9.593819059929703519e-09,3.323856145182046973e-09,3.463148344484690000e-10,-2.140307202302960121e-11,-1.625373551028541641e-10,-4.718864465846905887e-10,1.306581023929886953e-10,-6.882189818036010820e-10,4.997237172676971539e-10,-9.878429862303361730e-10,9.936015846895296377e-10,-1.549533300282401882e-09,1.889204075946823713e-09,-2.829771765869293354e-09,3.896222469765460439e-09,-5.605924426055342025e-09,6.811762828275169657e-09,-5.549658379112171191e-09,-3.549745783773539110e-09,2.423167994730635044e-08,-4.905695115409169915e-08,4.678739162766731852e-08
1.243778146524225692e+00,-1.183517652468035891e-01,3.495089364665148607e-03,3.450540102138601600e-05,3.638737416091983312e-07,2.918641120807459119e-06,8.243984661428574445e-07,2.945040024106282406e-07,9.754757208414732705e-08,3.354785926964684584e-08,9.461579034142353350e-09,3.276391466293382404e-09,3.269529091909362251e-10,-2.578173612099998735e-11,-1.662915291578137555e-10,-4.706345035909720309e-10,1.284144734992054282e-10,-6.859480414234120360e-10,4.969775441870938337e-10,-9.845566983218700940e-10,9.893451314267609487e-10,-1.543928298576580094e-09,1.881272302653100303e-09,-2.818977444703218982e-09,3.882476059288535175e-09,-5.594219640693912088e-09,6.815025438400811042e-09,-5.591764370548729657e-09,-3.460556044845852774e-09,2.414753616248460633e-08,-4.909779183649015666e-08,4.692736437633682200e-08
1.244370872142221529e+00,-1.187893605175151107e-01,3.518455692422262082e-03,3.477076573862002140e-05,2.454938227204085666e-07,2.921543430672336739e-06,8.205297356402366238e-07,2.928108194378935270e-07,9.677398090995534274e-08,3.322503790322006711e-08,9.330961536421766844e-09,3.229644897871641884e-09,3.079043513209978045e-10,-3.005050375204376678e-11,-1.699899335877441686e-10,-4.693794658505723305e-10,1.261906412697300084e-10,-6.836932131548678626e-10,4.942531123958149308e-10,-9.812985927309947343e-10,9.851257891033138314e-10,-1.538375862461527355e-09,1.873410490757163038e-09,-2.808268907347755139e-09,3.868796470143064103e-09,-5.582484169808915597e-09,6.818032998964253244e-09,-5.633370298453038716e-09,-3.371830020922061966e-09,2.406328834542864614e-08,-4.913809456118939378e-08,4.706709564455957562e-08
1.244965833596482607e+00,-1.192273159559406187e-01,3.541900051651822312e-03,3.504060463104495537e-05,1.255679016698256489e-07,2.924589589670774023e-06,8.166621843982979634e-07,2.911268359227607572e-07,9.600630580764921151e-08,3.290546228638252524e-08,9.201946106138225723e-09,3.183605404473432987e-09,2.891635568144645951e-10,-3.421172199702393613e-11,-1.736338000463133469e-10,-4.681215831636720281e-10,1.239862448820794327e-10,-6.814542610755758290e-10,4.915501096436347694e-10,-9.780682878185453788e-10,9.809429618416742880e-10,-1.532875232995722925e-09,1.865617745575379183e-09,-2.797645316365143797e-09,3.855183665032492490e-09,-5.570719833775800156e-09,6.820789619742251286e-09,-5.674480651855773328e-09,-3.283566844640428695e-09,2.397893977216375427e-08,-4.917786086428704850e-08,4.720658337148408989e-08
1.245563033114706730e+00,-1.196656329401193097e-01,3.565422408977756558e-03,3.531498362497817456e-05,4.079546963263458448e-09,2.927781933931890984e-06,8.127957462520860044e-07,2.894520361087365989e-07,9.524450810113535559e-08,3.258910078124746534e-08,9.074512535064277463e-09,3.138262162291627355e-09,2.707250222611090607e-10,-3.826768762982268868e-11,-1.772242803899093389e-10,-4.668610498193004332e-10,1.218009026970889863e-10,-6.792310186520822413e-10,4.888682392928389575e-10,-9.748653603119938893e-10,9.767960975660960887e-10,-1.527425703279350344e-09,1.857893168087307312e-09,-2.787105869879458186e-09,3.841637585409903022e-09,-5.558928379244265638e-09,6.823299332232163339e-09,-5.715099888128905015e-09,-3.195765616546830667e-09,2.389449367101031951e-08,-4.921709226193143882e-08,4.734582548931998147e-08
1.246162472935333332e+00,-1.201043128497144979e-01,3.589022730153584168e-03,3.559396933179494876e-05,-1.189878573938825401e-07,2.931122819961520104e-06,8.089303512024727250e-07,2.877864037809270414e-07,9.448854929559880045e-08,3.227592194595188535e-08,8.948640879951480498e-09,3.093604501909485993e-09,2.525833769570495768e-10,-4.222064711734141440e-11,-1.807625056582384815e-10,-4.655981294954258942e-10,1.196342122589122425e-10,-6.770233262898273097e-10,4.862071578681792516e-10,-9.716894337763459788e-10,9.726846936404520694e-10,-1.522026523044506252e-09,1.850235844961037324e-09,-2.776649768616856750e-09,3.828158195496624006e-09,-5.547111517519021096e-09,6.825566071220513786e-09,-5.755232419541594924e-09,-3.108425386012803049e-09,2.380995320697132378e-08,-4.925579026853615927e-08,4.748481987476571575e-08
1.246764155307581445e+00,-1.205433570660217613e-01,3.612700980052153954e-03,3.587762905450913448e-05,-2.436511135168670239e-07,2.934614624903932739e-06,8.050659256334316560e-07,2.861299221905769241e-07,9.373839086153010203e-08,3.196589466129134971e-08,8.824311416126551233e-09,3.049621897892318412e-09,2.347333109137261786e-10,-4.607277753754246419e-11,-1.842496207687949195e-10,-4.643330303588655283e-10,1.174859515229442763e-10,-6.748309688831000130e-10,4.835665270985778363e-10,-9.685400918779674129e-10,9.686081932185064414e-10,-1.516676985391374188e-09,1.842644903413820368e-09,-2.766276208533008374e-09,3.814745402159688825e-09,-5.535270915235646072e-09,6.827593756314996598e-09,-5.794882611525470351e-09,-3.021545215420307073e-09,2.372532150862055600e-08,-4.929395631004390710e-08,4.762356439758086424e-08
1.247368082491487673e+00,-1.209827669719769766e-01,3.636457122655728513e-03,3.616603079445532970e-05,-3.699272116228658619e-07,2.938259746884880688e-06,8.012023923606101383e-07,2.844825740069313602e-07,9.299399430888477536e-08,3.165898815023562851e-08,8.701504706880303086e-09,3.006303960981226986e-09,2.171696537878187172e-10,-4.982619698779000572e-11,-1.876867133931980902e-10,-4.630659744542242606e-10,1.153556972166569494e-10,-6.726537521428710420e-10,4.809460607546611755e-10,-9.654169894068864721e-10,9.645660559338964379e-10,-1.511376380818052478e-09,1.835119499719525815e-09,-2.755984381680454121e-09,3.801399093401013063e-09,-5.523408188505898875e-09,6.829386224615520418e-09,-5.834054796118731678e-09,-2.935124155875601382e-09,2.364060169499082598e-08,-4.933159180719320913e-08,4.776205689976942281e-08
1.247974256757945044e+00,-1.214225439521645078e-01,3.660291121045336493e-03,3.645924325801873367e-05,-4.978333315143815274e-07,2.942060605185719060e-06,7.973396703576766942e-07,2.828443415774442582e-07,9.225532129550351179e-08,3.135517173810317693e-08,8.580201531910303103e-09,2.963640542176515513e-09,1.998872803388174191e-10,-5.348305305574729829e-11,-1.910748156919162000e-10,-4.617971421927435927e-10,1.132431370898245859e-10,-6.704915372912623184e-10,4.783454327084157853e-10,-9.623197187030863020e-10,9.605577834873035847e-10,-1.506124030180300277e-09,1.827658751337585263e-09,-2.745773487484309827e-09,3.788119163294044467e-09,-5.511524924384919588e-09,6.830947241664650504e-09,-5.872753268496705426e-09,-2.849161209045325549e-09,2.355579678276625843e-08,-4.936869813041561139e-08,4.790029516088534223e-08
1.248582680388743427e+00,-1.218626893928249633e-01,3.684202937390256699e-03,3.675733586323576968e-05,-6.273868443516968096e-07,2.946019640695518582e-06,7.934776749172166299e-07,2.812152067968066993e-07,9.152233358027464516e-08,3.105441504381439843e-08,8.460382888621914566e-09,2.921621586153555494e-09,1.828811997672818990e-10,-5.704537016371080682e-11,-1.944150049282278303e-10,-4.605267278634528338e-10,1.111479727700093179e-10,-6.683441022836689172e-10,4.757643324443394661e-10,-9.592479015968491396e-10,9.565828411502164119e-10,-1.500919215302598531e-09,1.820261805434569835e-09,-2.735642734476989579e-09,3.774905511333241648e-09,-5.499622654416697065e-09,6.832280507410720682e-09,-5.910982288272886853e-09,-2.763655336697479203e-09,2.347090973138510339e-08,-4.940527662412180776e-08,4.803827699517704275e-08
1.249193355676606609e+00,-1.223032046818634255e-01,3.708192532937776287e-03,3.706037874661241571e-05,-7.586053144749849847e-07,2.950139316209438034e-06,7.896163177114473575e-07,2.795951510397264028e-07,9.079499301272581091e-08,3.075668799680519871e-08,8.342029991260935251e-09,2.880237192845469529e-09,1.661465114793925224e-10,-6.051513803950747672e-11,-1.977083097931542355e-10,-4.592549396331691014e-10,1.090699058847732772e-10,-6.662113222200005680e-10,4.732024980191873453e-10,-9.562012223685023571e-10,9.526407418990190390e-10,-1.495761257908068131e-09,1.812927815465423254e-09,-2.725591337696120497e-09,3.761757983128215244e-09,-5.487702865259250218e-09,6.833389679951860918e-09,-5.948746043069746969e-09,-2.678605551774404514e-09,2.338594347513212046e-08,-4.944132860236483129e-08,4.817600014056511171e-08
1.249806284925232047e+00,-1.227440912088577640e-01,3.732259868002383435e-03,3.736844277009519072e-05,-8.915065012476703493e-07,2.954422116625181685e-06,7.857555067184926467e-07,2.779841553526146702e-07,9.007326151957983917e-08,3.046196067873346847e-08,8.225124331195238225e-09,2.839477704179305118e-09,1.496783799334600040e-10,-6.389437590126334499e-11,-2.009556999971184865e-10,-4.579819301575582813e-10,1.070086033672090764e-10,-6.640929611778645381e-10,4.706596310605215550e-10,-9.531792907052638597e-10,9.487309891691164676e-10,-1.490649518751108182e-09,1.805655958520696602e-09,-2.715618472280689755e-09,3.748676407375022002e-09,-5.475767009960330611e-09,6.834278338022602151e-09,-5.986048702295160284e-09,-2.594010831656612392e-09,2.330090092140385538e-08,-4.947685530807405252e-08,4.831346232803124252e-08
1.250421470449333050e+00,-1.231853503650666704e-01,3.756404901955071041e-03,3.768159952787213801e-05,-1.026108360749952014e-06,2.958870549390124269e-06,7.818951463277670766e-07,2.763822003096043367e-07,8.935710112600511734e-08,3.017020349044621796e-08,8.109647643955025798e-09,2.799333548818283557e-09,1.334720389767340976e-10,-6.718496592394984646e-11,-2.041581244338619427e-10,-4.567079214812252985e-10,1.049637252115154240e-10,-6.619888456849132297e-10,4.681354349306277030e-10,-9.501817683360558320e-10,9.448530742528493676e-10,-1.485583336034712598e-09,1.798445449638017002e-09,-2.705723377988134004e-09,3.735660611034995193e-09,-5.463816468492463385e-09,6.834950014929404294e-09,-6.022894421479213500e-09,-2.509870115560697279e-09,2.321578494030029916e-08,-4.951185797550522460e-08,4.845066119141261396e-08
1.251038914574676308e+00,-1.236269835434381237e-01,3.780627593212335102e-03,3.799992135344702759e-05,-1.162429047527838849e-06,2.963487144731595524e-06,7.780351371543606231e-07,2.747892661313783291e-07,8.864647395127878138e-08,2.988138711034621364e-08,7.995581826833464412e-09,2.759795257774311228e-09,1.175228681732365388e-10,-7.038879548670884390e-11,-2.073165666915954830e-10,-4.554330523820482313e-10,1.029350563119812989e-10,-6.598988577799502764e-10,4.656296025834505414e-10,-9.472082597439257512e-10,9.410065487241991988e-10,-1.480562060104939626e-09,1.791295443790211217e-09,-2.695905273759208187e-09,3.722710426924159821e-09,-5.451852628200748452e-09,6.835408175890830829e-09,-6.059287283727288198e-09,-2.426182294130996286e-09,2.313059830217484292e-08,-4.954633783197520680e-08,4.858759444781313164e-08
1.251658619638125192e+00,-1.240689921386171624e-01,3.804927899225568622e-03,3.832348132665717999e-05,-1.300486916685442834e-06,2.968274456018136359e-06,7.741753762398329020e-07,2.732053326613172184e-07,8.794134225345584532e-08,2.959548241936518775e-08,7.882909002204091520e-09,2.720853576297643794e-09,1.018263546398445740e-10,-7.350767737557273307e-11,-2.104319791335074186e-10,-4.541574755156929655e-10,1.009222705405932174e-10,-6.578227823572646571e-10,4.631418564632339141e-10,-9.442584769647766052e-10,9.371909481109552686e-10,-1.475585046512017939e-09,1.784205133680341615e-09,-2.686163378100986376e-09,3.709825670728146563e-09,-5.439876805957144512e-09,6.835656230289033353e-09,-6.095231332246126010e-09,-2.342946308318827331e-09,2.304534374875794045e-08,-4.958029600418689675e-08,4.872425970331439871e-08
1.252280587987677496e+00,-1.245113775469545159e-01,3.829305776469730388e-03,3.865235328076675053e-05,-1.440300525513017044e-06,2.973235060027079948e-06,7.703157569403235039e-07,2.716303793776422837e-07,8.724166838947056135e-08,2.931246052047947748e-08,7.771611567394115516e-09,2.682499373671265452e-09,8.637796120730678595e-11,-7.654341223350957790e-11,-2.135052447338470216e-10,-4.528813435378253871e-10,9.892509034159502335e-11,-6.557604320667209663e-10,4.606719363614564244e-10,-9.413320695844662467e-10,9.334057918947147314e-10,-1.470651674224943140e-09,1.777173761234249194e-09,-2.676496911688946989e-09,3.697006083864737280e-09,-5.427890247943628621e-09,6.835697542078092437e-09,-6.130730585522659037e-09,-2.260161082595635307e-09,2.296002401223906642e-08,-4.961373361797583037e-08,4.886065455012023051e-08
1.252904821982509187e+00,-1.249541411665151119e-01,3.853761180432305200e-03,3.898661180965802553e-05,-1.581888635369997978e-06,2.978371557324456173e-06,7.664561689959409341e-07,2.700643854137985134e-07,8.654741483031525018e-08,2.903229284062502913e-08,7.661672108381922808e-09,2.644723663160208904e-09,7.117330596412285715e-11,-7.949776427429444681e-11,-2.165372811613330839e-10,-4.516048229818991899e-10,9.694323122033665641e-11,-6.537117028249106454e-10,4.582195907432140558e-10,-9.384286819846821004e-10,9.296506125675008114e-10,-1.465761331753689944e-09,1.770200539971678033e-09,-2.666905096933291919e-09,3.684251482019562651e-09,-5.415894240023977346e-09,6.835535385114888118e-09,-6.165789010002115100e-09,-2.177825459900861738e-09,2.287464176409237382e-08,-4.964665176621779752e-08,4.899677655961776068e-08
1.253531323993015256e+00,-1.253972843970857509e-01,3.878294065602031632e-03,3.932633227510425045e-05,-1.725270213698368998e-06,2.983686572581795496e-06,7.625964984852261208e-07,2.685073295901133084e-07,8.585854416884655671e-08,2.875495099408792443e-08,7.553073430154738643e-09,2.607517621093513593e-09,5.620808245926367519e-11,-8.237250118114936015e-11,-2.195289366957453581e-10,-4.503280109924290286e-10,9.497640174327415252e-11,-6.516764350372739045e-10,4.557845385833037000e-10,-9.355479984457515386e-10,9.259249712442740865e-10,-1.460913391128360050e-09,1.763284682761850908e-09,-2.657387183566117805e-09,3.671561645099581661e-09,-5.403889993468857789e-09,6.835173007560708947e-09,-6.200410546542550749e-09,-2.095938342154546330e-09,2.278919963242392877e-08,-4.967905149061424552e-08,4.913262325462186553e-08
1.254160096400851243e+00,-1.258408086401843207e-01,3.902904385457567349e-03,3.967159081392623160e-05,-1.870464435828724306e-06,2.989182754940204051e-06,7.587366277514266677e-07,2.669591903630558205e-07,8.517501919134279342e-08,2.848040688441938473e-08,7.445798510304774132e-09,2.570872466300944126e-09,4.147806230425654661e-11,-8.516926920665301992e-11,-2.224810578821401208e-10,-4.490510879806564049e-10,9.302439374359039448e-11,-6.496543858425241069e-10,4.533665144690335325e-10,-9.326896963091080295e-10,9.222284208000586236e-10,-1.456107231317949058e-09,1.756425426976959692e-09,-2.647942417850074337e-09,3.658936326665640504e-09,-5.391878668808275377e-09,6.834613597295202680e-09,-6.234599082225594779e-09,-2.014498593980174057e-09,2.270370018549183744e-08,-4.971093382766245128e-08,4.926819214406963354e-08
1.254791141598975424e+00,-1.262847152990674293e-01,3.927592092456105854e-03,4.002246434552884230e-05,-2.017490686982139833e-06,2.994862778259296462e-06,7.548764356570675238e-07,2.654199458647019116e-07,8.449680268321491106e-08,2.820863266236872668e-08,7.339830633036614760e-09,2.534779643993678722e-09,2.697908129539738908e-11,-8.788968337836156053e-11,-2.253945016739145046e-10,-4.477741788466715889e-10,9.108690190995361036e-11,-6.476454303405709823e-10,4.509652790085638685e-10,-9.298534667939728493e-10,9.185605132425167518e-10,-1.451342284200518584e-09,1.749622035359527095e-09,-2.638570030001619049e-09,3.646375252089328889e-09,-5.379861410959724255e-09,6.833860284952142372e-09,-6.268358477244662108e-09,-1.933505069592889036e-09,2.261814599068684428e-08,-4.974229973406241179e-08,4.940348070914257761e-08
1.255424461991692331e+00,-1.267290057787394675e-01,3.952357138021691391e-03,4.037903057932390460e-05,-2.166368564162756555e-06,3.000729341421856655e-06,7.510157973666768683e-07,2.638895740107206900e-07,8.382385761939240010e-08,2.793960064174927371e-08,7.235153223501128439e-09,2.499230757242731915e-09,1.270703334221856551e-11,-9.053539515302411189e-11,-2.282700296146744634e-10,-4.464974223683526589e-10,8.916365562550154777e-11,-6.456494089368547407e-10,4.485805650544794076e-10,-9.270389941806733702e-10,9.149208287685672847e-10,-1.446617981654130247e-09,1.742873768266831047e-09,-2.629269270620210319e-09,3.633878164523152154e-09,-5.367839311497951682e-09,6.832916153677245918e-09,-6.301692548858761622e-09,-1.852956607595324101e-09,2.253253954514339297e-08,-4.977315016998357100e-08,4.953848637551105938e-08
1.256060059994694722e+00,-1.271736814859606712e-01,3.977199472533679558e-03,4.074136802214179537e-05,-2.317117878219282501e-06,3.006785168802213193e-06,7.471545844278844328e-07,2.623680523433820355e-07,8.315614710187324565e-08,2.767328349806419396e-08,7.131749946241022764e-09,2.464217444680949498e-09,-1.342059276210338936e-12,-9.310796751649252911e-11,-2.311084518202832783e-10,-4.452209295680020773e-10,8.725442590673537779e-11,-6.436661689757094962e-10,4.462121158677057053e-10,-9.242459679537073924e-10,9.113089774991089964e-10,-1.441933739944334381e-09,1.736179867407872113e-09,-2.620039382932731753e-09,3.621444802132285645e-09,-5.355813451589364060e-09,6.831784217552552829e-09,-6.334605060984155323e-09,-1.772852047457473823e-09,2.244688330436256374e-08,-4.980348602013490167e-08,4.967320654802875879e-08
1.256697938035107098e+00,-1.276187438292561149e-01,4.002119045314892626e-03,4.110955598592841431e-05,-2.469758655645852563e-06,3.013033010461178829e-06,7.432926647388954366e-07,2.608553582106667990e-07,8.249363440179097173e-08,2.740965402651257543e-08,7.029604683073120697e-09,2.429731566118420449e-09,-1.517220550584230665e-11,-9.560897039351257121e-11,-2.339105645288164226e-10,-4.439447975901344989e-10,8.535898377015627148e-11,-6.416955300458937472e-10,4.438596955258500287e-10,-9.214740723934022881e-10,9.077245153449320370e-10,-1.437288990949192602e-09,1.729539613522929065e-09,-2.610879614502875645e-09,3.609074874133706701e-09,-5.343784862093386989e-09,6.830467463121367433e-09,-6.367099752817295677e-09,-1.693190228649332774e-09,2.236117970563084034e-08,-4.983330815621495047e-08,4.980763859685488626e-08
1.257338098551530781e+00,-1.280641942189238713e-01,4.027115804619434830e-03,4.148367459524873041e-05,-2.624311140596042452e-06,3.019475642610089036e-06,7.394299024088453465e-07,2.593514687246334383e-07,8.183628296331776908e-08,2.714868526732319709e-08,6.928701436811207648e-09,2.395765080244471879e-09,-2.878720786053667879e-11,-9.803990258516748213e-11,-2.366771049977511865e-10,-4.426691513348401941e-10,8.347704472111416862e-11,-6.397373533695294157e-10,4.415230698412431209e-10,-9.187230282092784250e-10,9.041670120946143641e-10,-1.432683158740510887e-09,1.722952306434238912e-09,-2.601789244986718597e-09,3.596768083998121146e-09,-5.331754538741295679e-09,6.828968808839097626e-09,-6.399180329293846503e-09,-1.613969937731829507e-09,2.227543112031521444e-08,-4.986261742216668846e-08,4.994177985745418269e-08
1.257980543994084544e+00,-1.285100340670432550e-01,4.052189697621239733e-03,4.186380479491956519e-05,-2.780795797168583716e-06,3.026115867949073085e-06,7.355661580882646988e-07,2.578563606243748640e-07,8.118405629697900139e-08,2.689035062978725743e-08,6.829024470477590425e-09,2.362310007331114292e-09,-4.219084023121544291e-11,-1.004022143202831785e-10,-2.394088503832048076e-10,-4.413940879466338174e-10,8.160840753168585593e-11,-6.377914862909506155e-10,4.392019959525983452e-10,-9.159925179469396994e-10,9.006360921805234288e-10,-1.428115702951926469e-09,1.716417231435729551e-09,-2.592767534091017234e-09,3.584524124137372647e-09,-5.319723463386577533e-09,6.827291136623538093e-09,-6.430850450246661243e-09,-1.535189996827723835e-09,2.218963991197642205e-08,-4.989141461856499982e-08,5.007562763059691946e-08
1.258625276824451911e+00,-1.289562647874843981e-01,4.077340670401927158e-03,4.225002835805697493e-05,-2.939233311361096057e-06,3.032956515855054699e-06,7.317012888042803698e-07,2.563700104620675324e-07,8.053691804730742088e-08,2.663462371575026078e-08,6.730558228806859944e-09,2.329358546326876223e-09,-5.538683140599021115e-11,-1.026973436846212451e-10,-2.421065049829085325e-10,-4.401197045700300237e-10,7.975280852390298492e-11,-6.358577761544914608e-10,4.368962344680760168e-10,-9.132822519075656231e-10,8.971313462079189005e-10,-1.423586065869841821e-09,1.709933697240095807e-09,-2.583813761905529027e-09,3.572342700624252243e-09,-5.307692558034760033e-09,6.825437258786704042e-09,-6.462113726502655142e-09,-1.456849205508370382e-09,2.210380839126613317e-08,-4.991970051129029917e-08,5.020917919623668624e-08
1.259272299515925120e+00,-1.294028877959165491e-01,4.102568667938105013e-03,4.264242789373158538e-05,-3.099644592919736236e-06,3.040000442916914250e-06,7.278351478552311238e-07,2.548923945661085710e-07,7.989483209128872554e-08,2.638147831874465554e-08,6.633287349521593823e-09,2.296903041897058184e-09,-6.837883557986312866e-11,-1.049267252944963147e-10,-2.447708077890631273e-10,-4.388461538606946988e-10,7.791006728652405400e-11,-6.339360703044860657e-10,4.346055494652834028e-10,-9.105919455965061360e-10,8.936523877671465055e-10,-1.419093724475128937e-09,1.703500983503414279e-09,-2.574927183366521044e-09,3.560223518555769018e-09,-5.295662747727136743e-09,6.823409923022161205e-09,-6.492973749373104342e-09,-1.378946334722186418e-09,2.201793881072278136e-08,-4.994747580550767951e-08,5.034243181351039098e-08
1.259921614553449309e+00,-1.298499045098161497e-01,4.127873634089233162e-03,4.304108685488500230e-05,-3.262050777522347567e-06,3.047250533186373136e-06,7.239675848557704241e-07,2.534234890701723975e-07,7.925776243297710799e-08,2.613088846779160201e-08,6.537196688485846785e-09,2.264935925443134490e-09,-8.117046271238770316e-11,-1.070917313161778850e-10,-2.474024145271425112e-10,-4.375734774519912662e-10,7.607992708047461861e-11,-6.320262091463746401e-10,4.323296980829338665e-10,-9.079213231927285577e-10,8.901988226422963280e-10,-1.414638154013936333e-09,1.697118424959231930e-09,-2.566107067288048160e-09,3.548166220578886920e-09,-5.283634897223360438e-09,6.821211882661326609e-09,-6.523434058994942442e-09,-1.301480203989846540e-09,2.193203341247645932e-08,-4.997474117515721126e-08,5.047538262359374528e-08
1.260573224433669592e+00,-1.302973163484762442e-01,4.153255511585383225e-03,4.344608954639714304e-05,-3.426473229040322491e-06,3.054709698567222367e-06,7.200984458700064594e-07,2.519632699015013355e-07,7.862567318831642504e-08,2.588282843780931319e-08,6.442271301056873289e-09,2.233449745460414082e-09,-9.376526464988099718e-11,-1.091937130992537419e-10,-2.500019913309614594e-10,-4.363017586106465728e-10,7.426216586114975371e-11,-6.301280330855973943e-10,4.300684929708920023e-10,-9.052701002015828280e-10,8.867702674594801771e-10,-1.410218817589348195e-09,1.690785359593702242e-09,-2.557352714142868688e-09,3.536170466796224876e-09,-5.271609864777870857e-09,6.818845827826630623e-09,-6.553498180759953495e-09,-1.224449585994491496e-09,2.184609442131002499e-08,-5.000149731586300828e-08,5.060802884399029367e-08
1.261227131664975243e+00,-1.307451247330151112e-01,4.178714242014679170e-03,4.385752113303647420e-05,-3.592933541539822945e-06,3.062380879151208393e-06,7.162275732653516913e-07,2.505117127358028051e-07,7.799852867794790368e-08,2.563727274310784177e-08,6.348496400018083241e-09,2.202437175344296172e-09,-1.061666622670376370e-10,-1.112340115849708155e-10,-2.525702355593573145e-10,-4.350310944811752734e-10,7.245656852283843818e-11,-6.282414380387457697e-10,4.278216999414885535e-10,-9.026379903936954108e-10,8.833663566257254907e-10,-1.405835198253768681e-09,1.684501094167956126e-09,-2.548663415730123560e-09,3.524235947125961554e-09,-5.259588462241254758e-09,6.816314368951643943e-09,-6.583169579778280767e-09,-1.147853240408835962e-09,2.176012399348475901e-08,-5.002774482697203151e-08,5.074036758812017212e-08
1.261883338767546103e+00,-1.311933310863850344e-01,4.204249765810404854e-03,4.427546764770341758e-05,-3.761453541448666824e-06,3.070267043548064248e-06,7.123548057420131530e-07,2.490687931728900739e-07,7.737629332572881768e-08,2.539419611700607926e-08,6.255857395044001068e-09,2.171890986502056364e-09,-1.183780452135296812e-10,-1.132139000603604728e-10,-2.551078098766978997e-10,-4.337615822080920225e-10,7.066292689872355481e-11,-6.263662366556843608e-10,4.255890605209255995e-10,-9.000247214174805777e-10,8.799867223796553617e-10,-1.401486818090880160e-09,1.678264990520594857e-09,-2.540038453006931984e-09,3.512362307901348291e-09,-5.247571498645173249e-09,6.813620091858547945e-09,-6.612451660878426729e-09,-1.071689958130617182e-09,2.167412423842440816e-08,-5.005348427487149587e-08,5.087239595552572879e-08
1.262541848273400324e+00,-1.316419368333812401e-01,4.229862022238267683e-03,4.470001599954625399e-05,-3.932055289659463354e-06,3.078371189305746311e-06,7.084799783551101737e-07,2.476344865671130380e-07,7.675893178753570578e-08,2.515357356343977946e-08,6.164339852367944905e-09,2.141804066567443154e-09,-1.304027432910692674e-10,-1.151346344652193210e-10,-2.576153179667528548e-10,-4.324932634247602437e-10,6.888103282198798638e-11,-6.245022693418533777e-10,4.233704168493668263e-10,-8.974300469422047399e-10,8.766309982609354901e-10,-1.397173139336405079e-09,1.672076390107218868e-09,-2.531477139890159211e-09,3.500549192311450120e-09,-5.235559723823848821e-09,6.810765530544660162e-09,-6.641347846669809485e-09,-9.959584979651880943e-10,2.158809728463467748e-08,-5.007871620686665803e-08,5.100411099717705454e-08
1.263202662726439662e+00,-1.320909434006504735e-01,4.255550949383509612e-03,4.513125398232422508e-05,-4.104761083814027073e-06,3.086696343245019097e-06,7.046029225207459112e-07,2.462087681093239055e-07,7.614640884674728216e-08,2.491538021297950989e-08,6.073929551594220433e-09,2.112169498330596085e-09,-1.422440672194102973e-10,-1.169975054338134868e-10,-2.600933947383143874e-10,-4.312262213979067837e-10,6.711068506470851958e-11,-6.226494597694198774e-10,4.211655330044195011e-10,-8.948536876773882653e-10,8.732988130387420167e-10,-1.392893676267770164e-09,1.665934654549589000e-09,-2.522978750398030545e-09,3.488796239533784038e-09,-5.223553900188249166e-09,6.807753190926461861e-09,-6.669861474760396813e-09,-9.206576039727520921e-10,2.150204517735454512e-08,-5.010344112169051733e-08,5.113550974322755849e-08
1.263865784682498106e+00,-1.325403522167002968e-01,4.281316484137927952e-03,4.556927028267956231e-05,-4.279593460386563880e-06,3.095245561849984881e-06,7.007234659275364541e-07,2.447916127852438339e-07,7.553868948536809902e-08,2.467959153923740545e-08,5.984612450569970488e-09,2.082980370653186863e-09,-1.539052158286424721e-10,-1.188036734961483987e-10,-2.625426577529399452e-10,-4.299605116386828740e-10,6.535166852117413328e-11,-6.208076552827179739e-10,4.189742112276073627e-10,-8.922953903534036613e-10,8.699898076253154144e-10,-1.388647948366572571e-09,1.659839146770508700e-09,-2.514542611891518176e-09,3.477103087878505305e-09,-5.211554718591998592e-09,6.804585502050500279e-09,-6.697995864977240865e-09,-8.457860696531316336e-10,2.141596995835354234e-08,-5.012765950333092357e-08,5.126658917525839243e-08
1.264531216709388506e+00,-1.329901647119076380e-01,4.307158562186833711e-03,4.601415448851620127e-05,-4.456575197144159450e-06,3.104021931614377866e-06,6.968414326107702506e-07,2.433829954595970180e-07,7.493573881160384142e-08,2.444618322529346077e-08,5.896374695793515919e-09,2.054229874745572282e-09,-1.653893653974503053e-10,-1.205542974475060092e-10,-2.649637141638461202e-10,-4.286962868027544005e-10,6.360380278014332589e-11,-6.189766685316122619e-10,4.167962381479428657e-10,-8.897548843533886753e-10,8.667036459179822128e-10,-1.384435467308153811e-09,1.653789227958057939e-09,-2.506168038721168223e-09,3.465469380751519390e-09,-5.199562865985593585e-09,6.801264870845598332e-09,-6.725754316764392948e-09,-7.713426147804014477e-10,2.132987360868587867e-08,-5.015137178286666053e-08,5.139734624015623865e-08
1.265198961386950760e+00,-1.334403823185282278e-01,4.333077117995590144e-03,4.646599709758492819e-05,-4.635729315175755177e-06,3.113028569389809930e-06,6.929566429285556606e-07,2.419828909745562473e-07,7.433752212838290463e-08,2.421513110601597463e-08,5.809202563433757405e-09,2.025911361412668921e-09,-1.766995621002576122e-10,-1.222506176151716417e-10,-2.673571398992269366e-10,-4.274335052567579396e-10,6.186689355258678802e-11,-6.171563676771185669e-10,4.146313795777567535e-10,-8.872319094688219110e-10,8.634399991866437141e-10,-1.380255782064410131e-09,1.647784279466477098e-09,-2.497854320084036406e-09,3.453894747030422652e-09,-5.187579025633243246e-09,6.797793665534561380e-09,-6.753140039793964489e-09,-6.973260189765961847e-10,2.124375807124184723e-08,-5.017457834540633987e-08,5.152777786399109772e-08
1.265869021307101772e+00,-1.338910064707053982e-01,4.359072084796192931e-03,4.692488952608413894e-05,-4.817079081235325910e-06,3.122268622851760711e-06,6.890689135206212734e-07,2.405912739216267693e-07,7.374400487524315762e-08,2.398641131984985408e-08,5.723082558643094453e-09,1.998018260389311518e-09,-1.878388772649786098e-10,-1.238937355485525416e-10,-2.697234796622538511e-10,-4.261722780229959540e-10,6.014073961058130635e-11,-6.153466070024649071e-10,4.124794950044474717e-10,-8.847262419203749673e-10,8.601984931647099764e-10,-1.376108381759277854e-09,1.641823705201411743e-09,-2.489600811096670530e-09,3.442378773742607589e-09,-5.175603803170281125e-09,6.794174232114050249e-09,-6.780156277998855563e-09,-6.237350662005591850e-10,2.115762534355553059e-08,-5.019727953962938027e-08,5.165788088262734945e-08
1.266541399073881191e+00,-1.343420386044794634e-01,4.385143394573954440e-03,4.739092411741585575e-05,-5.000648010114981667e-06,3.131745270695818206e-06,6.851780573738017188e-07,2.392081187969040401e-07,7.315515271636915950e-08,2.376000016266616166e-08,5.638001354408422872e-09,1.970544141055574627e-09,-1.988103249736528078e-10,-1.254847475928855260e-10,-2.720633024422269841e-10,-4.249126467348318670e-10,5.842516054288537930e-11,-6.135473032409244354e-10,4.103403415667283838e-10,-8.822375937439508320e-10,8.569788177703596688e-10,-1.371992835313973202e-09,1.635906879578208351e-09,-2.481406808328701086e-09,3.430921090633032300e-09,-5.163637821145594664e-09,6.790408825290902839e-09,-6.806806199417814174e-09,-5.505684467360660861e-10,2.107147730086300630e-08,-5.021947574110341428e-08,5.178765216662384319e-08
1.267216097303504263e+00,-1.347934801577962416e-01,4.411290978053726552e-03,4.786419415055663540e-05,-5.186459866877773592e-06,3.141461723308799914e-06,6.812838837366025357e-07,2.378333999559709144e-07,7.257093152107652045e-08,2.353587419574865169e-08,5.553945734738940931e-09,1.943482624833237082e-09,-2.096167926735059694e-10,-1.270247743795360762e-10,-2.743771737589995041e-10,-4.236546807812047177e-10,5.671998287715140918e-11,-6.117582621034678425e-10,4.082137249755701802e-10,-8.797657567727323880e-10,8.537806416714088797e-10,-1.367908676955242875e-09,1.630033195877331198e-09,-2.473271650850483727e-09,3.419521328205596400e-09,-5.151681675870378729e-09,6.786499665185907748e-09,-6.833092925685735342e-09,-4.778249245926402544e-10,2.098531580625728754e-08,-5.024116719615917548e-08,5.191708851021159532e-08
1.267893118624408233e+00,-1.352453325705166298e-01,4.437514764686307372e-03,4.834479384916139794e-05,-5.374538669269826943e-06,3.151421222882810902e-06,6.773861982011658567e-07,2.364670916750466478e-07,7.199130721722776793e-08,2.331401021023193909e-08,5.470902715229430946e-09,1.916827425084421943e-09,-2.202612111798507577e-10,-1.285148532731428261e-10,-2.766656001518263963e-10,-4.223984079176901218e-10,5.502497762988056706e-11,-6.099793795066865698e-10,4.060994682891783114e-10,-8.773104707981982386e-10,8.506036135863537240e-10,-1.363855441777195310e-09,1.624202087928405813e-09,-2.465194689008076701e-09,3.408179076523458473e-09,-5.139735925491911717e-09,6.782448965089379889e-09,-6.859019566728130624e-09,-4.055032611777198426e-10,2.089914270461679102e-08,-5.026235414245378008e-08,5.204618665904936492e-08
1.268572465677304306e+00,-1.356975972844258749e-01,4.463814682634330983e-03,4.883281839048771167e-05,-5.564908689953147053e-06,3.161627043891642244e-06,6.734848025432421670e-07,2.351091681848140047e-07,7.141624604276725075e-08,2.309438511868128208e-08,5.388859443313659403e-09,1.890572413031088583e-09,-2.307463482439930935e-10,-1.299560181688974581e-10,-2.789291193849852135e-10,-4.211438975332271184e-10,5.334001990098258261e-11,-6.082105166727025392e-10,4.039973858921408478e-10,-8.748714946937852233e-10,8.474474420816502374e-10,-1.359832718650366701e-09,1.618412953782386032e-09,-2.457175235417302650e-09,3.396893947333820551e-09,-5.127801134012163753e-09,6.778258872372142085e-09,-6.884589167418381228e-09,-3.336022048883169333e-10,2.081295981566644304e-08,-5.028303682458323820e-08,5.217494332410144153e-08
1.269254141115227608e+00,-1.361502757432426214e-01,4.490190658758264758e-03,4.932836391412405430e-05,-5.757594458989743341e-06,3.172082493545702250e-06,6.695794948162990534e-07,2.337596035611316792e-07,7.084571437224879142e-08,2.287697610297775852e-08,5.307803228188356925e-09,1.864711525814688464e-09,-2.410750019748997275e-10,-1.313492977578212262e-10,-2.811682414671778929e-10,-4.198911218722400918e-10,5.166488070695862689e-11,-6.064515556403193841e-10,4.019072730870876242e-10,-8.724486012107179889e-10,8.443118149070727441e-10,-1.355840046138312438e-09,1.612665212090066968e-09,-2.449212640424219822e-09,3.385665520074659929e-09,-5.115877802983059830e-09,6.773931513913596103e-09,-6.909804766992017067e-09,-2.621205153971462032e-10,2.072676891229363605e-08,-5.030321539867266267e-08,5.230335521633211471e-08
1.269938147603587808e+00,-1.366033693926279879e-01,4.516642618602559334e-03,4.983152753123068490e-05,-5.952620766373675071e-06,3.182790912144599013e-06,6.656700694421605058e-07,2.324183717749075950e-07,7.027967871379992015e-08,2.266176063903807547e-08,5.227721568568793886e-09,1.839238790782293798e-09,-2.512499288481739868e-10,-1.326956964448067211e-10,-2.833834833460002756e-10,-4.186402335903949279e-10,4.999944902550623738e-11,-6.047023437538712187e-10,3.998289564016710429e-10,-8.700415526918803266e-10,8.411963946589051666e-10,-1.351877001835866121e-09,1.606958316413553689e-09,-2.441306270421078617e-09,3.374493384809135188e-09,-5.103966438293333630e-09,6.769468964985120296e-09,-6.934669364352247234e-09,-1.910569098761971674e-10,2.064057176131423033e-08,-5.032289002952078372e-08,5.243141894956115934e-08
1.270624487820220416e+00,-1.370568796801954203e-01,4.543170486381142847e-03,5.034240733361138032e-05,-6.150012664206394586e-06,3.193755673429506114e-06,6.617563169859265459e-07,2.310854468026875275e-07,6.971810579585804857e-08,2.244871638145545800e-08,5.148602091106097012e-09,1.814148272577531529e-09,-2.612737691129463080e-10,-1.339961457763605424e-10,-2.855753029884500194e-10,-4.173912326876916268e-10,4.834352362870220077e-11,-6.029627144799043492e-10,3.977622224649035587e-10,-8.676501218884968836e-10,8.381008851331139820e-10,-1.347943145990626590e-09,1.601291681500513486e-09,-2.433455472718171197e-09,3.363377148297118369e-09,-5.092067505499398017e-09,6.764873252611096344e-09,-6.959185926309896519e-09,-1.204101497329079784e-10,2.055437010265587228e-08,-5.034206081080266904e-08,5.255913113760835031e-08
1.271313164455437406e+00,-1.375108080555196288e-01,4.569774184962939467e-03,5.086110240301328772e-05,-6.349795469371474071e-06,3.204980185002098345e-06,6.578380243116646597e-07,2.297608024887445866e-07,6.916096255242532020e-08,2.223782112880517969e-08,5.070432622811954504e-09,1.789434228398334437e-09,-2.711491768961349358e-10,-1.352516501573752805e-10,-2.877442104032290615e-10,-4.161441330419179963e-10,4.669692410530501547e-11,-6.012326470017370639e-10,3.957069290294601416e-10,-8.652740815517923068e-10,8.350249844878143701e-10,-1.344038080483556108e-09,1.595664746601582751e-09,-2.425659590288981038e-09,3.352316400710188271e-09,-5.080181477530240630e-09,6.760146380071878347e-09,-6.983357354623659363e-09,-5.017899897680200283e-11,2.046816560685726927e-08,-5.036072779022321422e-08,5.268648832490452349e-08
1.272004180212081170e+00,-1.379651559701461361e-01,4.596453635857658537e-03,5.138771282031488752e-05,-6.551994765962567899e-06,3.216467888770158795e-06,6.539149745481490084e-07,2.284444126539331155e-07,6.860821605367967146e-08,2.202905291775331120e-08,4.993201109960293538e-09,1.765090945800296129e-09,-2.808787187211225778e-10,-1.364631081746114916e-10,-2.898906878434637235e-10,-4.148989762864374597e-10,4.505954637190612289e-11,-5.995119123358705338e-10,3.936629078271636217e-10,-8.629132044329912432e-10,8.319683778706954413e-10,-1.340161357755997873e-09,1.590076962026260032e-09,-2.417918007740355035e-09,3.341310709126417422e-09,-5.068308786548847422e-09,6.755290329939558913e-09,-7.007186543679655433e-09,1.963778965829998668e-11,2.038195996353908690e-08,-5.037889100421161226e-08,5.281348704894162083e-08
1.272697537805576706e+00,-1.384199248776007696e-01,4.623208759200581053e-03,5.192233967491431679e-05,-6.756636407557201421e-06,3.228222261288452022e-06,6.499869468806936113e-07,2.271362510887497965e-07,6.805983366470202967e-08,2.182238998359176119e-08,4.916895623725131559e-09,1.741112812085610084e-09,-2.904649203452902562e-10,-1.376314305578940633e-10,-2.920151898067047114e-10,-4.136557624212500173e-10,4.343116144500669407e-11,-5.978004341544718159e-10,3.916299281397916943e-10,-8.605672684874887679e-10,8.289307833891923494e-10,-1.336312571882658506e-09,1.584527783721895178e-09,-2.410230088862458375e-09,3.330359665994209184e-09,-5.056449854743544359e-09,6.750307000218461195e-09,-7.030676343194874889e-09,8.904147558164154930e-11,2.029575481028028650e-08,-5.039655046057411880e-08,5.294012376394485742e-08
1.273393239963982682e+00,-1.388751162333990985e-01,4.650039473738470236e-03,5.246508507420356154e-05,-6.963746520176209223e-06,3.240246814288248386e-06,6.460537168430195709e-07,2.258362914817763079e-07,6.751578280868655857e-08,2.161781078712649018e-08,4.841504483345943077e-09,1.717494370681582616e-09,-2.999103196690833251e-10,-1.387575609967939272e-10,-2.941181014015636919e-10,-4.124146024686581313e-10,4.181162360783474696e-11,-5.960980598018750243e-10,3.896078529241897570e-10,-8.582360586095738597e-10,8.259119052729524402e-10,-1.332491318672968106e-09,1.579016673490529765e-09,-2.402595177496136269e-09,3.319462840560040429e-09,-5.044605089340667425e-09,6.745198287828706174e-09,-7.053829564722391421e-09,1.580333008552314844e-10,2.020955175690425376e-08,-5.041370610206485914e-08,5.306639490332276665e-08
1.274091289428045837e+00,-1.393307314950560094e-01,4.676945696814108211e-03,5.301605215318402897e-05,-7.173351504563595452e-06,3.252545094974178611e-06,6.421150561338080653e-07,2.245445075025123693e-07,6.697603120373041286e-08,2.141529401337646799e-08,4.767016101303589437e-09,1.694230156341902660e-09,-3.092173539789855319e-10,-1.398423443016438839e-10,-2.961999118200608905e-10,-4.111754131619349550e-10,4.020082183808781906e-11,-5.944046851946716004e-10,3.875965035038397843e-10,-8.559193579588120215e-10,8.229114304043882999e-10,-1.328697186997462865e-09,1.573543091399481897e-09,-2.395012668222895602e-09,3.308619819417622787e-09,-5.032774879135115675e-09,6.739966054128583572e-09,-7.076648988156575282e-09,2.266144849896734037e-10,2.012335242104063004e-08,-5.043035785495808554e-08,5.319229687272830631e-08
1.274791688951255830e+00,-1.397867721220952264e-01,4.703927344351297585e-03,5.357534508414370233e-05,-7.385478038745684620e-06,3.265120686429725388e-06,6.381707326127972202e-07,2.232608727762222522e-07,6.644054672882634960e-08,2.121481853774656590e-08,4.693419008040128348e-09,1.671314767137666024e-09,-3.183883946419885369e-10,-1.408866062008184983e-10,-2.982610859680878690e-10,-4.099383332789585666e-10,3.859852715226708142e-11,-5.927201854327712738e-10,3.855957116105646065e-10,-8.536169566336626602e-10,8.199290799267011653e-10,-1.324929785675998950e-09,1.568106516598027911e-09,-2.387481949119030222e-09,3.297830177993385514e-09,-5.020959563915849966e-09,6.734612108000997965e-09,-7.099137372575115013e-09,2.947862622407204647e-10,2.003715837868569327e-08,-5.044650558221064340e-08,5.331782599454770732e-08
1.275494441299897419e+00,-1.402432395760588313e-01,4.730984330839894253e-03,5.414306908623107983e-05,-7.600153080742494405e-06,3.277977208078009311e-06,6.342205103636658348e-07,2.219853609056188226e-07,6.590929738743353528e-08,2.101636341605289671e-08,4.620701927852965962e-09,1.648742977214401328e-09,-3.274258069535518345e-10,-1.418911897699270952e-10,-3.003020228320441021e-10,-4.087032934307899268e-10,3.700466322253959106e-11,-5.910444286771898703e-10,3.836053436706565734e-10,-8.513286325895208506e-10,8.169645862587948670e-10,-1.321188738273582075e-09,1.562706426500720669e-09,-2.380002407827153110e-09,3.287093475233884843e-09,-5.009159473497171167e-09,6.729138244234225685e-09,-7.121297435856016600e-09,3.625498911502544885e-10,1.995097115032457014e-08,-5.046214913897312249e-08,5.344297861198388233e-08
1.276199549253105969e+00,-1.407001353205170613e-01,4.758116569320094275e-03,5.471933043533095536e-05,-7.817403871064870086e-06,3.291118316103977190e-06,6.302641495335714605e-07,2.207179455211705221e-07,6.538225146143425426e-08,2.081990791227839033e-08,4.548853693893406547e-09,1.626509639647555350e-09,-3.363318807486637141e-10,-1.428569675748780909e-10,-3.023231560927985839e-10,-4.074703352507924592e-10,3.541902188208823077e-11,-5.893773386000944470e-10,3.816251811089577117e-10,-8.490541707206755717e-10,8.140176744469984627e-10,-1.317473647538536241e-09,1.557342301774719551e-09,-2.372573418545770307e-09,3.276409275181427216e-09,-4.997374962413189681e-09,6.723546214140035948e-09,-7.143131864218582594e-09,4.299065938309643009e-10,1.986479226251391950e-08,-5.047728835524262214e-08,5.356775097803412322e-08
1.276907015602922968e+00,-1.411574608210781623e-01,4.785323971367376472e-03,5.530423647401392501e-05,-8.037257935604967540e-06,3.304547703901960717e-06,6.263014064554484062e-07,2.194586001969672795e-07,6.485937745649011932e-08,2.062543148599604859e-08,4.477863309315655016e-09,1.604609610982021817e-09,-3.451089275463559147e-10,-1.437847028940009153e-10,-3.043248569811751736e-10,-4.062394864945417794e-10,3.384149210861053803e-11,-5.877187278513495983e-10,3.796550678003551837e-10,-8.467933593908627543e-10,8.110880647671514510e-10,-1.313784143107399327e-09,1.552013633495524791e-09,-2.365194378024793043e-09,3.265777128867893009e-09,-4.985606317110119479e-09,6.717837734227308233e-09,-7.164643302248752121e-09,4.968576010691561073e-10,1.977862320711593069e-08,-5.049192297948423835e-08,5.369213931100125237e-08
1.277616843154351089e+00,-1.416152175453977979e-01,4.812606447076504812e-03,5.589789562142517820e-05,-8.259743088101295302e-06,3.318269102497647949e-06,6.223320336523445462e-07,2.182072984780424052e-07,6.434064398711664134e-08,2.043291381231826520e-08,4.407719911281304803e-09,1.583037880469040370e-09,-3.537591721294863767e-10,-1.446751642097954260e-10,-3.063075487697020094e-10,-4.050107887954013108e-10,3.227192818533453078e-11,-5.860685062253345734e-10,3.776948268030544398e-10,-8.445459991068826611e-10,8.081754987454559114e-10,-1.310119832932665762e-09,1.546719907534466198e-09,-2.357864697325601222e-09,3.255196620176488420e-09,-4.973853837695121904e-09,6.712014473950547733e-09,-7.185834357669590444e-09,5.634041271712630916e-10,1.969246546124764352e-08,-5.050605276623459927e-08,5.381613974592136529e-08
1.278329034725409263e+00,-1.420734069631889862e-01,4.839963905045867321e-03,5.650041738348640652e-05,-8.484887432904514304e-06,3.332286281021879654e-06,6.183557796700205056e-07,2.169640138842757193e-07,6.382601987296038226e-08,2.024233475804437798e-08,4.338412794378104786e-09,1.561789475523767123e-09,-3.622847993822730928e-10,-1.455291078616971490e-10,-3.082716339142255180e-10,-4.037842282755832457e-10,3.071017745659432308e-11,-5.844265280052773903e-10,3.757443592378173491e-10,-8.423119077227703144e-10,8.052796836473252728e-10,-1.306480327568915190e-09,1.541460631446917029e-09,-2.350583775800191288e-09,3.244667318136849887e-09,-4.962117807144963977e-09,6.706078102330578772e-09,-7.206707623892694148e-09,6.295473916478888654e-10,1.960632047600524563e-08,-5.051967737982471229e-08,5.393974847334170875e-08
1.279043593147190627e+00,-1.425320305462321469e-01,4.867396252361613773e-03,5.711191236297541440e-05,-8.712719367698351647e-06,3.346603046978880933e-06,6.143723891762625788e-07,2.157287200175127262e-07,6.331547421035629841e-08,2.005367438122698798e-08,4.269931350771999368e-09,1.540859537185745864e-09,-3.706879638312732261e-10,-1.463472988627589899e-10,-3.102174420122061349e-10,-4.025598743240266231e-10,2.915604563336060551e-11,-5.827927029855572982e-10,3.738034864281258862e-10,-8.400908892147729290e-10,8.024003609989616148e-10,-1.302865287010346318e-09,1.536235329918644865e-09,-2.343351026678347493e-09,3.234188765649341490e-09,-4.950398472657741022e-09,6.700030224853978367e-09,-7.227265611062932971e-09,6.952885940603170667e-10,1.952018966605573169e-08,-5.053279649325920220e-08,5.406296155197054532e-08
1.279760521263918704e+00,-1.429910897683848714e-01,4.894903394581588685e-03,5.773249226990670446e-05,-8.943267586290770677e-06,3.361223246833681955e-06,6.103816029118767916e-07,2.145013904015363737e-07,6.280897626347384244e-08,1.986691296066225854e-08,4.202265109238406682e-09,1.520243308843205465e-09,-3.789707731655100886e-10,-1.471304831440756189e-10,-3.121453789889372388e-10,-4.013377130629436351e-10,2.760949108226995463e-11,-5.811669340216596424e-10,3.718720210238446455e-10,-8.378827076604977719e-10,7.995373061536747983e-10,-1.299274347832390930e-09,1.531043484050489956e-09,-2.336165858853045396e-09,3.223760528816253801e-09,-4.938696080781027065e-09,6.693872411120231625e-09,-7.247510862718603564e-09,7.606289539191513072e-10,1.943407445734179895e-08,-5.054540974484822424e-08,5.418577502663834977e-08
1.280479821933003581e+00,-1.434505861055915543e-01,4.922485235719139401e-03,5.836226993169955912e-05,-9.176561081463037450e-06,3.376150766502177339e-06,6.063831577475010948e-07,2.132819985679358654e-07,6.230649544133187723e-08,1.968203091565895457e-08,4.135403787637603745e-09,1.499936059905226937e-09,-3.871353333392835161e-10,-1.478793892895069462e-10,-3.140558021974548808e-10,-4.001176334700318193e-10,2.607032645318696495e-11,-5.795491031523880565e-10,3.699498207776485970e-10,-8.356871913223207216e-10,7.966902285452825971e-10,-1.295707130997969525e-09,1.525884638694380291e-09,-2.329027666905791882e-09,3.213382161054711972e-09,-4.927010874376108740e-09,6.687606249377101020e-09,-7.267445864718447002e-09,8.255696525710787270e-10,1.934797621682554647e-08,-5.055751668703312163e-08,5.430818488666444566e-08
1.281201498025100971e+00,-1.439105210358938014e-01,4.950141678226684799e-03,5.900135930379368093e-05,-9.412629147630569709e-06,3.391389531611117836e-06,6.023767866246247660e-07,2.120705181380723447e-07,6.180800136328448713e-08,1.949900885330965727e-08,4.069337223525787417e-09,1.479933130904553806e-09,-3.951836783158690913e-10,-1.485946886370381748e-10,-3.159490655213481602e-10,-3.988997743231692539e-10,2.453841296823355833e-11,-5.779390438442888467e-10,3.680367451769361864e-10,-8.335041268292542327e-10,7.938588445464966892e-10,-1.292163283490854742e-09,1.520758329594945613e-09,-2.321935897459798115e-09,3.203053202662994869e-09,-4.915343039925759716e-09,6.681233242654058269e-09,-7.287073059553117460e-09,8.901119034551707720e-10,1.926189630366281769e-08,-5.056911690087817490e-08,5.443018707279589918e-08
1.281925552424170833e+00,-1.443708960394403662e-01,4.977872622979179901e-03,5.964987548018677033e-05,-9.651501383707832699e-06,3.406943508001613816e-06,5.983622184077032335e-07,2.108669227875170638e-07,6.131346391279740571e-08,1.931782754854144413e-08,4.004055355073116163e-09,1.460229974263593800e-09,-4.031177934862850698e-10,-1.492770750760596954e-10,-3.178255575386756959e-10,-3.976841078667803231e-10,2.301361878842556052e-11,-5.763367144639985895e-10,3.661326589132762876e-10,-8.313333615256324194e-10,7.910429334137547563e-10,-1.288642446223287052e-09,1.515664049128728763e-09,-2.314889959408039655e-09,3.192773208576110688e-09,-4.903692786897839717e-09,6.674754885740638577e-09,-7.306394870197630009e-09,9.542569122042432461e-10,1.917583604925388041e-08,-5.058020987117051170e-08,5.455177749108530705e-08
1.282651988027534440e+00,-1.448317125984968645e-01,5.005677969257427834e-03,6.030793470386975469e-05,-9.893207695941142604e-06,3.422816702350599954e-06,5.943391779565827815e-07,2.096711861111766328e-07,6.082285319668201407e-08,1.913846803388782880e-08,3.939548244482476980e-09,1.440822089242288495e-09,-4.109396668436349209e-10,-1.499272477001323267e-10,-3.196855870302162117e-10,-3.964706202230772192e-10,2.149584676924831683e-11,-5.747419623558513990e-10,3.642373694323630673e-10,-8.291746716321268806e-10,7.882422505510466859e-10,-1.285144265311677358e-09,1.510601309404752124e-09,-2.307889292868514630e-09,3.182541770917202140e-09,-4.892060283343685478e-09,6.668172639057168283e-09,-7.325413693172466711e-09,1.018005845419833744e-09,1.908979680755040764e-08,-5.059079510004449443e-08,5.467295198513522081e-08
1.283380807745934105e+00,-1.452929721974563215e-01,5.033557614731544450e-03,6.097565437778590391e-05,-1.013777830108971573e-05,3.439013162593890921e-06,5.903073863077791528e-07,2.084832816597222138e-07,6.033613945185395400e-08,1.896091151622203430e-08,3.875806116153401870e-09,1.421705023672836798e-09,-4.186512360740413108e-10,-1.505458344791543723e-10,-3.215295044101118549e-10,-3.952593530254233656e-10,1.998492343835422957e-11,-5.731546695586509088e-10,3.623507466299358271e-10,-8.270278940847308746e-10,7.854565370508936883e-10,-1.281668418964820866e-09,1.505569707099807530e-09,-2.300933336224497694e-09,3.172358406999462033e-09,-4.880445700350399818e-09,6.661487937870483322e-09,-7.344131858211255803e-09,1.081359867968756383e-09,1.900377985270679249e-08,-5.060087197687745952e-08,5.479370638467040422e-08
1.284112014503594024e+00,-1.457546763228495523e-01,5.061511455443770680e-03,6.165315307572749592e-05,-1.038524372903686099e-05,3.455536978088811703e-06,5.862665604112332618e-07,2.073031831785476786e-07,5.985329312382936529e-08,1.878513935463926865e-08,3.812819285124724455e-09,1.402874416460420104e-09,-4.262543651378791765e-10,-1.511334703219180398e-10,-3.233576462147169650e-10,-3.940502646404553388e-10,1.848075859012254796e-11,-5.715747250500946564e-10,3.604726205030939212e-10,-8.248928241860742361e-10,7.826855565572221618e-10,-1.278214553299128475e-09,1.500568769718588213e-09,-2.294021523956135677e-09,3.162222656904328799e-09,-4.868849212040851637e-09,6.654702180801386202e-09,-7.362551683338242059e-09,1.144320165534506994e-09,1.891778645193853414e-08,-5.061043992574121297e-08,5.491403644308778809e-08
1.284845611238278451e+00,-1.462168264633546544e-01,5.089539385791295306e-03,6.234055055306681609e-05,-1.063563482574768349e-05,3.472392280339745702e-06,5.822164131203365345e-07,2.061308643896281323e-07,5.937428488277107785e-08,1.861113311423315264e-08,3.750578216055178160e-09,1.384325981103329273e-09,-4.337509422816521187e-10,-1.516908005455563924e-10,-3.251703351025980737e-10,-3.928434105793243702e-10,1.698323426335690556e-11,-5.700020178078801791e-10,3.586028800295348873e-10,-8.227692832596389394e-10,7.799290657750646005e-10,-1.274782343921310179e-09,1.495598024765787404e-09,-2.287153280568915426e-09,3.152134080445720410e-09,-4.857270939195162951e-09,6.647816756929700310e-09,-7.380675484842946776e-09,1.206887883034579723e-09,1.883181788980836657e-08,-5.061949830999223909e-08,5.503393783745647028e-08
1.285581600901353649e+00,-1.466794241098075546e-01,5.117641298509098546e-03,6.303796775766930260e-05,-1.088898275635906063e-05,3.489583243566473508e-06,5.781566532821365290e-07,2.049662990123365947e-07,5.889908562435597350e-08,1.843887449670678080e-08,3.689073507610884928e-09,1.366055504825602895e-09,-4.411428210573942188e-10,-1.522184687324790175e-10,-3.269678729156400010e-10,-3.916386936975158051e-10,1.549214923013408907e-11,-5.684364368097050146e-10,3.567414107175093108e-10,-8.206570666080548193e-10,7.771867988580483111e-10,-1.271371462968629018e-09,1.490657049185717398e-09,-2.280328055288133315e-09,3.142092227029213980e-09,-4.845711027313265307e-09,6.640833018038694302e-09,-7.398505511794356559e-09,1.269064172325362616e-09,1.874587539450051077e-08,-5.062804643574114749e-08,5.515340627954001818e-08
1.286319986457848286e+00,-1.471424707552125288e-01,5.145817084652466039e-03,6.374552684131323116e-05,-1.114531900809311027e-05,3.507114084859864339e-06,5.740869856887646783e-07,2.038094608510475358e-07,5.842766641773328162e-08,1.826834544966030038e-08,3.628295822642735313e-09,1.348058810413110820e-09,-4.484317465969223093e-10,-1.527170161164104201e-10,-3.287506031290909903e-10,-3.904361833839686824e-10,1.400747573487848285e-11,-5.668779126666301238e-10,3.548879870529653147e-10,-8.185560354534437977e-10,7.744585858032726478e-10,-1.267981548751240251e-09,1.485745354220038839e-09,-2.273545313818958746e-09,3.132096663516041601e-09,-4.834169565516577283e-09,6.633752254220533218e-09,-7.416044022368756261e-09,1.330850209549372387e-09,1.865996021067906074e-08,-5.063608360562910082e-08,5.527243732150743938e-08
1.287060770886514494e+00,-1.476059678947527765e-01,5.174066633579731816e-03,6.446335117094026401e-05,-1.140467539356530835e-05,3.524989064848877210e-06,5.700071111476925911e-07,2.026603237873306207e-07,5.795999851116243051e-08,1.809952803041511848e-08,3.568236052551437831e-09,1.330331836010834046e-09,-4.556195507682270218e-10,-1.531870810755897594e-10,-3.305187998292602458e-10,-3.892359073942586178e-10,1.252902642745468142e-11,-5.653262996618835245e-10,3.530425535247516677e-10,-8.164659920373296131e-10,7.717441373455979914e-10,-1.264612267334874751e-09,1.480862541966554424e-09,-2.266804506687730703e-09,3.122146901689965004e-09,-4.822646669597890901e-09,6.626575793731298569e-09,-7.433293186271533459e-09,1.392247104929633661e-09,1.857407350581291583e-08,-5.064360905464304619e-08,5.539102657797778662e-08
1.287803957179892045e+00,-1.480699170258002462e-01,5.202389832933963093e-03,6.519156533980104834e-05,-1.166708405345617990e-05,3.543212488223796905e-06,5.659167262124162323e-07,2.015188616984187053e-07,5.749605345604577589e-08,1.793240444331045680e-08,3.508885090906105342e-09,1.312870550988776142e-09,-4.627079431412939314e-10,-1.536292325993171559e-10,-3.322727440413508759e-10,-3.880377963394465723e-10,1.105669028556022226e-11,-5.637815075898444661e-10,3.512049418646912002e-10,-8.143867559484707641e-10,7.690432245015255130e-10,-1.261263351572117219e-09,1.476008184599086892e-09,-2.260105067507234278e-09,3.112242496594412600e-09,-4.811142428895465173e-09,6.619304875271972421e-09,-7.450255159763968793e-09,1.453256016394066652e-09,1.848821647859599793e-08,-5.065062199695324896e-08,5.550916955254781016e-08
1.288549548344368079e+00,-1.485343196479264605e-01,5.230786568625318128e-03,6.593029517880377721e-05,-1.193257745972682582e-05,3.561788704150182366e-06,5.618155233368463120e-07,2.003850484615446459e-07,5.703580294820140284e-08,1.776695721144097573e-08,3.450233990870410494e-09,1.295670954207239767e-09,-4.696986142041503776e-10,-1.540440431463396820e-10,-3.340127931183989318e-10,-3.868418224639569303e-10,9.590404859149970207e-12,-5.622434393059982938e-10,3.493749786004363145e-10,-8.123181398367318451e-10,7.663556612219624142e-10,-1.257934457120357674e-09,1.471181833257936833e-09,-2.253446491472937963e-09,3.102383010320126921e-09,-4.799656897185727855e-09,6.611940713474248610e-09,-7.466932092602129867e-09,1.513878066308760317e-09,1.840239031037499418e-08,-5.065712159295354677e-08,5.562686168636421513e-08
1.289297547400242383e+00,-1.489991772629130351e-01,5.259256724813018979e-03,6.667966776837275927e-05,-1.220118841880864571e-05,3.580722106697993914e-06,5.577031908276033900e-07,1.992588580918518149e-07,5.657921888294059620e-08,1.760316889823365649e-08,3.392273943084861410e-09,1.278729157283553519e-09,-4.765932318934185119e-10,-1.544320435420409865e-10,-3.357392280856075217e-10,-3.856480274011531151e-10,8.129989736982423665e-12,-5.607119629713608333e-10,3.475525631180254038e-10,-8.102599910464469701e-10,7.636811890331107744e-10,-1.254625258718944369e-09,1.466383061634810026e-09,-2.246828234315351169e-09,3.092567980454881404e-09,-4.788190160554331443e-09,6.604484546063327244e-09,-7.483326094643444337e-09,1.574114351886313212e-09,1.831659613479169613e-08,-5.066310697701692511e-08,5.574409837200144935e-08
1.290047957381789789e+00,-1.494644913747620874e-01,5.287800183887095273e-03,6.743981144982039849e-05,-1.247295007475012624e-05,3.600017135433784474e-06,5.535794128843501971e-07,1.981402646539232038e-07,5.612627341361475786e-08,1.744102226921076526e-08,3.334996235334480863e-09,1.262041299590621612e-09,-4.833934667478057001e-10,-1.547937646118047184e-10,-3.374522848653693785e-10,-3.844563972732473189e-10,6.675368591224639658e-12,-5.591869467469479105e-10,3.457375583743038661e-10,-8.082121361052685415e-10,7.610195958650256554e-10,-1.251335431974587298e-09,1.461611465972817436e-09,-2.240249756969153738e-09,3.082796946104332525e-09,-4.776742269525097173e-09,6.596937567613161968e-09,-7.499439254928658150e-09,1.633965975543494320e-09,1.823083509242678923e-08,-5.066857724535245300e-08,5.586087502978953623e-08
1.290800781337324565e+00,-1.499302634897070607e-01,5.316416826449902461e-03,6.821085583719882495e-05,-1.274789591230616678e-05,3.619678275860668815e-06,5.494438694957082259e-07,1.970292422335921667e-07,5.567693885577193469e-08,1.728050027030580971e-08,3.278392291580084494e-09,1.245603595961819465e-09,-4.901009355295915526e-10,-1.551297389157380024e-10,-3.391522618301223702e-10,-3.832669182024517340e-10,5.226409582892443950e-12,-5.576683489993961018e-10,3.439298151830527672e-10,-8.061744050102959136e-10,7.583706514331656212e-10,-1.248064683719019019e-09,1.456866625167835272e-09,-2.233710539017302876e-09,3.073069451036206101e-09,-4.765313265514548036e-09,6.589300920005480844e-09,-7.515273594844301686e-09,1.693434050105413480e-09,1.814510830391163898e-08,-5.067353144559694211e-08,5.597718689964725769e-08
1.291556022329264142e+00,-1.503964951162233277e-01,5.345106531297629665e-03,6.899293182916106659e-05,-1.302605976032924703e-05,3.639710059912502904e-06,5.452962365099477127e-07,1.959257649839125925e-07,5.523118770320301074e-08,1.712158598579649471e-08,3.222453639865896502e-09,1.229412337558355439e-09,-4.967172385211826580e-10,-1.554404920750540597e-10,-3.408394261272817971e-10,-3.820796040665541682e-10,3.783029445258989654e-12,-5.561560170730395214e-10,3.421292277261400727e-10,-8.041466346975223445e-10,7.557341523412031137e-10,-1.244812698232566905e-09,1.452148116381016263e-09,-2.227210050935457541e-09,3.063385042812935555e-09,-4.753903164352035748e-09,6.581575737749437160e-09,-7.530831153557820956e-09,1.752519664978413605e-09,1.805941688987761085e-08,-5.067796861324413982e-08,5.609302927700454688e-08
1.292313683434196170e+00,-1.508631877650387088e-01,5.373869175401526505e-03,6.978617162099482601e-05,-1.330747579477136594e-05,3.660117066456086352e-06,5.411361854805972482e-07,1.948298071529144804e-07,5.478899276802062790e-08,1.696426268731066056e-08,3.167171869385143612e-09,1.213463879726206507e-09,-5.032439144223022076e-10,-1.557265462415191593e-10,-3.425140657209446715e-10,-3.808943577210399667e-10,2.345082461552294717e-12,-5.546498954567269379e-10,3.403356312048355647e-10,-8.021286187348541930e-10,7.531098847844697186e-10,-1.241579210102539133e-09,1.447455527615534865e-09,-2.220747756260382788e-09,3.053743265527507356e-09,-4.742511999430987224e-09,6.573763137573268578e-09,-7.546113922965447252e-09,1.811223887017432421e-09,1.797376191544491908e-08,-5.068188771439885443e-08,5.620839733933014060e-08
1.293073767742942248e+00,-1.513303429491446306e-01,5.402704633888932156e-03,7.059070871641686534e-05,-1.359217854205591047e-05,3.680903921857766464e-06,5.369633836889951828e-07,1.937413430059750641e-07,5.435032705055492519e-08,1.680851385594400726e-08,3.112538695965866298e-09,1.197754560464114881e-09,-5.096824906569707991e-10,-1.559883854029830985e-10,-3.441764338807384860e-10,-3.797112346770603608e-10,9.124714872577044389e-13,-5.531498661892619850e-10,3.385489198010072087e-10,-8.001202304874777127e-10,7.504976167437005241e-10,-1.238363862843261387e-09,1.442788469425970721e-09,-2.214323176642080115e-09,3.044143660996083411e-09,-4.731139761210423345e-09,6.565864193162386508e-09,-7.561123843355388452e-09,1.869547790883663296e-09,1.788814445267267184e-08,-5.068528769261448907e-08,5.632328623633719999e-08
1.293836278360624759e+00,-1.517979621838067006e-01,5.431612780024342585e-03,7.140667793997367702e-05,-1.388020288243456239e-05,3.702075300424058010e-06,5.327774942678886738e-07,1.926603468861004531e-07,5.391516367777085539e-08,1.665432308121245208e-08,3.058545976382387455e-09,1.182280822721593072e-09,-5.160344738325273184e-10,-1.562264640569965835e-10,-3.458267977540785409e-10,-3.785302071790397349e-10,-5.149075610333397890e-13,-5.516558113094482962e-10,3.367689772881821142e-10,-7.981213034219392100e-10,7.478971370163123300e-10,-1.235166386705233155e-09,1.438146552800584344e-09,-2.207935805107613669e-09,3.034585776997937578e-09,-4.719786444486173682e-09,6.557879940471966762e-09,-7.575862864990512424e-09,1.927492456442470026e-09,1.780256556494635989e-08,-5.068816744634163651e-08,5.643769107610552282e-08
1.294601218406733922e+00,-1.522660469865756427e-01,5.460593485189877555e-03,7.223421544945516498e-05,-1.417158405315403595e-05,3.723635924908399314e-06,5.285781759438272498e-07,1.915867932542579533e-07,5.348347606459746828e-08,1.650167407883304516e-08,3.005185674961885489e-09,1.167039207460029981e-09,-5.223013757604810792e-10,-1.564412870080911233e-10,-3.474653897939106173e-10,-3.773512613491902812e-10,-1.937179583411108297e-12,-5.501676197949834091e-10,3.349956596843117751e-10,-7.961316571269971831e-10,7.453082417722967090e-10,-1.231986494591719161e-09,1.433529377451933651e-09,-2.201585093050684172e-09,3.025069144832470691e-09,-4.708452046439312588e-09,6.549811453512681403e-09,-7.590332885658301887e-09,1.985058905445979960e-09,1.771702627922228102e-08,-5.069052583413224955e-08,5.655160690426486170e-08
1.295368591015194193e+00,-1.527345988772982888e-01,5.489646618866216021e-03,7.307345874792755408e-05,-1.446635765208945622e-05,3.745590567145627367e-06,5.243650832089004343e-07,1.905206565159037191e-07,5.305523782285492818e-08,1.635055080044522935e-08,2.952449828456243930e-09,1.152026228752600634e-09,-5.284846215161675964e-10,-1.566333156927113279e-10,-3.490924424531804959e-10,-3.761743694319363840e-10,-3.354407029920736250e-12,-5.486852291958221883e-10,3.332288299462415893e-10,-7.941511268039214144e-10,7.427307224111556749e-10,-1.228823895069175443e-09,1.428936539406289175e-09,-2.195270533932036638e-09,3.015593315639983341e-09,-4.697136551457328779e-09,6.541659735822061283e-09,-7.604535761512876135e-09,2.042248176126193471e-09,1.763152762766090342e-08,-5.069236167984381147e-08,5.666502868317824237e-08
1.296138399334432423e+00,-1.532036193781284861e-01,5.518772048612861914e-03,7.392454669649314858e-05,-1.476455964097636575e-05,3.767944048463974654e-06,5.201378662543845732e-07,1.894619112473641676e-07,5.263042275648402435e-08,1.620093734470626212e-08,2.900330574664988781e-09,1.137238485673930377e-09,-5.345856196950493633e-10,-1.568029803222792395e-10,-3.507082575737729968e-10,-3.749995175494902355e-10,-4.766735617334205699e-12,-5.472085284896621715e-10,3.314684100114151377e-10,-7.921795823484512056e-10,7.401643694650295036e-10,-1.225678281091546751e-09,1.424367649435070993e-09,-2.188991657207928210e-09,3.006157840994456987e-09,-4.685839912702688403e-09,6.533425757218949692e-09,-7.618473349142035334e-09,2.099061320592898738e-09,1.754607065543312139e-08,-5.069367381080325252e-08,5.677795132663643329e-08
1.296910646527446698e+00,-1.536731100135385886e-01,5.547969640048090734e-03,7.478761952711080602e-05,-1.506622634874356208e-05,3.790701240103137512e-06,5.158961708623226172e-07,1.884105321043293146e-07,5.220900489797536403e-08,1.605281791175472428e-08,2.848820189298162386e-09,1.122672664034818357e-09,-5.406058196585905584e-10,-1.569507458026864199e-10,-3.523130016891418137e-10,-3.738266918240640280e-10,-6.174262490166171347e-12,-5.457373997153069922e-10,3.297142281422082988e-10,-7.902168416146215790e-10,7.376089947164210514e-10,-1.222549365562097812e-09,1.419822329585401777e-09,-2.182747961976955198e-09,2.996762257507883109e-09,-4.674562085939942824e-09,6.525110497605270121e-09,-7.632147469138067519e-09,2.155499346720435305e-09,1.746065633398408146e-08,-5.069446093117213614e-08,5.689036974843020289e-08
1.297685335771874504e+00,-1.541430723103296430e-01,5.577239256829170239e-03,7.566281885477716546e-05,-1.537139447508380913e-05,3.813867064049762320e-06,5.116396384714436141e-07,1.873664937359839633e-07,5.179095850359888287e-08,1.590617690816129026e-08,2.797911042174555662e-09,1.108325453982872411e-09,-5.465465736237407057e-10,-1.570770267328436276e-10,-3.539069419467022470e-10,-3.726558645000821457e-10,-7.577057037355672264e-12,-5.442717596060298035e-10,3.279661577038073261e-10,-7.882627519467666488e-10,7.350644077794288300e-10,-1.219436891741754181e-09,1.415300198218116812e-09,-2.176538937796734796e-09,2.987406120440530555e-09,-4.663303022596834713e-09,6.516714891129614384e-09,-7.645559909133514687e-09,2.211563269322036618e-09,1.737528564603463277e-08,-5.069472175552036664e-08,5.700227873745022933e-08
1.298462470260061785e+00,-1.546135077976433236e-01,5.606580760632310506e-03,7.655028769084932377e-05,-1.568010109394952188e-05,3.837446493370078732e-06,5.073679060991001522e-07,1.863297709185814111e-07,5.137625806945003704e-08,1.576099883330434048e-08,2.747595571200855957e-09,1.094193654953279360e-09,-5.524092372768962811e-10,-1.571822724061311405e-10,-3.554903246771878855e-10,-3.714869661886055496e-10,-8.975244158992978782e-12,-5.428115248951037586e-10,3.262240633877810936e-10,-7.863171468114327212e-10,7.325303840073627004e-10,-1.216340561258077990e-09,1.410800881283466590e-09,-2.170364094174204173e-09,2.978088956971831902e-09,-4.652062655669669811e-09,6.508239868145866691e-09,-7.658712422066449310e-09,2.267254063312296175e-09,1.728995956736673056e-08,-5.069445495158031445e-08,5.711367304789272126e-08
1.299242053199133551e+00,-1.550844180069729794e-01,5.635994011132228892e-03,7.745017045581240045e-05,-1.599238365704021107e-05,3.861444552738122968e-06,5.030806064141267464e-07,1.853003384613347015e-07,5.096487822823375646e-08,1.561726838648913596e-08,2.697866323571329605e-09,1.080274067248587766e-09,-5.581951498245807386e-10,-1.572668835436719093e-10,-3.570633580474158464e-10,-3.703200940341488945e-10,-1.036892099959274560e-11,-5.413565568046507792e-10,3.244878758051905621e-10,-7.843798926349121459e-10,7.300067347490446501e-10,-1.213260094820589607e-09,1.406324004514861170e-09,-2.164222952325683957e-09,2.968810315748422746e-09,-4.640840909047455609e-09,6.499686318025069132e-09,-7.671606753502369092e-09,2.322572750443341327e-09,1.720467906508871270e-08,-5.069365916453294485e-08,5.722454741313720561e-08
1.300024087811064710e+00,-1.555558044721749023e-01,5.665478865981711520e-03,7.836261299254236590e-05,-1.630827999751652616e-05,3.885866319002558716e-06,4.987773676631140907e-07,1.842781712762392443e-07,5.055679384901104467e-08,1.547497042401341227e-08,2.648715976584503640e-09,1.066563533672071351e-09,-5.639056227177419167e-10,-1.573312712749297404e-10,-3.586262398158623910e-10,-3.691551508921975255e-10,-1.175822633703305087e-11,-5.399067790068379225e-10,3.227574735253924132e-10,-7.824508315573686090e-10,7.274932461998062649e-10,-1.210195212271447662e-09,1.401869212727668845e-09,-2.158115031299090436e-09,2.959569726660241096e-09,-4.629637702065550475e-09,6.491055126777237061e-09,-7.684244617781749165e-09,2.377520286547807338e-09,1.711944510197210834e-08,-5.069233299098696577e-08,5.733489645554090686e-08
1.300808577332750460e+00,-1.560276687294796516e-01,5.695035180790758433e-03,7.928776257936850924e-05,-1.662782833326825749e-05,3.910716921759569559e-06,4.944578135190544343e-07,1.832632443589908566e-07,5.015198012697091867e-08,1.533408989151316404e-08,2.600137248738587648e-09,1.053059008049306300e-09,-5.695419162329851126e-10,-1.573758606071562482e-10,-3.601792163132611080e-10,-3.679921090071758272e-10,-1.314318098799560630e-11,-5.384620943571505336e-10,3.210327073621677130e-10,-7.805297831675606091e-10,7.249897383820869123e-10,-1.207145666412556828e-09,1.397436113440703176e-09,-2.152039826723572968e-09,2.950366752990651875e-09,-4.618452954492993645e-09,6.482347130322245465e-09,-7.696627652917231721e-09,2.432097656948628561e-09,1.703425857139950761e-08,-5.069047495469269915e-08,5.744471474194989824e-08
1.301595525016077559e+00,-1.565000123175032676e-01,5.724662809105825895e-03,8.022576794328682703e-05,-1.695106727077518027e-05,3.936001543929437685e-06,4.901215632270583544e-07,1.822555327421482296e-07,4.975041236745733619e-08,1.519461194886273514e-08,2.552122954808944133e-09,1.039757418185016657e-09,-5.751053045247034312e-10,-1.574009811378118684e-10,-3.617224922369821627e-10,-3.668309683790837994e-10,-1.452391679146458614e-11,-5.370224195888617658e-10,3.193134662932139989e-10,-7.786166329737387315e-10,7.224960365224963876e-10,-1.204111166677734879e-09,1.393024339109427689e-09,-2.145996890173113014e-09,2.941200958673541310e-09,-4.607286549235950490e-09,6.473563159701059555e-09,-7.708757536386418030e-09,2.486305794059673335e-09,1.694912042226465188e-08,-5.068808358286991389e-08,5.755399683227135910e-08
1.302384934127998051e+00,-1.569728367772592614e-01,5.754361602388537861e-03,8.117677927379964714e-05,-1.727803580863092846e-05,3.961725422272190447e-06,4.857682315319300503e-07,1.812550115302610787e-07,4.935206612604811638e-08,1.505652186088723976e-08,2.504666069599176259e-09,1.026655767344397674e-09,-5.805970487368639077e-10,-1.574070370574665034e-10,-3.632562584066079125e-10,-3.656716873745580187e-10,-1.590054476974245290e-11,-5.355876436796691564e-10,3.175996566434635682e-10,-7.767111936257675708e-10,7.200119268163662767e-10,-1.201091457195269108e-09,1.388633565991073682e-09,-2.139985725516796444e-09,2.932071866551533290e-09,-4.596138397173002432e-09,6.464704053652479965e-09,-7.720635894058885951e-09,2.540145628560086521e-09,1.686403159912447380e-08,-5.068515733334943985e-08,5.766273718926795411e-08
1.303176807950600757e+00,-1.574461436521693847e-01,5.784131409994570927e-03,8.214094823613508900e-05,-1.760877334140535655e-05,3.987893847985429438e-06,4.813974286413044701e-07,1.802616558426242688e-07,4.895691717602887461e-08,1.491980508496609792e-08,2.457759625158761896e-09,1.013751078741964573e-09,-5.860183492981119180e-10,-1.573943943927735845e-10,-3.647807854390006099e-10,-3.645142243602350618e-10,-1.727312737287434175e-11,-5.341576972406336665e-10,3.158911292266974868e-10,-7.748133315499394769e-10,7.175372414292002787e-10,-1.198086258674679883e-09,1.384263409627550789e-09,-2.134005867415050828e-09,2.922979029282811447e-09,-4.585008375138782677e-09,6.455770578707442642e-09,-7.732264315375020347e-09,2.593618115415141645e-09,1.677899296673862617e-08,-5.068169468304406511e-08,5.777093017855783330e-08
1.303971149781185002e+00,-1.579199344880756473e-01,5.813972079152483763e-03,8.311842798499474716e-05,-1.794331966333906694e-05,4.014512167192438308e-06,4.770087602876636745e-07,1.792754409303716490e-07,4.856494149234683033e-08,1.478444717345483994e-08,2.411396722492437084e-09,1.001040446715895094e-09,-5.913703806162406984e-10,-1.573634139662161147e-10,-3.662962225203791888e-10,-3.633586070916905442e-10,-1.864177562316271519e-11,-5.327324414938772179e-10,3.141877816942306723e-10,-7.729229287850580832e-10,7.150717808677986564e-10,-1.195095297897019737e-09,1.379913520038397734e-09,-2.128056853130388948e-09,2.913921985322510955e-09,-4.573896363220530947e-09,6.446763523731448287e-09,-7.743644376331099144e-09,2.646724158415769690e-09,1.669400542803067822e-08,-5.067769399264010488e-08,5.787857020045361622e-08
1.304767962932335212e+00,-1.583942108332520304e-01,5.843883454941523059e-03,8.410937317850693956e-05,-1.828171497197158407e-05,4.041585781507702618e-06,4.726018276095082793e-07,1.782963421426489448e-07,4.817611523122780626e-08,1.465043381228270380e-08,2.365570623934221128e-09,9.885210618815198913e-10,-5.966543691407477645e-10,-1.573144826211292369e-10,-3.678027465925381989e-10,-3.622047939355610424e-10,-2.000661442069784357e-11,-5.313118348060363871e-10,3.124895221057188976e-10,-7.710397979809879843e-10,7.126153300264503887e-10,-1.192118332001002035e-09,1.375583569360877556e-09,-2.122138199108641876e-09,2.904900280715182193e-09,-4.562802226543496986e-09,6.437683634113490483e-09,-7.754777612157398581e-09,2.699464657016092950e-09,1.660906987031168791e-08,-5.067315360374191613e-08,5.798565150955115044e-08
1.305567250731994200e+00,-1.588689742384159775e-01,5.873865380269856218e-03,8.511393999203510641e-05,-1.862399987187079303e-05,4.069120148725378222e-06,4.681762270221205557e-07,1.773243348416123077e-07,4.779041489887808636e-08,1.451775082702416730e-08,2.320274549751089044e-09,9.761901165888930976e-10,-6.018714198904873136e-10,-1.572479490369316224e-10,-3.693005901084234210e-10,-3.610527016251197097e-10,-2.136767845994924642e-11,-5.298957383992330961e-10,3.107962116832840849e-10,-7.691638107681919578e-10,7.101677453567878384e-10,-1.189155095573934950e-09,1.371273173136899892e-09,-2.116249465163727583e-09,2.895913479719972039e-09,-4.551725812235174473e-09,6.428531627812247851e-09,-7.765665551578981862e-09,2.751840534089000645e-09,1.652418716961701062e-08,-5.066807185274968539e-08,5.809216833269070790e-08
1.306369016523539983e+00,-1.593442262567400236e-01,5.903917695852807512e-03,8.613228613234095998e-05,-1.897021537873534378e-05,4.097120783368981764e-06,4.637315504187923543e-07,1.763593944410259129e-07,4.740781715069017355e-08,1.438638419764409759e-08,2.275501877636171288e-09,9.640448205353036037e-10,-6.070226985996352020e-10,-1.571641046471672354e-10,-3.707899647042989244e-10,-3.599023301603665459e-10,-2.272509264100719406e-11,-5.284840828845283056e-10,3.091077515476881032e-10,-7.672948283687919258e-10,7.077288455802077660e-10,-1.186205321468403184e-09,1.366982018899398632e-09,-2.110390190726563198e-09,2.886961120575175233e-09,-4.540666993010228358e-09,6.419308222569558575e-09,-7.776309691228527887e-09,2.803852662200401191e-09,1.643935816902225566e-08,-5.066244702228717145e-08,5.819811483426251542e-08
1.307173263665860397e+00,-1.598199684438641188e-01,5.934040240190428112e-03,8.716457085183263592e-05,-1.932040292319976704e-05,4.125593257132444125e-06,4.592673851127118678e-07,1.754014964574363011e-07,4.702829881422787572e-08,1.425632004592100599e-08,2.231246124060476399e-09,9.520824233166802486e-10,-6.121093484509620986e-10,-1.570632790492965114e-10,-3.722709883413610754e-10,-3.587537350524527824e-10,-2.407892635281072558e-11,-5.270767572396195533e-10,3.074240289419050143e-10,-7.654326877187811462e-10,7.052984207951695783e-10,-1.183268783302993121e-09,1.362709772280423781e-09,-2.104559900916597170e-09,2.878042740218043904e-09,-4.529625602985726252e-09,6.410014133525175628e-09,-7.786711474395968668e-09,2.855501903507862149e-09,1.635458372461345844e-08,-5.065627733079336448e-08,5.830348513008454248e-08
1.307979995533430362e+00,-1.602962023579069806e-01,5.964232849544903042e-03,8.821095496274692499e-05,-1.967460435449127146e-05,4.154543199608911122e-06,4.547833136045106861e-07,1.744506164611664412e-07,4.665183702063160909e-08,1.412754460855883409e-08,2.187500832383226790e-09,9.403002647345726217e-10,-6.171324258910648730e-10,-1.569458538824841654e-10,-3.737439004114495589e-10,-3.576067775235003410e-10,-2.542928367876839957e-11,-5.256737128922495117e-10,3.057449137616741197e-10,-7.635772431013876371e-10,7.028763322237951972e-10,-1.180345213930289461e-09,1.358456063567034522e-09,-2.098758143838364010e-09,2.869157899438277981e-09,-4.518601494276491826e-09,6.400650023343466832e-09,-7.796872354779577075e-09,2.906789103689078058e-09,1.626986468727248392e-08,-5.064956097762529641e-08,5.840827323883024391e-08
1.308789215516387383e+00,-1.607729295594782226e-01,5.994495357918145501e-03,8.927160085160559116e-05,-2.003286194465487939e-05,4.183976298901149332e-06,4.502789138350997422e-07,1.735067300242740251e-07,4.627840902160507142e-08,1.400004430180540327e-08,2.144259665225883849e-09,9.286956689780190288e-10,-6.220930428776916266e-10,-1.568120789469107379e-10,-3.752088570396772127e-10,-3.564614714512970295e-10,-2.677625482450096683e-11,-5.242748388201157184e-10,3.040703192708216207e-10,-7.617283644123507003e-10,7.004623816739274922e-10,-1.177434337529259523e-09,1.354220568149100412e-09,-2.092984467596398224e-09,2.860306156640332609e-09,-4.507594480399751413e-09,6.391216523897458313e-09,-7.806793761357816441e-09,2.957715134442595595e-09,1.618520190788119706e-08,-5.064229611877191228e-08,5.851247311672302942e-08
1.309600927020611039e+00,-1.612501516116904288e-01,6.024827597028738907e-03,9.034667249397613370e-05,-2.039521839237393858e-05,4.213898302034843960e-06,4.457537589909466025e-07,1.725698128484873251e-07,4.590799238630635659e-08,1.387380560522594175e-08,2.101516330746400207e-09,9.172660521764020025e-10,-6.269922359081192553e-10,-1.566622977178244724e-10,-3.766660733317550580e-10,-3.553177890802672323e-10,-2.811989530115965863e-11,-5.228800378787035186e-10,3.024000980178520592e-10,-7.598858972612809737e-10,6.980563935048145208e-10,-1.174535933790021858e-09,1.350002961416491010e-09,-2.087238451520256888e-09,2.851487059386641210e-09,-4.496604380510582644e-09,6.381714284515831170e-09,-7.816477072802169301e-09,3.008280821496789326e-09,1.610059618441239682e-08,-5.063448087552768762e-08,5.861607869916962699e-08
1.310415133467801141e+00,-1.617278700801711433e-01,6.055229396288830390e-03,9.143633546908943449e-05,-2.076171682697169549e-05,4.244315015762209486e-06,4.412074174455285491e-07,1.716398406329325277e-07,4.554056494019895207e-08,1.374881514540349237e-08,2.059264603455901455e-09,9.060088616841266429e-10,-6.318310249997516337e-10,-1.564968554051970884e-10,-3.781156880655611729e-10,-3.541756748992597181e-10,-2.946030919215303356e-11,-5.214892129234982576e-10,3.007341910221672521e-10,-7.580497202175351390e-10,6.956581851368104363e-10,-1.171649758116566353e-09,1.345802923529565431e-09,-2.081519624198835405e-09,2.842700159793286330e-09,-4.485631027641850954e-09,6.372143935553728489e-09,-7.825923656942096462e-09,3.058486973232799055e-09,1.601604833912501080e-08,-5.062611330673705279e-08,5.871908383831003775e-08
1.311231838295554564e+00,-1.622060865330749446e-01,6.085700582781031209e-03,9.254075697457623401e-05,-2.113240081262103554e-05,4.275232307130978973e-06,4.366394529171924166e-07,1.707167890884452033e-07,4.517610464188637209e-08,1.362505970417884904e-08,2.017498367153092165e-09,8.949215916931319015e-10,-6.366104423130569678e-10,-1.563160191564438861e-10,-3.795578920606779150e-10,-3.530350733971232557e-10,-3.079761445867745806e-11,-5.201022668099852808e-10,2.990724785878473568e-10,-7.562197118504698778e-10,6.932675848322911172e-10,-1.168775549433009875e-09,1.341620106676266744e-09,-2.075827540675562188e-09,2.833945004880600305e-09,-4.474674208856249669e-09,6.362506065082408624e-09,-7.835134836504248357e-09,3.108334395429679375e-09,1.593155917693073187e-08,-5.061719143654996866e-08,5.882148227526196038e-08
1.312051044957447177e+00,-1.626848025410957965e-01,6.116240981234748186e-03,9.366010584163468600e-05,-2.150731435228902741e-05,4.306656104035612442e-06,4.320494243021874570e-07,1.698006340243064793e-07,4.481458972102267402e-08,1.350252618178768294e-08,1.976211600179106354e-09,8.840017389974419437e-10,-6.413315182737799880e-10,-1.561200595884271181e-10,-3.809928449116650739e-10,-3.518960678405846920e-10,-3.213188048967197119e-11,-5.187191232103316452e-10,2.974148583662072909e-10,-7.543957090960784484e-10,6.908844212873133106e-10,-1.165913065745427524e-09,1.337454201208454485e-09,-2.070161763800121291e-09,2.825221132019516135e-09,-4.463733750681431189e-09,6.352801262474172539e-09,-7.844111930312147596e-09,3.157823869580356213e-09,1.584712952529265806e-08,-5.060771326829971439e-08,5.892326774420419966e-08
1.312872756923112894e+00,-1.631640196774791773e-01,6.146850414002442281e-03,9.479455255006780795e-05,-2.188650189178555083e-05,4.338592395726871900e-06,4.274368856382361470e-07,1.688913513278600398e-07,4.445599862193394536e-08,1.338120157604386073e-08,1.935398358070272717e-09,8.732468567695939043e-10,-6.459952590215367607e-10,-1.559092698694142243e-10,-3.824206958047415839e-10,-3.507585055739781410e-10,-3.346314197960609249e-11,-5.173396849800226960e-10,2.957612176002211157e-10,-7.525775454209071569e-10,6.885085288357850608e-10,-1.163062081539767423e-09,1.333304884901242993e-09,-2.064521852085388076e-09,2.816528115769101337e-09,-4.452809446685301875e-09,6.343030093682554271e-09,-7.852856227265336830e-09,3.206956183249287662e-09,1.576276016310163008e-08,-5.059767676368620570e-08,5.902443385441547008e-08
1.313696977678324496e+00,-1.636437395180344589e-01,6.177528701035765735e-03,9.594426924366874360e-05,-2.227000832414585858e-05,4.371047233596350029e-06,4.228013862116533628e-07,1.679889168786433129e-07,4.410031001532768724e-08,1.326107305259574543e-08,1.895052764017135516e-09,8.626545380807648655e-10,-6.506026073785364794e-10,-1.556839310246083130e-10,-3.838416355594898022e-10,-3.496224559862426418e-10,-3.479152382857009229e-11,-5.159638757912254903e-10,2.941114192467342292e-10,-7.507651254151648246e-10,6.861397582914874338e-10,-1.160222347015849031e-09,1.329171817965671409e-09,-2.058907382692515275e-09,2.807865504884411723e-09,-4.441901075690618539e-09,6.333193092677123770e-09,-7.861368991977230047e-09,3.255732126603017029e-09,1.567845188052419125e-08,-5.058707981155097233e-08,5.912497422905227396e-08
1.314523710725075567e+00,-1.641239636411473690e-01,6.208275659861609008e-03,9.710942974548199269e-05,-2.265787899376767514e-05,4.404026731764758285e-06,4.181424704853553553e-07,1.670933065960923669e-07,4.374750279092023963e-08,1.314212786859836335e-08,1.855169027079051070e-09,8.522223803389405994e-10,-6.551545321878404771e-10,-1.554442945889134009e-10,-3.852558133621286629e-10,-3.484877664217123083e-10,-3.611711624218472139e-11,-5.145916054383192773e-10,2.924653817737432604e-10,-7.489583068315264214e-10,6.837779149317102512e-10,-1.157393612373491809e-09,1.325054697041971874e-09,-2.053317935384740833e-09,2.799232859613046132e-09,-4.431008408063361048e-09,6.323290804919994013e-09,-7.869651463907750832e-09,3.304152431694851177e-09,1.559420544170603273e-08,-5.057592030593971444e-08,5.922488235943212942e-08
1.315352959581661985e+00,-1.646046936277924533e-01,6.239091105557283828e-03,9.829020957341765702e-05,-2.305015970049777152e-05,4.437537067701656859e-06,4.134596779375304676e-07,1.662044963796939501e-07,4.339755611164688998e-08,1.302435343603081108e-08,1.815741380167823493e-09,8.419480590146632970e-10,-6.596519346382945237e-10,-1.551906624042143079e-10,-3.866633957461118598e-10,-3.473544923915383720e-10,-3.744001636496463448e-11,-5.132227906545772100e-10,2.908230323228622183e-10,-7.471569300754321574e-10,6.814228296209146052e-10,-1.154575647761835189e-09,1.320953218336695656e-09,-2.047753059133960996e-09,2.790629736407895800e-09,-4.420131244310329666e-09,6.313323729252584560e-09,-7.877704877312652343e-09,3.352217834914905659e-09,1.551002164722203869e-08,-5.056419606630502273e-08,5.932415168136140338e-08
1.316184727782765851e+00,-1.650859310615453435e-01,6.269974850726240528e-03,9.948678595592206492e-05,-2.344689670409757717e-05,4.471584482846268846e-06,4.087525432082232679e-07,1.653224621913848558e-07,4.305044932519097589e-08,1.290773725490940160e-08,1.776764194973134980e-09,8.318292703951568612e-10,-6.640957592868312886e-10,-1.549232825359680987e-10,-3.880645388365522308e-10,-3.462225228734183702e-10,-3.876029358584887063e-11,-5.118573342954846339e-10,2.891842442592773565e-10,-7.453608893287499981e-10,6.790743388614128850e-10,-1.151768222462656865e-09,1.316867072418542728e-09,-2.042212316789859816e-09,2.782055672423053294e-09,-4.409269345907046445e-09,6.303292375358336697e-09,-7.885530409201813029e-09,3.399929059642869955e-09,1.542590126121790028e-08,-5.055190485138416623e-08,5.942277555431862979e-08
1.317019018879538317e+00,-1.655676775285957192e-01,6.300926705473323952e-03,1.006993378478010515e-04,-2.384813672851298499e-05,4.506175283181673707e-06,4.040205960368845051e-07,1.644471800833074981e-07,4.270616202556656860e-08,1.279226688639945042e-08,1.738231899563180693e-09,8.218637914322868276e-10,-6.684869454862130134e-10,-1.546424169274196458e-10,-3.894593952891156619e-10,-3.450919272562913420e-10,-4.007797566041304549e-11,-5.104951461554207981e-10,2.875489065606862127e-10,-7.435700197927497257e-10,6.767322735176661830e-10,-1.148971110094543224e-09,1.312795950506734366e-09,-2.036695305462910000e-09,2.773510235387112444e-09,-4.398422470859586486e-09,6.293197218443062624e-09,-7.893129229646217437e-09,3.447286835329965715e-09,1.534184502181845655e-08,-5.053904444940471308e-08,5.952074731002676700e-08
1.317855836439683070e+00,-1.660499346177593816e-01,6.331946477379318122e-03,1.019280459460657901e-04,-2.425392696607476736e-05,4.541315840055982003e-06,3.992633611478793587e-07,1.635786259683927324e-07,4.236467407870564417e-08,1.267793011544560144e-08,1.700138980986753978e-09,8.120493739244283304e-10,-6.728263354446872846e-10,-1.543482754801095425e-10,-3.908480969427863272e-10,-3.439625667622792093e-10,-4.139320830542914109e-11,-5.091361499065527596e-10,2.859169064700628482e-10,-7.417842000367880217e-10,6.743964783319233991e-10,-1.146184064326760677e-09,1.308739543603651412e-09,-2.031201593206966027e-09,2.764992990101321213e-09,-4.387590398207547038e-09,6.283038711052749137e-09,-7.900502480093912760e-09,3.494291866273924185e-09,1.525785370010829256e-08,-5.052561255491916370e-08,5.961806016224757698e-08
1.318695184047541824e+00,-1.665327039204917425e-01,6.363033971476170919e-03,1.031730927062938369e-04,-2.466431508216151286e-05,4.577012590601271108e-06,3.944803584009747011e-07,1.627167758883746318e-07,4.202596549408854631e-08,1.256471478510573503e-08,1.662480061601079306e-09,8.023838052317877612e-10,-6.771148685150163438e-10,-1.540411253414530890e-10,-3.922308311476996323e-10,-3.428344691469575878e-10,-4.270602621536667698e-11,-5.077802484043658637e-10,2.842881936804264598e-10,-7.400033346510737076e-10,6.720668023832421234e-10,-1.143406858777895607e-09,1.304697537073823410e-09,-2.025730754581095416e-09,2.756503493669092142e-09,-4.376772861237193668e-09,6.272817325032181701e-09,-7.907651282043626217e-09,3.540944796057154953e-09,1.517392804809003515e-08,-5.051160681043831424e-08,5.971470729698724611e-08
1.319537065304180690e+00,-1.670159870309003147e-01,6.394188990221143232e-03,1.044346623587056808e-04,-2.507934921939115186e-05,4.613272038561698832e-06,3.896711025116149363e-07,1.618616059149112496e-07,4.169001660949203658e-08,1.245260883428120358e-08,1.625249730803635106e-09,7.928649212868288387e-10,-6.813533591498721620e-10,-1.537211764129908786e-10,-3.936077158650519436e-10,-3.417076066547508617e-10,-4.401652653474030785e-11,-5.064273583821332636e-10,2.826626051277703056e-10,-7.382272466938122335e-10,6.697430995211695048e-10,-1.140639279209598733e-09,1.300669607825002960e-09,-2.020282378022153491e-09,2.748041307747486894e-09,-4.365969600607366718e-09,6.262533464897190871e-09,-7.914576738779488529e-09,3.587246328110027527e-09,1.509006881169477898e-08,-5.049702485500351390e-08,5.981068176841297657e-08
1.320381483827475666e+00,-1.674997855457576179e-01,6.425411333471311992e-03,1.057129409247044641e-04,-2.549907800236022107e-05,4.650100754860541155e-06,3.848351033076610750e-07,1.610130920038678470e-07,4.135680798040067274e-08,1.234160036537104710e-08,1.588442711131926588e-09,7.834905875123143737e-10,-6.855426686394605618e-10,-1.533886420657104566e-10,-3.949788655865926756e-10,-3.405819515300834155e-10,-4.532479946917078450e-11,-5.050773965731281123e-10,2.810400835662196783e-10,-7.364558147343602812e-10,6.674251780587614480e-10,-1.137881091434200798e-09,1.296655514730626901e-09,-2.014856045895463410e-09,2.739605960600140222e-09,-4.355180364783162172e-09,6.252187578098013232e-09,-7.921279919324841767e-09,3.633197117290654088e-09,1.500627670649595791e-08,-5.048186425132827893e-08,5.990597662375307664e-08
1.321228443252198126e+00,-1.679841010645136690e-01,6.456700798457403606e-03,1.070081162333697336e-04,-2.592355054203444864e-05,4.687505378258736630e-06,3.799718655736993023e-07,1.601712101553451340e-07,4.102632036873110621e-08,1.223167751156564731e-08,1.552053806221781462e-09,7.742587525977340235e-10,-6.896836183753474181e-10,-1.530438553665192103e-10,-3.963444919485858975e-10,-3.394573788728649788e-10,-4.663094216317276164e-11,-5.037302380772601396e-10,2.794205231776425435e-10,-7.346888913212223926e-10,6.651128688604790451e-10,-1.135132079478629041e-09,1.292654939685777826e-09,-2.009451334928497035e-09,2.731197032532391156e-09,-4.344404902229676013e-09,6.241780048225377409e-09,-7.927761846299175019e-09,3.678797783762677298e-09,1.492255248449619875e-08,-5.046612251875803867e-08,6.000058479227465824e-08
1.322077947230105854e+00,-1.684689351893096654e-01,6.488057179757554527e-03,1.083203779380917040e-04,-2.635281644009770594e-05,4.725492616073495578e-06,3.750808889755805065e-07,1.593359363408208829e-07,4.069853479921059503e-08,1.212282861335484130e-08,1.516077822311112655e-09,7.651673279360227120e-10,-6.937770236775664401e-10,-1.526869759099769297e-10,-3.977046816872054080e-10,-3.383338886830955516e-10,-4.793498237232185488e-11,-5.023858412611659219e-10,2.778037747758199671e-10,-7.329263758404369611e-10,6.628060439904659429e-10,-1.132391996144788138e-09,1.288667563067655286e-09,-2.004067847869578367e-09,2.722814118594728272e-09,-4.333642945365812071e-09,6.231311248136410519e-09,-7.934023573980680810e-09,3.724048954628633723e-09,1.483889691244327791e-08,-5.044979719572018073e-08,6.009449911303921255e-08
1.322929999430027870e+00,-1.689542895249908083e-01,6.519480269271304279e-03,1.096499175335637413e-04,-2.678692579396579204e-05,4.764069244753577764e-06,3.701616682109075407e-07,1.585072465434822497e-07,4.037343250126376737e-08,1.201504207931636259e-08,1.480509701379945087e-09,7.562142734923726906e-10,-6.978237076724069787e-10,-1.523181893114955443e-10,-3.990595874581170932e-10,-3.372114809607751340e-10,-4.923701030223881503e-11,-5.010441367359064202e-10,2.761897915232180978e-10,-7.311681260446789565e-10,6.605045256395658537e-10,-1.129660603775561878e-09,1.284693118379365284e-09,-1.998705190936478360e-09,2.714456757242286744e-09,-4.322894210130601156e-09,6.220781566083910530e-09,-7.940066104605847386e-09,3.768951254388974714e-09,1.475531068943075619e-08,-5.043288571482396065e-08,6.018771242510823072e-08
1.323784603537955906e+00,-1.694401656791193200e-01,6.550969856192391527e-03,1.109969283726846417e-04,-2.722592920120347343e-05,4.803242110694612432e-06,3.652136927969652780e-07,1.576851166801632176e-07,4.005099500398873191e-08,1.190830638698320287e-08,1.445344421403815804e-09,7.473976021410422277e-10,-7.018244466486245337e-10,-1.519377366976382149e-10,-4.004093619169868390e-10,-3.360901279503281103e-10,-5.053708840296877725e-11,-4.997049996013913642e-10,2.745784832142161846e-10,-7.294140187685815846e-10,6.582081602847511537e-10,-1.126937714153453118e-09,1.280731309633714732e-09,-1.993362935652498447e-09,2.706124500157468249e-09,-4.312158408343105820e-09,6.210191353566221761e-09,-7.945890415691353459e-09,3.813505283258022960e-09,1.467179452496053527e-08,-5.041538547918833491e-08,6.028021746345979537e-08
1.324641763257132565e+00,-1.699265652619878220e-01,6.582525726981990760e-03,1.123616056840142860e-04,-2.766987776417744599e-05,4.843018130742601790e-06,3.602364471409769120e-07,1.568695226503505347e-07,3.973120401212434927e-08,1.180261013098218847e-08,1.410577073548968663e-09,7.387153501750565177e-10,-7.057800576609762899e-10,-1.515458279699455346e-10,-4.017540813916475884e-10,-3.349697186294520179e-10,-5.183536239128372358e-11,-4.983684021020451382e-10,2.729697318876178613e-10,-7.276638978870320074e-10,6.559167939693133498e-10,-1.124223114774836052e-09,1.276781832820414464e-09,-1.988040647903088765e-09,2.697816916369909224e-09,-4.301435267434899901e-09,6.199540945601815511e-09,-7.951497468274004721e-09,3.857711611092440318e-09,1.458834914761647505e-08,-5.039729385897251390e-08,6.037200683123300493e-08
1.325501482308143686e+00,-1.704134898866327130e-01,6.614147665341633259e-03,1.137441465886568359e-04,-2.811882309480947736e-05,4.883404293053259654e-06,3.552294104225764415e-07,1.560604403001882023e-07,3.941404156998160047e-08,1.169794204081489597e-08,1.376202723394476246e-09,7.301655573568877067e-10,-7.096912424051082802e-10,-1.511427094591510922e-10,-4.030939262933408429e-10,-3.338501974869956257e-10,-5.313184614497146185e-11,-4.970341638266262407e-10,2.713634334600145692e-10,-7.259176645207920942e-10,6.536302913848213159e-10,-1.121516576656211850e-09,1.272844409082665718e-09,-1.982737957758468061e-09,2.689533572090320457e-09,-4.290724476673640764e-09,6.188830682088072854e-09,-7.956888204742329496e-09,3.901570820759314717e-09,1.450497527730881808e-08,-5.037860818270234464e-08,6.046307315932253346e-08
1.326363764429007386e+00,-1.709009411688471869e-01,6.645835452185826220e-03,1.151447501178915964e-04,-2.857281731950605738e-05,4.924407657789803966e-06,3.501920567789904015e-07,1.552578453765073030e-07,3.909948991616049585e-08,1.159429096220937483e-08,1.342216551444841421e-09,7.217462773267957488e-10,-7.135587789044994800e-10,-1.507284765750460664e-10,-4.044290180527099210e-10,-3.327316616674735883e-10,-5.442661599186493504e-11,-4.957022431417712482e-10,2.697595029299559855e-10,-7.241752163211767623e-10,6.513484925030343931e-10,-1.118817863875187779e-09,1.268918759563669729e-09,-1.977454480110024670e-09,2.681274032119949913e-09,-4.280025747444710094e-09,6.178060870179469255e-09,-7.962063537127195278e-09,3.945083465635434994e-09,1.442167362874363645e-08,-5.035932574247448112e-08,6.055340890515070740e-08
1.327228613375268207e+00,-1.713889207271951931e-01,6.677588865614203506e-03,1.165636172310597490e-04,-2.903191308389115738e-05,4.966035357549698770e-06,3.451238552096280721e-07,1.544617136599660268e-07,3.878753143931462644e-08,1.149164578946593185e-08,1.308613863972019065e-09,7.134556565327465627e-10,-7.173834486520758169e-10,-1.503033548316823342e-10,-4.057594503448225254e-10,-3.316140140263712510e-10,-5.571974825979708612e-11,-4.943725706585411217e-10,2.681578431529274553e-10,-7.224364041019670779e-10,6.490712342599458395e-10,-1.116126751785073701e-09,1.265004597383531659e-09,-1.972189798624124357e-09,2.673037874704152494e-09,-4.269338801324989996e-09,6.167231801201128460e-09,-7.967024341897638307e-09,3.988250075678823059e-09,1.433844490708602315e-08,-5.033944376446608526e-08,6.064300650532317150e-08
1.328096032920087932e+00,-1.718774301830246487e-01,6.709407680883624353e-03,1.180009508332411847e-04,-2.949616355757194927e-05,5.008294598284057653e-06,3.400242694386046427e-07,1.536720208058887926e-07,3.847814890843570534e-08,1.138999551229466500e-08,1.275389925614600628e-09,7.052918752498138488e-10,-7.211659160469285901e-10,-1.498675714778352486e-10,-4.070854348059427252e-10,-3.304971019080227279e-10,-5.701133315438866589e-11,-4.930451047435724377e-10,2.665583483107969442e-10,-7.207010717380502030e-10,6.467983848165714811e-10,-1.113443069515607231e-09,1.261101632843431020e-09,-1.966943491329281590e-09,2.664824658138963132e-09,-4.258663328015818705e-09,6.156343754335109886e-09,-7.971771478175460057e-09,4.031071168704436491e-09,1.425528981489898595e-08,-5.031895941066955036e-08,6.073185826460658632e-08
1.328966026854341065e+00,-1.723664711604808719e-01,6.741291670380282486e-03,1.194569557928923040e-04,-2.996562243921070331e-05,5.051192660106241725e-06,3.348927580006100246e-07,1.528887422939592677e-07,3.817132532236630627e-08,1.128932929561274334e-08,1.242540117671331323e-09,6.972530374252383645e-10,-7.249068966624916399e-10,-1.494212271274664161e-10,-4.084070373555626077e-10,-3.293810363347304815e-10,-5.830142618679090560e-11,-4.917196927411993101e-10,2.649609316673906534e-10,-7.189691272890819107e-10,6.445297559554141742e-10,-1.110766551654096546e-09,1.257209594242303385e-09,-1.961715193499885546e-09,2.656633949177193699e-09,-4.247998988595597103e-09,6.145397029363314223e-09,-7.976305820694973292e-09,4.073547250384168539e-09,1.417220907469485258e-08,-5.029786987430229228e-08,6.081995646001203681e-08
1.329838598986707421e+00,-1.728560452865212649e-01,6.773240603590781339e-03,1.209318389607787897e-04,-3.044034396130091552e-05,5.094736897611916102e-06,3.297287741381264847e-07,1.521118537010056337e-07,3.786704392497869387e-08,1.118963627007654726e-08,1.210059874350022380e-09,6.893374066008206569e-10,-7.286071390319448504e-10,-1.489645629071389976e-10,-4.097243620770907313e-10,-3.282657201619798570e-10,-5.959012450151845997e-11,-4.903962513846948923e-10,2.633655030170878319e-10,-7.172404180993963152e-10,6.422652188732558276e-10,-1.108097011717767977e-09,1.253328212481169546e-09,-1.956504507450579355e-09,2.648465303621214129e-09,-4.237345487077132100e-09,6.134391864268118333e-09,-7.980628185643573458e-09,4.115678841135061994e-09,1.408920337342411955e-08,-5.027617226011082963e-08,6.090729330610056280e-08
1.330713753143767830e+00,-1.733461541909275816e-01,6.805254247073750512e-03,1.224258091874017712e-04,-3.092038289520667935e-05,5.138934740958264746e-06,3.245317657871171768e-07,1.513413304364552570e-07,3.756528826111965591e-08,1.109090568777310049e-08,1.177944650675166738e-09,6.815432437162760593e-10,-7.322673058196560447e-10,-1.484978130045222500e-10,-4.110375512178521262e-10,-3.271510562452561999e-10,-6.087746279304084851e-11,-4.890747390406957607e-10,2.617719600112033973e-10,-7.155148314119674779e-10,6.400046369606227081e-10,-1.105434257152315691e-09,1.249457194174921626e-09,-1.951311022485580082e-09,2.640318329748779502e-09,-4.226702511860719325e-09,6.123328477407839754e-09,-7.984739350611058661e-09,4.157466396322029301e-09,1.400627341798660330e-08,-5.025386361039163585e-08,6.099386087171643211e-08
1.331591493170100282e+00,-1.738367995063206384e-01,6.837332364431115278e-03,1.239390773417614611e-04,-3.140579455646053120e-05,5.183793696603850032e-06,3.193011757643762771e-07,1.505771476516953866e-07,3.726604203306213559e-08,1.099312706490107594e-08,1.146190025703985871e-09,6.738687307814017480e-10,-7.358880943844625655e-10,-1.480210520127256402e-10,-4.123467088612553511e-10,-3.260370862179229334e-10,-6.216357290034224548e-11,-4.877550446868994527e-10,2.601802193830105026e-10,-7.137922700822807442e-10,6.377478545260828469e-10,-1.102778027749218293e-09,1.245596267188814332e-09,-1.946134373011915164e-09,2.632192556907726744e-09,-4.216069718170067926e-09,6.112207131159404228e-09,-7.988640121810164363e-09,4.198910354830109881e-09,1.392341991268003509e-08,-5.023094092754254447e-08,6.107965118407054916e-08
1.332471822928376071e+00,-1.743279828681743027e-01,6.869474716278443222e-03,1.254718563301936499e-04,-3.189663480958337960e-05,5.229321347689167704e-06,3.140364415589284863e-07,1.498192805289046137e-07,3.696928922063483225e-08,1.089628985173965448e-08,1.114791644846874208e-09,6.663121469505095540e-10,-7.394701786664348298e-10,-1.475344481999263380e-10,-4.136519356212620124e-10,-3.249237268132532108e-10,-6.344849645678607430e-11,-4.864370711787913137e-10,2.585901683754832092e-10,-7.120725675768824203e-10,6.354947280212686067e-10,-1.100128145699319493e-09,1.241745171964847572e-09,-1.940974151803248615e-09,2.624087556512937069e-09,-4.205446792020228752e-09,6.101028042688506903e-09,-7.992331269024433027e-09,4.240011188504089201e-09,1.384064355573061400e-08,-5.020740125212530547e-08,6.116465619404598542e-08
1.333354746299457716e+00,-1.748197059148292043e-01,6.901681060215488633e-03,1.270243611150752294e-04,-3.239296007319023007e-05,5.275525354957785046e-06,3.087369953003703260e-07,1.490677041262288005e-07,3.667501412805973526e-08,1.080038357706425423e-08,1.083745127927054908e-09,6.588718520425529412e-10,-7.430141710229598573e-10,-1.470382201412823164e-10,-4.149534119091136120e-10,-3.238109225200958008e-10,-6.473228897352356626e-11,-4.851208046385835360e-10,2.570017410691294302e-10,-7.103556007304057118e-10,6.332450965505775908e-10,-1.097484397631631747e-09,1.237903623141009546e-09,-1.935829987195075708e-09,2.616002941070554033e-09,-4.194833408584230927e-09,6.089791388394841243e-09,-7.995813522138767171e-09,4.280769344902624063e-09,1.375794504970134779e-08,-5.018324148765851422e-08,6.124886774844240378e-08
1.334240267182496220e+00,-1.753119702875067520e-01,6.933951150796775070e-03,1.285968087336806370e-04,-3.289482732540555815e-05,5.322413457598765968e-06,3.034022638581830578e-07,1.483223932537483525e-07,3.638320127423086414e-08,1.070539790842817141e-08,1.053046237882437897e-09,6.515461694472923782e-10,-7.465207705475984667e-10,-1.465324979410542738e-10,-4.162511654803857652e-10,-3.226986733384507033e-10,-6.601504065617547212e-11,-4.838060646550346178e-10,2.554148247069232269e-10,-7.086412845414002959e-10,6.309987957489604504e-10,-1.094846555430017965e-09,1.234071365062427983e-09,-1.930701486272529133e-09,2.607938255649346060e-09,-4.184229213544804482e-09,6.078497390865113259e-09,-7.999087591522430207e-09,4.321185229083646107e-09,1.367532507113439211e-08,-5.015845850123157312e-08,6.133227765936499765e-08
1.335128389495030765e+00,-1.758047776303239829e-01,6.966284739501296674e-03,1.301894183175665229e-04,-3.340229410883025635e-05,5.369993473681436078e-06,2.980316686522141434e-07,1.475833227375898671e-07,3.609383548248620843e-08,1.061132250904789354e-08,1.022690761937061765e-09,6.443334789330013024e-10,-7.499906034755254858e-10,-1.460174463979724280e-10,-4.175453281740626466e-10,-3.215868682460154560e-10,-6.729680007699911926e-11,-4.824928373503567514e-10,2.538293256137968967e-10,-7.069294680889237625e-10,6.287557171961999369e-10,-1.092214449091577499e-09,1.230248128630123672e-09,-1.925588258289145926e-09,2.599893066134763286e-09,-4.173633863426701174e-09,6.067146205465494269e-09,-8.002154162391195147e-09,4.361259230492575689e-09,1.359278432346011645e-08,-5.013304914779082022e-08,6.141487758626329452e-08
1.336019117173089077e+00,-1.762981295903066348e-01,6.998681574702160513e-03,1.318024111115357472e-04,-3.391541853593619052e-05,5.418273301233947001e-06,2.926246258070676343e-07,1.468504670816550561e-07,3.580690182596393822e-08,1.051814726635291741e-08,9.926745011927529116e-10,6.372321359818244879e-10,-7.534242544085523186e-10,-1.454932303107669966e-10,-4.188360769319388055e-10,-3.204755627539412899e-10,-6.857765050272135454e-11,-4.811810117022474742e-10,2.522451414410653570e-10,-7.052200056562041297e-10,6.265157229817797102e-10,-1.089587867847408020e-09,1.226433642359872622e-09,-1.920489931580421361e-09,2.591866959771038648e-09,-4.163047009116821462e-09,6.055737998621017748e-09,-8.005013920394515869e-09,4.400991730768577526e-09,1.351032350924152858e-08,-5.010701023544505972e-08,6.149665914695345847e-08
1.336912454171286013e+00,-1.767920278174040516e-01,7.031141401636402388e-03,1.334360104932172039e-04,-3.443425929461644761e-05,5.467260918949525678e-06,2.871805462102174078e-07,1.461238005283360675e-07,3.552238560331627548e-08,1.042586216318253101e-08,9.629934089733227509e-10,6.302405047495240886e-10,-7.568223747353441944e-10,-1.449599398850587306e-10,-4.201234568568246175e-10,-3.193646319621379348e-10,-6.985765438338731315e-11,-4.798705044439799394e-10,2.506621906567252367e-10,-7.035128365279197382e-10,6.242786509090547664e-10,-1.086966558427882035e-09,1.222627647994717348e-09,-1.915406118435658556e-09,2.583859484554286434e-09,-4.152468310609364055e-09,6.044272936648296957e-09,-8.007667529931483674e-09,4.440383110683454593e-09,1.342794333798053019e-08,-5.008033852199611502e-08,6.157761385516824504e-08
1.337808404462927037e+00,-1.772864739645041432e-01,7.063663962373744470e-03,1.350904419931478473e-04,-3.495887565313320067e-05,5.516964386590664932e-06,2.816988351880475583e-07,1.454032973616584123e-07,3.524027246794639301e-08,1.033445709130303980e-08,9.336434273268801043e-10,6.233570829655699086e-10,-7.601855620681385872e-10,-1.444177451237482757e-10,-4.214075928488103528e-10,-3.182540758706053907e-10,-7.113690192461774586e-11,-4.785612739421907236e-10,2.490803969329435930e-10,-7.018078097831281781e-10,6.220443491897209576e-10,-1.084350351697460635e-09,1.218829891180828184e-09,-1.910336446756671913e-09,2.575870234233952616e-09,-4.141897427464846793e-09,6.032751148458970203e-09,-8.010115592083782987e-09,4.479433718049263824e-09,1.334564446540259519e-08,-5.005303070279576438e-08,6.165773318994594021e-08
1.338706972040110132e+00,-1.777814696874472078e-01,7.096248995785491703e-03,1.367659333140766945e-04,-3.548932746573951399e-05,5.567391846102382261e-06,2.761788926741205741e-07,1.446889315625046746e-07,3.496054834691009194e-08,1.024392214240762988e-08,9.046204965668103171e-10,6.165803206545361626e-10,-7.635143706510860717e-10,-1.438667848047137099e-10,-4.226886583802436093e-10,-3.171438250904046185e-10,-7.241540700420046051e-11,-4.772531814190017485e-10,2.474996353696301554e-10,-7.001047606230992315e-10,6.198126998625819173e-10,-1.081739062040731891e-09,1.215040075931012042e-09,-1.905280535337977588e-09,2.567898809064696197e-09,-4.131333984982998864e-09,6.021172757001563847e-09,-8.012358724412971256e-09,4.518143891137083035e-09,1.326342758886656092e-08,-5.002508342115408180e-08,6.173700847766916411e-08
1.339608160913827950e+00,-1.782770166450403648e-01,7.128896237513358825e-03,1.384627143514033376e-04,-3.602567517836186353e-05,5.618551522417998892e-06,2.706201133583635565e-07,1.439806767223120176e-07,3.468319931341362627e-08,1.015424752962013066e-08,8.759207517292089129e-10,6.099086773819761831e-10,-7.668094371277023313e-10,-1.433072011752800634e-10,-4.239666499816774348e-10,-3.160338518659600027e-10,-7.369330840001353522e-11,-4.759461852410495908e-10,2.459198834153797364e-10,-6.984036404755755711e-10,6.175835363941839518e-10,-1.079132441392238739e-09,1.211257967623918796e-09,-1.900238013816113458e-09,2.559944760078397552e-09,-4.120777610198272933e-09,6.009537895416104669e-09,-8.014397546215329404e-09,4.556513938727690949e-09,1.318129346210977770e-08,-4.999649332038114125e-08,6.181543097533159781e-08
1.340511975114072829e+00,-1.787731164990727095e-01,7.161605419937509820e-03,1.401810172132140001e-04,-3.656797983380083786e-05,5.670451723819094902e-06,2.650218864290281029e-07,1.432785064307828815e-07,3.440821182967498948e-08,1.006542340014487946e-08,8.475403170081496906e-10,6.033406873065527698e-10,-7.700713513039691982e-10,-1.427391486258366982e-10,-4.252416856143081958e-10,-3.149241006861203118e-10,-7.497064080652648954e-11,-4.746401882638195957e-10,2.443409884145264499e-10,-6.967042880112739311e-10,6.153567243434576728e-10,-1.076530311075463153e-09,1.207483320362495727e-09,-1.895208487107807871e-09,2.552007652401565296e-09,-4.110227953997569461e-09,5.997846662148149932e-09,-8.016232622143348863e-09,4.594544163530334124e-09,1.309924273652091076e-08,-4.996725696225501334e-08,6.189299186359908944e-08
1.341418418689940273e+00,-1.792697709143297180e-01,7.194376272144639012e-03,1.419210762407009663e-04,-3.711630307735858114e-05,5.723100843052671138e-06,2.593835955830986473e-07,1.425823939016183928e-07,3.413557268794331634e-08,9.977440111087754193e-09,8.194753018525569033e-10,5.968748394841183469e-10,-7.733006466073555352e-10,-1.421627381786860767e-10,-4.265139005865670185e-10,-3.138145299175221226e-10,-7.624748055157226645e-11,-4.733351210983727242e-10,2.427628844475782088e-10,-6.950065835342744691e-10,6.131321292693336922e-10,-1.073932470729843658e-09,1.203715850519454511e-09,-1.890191593956896954e-09,2.544087086830959521e-09,-4.099684638211170684e-09,5.986099145451756476e-09,-8.017864499935967171e-09,4.632234864784812167e-09,1.301727613201020262e-08,-4.993737090161487480e-08,6.196968226068744201e-08
1.342327495709736862e+00,-1.797669815586085684e-01,7.227208519895732958e-03,1.436831280288127302e-04,-3.767070716260631502e-05,5.776507357999885114e-06,2.537046191867543821e-07,1.418923121316792435e-07,3.386526890728283612e-08,9.890288006110525831e-09,7.917219709691059037e-10,5.905096897573791637e-10,-7.764979015681405805e-10,-1.415780964686419452e-10,-4.277833608179459901e-10,-3.127050979268020114e-10,-7.752392477966552065e-11,-4.720308866001943215e-10,2.411854969214255462e-10,-6.933103952055930108e-10,6.109095881078052681e-10,-1.071338700045498804e-09,1.199955309595657216e-09,-1.885186992189175070e-09,2.536182644539280995e-09,-4.089147278380986239e-09,5.974295417426368771e-09,-8.019293704347035812e-09,4.669586320046881234e-09,1.293539433552814977e-08,-4.990683161003317547e-08,6.204549313215679263e-08
1.343239210261084615e+00,-1.802647501027325738e-01,7.260101885593270299e-03,1.454674114470906263e-04,-3.823125495687473840e-05,5.830679832365386756e-06,2.479843300459520783e-07,1.412082338671585835e-07,3.359728783548787678e-08,9.803957461401030526e-09,7.642765565384068704e-10,5.842438425412987968e-10,-7.796636175214088915e-10,-1.409853813555406177e-10,-4.290502189641109965e-10,-3.115957075694453238e-10,-7.879999430748796385e-11,-4.707274015025575409e-10,2.396086957318077637e-10,-6.916156154723740457e-10,6.086889859334421171e-10,-1.068748831621613160e-09,1.196201443887795479e-09,-1.880194272843582759e-09,2.528293887075171165e-09,-4.078615521057107896e-09,5.962435570120751260e-09,-8.020520726303298487e-09,4.706598775647274913e-09,1.285359803055580175e-08,-4.987563550357121400e-08,6.212041543662838450e-08
1.344153566451029569e+00,-1.807630782205659203e-01,7.293056088248636715e-03,1.472741676603146407e-04,-3.879800994713430637e-05,5.885626916791878230e-06,2.422220956206644349e-07,1.405301313850068623e-07,3.333161705150466947e-08,9.718439080395879781e-09,7.371353900539889814e-10,5.780758458723278537e-10,-7.827983651911840646e-10,-1.403846570241507052e-10,-4.303145340056602208e-10,-3.104863866010276752e-10,-8.007577240176644295e-11,-4.694245825387355353e-10,2.380323924078275866e-10,-6.899221558637202989e-10,6.064702052187287418e-10,-1.066162643413581801e-09,1.192453994922071381e-09,-1.875213080735488314e-09,2.520420406887033393e-09,-4.068088949905901419e-09,5.950519641373559765e-09,-8.021546085788117120e-09,4.743272475314641579e-09,1.277188795348327410e-08,-4.984377899308611859e-08,6.219443998006779495e-08
1.345070568406149469e+00,-1.812619675890295157e-01,7.326070843448821701e-03,1.491036401499775538e-04,-3.937103624572892493e-05,5.941357349283386477e-06,2.364172779368428623e-07,1.398579767414309671e-07,3.306824442614667015e-08,9.633723431837215578e-09,7.102948832403421786e-10,5.720043501356020244e-10,-7.859026840764671284e-10,-1.397760587829033341e-10,-4.315763926787674620e-10,-3.093770656326100266e-10,-8.135132845143999702e-11,-4.681223603197892658e-10,2.364565192952694517e-10,-6.882298550503485046e-10,6.042530755270836273e-10,-1.063579965418504081e-09,1.188712726342411319e-09,-1.870243026419471377e-09,2.512561773112924335e-09,-4.057567207574330759e-09,5.938547692225376595e-09,-8.022370226023339823e-09,4.779607613338010541e-09,1.269026478258744595e-08,-4.981125838535160888e-08,6.226755745047940493e-08
1.345990220272663240e+00,-1.817614198881155052e-01,7.359145863322709424e-03,1.509560747355465776e-04,-3.995039859605239996e-05,5.997879956168251578e-06,2.305692334385323061e-07,1.391917416548003883e-07,3.280715820492760559e-08,9.549801198958929316e-09,6.837514113927634085e-10,5.660279337252327458e-10,-7.889770720428956885e-10,-1.391596941846540147e-10,-4.328359337613107982e-10,-3.082677030308289545e-10,-8.262669021208424169e-11,-4.668206377012040775e-10,2.348809688412778485e-10,-6.865386002752327244e-10,6.020374715247356345e-10,-1.061000568652881171e-09,1.184977388348634753e-09,-1.865283769022368920e-09,2.504717560637172158e-09,-4.047049901798049909e-09,5.926519757912772357e-09,-8.022993611914858159e-09,4.815604407425178035e-09,1.260872927767719975e-08,-4.977807000795808623e-08,6.233975852198980760e-08
1.346912526216541561e+00,-1.822614368009031482e-01,7.392280856507619374e-03,1.528317195960658681e-04,-4.053616237863124500e-05,6.055203652809279177e-06,2.246773132142526608e-07,1.385313975325354330e-07,3.254834687925825532e-08,9.466663055020252404e-09,6.575014616962138181e-10,5.601453302930825551e-10,-7.920220521095977517e-10,-1.385357089461747293e-10,-4.340932335811231724e-10,-3.071582571623210356e-10,-8.390197564489554338e-11,-4.655193175384653159e-10,2.333056751263606898e-10,-6.848482718424531157e-10,5.998232422907423533e-10,-1.058424251021428120e-09,1.181247715961730727e-09,-1.860334945986974464e-09,2.496887374484925426e-09,-4.036536628820169836e-09,5.914435842013614220e-09,-8.023416691021328928e-09,4.851263091763813318e-09,1.252728209708009466e-08,-4.974421012778063034e-08,6.241103373688661193e-08
1.347837490423617002e+00,-1.827620200135739170e-01,7.425475528115038637e-03,1.547308252918639868e-04,-4.112839361694294385e-05,6.113337444462428605e-06,2.187408627983729315e-07,1.378769153496765820e-07,3.229179931481598875e-08,9.384299782567995241e-09,6.315415308766336722e-10,5.543551789485845482e-10,-7.950381065296996397e-10,-1.379041776605749448e-10,-4.353483996910600951e-10,-3.060486725159350385e-10,-8.517722638323732554e-11,-4.642183998315729809e-10,2.317305392712798451e-10,-6.831587396477489804e-10,5.976102455777787537e-10,-1.055850806092051286e-09,1.177523446804773499e-09,-1.855396185648783280e-09,2.489070790624714480e-09,-4.026026989654291066e-09,5.902295964694062591e-09,-8.023639831537809908e-09,4.886583797325538825e-09,1.244592392861398888e-08,-4.970967491454980625e-08,6.248137354725180614e-08
1.348765117099696820e+00,-1.832631712154265680e-01,7.458729579696281309e-03,1.566536447863420278e-04,-4.172715898346623237e-05,6.172290427212696190e-06,2.127592223176953679e-07,1.372282656679664481e-07,3.203750459932278027e-08,9.302702269533419388e-09,6.058682197433717942e-10,5.486561309442361534e-10,-7.980257617917763113e-10,-1.372652078807101717e-10,-4.366014667855910858e-10,-3.049388519471563086e-10,-8.645251181604862722e-11,-4.629177319248611866e-10,2.301554953565432271e-10,-6.814698978729882839e-10,5.953983495468606613e-10,-1.053280061259764810e-09,1.173804364471009443e-09,-1.850467108970715868e-09,2.481267385567170747e-09,-4.015520599191801931e-09,5.890100155986517649e-09,-8.023663437654871000e-09,4.921566657684062207e-09,1.236465554770027619e-08,-4.967446051371005034e-08,6.255076830802286381e-08
1.349695410470673540e+00,-1.837648920988934065e-01,7.492042709207696882e-03,1.586004334684911962e-04,-4.233252580565201664e-05,6.232071788485858688e-06,2.067317264680366973e-07,1.365854186982998208e-07,3.178545216614425684e-08,9.221861404715148147e-09,5.804781447182882914e-10,5.430469424833050951e-10,-8.009854888732514944e-10,-1.366189453233523921e-10,-4.378525840509350786e-10,-3.038287954559848458e-10,-8.772795684341971878e-11,-4.616172444293908939e-10,2.285804340945718494e-10,-6.797816372305920396e-10,5.931874110833013081e-10,-1.050711805755666362e-09,1.170090216558172802e-09,-1.845547372043843115e-09,2.473476743087080210e-09,-4.005017038496982984e-09,5.877848386292260086e-09,-8.023487900118975169e-09,4.956211846311731062e-09,1.228347765950404957e-08,-4.963856305335856423e-08,6.261920828393163774e-08
1.350628374782642638e+00,-1.842671843595553305e-01,7.525414610975261070e-03,1.605714491748977749e-04,-4.294456207192551625e-05,6.292690808109039843e-06,2.006577043450925857e-07,1.359483441667162784e-07,3.153563181900950751e-08,9.141768206148703779e-09,5.553679031412850353e-10,5.375263307377808886e-10,-8.039177431390376327e-10,-1.359654402954824093e-10,-4.391018035287963528e-10,-3.027184891646328424e-10,-8.900353370977498457e-11,-4.603168540784352558e-10,2.270052479325102013e-10,-6.780938484329812610e-10,5.909773378130755983e-10,-1.048145851362258796e-09,1.166380725510507421e-09,-1.840636598866851603e-09,2.465698459535974052e-09,-3.994515897741413024e-09,5.865540613327405173e-09,-8.023113551997029802e-09,4.990519503721146943e-09,1.220239094924108203e-08,-4.960197860781612178e-08,6.268668365644325391e-08
1.351564014302014671e+00,-1.847700496961577343e-01,7.558844975659805010e-03,1.625669522122485597e-04,-4.356333643804576050e-05,6.354156859204743504e-06,1.945364796881662861e-07,1.353170113144001874e-07,3.128803364484122884e-08,9.062413678859182475e-09,5.305342593193984602e-10,5.320930423699521405e-10,-8.068230424040923054e-10,-1.353047951457853060e-10,-4.403492466498182267e-10,-3.016078498063734514e-10,-9.027935343741688712e-11,-4.590164914830552334e-10,2.254298622772488159e-10,-6.764063718855961582e-10,5.887679606006446242e-10,-1.045582025474556254e-09,1.162675677523344886e-09,-1.835734419076279211e-09,2.457932100907722628e-09,-3.984016764060904769e-09,5.853176826575191838e-09,-8.022540728090665763e-09,5.024489692362354987e-09,1.212139618452651169e-08,-4.956470316119787611e-08,6.275318446130606631e-08
1.352502333315630523e+00,-1.852734898106264128e-01,7.592333490221189751e-03,1.645872053804616625e-04,-4.418891823323263177e-05,6.416479408749868260e-06,1.883673707743505066e-07,1.346913889471203218e-07,3.104264803413872564e-08,8.983788862132469077e-09,5.059739836311971661e-10,5.267458656754708812e-10,-8.097018680541800961e-10,-1.346371295701809245e-10,-4.415949585168110758e-10,-3.004968079922676338e-10,-9.155547847639056158e-11,-4.577160594987361719e-10,2.238542146787425580e-10,-6.747191208522629324e-10,5.865591181167251200e-10,-1.043020093904889478e-09,1.158974836240611594e-09,-1.830840503508346373e-09,2.450177253037096048e-09,-3.973519225024951806e-09,5.840757005652619238e-09,-8.021769762767833045e-09,5.058122505043061157e-09,1.204049409220947497e-08,-4.952673270976204467e-08,6.281870066487948989e-08
1.353443336130879526e+00,-1.857775064080836036e-01,7.625879837881939516e-03,1.666324739954677669e-04,-4.482137746622625457e-05,6.479668018485569905e-06,1.821496903443679816e-07,1.340714453797187122e-07,3.079946574949948834e-08,8.905884912348283056e-09,4.816838503583775744e-10,5.214836080319473766e-10,-8.125546450965526191e-10,-1.339625216312256839e-10,-4.428390432131834586e-10,-2.993853359667397740e-10,-9.283197821563504704e-11,-4.564154609809634167e-10,2.222781837063481092e-10,-6.730319773717852172e-10,5.843507383702928326e-10,-1.040459891854528252e-09,1.155277947091637447e-09,-1.825954484835357050e-09,2.442433499482039860e-09,-3.963022865600962508e-09,5.828281092229610494e-09,-8.020800920140180867e-09,5.091418036305694894e-09,1.195968537572034140e-08,-4.948806315262233024e-08,6.288322221964515180e-08
1.354387027075816041e+00,-1.862821011968637253e-01,7.659483698090992915e-03,1.687030259122099599e-04,-4.546078483180998955e-05,6.543732345896512842e-06,1.758827456802003475e-07,1.334571483819005366e-07,3.055847789569521300e-08,8.828693044866942063e-09,4.576606931969151582e-10,5.163050638065658227e-10,-8.153818193551432003e-10,-1.332810996984568064e-10,-4.440815770667683182e-10,-2.982734059742142563e-10,-9.410896367745280600e-11,-4.551146959297369676e-10,2.207017034405733824e-10,-6.713447991968379824e-10,5.821426635015114481e-10,-1.037901216360825885e-09,1.151584752469986261e-09,-1.821075985754955218e-09,2.434700440388792853e-09,-3.952527268371100466e-09,5.815749024072960904e-09,-8.019634479931869731e-09,5.124376332987790050e-09,1.187897076624505610e-08,-4.944869034899379567e-08,6.294673882828449862e-08
1.355333410499278690e+00,-1.867872758885296691e-01,7.693144746487280694e-03,1.707991315481752551e-04,-4.610721171705110116e-05,6.608682144999952421e-06,1.695658386146291219e-07,1.328484651730299504e-07,3.031967595826939865e-08,8.752204498033849811e-09,4.339013748994036135e-10,5.112090369074895335e-10,-8.181837984899686944e-10,-1.325929036705142394e-10,-4.453226988554437327e-10,-2.971609347479642338e-10,-9.538639322848041502e-11,-4.538135700560275154e-10,2.191246836757976268e-10,-6.696574701009483377e-10,5.799347360842255217e-10,-1.035343859256965260e-09,1.147895022091116601e-09,-1.816204658455083942e-09,2.426977654111130145e-09,-3.942032008111273633e-09,5.803160734721077296e-09,-8.018270704953506245e-09,5.156997418508113551e-09,1.179835105134807716e-08,-4.940861012860120471e-08,6.300924020041787088e-08
1.356282490771009375e+00,-1.872930321978890367e-01,7.726862654862449997e-03,1.729210639071594377e-04,-4.676073020791395723e-05,6.674527267066078864e-06,1.631982656214413241e-07,1.322453623653178922e-07,3.008305170292338571e-08,8.676410524072197816e-09,4.104028614344834569e-10,5.061943659373513427e-10,-8.209610907750075626e-10,-1.318980185488483059e-10,-4.465624536820200774e-10,-2.960478667768384753e-10,-9.666437789102033662e-11,-4.525120833598350600e-10,2.175470359411235677e-10,-6.679698651840260126e-10,5.777268134374291542e-10,-1.032787648805322256e-09,1.144208535645147018e-09,-1.811340155123686291e-09,2.419264730495369886e-09,-3.931536650056410842e-09,5.790516126487343929e-09,-8.016709820719142288e-09,5.189281315418070584e-09,1.171782695527645579e-08,-4.936781826565816989e-08,6.307071585137657976e-08
1.357234272281773846e+00,-1.877993718430103209e-01,7.760637091123536585e-03,1.750690986028792528e-04,-4.742141309556921827e-05,6.741277661580355116e-06,1.567793178210673266e-07,1.316478059607863182e-07,2.984859719503199504e-08,8.601302513549374806e-09,3.871621521642221175e-10,5.012599215911683892e-10,-8.237141004008297074e-10,-1.311965223960154248e-10,-4.478009178743302954e-10,-2.949342159386247886e-10,-9.794301480958722550e-11,-4.512101248188571390e-10,2.159686769698243580e-10,-6.662819046487911123e-10,5.755187988502885599e-10,-1.030232379441164969e-09,1.140525025117300473e-09,-1.806482107999385356e-09,2.411561261881495222e-09,-3.921040748165738332e-09,5.777815118707119169e-09,-8.014952052309148867e-09,5.221228028921831577e-09,1.163739923436962753e-08,-4.932631048407132290e-08,6.313115532424751208e-08
1.358188759443483384e+00,-1.883062965452391713e-01,7.794467719255251947e-03,1.772435138830043971e-04,-4.808933388293721439e-05,6.808943377083556681e-06,1.503082807932307197e-07,1.310557613543039679e-07,2.961630497528427997e-08,8.526871834481364321e-09,3.641762390781122516e-10,4.964046109931508077e-10,-8.264432489052397912e-10,-1.304885435815528183e-10,-4.490381851074420894e-10,-2.938198573332329033e-10,-9.922231092307498557e-11,-4.499076111663669053e-10,2.143894905354271074e-10,-6.645934289006838469e-10,5.733105561470108746e-10,-1.027677853406017139e-09,1.136844262391439875e-09,-1.801630176209018108e-09,2.403866820118068237e-09,-3.910543880467770572e-09,5.765057619006377920e-09,-8.012997603987215278e-09,5.252837539070076556e-09,1.155706863629341052e-08,-4.928408245050142078e-08,6.319054794701184363e-08
1.359145956689317813e+00,-1.888138080292155185e-01,7.828354199281930409e-03,1.794445906536318650e-04,-4.876456679122394972e-05,6.877534561934616278e-06,1.437844346589139954e-07,1.304691933153717676e-07,2.938616793304871244e-08,8.453109919068918510e-09,3.414421562326908077e-10,4.916273031035922614e-10,-8.291489283357433848e-10,-1.297741237388239099e-10,-4.502743213008475465e-10,-2.927047632050872039e-10,-1.005024050093616950e-10,-4.486044730134253200e-10,2.128094263309510126e-10,-6.629043633465947494e-10,5.711019387434623784e-10,-1.025123887686552049e-09,1.133166028892407251e-09,-1.796783999363782414e-09,2.396180989088295132e-09,-3.900045591163914249e-09,5.752243486655678195e-09,-8.010846637949986526e-09,5.284109825913485547e-09,1.147683592692821941e-08,-4.924112977783279277e-08,6.324888299213959897e-08
1.360105868473848734e+00,-1.893219080228896734e-01,7.862296187229195210e-03,1.816726125034020742e-04,-4.944718676675070868e-05,6.947061465405451192e-06,1.372070543236535156e-07,1.298880658948814437e-07,2.915817922137173279e-08,8.380008295789942441e-09,3.189570500078398041e-10,4.869268556070838194e-10,-8.318315671690390545e-10,-1.290533391956616427e-10,-4.515094374768491292e-10,-2.915889057986120747e-10,-1.017833109462351615e-10,-4.473006132155177283e-10,2.112283889466048947e-10,-6.612145588003048857e-10,5.688928278110849668e-10,-1.022570292330549080e-09,1.129490060508553384e-09,-1.791943215340152662e-09,2.388503379563595985e-09,-3.889545468257343819e-09,5.739372615186366655e-09,-8.008499318996192828e-09,5.315044833073545583e-09,1.139670187041974536e-08,-4.919744805292891598e-08,6.330614965577296971e-08
1.361068499273162313e+00,-1.898305982575389517e-01,7.896293335085187437e-03,1.839278657286159274e-04,-5.013726948764314975e-05,7.017534438236074784e-06,1.305754092893220142e-07,1.293123424138398203e-07,2.893233244736365117e-08,8.307558433274381260e-09,2.967180555077386650e-10,4.823022476188598695e-10,-8.344915730651436547e-10,-1.283262749535163394e-10,-4.527435683299163571e-10,-2.904722018470806688e-10,-1.030651120004222321e-10,-4.459959762614928991e-10,2.096462933809384310e-10,-6.595238868922770337e-10,5.666830711278936228e-10,-1.020016855701744163e-09,1.125816135195273349e-09,-1.787107477193433658e-09,2.380833564910415923e-09,-3.879043064623083348e-09,5.726444901599236914e-09,-8.005955795444691381e-09,5.345642461671018530e-09,1.131666724132202040e-08,-4.915303278979488155e-08,6.336233696058179987e-08
1.362033853584988519e+00,-1.903398804677853551e-01,7.930345290761222493e-03,1.862106393579815097e-04,-5.083489137036297303e-05,7.088963933775827703e-06,1.238887636007858506e-07,1.287419854954612031e-07,2.870862166482607281e-08,8.235751902500865196e-09,2.747223160765033256e-10,4.777524166207913758e-10,-8.371293068465401888e-10,-1.275929917277096592e-10,-4.539768144740108369e-10,-2.893546513504929862e-10,-1.043478636830741380e-10,-4.446904511290483697e-10,2.080630494283308707e-10,-6.578322487432730625e-10,5.644725468295641591e-10,-1.017463397388895796e-09,1.122144035678451779e-09,-1.782276434943164123e-09,2.373171134649812442e-09,-3.868537914271039102e-09,5.713460196491229603e-09,-8.003216188292444633e-09,5.375902661398923588e-09,1.123673283847520521e-08,-4.910787949029271626e-08,6.341743385984699444e-08
1.363001935928824793e+00,-1.908497563916110029e-01,7.964451698052529838e-03,1.885212251775065032e-04,-5.154012957673962184e-05,7.161360508713479622e-06,1.171463761121850633e-07,1.281769569250884588e-07,2.848704114613576088e-08,8.164580294831025320e-09,2.529671255455112622e-10,4.732763139725371104e-10,-8.397451987246506988e-10,-1.268535762544154011e-10,-4.552092487675185595e-10,-2.882361432865465645e-10,-1.056316076275543026e-10,-4.433839684292451011e-10,2.064785738220553668e-10,-6.561395211879261780e-10,5.622611261128784843e-10,-1.014909735246039002e-09,1.118473495678035112e-09,-1.777449739476244517e-09,2.365515693915354323e-09,-3.858029584170863391e-09,5.700418334196252768e-09,-8.000280606827031571e-09,5.405825316898149602e-09,1.115689943730069356e-08,-4.906198357475244354e-08,6.347142921664383763e-08
1.363972750846064841e+00,-1.913602277703762566e-01,7.998612196598333529e-03,1.908599177563776589e-04,-5.225306202079728693e-05,7.234734824023304062e-06,1.103475002883075318e-07,1.276172177191482737e-07,2.826758572225043786e-08,8.094035264076537839e-09,2.314497087908817807e-10,4.688728762886062995e-10,-8.423395939094469043e-10,-1.261080545544857046e-10,-4.564409614160602757e-10,-2.871166637774535957e-10,-1.069164340394834767e-10,-4.420764448953562464e-10,2.048927416620216491e-10,-6.544455845303165376e-10,5.600486827767037212e-10,-1.012355644626483642e-09,1.114804276235864533e-09,-1.772627046016383989e-09,2.357866833745982105e-09,-3.847517587298940334e-09,5.687319158155512699e-09,-7.997149143422477291e-09,5.435410316279032372e-09,1.107716780888307051e-08,-4.901534038544153038e-08,6.352431175526973561e-08
1.364946302900127639e+00,-1.918712963488369561e-01,8.032826421841655212e-03,1.932270144723588837e-04,-5.297376737576665884e-05,7.309097645675881327e-06,1.034913844131894745e-07,1.270627280722420871e-07,2.805025052423498755e-08,8.024108454941780710e-09,2.101673900016531871e-10,4.645411399301080380e-10,-8.449129087345630396e-10,-1.253565133640943685e-10,-4.576720356863628325e-10,-2.859961711898506564e-10,-1.082024053689067955e-10,-4.407677556272915353e-10,2.033055494787827655e-10,-6.527503277481416788e-10,5.578350498539053071e-10,-1.009800972007202091e-09,1.111136167450399448e-09,-1.767807987669567371e-09,2.350224110269326372e-09,-3.837001471326123569e-09,5.674162523953280024e-09,-7.993821863564593011e-09,5.464657501681735585e-09,1.099753876247083761e-08,-4.896794525595382641e-08,6.357607012369426158e-08
1.365922596676586664e+00,-1.923829638751611837e-01,8.067094004988839551e-03,1.956228155376013231e-04,-5.370232508103292904e-05,7.384459845797761157e-06,9.657727152766540368e-08,1.265134472756140882e-07,2.783503109428375755e-08,7.954791552897133577e-09,1.891175081120133328e-10,4.602801091657671151e-10,-8.474655040224821079e-10,-1.245990186027334801e-10,-4.589025166812366052e-10,-2.848745961347987077e-10,-1.094895840658693942e-10,-4.394579283806265835e-10,2.017168376777789263e-10,-6.510535929815652878e-10,5.556201315010111941e-10,-1.007245542181123277e-09,1.107468938603417552e-09,-1.762992223996312502e-09,2.342587144881988492e-09,-3.826480815798810609e-09,5.660948248142547157e-09,-7.990298782865890015e-09,5.493566715246422927e-09,1.091801312205764596e-08,-4.891979347998454131e-08,6.362669283110911067e-08
1.366901636783301344e+00,-1.928952321009463344e-01,8.101414572968507199e-03,1.980476240246754893e-04,-5.443881534926723817e-05,7.460832403433440008e-06,8.960439941809242304e-08,1.259693336707473632e-07,2.762192339786362361e-08,7.886076328414426406e-09,1.682974658072378116e-10,4.560887709170735604e-10,-8.499977232484523526e-10,-1.238356344551716504e-10,-4.601325362396657681e-10,-2.837518692233587103e-10,-1.107780117637346962e-10,-4.381467827441198892e-10,2.001265264617302364e-10,-6.493552917596900897e-10,5.534037993484841600e-10,-1.004689120093216204e-09,1.103802360711420016e-09,-1.758179407184562448e-09,2.334955520708233145e-09,-3.815955109190416472e-09,5.647676146192104341e-09,-7.986579982424690805e-09,5.522137799980619821e-09,1.083859172031076401e-08,-4.887088027837049875e-08,6.367616825486699383e-08
1.367883427850548506e+00,-1.934081027812374898e-01,8.135787748390001239e-03,2.005017458931732457e-04,-5.518331917340373385e-05,7.538226405329022384e-06,8.257200068010131511e-08,1.254303447981164332e-07,2.741092387532201302e-08,7.817954472168209268e-09,1.477046896250500119e-10,4.519662075153085823e-10,-8.525099740724906283e-10,-1.230664545964765821e-10,-4.613620874227564173e-10,-2.826279488221672409e-10,-1.120677786681234522e-10,-4.368342909621958370e-10,1.985345672583793686e-10,-6.476553113254901461e-10,5.511859007406583189e-10,-1.002131543546835868e-09,1.100136196550971501e-09,-1.753369179013919421e-09,2.327328806018755247e-09,-3.805423877921432219e-09,5.634345999309953168e-09,-7.982665472215655367e-09,5.550370561595296959e-09,1.075927533612103248e-08,-4.882120079735541296e-08,6.372448474456504641e-08
1.368867974531157161e+00,-1.939215776745442654e-01,8.170213149501934224e-03,2.029854900160599912e-04,-5.593591833390936310e-05,7.616653046964814988e-06,7.547930275415837276e-08,1.248964370910085608e-07,2.720202940112090295e-08,7.750417776314355578e-09,1.273366100063011430e-10,4.479114405764317297e-10,-8.550025583364817550e-10,-1.222914859655421793e-10,-4.625913159472805347e-10,-2.815028071756486838e-10,-1.133589402901868937e-10,-4.355203420125519642e-10,1.969408594537647161e-10,-6.459535354524925665e-10,5.489663194510607802e-10,-9.995726043751651524e-10,1.096470189816678431e-09,-1.748561184733432583e-09,2.319706636738465277e-09,-3.794886698719329710e-09,5.620957637276352559e-09,-7.978555224916888955e-09,5.578264784984743319e-09,1.068006478307376161e-08,-4.877075017797882772e-08,6.377163048326695005e-08
1.369855281500640398e+00,-1.944356585428587136e-01,8.204690390150051749e-03,2.054991682065871600e-04,-5.669669540616035022e-05,7.696123633446974588e-06,6.832552809556829976e-08,1.243675659323359439e-07,2.699523715850304928e-08,7.683458136224785573e-09,1.071907545363570691e-10,4.439234717670825781e-10,-8.574758472712495916e-10,-1.215107823387961972e-10,-4.638202599771545920e-10,-2.803763610170761922e-10,-1.146515660188640595e-10,-4.342048526284614240e-10,1.953453267200533361e-10,-6.442498409753305566e-10,5.467449214723030249e-10,-9.970121056870895337e-10,1.092804141449021937e-09,-1.743755104286620616e-09,2.312088571705499251e-09,-3.784343071550066995e-09,5.607510840215101933e-09,-7.974249227084284630e-09,5.605820235093927906e-09,1.060096094848000936e-08,-4.871952347627883650e-08,6.381759354995297784e-08
1.370845353457331939e+00,-1.949503471516730035e-01,8.239219079734783763e-03,2.080430952454050825e-04,-5.746573376767946315e-05,7.776649580396553796e-06,6.110989401444597013e-08,1.238436857309635486e-07,2.679054485633242111e-08,7.617067343621691800e-09,8.726466597941406889e-11,4.400014094393944752e-10,-8.599301635353606699e-10,-1.207244269829654826e-10,-4.650489784929767723e-10,-2.792485825908741504e-10,-1.159456905486244693e-10,-4.328877395431973696e-10,1.937478476266019101e-10,-6.425440960550199421e-10,5.445215853737417344e-10,-9.944498748776231523e-10,1.089137825066588405e-09,-1.738950567743702269e-09,2.304474214318702474e-09,-3.773792525869901215e-09,5.594005364831233784e-09,-7.969747424074052899e-09,5.633036652581691062e-09,1.052196465546606508e-08,-4.866751571186433978e-08,6.386236186400884307e-08
1.371838195122523363e+00,-1.954656452699972402e-01,8.273798823168150574e-03,2.106175889076957949e-04,-5.824311760540623953e-05,7.858242414827704830e-06,5.383161281232590190e-08,1.233247498189267433e-07,2.658795066447575128e-08,7.551237239666885870e-09,6.755591485524403694e-11,4.361443636802242452e-10,-8.623658644818510410e-10,-1.199324511230726031e-10,-4.662775790476025861e-10,-2.781193886303157115e-10,-1.172414457184522973e-10,-4.315689472456085696e-10,1.921483770706000627e-10,-6.408362070164930202e-10,5.422961719438179617e-10,-9.918857289334392924e-10,1.085470991736559032e-09,-1.734147229027344084e-09,2.296863148136020494e-09,-3.763234572920493015e-09,5.580441008378941858e-09,-7.965049769916021649e-09,5.659913786780490508e-09,1.044307675838324068e-08,-4.861472184015946940e-08,6.390592328237021391e-08
1.372833811240599999e+00,-1.959815546703781441e-01,8.308429220830824968e-03,2.132229699909806570e-04,-5.902893192334624992e-05,7.940913776025883275e-06,4.648989184851543000e-08,1.228107103772718700e-07,2.638745317086813036e-08,7.485959683303095025e-09,4.806216882813352242e-11,4.323513968715331224e-10,-8.647833005248628524e-10,-1.191348981272044583e-10,-4.675061240910771687e-10,-2.769887513798252598e-10,-1.185387968338780240e-10,-4.302483369578169459e-10,1.905468109686392353e-10,-6.391260472249360447e-10,5.400685467414623186e-10,-9.893194371363156492e-10,1.081803421149052369e-09,-1.729344754636957804e-09,2.289254956606978642e-09,-3.752668727412949989e-09,5.566817531249546036e-09,-7.960156199558060530e-09,5.686451347124144018e-09,1.036429811418493330e-08,-4.856113678015916424e-08,6.394826556482824387e-08
1.373832206579181925e+00,-1.964980771289164263e-01,8.343109868528084117e-03,2.158595623427518942e-04,-5.982326254995321349e-05,8.024675416640723868e-06,3.908393356741660107e-08,1.223015183189624100e-07,2.618905143442207262e-08,7.421226592887325557e-09,2.878106997519780386e-11,4.286216295085187866e-10,-8.671827891187922077e-10,-1.183318269759592312e-10,-4.687346795428926072e-10,-2.758566292060393721e-10,-1.198378687949919197e-10,-4.289258948020346907e-10,1.889430729928864849e-10,-6.374134657594066056e-10,5.378385705551158580e-10,-9.867508398916924328e-10,1.078134893427867835e-09,-1.724542774642762177e-09,2.281649253647183295e-09,-3.742094506660464948e-09,5.553134672150322748e-09,-7.955066616723016626e-09,5.712649036974937200e-09,1.028562958676343397e-08,-4.850675538146942412e-08,6.398937631851842056e-08
1.374833385929261187e+00,-1.970152144252852733e-01,8.377840357445834329e-03,2.185276928887962961e-04,-6.062619614563774864e-05,8.109539203293193721e-06,3.161293548464838565e-08,1.217971234692902249e-07,2.599274506525847683e-08,7.357029853383156848e-09,9.710270348212146629e-12,4.249542211176571271e-10,-8.695646407791413068e-10,-1.175233070582759609e-10,-4.699632974447531808e-10,-2.747229249644433935e-10,-1.211387309907330234e-10,-4.276015097559593414e-10,1.873370590599332530e-10,-6.356983602712196202e-10,5.356061288930291653e-10,-9.841797394410933819e-10,1.074465170482208354e-09,-1.719740964651467197e-09,2.274045627693489779e-09,-3.731511410628995939e-09,5.539392177594804068e-09,-7.949780905184417046e-09,5.738506534541665260e-09,1.020707207470550326e-08,-4.845157246073650281e-08,6.402924303261503525e-08
1.375837354105347021e+00,-1.975329683427486938e-01,8.412620274106243773e-03,2.212276916612083977e-04,-6.143782021053416365e-05,8.195517117763010534e-06,2.407609032755927969e-08,1.212974743503361652e-07,2.579853411715377076e-08,7.293361328070124827e-09,-9.152525959343904560e-12,4.213483060719336315e-10,-8.719291590825184457e-10,-1.167093661297302631e-10,-4.711920853495144001e-10,-2.735875692660982850e-10,-1.224413972988891430e-10,-4.262750985528640513e-10,1.857286824336057407e-10,-6.339806266769665299e-10,5.333711089981763021e-10,-9.816059458322978770e-10,1.070794016389681191e-09,-1.714938966008994203e-09,2.266443670543780153e-09,-3.720918954246490995e-09,5.525589775881925569e-09,-7.944298927465426319e-09,5.764023497216441694e-09,1.012862644624024089e-08,-4.839558277562605593e-08,6.406785308527007672e-08
1.376844115945602853e+00,-1.980513406681798372e-01,8.447449200322903334e-03,2.239598918270871430e-04,-6.225822309225640533e-05,8.282621257979169704e-06,1.647258614364752183e-08,1.208025180517331709e-07,2.560641907192739986e-08,7.230213016837239159e-09,-2.780951424002919836e-11,4.178029961929285996e-10,-8.742766736263840599e-10,-1.158900284764508015e-10,-4.724210814210927367e-10,-2.724505759887918543e-10,-1.237459856806566449e-10,-4.249465640482341655e-10,1.841178806638588128e-10,-6.322601244640457807e-10,5.311333755621261421e-10,-9.790292873276817964e-10,1.067121219080341410e-09,-1.710136422229668884e-09,2.258842949926648247e-09,-3.710316646803046847e-09,5.511727220247272796e-09,-7.938620548691294188e-09,5.789199564176783497e-09,1.005029361469955695e-08,-4.833878099706756526e-08,6.410519371585765569e-08
1.377853676311993958e+00,-1.985703331920799508e-01,8.482326713155314418e-03,2.267246297175552067e-04,-6.308749399364012994e-05,8.370863838615821839e-06,8.801606322678817707e-09,1.203122003889597891e-07,2.541640091446861760e-08,7.167576912634615605e-09,-4.626287460757216863e-11,4.143174362619683748e-10,-8.766075122734751091e-10,-1.150653270581836196e-10,-4.736503307622985659e-10,-2.713118896213728704e-10,-1.250525516471867604e-10,-4.236158090975550294e-10,1.825045808923064783e-10,-6.305367651615600977e-10,5.288927659545528126e-10,-9.764495522909810710e-10,1.063446553040137132e-09,-1.705333018894861219e-09,2.251243067506215889e-09,-3.699703974386833738e-09,5.497804238339260019e-09,-7.932745627048376491e-09,5.814034365059228548e-09,9.972074488211191134e-09,-4.828116180639885346e-08,6.414125210130183774e-08
1.378866040090431344e+00,-1.990899477085971703e-01,8.517252384863015918e-03,2.295222448570116355e-04,-6.392572298029699021e-05,8.460257192093208201e-06,1.062329404132034139e-09,1.198264659224221318e-07,2.522848126891227838e-08,7.105444800245552806e-09,-6.451480235453166401e-11,4.108908898889374051e-10,-8.789219404364834176e-10,-1.142353659583372760e-10,-4.748799582732221580e-10,-2.701713713859632549e-10,-1.263611090762672973e-10,-4.222828059452510274e-10,1.808886512799645629e-10,-6.288103961138435949e-10,5.266491860667077418e-10,-9.738665568415072471e-10,1.059769779744590412e-09,-1.700528371329640409e-09,2.243643657472670083e-09,-3.689080466454108809e-09,5.483820500994107672e-09,-7.926673925746918759e-09,5.838527508683633016e-09,9.893969957555648342e-09,-4.822271976526182335e-08,6.417601526587102256e-08
1.379881212190916973e+00,-1.996101860155445329e-01,8.552225782859693842e-03,2.323530799918883602e-04,-6.477300098886237811e-05,8.550813769902555761e-06,-6.746070483915761473e-09,1.193452575428549656e-07,2.504266222733489422e-08,7.043808703845189090e-09,-8.256743682863443290e-11,4.075224593544368723e-10,-8.812202478142294737e-10,-1.134001312991239629e-10,-4.761100125261208404e-10,-2.690290212825630078e-10,-1.276717342957311985e-10,-4.209474019356562735e-10,1.792700085601062199e-10,-6.270809271152755215e-10,5.244024919165424237e-10,-9.712801014860605875e-10,1.056090690593203263e-09,-1.695722159911206006e-09,2.236044261533752520e-09,-3.678445594564733190e-09,5.469775729571857426e-09,-7.920405277819786427e-09,5.862678570042745285e-09,9.815980972494031676e-09,-4.816344940927752560e-08,6.420947006730015616e-08
1.380899197547690971e+00,-2.001310499144197952e-01,8.587246469666624804e-03,2.352174811209514771e-04,-6.562941983498642856e-05,8.642546143093534500e-06,-1.462442359660004465e-08,1.188685166122679937e-07,2.485894632113169744e-08,6.982660618985725431e-09,-1.004227998500917263e-10,4.042113449509443512e-10,-8.835027848208554246e-10,-1.125596664486305798e-10,-4.773405594404867003e-10,-2.678847976778087059e-10,-1.289845591445626383e-10,-4.196095415576195364e-10,1.776486180382619295e-10,-6.253481829587848040e-10,5.221525360525614001e-10,-9.686900084154848045e-10,1.052409060939285546e-09,-1.690914034225415863e-09,2.228444475390473078e-09,-3.667798833097493660e-09,5.455669633506327054e-09,-7.913939464258140655e-09,5.886487099843185078e-09,9.738108465440209471e-09,-4.810334523243364746e-08,6.424160331475192720e-08
1.381920001119380625e+00,-2.006525412104243067e-01,8.622314002865370114e-03,2.381157975251723194e-04,-6.649507222111035107e-05,8.735467003289937998e-06,-2.257356473880228753e-08,1.183961831083615857e-07,2.467733678165884292e-08,6.921992430630741211e-09,-1.180830281645450786e-10,4.009567955431947439e-10,-8.857698064607122390e-10,-1.117140026318796941e-10,-4.785716614663648727e-10,-2.667386311827613099e-10,-1.302995489282920971e-10,-4.182691692999895849e-10,1.760243201198719021e-10,-6.236120803776445953e-10,5.198992243660160995e-10,-9.660960764018566849e-10,1.048724644885784540e-09,-1.686103656434873033e-09,2.220843928245688770e-09,-3.657139700449785202e-09,5.441501865419140493e-09,-7.907276241333333067e-09,5.909952673077700780e-09,9.660353386155284827e-09,-4.804240168881923623e-08,6.427240163697778286e-08
1.382943627889149374e+00,-2.011746617124818282e-01,8.657427935050573953e-03,2.410483817975005161e-04,-6.737005174482346009e-05,8.829589163799472784e-06,-3.059433295246605233e-08,1.179281953213838496e-07,2.449783723925888501e-08,6.861796106576861787e-09,-1.355500950199484134e-10,3.977579984132395552e-10,-8.880215850853856452e-10,-1.108631676044469216e-10,-4.798033637065657331e-10,-2.655904662862695886e-10,-1.316168354859037493e-10,-4.169261741404639565e-10,1.743970974577013777e-10,-6.218725100842759090e-10,5.176423972623467318e-10,-9.634981050846147532e-10,1.045037242939500510e-09,-1.681290682630648403e-09,2.213242191839541462e-09,-3.646467672301437202e-09,5.427272137779881600e-09,-7.900415377026098751e-09,5.933074803156357380e-09,9.582716693073978220e-09,-4.798061311629686632e-08,6.430185156558465565e-08
1.383970082864849127e+00,-2.016974132332581271e-01,8.692587813781790101e-03,2.440155898737342635e-04,-6.825445290680300439e-05,8.924925560462038110e-06,-3.868757161634359121e-08,1.174644898927282299e-07,2.432045198477034154e-08,6.802063554339071727e-09,-1.528259775673834753e-10,3.946141998237284731e-10,-8.902584433534421748e-10,-1.100072064691426377e-10,-4.810357633056039361e-10,-2.644402613549701186e-10,-1.329364743285488260e-10,-4.155804728123158043e-10,1.727668424988948459e-10,-6.201293194230128591e-10,5.153819419845273586e-10,-9.608959287976670538e-10,1.041346621780125936e-09,-1.676474732474619866e-09,2.205638847236311706e-09,-3.635782249052088577e-09,5.412980113184834297e-09,-7.893356566892467674e-09,5.955852985274623368e-09,9.505199349835180556e-09,-4.791797384752494171e-08,6.432993950727938781e-08
1.384999371079171038e+00,-2.022207975891805731e-01,8.727793181535367650e-03,2.470177810632977894e-04,-6.914837111926790819e-05,9.021489252534434927e-06,-4.685412819619566571e-08,1.170050017225594818e-07,2.414518584115815658e-08,6.742786725667804237e-09,-1.699126291054842142e-10,3.915246469046729239e-10,-8.924806570859145083e-10,-1.091461695329476456e-10,-4.822688776107142417e-10,-2.632878776109848218e-10,-1.342584862729090389e-10,-4.142319681710304735e-10,1.711334546294907000e-10,-6.183824129840642669e-10,5.131177327651059716e-10,-9.582893367721112554e-10,1.037652540714778526e-09,-1.671655497619689568e-09,2.198033498919046980e-09,-3.625082876457588754e-09,5.398625442520899043e-09,-7.886099574576366233e-09,5.978286745852989803e-09,9.427802374721572232e-09,-4.785447815618126821e-08,6.435665170917426181e-08
1.386031497589799377e+00,-2.027448166004575669e-01,8.763043575655545675e-03,2.500553180802035647e-04,-7.005190271426554524e-05,9.119293423745077759e-06,-5.509485423828633377e-08,1.165496638887153491e-07,2.397204430532734465e-08,6.683957534583256921e-09,-1.868120337242262785e-10,3.884886171437451630e-10,-8.946884535315779985e-10,-1.082800810819906090e-10,-4.835028592775625356e-10,-2.621333566876771215e-10,-1.355829684634990429e-10,-4.128805908276689252e-10,1.694968367049742852e-10,-6.166316485201051023e-10,5.108496225862679818e-10,-9.556781355862797867e-10,1.033954783336704653e-09,-1.666832619411778849e-09,2.190425741829815642e-09,-3.614369037136661023e-09,5.384207790769604540e-09,-7.878644086092845278e-09,6.000375553198711298e-09,9.350526716626894608e-09,-4.779012025869777691e-08,6.438197434205372716e-08
1.387066467479566745e+00,-2.032694720910981079e-01,8.798338528305360562e-03,2.531285670743311025e-04,-7.096514495204004486e-05,9.218351383047732051e-06,-6.341060525619224286e-08,1.160984076887736083e-07,2.380103340023781433e-08,6.625567889034095215e-09,-2.035260441082820115e-10,3.855053299153810009e-10,-8.968821137156357537e-10,-1.074089255037602442e-10,-4.847376978978079620e-10,-2.609766153183201709e-10,-1.369099694725761651e-10,-4.115262713932921201e-10,1.678569366836413224e-10,-6.148769306213441865e-10,5.085774848131996428e-10,-9.530621456962928839e-10,1.030253135841235901e-09,-1.662005746569383824e-09,2.182815156924478028e-09,-3.603640230838422998e-09,5.369726806866287339e-09,-7.870989755364571350e-09,6.022118835720402519e-09,9.273373377353955060e-09,-4.772489428130077815e-08,6.440589341710767357e-08
1.388104285856610165e+00,-2.037947658889317504e-01,8.833677566416717197e-03,2.562378976631333669e-04,-7.188819602947779316e-05,9.318676565846662624e-06,-7.180224061414247627e-08,1.156511625112488506e-07,2.363215973171656215e-08,6.567609679621749796e-09,-2.200564873551524858e-10,3.825740731155935492e-10,-8.990619464188664978e-10,-1.065327565746843064e-10,-4.859734524520487042e-10,-2.598175979917627387e-10,-1.382395656279733487e-10,-4.101688988455975959e-10,1.662136608904241086e-10,-6.131181257140738694e-10,5.063012014847045883e-10,-9.504411667415890719e-10,1.026547378785852560e-09,-1.657174529979404953e-09,2.175201343048230318e-09,-3.592895913293384091e-09,5.355182127386379221e-09,-7.863136260166658786e-09,6.043516049582253746e-09,9.196343382991689630e-09,-4.765879431378738929e-08,6.442839482756479441e-08
1.389144957854528295e+00,-2.043206998256286711e-01,8.869060211640068109e-03,2.593836829637048702e-04,-7.282115508854469441e-05,9.420282534760779369e-06,-8.027062351964597831e-08,1.152078557397490099e-07,2.346543063070499757e-08,6.510074803019183509e-09,-2.364052100779778787e-10,3.796941363751193954e-10,-9.012281528691934440e-10,-1.056515881725506034e-10,-4.872102339625872247e-10,-2.586562075634901703e-10,-1.395718055019479209e-10,-4.088084037956463135e-10,1.645669017724671335e-10,-6.113550742037343610e-10,5.040206420628412509e-10,-9.478150087699477311e-10,1.022837261069331483e-09,-1.652338631370764421e-09,2.167583908478827592e-09,-3.582135549122511531e-09,5.340573360499215050e-09,-7.855083234038773288e-09,6.064566591100495341e-09,9.119437759629034357e-09,-4.759181442513804594e-08,6.444946430012032934e-08
1.390188488632540187e+00,-2.048472757367195141e-01,8.904485980294293834e-03,2.625662996247500255e-04,-7.376412222517142458e-05,9.523182980534367070e-06,-8.881662068868992344e-08,1.147684127009336585e-07,2.330085395983727548e-08,6.452955164572976576e-09,-2.525739552401706778e-10,3.768647893753751532e-10,-9.033810088876492728e-10,-1.047654775432338425e-10,-4.884481152878095145e-10,-2.574924717890780812e-10,-1.409067654223328248e-10,-4.074446890989236181e-10,1.629165795324905019e-10,-6.095876858847049107e-10,5.017356512898585308e-10,-9.451834783597012901e-10,1.019122600545707691e-09,-1.647497706400852246e-09,2.159962414981751733e-09,-3.571358605115176887e-09,5.325900164464270059e-09,-7.846830323097325754e-09,6.085269863530251566e-09,9.042657571518841753e-09,-4.752394856810671087e-08,6.446908750595836679e-08
1.391234883375645381e+00,-2.053744954616158469e-01,8.939954383315077552e-03,2.657861278593139087e-04,-7.471719849764645732e-05,9.627391723024576742e-06,-9.744110244895576312e-08,1.143327567482144147e-07,2.313843830729564455e-08,6.396242493555276409e-09,-2.685644922596763795e-10,3.740853642478225716e-10,-9.055207538660736688e-10,-1.038744160131166439e-10,-4.896871137749503333e-10,-2.563262102572849699e-10,-1.422444870224914837e-10,-4.060776714887026628e-10,1.612626351898960309e-10,-6.078158566735769597e-10,4.994461229139435243e-10,-9.425463760176500116e-10,1.015403144812715430e-09,-1.642651412461781923e-09,2.152336465305326740e-09,-3.560564536351368270e-09,5.311162149402443022e-09,-7.838377142233704520e-09,6.105625237166900643e-09,8.966003851688941761e-09,-4.745519071105985809e-08,6.448724988727949636e-08
1.392284147294786001e+00,-2.059023608436304775e-01,8.975464926203487875e-03,2.690435514773950598e-04,-7.568048593545708205e-05,9.732922712290831974e-06,-1.061449425962708581e-07,1.139008090284346353e-07,2.297819296642744646e-08,6.339928594265020756e-09,-2.843785402474596768e-10,3.713551697051564737e-10,-9.076476549518819326e-10,-1.029784417461154788e-10,-4.909273057518426242e-10,-2.551574507236864520e-10,-1.435850674469385524e-10,-4.047072676982566009e-10,1.596049473140404018e-10,-6.060394391188550500e-10,4.971519498159215900e-10,-9.399035291388080360e-10,1.011678661417408920e-09,-1.637799377021686986e-09,2.144705659812631837e-09,-3.549752808969935947e-09,5.296358900497982747e-09,-7.829723269910104921e-09,6.125632085775267743e-09,8.889477657453292991e-09,-4.738553471828055308e-08,6.450393686546762595e-08
1.393336285627009286e+00,-2.064308737299974661e-01,9.011017108973957968e-03,2.723389579190327314e-04,-7.665408754812521805e-05,9.839790029540253224e-06,-1.149290181821048529e-07,1.134724882992897699e-07,2.282012784814158035e-08,6.284005355135235948e-09,-3.000178122429530969e-10,3.686734823676873773e-10,-9.097619428632963690e-10,-1.020775443338894917e-10,-4.921687883630010418e-10,-2.539861237993434884e-10,-1.449285275123557426e-10,-4.033333944608585853e-10,1.579434465159845757e-10,-6.042582961773845796e-10,4.948529784727651037e-10,-9.372547321584434599e-10,1.007948955203397112e-09,-1.632941282626171331e-09,2.137069580760569965e-09,-3.538922867208846301e-09,5.281490031124394524e-09,-7.820868287190807511e-09,6.145289730211112023e-09,8.813080070411982714e-09,-4.731497437598930489e-08,6.451913361210648290e-08
1.394391303635631685e+00,-2.069600359718935800e-01,9.046610426101903829e-03,2.756727382882155283e-04,-7.763810733426006888e-05,9.948007887709223868e-06,-1.237942092724431120e-07,1.130477111609129448e-07,2.266425343927513936e-08,6.228464527989474586e-09,-3.154838924823710755e-10,3.660396569182822191e-10,-9.118639020949670382e-10,-1.011717515320142979e-10,-4.934115650778725382e-10,-2.528121739731048478e-10,-1.462749504854699012e-10,-4.019559129986305379e-10,1.562780529984486577e-10,-6.024723549907795572e-10,4.925490471215099308e-10,-9.345997777771009041e-10,1.004213805860798558e-09,-1.628076784498944107e-09,2.129427817670198619e-09,-3.528074180025875251e-09,5.266555144030002356e-09,-7.811811759093900687e-09,6.164597479187128304e-09,8.736812191247056436e-09,-4.724350345132466433e-08,6.453282522939085553e-08
1.395449206610404058e+00,-2.074898494244588332e-01,9.082244366470242775e-03,2.790452873862271296e-04,-7.863265029025299016e-05,1.005759063270935533e-05,-1.327413991503156865e-07,1.126263919183981277e-07,2.251058110530265721e-08,6.173297750593220723e-09,-3.307784024984827820e-10,3.634530862037244070e-10,-9.139537460178814854e-10,-1.002611188516411289e-10,-4.946556775298205366e-10,-2.516355457338192991e-10,-1.476244473885834907e-10,-4.005747955559968432e-10,1.546086730863649450e-10,-6.006814420866923854e-10,4.902400646891735825e-10,-9.319384847161771290e-10,1.000472962288390111e-09,-1.623205501434521469e-09,2.121779975132985496e-09,-3.517206199031563951e-09,5.251553832205310690e-09,-7.802553220279812018e-09,6.183554644885458362e-09,8.660675111099580548e-09,-4.717111565938347795e-08,6.454499667379876016e-08
1.396509999867680651e+00,-2.080203159468169694e-01,9.117918413315887621e-03,2.824570037457405439e-04,-7.963782241940083398e-05,1.016855274437161033e-05,-1.417714740044144495e-07,1.122084423181221591e-07,2.235912298061484837e-08,6.118496665916128840e-09,-3.459029816049730144e-10,3.609130997533904761e-10,-9.160316827988568278e-10,-9.934564455804650862e-11,-4.959012887828517790e-10,-2.504561280591843797e-10,-1.489769974050147994e-10,-3.991899588662306542e-10,1.529352061657718309e-10,-5.988854395039266976e-10,4.879259058419849193e-10,-9.292706465435784935e-10,9.967261942016303333e-10,-1.618327119447954265e-09,2.114125639525801792e-09,-3.506318349815601421e-09,5.236485648742184029e-09,-7.793092213215224717e-09,6.202160483109731004e-09,8.584669961876623123e-09,-4.709780460424028981e-08,6.455563274915254723e-08
1.397573688750585186e+00,-2.085514374020964457e-01,9.153632044176011895e-03,2.859082896651847158e-04,-8.065373074117544380e-05,1.028090883742295222e-05,-1.508853226289859351e-07,1.117937715794034559e-07,2.220989181065877172e-08,6.064052949020237726e-09,-3.608591346744571826e-10,3.584190270966569614e-10,-9.180979674422440340e-10,-9.842531130399567729e-11,-4.971483814897315057e-10,-2.492738931936244740e-10,-1.503327115570662897e-10,-3.978012919070295084e-10,1.512575724393894205e-10,-5.970842188729452715e-10,4.856064092506606755e-10,-9.265960897869573998e-10,9.929733211892777245e-10,-1.613441283354610789e-09,2.106464387467699151e-09,-3.495410074013868829e-09,5.221350180342754221e-09,-7.783428246539714213e-09,6.220414260939277629e-09,8.508797887628316570e-09,-4.702356390384743179e-08,6.456471814131337084e-08
1.398640278629182498e+00,-2.090832156574521372e-01,9.189384730833308895e-03,2.893995512431701139e-04,-8.168048330030970236e-05,1.039467366252544434e-05,-1.600838365097001503e-07,1.113822861746258108e-07,2.206290115359943460e-08,6.009958270630777477e-09,-3.756483895646367532e-10,3.559702237837525374e-10,-9.201528098495836971e-10,-9.750017460063986618e-11,-4.983970354477396114e-10,-2.480887856259883506e-10,-1.516916453558891931e-10,-3.964087114116665589e-10,1.495756851710439150e-10,-5.952776709061691207e-10,4.832814751686009824e-10,-9.239146045447732547e-10,9.892141077626204204e-10,-1.608547635801454989e-09,2.098795801974522035e-09,-3.484480834078929057e-09,5.206146981616768810e-09,-7.773560804173046401e-09,6.238315236779812256e-09,8.433060024598537652e-09,-4.694838709635995588e-08,6.457223734185335573e-08
1.399709774900649073e+00,-2.096156525840863205e-01,9.225175939260952390e-03,2.929311984140895928e-04,-8.271818917609218003e-05,1.050986210689337785e-05,-1.693679094871142210e-07,1.109738900534514017e-07,2.191816534215587642e-08,5.956204149250993174e-09,-3.902722043105932848e-10,3.535660609774171625e-10,-9.221964372696511703e-10,-9.657022750908517139e-11,-4.996472992291334236e-10,-2.469007498451247784e-10,-1.530538543126347406e-10,-3.950121202356271510e-10,1.478894402773267558e-10,-5.934656585604436430e-10,4.809509583127147270e-10,-9.212260112731462947e-10,9.854483288412874131e-10,-1.603645825506982980e-09,2.091119489155621181e-09,-3.473530053865747647e-09,5.190875601969804909e-09,-7.763489355289837635e-09,6.255862619597429841e-09,8.357457493418651850e-09,-4.687226759850227076e-08,6.457817482152794497e-08
1.400782182989446678e+00,-2.101487500572703504e-01,9.261005129566901584e-03,2.965036449831771545e-04,-8.376695849169214086e-05,1.062648919533757536e-05,-1.787384377072327724e-07,1.105684843487851621e-07,2.177569951829563810e-08,5.902782057413957784e-09,-4.047320629682604753e-10,3.512059618820950746e-10,-9.242291289929260856e-10,-9.563548737656635268e-11,-5.008992561006397892e-10,-2.457097303398825261e-10,-1.544193869995602597e-10,-3.936114212343966301e-10,1.461987822470867115e-10,-5.916480534662316160e-10,4.786147173030386170e-10,-9.185300896621950706e-10,9.816757476355242318e-10,-1.598735506827542174e-09,2.083435054252985585e-09,-3.462557179347014458e-09,5.175535615744089601e-09,-7.753213365595257311e-09,6.273055581061670605e-09,8.281991499721474970e-09,-4.679519885128491374e-08,6.458251478047571936e-08
1.401857508347496228e+00,-2.106825099563662540e-01,9.296871755937904241e-03,3.001173086618980426e-04,-8.482690242359210153e-05,1.074457009143025762e-05,-1.881963194458671773e-07,1.101659673338403755e-07,2.163551962629586822e-08,5.849683464616978190e-09,-4.190293958171442679e-10,3.488892907216323280e-10,-9.262510151236691414e-10,-9.469595593780688603e-11,-5.021529789206446992e-10,-2.445156438435347468e-10,-1.557883613778621168e-10,-3.922065450190359570e-10,1.445035931191274159e-10,-5.898247636831888130e-10,4.762726411172701901e-10,-9.158266506270607010e-10,9.778961490396198553e-10,-1.593816338456288673e-09,2.075742071608842332e-09,-3.451561627438801128e-09,5.160126540469656131e-09,-7.742732303396560045e-09,6.289893334475438191e-09,8.206663264752334097e-09,-4.671717419683918404e-08,6.458524134944632067e-08
1.402935756454354088e+00,-2.112169341648481580e-01,9.332775266582816337e-03,3.037726111042920660e-04,-8.589813321115092812e-05,1.086412009829000602e-05,-1.977424548401870985e-07,1.097662343258615225e-07,2.149764240276866301e-08,5.796899785279890915e-09,-4.331655398953637714e-10,3.466154299344714751e-10,-9.282623471967843543e-10,-9.375163839697719936e-11,-5.034084885058298653e-10,-2.433184348449302092e-10,-1.571607913253281197e-10,-3.907973944450304771e-10,1.428038173822976376e-10,-5.879956088000737324e-10,4.739245862070418092e-10,-9.131155085523312565e-10,9.741093166468206554e-10,-1.588887973882208149e-09,2.068040126624280661e-09,-3.440542816575062335e-09,5.144647905819602074e-09,-7.732045569346784886e-09,6.306375015079079827e-09,8.131473949041234661e-09,-4.663818692005050615e-08,6.458633847183925525e-08
1.404016932817387708e+00,-2.117520245703243265e-01,9.368715103675557404e-03,3.074699779431278382e-04,-8.698076416621290316e-05,1.098515465956101389e-05,-2.073777457005029912e-07,1.093691775764030205e-07,2.136208540311559934e-08,5.744422318029740460e-09,-4.471418443841024271e-10,3.443838252764619412e-10,-9.302633628693879331e-10,-9.280256597909986027e-11,-5.046658507756873746e-10,-2.421180478329176822e-10,-1.585367739864729231e-10,-3.893838723678655356e-10,1.410993440142949140e-10,-5.861605072848830034e-10,4.715704289733058108e-10,-9.103964544038278817e-10,9.703150318819686593e-10,-1.583950057920668897e-09,2.060328804049868512e-09,-3.429500186006434470e-09,5.129099268572079318e-09,-7.721152569303141311e-09,6.322499761582389688e-09,8.056424811130058483e-09,-4.655823024682370637e-08,6.458578997309283309e-08
1.405101042971957481e+00,-2.122877830645595321e-01,9.404690703296973014e-03,3.112098388265444743e-04,-8.807490968253724878e-05,1.110768936028955559e-05,-2.171030955566699561e-07,1.089746862418389250e-07,2.122886717369903975e-08,5.692242331135910494e-09,-4.609596866538001603e-10,3.421938982173244881e-10,-9.322542217360396677e-10,-9.184874735779224864e-11,-5.059251559358379779e-10,-2.409144134185581265e-10,-1.599163579335538543e-10,-3.879659093986020935e-10,1.393901001567332543e-10,-5.843193168902915957e-10,4.692100241329710819e-10,-9.076693034335003851e-10,9.665130492816920160e-10,-1.579002199825207953e-09,2.052607687985652518e-09,-3.418433179970883917e-09,5.113480129560407650e-09,-7.710052717796456179e-09,6.338266715297247167e-09,7.981517054049536153e-09,-4.647729734928718326e-08,6.458357956068416783e-08
1.406188092481595486e+00,-2.128242115434968995e-01,9.440701495377033792e-03,3.149926274551122229e-04,-8.918068524578102660e-05,1.123173992799214246e-05,-2.269194092122638062e-07,1.085826461673898569e-07,2.109800708921180656e-08,5.640351096770912509e-09,-4.746203317515518272e-10,3.400450329302251440e-10,-9.342351510455149111e-10,-9.089016518581960469e-11,-5.071864109251755792e-10,-2.397074760907003110e-10,-1.612996056166160486e-10,-3.865434083927254960e-10,1.376759817262040997e-10,-5.824718901648040514e-10,4.668432537248412562e-10,-9.049338535460638155e-10,9.627031559086840495e-10,-1.574044089947684855e-09,2.044876374566323429e-09,-3.407341165728022814e-09,5.097790001110449887e-09,-7.698745383821065102e-09,6.353674975902168232e-09,7.906751939810996443e-09,-4.639538136487486586e-08,6.457969074086244987e-08
1.407278086938186457e+00,-2.133613119072802766e-01,9.476746903636028285e-03,3.188187816191550422e-04,-9.029820744330769797e-05,1.135732223344395470e-05,-2.368275924917451203e-07,1.081929399088070454e-07,2.096952533446258538e-08,5.588739735318953850e-09,-4.881249831417688867e-10,3.379366465480759807e-10,-9.362063745771420642e-10,-8.992683160624626026e-11,-5.084496781937453136e-10,-2.384971664604051966e-10,-1.626865933634924488e-10,-3.851162999612967042e-10,1.359568950476397475e-10,-5.806181178208413840e-10,4.644699629248461026e-10,-9.021898670844019641e-10,9.588851470655745945e-10,-1.569075403461128726e-09,2.037134459384470908e-09,-3.396223575372753212e-09,5.082028394897547541e-09,-7.687229918590388067e-09,6.368723557206856789e-09,7.832130743436194198e-09,-4.631247529050808165e-08,6.457410685334341593e-08
1.408371031962153408e+00,-2.138990860602769384e-01,9.512826345524735827e-03,3.226887432364955802e-04,-9.142759397389723861e-05,1.148445229164941905e-05,-2.468285523042103302e-07,1.078054466508403253e-07,2.084344314463512648e-08,5.537399293872174999e-09,-5.014748876569496971e-10,3.358682073781316113e-10,-9.381680397824165851e-10,-8.895875529268959525e-11,-5.097150722332965955e-10,-2.372834428943093599e-10,-1.640773489297586707e-10,-3.836844314486498320e-10,1.342327811404420146e-10,-5.787578489374611834e-10,4.620900467822153246e-10,-8.994371861886785169e-10,9.550587790237152763e-10,-1.564095728802394891e-09,2.029381530009588541e-09,-3.385079859648254530e-09,5.066194810453977793e-09,-7.675505672016802450e-09,6.383411559757190545e-09,7.757654735610075569e-09,-4.622857215259845720e-08,6.456681121702612103e-08
1.409466933202641936e+00,-2.144375359111000412e-01,9.548939232165008784e-03,3.266029583904282718e-04,-9.256896365789687303e-05,1.161314626285832319e-05,-2.569231962591504714e-07,1.074200419439938492e-07,2.071978270901109198e-08,5.486320781358799969e-09,-5.146712726139535121e-10,3.338391577067945093e-10,-9.401203478892616872e-10,-8.798593451042613367e-11,-5.109826832494501758e-10,-2.360662360034737617e-10,-1.654719417043537533e-10,-3.822477750992092638e-10,1.325034942878389188e-10,-5.768909724923609872e-10,4.597033773610925689e-10,-8.966756235087580684e-10,9.512238332079481218e-10,-1.559104736374022915e-09,2.021617162301786452e-09,-3.373909397306681934e-09,5.050288736469996098e-09,-7.663571973196003917e-09,6.397738043333045521e-09,7.683325215640524064e-09,-4.614366487173948705e-08,6.455778684549828839e-08
1.410565796337706734e+00,-2.149766633726316045e-01,9.585084968289189072e-03,3.305618773680437175e-04,-9.372243644739089094e-05,1.174342045345789717e-05,-2.671124323260117006e-07,1.070365977535320257e-07,2.059856707252449848e-08,5.435495083108005110e-09,-5.277152152760589132e-10,3.318489571677019079e-10,-9.420635885964978584e-10,-8.700836579000892357e-11,-5.122524487921609193e-10,-2.348454902767471708e-10,-1.668704827095801591e-10,-3.808061921350969214e-10,1.307690102037017965e-10,-5.750173601160035730e-10,4.573097820564919758e-10,-8.939049309791835540e-10,9.473800958136047168e-10,-1.554102089205977588e-09,2.013840931036972592e-09,-3.362711583146382743e-09,5.034309656431687485e-09,-7.651428130840687292e-09,6.411701993988550008e-09,7.609143529672957040e-09,-4.605774631127879104e-08,6.454701668989759611e-08
1.411667627074499887e+00,-2.155164703620454092e-01,9.621262952178879363e-03,3.345659546991923070e-04,-9.488813343601918207e-05,1.187529131666583554e-05,-2.773971688389657853e-07,1.066549823441204081e-07,2.047982036431153507e-08,5.384912995544388625e-09,-5.406078735711861150e-10,3.298971078952162017e-10,-9.439979006820031771e-10,-8.602606647867272471e-11,-5.135244590670495768e-10,-2.336210946918271247e-10,-1.682729997010135037e-10,-3.793596270451615737e-10,1.290292352129629450e-10,-5.731368678263404348e-10,4.549091611218136766e-10,-8.911249420665012799e-10,9.435273261478027695e-10,-1.549087406092775066e-09,2.006052442649758349e-09,-3.351485848394897271e-09,5.018257039296827871e-09,-7.639073416800673533e-09,6.425302411655620105e-09,7.535110972678449315e-09,-4.597080925303198562e-08,6.453448351401158689e-08
1.412772431149460939e+00,-2.160569588008297015e-01,9.657472575603266718e-03,3.386156491953064632e-04,-9.606617686933873954e-05,1.200877545381963049e-05,-2.877783141122351729e-07,1.062750600165814074e-07,2.036356776952130687e-08,5.334565321597761756e-09,-5.533504019578083799e-10,3.279829983993121090e-10,-9.459233726166749179e-10,-8.503902790280015722e-11,-5.147988563214411784e-10,-2.323929937375623922e-10,-1.696795481898050184e-10,-3.779079549293129503e-10,1.272840235988503821e-10,-5.712493880705160620e-10,4.525014009326699949e-10,-8.883354468691706529e-10,9.396652973954477961e-10,-1.544060353533827090e-09,1.998251288395924696e-09,-3.340231576574870243e-09,5.002130361829448812e-09,-7.626507143691785284e-09,6.438538264173787606e-09,7.461228911619099957e-09,-4.588284647881468725e-08,6.452016995672771316e-08
1.413880214328509188e+00,-2.165981306148109797e-01,9.693713223757192965e-03,3.427114239889488684e-04,-9.725669015531049691e-05,1.214388961514765650e-05,-2.982567761360827019e-07,1.058966910385053528e-07,2.024983536798655170e-08,5.284442795676358440e-09,-5.659437996366478707e-10,3.261060596906895093e-10,-9.478402732826518573e-10,-8.404723444987993730e-11,-5.160756613720174357e-10,-2.311611457805895498e-10,-1.710902322593632618e-10,-3.764511063986120121e-10,1.255333302585537325e-10,-5.693547820706523765e-10,4.500863353892881058e-10,-8.855362484960771496e-10,9.357938139664678801e-10,-1.539020533843776795e-09,1.990437010742154844e-09,-3.328948156196276376e-09,4.985929100576741435e-09,-7.613728559511395710e-09,6.451408510708966926e-09,7.387498732538966273e-09,-4.579385064901186908e-08,6.450405846264439802e-08
1.414990982407236864e+00,-2.171399877341774198e-01,9.729984275198139132e-03,3.468537465739322811e-04,-9.845979787454243667e-05,1.228065070053028021e-05,-3.088334624020382113e-07,1.055197317240477717e-07,2.013865037014603288e-08,5.234535908893445111e-09,-5.783890445580641693e-10,3.242658303329037928e-10,-9.497488229898154444e-10,-8.305067918101816105e-11,-5.173548429937557813e-10,-2.299255508209085974e-10,-1.725050935430516574e-10,-3.749889704307562965e-10,1.237770719253461493e-10,-5.674529093141478242e-10,4.476638157391299444e-10,-8.827271491887445087e-10,9.319126481784067995e-10,-1.533967624797738516e-09,1.982609204630517152e-09,-3.317634987044792982e-09,4.969652710185012978e-09,-7.600736911823197106e-09,6.463912080936773386e-09,7.313921807604317760e-09,-4.570381438237514082e-08,6.448613135839886823e-08
1.416104741211102303e+00,-2.176825320935025232e-01,9.766285101782824773e-03,3.510430888453786383e-04,-9.967562579062940950e-05,1.241907576040365141e-05,-3.195092796908285959e-07,1.051440342101500613e-07,2.003004112398343306e-08,5.184835058687220499e-09,-5.906871606425889709e-10,3.224618063887851882e-10,-9.516491795980019930e-10,-8.204939332123739604e-11,-5.186365052700647738e-10,-2.286860145694902258e-10,-1.739242083687031482e-10,-3.735214637590189568e-10,1.220151271685843142e-10,-5.655436223495069470e-10,4.452337266230843582e-10,-8.799079338414617091e-10,9.280215649762335595e-10,-1.528901274680527500e-09,1.974767473026176057e-09,-3.306291461750363037e-09,4.953300632506985046e-09,-7.587531427374200055e-09,6.476047907134907522e-09,7.240499545410616911e-09,-4.561273026469636616e-08,6.446637079715600294e-08
1.417221496595630015e+00,-2.182257656317684313e-01,9.802615068603203613e-03,3.552799271400964784e-04,-1.009043008608806642e-04,1.255918199692760556e-05,-3.302851337432140266e-07,1.047694461984993719e-07,1.992403711372631170e-08,5.135330626016010314e-09,-6.028391548972000802e-10,3.206934743801848064e-10,-9.535414471906200617e-10,-8.104339074832545009e-11,-5.199207557537999236e-10,-2.274425925374856661e-10,-1.753476183696811574e-10,-3.720485031166731460e-10,1.202473884354127165e-10,-5.636267876030220947e-10,4.427959630903810506e-10,-8.770783960221351094e-10,9.241203080545545845e-10,-1.523821104888745115e-09,1.966911421713221642e-09,-3.294916975978695595e-09,4.936872307010134464e-09,-7.574111314263137773e-09,6.487814867804642116e-09,7.167233338940814935e-09,-4.552059076901038281e-08,6.444475880024169712e-08
1.418341254446605193e+00,-2.187696902923898512e-01,9.838973533922039383e-03,3.595647422775854682e-04,-1.021459512470295969e-04,1.270098676474243696e-05,-3.411619288232713154e-07,1.043958108397358142e-07,1.982066887267625033e-08,5.086012905101966464e-09,-6.148458959846780925e-10,3.189602609809938372e-10,-9.554258374039337198e-10,-8.003259339972590425e-11,-5.212076638339002699e-10,-2.261951181914412246e-10,-1.767753929349247244e-10,-3.705699636036285938e-10,1.184738106230209809e-10,-5.617023183385194685e-10,4.403503690159071837e-10,-8.742383275639475926e-10,9.202086744507231852e-10,-1.518726784090207449e-09,1.959040602265635367e-09,-3.283510897639924098e-09,4.920367177065065878e-09,-7.560475766277274801e-09,6.499211837977802997e-09,7.094124657505695986e-09,-4.542738833192283554e-08,6.442127719469281644e-08
1.419464020680276661e+00,-2.193143080232388964e-01,9.875359849107621241e-03,3.638980196016402754e-04,-1.034007063259448009e-04,1.284450757170832458e-05,-3.521405674859409696e-07,1.040229667291156512e-07,1.971996804132208903e-08,5.036872077843895790e-09,-6.267081992250567168e-10,3.172616839380859588e-10,-9.573025930992296040e-10,-7.901700301016223449e-11,-5.224971948158962931e-10,-2.249436331647203247e-10,-1.782076153311606959e-10,-3.690858174643096845e-10,1.166942931174475007e-10,-5.597700532267158025e-10,4.378967848051029677e-10,-8.713875333105081111e-10,9.162864898250300261e-10,-1.513617949294027154e-09,1.951154583170952583e-09,-3.272072613726140222e-09,4.903784681271894375e-09,-7.546623960724002655e-09,6.510237648450767356e-09,7.021174957405618144e-09,-4.533311532411987699e-08,6.439590765489056068e-08
1.420589801243558492e+00,-2.198596207766687904e-01,9.911773358567476516e-03,3.682802490221018937e-04,-1.046686967000162900e-04,1.298976207970590699e-05,-3.632219505115413805e-07,1.036507479264606180e-07,1.962196760152759567e-08,4.987898039911231596e-09,-6.384269688429478062e-10,3.155973468671469107e-10,-9.591718582585562203e-10,-7.799666815189176816e-11,-5.237894146192800804e-10,-2.236879570460814648e-10,-1.796443688251159188e-10,-3.675959120430505322e-10,1.149087491825184770e-10,-5.578298135910930711e-10,4.354350846905163941e-10,-8.685258198401490937e-10,9.123534835606128546e-10,-1.508494206284294314e-09,1.943252948095539057e-09,-3.260601497134807403e-09,4.887124229390957253e-09,-7.532555061900286786e-09,6.520891134356721075e-09,6.948385701879833398e-09,-4.523776403475565644e-08,6.436863172337714545e-08
1.421718602114232066e+00,-2.204056305095380142e-01,9.948213399682374891e-03,3.727119250565673336e-04,-1.059500542085092638e-04,1.313676810593602390e-05,-3.744069764035663772e-07,1.032789834912520299e-07,1.952670176420812087e-08,4.939080704754322815e-09,-6.500030934504519298e-10,3.139667050650052360e-10,-9.610337525778334111e-10,-7.697155066099803378e-11,-5.250844550830358060e-10,-2.224281037133124528e-10,-1.810856256612147774e-10,-3.661001363175486745e-10,1.131170573875905916e-10,-5.558815248385418073e-10,4.329651602519302145e-10,-8.656529564346482353e-10,9.084093976173546192e-10,-1.503355207682632866e-09,1.935335309111857471e-09,-3.249096937243262095e-09,4.870385229231027902e-09,-7.518268231501007426e-09,6.531171115216338752e-09,6.875758414015553655e-09,-4.514132672349402409e-08,6.433943070677239362e-08
1.422850429301151687e+00,-2.209523391832355355e-01,9.984679302739347256e-03,3.771935468732052002e-04,-1.072449119385661571e-04,1.328554362349954748e-05,-3.856965408899522274e-07,1.029074973954609284e-07,1.943420585700725289e-08,4.890409894750535891e-09,-6.614372782126620720e-10,3.123692372472564038e-10,-9.628884582030261541e-10,-7.594164012914017547e-11,-5.263823023293756620e-10,-2.211640037774742495e-10,-1.825315593118048696e-10,-3.645984486544406877e-10,1.113191518131717572e-10,-5.539250620689717408e-10,4.304868597010402809e-10,-8.627687236514858249e-10,9.044540520176946874e-10,-1.498200614784284124e-09,1.927401234273762309e-09,-3.237558294372222534e-09,4.853567114404891414e-09,-7.503762586985596172e-09,6.541076372386378512e-09,6.803294582205521301e-09,-4.504379557020155023e-08,6.430828582149050732e-08
1.423985288844454189e+00,-2.214997487637054285e-01,1.002117039086341047e-02,3.817256183337551512e-04,-1.085534042359758040e-04,1.343610676204183216e-05,-3.970915368003459511e-07,1.025361085838297215e-07,1.934451658580638167e-08,4.841875211533674950e-09,-6.727303063572276365e-10,3.108045184066487998e-10,-9.647361468717585709e-10,-7.490697125078771279e-11,-5.276830535028143032e-10,-2.198955462162643926e-10,-1.839821905935679069e-10,-3.630907102758484939e-10,1.095149353147473192e-10,-5.519602414016944181e-10,4.280000511988624190e-10,-8.598729523551229548e-10,9.004872130076446712e-10,-1.493030043781679028e-09,1.919450276673118072e-09,-3.225984926457162172e-09,4.836669269302554253e-09,-7.489037239741952456e-09,6.550605672478448938e-09,6.730995757292523862e-09,-4.494516269229476002e-08,6.427517812435112887e-08
1.425123186815765219e+00,-2.220478612214713265e-01,1.005768597994949332e-02,3.863086480364492925e-04,-1.098756667165055184e-04,1.358847580905419086e-05,-4.085928537009460293e-07,1.021646305948351041e-07,1.925767192456975807e-08,4.793466202527435494e-09,-6.838828327422608044e-10,3.092720359323952728e-10,-9.665769903216547831e-10,-7.386747290227813068e-11,-5.289867571756090570e-10,-2.186226755185316506e-10,-1.854375888954429286e-10,-3.615768517928330539e-10,1.077043315644843346e-10,-5.499869691616421363e-10,4.255045985696037647e-10,-8.569654144294225340e-10,8.965086450984927069e-10,-1.487843120408227637e-09,1.911482019108928787e-09,-3.214376203142937927e-09,4.819691090890768082e-09,-7.474091296821167019e-09,6.559757766491647324e-09,6.658863480578369742e-09,-4.484542014994430392e-08,6.424008845012929569e-08
1.426264129318411289e+00,-2.225966785316619290e-01,1.009422537859346047e-02,3.909431493601366048e-04,-1.112118362771321277e-04,1.374266921038954162e-05,-4.202013774673267477e-07,1.017928715806373785e-07,1.917371121595845551e-08,4.745172230841143701e-09,-6.948955594970884775e-10,3.077713396637538068e-10,-9.684111568208919607e-10,-7.282316590029314085e-11,-5.302934411033355389e-10,-2.173453222953369846e-10,-1.868978583008384931e-10,-3.600567760608797130e-10,1.058872260706333890e-10,-5.480050666722968700e-10,4.230003500249601700e-10,-8.540459121159083011e-10,8.925181262456338693e-10,-1.482639486009851293e-09,1.903496063028475849e-09,-3.202731499278577143e-09,4.802631992832998020e-09,-7.458923819737839356e-09,6.568531354250728427e-09,6.586899334130869033e-09,-4.474455991484993511e-08,6.420299752257774273e-08
1.427408122487631825e+00,-2.231462026740363980e-01,1.013078788802201577e-02,3.956296405081757839e-04,-1.125620511072769094e-04,1.389870557114494809e-05,-4.319179899184115434e-07,1.014206340681222951e-07,1.909267518520815776e-08,4.696982482208650334e-09,-7.057691466839932648e-10,3.063019594906624121e-10,-9.702387435139847582e-10,-7.177405197955621929e-11,-5.316032128388492595e-10,-2.160634171577413554e-10,-1.883629779930728887e-10,-3.585303581798982009e-10,1.040635112803389717e-10,-5.460144125030153006e-10,4.204871815322031026e-10,-8.511142129616344754e-10,8.885154200929945567e-10,-1.477418803182833917e-09,1.895491967161475055e-09,-3.191050144610296790e-09,4.785491345641462724e-09,-7.443533900364229794e-09,6.576925149458234809e-09,6.515104930375492653e-09,-4.464257389105719120e-08,6.416388582952681219e-08
1.428555172490795222e+00,-2.236964356330096160e-01,1.016737280202294896e-02,4.003686445531512081e-04,-1.139264507003987480e-04,1.405660365646696497e-05,-4.437435684075119458e-07,1.010477148673943892e-07,1.901460589719475291e-08,4.648886000116481121e-09,-7.165041338019761952e-10,3.048634695385077364e-10,-9.720600036705606684e-10,-7.072011726227955819e-11,-5.329160376876806993e-10,-2.147769045945935318e-10,-1.898330659333424819e-10,-3.569975148831616707e-10,1.022331351518968034e-10,-5.440148644064723982e-10,4.179649369662197245e-10,-8.481701313511891271e-10,8.845003280147367697e-10,-1.472180679879669940e-09,1.887469308885919572e-09,-3.179331517673411600e-09,4.768268514841050854e-09,-7.427920572025681345e-09,6.584937837193771681e-09,6.443481853982135910e-09,-4.453945397740743939e-08,6.412273378941790725e-08
1.429705285527613334e+00,-2.242473793976779983e-01,1.020397940687331820e-02,4.051606894816452836e-04,-1.153051758651557797e-04,1.421638239237910106e-05,-4.556789856254364612e-07,1.006739048202420772e-07,1.893954705177100517e-08,4.600871674528134170e-09,-7.271012130057041833e-10,3.034554326569738336e-10,-9.738749928017709223e-10,-6.966134960539882570e-11,-5.342320856527305040e-10,-2.134857013391666669e-10,-1.913081915105863118e-10,-3.554581906595188912e-10,1.003959623768757581e-10,-5.420062818700666085e-10,4.154335217845805950e-10,-8.452134608524786152e-10,8.804725854655304218e-10,-1.466924753976833751e-09,1.879427708080527726e-09,-3.167574984860171972e-09,4.750962853813586739e-09,-7.412082861108643117e-09,6.592568100802220776e-09,6.372031752938100979e-09,-4.443519195131140354e-08,6.407952155007556883e-08
1.430858467830360858e+00,-2.247990359618448619e-01,1.024060698126842348e-02,4.100063082395138600e-04,-1.166983687373801884e-04,1.437806086671856998e-05,-4.677251088736414375e-07,1.002989885559753269e-07,1.886754364029130659e-08,4.552928339895956356e-09,-7.375609099163904503e-10,3.020773240922092207e-10,-9.756838358077057904e-10,-6.859765186439936713e-11,-5.355514122451499048e-10,-2.121897657580973373e-10,-1.927884032970617056e-10,-3.539122189755161685e-10,9.855191662744289260e-11,-5.399885538714954691e-10,4.128927807295346142e-10,-8.422439429917050191e-10,8.764319764723027539e-10,-1.461650676794906678e-09,1.871366698104684478e-09,-3.155779863340049674e-09,4.733573749551162058e-09,-7.396019794433245087e-09,6.599814518677693531e-09,6.300756307323074346e-09,-4.432977952079086847e-08,6.403422916911871710e-08
1.432014725664095822e+00,-2.253514073240472093e-01,1.027725479624927094e-02,4.149060387780992634e-04,-1.181061727917533284e-04,1.454165832960900226e-05,-4.798827997060106654e-07,9.992274456992189524e-08,1.879864216548787770e-08,4.505044516253664533e-09,-7.478836083416040559e-10,3.007287309800266151e-10,-9.774867842232692894e-10,-6.752907608098546177e-11,-5.368739619537876706e-10,-2.108890284624465039e-10,-1.942737845594955104e-10,-3.523595304422144636e-10,9.670091810631831208e-11,-5.379615225509226661e-10,4.103425516044367782e-10,-8.392613982249885751e-10,8.723782950366409938e-10,-1.456358028964488405e-09,1.863285827496605207e-09,-3.143945510614837291e-09,4.716100578420687195e-09,-7.379730356752572940e-09,6.606675718653920448e-09,6.229657182471592947e-09,-4.422320836437731995e-08,6.398683643354940997e-08
1.433174065326880964e+00,-2.259044954875813749e-01,1.031392211512887486e-02,4.198604241001848564e-04,-1.195287328532319143e-04,1.470719419434298597e-05,-4.921529136877288158e-07,9.954494487214582410e-08,1.873289076246772988e-08,4.457208630827269591e-09,-7.580698234942173652e-10,2.994092179048335467e-10,-9.792839282540821699e-10,-6.645562919405101354e-11,-5.381998527398401677e-10,-2.095834200632751276e-10,-1.957644046868267651e-10,-3.507999862817356984e-10,9.484286619954040987e-11,-5.359250439262996935e-10,4.077827216522611486e-10,-8.362656140487034762e-10,8.683112874552367799e-10,-1.451046459637755914e-09,1.855184678187932201e-09,-3.132071259032837007e-09,4.698542675372549549e-09,-7.363213561876330582e-09,6.613150342442419838e-09,6.158736082749471930e-09,-4.411547010162164550e-08,6.393732307485855415e-08
1.434336493150008884e+00,-2.264583024605295869e-01,1.035060819341897947e-02,4.248700123067007325e-04,-1.209661951090683536e-04,1.487468803825896940e-05,-5.045362997824903717e-07,9.916535484693483893e-08,1.867033910070078906e-08,4.409408948212456547e-09,-7.681199929582271935e-10,2.981183373079732135e-10,-9.810754222905337940e-10,-6.537726957023259899e-11,-5.395291505227994833e-10,-2.082728156604929382e-10,-1.972603469457823167e-10,-3.492335726162920650e-10,9.297768804872319492e-11,-5.338789462600024294e-10,4.052131226048305557e-10,-8.332563927043734608e-10,8.642307538012095058e-10,-1.445715630109950522e-09,1.847062857480638587e-09,-3.120156450049649255e-09,4.680899374923455647e-09,-7.346468360730495917e-09,6.619236945885897949e-09,6.087994723798229035e-09,-4.400655626707328238e-08,6.388566858861466358e-08
1.435502015498228312e+00,-2.270128302557864464e-01,1.038731227875536178e-02,4.299353566437381924e-04,-1.224187071208358499e-04,1.504415960332499552e-05,-5.170337999539469098e-07,9.878373306241444718e-08,1.861103848246545289e-08,4.361633457183877738e-09,-7.780344680151374259e-10,2.968556928051313548e-10,-9.828614051105022398e-10,-6.429398853591283824e-11,-5.408618969360290407e-10,-2.069571736207365120e-10,-1.987616460308316846e-10,-3.476601367902176776e-10,9.110526222322334888e-11,-5.318231532241979309e-10,4.026336555829068686e-10,-8.302334809223710366e-10,8.601364156514412773e-10,-1.440365128384246685e-09,1.838919929525451025e-09,-3.108200420133544473e-09,4.663170014842718536e-09,-7.329493696001110337e-09,6.624934050132591512e-09,6.017434847280234145e-09,-4.389645827211630102e-08,6.383185230385279851e-08
1.436670638769970587e+00,-2.275680808910855168e-01,1.042403361082269719e-02,4.350570155501470859e-04,-1.238864178364426638e-04,1.521562879700476267e-05,-5.296462486006209280e-07,9.839983099993107607e-08,1.855504191353857246e-08,4.313870031157074347e-09,-7.878136259673040875e-10,2.956208403070981205e-10,-9.846420016140777776e-10,-6.320579302998563520e-11,-5.421981058573166479e-10,-2.056364800662180414e-10,-2.002683782698078119e-10,-3.460795677812100735e-10,8.922547770073840923e-11,-5.297575121632203121e-10,4.000441714002711535e-10,-8.271966714032408241e-10,8.560280565991784663e-10,-1.434994593204480529e-09,1.830755444378467933e-09,-3.096202500114941802e-09,4.645353938754342993e-09,-7.312288510807896103e-09,6.630240196280057230e-09,5.947058216541900588e-09,-4.378516755415562400e-08,6.377585336225788382e-08
1.437842369397581699e+00,-2.281240563890270245e-01,1.046077142127853354e-02,4.402355527056683177e-04,-1.253694776022591315e-04,1.538911569281837394e-05,-5.423744721239597000e-07,9.801339303713851869e-08,1.850240404725062016e-08,4.266106318033535683e-09,-7.974577343958233477e-10,2.944133539392601584e-10,-9.864173818041610531e-10,-6.211260845934152286e-11,-5.435378397367074399e-10,-2.043105962190594482e-10,-2.017806269294375454e-10,-3.444917684447545980e-10,8.733825815343543297e-11,-5.276818218491463597e-10,3.974444931151288607e-10,-8.241457681232300381e-10,8.519054814880300253e-10,-1.429603666783935134e-09,1.822568969226182056e-09,-3.084162020390579517e-09,4.627450477271907725e-09,-7.294851729622298109e-09,6.635153896802914453e-09,5.876866631358834692e-09,-4.367267543957387144e-08,6.371765072510360284e-08
1.439017213847553656e+00,-2.286807587771040040e-01,1.049752493367640468e-02,4.454715370791678328e-04,-1.268680381751974111e-04,1.556464053106484946e-05,-5.552192884673325113e-07,9.762415616437064569e-08,1.845318133453927034e-08,4.218329731093400925e-09,-8.069671051172400134e-10,2.932328208374301859e-10,-9.881876532336075769e-10,-6.101446778372654478e-11,-5.448812338826325430e-10,-2.029794804458973090e-10,-2.032984197652965008e-10,-3.428966832697000200e-10,8.544352031458757324e-11,-5.255959660555031832e-10,3.948344992968366718e-10,-8.210805282210520417e-10,8.477684283747510818e-10,-1.424191953171977110e-09,1.814360095324374367e-09,-3.072078303117259379e-09,4.609458925664000617e-09,-7.277182247425462158e-09,6.639673645961186033e-09,5.806861887169834091e-09,-4.355897319403834178e-08,6.365722322182465476e-08
1.440195178620758965e+00,-2.292381900877302758e-01,1.053429336338860059e-02,4.507655429775480130e-04,-1.283822527351451137e-04,1.574222371964091594e-05,-5.681815065661233177e-07,9.723184965851339179e-08,1.840743207425638017e-08,4.170527534430590322e-09,-8.163419792581172452e-10,2.920788290047826585e-10,-9.899529373330606674e-10,-5.991131202254251775e-11,-5.462283091117736689e-10,-2.016430633577925846e-10,-2.048218192274298133e-10,-3.412941596003804534e-10,8.354114275355151165e-11,-5.234998268210944161e-10,3.922140745862834343e-10,-8.180007279173784340e-10,8.436166526633315232e-10,-1.418759081571463465e-09,1.806128387040611960e-09,-3.059950656573995342e-09,4.591378590258071712e-09,-7.259278951825959281e-09,6.643797905055148778e-09,5.737045847935273724e-09,-4.344405200168433012e-08,6.359454944593334602e-08
1.441376270252687330e+00,-2.297963523582679524e-01,1.057107591752796949e-02,4.561181500953286755e-04,-1.299122758975511556e-04,1.592188583447902428e-05,-5.812619255684062236e-07,9.683619502705992366e-08,1.836521621324110898e-08,4.122686774864908754e-09,-8.255824648049914227e-10,2.909509404236398922e-10,-9.917134544124017737e-10,-5.880312556327815798e-11,-5.475790515463430097e-10,-2.003012755658062360e-10,-2.063509987881850805e-10,-3.396841280478568592e-10,8.163105955083516108e-11,-5.213932445513602687e-10,3.895830559194624065e-10,-8.149061737905416436e-10,8.394499414164646733e-10,-1.413304664271697320e-09,1.797873384673173702e-09,-3.047778410290163942e-09,4.573208827254870990e-09,-7.241140712651444877e-09,6.647525079006566529e-09,5.667420355064123338e-09,-4.332790301889155593e-08,6.352960782440852938e-08
1.442560495313683688e+00,-2.303552476310548602e-01,1.060787179486884051e-02,4.615299435642419498e-04,-1.314582637255787972e-04,1.610364762035746550e-05,-5.944613345877473864e-07,9.643690580211222718e-08,1.832659567244793175e-08,4.074794212119425829e-09,-8.346887321944440608e-10,2.898487456992615563e-10,-9.934692790647403626e-10,-5.768988065035784985e-11,-5.489335479225143644e-10,-1.989540199254236086e-10,-2.078859445697744945e-10,-3.380664359564633514e-10,7.971317009247691487e-11,-5.192760769989757108e-10,3.869413010490485583e-10,-8.117966481327454353e-10,8.352680777937160350e-10,-1.407828329608173945e-09,1.789594680128361870e-09,-3.035560889024652154e-09,4.554948895493793337e-09,-7.222766388453871755e-09,6.650853617840013499e-09,5.597987295935524799e-09,-4.321051730316050055e-08,6.346237661075670999e-08
1.443747860409188677e+00,-2.309148779534326290e-01,1.064468018576724198e-02,4.670015140035592080e-04,-1.330203737427973140e-04,1.628752999140864466e-05,-6.077805120687299056e-07,9.603368718476279486e-08,1.829163430748168007e-08,4.026836447623693971e-09,-8.436609249748427963e-10,2.887718293653751545e-10,-9.952205205776554209e-10,-5.657157901850506931e-11,-5.502919023236962914e-10,-1.976012131699178553e-10,-2.094267051444553829e-10,-3.364410139372608910e-10,7.778735988672735857e-11,-5.171481437526992408e-10,3.842886720645255494e-10,-8.086719358382787881e-10,8.310708093928198537e-10,-1.402329692905962544e-09,1.781291847531563111e-09,-3.023297409296410443e-09,4.536598071595149273e-09,-7.204154801355999727e-09,6.653781925609891790e-09,5.528748571806407774e-09,-4.309188585127632365e-08,6.339283389888983322e-08
1.444938372179982444e+00,-2.314752453777751684e-01,1.068150027208063409e-02,4.725334575708881046e-04,-1.345987649459343821e-04,1.647355403179345465e-05,-6.212202251043401346e-07,9.562623591282196078e-08,1.826039795109826724e-08,3.978799772725444273e-09,-8.524990938868493018e-10,2.877198158543481377e-10,-9.969672917081728869e-10,-5.544819985103810467e-11,-5.516541702610400222e-10,-1.962427997881377451e-10,-2.109733915345302080e-10,-3.348078064790982467e-10,7.585355260575354919e-11,-5.150093389943988242e-10,3.816250215143979219e-10,-8.055317793007055194e-10,8.268578920514468855e-10,-1.396808370791174925e-09,1.772964432818907587e-09,-3.010987238618451078e-09,4.518155679667304470e-09,-7.185304796465674659e-09,6.656308359533069652e-09,5.459706113424001028e-09,-4.297199960451303369e-08,6.332095752598076999e-08
1.446132037302428452e+00,-2.320363519615162573e-01,1.071833122708649479e-02,4.781263760134024307e-04,-1.361935978177403542e-04,1.666174099632534295e-05,-6.347812287759053984e-07,9.521423995984337751e-08,1.823295444616443439e-08,3.930670293590676767e-09,-8.612032371957401011e-10,2.866923122513131972e-10,-9.987097659286403584e-10,-5.431970671876396040e-11,-5.530203309178638449e-10,-1.948787242689320465e-10,-2.125260453733623933e-10,-3.331666470485217246e-10,7.391163722725302421e-11,-5.128595065989616231e-10,3.789502028145319557e-10,-8.023759590775059181e-10,8.226291054597156815e-10,-1.391263988563540277e-09,1.764611990816983278e-09,-2.998629696979171477e-09,4.499621003052622914e-09,-7.166215178558421606e-09,6.658431277693777073e-09,5.390861877556385462e-09,-4.285084937750982537e-08,6.324672528063013388e-08
1.447328862488721724e+00,-2.325981997671786872e-01,1.075517221540014078e-02,4.837808767195941190e-04,-1.378050343394943145e-04,1.685211231083894035e-05,-6.484642657120405496e-07,9.479737840198398935e-08,1.820937371634773205e-08,3.882433836227550117e-09,-8.697734021727299147e-10,2.856889108962534785e-10,-1.000447997015485591e-09,-5.318611176474696833e-11,-5.543905091942580299e-10,-1.935089033455739127e-10,-2.140847568665726897e-10,-3.315174107454410546e-10,7.196150619837027307e-11,-5.106984887065513234e-10,3.762641006058164983e-10,-7.992042869511828407e-10,8.183842119605100329e-10,-1.385696155042914768e-09,1.756234097385900306e-09,-2.986224105234330795e-09,4.480993311215680786e-09,-7.146884731593083906e-09,6.660148985267178023e-09,5.322217859135558449e-09,-4.272842602133508638e-08,6.317011460449384330e-08
1.448528854487135753e+00,-2.331607908624027392e-01,1.079202239289223444e-02,4.894975727713964803e-04,-1.394332380043926747e-04,1.704468957296027820e-05,-6.622700652399345078e-07,9.437532103202805889e-08,1.818972775657554108e-08,3.834076018043724998e-09,-8.782094912396232189e-10,2.847091520874478476e-10,-1.002182146297991849e-09,-5.204731090557856987e-11,-5.557647397846920967e-10,-1.921332398735486890e-10,-2.156495745864184244e-10,-3.298600143031293896e-10,7.000305890514368912e-11,-5.085261517434602752e-10,3.735665509568830700e-10,-7.960165087847470566e-10,8.141229873408206696e-10,-1.380104512442581477e-09,1.747830316676385332e-09,-2.973769731547462603e-09,4.462271871235809484e-09,-7.127312246467398804e-09,6.661459832531246850e-09,5.253776066103943432e-09,-4.260472025174877331e-08,6.309110286289998371e-08
1.449732020082277195e+00,-2.337241273199756053e-01,1.082888090660481632e-02,4.952770829969978597e-04,-1.410783738303969699e-04,1.723949455245329943e-05,-6.761993427847022564e-07,9.394772827481939759e-08,1.817409069028094737e-08,3.785582102129592119e-09,-8.865113300567106780e-10,2.837527287788410568e-10,-1.003912401126294540e-09,-5.090335271351609236e-11,-5.571430330975069012e-10,-1.907517199750685677e-10,-2.172205887385203482e-10,-3.281943744548598829e-10,6.803622248918728133e-11,-5.063423361151286883e-10,3.708574046815127367e-10,-7.928124276870840426e-10,8.098452017497870248e-10,-1.374488619275415768e-09,1.739400197443494167e-09,-2.961265906532145609e-09,4.443455938916637815e-09,-7.107496438184951471e-09,6.662362085629869313e-09,5.185538481250473453e-09,-4.247972273940803234e-08,6.300966717137646000e-08
1.450938366095339216e+00,-2.342882112178599485e-01,1.086574689466663149e-02,5.011200320239736147e-04,-1.427406083732386463e-04,1.743654919174938284e-05,-6.902527993472330758e-07,9.351425086156703315e-08,1.816253898927894239e-08,3.736937077922913852e-09,-8.946788245152437202e-10,2.828192272388840856e-10,-1.005638825685162274e-09,-4.975417820796135260e-11,-5.585254862772170981e-10,-1.893641909944676627e-10,-2.187978617729235964e-10,-3.265203940561178797e-10,6.606088592819858718e-11,-5.041468926353376290e-10,3.681365290733595863e-10,-7.895917713066080701e-10,8.055505845705468460e-10,-1.368848134234573743e-09,1.730943303404272604e-09,-2.948711889678296005e-09,4.424544759870294164e-09,-7.087436068153180058e-09,6.662854011574292912e-09,5.117507180171787518e-09,-4.235342404394770721e-08,6.292578449279551123e-08
1.452147899384355512e+00,-2.348530446392235183e-01,1.090261948620818364e-02,5.070270503330373893e-04,-1.444201097398883221e-04,1.763587560659699710e-05,-7.044311205951954424e-07,9.307452948116579083e-08,1.815515138963233466e-08,3.688125685928633768e-09,-9.027117885661295471e-10,2.819082146540696776e-10,-1.007361501506598422e-09,-4.859973187776311931e-11,-5.599121374877391588e-10,-1.879706668095337818e-10,-2.203814769563550158e-10,-3.248379065734496862e-10,6.407694166932209612e-11,-5.019396877303794469e-10,3.654037671399490428e-10,-7.863543306091402840e-10,8.012389315394108369e-10,-1.363182649660038548e-09,1.722459202829415559e-09,-2.936106973218735594e-09,4.405537586864641253e-09,-7.067129878263883613e-09,6.662933852222274744e-09,5.049684245403418537e-09,-4.222581470418595995e-08,6.283943162349592271e-08
1.453360626844460768e+00,-2.354186296724690708e-01,1.093949780127539614e-02,5.129987743122382121e-04,-1.461170476017483594e-04,1.783749608622563210e-05,-7.187349762411386622e-07,9.262819461669860588e-08,1.815200889165174969e-08,3.639132384325449721e-09,-9.106099767459963079e-10,2.810193596922139214e-10,-1.009080556960140207e-09,-4.744006923407262377e-11,-5.613030595874590745e-10,-1.865709392534498079e-10,-2.219715244944353572e-10,-3.231468703734918790e-10,6.208431338472486516e-11,-4.997205305806717845e-10,3.626589801034030280e-10,-7.830999095709278990e-10,7.969099863509854220e-10,-1.357491749651856816e-09,1.713947460086490127e-09,-2.923450453506254432e-09,4.386433688713733958e-09,-7.046576589158498605e-09,6.662599826880166720e-09,4.982071826267753245e-09,-4.209688517393950224e-08,6.275058506838293582e-08
1.454576555408150229e+00,-2.359849684112633739e-01,1.097638095074269550e-02,5.190358463115635201e-04,-1.478315932081815387e-04,1.804143309391131877e-05,-7.331650191148494922e-07,9.217486618591508307e-08,1.815319484272867601e-08,3.589941362409920789e-09,-9.183730824424696237e-10,2.801522312745330368e-10,-1.010796115211154422e-09,-4.627513823518558667e-11,-5.626982768625055087e-10,-1.851650360817913565e-10,-2.235679905093768127e-10,-3.214471605561541878e-10,6.008290739933919156e-11,-4.974892962861243717e-10,3.599020343900138919e-10,-7.798282436466408285e-10,7.925635096134309165e-10,-1.351775080760120318e-09,1.705407598777061717e-09,-2.910741566612001785e-09,4.367232291730901994e-09,-7.025774881146140682e-09,6.661850128833468609e-09,4.914672011371856719e-09,-4.196662582028887201e-08,6.265922124215617117e-08
1.455795692045543488e+00,-2.365520629545680986e-01,1.101326803622519959e-02,5.251389146983843903e-04,-1.495639193999586357e-04,1.824770926729755299e-05,-7.477218845904597122e-07,9.171415334000357356e-08,1.815879510343523795e-08,3.540536371460928367e-09,-9.260007795275360110e-10,2.793065310285891556e-10,-1.012508290751390483e-09,-4.510491286024986834e-11,-5.640979038046278760e-10,-1.837528601500437730e-10,-2.251710415346330763e-10,-3.197386799769219579e-10,5.807259187418090107e-11,-4.952458252521774185e-10,3.571327599968809885e-10,-7.765391055875037196e-10,7.881992771137380505e-10,-1.346032238360578281e-09,1.696839196062283062e-09,-2.897979643149556361e-09,4.347932624614719854e-09,-7.004723400708817715e-09,6.660682924479466305e-09,4.847486936160327886e-09,-4.183502699123264890e-08,6.256531635828732618e-08
1.457018043764649828e+00,-2.371199154066696568e-01,1.105015814998997273e-02,5.313086339130967950e-04,-1.513142006229692416e-04,1.845634741886150246e-05,-7.624061897368653029e-07,9.124565404075232755e-08,1.816889811734681559e-08,3.490900964131515849e-09,-9.334926694484768639e-10,2.784818087936402620e-10,-1.014217225828173419e-09,-4.392927514806910239e-11,-5.655019300054853204e-10,-1.823343420692680183e-10,-2.267806567535224360e-10,-3.180212343467658798e-10,5.605330435920485854e-11,-4.929900047218049863e-10,3.543510250850201437e-10,-7.732322716141881713e-10,7.838170438222158420e-10,-1.340262825635235577e-09,1.688241815876040386e-09,-2.885163934585738277e-09,4.328533906956463784e-09,-6.983420847237603590e-09,6.659096368939743105e-09,4.780518843630621184e-09,-4.170207889252208755e-08,6.246884633881455429e-08
1.458243617611636012e+00,-2.376885278772098986e-01,1.108705037486620859e-02,5.375456645254897067e-04,-1.530826129417231160e-04,1.866737053616684266e-05,-7.772185324876612622e-07,9.076895495082823451e-08,1.818359477660097534e-08,3.441018328782796676e-09,-9.408483128865718914e-10,2.776776707874573091e-10,-1.015923017586017885e-09,-4.274823897643109660e-11,-5.669104213845699292e-10,-1.809094124505250534e-10,-2.283969610661351624e-10,-3.162948236656859535e-10,5.402490607653298582e-11,-4.907216195892960542e-10,3.515566787334889476e-10,-7.699075274883449005e-10,7.794165781532802484e-10,-1.334466431454628399e-09,1.679614988758793004e-09,-2.872293703229389372e-09,4.309035383717740864e-09,-6.961865837290526215e-09,6.657088566161539767e-09,4.713769911728060702e-09,-4.156777174031678346e-08,6.236978704332596379e-08
1.459472420671098059e+00,-2.382579024812166990e-01,1.112394378415504197e-02,5.438506732915026481e-04,-1.548693340533003997e-04,1.888080178218598179e-05,-7.921594908848021699e-07,9.028363107642378704e-08,1.820297866519243746e-08,3.390871237442250052e-09,-9.480672375633547588e-10,2.768937856778563855e-10,-1.017625744087480300e-09,-4.156184250925232249e-11,-5.683234195752451257e-10,-1.794779741493002234e-10,-2.300200654947737178e-10,-3.145592952780162932e-10,5.198731028999148407e-11,-4.884405206684316880e-10,3.487495899706649638e-10,-7.665646416243898642e-10,7.749976220668142179e-10,-1.328642684587932887e-09,1.670958281463352790e-09,-2.859368207269383233e-09,4.289436240445879123e-09,-6.940057034696828220e-09,6.654657657388651781e-09,4.647242408603591279e-09,-4.143209563975402965e-08,6.226811403303722514e-08
1.460704460066331922e+00,-2.388280413391348223e-01,1.116083744153812361e-02,5.502243332105903953e-04,-1.566745433012528207e-04,1.909666449556937651e-05,-8.072296220841719550e-07,8.978924525421261293e-08,1.822714611838735510e-08,3.340442230118090272e-09,-9.551489482152730748e-10,2.761297501416293265e-10,-1.019325474721499702e-09,-4.037000941869983706e-11,-5.697410321303664205e-10,-1.780398883877154503e-10,-2.316499561616502945e-10,-3.128145520392422441e-10,4.994041985506569858e-11,-4.861465743855042376e-10,3.459295896610092846e-10,-7.632033329971199542e-10,7.705599309668076380e-10,-1.322791177808813057e-09,1.662271254454159020e-09,-2.846386713134529955e-09,4.269735700418442192e-09,-6.917993043437792311e-09,6.651801725751638195e-09,4.580938582458837782e-09,-4.129504062658218011e-08,6.216380270956944898e-08
1.461939742959608601e+00,-2.393989465768570912e-01,1.119773040098532950e-02,5.566673235836453945e-04,-1.584984216895487033e-04,1.931498219085153040e-05,-8.224294614773801360e-07,8.928534801170423529e-08,1.825619614119131096e-08,3.289713512884262503e-09,-9.620928771540693258e-10,2.753851998868461770e-10,-1.021022370817359359e-09,-3.917270501030412078e-11,-5.711632833360624772e-10,-1.765952384324975810e-10,-2.332867510279612588e-10,-3.110604274159101124e-10,4.788416191336963834e-11,-4.838396419626356249e-10,3.430965234141325482e-10,-7.598233917049945774e-10,7.661032810739321075e-10,-1.316911503023571184e-09,1.653553442391639261e-09,-2.833348499613544402e-09,4.249932968047875903e-09,-6.895672435835997760e-09,6.648518802339353773e-09,4.514860716189894596e-09,-4.115659666889537327e-08,6.205682831494918616e-08
1.463178276552454804e+00,-2.399706203257555015e-01,1.123462170666163565e-02,5.631803300714995769e-04,-1.603411518968081081e-04,1.953577855870382990e-05,-8.377595217710573361e-07,8.877147725846329385e-08,1.829023058138798397e-08,3.238666778770243893e-09,-9.688983205156931344e-10,2.746597749583856718e-10,-1.022716553805702588e-09,-3.796990846738346193e-11,-5.725902044173558636e-10,-1.751438299946173061e-10,-2.349304986659639383e-10,-3.092968658968686668e-10,4.581839421757827324e-11,-4.815195481927547760e-10,3.402502559216036282e-10,-7.564245757540888349e-10,7.616274260574540378e-10,-1.311003254306913890e-09,1.644804401837104968e-09,-2.820252801042852364e-09,4.230027246011902609e-09,-6.873093840592536807e-09,6.644806940792058469e-09,4.449011179429029905e-09,-4.101675366886825547e-08,6.194716579976944359e-08
1.464420068085930726e+00,-2.405430647227139729e-01,1.127151039283308571e-02,5.697640447540558775e-04,-1.622029182904043999e-04,1.975907746601217319e-05,-8.532202921333713330e-07,8.824715789449572023e-08,1.832935418244821535e-08,3.187283405953200699e-09,-9.755645718340089090e-10,2.739530807066570262e-10,-1.024408115626873617e-09,-3.676158162602138901e-11,-5.740218751715264744e-10,-1.736855659295599708e-10,-2.365812892812790835e-10,-3.075237425820276371e-10,4.374302309262390054e-11,-4.791861248076845214e-10,3.373906284562244728e-10,-7.530066674366064916e-10,7.571321286939380890e-10,-1.305066037009250390e-09,1.636023672438313703e-09,-2.807098888188072627e-09,4.210017715954722517e-09,-6.850255799238647025e-09,6.640664164392351410e-09,4.383392290634169353e-09,-4.087550148183793919e-08,6.183479000360092570e-08
1.465665124840913602e+00,-2.411162819101587418e-01,1.130839548377152344e-02,5.764191661896244517e-04,-1.640839069404951243e-04,1.998490295614368389e-05,-8.688122372473017219e-07,8.771190145463042542e-08,1.837367472664469537e-08,3.135544408318369225e-09,-9.820909467606053767e-10,2.732647606459859269e-10,-1.026097096179512391e-09,-3.554770366953619032e-11,-5.754583407013846852e-10,-1.722203907261743439e-10,-2.382391783850579259e-10,-3.057409603268723686e-10,4.165794098565100967e-11,-4.768392087434181192e-10,3.345175187199900257e-10,-7.495694204218139589e-10,7.526171357137567686e-10,-1.299099444337925569e-09,1.627210818129151693e-09,-2.793885996036152286e-09,4.189903557135291057e-09,-6.827156866315992056e-09,6.636088473004064792e-09,4.318006420304942861e-09,-4.073282984864978751e-08,6.171967556478641370e-08
1.466913454138383477e+00,-2.416902740360915569e-01,1.134527599365886541e-02,5.831463994751002328e-04,-1.659843056346539669e-04,2.021327924900135492e-05,-8.845357962672037444e-07,8.716520571560443242e-08,1.842330305153183634e-08,3.083430387754160229e-09,-9.884766204344697105e-10,2.725944183920581132e-10,-1.027783642915114370e-09,-3.432821214788273068e-11,-5.768996599875286790e-10,-1.707482349955213863e-10,-2.399042839384968318e-10,-3.039483803535247830e-10,3.956308544661446547e-11,-4.744786612220774913e-10,3.316307402301266194e-10,-7.461125953178715520e-10,7.480822137966025576e-10,-1.293103076872859081e-09,1.618365367498514340e-09,-2.780613356755112786e-09,4.169683963991394071e-09,-6.803795577717958176e-09,6.631077800571538727e-09,4.252856002258387225e-09,-4.058872844769911836e-08,6.160179681635735705e-08
1.468165063339711196e+00,-2.422650432541214316e-01,1.138215092649017858e-02,5.899464563069341250e-04,-1.679043038924099042e-04,2.044423074103749252e-05,-9.003913817588922452e-07,8.660655437947584190e-08,1.847835304734368744e-08,3.030921525478541545e-09,-9.947207215907361011e-10,2.719417026633696999e-10,-1.029467882468493301e-09,-3.310309144854972629e-11,-5.783458607855340716e-10,-1.692690293486620590e-10,-2.415766406360653207e-10,-3.021458777618946101e-10,3.745832463653009370e-11,-4.721043209143793717e-10,3.287301576782031276e-10,-7.426359457940456821e-10,7.435271105402097014e-10,-1.287076504836309754e-09,1.609486870819340498e-09,-2.767280218559167726e-09,4.149358114697784816e-09,-6.780170440281313438e-09,6.625630109662050682e-09,4.187943464240007074e-09,-4.044318691574788627e-08,6.148112797338400881e-08
1.469419959846949064e+00,-2.428405917234974509e-01,1.141901927597554524e-02,5.968200550421493000e-04,-1.698440929796263266e-04,2.067778200526976251e-05,-9.163793786748537784e-07,8.603541674315901000e-08,1.853894191460037089e-08,2.977997563824441585e-09,-1.000822417128455211e-09,2.713062665152254915e-10,-1.031149839125777845e-09,-3.187230340762070568e-11,-5.797970541177033255e-10,-1.677827043966573228e-10,-2.432562970500207200e-10,-3.003333970408306186e-10,3.534354753309543185e-11,-4.697160212868700668e-10,3.258156262148093063e-10,-7.391392333258584024e-10,7.389515778791211353e-10,-1.281019353961687646e-09,1.600574889640271614e-09,-2.753885801906955089e-09,4.128925128665458799e-09,-6.756279973853251963e-09,6.619743340291472933e-09,4.123271280832840890e-09,-4.029619481323021279e-08,6.135764305664759277e-08
1.470678151103124387e+00,-2.434169216091415788e-01,1.145588002544165908e-02,6.037679207603306730e-04,-1.718038659232947601e-04,2.091395779125733781e-05,-9.325001432232069010e-07,8.545124728209091414e-08,1.860519001665658645e-08,2.924637830959558871e-09,-1.006780670550350143e-09,2.706877022876086336e-10,-1.032829648195399130e-09,-3.063580292228529345e-11,-5.812532781479529120e-10,-1.662891213616290997e-10,-2.449433919582411079e-10,-2.985107716568791147e-10,3.321865005290192130e-11,-4.673136062144367386e-10,3.228869949190027455e-10,-7.356222159193848142e-10,7.343553842277528165e-10,-1.274931196639655928e-09,1.591628942358702670e-09,-2.740429367372593239e-09,4.108384199681680560e-09,-6.732122645371901859e-09,6.613415365688823933e-09,4.058841950038694080e-09,-4.014774159823153443e-08,6.123131582325136435e-08
1.471939644592535235e+00,-2.439940350816816594e-01,1.149273214773149226e-02,6.107907853262284706e-04,-1.737838175261130491e-04,2.115278302506490293e-05,-9.487540019474313691e-07,8.485348522609126309e-08,1.867722114511430331e-08,2.870821210095020337e-09,-1.012594490895635246e-09,2.700856465559509090e-10,-1.034507384270466623e-09,-2.939358999254348959e-11,-5.827145467540706392e-10,-1.647882524880017741e-10,-2.466379531163020999e-10,-2.966778628321620204e-10,3.108352464309405150e-11,-4.648968952858378856e-10,3.199441120024792973e-10,-7.320846663258495646e-10,7.297382706786259554e-10,-1.268811599623026476e-09,1.582648588138030332e-09,-2.726910145172539712e-09,4.087734505487522485e-09,-6.707696953434094667e-09,6.606644053011589968e-09,3.994658018431629376e-09,-3.999781672710256419e-08,6.110211987070401918e-08
1.473204447841049980e+00,-2.445719343174848626e-01,1.152957460510378902e-02,6.178893874526089972e-04,-1.757841443815570670e-04,2.139428280916073899e-05,-9.651412502609604815e-07,8.424155409358924373e-08,1.875516245130118276e-08,2.816526152062126531e-09,-1.018262759267668516e-09,2.694997376304075765e-10,-1.036183205210816638e-09,-2.814559349473277905e-11,-5.841809015694199303e-10,-1.632800283868363067e-10,-2.483400568520366392e-10,-2.948346428111037199e-10,2.893810885362668728e-11,-4.624657323759606697e-10,3.169867823088479142e-10,-7.285262948464321653e-10,7.250999922020495703e-10,-1.262660172599017194e-09,1.573633357301873481e-09,-2.713327341020282946e-09,4.066975196285321781e-09,-6.683001353268575029e-09,6.599427285897130346e-09,3.930722051667667749e-09,-3.984640954517171263e-08,6.097002855365296625e-08
1.474472568416408613e+00,-2.451506214986909349e-01,1.156640634913118533e-02,6.250644727639545484e-04,-1.778050448886670659e-04,2.163848242223067458e-05,-9.816621515368849360e-07,8.361486144616014915e-08,1.883914468652977958e-08,2.761730559519559591e-09,-1.023784342024658400e-09,2.689296216273895368e-10,-1.037857154384536074e-09,-2.689179087744797414e-11,-5.856524085134928725e-10,-1.617643519136180430e-10,-2.500497864321715724e-10,-2.929809311824627116e-10,2.678227778440955831e-11,-4.600199769722035370e-10,3.140148922137209198e-10,-7.249468950490389751e-10,7.204403120082691903e-10,-1.256476486223567779e-09,1.564582770199191009e-09,-2.699680189035408295e-09,4.046105411869074797e-09,-6.658034282756852829e-09,6.591762880328588814e-09,3.867036617137553645e-09,-3.969350930929649302e-08,6.083501507408994868e-08
1.475744013928526499e+00,-2.457300988132468111e-01,1.160322632059692695e-02,6.323167938609977265e-04,-1.798467192669875488e-04,2.188540731898769992e-05,-9.983169360532409553e-07,8.297279839109342192e-08,1.892930234261014366e-08,2.706411889735749199e-09,-1.029158094682791624e-09,2.683749429285842147e-10,-1.039529276894435306e-09,-2.563217346707169497e-11,-5.871292063641675441e-10,-1.602410426571054813e-10,-2.517672043067520349e-10,-2.911166585572999566e-10,2.461590306590544230e-11,-4.575594399897076059e-10,3.110283159496463057e-10,-7.213462336133624753e-10,7.157589529752095281e-10,-1.250260132836661375e-09,1.555496405509018687e-09,-2.685967902520819406e-09,4.025124264710883137e-09,-6.632794152024862333e-09,6.583648680044684731e-09,3.803604316059139290e-09,-3.953910523123160825e-08,6.069705240502321075e-08
1.477018792029802352e+00,-2.463103684549398653e-01,1.164003344939178695e-02,6.396471103852557558e-04,-1.819093695721030191e-04,2.213508313000499966e-05,-1.015105799253516322e-06,8.231473908959854868e-08,1.902577337299302118e-08,2.650547172803469076e-09,-1.034382674999778651e-09,2.678352669857608781e-10,-1.041199682028093321e-09,-2.436665452743014271e-11,-5.886112881825500409e-10,-1.587101422506620452e-10,-2.534923798647170656e-10,-2.892416584021617609e-10,2.243890490083444433e-11,-4.550839774464243703e-10,3.080268774421912603e-10,-7.177240251773908675e-10,7.110556778794352439e-10,-1.244010689599450714e-09,1.546373780761389760e-09,-2.672189689792089928e-09,4.004030893954221848e-09,-6.607279379004793451e-09,6.575082433374346280e-09,3.740427828580195069e-09,-3.938318643946503439e-08,6.055611325578302839e-08
1.478296910415427767e+00,-2.468914326234326606e-01,1.167682665440855465e-02,6.470561890848493605e-04,-1.839931997105232094e-04,2.238753566116951504e-05,-1.032028900796455595e-06,8.164004041723293970e-08,1.912869959826146715e-08,2.594112833396999829e-09,-1.039456717748243886e-09,2.673102624667356153e-10,-1.042868517237005577e-09,-2.309518548626598999e-11,-5.900987164186854983e-10,-1.571715535497730798e-10,-2.552254102505813194e-10,-2.873558335725334700e-10,2.025118267523495774e-11,-4.525934054616653768e-10,3.050103780655177843e-10,-7.140800355534548949e-10,7.063302746510013996e-10,-1.237727738877258954e-09,1.537214429532529625e-09,-2.658344778897273053e-09,3.982824452403513349e-09,-6.581488353005898739e-09,6.566061889513863381e-09,3.677509831379044414e-09,-3.922574197054440326e-08,6.041217016916622384e-08
1.479578376823701635e+00,-2.474732935242974774e-01,1.171360484343579762e-02,6.545448038805792498e-04,-1.860984154549707656e-04,2.264279089357482469e-05,-1.049086363327442206e-06,8.094804139014213917e-08,1.923822687613374605e-08,2.537084784013515781e-09,-1.044378911477239491e-09,2.667995772226428031e-10,-1.044535815480918117e-09,-2.181777675192009269e-11,-5.915914806642330603e-10,-1.556251794099239305e-10,-2.569663509754960273e-10,-2.854590730461126213e-10,1.805260801956976024e-11,-4.500875436241891236e-10,3.019787050625999392e-10,-7.104140106045653269e-10,7.015824475195553411e-10,-1.231410876045835323e-09,1.528017918358409721e-09,-2.644432369261484617e-09,3.961504033665741442e-09,-6.555419455097494241e-09,6.556584801128972906e-09,3.614853050573629822e-09,-3.906676086969096406e-08,6.026519550061948394e-08
1.480863199036343669e+00,-2.480559533690511187e-01,1.175036691305151107e-02,6.621137359325481725e-04,-1.882252244600475348e-04,2.290087498305710609e-05,-1.066278270881685503e-06,8.023806276347134059e-08,1.935450492235313291e-08,2.479438447958171032e-09,-1.049147757385682223e-09,2.663028140018064427e-10,-1.046201653087663885e-09,-2.053438842575250334e-11,-5.930897162276238532e-10,-1.540709226865999426e-10,-2.587152644895063247e-10,-2.835512380450211367e-10,1.584307338098334128e-11,-4.475662462172236289e-10,2.989316875631753412e-10,-7.067257057347120508e-10,6.968119562258956456e-10,-1.225059663521183007e-09,1.518783754143882003e-09,-2.630451667682415229e-09,3.940068783172753775e-09,-6.529071061578406443e-09,6.546648893997197849e-09,3.552460249578448526e-09,-3.890623205549115227e-08,6.011516136966710278e-08
1.482151384878814593e+00,-2.486394143751903263e-01,1.178711174851451195e-02,6.697637737077353354e-04,-1.903738362776341390e-04,2.316181425973803595e-05,-1.083604667658204929e-06,7.950940665232830717e-08,1.947768752232417744e-08,2.421148610157880521e-09,-1.053761679477294155e-09,2.658196258595313388e-10,-1.047866160161503579e-09,-1.924495632299461079e-11,-5.945934439255395887e-10,-1.525086723574986536e-10,-2.604722687538085779e-10,-2.816322036691687458e-10,1.362249549274885396e-11,-4.450293640545499585e-10,2.958691902588128642e-10,-7.030148720110762639e-10,6.920185678833956633e-10,-1.218673679331816473e-09,1.509511452901096673e-09,-2.616401856237945966e-09,3.918517802771470659e-09,-6.502441510583545359e-09,6.536251853130059519e-09,3.490334184869103851e-09,-3.874414439102025209e-08,5.996203965297208782e-08
1.483442942220638106e+00,-2.492236787662267528e-01,1.182383822365527457e-02,6.774957130481771075e-04,-1.925444623724083780e-04,2.342563522738077414e-05,-1.101065556646796395e-06,7.876135585480753543e-08,1.960793268376836984e-08,2.362189546831899856e-09,-1.058219060989795679e-09,2.653496276872058246e-10,-1.049529425173334474e-09,-1.794943881028299160e-11,-5.961027053913436902e-10,-1.509384006670444478e-10,-2.622374054017662104e-10,-2.797018727740407940e-10,1.139074945477602796e-11,-4.424767132554796589e-10,2.927910648306553121e-10,-6.992812587661156876e-10,6.872020075383844517e-10,-1.212252483291653693e-09,1.500200575745014309e-09,-2.602282155820395682e-09,3.896850199296142403e-09,-6.475529142849906217e-09,6.525391365273802702e-09,3.428477684044861640e-09,-3.858048666996460874e-08,5.980580203984731114e-08
1.484737878975725511e+00,-2.498087487717232380e-01,1.186054520076562993e-02,6.853103572394088003e-04,-1.947373161375115166e-04,2.369236456290207266e-05,-1.118660898101475620e-06,7.799317349507089991e-08,1.974540273560337900e-08,2.302534937454608910e-09,-1.062518260441097651e-09,2.648924378456651851e-10,-1.051191484552349564e-09,-1.664781160148898209e-11,-5.976175596056343409e-10,-1.493599688373592471e-10,-2.640107715778938768e-10,-2.777601343373348186e-10,9.147731183656304665e-12,-4.399081099393242766e-10,2.896971247959290174e-10,-6.955246118628410912e-10,6.823620366663840642e-10,-1.205795645189272625e-09,1.490850636519380767e-09,-2.588091749375007189e-09,3.875065088254636692e-09,-6.448332263118972119e-09,6.514065056459350522e-09,3.366893565164008617e-09,-3.841524757672298840e-08,5.964642006694997889e-08
1.486036203102702569e+00,-2.503946266273292531e-01,1.189723153048729241e-02,6.932085170801008042e-04,-1.969526129105459052e-04,2.396202911585532808e-05,-1.136390608014788833e-06,7.720410243744479928e-08,1.989026440947505581e-08,2.242157846974596191e-09,-1.066657545709809307e-09,2.644477284721724608e-10,-1.052852418095828746e-09,-1.534003826741958676e-11,-5.991380794267975318e-10,-1.477733768684430515e-10,-2.657924297322367124e-10,-2.758068495811727416e-10,6.893353943215885238e-12,-4.373234014504179257e-10,2.865872148968828803e-10,-6.917446667559223883e-10,6.774983985283200560e-10,-1.199302748257358164e-09,1.481461163813091453e-09,-2.573829823533310690e-09,3.853161538317287360e-09,-6.420849179601673118e-09,6.502270569197499128e-09,3.305584745164069638e-09,-3.824841578702053990e-08,5.948386493787038987e-08
1.487337922605242335e+00,-2.509813145748170937e-01,1.193389605169910446e-02,7.011910109519297815e-04,-1.991905699892343277e-04,2.423465590763130770e-05,-1.154254556681028054e-06,7.639336467623117355e-08,2.004268892866201135e-08,2.181030797805683097e-09,-1.070635103142536515e-09,2.640150823657316792e-10,-1.054512283049646726e-09,-1.402606156220009836e-11,-6.006643273048783982e-10,-1.461784027156909360e-10,-2.675824284370520445e-10,-2.738418936054642927e-10,4.627492833364499347e-12,-4.347224073775191044e-10,2.834611946209153466e-10,-6.879411606347529684e-10,6.726108134000319261e-10,-1.192773349274062200e-09,1.472031705297000004e-09,-2.559495577720422022e-09,3.831138669111930350e-09,-6.393078188799555805e-09,6.490005479212190842e-09,3.244554107155461775e-09,-3.807997988117262089e-08,5.931810776599322210e-08
1.488643045532396902e+00,-2.515688148621187947e-01,1.197053759140378690e-02,7.092586648903831392e-04,-2.014514066475785181e-04,2.451027213066928404e-05,-1.172252566922910022e-06,7.556016098312495766e-08,2.020285205924995942e-08,2.119125634518492785e-09,-1.074449019772966141e-09,2.635941222239868154e-10,-1.056171228600022438e-09,-1.270583117884971358e-11,-6.021963414037934115e-10,-1.445750741346785162e-10,-2.693808856535362395e-10,-2.718651831434826249e-10,2.350057648481396200e-12,-4.321049403704924075e-10,2.803188835567849146e-10,-6.841138541074931467e-10,6.676990713799790811e-10,-1.186207047518261781e-09,1.462561778934820533e-09,-2.545088188593211398e-09,3.808995561885644698e-09,-6.365017551218654646e-09,6.477267382176687960e-09,3.183804612311158522e-09,-3.790992835622786217e-08,5.914911933163624624e-08
1.489951579978935792e+00,-2.521571297433625736e-01,1.200715496461282790e-02,7.174123126562218303e-04,-2.037353441519764753e-04,2.478890514767857767e-05,-1.190384412656092517e-06,7.470367028488203442e-08,2.037093434258466229e-08,2.056413522973088437e-09,-1.078097285923951265e-09,2.631844681424966303e-10,-1.057829311992830590e-09,-1.137931415762238885e-11,-6.037341807041407549e-10,-1.429632801031033296e-10,-2.711878499539466247e-10,-2.698765516617740445e-10,6.092348847630546516e-14,-4.294708564472893286e-10,2.771601316509109125e-10,-6.802624904350684787e-10,6.627629135606827315e-10,-1.179603384155597512e-09,1.453050917001735831e-09,-2.530606834760112944e-09,3.786731280755115114e-09,-6.336665516089301509e-09,6.464053826059357188e-09,3.123339246957623772e-09,-3.773824968841821281e-08,5.897687024164488534e-08
1.491263534085686571e+00,-2.527462614789103279e-01,1.204374697422999109e-02,7.256527958076170945e-04,-2.060426057769260480e-04,2.507058249064282596e-05,-1.208649817225140866e-06,7.382304913249385092e-08,2.054712116856399762e-08,1.992864970268293234e-09,-1.081577885846812803e-09,2.627857905238006886e-10,-1.059486588739222412e-09,-1.004651570268855210e-11,-6.052778417364734764e-10,-1.413428957208751058e-10,-2.730034046050100471e-10,-2.678758603824604734e-10,-2.240048424528851001e-12,-4.268199647883275105e-10,2.739848174726500218e-10,-6.763868146131279957e-10,6.578020554474928172e-10,-1.172961928540966481e-09,1.443498642231949569e-09,-2.516050674229719508e-09,3.764344919544165835e-09,-6.308020336544956086e-09,6.450362339746606999e-09,3.063161022574811820e-09,-3.756493224121859598e-08,5.880133094327000265e-08
1.492578916039878356e+00,-2.533362123353945505e-01,1.208031241093450101e-02,7.339809637727928715e-04,-2.083734168216990965e-04,2.535533185995305500e-05,-1.227048451622400616e-06,7.291743093921013164e-08,2.073160294780926338e-08,1.928449839053159032e-09,-1.084888714888293526e-09,2.623976678300943277e-10,-1.061143121289243041e-09,-8.707347343150928509e-12,-6.068274563397757504e-10,-1.397138515990548058e-10,-2.748276467512411614e-10,-2.658630399166028724e-10,-4.552910132238352503e-12,-4.241521144726645431e-10,2.707927354572703393e-10,-6.724865568921711834e-10,6.528162533117609634e-10,-1.166282240488286659e-09,1.433904472155494991e-09,-2.501418885176784346e-09,3.741835545405247654e-09,-6.279080235795098108e-09,6.436190443451228482e-09,3.003273013960083837e-09,-3.738996433126640095e-08,5.862247159232891747e-08
1.493897734075487538e+00,-2.539269845857560770e-01,1.211685005306269158e-02,7.423976739236188421e-04,-2.107280046266903940e-04,2.564318112355289461e-05,-1.245579932743733076e-06,7.198592552604132777e-08,2.092457512424192312e-08,1.863137291148453389e-09,-1.088027512703704236e-09,2.620196611763381256e-10,-1.062799013726301034e-09,-7.361701526154007524e-12,-6.083830557390701443e-10,-1.380761616154302374e-10,-2.766606180260033909e-10,-2.638379376085353556e-10,-6.877790004189421325e-12,-4.214671129459945931e-10,2.675837329491059791e-10,-6.685614457879740513e-10,6.478052504144127255e-10,-1.159563884148284707e-09,1.424267934927586632e-09,-2.486710644258177672e-09,3.719202199686799659e-09,-6.249843434013441223e-09,6.421535630497798852e-09,2.943678282900374921e-09,-3.721333418325867282e-08,5.844026212953323807e-08
1.495219996473589052e+00,-2.545185805092822773e-01,1.215335866648805697e-02,7.509037916499337884e-04,-2.131065985895865510e-04,2.593415831544628250e-05,-1.264243821576162968e-06,7.102761863039819268e-08,2.112623834031601699e-08,1.796895706014656202e-09,-1.090991975146587967e-09,2.616514600470298824e-10,-1.064454311153206767e-09,-6.009654579530732121e-12,-6.099446607510383700e-10,-1.364295482142452443e-10,-2.785023947571296787e-10,-2.618004424359554605e-10,-9.214795593237568028e-12,-4.187647589803944470e-10,2.643576486188736752e-10,-6.646112332350795349e-10,6.427687934858206109e-10,-1.152806411528622954e-09,1.414588554583470770e-09,-2.471925141141195770e-09,3.696443958648570893e-09,-6.220308088056292206e-09,6.406395352577531899e-09,2.884379926744451428e-09,-3.703502997158547583e-08,5.825467234293890684e-08
1.496545711562708991e+00,-2.551110023916451919e-01,1.218983700450051479e-02,7.595001904342835522e-04,-2.155094301820262986e-04,2.622829163479063752e-05,-1.283039621373383010e-06,7.004157098148416916e-08,2.133679861786308418e-08,1.729692841213881227e-09,-1.093779796769445145e-09,2.612926411696414597e-10,-1.066109055203323663e-09,-4.651112828213399553e-12,-6.115123962757706977e-10,-1.347740669066510577e-10,-2.803530740891346795e-10,-2.597504156209851089e-10,-1.156406567726087076e-11,-4.160449120632625508e-10,2.611143159331197339e-10,-6.606356243304967180e-10,6.377066249195484371e-10,-1.146009404560943690e-09,1.404865858194159767e-09,-2.457061488297940244e-09,3.673559890744054757e-09,-6.190472430240429036e-09,6.390767027554533630e-09,2.825381158200190868e-09,-3.685503978737014741e-08,5.806567172222942830e-08
1.497874887719181869e+00,-2.557042525249400566e-01,1.222628380768441859e-02,7.681877519277735544e-04,-2.179367329661974564e-04,2.652560944447482014e-05,-1.301966775717200431e-06,6.902681797416737597e-08,2.155646737066890806e-08,1.661495603426377254e-09,-1.096388437503426072e-09,2.609428385175194265e-10,-1.067763396797594133e-09,-3.285993005475162931e-12,-6.130862553743732235e-10,-1.331095927925574074e-10,-2.822127323498513363e-10,-2.576877461413218384e-10,-1.392566617575141663e-11,-4.133073987222513068e-10,2.578535943792426011e-10,-6.566343675393215840e-10,6.326184693282443927e-10,-1.139172417421313588e-09,1.395099374348549026e-09,-2.442118861301079136e-09,3.650549024528104702e-09,-6.160334589666582872e-09,6.374648094976953505e-09,2.766685119719169972e-09,-3.667335168704155546e-08,5.787322958361595937e-08
1.499207533367511225e+00,-2.562983332077242715e-01,1.226269780379465532e-02,7.769673660263281059e-04,-2.203887426113835916e-04,2.682614026991696904e-05,-1.321024666716026641e-06,6.798236877473065598e-08,2.178546176139287138e-08,1.592270138656148859e-09,-1.098815385035256664e-09,2.606016877987338276e-10,-1.069417391447169408e-09,-1.914319397444685933e-12,-6.146662553940807072e-10,-1.314360148496618308e-10,-2.840814528060064958e-10,-2.556123090968753786e-10,-1.629971851935252403e-11,-4.105520159947140257e-10,2.545753139543416310e-10,-6.526072208676292341e-10,6.275040630339401293e-10,-1.132294963953478506e-09,1.385288607132564853e-09,-2.427096440493770046e-09,3.627410425635288482e-09,-6.129892724058422226e-09,6.358035950157492344e-09,2.708295061305820983e-09,-3.648995362814932975e-08,5.767731504208173376e-08
1.500543656980731555e+00,-2.568932467450557589e-01,1.229907770763262638e-02,7.858399309476774355e-04,-2.228656969109530338e-04,2.712991279764462998e-05,-1.340212612840376016e-06,6.690720576315797863e-08,2.202400464128631552e-08,1.521981784526060810e-09,-1.101057983503295201e-09,2.602687770164591186e-10,-1.071071089459030290e-09,-5.360156762890255777e-13,-6.162525142960895153e-10,-1.297532498112374810e-10,-2.859592840298574856e-10,-2.535239657097676513e-10,-1.868634413870751132e-11,-4.077785747957918261e-10,2.512793046555161780e-10,-6.485539015554930842e-10,6.223631653437533551e-10,-1.125376613946016402e-09,1.375433066486825284e-09,-2.411993360899519767e-09,3.604143150159194731e-09,-6.099145001547956468e-09,6.340927940703955379e-09,2.650214255515981332e-09,-3.630483351273194881e-08,5.747789689342086561e-08
1.501883267080778239e+00,-2.574889954485335419e-01,1.233542222091998236e-02,7.948063533095824432e-04,-2.253678357991800545e-04,2.743695587368363137e-05,-1.359529866916658197e-06,6.580028387047007210e-08,2.227232469851139762e-08,1.450595078084093714e-09,-1.103113481636108784e-09,2.599436820308054230e-10,-1.072724520323475872e-09,8.489719344195734152e-13,-6.178451292249143023e-10,-1.280612005327697034e-10,-2.878463162270250564e-10,-2.514225772021205785e-10,-2.108567140335360079e-11,-4.049869432865005336e-10,2.479654190312707840e-10,-6.444741528638386896e-10,6.171955143144391975e-10,-1.118416933284377413e-09,1.365532268640320956e-09,-2.396808740845121632e-09,3.580746213861091265e-09,-6.068089529118192438e-09,6.323321441112361718e-09,2.592446013069404920e-09,-3.611797917864312257e-08,5.727494385709963609e-08
1.503226372238854580e+00,-2.580855816363375466e-01,1.237173003217141402e-02,8.038675482084974705e-04,-2.278954013679944900e-04,2.774729850182075866e-05,-1.378975614014284895e-06,6.466052978638947568e-08,2.253065670837495205e-08,1.378073798304069175e-09,-1.104979076987921971e-09,2.596260055900967423e-10,-1.074377789858638188e-09,2.240712823620150118e-12,-6.194440585471916449e-10,-1.263598531364706901e-10,-2.897426257253421511e-10,-2.493080464294195053e-10,-2.349777317167678348e-11,-4.021769046264056513e-10,2.446334896807900172e-10,-6.403677041758037980e-10,6.120008484364336532e-10,-1.111415467904691701e-09,1.355585749554522046e-09,-2.381541735303402407e-09,3.557218636839054593e-09,-6.036724403343796119e-09,6.305213778173834882e-09,2.534993652492101290e-09,-3.592937843424626188e-08,5.706842429176184339e-08
1.504572981075808835e+00,-2.586830076332674588e-01,1.240799981656617521e-02,8.130244392986468033e-04,-2.304486378842821384e-04,2.806096984215395926e-05,-1.398548969212647097e-06,6.348684129884457628e-08,2.279924156195142770e-08,1.304380792613302198e-09,-1.106651814023612568e-09,2.593153426364014358e-10,-1.076030995209031893e-09,3.639243420505700044e-12,-6.210493924685422940e-10,-1.246490549666745551e-10,-2.916482749748539050e-10,-2.471802207359985459e-10,-2.592277434376732970e-11,-3.993483026903943411e-10,2.412833665504932057e-10,-6.362342718641000872e-10,6.067788949244701246e-10,-1.104371757671557264e-09,1.345593024157376583e-09,-2.366191513558657533e-09,3.533559453719470334e-09,-6.005047712993177855e-09,6.286602263934348844e-09,2.477860548688592957e-09,-3.573901894739217600e-08,5.685830644502898323e-08
1.505923102262510582e+00,-2.592812757707840809e-01,1.244423023581805662e-02,8.222779588724690031e-04,-2.330277918068611974e-04,2.837799920935241485e-05,-1.418248975520747940e-06,6.227808653416072593e-08,2.307832651805147295e-08,1.229478046715221096e-09,-1.108128664783353257e-09,2.590112655603826752e-10,-1.077684171069126506e-09,5.044577602864031007e-12,-6.226611518056479611e-10,-1.229287227566544516e-10,-2.935633819367566844e-10,-2.450389752217674300e-10,-2.836079288082160588e-11,-3.965009379852668658e-10,2.379148562187127780e-10,-6.320735844445035667e-10,6.015293901005802635e-10,-1.097285361965211203e-09,1.335553588511714795e-09,-2.350757199792372076e-09,3.509767712789671479e-09,-5.973057552906280154e-09,6.267484143653023754e-09,2.421050121666212807e-09,-3.554688833909414036e-08,5.664455825921121956e-08
1.507276744520232858e+00,-2.598803883870500209e-01,1.248041993804412629e-02,8.316290479414784401e-04,-2.356331118034981666e-04,2.869841607054191349e-05,-1.438074601602980229e-06,6.103310321026178542e-08,2.336816536368385711e-08,1.153326577470192849e-09,-1.109406523244760301e-09,2.587134369583243831e-10,-1.079337376419520211e-09,6.456783024910706104e-12,-6.242794267641293970e-10,-1.211987593618957249e-10,-2.954880021222017206e-10,-2.428841849866358871e-10,-3.081190858011950695e-11,-3.936345988747591562e-10,2.345277904172715644e-10,-6.278853929841954340e-10,5.962520958739669918e-10,-1.090155805905101971e-09,1.325466964701219053e-09,-2.335237920788116317e-09,3.485842415065776301e-09,-5.940751984963299481e-09,6.247856697283449279e-09,2.364565822657316296e-09,-3.535297420087513132e-08,5.642714749620747483e-08
1.508633916621036519e+00,-2.604803478269706041e-01,1.251656755763230419e-02,8.410786563181572514e-04,-2.382648487685031478e-04,2.902225004341400100e-05,-1.458024739351380938e-06,5.975069783913100618e-08,2.366901856107328506e-08,1.075886506621270833e-09,-1.110482198817680510e-09,2.584214292208897312e-10,-1.080990673710258143e-09,7.875883972774389008e-12,-6.259043006107134488e-10,-1.194590398823081046e-10,-2.974222396145975722e-10,-2.407157390083014548e-10,-3.327629144456167865e-11,-3.907491656629513699e-10,2.311220485828879845e-10,-6.236694077843552009e-10,5.909467251478950356e-10,-1.082982638896806682e-09,1.315332661582305218e-09,-2.319632793354800548e-09,3.461782568285956541e-09,-5.908129050227750589e-09,6.227717162278489926e-09,2.308411158405410113e-09,-3.515726405660390963e-08,5.620604169587206655e-08
1.509994627388159705e+00,-2.610811564422351183e-01,1.255267171510710683e-02,8.506277426982584294e-04,-2.409232558398511324e-04,2.934953089429176432e-05,-1.478098201474799256e-06,5.842964491235835833e-08,2.398115330837571890e-08,9.971170894171321741e-10,-1.111352354761507844e-09,2.581348147387418912e-10,-1.082644092431639393e-09,9.301922079818503164e-12,-6.275358149787635398e-10,-1.177095088067403594e-10,-2.993661082917320471e-10,-2.385334707533104392e-10,-3.575404208810972762e-11,-3.878444076316212019e-10,2.276974372938944668e-10,-6.194253460850562831e-10,5.856130220506516881e-10,-1.075765420320562438e-09,1.305150201889176964e-09,-2.303940963357953287e-09,3.437587179971543505e-09,-5.875186788462105625e-09,6.207062740529178946e-09,2.252589647797065275e-09,-3.495974533126999795e-08,5.598120814132023781e-08
1.511358885696409526e+00,-2.616828165913582804e-01,1.258873101699441513e-02,8.602772747442520920e-04,-2.436085884167313309e-04,2.968028853582351662e-05,-1.498293719081993103e-06,5.706868611054030649e-08,2.430484380725947413e-08,9.169765819057318357e-10,-1.112013546349099880e-09,2.578531147282014935e-10,-1.084297726258731664e-09,1.073500316417508316e-11,-6.291739837460674778e-10,-1.159500967462534504e-10,-3.013197261148015116e-10,-2.363372830771481858e-10,-3.824526112472526052e-11,-3.849201703903792904e-10,2.242538021599016496e-10,-6.151529268610955725e-10,5.802507163990555661e-10,-1.068503690908328974e-09,1.294919094261409720e-09,-2.288161540667590921e-09,3.413255264799602839e-09,-5.841923240296198472e-09,6.185890640865443491e-09,2.197104875638344890e-09,-3.476040544118930153e-08,5.575261392137820238e-08
1.512726700472560193e+00,-2.622853306397231465e-01,1.262474405568472791e-02,8.700282291699001913e-04,-2.463211041771567848e-04,3.001455302455852125e-05,-1.518609939073906068e-06,5.566652958380324812e-08,2.464037137783064990e-08,8.354221550654905570e-10,-1.112462184437584822e-09,2.575759544889977271e-10,-1.085951667131879184e-09,1.217514804252584071e-11,-6.308188416070947824e-10,-1.141807065563327228e-10,-3.032831624727450048e-10,-2.341270094463610008e-10,-4.075003529058207619e-11,-3.819762579154728499e-10,2.207909558307741271e-10,-6.108519020470160044e-10,5.748595440814574520e-10,-1.061196963202809540e-09,1.284638838448121101e-09,-2.272293667462954581e-09,3.388785839398764099e-09,-5.808336396920243949e-09,6.164198026147038600e-09,2.141960408520715564e-09,-3.455923165869567715e-08,5.552022597221650813e-08
1.514098080695750248e+00,-2.628887009596224678e-01,1.266070940929467890e-02,8.798815918246950460e-04,-2.490610630952222633e-04,3.035235455875733707e-05,-1.539045421691635773e-06,5.422184885068778715e-08,2.498802472621422521e-08,7.524100387873433604e-10,-1.112694674246239579e-09,2.573029289631989514e-10,-1.087605944541381042e-09,1.362240702185157915e-11,-6.324704995841479160e-10,-1.124011994591000985e-10,-3.052564867545015659e-10,-2.319025388386464215e-10,-4.326851030245215668e-11,-3.790124793873195230e-10,2.173087248341643019e-10,-6.065219810766353525e-10,5.694392522619107222e-10,-1.053844771864431706e-09,1.274308953930908261e-09,-2.256336466624486725e-09,3.364177883317942541e-09,-5.774424245621329055e-09,6.141982034947590652e-09,2.087159916251690728e-09,-3.435621126479659893e-08,5.528401087612211384e-08
1.515473035397890023e+00,-2.634929299303021555e-01,1.269662564152743492e-02,8.898383577800681593e-04,-2.518287274590261249e-04,3.069372347578626370e-05,-1.559598637782075997e-06,5.273328213938749398e-08,2.534810007682672395e-08,6.678953813621379965e-10,-1.112707278313335157e-09,2.570335879900631504e-10,-1.089260598385877188e-09,1.507681479662181800e-11,-6.341290062494842061e-10,-1.106114921878287305e-10,-3.072398307990553690e-10,-2.296637602317019855e-10,-4.580076942706234888e-11,-3.760286405168900004e-10,2.138069617185767157e-10,-6.021628837921122468e-10,5.639895573131270545e-10,-1.046446678441836919e-09,1.263928947614623155e-09,-2.240289013761415093e-09,3.339430390634362533e-09,-5.740184792334818153e-09,6.119239800636555593e-09,2.032707104200615067e-09,-3.415133145202864373e-08,5.504393502109294900e-08
1.516851573664067310e+00,-2.640980199380040805e-01,1.273249130153161768e-02,8.998995314160535344e-04,-2.546243618884486311e-04,3.103869024958377798e-05,-1.580267966039272665e-06,5.119943136989990595e-08,2.572090128079643212e-08,5.818322794046149049e-10,-1.112496075730134981e-09,2.567674952866361160e-10,-1.090915741422393559e-09,1.653843208215821647e-11,-6.357943546642097488e-10,-1.088115569869430033e-10,-3.092332154230881258e-10,-2.274105626032252303e-10,-4.834693062560901922e-11,-3.730245574234958283e-10,2.102855233693246007e-10,-5.977743283008818409e-10,5.585101851487972446e-10,-1.039002214993367534e-09,1.253498323802032521e-09,-2.224150421996362592e-09,3.314542343715864980e-09,-5.705615989219647854e-09,6.095968421888919853e-09,1.978605679471556744e-09,-3.394457934700889634e-08,5.479996464247127719e-08
1.518233704632960812e+00,-2.647039733760090385e-01,1.276830492375845630e-02,9.100661265085893681e-04,-2.574482333527593897e-04,3.138728548777698982e-05,-1.601051690237106223e-06,4.961886125543976678e-08,2.610674009742228185e-08,4.941737323169159701e-10,-1.112057098750368622e-09,2.565042163046871160e-10,-1.092571396202335343e-09,1.800730918544157788e-11,-6.374666558506270064e-10,-1.070012689563526465e-10,-3.112367655266901068e-10,-2.251426822752478074e-10,-5.090713614541719778e-11,-3.700000757167476451e-10,2.067442371814220969e-10,-5.933560223020384328e-10,5.530008942086772628e-10,-1.031510914878408514e-09,1.243016589831669183e-09,-2.207919816161335591e-09,3.289512744662770327e-09,-5.670715777592733042e-09,6.072164969624094244e-09,1.924859386465138655e-09,-3.373594199655716164e-08,5.455206571886028755e-08
1.519619437497255365e+00,-2.653107926446814369e-01,1.280406502781774626e-02,9.203391663183237495e-04,-2.603006111886129424e-04,3.173953992864977924e-05,-1.621947996338808651e-06,4.799009847584329025e-08,2.650593635420209204e-08,4.048715755017306961e-10,-1.111386229140504112e-09,2.562433269043262740e-10,-1.094227635584088532e-09,1.948347039260056590e-11,-6.391459167476298830e-10,-1.051804893181795819e-10,-3.132505296821186391e-10,-2.228601192477697168e-10,-5.348148313100153928e-11,-3.669549629436996696e-10,2.031828880491581835e-10,-5.889077012502519359e-10,5.474614134422239875e-10,-1.023972298879599618e-09,1.232483258246236391e-09,-2.191596320437819156e-09,3.264340577143962085e-09,-5.635482104842520767e-09,6.047826519965660008e-09,1.871472073665392255e-09,-3.352540643535018017e-08,5.430020395824630697e-08
1.521008781504062712e+00,-2.659184801515126484e-01,1.283977011833210141e-02,9.307196836793674502e-04,-2.631817671179563153e-04,3.209548443866214185e-05,-1.642954969606046783e-06,4.631163048754785572e-08,2.691881818188759934e-08,3.138765445470648174e-10,-1.110479251522494826e-09,2.559843240157455568e-10,-1.095884490792675692e-09,2.096704060372545086e-11,-6.408322206219452255e-10,-1.033491903168481940e-10,-3.152745564616310503e-10,-2.205626792317616491e-10,-5.607010689079316990e-11,-3.638890438972808283e-10,1.996013484703573759e-10,-5.844290919265748840e-10,5.418914696304899525e-10,-1.016385900356325811e-09,1.221897836601107401e-09,-2.175179014988690152e-09,3.239024813118940305e-09,-5.599912908382798093e-09,6.022950100464941059e-09,1.818447580015369880e-09,-3.331295964949243515e-08,5.404434492289889036e-08
1.522401745955345609e+00,-2.665270383111655317e-01,1.287541868478965165e-02,9.412087210898647041e-04,-2.660919752660814187e-04,3.245515000891742441e-05,-1.664070591487262080e-06,4.458190470306780395e-08,2.734572212940988845e-08,2.211381433872561253e-10,-1.109331771408095246e-09,2.557268069178220138e-10,-1.097542029482312387e-09,2.245799206324061714e-11,-6.425256507402998807e-10,-1.015072470522682124e-10,-3.173089360708480910e-10,-2.182502650827089496e-10,-5.867308722207198457e-11,-3.608021416356965716e-10,1.959994397685016487e-10,-5.799199002953780990e-10,5.362907778451442287e-10,-1.008751235754418163e-09,1.211259815538101581e-09,-2.158666986048357606e-09,3.213564409368374619e-09,-5.564006110882202538e-09,5.997532752551049118e-09,1.765789770478976006e-09,-3.309858848110636131e-08,5.378445391140962428e-08
1.523798340208345925e+00,-2.671364695455195615e-01,1.291100920139528173e-02,9.518073308029820559e-04,-2.690315121797667852e-04,3.281856775186244718e-05,-1.685292736508612471e-06,4.279932750393677932e-08,2.778699342538895611e-08,1.266046750943161658e-10,-1.107939309307609532e-09,2.554703115720258211e-10,-1.099200308898873324e-09,2.395640977259638760e-11,-6.442262140415877525e-10,-9.965452074656155901e-11,-3.193538003487539356e-10,-2.159227241449457324e-10,-6.129051086101178214e-11,-3.576940479921297822e-10,1.923769910733286181e-10,-5.753798305863089269e-10,5.306590726734949914e-10,-1.001067838866942505e-09,1.200568702178911318e-09,-2.142059335897422701e-09,3.187958343489616375e-09,-5.527759595978093410e-09,5.971571443059986439e-09,1.713502577674330674e-09,-3.288227973935464732e-08,5.352049600726438428e-08
1.525198573676018965e+00,-2.677467762837160148e-01,1.294654012692008326e-02,9.625165749187238051e-04,-2.720006568452085390e-04,3.318576889806742342e-05,-1.706619169246879897e-06,4.096226304331485046e-08,2.824298623227070038e-08,3.022323407167459841e-11,-1.106297230039909874e-09,2.552143088876968058e-10,-1.100859391492403638e-09,2.546237005962570521e-11,-6.459339660369600722e-10,-9.779098364415261813e-11,-3.214092117453937192e-10,-2.135799037628061114e-10,-6.392254434106625638e-11,-3.545645756164450546e-10,1.887338384534698044e-10,-5.708086087130581632e-10,5.249960865344460714e-10,-9.933352326449429448e-10,1.189823993020047710e-09,-2.125355150770294466e-09,3.162205610644092113e-09,-5.491171257716170873e-09,5.945063129286776160e-09,1.661590012282110340e-09,-3.266402025248194008e-08,5.325243603027107753e-08
1.526602455827468008e+00,-2.683579609622033790e-01,1.298200990454968611e-02,9.733375254768646123e-04,-2.749996907063841783e-04,3.355678479260732622e-05,-1.728047540934616461e-06,3.906903236605002716e-08,2.871406384451907767e-08,-6.806046264767884324e-11,-1.104400834239099849e-09,2.549584406444371787e-10,-1.102519324100437181e-09,2.697587986322247389e-11,-6.476489691764619749e-10,-9.591648308937550382e-11,-3.234752049552369613e-10,-2.112216929139876243e-10,-6.656929174564396590e-11,-3.514135059334844158e-10,1.850698153754715136e-10,-5.662059649261252936e-10,5.193015657246891070e-10,-9.855529409068253255e-10,1.179025196050564883e-09,-2.108553524924478006e-09,3.136305155686247570e-09,-5.454238969325453379e-09,5.918004795414655295e-09,1.610056065901033229e-09,-3.244379673597586056e-08,5.298023868227641486e-08
1.528009996188387065e+00,-2.689700260247828156e-01,1.301741696173032425e-02,9.842712645507616098e-04,-2.780288976834363081e-04,3.393164689137907059e-05,-1.749575386065290589e-06,3.711791217182042191e-08,2.920059882392453399e-08,-1.683018880510589455e-10,-1.102245251669020654e-09,2.547022046398006445e-10,-1.104180162234125184e-09,2.849700163343182879e-11,-6.493712789712446920e-10,-9.403099132665460047e-11,-3.255519048783739322e-10,-2.088479528206121927e-10,-6.923087450538822907e-11,-3.482406932264758836e-10,1.813847414280922443e-10,-5.615715531481768608e-10,5.135752123054670992e-10,-9.777205061192728586e-10,1.168171831836262164e-09,-2.091653537438648014e-09,3.110255917182155883e-09,-5.416960608371768071e-09,5.890393370115709626e-09,1.558904796049309649e-09,-3.222159582552674983e-08,5.270386829042683630e-08
1.529421204341506968e+00,-2.695829739226556221e-01,1.305275971001370119e-02,9.953188843420330070e-04,-2.810885641908677200e-04,3.431038675725823356e-05,-1.771200118997565826e-06,3.510713382157137907e-08,2.970297321774548194e-08,-2.705579501757759964e-10,-1.099825370099588584e-09,2.544451246921930476e-10,-1.105842006507429254e-09,3.002583078004494865e-11,-6.511009092990960312e-10,-9.213438345589963774e-11,-3.276393809037436711e-10,-2.064585308270139308e-10,-7.190740017315455646e-11,-3.450459241244319131e-10,1.776784535473252546e-10,-5.569051270484792759e-10,5.078167825481316733e-10,-9.698374321513714147e-10,1.157263377791692416e-09,-2.074654299700703919e-09,3.084056893979530978e-09,-5.379334006450769978e-09,5.862225742163384989e-09,1.508140293204895954e-09,-3.199740412906937337e-08,5.242328914717431232e-08
1.530836089927045673e+00,-2.701968071144686956e-01,1.308803654489969909e-02,1.006481487276156099e-03,-2.841789791557217289e-04,3.469303605603329607e-05,-1.792919030622463356e-06,3.303488210239236000e-08,3.022157904356351232e-08,-3.748868611375133497e-10,-1.097136089010103399e-09,2.541867350283610882e-10,-1.107504844777285058e-09,3.156234822110359772e-11,-6.528379850601062628e-10,-9.022653457702034530e-11,-3.297376954813913130e-10,-2.040533020331025682e-10,-7.459898671013931448e-11,-3.418289887258119109e-10,1.739507930059724927e-10,-5.522064116733615968e-10,5.020259871875432101e-10,-9.619032228722068645e-10,1.146299346676399322e-09,-2.057554886886192591e-09,3.057707031583339896e-09,-5.341357003398050640e-09,5.833498822015170671e-09,1.457766695550644087e-09,-3.177120820770096277e-08,5.213846521884279994e-08
1.532254662643161458e+00,-2.708115280663622171e-01,1.312324584567819800e-02,1.017760186099106109e-03,-2.873004340362989711e-04,3.507962655243442723e-05,-1.814729284536562015e-06,3.089929407566055497e-08,3.075681832397786364e-08,-4.813482138918412367e-10,-1.094172160862050269e-09,2.539265239048793532e-10,-1.109168730820120352e-09,3.310665804001633461e-11,-6.545825131931692908e-10,-8.830737530107768407e-11,-3.318469180002558971e-10,-2.016321276610000268e-10,-7.730573819975106176e-11,-3.385897291707795631e-10,1.702015715865368151e-10,-5.474750860989807677e-10,4.962025595099672781e-10,-9.539174181463772051e-10,1.135279230866925726e-09,-2.040354350968734409e-09,3.031205264222847084e-09,-5.303027453794351143e-09,5.804209470688936889e-09,1.407788215862515457e-09,-3.154299458088538621e-08,5.184936020113939392e-08
1.533676932246413660e+00,-2.714271392520171133e-01,1.315838597526841625e-02,1.029156103974995969e-03,-2.904532228405602191e-04,3.547019010568131653e-05,-1.836627913428135611e-06,2.869845795120534726e-08,3.130910328002708964e-08,-5.900030954249235737e-10,-1.090928120409118129e-09,2.536640298853032327e-10,-1.110833746167938507e-09,3.465880533959353471e-11,-6.563345769650119621e-10,-8.637676685019357592e-11,-3.339671386659581742e-10,-1.991948689328282285e-10,-8.002776219484530884e-11,-3.353279303536238487e-10,1.664306322965436458e-10,-5.427108901168153920e-10,4.903462371384781360e-10,-9.458795235776917831e-10,1.124202523824016642e-09,-2.023051771677525368e-09,3.004550552365009564e-09,-5.264343138494664842e-09,5.774354535324766058e-09,1.358209058242854095e-09,-3.131274964492114510e-08,5.155593769956556827e-08
1.535102908552226086e+00,-2.720436431527025745e-01,1.319345528005685421e-02,1.040670374584350133e-03,-2.936376421447282545e-04,3.586475866515677347e-05,-1.858611815223031039e-06,2.643041170820314978e-08,3.187885670458828757e-08,-7.009140156298554469e-10,-1.087398367096564789e-09,2.533986891845030343e-10,-1.112499908167974283e-09,3.621887165183856894e-11,-6.580941971923159883e-10,-8.443476473551925210e-11,-3.360983852340737599e-10,-1.967413731929212872e-10,-8.276521135108794169e-11,-3.320434101283797901e-10,1.626378259497740508e-10,-5.379135002009372002e-10,4.844567243027231296e-10,-9.377890625508755740e-10,1.113068735488290106e-09,-2.005646229825963633e-09,2.977741834359060036e-09,-5.225301850497049427e-09,5.743930845715505829e-09,1.309033479703070046e-09,-3.108045982906648685e-08,5.125816096573920788e-08
1.536532601435354639e+00,-2.726610422573250148e-01,1.322845208973410722e-02,1.052304142224048077e-03,-2.968539911119660694e-04,3.626336426546319935e-05,-1.880677749027583751e-06,2.409314202658774384e-08,3.246651205475112323e-08,-8.141450330741151209e-10,-1.083577125596257851e-09,2.531300447028428380e-10,-1.114167315699465810e-09,3.778688646705052889e-11,-6.598613808139752734e-10,-8.248110527908636413e-11,-3.382408519936319635e-10,-1.942714877856133171e-10,-8.551815852686495134e-11,-3.287359447157189862e-10,1.588229348384317952e-10,-5.330826257851639660e-10,4.785337738046069322e-10,-9.296455406697379242e-10,1.101877369295151121e-09,-1.988136798204351297e-09,2.950778063299380749e-09,-5.185901404483606036e-09,5.712935214306769094e-09,1.260265830062279324e-09,-3.084611147757820859e-08,5.095599316801147083e-08
1.537966020830361824e+00,-2.732793390624758678e-01,1.326337471712814471e-02,1.064058561907542735e-03,-3.001025715106487093e-04,3.666603902174707386e-05,-1.902822331534270717e-06,2.168458295304792616e-08,3.307251394057617033e-08,-9.297617892603526890e-10,-1.079458487006357270e-09,2.528576133198345843e-10,-1.115836027743011272e-09,3.936289315331631400e-11,-6.616362388522922799e-10,-8.051581623647052766e-11,-3.403945736391023047e-10,-1.917851433219652790e-10,-8.828673556116051202e-11,-3.254053363571651758e-10,1.549857802859988531e-10,-5.282179867116543193e-10,4.725771206651185885e-10,-9.214484691759394774e-10,1.090627916536940356e-09,-1.970522549386150013e-09,2.923658177968885274e-09,-5.146139601258648000e-09,5.681364423186507917e-09,1.211910469547938796e-09,-3.060969086532416839e-08,5.064939717636107730e-08
1.539403176732093925e+00,-2.738985360724808249e-01,1.329822145803735874e-02,1.075934799466396474e-03,-3.033836877331876243e-04,3.707281512485300495e-05,-1.925042032725234054e-06,1.920261447768689678e-08,3.369731829943461987e-08,-1.047831458319409270e-09,-1.075036409718677088e-09,2.525809023740110959e-10,-1.117506051237504572e-09,4.094692293565849184e-11,-6.634187713072670078e-10,-7.853868944085462545e-11,-3.425595918038482068e-10,-1.892821593907356714e-10,-9.107108817074660578e-11,-3.220513924984125254e-10,1.511262313208527885e-10,-5.233192950163112478e-10,4.665864647770967544e-10,-9.131973588774600081e-10,1.079319870240721957e-09,-1.952802518648266705e-09,2.896381107609508065e-09,-5.106014176574358299e-09,5.649215252707950885e-09,1.163971769663207922e-09,-3.037118423074303131e-08,5.033833564566103647e-08
1.540844079196164618e+00,-2.745186357994494064e-01,1.333299059106173023e-02,1.087934031652895185e-03,-3.066976468151308421e-04,3.748372483593697888e-05,-1.947333171460011864e-06,1.664506123905118429e-08,3.434139256080701030e-08,-1.168422782138467397e-09,-1.070304653065512479e-09,2.522993836420739378e-10,-1.119177498939971649e-09,4.253907816276214504e-11,-6.652090683845202079e-10,-7.654968325887523406e-11,-3.447360383268538442e-10,-1.867623833362586083e-10,-9.387126145843360803e-11,-3.186739396671134372e-10,1.472441092664755757e-10,-5.183862211016743160e-10,4.605615459320200333e-10,-9.048917448684079545e-10,1.067952724517762242e-09,-1.934975777913641726e-09,2.868945803147227025e-09,-5.065522896106899875e-09,5.616484443325686637e-09,1.116454197321037345e-09,-3.013057779666095115e-08,5.002277107118979771e-08
1.542288738339442133e+00,-2.751396407633254215e-01,1.336768037743106714e-02,1.100057446243566175e-03,-3.100447584532912623e-04,3.789880048118716288e-05,-1.969691911564604159e-06,1.400969122438908143e-08,3.500521610208182088e-08,-1.291606215210461261e-09,-1.065256864923175284e-09,2.520124976757021074e-10,-1.120850337890666459e-09,4.413941954994893280e-11,-6.670072341674604388e-10,-7.454865891265427535e-11,-3.469239340248009285e-10,-1.842256902584438194e-10,-9.668743583546302034e-11,-3.152727540839395104e-10,1.433392597324778528e-10,-5.134184969529664855e-10,4.545020692268975093e-10,-8.965311010938892267e-10,1.056526005354871400e-09,-1.917041424041865394e-09,2.841351183198795316e-09,-5.024663506450477435e-09,5.583168751974176836e-09,1.069362231577442035e-09,-2.988785771478041919e-08,4.970266568454784206e-08
1.543737164340541979e+00,-2.757615534919359845e-01,1.340228906083234736e-02,1.112306242143971946e-03,-3.134253350248984368e-04,3.831807444614181851e-05,-1.992114257206700073e-06,1.129421428429366880e-08,3.568928044197713922e-08,-1.417453952823333196e-09,-1.059886523165076699e-09,2.517197266599380256e-10,-1.122524646152145422e-09,4.574797832224142269e-11,-6.688132547782998927e-10,-7.253556089104051807e-11,-3.491233482866284987e-10,-1.816719552572010343e-10,-9.951972926303120914e-11,-3.118476414598614355e-10,1.394114945013624762e-10,-5.084158120546855564e-10,4.484077696827182269e-10,-8.881149656837783457e-10,1.045039210115922268e-09,-1.898998477998375956e-09,2.813596178524030433e-09,-4.983433745091997435e-09,5.549264866198944102e-09,1.022700420010014266e-09,-2.964301007955805201e-08,4.937798155080219686e-08
1.545189367440324313e+00,-2.763843765210429182e-01,1.343681486723513792e-02,1.124681629494009641e-03,-3.168396916065148623e-04,3.874157917008441004e-05,-2.014596048269170353e-06,8.496280638238540295e-09,3.639408953154052440e-08,-1.546039874681520709e-09,-1.054186839384574359e-09,2.514205649228884454e-10,-1.124200543420328380e-09,4.736483774636646160e-11,-6.706271371559324734e-10,-7.051029204951930751e-11,-3.513344407068963449e-10,-1.791010256768643671e-10,-1.023681833745015979e-10,-3.083984127100203310e-10,1.354606140799297087e-10,-5.033778801774579925e-10,4.422784040045146803e-10,-8.796428468439698722e-10,1.033491786942009050e-09,-1.880845977662165547e-09,2.785679760865591992e-09,-4.941831342145791561e-09,5.514769445789935443e-09,9.764733830547323024e-10,-2.939602094381710273e-08,4.904868042970855768e-08
1.546645357942396881e+00,-2.770081123943944346e-01,1.347125600471423164e-02,1.137184829774861954e-03,-3.202881459925463470e-04,3.916934713989010663e-05,-2.037132955917848876e-06,5.613479483329575359e-09,3.712016011063468124e-08,-1.677439705367878009e-09,-1.048150939306213836e-09,2.511144885780636216e-10,-1.125878038368832712e-09,4.899003598624052103e-11,-6.724489992615545475e-10,-6.847275524357598897e-11,-3.535572251633922747e-10,-1.765127488617679319e-10,-1.052329924589034960e-10,-3.049248353814704160e-10,1.314864736187693062e-10,-4.983044098877398298e-10,4.361136651462316216e-10,-8.711142072438671224e-10,1.021883255314728900e-09,-1.862583021627547963e-09,2.757600827806711008e-09,-4.899854009945275868e-09,5.479679232069101236e-09,9.306857081878283644e-10,-2.914687634650303671e-08,4.871472401163368104e-08
1.548105146213625050e+00,-2.776327636637758722e-01,1.350561066327112675e-02,1.149817075916952439e-03,-3.237710187143348108e-04,3.960141088388616226e-05,-2.059720477736934341e-06,2.643337469483003632e-09,3.786802198245745044e-08,-1.811730915464437874e-09,-1.041771806840896542e-09,2.508009511875686215e-10,-1.127557144875446227e-09,5.062360426688616855e-11,-6.742788619118478266e-10,-6.642283945090809993e-11,-3.557918265562065585e-10,-1.739069721562458426e-10,-1.081142189662820385e-10,-3.014267568185458046e-10,1.274888970434484570e-10,-4.931950776596027985e-10,4.299132959351137373e-10,-8.625285841459828795e-10,1.010213134932519408e-09,-1.844208642135664045e-09,2.729358294061012824e-09,-4.857499464293313363e-09,5.443990869213877204e-09,8.853420661522615198e-10,-2.889556226931544458e-08,4.837607371632746123e-08
1.549568742684640732e+00,-2.782583328890614327e-01,1.353987701465350982e-02,1.162579612408473281e-03,-3.272886330590589650e-04,4.003780296552017504e-05,-2.082353932779824196e-06,-4.166829676438554841e-10,3.863821826507671253e-08,-1.948992871605992327e-09,-1.035042193012897238e-09,2.504794253954667482e-10,-1.129237975697194862e-09,5.226561371196591921e-11,-6.761168014346452537e-10,-6.436044752700098570e-11,-3.580382518242331003e-10,-1.712836122935712524e-10,-1.110120120828561596e-10,-2.979039341599598600e-10,1.234677169531517293e-10,-4.880496033352055285e-10,4.236770101417874912e-10,-8.538854714447430272e-10,9.984809134014338561e-10,-1.825721902652677198e-09,2.700951113807081860e-09,-4.814765391068787093e-09,5.407700953696803481e-09,8.404471970799298752e-10,-2.864206462976914835e-08,4.803269069292293025e-08
1.551036157850363972e+00,-2.788848226382670825e-01,1.357405321217234825e-02,1.175473695405509882e-03,-3.308413150885144288e-04,4.047855597666318722e-05,-2.105028456708853135e-06,-3.569185130173485598e-09,3.943130581817236302e-08,-2.089306824337028301e-09,-1.027954626801885762e-09,2.501493265999465976e-10,-1.130920523895184715e-09,5.391612677152490818e-11,-6.779628941577797718e-10,-6.228548232733999157e-11,-3.602966258675621702e-10,-1.686424472291392362e-10,-1.139264863003752737e-10,-2.943561921986415086e-10,1.194227694165106435e-10,-4.828676798684927718e-10,4.174045358483480239e-10,-8.451843834175742920e-10,9.866860880853450810e-10,-1.807121823710344799e-09,2.672378195903851728e-09,-4.771649478318984450e-09,5.370806139236294907e-09,7.960058593173280350e-10,-2.838636933323590572e-08,4.768453595177524207e-08
1.552507402270526526e+00,-2.795122354876040660e-01,1.360813739051719082e-02,1.188500592843278261e-03,-3.344293936581740033e-04,4.092370253076533376e-05,-2.127738996595893162e-06,-6.816839550304043538e-09,4.024785546811668335e-08,-2.232756046889605717e-09,-1.020501472388801734e-09,2.498101352513271145e-10,-1.132604924777846911e-09,5.557523365118388625e-11,-6.798170776312062458e-10,-6.019783282962265503e-11,-3.625670388918145193e-10,-1.659834214517985629e-10,-1.168577318244601315e-10,-2.907833245024971092e-10,1.153538696854750079e-10,-4.776489967439623285e-10,4.110956232546147948e-10,-8.364248165609877717e-10,9.748281344472420340e-10,-1.788407461619095917e-09,2.643638471327980355e-09,-4.728149402815490232e-09,5.333303027509062044e-09,7.520228623852931449e-10,-2.812846225906662223e-08,4.733157033670609692e-08
1.553982486570199661e+00,-2.801405740215310858e-01,1.364212766556921475e-02,1.201661584548289682e-03,-3.380532004359677878e-04,4.137327525576342535e-05,-2.150480305706907458e-06,-1.016238592149026898e-08,4.108845252622297939e-08,-2.379425747579821948e-09,-1.012675020228837042e-09,2.494612762887760127e-10,-1.134291159263223214e-09,5.724297771902975285e-11,-6.816795253272722732e-10,-5.809744352269774481e-11,-3.648495255914596669e-10,-1.633062990391564995e-10,-1.198058943718827152e-10,-2.871851315783269243e-10,1.112608625022937225e-10,-4.723932564565380687e-10,4.047499648808516870e-10,-8.276062717083032538e-10,9.629065680655940485e-10,-1.769577878760891787e-09,2.614730859780423078e-09,-4.684262835692037941e-09,5.295188196773048528e-09,7.085030860609631276e-10,-2.786832920334547659e-08,4.697375442092033282e-08
1.555461421440329950e+00,-2.807698408328087036e-01,1.367602213421276192e-02,1.214957962351497119e-03,-3.417130699214791963e-04,4.182730678681592651e-05,-2.173246938009382179e-06,-1.360863469222067801e-08,4.195369692318665078e-08,-2.529403161748156048e-09,-1.004467225541871844e-09,2.491021538347792941e-10,-1.135979282862464856e-09,5.891940234314940739e-11,-6.835502233681900464e-10,-5.598416175089937497e-11,-3.671442108665878834e-10,-1.606109967244861991e-10,-1.227710676177107274e-10,-2.835614069940373128e-10,1.071435587821079061e-10,-4.671001580316969104e-10,3.983673083247929458e-10,-8.187282505602022642e-10,9.509209040851895889e-10,-1.750632098269574999e-09,2.585654285732624791e-09,-4.639987441143467173e-09,5.256458214877857138e-09,6.654514205298167617e-10,-2.760595599685111701e-08,4.661104861108933406e-08
1.556944217638278616e+00,-2.814000385225531309e-01,1.370981887414386008e-02,1.228391030203157368e-03,-3.454093394647649723e-04,4.228582975857085938e-05,-2.196033242704478056e-06,-1.715846870923437573e-08,4.284420363799557041e-08,-2.682777671889069460e-09,-9.958698943615673649e-10,2.487322309924211439e-10,-1.137669382311745636e-09,6.060458038192884089e-11,-6.854292550206864121e-10,-5.385794588086412205e-11,-3.694511155338808805e-10,-1.578974034854851993e-10,-1.257533799314813905e-10,-2.799119113577885898e-10,1.030017677053352010e-10,-4.617693961581070816e-10,3.919473664897032972e-10,-8.097902326996420097e-10,9.388706127648471789e-10,-1.731569168649318979e-09,2.556407675824434733e-09,-4.595320869920510587e-09,5.217109655744622820e-09,6.228728175600162231e-10,-2.734132837842184749e-08,4.624341312653434954e-08
1.558430885988367987e+00,-2.820311697002914064e-01,1.374351594367744997e-02,1.241962104288365371e-03,-3.491423492851353054e-04,4.274887679737212481e-05,-2.218833358642955528e-06,-2.081484511747694333e-08,4.376060314115193250e-08,-2.839640857524305950e-09,-9.868746054728094741e-10,2.483509405071249176e-10,-1.139361527000004592e-09,6.229855520345495279e-11,-6.873165925291857548e-10,-5.171865713471390791e-11,-3.717703714323228326e-10,-1.551652833997607672e-10,-1.287529458049441189e-10,-2.762364816055740135e-10,9.883534355520362524e-11,-4.564006794022246183e-10,3.854898761312952615e-10,-8.007917280672405269e-10,9.267551966726100821e-10,-1.712388103926668070e-09,2.526989918531785673e-09,-4.550260769738134758e-09,5.177139062936819691e-09,5.807722931044922987e-10,-2.707443208516124855e-08,4.587080793677644763e-08
1.559921437382433496e+00,-2.826632369840164083e-01,1.377711138155183514e-02,1.255672513143864417e-03,-3.529124424903377043e-04,4.321648051327240184e-05,-2.241641208493468096e-06,-2.458079713558991575e-08,4.470354168523843486e-08,-3.000086462243145569e-09,-9.774727281926243183e-10,2.479577090527818051e-10,-1.141055786316180765e-09,6.400139619666678215e-11,-6.892123052826271135e-10,-4.956621224572188567e-11,-3.741020826453222980e-10,-1.524145670783738638e-10,-1.317698554437196634e-10,-2.725349165094703707e-10,9.464411893089774708e-11,-4.509936825033977748e-10,3.789945562243657307e-10,-7.917322552772332322e-10,9.145741568586385206e-10,-1.693087968868828286e-09,2.497399969767985506e-09,-4.504804783107135835e-09,5.136542957466516679e-09,5.391548830654957492e-10,-2.680525280733536686e-08,4.549319292113107593e-08
1.561415882780378350e+00,-2.832962430002418097e-01,1.381060320673121837e-02,1.269523597775999539e-03,-3.567199650952889746e-04,4.368867349163144814e-05,-2.264450492769042034e-06,-2.845943606688897121e-08,4.567368173079289217e-08,-3.164210376355169885e-09,-9.676555286219912233e-10,2.475519433539630221e-10,-1.142752151586656773e-09,6.571316581160946413e-11,-6.911165043033129507e-10,-4.740052794716120843e-11,-3.764462144784097575e-10,-1.496450879878707951e-10,-1.348042510951330542e-10,-2.688069957595962123e-10,9.042793423785777662e-11,-4.455481018850182551e-10,3.724611300805202863e-10,-7.826113060556416645e-10,9.023270106361253040e-10,-1.673667814148377397e-09,2.467636740777212623e-09,-4.458950507869180457e-09,5.095317824783951455e-09,4.980256701828111865e-10,-2.653377624041441951e-08,4.511052769523571371e-08
1.562914233210740633e+00,-2.839301903840594221e-01,1.384398941820610442e-02,1.283516711780297199e-03,-3.605652660412998582e-04,4.416548828438176741e-05,-2.287254683567760405e-06,-3.245395309957321839e-08,4.667170222559871573e-08,-3.332110886690442531e-09,-9.574139423970673413e-10,2.471330648803893304e-10,-1.144450739037905507e-09,6.743392823305160988e-11,-6.930291895912432665e-10,-4.522147933894160587e-11,-3.788029473428267124e-10,-1.468567489837369067e-10,-1.378562194953580899e-10,-2.650525059849639931e-10,8.618660646275699833e-11,-4.400636573892446890e-10,3.658893279502584139e-10,-7.734283530465291268e-10,8.900132419248363291e-10,-1.654126659429711044e-09,2.437699158849837566e-09,-4.412695603882299533e-09,5.053460149471999951e-09,4.573898395449083054e-10,-2.625998801394913151e-08,4.472277168043881090e-08
1.564416499771259517e+00,-2.845650817791948728e-01,1.387726799479114398e-02,1.297653221461915821e-03,-3.644486972147237443e-04,4.464695740122792342e-05,-2.310047018545032665e-06,-3.656762136844404765e-08,4.769829914938808479e-08,-3.503888579454994545e-09,-9.467387780855152091e-10,2.467005089795692996e-10,-1.146151614589419054e-09,6.916370774712188307e-11,-6.949503750242058686e-10,-4.302892764318499985e-11,-3.811722881774670668e-10,-1.440493280213672733e-10,-1.409259098306137048e-10,-2.612712511618209277e-10,8.191994738809826870e-11,-4.345400489089157325e-10,3.592789139111873808e-10,-7.641828849401510748e-10,8.776323337771757549e-10,-1.634463532834001809e-09,2.407586147806783927e-09,-4.366037677661777083e-09,5.010966434328134600e-09,4.172525658319159447e-10,-2.598387377136801568e-08,4.432988416624983330e-08
1.565922693629450135e+00,-2.852009198380646149e-01,1.391043689492098626e-02,1.311934505956939383e-03,-3.683706134658547467e-04,4.513311330051799145e-05,-2.332820494548460549e-06,-4.080379784922316677e-08,4.875418587726651487e-08,-3.679646478141340715e-09,-9.356206070315620238e-10,2.462536606920306959e-10,-1.147854799057879127e-09,7.090262231501665013e-11,-6.968801855022910274e-10,-4.082290061546700599e-11,-3.835543341268454753e-10,-1.412226724450960091e-10,-1.440134296537554093e-10,-2.574630508789255146e-10,7.762781042974786772e-11,-4.289769268972509764e-10,3.526295770141241182e-10,-7.548744359632542089e-10,8.651838167336028951e-10,-1.614677460747698801e-09,2.377296595690303604e-09,-4.318974322278790190e-09,4.967833157863699167e-09,3.776190679594115807e-10,-2.570541912834400922e-08,4.393182422013364175e-08
1.567432826023187342e+00,-2.858377072218341031e-01,1.394349405644372542e-02,1.326361957355666824e-03,-3.723313726279185894e-04,4.562398837954732139e-05,-2.355567860872365832e-06,-4.516592544672598519e-08,4.984009349239676423e-08,-3.859490103376439496e-09,-9.240497113142953634e-10,2.457919119971951893e-10,-1.149560387853076904e-09,7.265069622286457474e-11,-6.988186210254987429e-10,-3.860317621118269926e-11,-3.859492100910522083e-10,-1.383767406215596907e-10,-1.471188726398509061e-10,-2.536276674791615449e-10,7.331002731952862561e-11,-4.233740111964090502e-10,3.459410331980994346e-10,-7.455024891682426880e-10,8.526671903263949304e-10,-1.594767524634721489e-09,2.346829476411460558e-09,-4.271503148585431564e-09,4.924056744813609665e-09,3.384946455076143224e-10,-2.542460963983472766e-08,4.352855075689943121e-08
1.568946908261289686e+00,-2.864754466004754141e-01,1.397643739641179009e-02,1.340936980826961354e-03,-3.763313355358332071e-04,4.611961496475604910e-05,-2.378281612547012563e-06,-4.965753523872643016e-08,5.095677129340545064e-08,-4.043527402665392234e-09,-9.120162056119873739e-10,2.453146913036774457e-10,-1.151268429547269712e-09,7.440803008462726353e-11,-7.007657162882985347e-10,-3.636974055254427185e-11,-3.883569715812384970e-10,-1.355112827505777773e-10,-1.502423810362252254e-10,-2.497648962651588533e-10,6.896641764619904080e-11,-4.177310060360373001e-10,3.392130361323797416e-10,-7.360665250054354569e-10,8.400819510520629585e-10,-1.574732718355453809e-09,2.316183686035602762e-09,-4.223621759193857406e-09,4.879633626851676009e-09,2.998846674456823180e-10,-2.514143088508391521e-08,4.312002248318957953e-08
1.570464951724114933e+00,-2.871141406528258111e-01,1.400926481087055343e-02,1.355660994743510504e-03,-3.803708660448813089e-04,4.662002530179953919e-05,-2.400953983622625132e-06,-5.428224852162960579e-08,5.210498731002960460e-08,-4.231868949017281167e-09,-8.995100198548600101e-10,2.448214356937095104e-10,-1.152979000468290494e-09,7.617463257392209641e-11,-7.027215476185233456e-10,-3.412244098388583780e-11,-3.907775839029348219e-10,-1.326262433209990377e-10,-1.533840277012643583e-10,-2.458745741729106982e-10,6.459680013115587371e-11,-4.120475748797813864e-10,3.324453082612088828e-10,-7.265660581859401113e-10,8.274276108027889265e-10,-1.554572063959536177e-09,2.285358130819578615e-09,-4.175327741971074369e-09,4.834560250396857661e-09,2.617944853955389561e-10,-2.485586840864084657e-08,4.270619796686858649e-08
1.571986967864159368e+00,-2.877537920666470295e-01,1.404197417464486328e-02,1.370535430808745431e-03,-3.844503310497463661e-04,4.712525154513353895e-05,-2.423576939962913263e-06,-5.904377906474495008e-08,5.328552862100474630e-08,-4.424627942679892900e-09,-8.865207578451217429e-10,2.443114989827965822e-10,-1.154692171739801765e-09,7.795061297832805991e-11,-7.046861635884305031e-10,-3.186120811626835803e-11,-3.932112205284887807e-10,-1.297214696771575859e-10,-1.565439583517402866e-10,-2.419564305855548270e-10,6.020099436315762276e-11,-4.063234141510330133e-10,3.256375867739802477e-10,-7.170005695937564649e-10,8.147036647740413251e-10,-1.534284623828929828e-09,2.254351759520961673e-09,-4.126618675676790859e-09,4.788833012428495017e-09,2.242295255722170921e-10,-2.456790775852424336e-08,4.228703561620639206e-08
1.573512968206664642e+00,-2.883944035386848403e-01,1.407456334112249137e-02,1.385561734184953715e-03,-3.885701005030021624e-04,4.763532574710320142e-05,-2.446142171947090355e-06,-6.394593545823445968e-08,5.449920182590967110e-08,-4.621920231089038378e-09,-8.730378447084630178e-10,2.437842514663168814e-10,-1.156408038771594704e-09,7.973607017708328470e-11,-7.066595850147017188e-10,-2.958600031632840910e-11,-3.956579369690516046e-10,-1.267967397744484970e-10,-1.597222666627207133e-10,-2.380103197863192577e-10,5.577886763585837571e-11,-4.005582202731838848e-10,3.187895811045116101e-10,-7.073695427149695458e-10,8.019096177022677630e-10,-1.513869409388093890e-09,2.223163508103739860e-09,-4.077492161188439601e-09,4.742448312528013687e-09,1.871953078658172842e-10,-2.427753445846669855e-08,4.186249358967275569e-08
1.575042964350228392e+00,-2.890359777747288361e-01,1.410703014203558078e-02,1.400741363622834586e-03,-3.927305474337901281e-04,4.815027984681179846e-05,-2.468641087114212262e-06,-6.899262320215343580e-08,5.574683353826159760e-08,-4.823864471932559628e-09,-8.590504718165858922e-10,2.432391761966745669e-10,-1.158126664013714446e-09,8.153094518958958759e-11,-7.086417910806552811e-10,-2.729663717282448943e-11,-3.981178234302440444e-10,-1.238519703461449240e-10,-1.629190740648489566e-10,-2.340360041180877815e-10,5.133025688525139074e-11,-3.947517208946482725e-10,3.119010141307276829e-10,-6.976724579998982989e-10,7.890449723723519382e-10,-1.493325467840159182e-09,2.191792304075124154e-09,-4.027945785071984641e-09,4.695402552878924496e-09,1.506973504317166146e-10,-2.398473405301748684e-08,4.143252999022628558e-08
1.576576967967425968e+00,-2.896785174896733261e-01,1.413937238723951551e-02,1.416075791592040327e-03,-3.969320479664572091e-04,4.867014565886279912e-05,-2.491064802697361136e-06,-7.418784729725999560e-08,5.702927087861131561e-08,-5.030582081108625481e-09,-8.445475304340310796e-10,2.426755645393297023e-10,-1.159848078691183559e-09,8.333537852844852267e-11,-7.106329552586387877e-10,-2.499297990787852086e-11,-4.005909562398990431e-10,-1.208870226143687887e-10,-1.661344811720866232e-10,-2.300332615362554733e-10,4.685495828132824059e-11,-3.889035768769866230e-10,3.049716698795557068e-10,-6.879088557468215903e-10,7.761092456638057913e-10,-1.472651806489616577e-09,2.160237059980335550e-09,-3.977977106571495280e-09,4.647692104439715699e-09,1.147412269364433968e-10,-2.368949203468417863e-08,4.099710270571987891e-08
1.578114990805435047e+00,-2.903220254075786211e-01,1.417158786448898672e-02,1.431566504413416853e-03,-4.011749813390124569e-04,4.919495486133389911e-05,-2.513404137549808681e-06,-7.953571456650876392e-08,5.834738188697369266e-08,-5.242197459974506923e-09,-8.295176876123300236e-10,2.420928908730690665e-10,-1.161572423316603597e-09,8.514945172566346088e-11,-7.126330567319705267e-10,-2.267500076591488778e-11,-4.030773631535922163e-10,-1.179017578012420131e-10,-1.693685816595014160e-10,-2.260019168337512596e-10,4.235281916842303929e-11,-3.830134664289941426e-10,2.980012473764726000e-10,-6.780781994925044742e-10,7.631019462162047517e-10,-1.451847474057479936e-09,2.128496705711829806e-09,-3.927583690135211247e-09,4.599313353781386837e-09,7.933256308823022351e-11,-2.339179391505630257e-08,4.055616948522855481e-08
1.579657044686668455e+00,-2.909665042617324282e-01,1.420367433921147955e-02,1.447215002392624253e-03,-4.054597299214686944e-04,4.972473898384992957e-05,-2.535649604461492207e-06,-8.504043624282461855e-08,5.970205614689444440e-08,-5.458837883023232029e-09,-8.139494382317091770e-10,2.414905957495716571e-10,-1.163299777687254455e-09,8.697320467987434967e-11,-7.146421440729078256e-10,-2.034265811357016673e-11,-4.055771621325199305e-10,-1.148960093733109034e-10,-1.726215247133122688e-10,-2.219417549048641192e-10,3.782368168669947295e-11,-3.770811224032555309e-10,2.909894690657222061e-10,-6.681799727230319785e-10,7.500225768144325178e-10,-1.430911524685773983e-09,2.096570199785000033e-09,-3.876763096308244450e-09,4.550262625892254054e-09,4.447707133148348646e-11,-2.309162520919283423e-08,4.010968793211056038e-08
1.581203141509413879e+00,-2.916119567947121904e-01,1.423562955427841621e-02,1.463022799954869294e-03,-4.097866792345341604e-04,5.025952939508547546e-05,-2.557791401790274893e-06,-9.070633057248894682e-08,6.109420524688657927e-08,-5.680633529108608526e-09,-7.978309983155962293e-10,2.408680225760018168e-10,-1.165030181701776080e-09,8.880669984112632420e-11,-7.166602589148141078e-10,-1.799578541739066395e-11,-4.080903809322578013e-10,-1.118695830415461501e-10,-1.758934248252685961e-10,-2.178525953383525504e-10,3.326736542491603998e-11,-3.711062073960547103e-10,2.839360938207413643e-10,-6.582137074967464585e-10,7.368706866472257699e-10,-1.409842960257978728e-09,2.064456473176504159e-09,-3.825512916860729362e-09,4.500536276985656059e-09,1.018045890643914930e-11,-2.278897143215274923e-08,3.965761547625179517e-08
1.582753293248480464e+00,-2.922583857584480360e-01,1.426745122977378724e-02,1.478991425781365707e-03,-4.141562179678275404e-04,5.079935728959355384e-05,-2.579819405017745593e-06,-9.653782516699099814e-08,6.252476319069250055e-08,-5.907717827956238121e-09,-7.811502300038297708e-10,2.402246214450176609e-10,-1.166763805363069118e-09,9.065001527197580344e-11,-7.186874151354771811e-10,-1.563421614392268566e-11,-4.106171930251534263e-10,-1.088224510503721376e-10,-1.791843895482259086e-10,-2.137341952729299166e-10,2.868371946213033041e-11,-3.650884265044007648e-10,2.768408536267530362e-10,-6.481788612788808024e-10,7.236457529122969357e-10,-1.388640842071853232e-09,2.032154501098448751e-09,-3.773830728817650915e-09,4.450130663274931564e-09,-2.355147674104607347e-11,-2.248381812328115181e-08,3.919990945039364405e-08
1.584307511955851400e+00,-2.929057939142858391e-01,1.429913706275895251e-02,1.495122422947004447e-03,-4.185687379977022504e-04,5.134425367479952471e-05,-2.601723158517522255e-06,-1.025394598969803228e-07,6.399468708119873672e-08,-6.140227201689718584e-09,-7.638948679340729075e-10,2.395597522436565541e-10,-1.168500650405857044e-09,9.250317005438102314e-11,-7.207237098794117003e-10,-1.325793641537842404e-11,-4.131575567778433822e-10,-1.057544329885473644e-10,-1.824944778627823894e-10,-2.095863396028851966e-10,2.407258854059124431e-11,-3.590274813558558265e-10,2.697034548818089128e-10,-6.380749270964991560e-10,7.103472905375940449e-10,-1.367304201284336163e-09,1.999663204552831752e-09,-3.721714066269588006e-09,4.399042113217843664e-09,-5.671292081788070760e-11,-2.217615079069812367e-08,3.873652699992735648e-08
1.585865809761345613e+00,-2.935541840330514463e-01,1.433068472703635104e-02,1.511417349059419532e-03,-4.230246344058665245e-04,5.189424935709164438e-05,-2.623491866228511160e-06,-1.087158895633072442e-07,6.550495748299314802e-08,-6.378301304656164294e-09,-7.460522885235909563e-10,2.388727861346584547e-10,-1.170240836526059702e-09,9.436630990511396533e-11,-7.227691431466176653e-10,-1.086689072060664785e-11,-4.157115901515240353e-10,-1.026653206892547132e-10,-1.858238354857100205e-10,-2.054088669989351246e-10,1.943378704488685216e-11,-3.529230293425333898e-10,2.625236430152388944e-10,-6.279014443805186474e-10,6.969748573854711582e-10,-1.345832046717801433e-09,1.966981498686959373e-09,-3.669160486725886461e-09,4.347266934455473741e-09,-8.929800822399247551e-11,-2.186595494599319345e-08,3.826742516616077339e-08
1.587428198873284568e+00,-2.942035588951148473e-01,1.436209187290910134e-02,1.527877776399879685e-03,-4.275243054972250462e-04,5.244937492773077414e-05,-2.645114382953100279e-06,-1.150718866469932489e-07,6.705657918520957494e-08,-6.622083165239850411e-09,-7.276096075474469682e-10,2.381632243850240194e-10,-1.171984516379342978e-09,9.623945217140938979e-11,-7.248237496315645956e-10,-8.460940281729278922e-12,-4.182793347795588090e-10,-9.955503088576733717e-11,-1.891725491531826009e-10,-2.012015658248156313e-10,1.476716492143648196e-11,-3.467747842350599186e-10,2.553011621553302746e-10,-6.176578974843860426e-10,6.835279672996741329e-10,-1.324223418202805092e-09,1.934108357845576442e-09,-3.616167583691404230e-09,4.294801484935883984e-09,-1.213008027356465846e-10,-2.155321615973648797e-08,3.779256088631832711e-08
1.588994691579168173e+00,-2.948539212904557338e-01,1.439335612693826323e-02,1.544505292065379530e-03,-4.320681528175609847e-04,5.300966074836630654e-05,-2.666579205180472090e-06,-1.216123442651997899e-07,6.865058165385698463e-08,-6.871719082212485175e-09,-7.085537404201425193e-10,2.374304693825157742e-10,-1.173731761089369385e-09,9.812268185471761939e-11,-7.268875848454037225e-10,-6.040001832019470385e-12,-4.208608669897806465e-10,-9.642339704463154249e-11,-1.925407715208660164e-10,-1.969642192400922198e-10,1.007256084095686788e-11,-3.405824545998914488e-10,2.480357755123285823e-10,-6.073437417049298848e-10,6.700060974779153966e-10,-1.302477382458117061e-09,1.901042762228119520e-09,-3.562732905568188890e-09,4.241642048014027111e-09,-1.527153160874039628e-10,-2.123791998862034625e-08,3.731189093802989021e-08
1.590565300246357339e+00,-2.955052740187283922e-01,1.442447509169721143e-02,1.561301498111847957e-03,-4.366565811713620134e-04,5.357513693615527373e-05,-2.687874461511797347e-06,-1.283422790664817681e-07,7.028801964634526223e-08,-7.127358734454469769e-09,-6.888713163268056494e-10,2.366738827488945596e-10,-1.175482667800653580e-09,1.000160995690002608e-10,-7.289606834826045656e-10,-3.603978226962567533e-12,-4.234562422933407788e-10,-9.327030814354486665e-11,-1.959285650388054023e-10,-1.926966156085008208e-10,5.349780514418700506e-12,-3.343457021659501649e-10,2.407272185409037313e-10,-5.969584947890238524e-10,6.564087923384420709e-10,-1.280592966303867319e-09,1.867783658640598254e-09,-3.508853995554117589e-09,4.187784925259452340e-09,-1.835355287888029707e-10,-2.092005204137881158e-08,3.682537194626966937e-08
1.592140037322763435e+00,-2.961576198893282053e-01,1.445544634552326305e-02,1.578268011699611624e-03,-4.412899986397495443e-04,5.414583334828861408e-05,-2.708987902862083214e-06,-1.352668341988993994e-07,7.196997376052519102e-08,-7.389155432489802333e-09,-6.685486188089118098e-10,2.358929900372896959e-10,-1.177237394373031876e-09,1.019197087837042659e-10,-7.310430663598488366e-10,-1.152758444256107850e-12,-4.260655994681172842e-10,-9.009561152684142371e-11,-1.993360441987501730e-10,-1.883985641104590769e-10,5.986834292204257224e-13,-3.280642363670538408e-10,2.333751859297239495e-10,-5.865016415237955805e-10,6.427356004194695327e-10,-1.258569232989378839e-09,1.834330012320459224e-09,-3.454528422434238744e-09,4.133226413904900198e-09,-2.137553588993368336e-10,-2.059959786776532908e-08,3.633296050825629564e-08
1.593718915337546616e+00,-2.968109617214590434e-01,1.448626744226596229e-02,1.595406465240081437e-03,-4.459688165976190971e-04,5.472177956608592631e-05,-2.729906892733578727e-06,-1.423912824069333005e-07,7.369755111339901243e-08,-7.657266001825924207e-09,-6.475717019907567540e-10,2.350872222584010629e-10,-1.178996034481571975e-09,1.038336066433442895e-10,-7.331348028660755745e-10,1.313754660614563363e-12,-4.286889385141101627e-10,-8.689912678327971207e-11,-2.027633200230027910e-10,-1.840698444360855390e-10,-4.180852712643012836e-12,-3.217377770453611063e-10,2.259794482616095390e-10,-5.759726827425648565e-10,6.289860390341905916e-10,-1.236405216056835066e-09,1.800680813224958543e-09,-3.399753781881814652e-09,4.077962826795622497e-09,-2.433686741715179735e-10,-2.027654313896398719e-08,3.583461306855273421e-08
1.595301946901820589e+00,-2.974653023441997668e-01,1.451693591103270578e-02,1.612718506543757424e-03,-4.506934497312126142e-04,5.530300487874284521e-05,-2.750618396972232677e-06,-1.497210292741163462e-07,7.547188595954934520e-08,-7.931850834128062466e-09,-6.259263819058391576e-10,2.342560000145876842e-10,-1.180758726904151956e-09,1.057578972313288901e-10,-7.352359276957542988e-10,3.795630476588485180e-12,-4.313263288202584533e-10,-8.368078452392069266e-11,-2.062104861866309591e-10,-1.797102536227335179e-10,-8.989026537009614515e-12,-3.153659954707732638e-10,2.185397492311669243e-10,-5.653711409626949180e-10,6.151596359041389128e-10,-1.214099934086429466e-09,1.766835033313596259e-09,-3.344527626635701578e-09,4.021990452490742385e-09,-2.723692955203249610e-10,-1.995087351228108652e-08,3.533028595376075387e-08
1.596889144709366493e+00,-2.981206445965730589e-01,1.454744925593135299e-02,1.630205798970102773e-03,-4.554643160554479146e-04,5.588953826643006453e-05,-2.771108973033224732e-06,-1.572616162804837958e-07,7.729414014346833173e-08,-8.213074068064152300e-09,-6.035980998873868852e-10,2.333988002867215528e-10,-1.182525620826990753e-09,1.076926360588092990e-10,-7.373464616655667214e-10,6.292952270392504488e-12,-4.339777981421377717e-10,-8.044040433752286390e-11,-2.096776641202779956e-10,-1.753195921772032762e-10,-1.382601238358871498e-11,-3.089485802604263753e-10,2.110558494465564205e-10,-5.546965165838246836e-10,6.012559304602316246e-10,-1.191652458567421524e-09,1.732791659724702837e-09,-3.288847534588246191e-09,3.965305591692447340e-09,-3.007510109009903232e-10,-1.962257468318684417e-08,3.481993544884876002e-08
1.598480521537353427e+00,-2.987769913276131506e-01,1.457780495580933075e-02,1.647870021578872433e-03,-4.602818369306401272e-04,5.648140838302026165e-05,-2.791364759779924043e-06,-1.650187241462527932e-07,7.916550402589997426e-08,-8.501103700327139467e-09,-5.805721047143219682e-10,2.325151165355476834e-10,-1.184296835946008208e-09,1.096378769022132715e-10,-7.394664464088762657e-10,8.805844942116891616e-12,-4.366435338298835234e-10,-7.717786132399595544e-11,-2.131649856629280748e-10,-1.708976554021246486e-10,-1.869192647885320469e-11,-3.024852469196703808e-10,2.035274965055122731e-10,-5.439483065361461200e-10,5.872744903226423396e-10,-1.169061849062846825e-09,1.698549648154745739e-09,-3.232711065417198659e-09,3.907904525153604869e-09,-3.285075128589554083e-10,-1.929163239572373456e-08,3.430351772082396167e-08
1.600076090247069205e+00,-2.994343453964359303e-01,1.460800046399007152e-02,1.665712869283126132e-03,-4.651464370796468302e-04,5.707864353841473476e-05,-2.811371466232472777e-06,-1.729981762175689108e-07,8.108719689496959870e-08,-8.796111619028407214e-09,-5.568332396739539281e-10,2.316044188030441653e-10,-1.186072563080786679e-09,1.115937012935441786e-10,-7.415958749867890276e-10,1.133437788070068564e-11,-4.393235220057079005e-10,-7.389297507209846572e-11,-2.166724889784976682e-10,-1.664442767640439413e-10,-2.358694923404458521e-11,-2.959756779941091764e-10,1.959544332352791685e-10,-5.331260055814468490e-10,5.732148184930951906e-10,-1.146327141500133595e-09,1.664108024773333638e-09,-3.176115804821161293e-09,3.849783552709040713e-09,-3.556325303688545603e-10,-1.895803240434257297e-08,3.378098883261015928e-08
1.601675863784655984e+00,-3.000927096723087217e-01,1.463803320800586769e-02,1.683736053003786169e-03,-4.700585446043631030e-04,5.768127168010893022e-05,-2.831114360590455958e-06,-1.812059419537340177e-07,8.306046790943974467e-08,-9.098273654438437941e-09,-5.323662136125228983e-10,2.306662812145976460e-10,-1.187852937539757292e-09,1.135602115814871027e-10,-7.437348237271379503e-10,1.387864823065854125e-11,-4.420178043029743264e-10,-7.058567619289135564e-11,-2.202003093754179019e-10,-1.619592081975040898e-10,-2.851121855967919672e-11,-2.894196011321570339e-10,1.883364211113791598e-10,-5.222291067467910164e-10,5.590764630761246856e-10,-1.123447416475839566e-09,1.629465788861861331e-09,-3.119059334161927710e-09,3.790938953376898901e-09,-3.821196484232736168e-10,-1.862176051553587897e-08,3.325230481937557769e-08
1.603279855181857005e+00,-3.007520870347198949e-01,1.466790058932790006e-02,1.701941299825882221e-03,-4.750185910024542352e-04,5.828932037442273451e-05,-2.850578258431143985e-06,-1.896481404426234030e-07,8.508659658269801529e-08,-9.407769625824347060e-09,-5.071554252944476815e-10,2.297001937615061884e-10,-1.189638068610499033e-09,1.155374580730228473e-10,-7.458833550799681689e-10,1.643872538092949753e-11,-4.447264154161523209e-10,-6.725578427513312363e-11,-2.237485405287564788e-10,-1.574422796996044482e-10,-3.346488537669944918e-11,-2.828166789300978756e-10,1.806731673992256759e-10,-5.112571303811375145e-10,5.448589997150005138e-10,-1.100421741142415533e-09,1.594621962253128800e-09,-3.061539256485334981e-09,3.731367005307961726e-09,-4.079624329328401799e-10,-1.828280260171566418e-08,3.271742159832724539e-08
1.604888077556769765e+00,-3.014124803734510860e-01,1.469759998309320970e-02,1.720330353156490112e-03,-4.800270111837718484e-04,5.890281678705682616e-05,-2.869747511056921357e-06,-1.983310440479418846e-07,8.716689343327838069e-08,-9.724783485865612365e-09,-4.811848250581285402e-10,2.287056603128556631e-10,-1.191428204358468967e-09,1.175255621987947308e-10,-7.480414482285979716e-10,1.901473423160382481e-11,-4.474495357564833853e-10,-6.390316054094569154e-11,-2.273172483580054859e-10,-1.528933091243800391e-10,-3.844814397413465201e-11,-2.761665982703442879e-10,1.729644587278311718e-10,-5.002095864251043800e-10,5.305619567817776439e-10,-1.077249159233545361e-09,1.559575549866382138e-09,-3.003553147949006297e-09,3.671064009204416667e-09,-4.331544272567766640e-10,-1.794114457692730369e-08,3.217629501728325181e-08
1.606500544114610740e+00,-3.020738925886491399e-01,1.472712873782705892e-02,1.738904972884425248e-03,-4.850842434860032706e-04,5.952178766313381483e-05,-2.888605993667508337e-06,-2.072610818526499088e-07,8.930270091076983330e-08,-1.004950352361672072e-08,-4.544381732897451176e-10,2.276823399954830407e-10,-1.193223518256014692e-09,1.195245430407609888e-10,-7.502091378674968780e-10,2.160677192719617778e-11,-4.501871236906040963e-10,-6.052769396802659685e-11,-2.309065612327021455e-10,-1.483120553452677015e-10,-4.346110450692552973e-11,-2.694691162916096339e-10,1.652100682821011635e-10,-4.890859683394366275e-10,5.161848899704057914e-10,-1.053928758284680689e-09,1.524325591098496524e-09,-2.945098612899821333e-09,3.610026262299004252e-09,-4.576891123042603482e-10,-1.759677238991064208e-08,3.162888095875615591e-08
1.608117268148485657e+00,-3.027363265908975531e-01,1.475648417516336672e-02,1.757666935541186796e-03,-4.901907296908031633e-04,6.014625930677620913e-05,-2.907137092811838686e-06,-2.164448438144936371e-07,9.149539410098148084e-08,-1.038212222486192826e-08,-4.268989948867651929e-10,2.266297973937958510e-10,-1.195024183775483806e-09,1.215344769267545644e-10,-7.523864725689222155e-10,2.421486622328217209e-11,-4.529392971797108203e-10,-5.712921802292214579e-11,-2.345165901751489201e-10,-1.436983171343442223e-10,-4.850389274252409066e-11,-2.627239207436682378e-10,1.574097380219185993e-10,-4.778857986414974945e-10,5.017273658168563966e-10,-1.030459599593580577e-09,1.488871107131750637e-09,-2.886173286909682334e-09,3.548250062691826745e-09,-4.815599221469346602e-10,-1.724967211430561420e-08,3.107513515954174466e-08
1.609738263040167983e+00,-3.033997853012896373e-01,1.478566358956120812e-02,1.776618034464364296e-03,-4.953469150396710118e-04,6.077625756001608232e-05,-2.925323693650852541e-06,-2.258890845008645898e-07,9.374638133829993336e-08,-1.072283638920909499e-08,-3.985504777766213369e-10,2.255476196436068115e-10,-1.196830363980883050e-09,1.235554887568657279e-10,-7.545734939662374074e-10,2.683918365331550149e-11,-4.557060492849096534e-10,-5.370767719448110711e-11,-2.381474323298604645e-10,-1.390519348970498115e-10,-5.357670036787443024e-11,-2.559306759575274981e-10,1.495632051366768689e-10,-4.666086054865015154e-10,4.871889573623139347e-10,-1.006840758769472766e-09,1.453211131291487490e-09,-2.826774762182404643e-09,3.485731705013539461e-09,-5.047602041202692291e-10,-1.689982982375215492e-08,3.051501336337469894e-08
1.611363542260890069e+00,-3.040642716515036259e-01,1.481466424801765151e-02,1.795760079962522258e-03,-5.005532482491438333e-04,6.141180778102949683e-05,-2.943148167215518807e-06,-2.356007269008544847e-07,9.605710501450412386e-08,-1.107184743149788875e-08,-3.693754408243266063e-10,2.244354485245181330e-10,-1.198642313876563392e-09,1.255876461853100423e-10,-7.567702298150180695e-10,2.947971033950835817e-11,-4.584874563340335385e-10,-5.026282168252294014e-11,-2.417991293302002020e-10,-1.343726987318438759e-10,-5.867968437545112437e-11,-2.490890887649199748e-10,1.416702480154519161e-10,-4.552538910088110846e-10,4.725692129281533482e-10,-9.830713183604788963e-10,1.417344729862796138e-09,-2.766900684264550492e-09,3.422467477823265547e-09,-5.272832847430519720e-10,-1.654723165780969119e-08,2.994847125153965450e-08
1.612993119372140294e+00,-3.047297885838761711e-01,1.484348338977718729e-02,1.815094899481424842e-03,-5.058101815259377111e-04,6.205293482191556395e-05,-2.960592357053801194e-06,-2.455868665742801105e-07,9.842904243094821592e-08,-1.142936134580427310e-08,-3.393563793689657881e-10,2.232929518369841659e-10,-1.200460293671046230e-09,1.276310567649430183e-10,-7.589766662374763939e-10,3.213654342637539685e-11,-4.612836432271727460e-10,-4.679459597589641362e-11,-2.454718130151523070e-10,-1.296604108802501543e-10,-6.381295145074794561e-11,-2.421989058962181751e-10,1.337306545882988029e-10,-4.438211616795972869e-10,4.578677107597295404e-10,-9.591503669862527781e-10,1.381270991248489954e-09,-2.706548680488085612e-09,3.358453708711406360e-09,-5.491224593090482387e-10,-1.619186389481552801e-08,2.937546454695461051e-08
1.614627008026471078e+00,-3.053963390514774501e-01,1.487211822603762626e-02,1.834624337772746382e-03,-5.111181705819691987e-04,6.269966300572393444e-05,-2.977637565578384465e-06,-2.558547759490270579e-07,1.008637065848250192e-07,-1.179558864125573869e-08,-3.084756170119995478e-10,2.221198424842696362e-10,-1.202284516735319109e-09,1.296857760069158871e-10,-7.611928032336123806e-10,3.480983556958250347e-11,-4.640946169032211799e-10,-4.330280578557221816e-11,-2.491655770597844821e-10,-1.249148787879628131e-10,-6.897665077998382799e-11,-2.352598471935807289e-10,1.257441824276117615e-10,-4.323099486898407395e-10,4.430840267171526348e-10,-9.350770028074273377e-10,1.344988956146486725e-09,-2.645716415481530470e-09,3.293686732207257162e-09,-5.702710005606181909e-10,-1.583371282698475824e-08,2.879594892396530881e-08
1.616265221968314680e+00,-3.060639260181874377e-01,1.490056593965230838e-02,1.854350257064166230e-03,-5.164776746489547522e-04,6.335201610279533879e-05,-2.994264540262178698e-06,-2.664119083247915021e-07,1.033626470586454515e-07,-1.217074468897599848e-08,-2.767152210494949749e-10,2.209159400551330421e-10,-1.204115160011176577e-09,1.317518368709746923e-10,-7.634188003979858195e-10,3.749968391364433273e-11,-4.669203843010727439e-10,-3.978739560039912249e-11,-2.528805151391644301e-10,-1.201358856145473553e-10,-7.417093848827160940e-11,-2.282715856616324146e-10,1.177105917078702380e-10,-4.207197632812020860e-10,4.282177459846714385e-10,-9.108503545591367656e-10,1.308497719681653293e-09,-2.584401529153596000e-09,3.228162872431772357e-09,-5.907220667483725762e-10,-1.547276484714643630e-08,2.820988002916191562e-08
1.617907775034808537e+00,-3.067325524587726226e-01,1.492882368482865291e-02,1.874274537231356182e-03,-5.218891564927629657e-04,6.401001730673306495e-05,-3.010453459306901280e-06,-2.772659023278500889e-07,1.059274507271383559e-07,-1.255504968565579471e-08,-2.440568767046735754e-10,2.196810025556494850e-10,-1.205952537483567788e-09,1.338293781349975120e-10,-7.656545814027637675e-10,4.020614396971211590e-11,-4.697610633819238046e-10,-3.624822664249904847e-11,-2.566167001116781421e-10,-1.153232839085083228e-10,-7.939595161876589202e-11,-2.212338211932118881e-10,1.096296564813414864e-10,-4.090501570276627863e-10,4.132684583001838829e-10,-8.864694952485235868e-10,1.271796371557845640e-09,-2.522601712587335676e-09,3.161878449169097660e-09,-6.104687640812178628e-10,-1.510900644527413128e-08,2.761721354382906668e-08
1.619554681156631926e+00,-3.074022213589627794e-01,1.495688858682312633e-02,1.894399075971935076e-03,-5.273530824273509054e-04,6.467368920942207292e-05,-3.026183917103925786e-06,-2.884245864590712083e-07,1.085597426098670881e-07,-1.294872870646196494e-08,-2.104819495779564065e-10,2.184148027370436118e-10,-1.207796937116589753e-09,1.359185403115859003e-10,-7.679002017590974560e-10,4.292927124893708424e-11,-4.726166402679865541e-10,-3.268511850063049451e-11,-2.603742152440524649e-10,-1.104768724419225023e-10,-8.465180986738651825e-11,-2.141462831714568971e-10,1.015011551371014509e-10,-3.973006576507565057e-10,3.982357360543531399e-10,-8.619335121941990030e-10,1.234884030101857100e-09,-2.460314663371016008e-09,3.094829802152698761e-09,-6.295041952986135669e-10,-1.474242421889426780e-08,2.701790510067914042e-08
1.621205954358850843e+00,-3.080729357155292947e-01,1.498475774163184927e-02,1.914725788981416592e-03,-5.328699223287104193e-04,6.534305377536159254e-05,-3.041434909143055088e-06,-2.998959834927400481e-07,1.112611868175211738e-07,-1.335201187807610879e-08,-1.759715415917961767e-10,2.171172278422894841e-10,-1.209648615649316916e-09,1.380193789118910885e-10,-7.701557100392442123e-10,4.566913514025827681e-11,-4.754871912870939354e-10,-2.909798790806661373e-11,-2.641531438030142453e-10,-1.055964430479727767e-10,-8.993867976758718186e-11,-2.070087079183990930e-10,9.332487864097127606e-11,-3.854707690195691150e-10,3.831192030290253570e-10,-8.372415798846288837e-10,1.197759797594288855e-09,-2.397538033990093131e-09,3.027013302341063916e-09,-6.478214267108262092e-10,-1.437300480022773996e-08,2.641191045732460552e-08
1.622861608761772434e+00,-3.087446985363637708e-01,1.501242821567818145e-02,1.935256610130752994e-03,-5.384401496481591547e-04,6.601813231535977669e-05,-3.056184816767771456e-06,-3.116883151039334665e-07,1.140334873620321710e-07,-1.376513442726684522e-08,-1.405064519593990369e-10,2.157881920025750411e-10,-1.211507906148656666e-09,1.401319529165112598e-10,-7.724211062432040364e-10,4.842587442155377175e-11,-4.783727858281849876e-10,-2.548669608692932798e-11,-2.679536002803128980e-10,-1.006818135806941683e-10,-9.525666280069122749e-11,-1.998207892553449661e-10,8.510059410632431209e-11,-3.735600500806568469e-10,3.679184519978645485e-10,-8.123928008172548454e-10,1.160422812311254215e-09,-2.334269568436686537e-09,2.958425338039916141e-09,-6.654134326877780836e-10,-1.400073502272336512e-08,2.579918532280567334e-08
1.624521658581810080e+00,-3.094175128405579622e-01,1.503989704549551359e-02,1.955993491646200802e-03,-5.440642414253535862e-04,6.669894545948806125e-05,-3.070411391582674593e-06,-3.238100066832449997e-07,1.168783891700858613e-07,-1.418833688385245928e-08,-1.040671797868097936e-10,2.144276709317716190e-10,-1.213375148620410293e-09,1.422564115116653483e-10,-7.746963903709769284e-10,5.119954460397480034e-11,-4.812734724635170380e-10,-2.185111813712836693e-11,-2.717756367176527021e-10,-9.573279148578084374e-11,-1.006059029487471612e-10,-1.925822583001557398e-10,7.682808989689648982e-11,-3.615680181472125110e-10,3.526330735661303839e-10,-7.873862720685076422e-10,1.122872212745706921e-09,-2.270507021978618312e-09,2.889062281075105432e-09,-6.822731754563271522e-10,-1.362560173023830146e-08,2.517968548942928209e-08
1.626186118132360470e+00,-3.100913816584833782e-01,1.506716123740661252e-02,1.976938404290883022e-03,-5.497426783010444379e-04,6.738551312939367738e-05,-3.084091739274149452e-06,-3.362696922469196603e-07,1.197976789591576052e-07,-1.462186507462936991e-08,-6.663400040074485275e-11,2.130356733034965977e-10,-1.215250676131485186e-09,1.443928223515689169e-10,-7.769815971170324076e-10,5.399017344309697819e-11,-4.841892928264535101e-10,-1.819112915857346024e-11,-2.756193155650787929e-10,-9.074923278118429693e-11,-1.059865537347826070e-10,-1.852928175477552841e-10,6.850717085629676184e-11,-3.494942273953027811e-10,3.372626873957007554e-10,-7.622211650910870606e-10,1.085107159508325037e-09,-2.206248113888198414e-09,2.818920526691248707e-09,-6.983935391807749582e-10,-1.324759196091873648e-08,2.455336676338015778e-08
1.627855001824686010e+00,-3.107663080318727733e-01,1.509421776719884270e-02,1.998093337548445189e-03,-5.554759445295653908e-04,6.807785450966196902e-05,-3.097202303111411259e-06,-3.490762194280870589e-07,1.227931861556147419e-07,-1.506597013985200295e-08,-2.818687991346102706e-11,2.116122910580942040e-10,-1.217134830422406111e-09,1.465413276835469958e-10,-7.792767403591582820e-10,5.679783032785934438e-11,-4.871202538558883077e-10,-1.450659037338652979e-11,-2.794847374365527770e-10,-8.573093103481088662e-11,-1.113987253137382893e-10,-1.779521963812813468e-10,6.013758544962111152e-11,-3.373382237610578205e-10,3.218069285441244043e-10,-7.368966248831598786e-10,1.047126826003372257e-09,-2.141490636729803665e-09,2.747996501357985455e-09,-7.137673941476352368e-10,-1.286669280842200891e-08,2.392018507574311670e-08
1.629528324168813658e+00,-3.114422950139016932e-01,1.512106357979500597e-02,2.019460299808949200e-03,-5.612645279906305039e-04,6.877598801840805950e-05,-3.109718847210327097e-06,-3.622386544077128845e-07,1.258667838830752894e-07,-1.552090889492263592e-08,1.129454689496878217e-11,2.101576751165068480e-10,-1.219028019153189923e-09,1.487019760798569123e-10,-7.815818270362484554e-10,5.962268179171559268e-11,-4.900664318796543739e-10,-1.079741851484072868e-11,-2.833719717210136935e-10,-8.067770757014258720e-11,-1.168425113606819110e-10,-1.705601458679151250e-10,5.171916324028802414e-11,-3.250995518795651851e-10,3.062654119027896638e-10,-7.114118085859572060e-10,1.008930389104559233e-09,-2.076232340133404852e-09,2.676286637616487329e-09,-7.283875690100583000e-10,-1.248289155028614594e-08,2.328009641311412636e-08
1.631206099774439311e+00,-3.121193456692711310e-01,1.514769558892025900e-02,2.041041318556299777e-03,-5.671089202007473934e-04,6.947993127726873747e-05,-3.121616439363556622e-06,-3.757662871903266755e-07,1.290203900192882225e-07,-1.598694370288922251e-08,5.183081698209579535e-11,2.086720640032124763e-10,-1.220930594472702246e-09,1.508748438683316095e-10,-7.838968918427724475e-10,6.246479722360476217e-11,-4.930278615922212282e-10,-7.063502560633594385e-12,-2.872811433185518126e-10,-7.558935422036228147e-11,-1.223180532555767641e-10,-1.631163650331335369e-10,4.325168738786300260e-11,-3.127777672279341559e-10,2.906377727460857097e-10,-6.857659008794453337e-10,9.705170495380444073e-10,-2.010471043551592674e-09,2.603787413110736360e-09,-7.422468143586380407e-10,-1.209617555078534856e-08,2.263305679678362381e-08
1.632888343351846849e+00,-3.127974630742906270e-01,1.517411067676486917e-02,2.062838440557916535e-03,-5.730096163246434227e-04,7.018970108048881718e-05,-3.132869433163359280e-06,-3.896686371698820928e-07,1.322559681029601697e-07,-1.646434261278958977e-08,9.344272924871610542e-11,2.071557370086907213e-10,-1.222842962306236458e-09,1.530600646226787376e-10,-7.862220041676692972e-10,6.532417662352685284e-11,-4.960045707491644862e-10,-3.304689855099240958e-12,-2.912122869236366540e-10,-7.046573741176231920e-11,-1.278254672248957391e-10,-1.556205893316064959e-10,3.473496447067847548e-11,-3.003724296200827037e-10,2.749236448305186764e-10,-6.599580448102271291e-10,9.318860420739344397e-10,-1.944204587253639538e-09,2.530495265586074627e-09,-7.553378426200518803e-10,-1.170653234072727145e-08,2.197902240763660586e-08
1.634575069712834505e+00,-3.134766503169623686e-01,1.520030569364243071e-02,2.084853732057058429e-03,-5.789671151861159638e-04,7.090531336299832343e-05,-3.143451449858555152e-06,-4.039554583473714544e-07,1.355755283325224547e-07,-1.695337945896435716e-08,1.361514859188339699e-10,2.056090219956785425e-10,-1.224765634397217973e-09,1.552578135499693701e-10,-7.885570946219999655e-10,6.820087550263309595e-11,-4.989966009838475713e-10,4.791722574282175628e-13,-2.951654684557603048e-10,-6.530667673310119881e-11,-1.333648825055377962e-10,-1.480725680957917234e-10,2.616882752159988001e-11,-2.878831170845252974e-10,2.591226497695303665e-10,-6.339874142162471582e-10,8.930365997476125139e-10,-1.877430834060223042e-09,2.456406685696910230e-09,-7.676533055056555810e-10,-1.131394956541131869e-08,2.131794952370258400e-08
1.636266293771655889e+00,-3.141569104970667325e-01,1.522627745764362772e-02,2.107089278966888142e-03,-5.849819192778387897e-04,7.162678316761580954e-05,-3.153335360060131182e-06,-4.186367448064803876e-07,1.389811286672468227e-07,-1.745433410391822315e-08,1.799784197543952136e-10,2.040323543797684103e-10,-1.226699042691792307e-09,1.574681617738660222e-10,-7.909022048391278759e-10,7.109500488322595402e-11,-5.020039869907400032e-10,4.288111532524396807e-12,-2.991407468955209481e-10,-6.011197095645570698e-11,-1.389364153239758259e-10,-1.404720211678478492e-10,1.755306794012923000e-11,-2.753093877004564316e-10,2.432344818181081392e-10,-6.078532343266329629e-10,8.539679657859622353e-10,-1.810147645057297305e-09,2.381518226547696404e-09,-7.791858807476570448e-10,-1.091841508524260540e-08,2.064979454097226608e-08
1.637962030545970560e+00,-3.148382467262473838e-01,1.525202275428585823e-02,2.129547187066197465e-03,-5.910545347714863534e-04,7.235412461171651308e-05,-3.162493264680099614e-06,-4.337227366216223068e-07,1.424748759587188274e-07,-1.796749242617690090e-08,2.249451722981243851e-10,2.024262823335787331e-10,-1.228643693729214448e-09,1.596912619500345798e-10,-7.932573625746286439e-10,7.400659252088104267e-11,-5.050267704032052052e-10,8.122308381430798363e-12,-3.031382159179862867e-10,-5.488147783450081363e-11,-1.445401584879157930e-10,-1.328187039517647605e-10,8.887471487917242285e-12,-2.626508147259010162e-10,2.272588014041315718e-10,-5.815547084696282010e-10,8.146794178934962938e-10,-1.742352929469392908e-09,2.305826457722759404e-09,-7.899281576073668987e-10,-1.051991687511799611e-08,1.997451400809202582e-08
1.639662295157803928e+00,-3.155206621280983725e-01,1.527753833615825771e-02,2.152229582198178851e-03,-5.971854715270791779e-04,7.308735085263199510e-05,-3.170896475320015423e-06,-4.492239256154856308e-07,1.460589269088388709e-07,-1.849314645386082590e-08,2.710736413981396087e-10,2.007914381638165047e-10,-1.230600149559890610e-09,1.619271852021375580e-10,-7.956225678285022695e-10,7.693579107126424788e-11,-5.080649442823492734e-10,1.198179055972303786e-11,-3.071579171565197441e-10,-4.961500654765416130e-11,-1.501762394995331817e-10,-1.251123623105532268e-10,1.718963513197557802e-13,-2.499069792251396027e-10,2.111952702565228490e-10,-5.550910460450086958e-10,7.751702084043965435e-10,-1.674044578306443931e-09,2.229327905438338586e-09,-7.998726958557966782e-10,-1.011844303483444563e-08,1.929206464024169065e-08
1.641367102834523584e+00,-3.162041598382505647e-01,1.530282092256166245e-02,2.175138610470810259e-03,-6.033752431016123699e-04,7.382647405233767543e-05,-3.178515494572323880e-06,-4.651510613806926486e-07,1.497354892663477210e-07,-1.903159436295043250e-08,3.183858424300745060e-10,1.991285955571520105e-10,-1.232568894171670593e-09,1.641760529608182750e-10,-7.979978414174304646e-10,7.988260053437556962e-11,-5.111185433226417274e-10,1.586675235643042470e-11,-3.111999200000603594e-10,-4.431240790969681598e-11,-1.558447615748748127e-10,-1.173527282294362095e-10,-8.593839181947338091e-12,-2.370774449152179830e-10,1.950435483694806793e-10,-5.284614560188694021e-10,7.354396501513260631e-10,-1.605220559339898267e-09,2.152019193055187962e-09,-8.090119633236136920e-10,-9.713981879294619759e-09,1.860240323586781486e-08
1.643076468909823618e+00,-3.168887430044612374e-01,1.532786719914449453e-02,2.198276438459885462e-03,-6.096243667575306120e-04,7.457150534102841011e-05,-3.185319995633456580e-06,-4.815151572732691287e-07,1.535068229105950033e-07,-1.958314071581063187e-08,3.669040683253188551e-10,1.974385654968102699e-10,-1.234550522574706655e-09,1.664379987997843813e-10,-8.003831694636254213e-10,8.284707642136623917e-11,-5.141876646685972219e-10,1.977723540491638232e-11,-3.152643042458880274e-10,-3.897352926496289172e-11,-1.615458261952640306e-10,-1.095395510408714301e-10,-1.740991812521075488e-11,-2.241618119423749445e-10,1.788033258780241663e-10,-5.016651876896260909e-10,6.954870793857148570e-10,-1.535878866362055950e-09,2.073896938729891115e-09,-8.173384469234434846e-10,-9.306521917690213641e-09,1.790548683627823934e-08
1.644790408824722050e+00,-3.175744147867021194e-01,1.535267381753393882e-02,2.221645253413969019e-03,-6.159333634704351051e-04,7.532245477985489643e-05,-3.191278801327988857e-06,-4.983274967682374545e-07,1.573752411109484439e-07,-2.014809649458423890e-08,4.166507785487161275e-10,1.957222673862335505e-10,-1.236545600288851965e-09,1.687131597621904788e-10,-8.027786005393444668e-10,8.582932975453871904e-11,-5.172723083202157568e-10,2.371343399421022013e-11,-3.193511219357070274e-10,-3.359818326331698302e-11,-1.672795148927042064e-10,-1.016726017613600597e-10,-2.627650918032853333e-11,-2.111596791518066674e-10,1.624743054939176146e-10,-4.747014847178432362e-10,6.553118395147272679e-10,-1.466017479721110073e-09,1.994957817864906335e-09,-8.248445919345481769e-10,-8.896051818807482192e-09,1.720127267013094041e-08
1.646508938128569355e+00,-3.182611783572497632e-01,1.537723739496156886e-02,2.245247263461896958e-03,-6.223027579363407842e-04,7.607933132249000696e-05,-3.196359862781949362e-06,-5.155996397688059063e-07,1.613431115416071038e-07,-2.072677925991917025e-08,4.676487248660154972e-10,1.939807914991265037e-10,-1.238554828142390818e-09,1.710016538092329341e-10,-8.051841346445876013e-10,8.882934665610520142e-11,-5.203724326441339088e-10,2.767534812431193814e-11,-3.234603904167521193e-10,-2.818623806577491564e-11,-1.730459369547743265e-10,-9.375159329416682397e-11,-3.519379405958478202e-11,-1.980706527612841050e-10,1.460561851584357695e-10,-4.475696141828522379e-10,6.149133051705502062e-10,-1.395634481246577074e-09,1.915198508464777127e-09,-8.315227777166978029e-10,-8.482560456130050497e-09,1.648971820200628713e-08
1.648232072480072752e+00,-3.189490369007764725e-01,1.540155451388477460e-02,2.269084697822784137e-03,-6.287330785782569917e-04,7.684214277575533714e-05,-3.200530237585687277e-06,-5.333434290682136092e-07,1.654128575522863243e-07,-2.131951324681191640e-08,5.199207882798650981e-10,1.922153538766457892e-10,-1.240578887881649273e-09,1.733036370660245851e-10,-8.075997093293096896e-10,9.184726590394376444e-11,-5.234881000903968129e-10,3.166313045088742228e-11,-3.275921686696214863e-10,-2.273753407777689972e-11,-1.788451817197334037e-10,-8.577632614609198569e-11,-4.416190546932541316e-11,-1.848943281465564858e-10,1.295486632465342458e-10,-4.202688531386444826e-10,5.742908405770297264e-10,-1.324727895088417817e-09,1.834615757922986035e-09,-8.373653645477041607e-10,-8.066036883552785142e-09,1.577078106995699613e-08
1.649959827648329158e+00,-3.196379936144422840e-01,1.542562172160294107e-02,2.293159807017740304e-03,-6.352248575521562274e-04,7.761089575941595292e-05,-3.203756067393388057e-06,-5.515709972248733495e-07,1.695869594449742057e-07,-2.192662940884299028e-08,5.734899551773642301e-10,1.904272494898662238e-10,-1.242618456048782960e-09,1.756192691271252215e-10,-8.100253801046619628e-10,9.488300423132756123e-11,-5.266193592312617966e-10,3.567683648508790384e-11,-3.317465677166175908e-10,-1.725190129642228953e-11,-1.846773350563934990e-10,-7.774657480308366786e-11,-5.318099042736501580e-11,-1.716303149948417150e-10,1.129514509267542932e-10,-3.927984782055304880e-10,5.334438637344396383e-10,-1.253295853816810412e-09,1.753206315367739077e-09,-8.423646277039287256e-10,-7.646470401301286302e-09,1.504441914795817681e-08
1.651692219513872129e+00,-3.203280517079867273e-01,1.544943552986875746e-02,2.317474863084762436e-03,-6.417786307527095779e-04,7.838559566445335233e-05,-3.206002554841710234e-06,-5.702947732037604023e-07,1.738679556431352302e-07,-2.254846559208295576e-08,6.283794413627918907e-10,1.886179649968067196e-10,-1.244674351433272541e-09,1.779487199954354892e-10,-8.124611608484322289e-10,9.793676980507370899e-11,-5.297661545555776286e-10,3.971659112700365313e-11,-3.359235493938239614e-10,-1.172918706604519912e-11,-1.905425140585892407e-10,-6.966209033232306780e-11,-6.225120419145468986e-11,-1.582782329680176847e-10,9.626431292722448241e-11,-3.651578115403120162e-10,4.923718199649484983e-10,-1.181336495639784268e-09,1.670966999316181312e-09,-8.465128546047973046e-10,-7.223850524706865173e-09,1.431059062917405811e-08
1.653429264069733007e+00,-3.210192144038233053e-01,1.547299241449380178e-02,2.342032159795523136e-03,-6.483949378177323794e-04,7.916624661057688334e-05,-3.207233940253750165e-06,-5.895274894085478223e-07,1.782584439914518259e-07,-2.318536659927719623e-08,6.846125463408347933e-10,1.867891613951955243e-10,-1.246747273128678835e-09,1.802921128363221825e-10,-8.149070931939839113e-10,1.010085487473943999e-10,-5.329285832078589635e-10,4.378251927672494048e-11,-3.401232351318839164e-10,-6.169273425449262049e-12,-1.964407464818962445e-10,-6.152265676073742640e-11,-7.137269074364294141e-11,-1.448377303508996405e-10,7.948696930694387763e-11,-3.373461445084491306e-10,4.510741472181500900e-10,-1.108847993893519179e-09,1.587894644765330820e-09,-8.498022771585844737e-10,-6.798166973798203117e-09,1.356925393575236782e-08
1.655170977422513623e+00,-3.217114849371333074e-01,1.549628881494978169e-02,2.366834012874997895e-03,-6.550743221324728874e-04,7.995285140243585387e-05,-3.207413477414062380e-06,-6.092821888351723780e-07,1.827610829254616709e-07,-2.383768419201431898e-08,7.422127253076116205e-10,1.849425577959973310e-10,-1.248838124925932824e-09,1.826496159179624712e-10,-8.173631008134840670e-10,1.040983549360774418e-10,-5.361065549824850507e-10,4.787466256761518935e-11,-3.443456145224566001e-10,-5.720250662033521394e-13,-2.023721381444465450e-10,-5.332802775759315494e-11,-8.054558409131828967e-11,-1.313084315758550336e-10,6.261916592892324829e-11,-3.093628187823826980e-10,4.095503216075546682e-10,-1.035828581762154865e-09,1.503986164774762102e-09,-8.522250943138187651e-10,-6.369409704526374227e-09,1.282036773270212038e-08
1.656917375793472313e+00,-3.224048665559617888e-01,1.551932113396354597e-02,2.391882760223419495e-03,-6.618173308329247315e-04,8.074541148473269453e-05,-3.206503409163268675e-06,-6.295722322609623167e-07,1.873785929907417769e-07,-2.450577747496740511e-08,8.012035002460948796e-10,1.830801786215086047e-10,-1.250947763778431643e-09,1.850213697529579093e-10,-8.198291906458265998e-10,1.072062577600618738e-10,-5.393001462072888330e-10,5.199310426640124660e-11,-3.485907187905645799e-10,5.062734953487080247e-12,-2.083367749150522030e-10,-4.507801076858442002e-11,-8.977002734916750271e-11,-1.176899532689956729e-10,4.566068660324940076e-11,-2.812072094279804979e-10,3.677998417980776757e-10,-9.622764863582988770e-10,1.419238475873496608e-09,-8.537734842023469994e-10,-5.937568922642633140e-09,1.206389111524375224e-08
1.658668475519625929e+00,-3.230993625213135489e-01,1.554208573710731157e-02,2.417180762140683573e-03,-6.686245148086293610e-04,8.154392689630656291e-05,-3.204464942088008916e-06,-6.504113058548692539e-07,1.921137581582625653e-07,-2.519001277359600444e-08,8.616083996444701132e-10,1.812041697246691285e-10,-1.253077072660424562e-09,1.874075079150161471e-10,-8.223053973854810295e-10,1.103323543638623505e-10,-5.425094193323154457e-10,5.613795539538557477e-11,-3.528586138556999430e-10,1.073511765592449763e-11,-2.143346975597149040e-10,-3.677239675953236642e-11,-9.904613934574868495e-11,-1.039819810116915377e-10,2.861128695075265682e-11,-2.528786598524068729e-10,3.258222667362753455e-10,-8.881900167602430063e-10,1.333648556173239186e-09,-8.544395989351638576e-10,-5.502635080228968079e-09,1.129978344227566822e-08
1.660424293054861833e+00,-3.237949761072507204e-01,1.556457895238331536e-02,2.442730401553346725e-03,-6.754964287047390652e-04,8.234839622266870718e-05,-3.201258220576416735e-06,-6.718134288306344681e-07,1.969694270178776185e-07,-2.589076368315207377e-08,9.234510747226087890e-10,1.793168096647645982e-10,-1.255227023017058130e-09,1.898082715307003454e-10,-8.247916932768717402e-10,1.134766447474788720e-10,-5.457342425185807144e-10,6.030927146571940511e-11,-3.571493344123322089e-10,1.644525488009307423e-11,-2.203659867430762809e-10,-2.841095067540599928e-11,-1.083740237307895260e-10,-9.018417956863089557e-11,1.147075793725416126e-11,-2.243765412184017816e-10,2.836171380214691506e-10,-8.135674967914285904e-10,1.247213439296845916e-09,-8.542155299079423614e-10,-5.064598886106441711e-09,1.052800435025202930e-08
1.662184844971066777e+00,-3.244917106009902463e-01,1.558679706980268913e-02,2.468534084244515536e-03,-6.824336309231545175e-04,8.315881654747964841e-05,-3.196842300530119974e-06,-6.937929610201579167e-07,2.019485142307209102e-07,-2.660841138049652166e-08,9.867552209358310122e-10,1.774206935881150748e-10,-1.257398704254675259e-09,1.922238618279337174e-10,-8.272880644422109242e-10,1.166391150331236304e-10,-5.489747267883871018e-10,6.450717737749300795e-11,-3.614629047465900413e-10,2.219329234276479212e-11,-2.264307179256075386e-10,-1.999348603343165109e-11,-1.177537828529751085e-10,-7.629620763296984798e-11,-5.761114241914500056e-12,-1.957002645873451296e-10,2.411840321642905183e-10,-7.384073209652786129e-10,1.159930177949131114e-09,-8.530933182093747291e-10,-4.623451340529660669e-09,9.748513940532888000e-09
1.663950147959268877e+00,-3.251895693030045775e-01,1.560873634095855979e-02,2.494594239086216254e-03,-6.894366836230022590e-04,8.397518340275220844e-05,-3.191175122321636415e-06,-7.163646109577433141e-07,2.070540020254058033e-07,-2.734334460068044148e-08,1.051544503381796059e-09,1.755185771029621478e-10,-1.259593198840724959e-09,1.946544279929351973e-10,-8.297945316981802932e-10,1.198198484875234726e-10,-5.522307958139016648e-10,6.873170088628199892e-11,-3.657993387362612481e-10,2.797932371900735404e-11,-2.325289240670547208e-10,-1.151982068764434430e-11,-1.271855325050974539e-10,-6.231773387252448337e-11,-2.308451715372916713e-11,-1.668492505615959409e-10,1.985225571172338777e-10,-6.627079024434934240e-10,1.071795915907891583e-09,-8.510650309490053189e-10,-4.179183700492306031e-09,8.961272640606310347e-09
1.665720218830795574e+00,-3.258885555271208156e-01,1.563039297859361923e-02,2.520913318274275484e-03,-6.965061527201788991e-04,8.479749071771142815e-05,-3.184213483126401706e-06,-7.395434441061568553e-07,2.122889416469528334e-07,-2.809595976271256346e-08,1.117842456186540767e-09,1.736134638830044707e-10,-1.261811594446826668e-09,1.971002007439270898e-10,-8.323110950447798473e-10,1.230189422551930534e-10,-5.555024981673817308e-10,7.298292525881322490e-11,-3.701586641369214448e-10,3.380349819503969400e-11,-2.386606494028664649e-10,-2.989775961526053294e-12,-1.366693772042459898e-10,-4.824843779713261505e-11,-4.049963294415481752e-11,-1.378229336213010470e-10,1.556323765607853238e-10,-5.864677116336480811e-10,9.828078463905431938e-10,-8.481226988071854933e-10,-3.731787524829943692e-09,8.166241301232890493e-09
1.667495074518442255e+00,-3.265886726006222984e-01,1.565176315616166602e-02,2.547493797566102204e-03,-7.036426078863011746e-04,8.562573076637512715e-05,-3.175913008370955665e-06,-7.633448911225845790e-07,2.176564546257399313e-07,-2.886666098040127637e-08,1.185672665517806257e-09,1.717085553604169590e-10,-1.264055115787754424e-09,1.995613847782795602e-10,-8.348377267264339707e-10,1.262362714360421023e-10,-5.587897713987821646e-10,7.726093376181353278e-11,-3.745408844180175834e-10,3.966590944592951473e-11,-2.448259780671313557e-10,5.596875393698574896e-12,-1.462053967477006111e-10,-3.408801279441986409e-11,-5.800664549387990476e-11,-1.086207543181394453e-10,1.125131433334092268e-10,-5.096852852964905978e-10,8.929631981763330728e-10,-8.442582483808580562e-10,-3.281254670750577418e-09,7.363381154812387308e-09
1.669274732077661305e+00,-3.272899238643510733e-01,1.567284300738346070e-02,2.574338176521229725e-03,-7.108466225465947912e-04,8.645989411363392760e-05,-3.166228122914848536e-06,-7.877847562707401829e-07,2.231597344480411305e-07,-2.965586028396555163e-08,1.255058598281094673e-09,1.698073582787062996e-10,-1.266325029211645692e-09,2.020381830586392979e-10,-8.373744198042487596e-10,1.294719609301608898e-10,-5.620926640803602936e-10,8.156578190643415383e-11,-3.789460203962313756e-10,4.556667543287318267e-11,-2.510249265397224150e-10,1.424028776841890220e-11,-1.557936791726777237e-10,-1.983617567077877730e-11,-7.560569900179336944e-11,-7.924217618887618997e-11,6.916456079739119467e-11,-4.323591918514724242e-10,8.022592789744265040e-10,-8.394636791253518027e-10,-2.827577321590224457e-09,6.552653995794965880e-09
1.671059208687761366e+00,-3.279923126728112037e-01,1.569362862579594051e-02,2.601448978744616732e-03,-7.181187738767836302e-04,8.729996955989405977e-05,-3.155112021333960487e-06,-8.128792262189488138e-07,2.288020480756443320e-07,-3.046397759748353806e-08,1.326023484158472820e-09,1.679136673454761919e-10,-1.268622656577789165e-09,2.045307985476529922e-10,-8.399211187670729828e-10,1.327259968597616080e-10,-5.654111068231770787e-10,8.589751132603851147e-11,-3.833740928882445331e-10,5.150592799485487205e-11,-2.572575529338760880e-10,2.294062509400340844e-11,-1.654342951691589736e-10,-5.492633257941914593e-12,-9.329692574056025478e-11,-4.968673129185363635e-11,2.558638652512545963e-11,-3.544880626017710146e-10,7.106934415967991470e-10,-8.337309141681625846e-10,-2.370747927832317359e-09,5.734021986392168202e-09
1.672848521653124809e+00,-3.286958423942726304e-01,1.571411606429575641e-02,2.628828752132854850e-03,-7.254596427994234112e-04,8.814594408463076111e-05,-3.142516637310004829e-06,-8.386448789761413725e-07,2.345867373444721071e-07,-3.129144086205792874e-08,1.398590498188218012e-09,1.660314585469335746e-10,-1.270949373521901293e-09,2.070394532899255680e-10,-8.424778721871639675e-10,1.359985318805101429e-10,-5.687451343217020394e-10,9.025620528735345260e-11,-3.878250810773753443e-10,5.748372958191971804e-11,-2.635238641884862787e-10,3.169807385322576110e-11,-1.751273358101268496e-10,8.942885060952976417e-12,-1.110804430208556237e-10,-1.995392089407244107e-11,-1.822163947506894033e-11,-2.760705813259489716e-10,6.182631524798143374e-10,-8.270518558201045423e-10,-1.910759345885582050e-09,4.907447795354791253e-09
1.674642688404441637e+00,-3.294005164108772532e-01,1.573430133467605338e-02,2.656480069123148303e-03,-7.328698139788874730e-04,8.899780278792028890e-05,-3.128392612716020954e-06,-8.650986928152720745e-07,2.405172206459624262e-07,-3.213868624788590589e-08,1.472782535684447058e-09,1.641650981820674815e-10,-1.273306632007531469e-09,2.095644022898079939e-10,-8.450446314922643865e-10,1.392894272145284162e-10,-5.720947049425717523e-10,9.464191930153020849e-11,-3.922990300664341845e-10,6.350021550249884683e-11,-2.698238958653842445e-10,4.051279711009270201e-11,-1.848728579077751899e-10,2.347066031110900397e-11,-1.289563746585675741e-10,9.956708200975494805e-12,-6.225969653023133432e-11,-1.971054998904653299e-10,5.249658667841328175e-10,-8.194183786364162003e-10,-1.447604737470076230e-09,4.072894577156205287e-09
1.676441726499955820e+00,-3.301063381187451240e-01,1.575418040715761969e-02,2.684405526945125506e-03,-7.403498758157003000e-04,8.985552883103778421e-05,-3.112689265493198687e-06,-8.922580558411857821e-07,2.465969945217132142e-07,-3.300615798642464460e-08,1.548622244329500575e-09,1.623192674021778359e-10,-1.275695995020531548e-09,2.121059335113972821e-10,-8.476213966823742396e-10,1.425987383729676594e-10,-5.754597354190593705e-10,9.905468112414439474e-11,-3.967959086303984861e-10,6.955546208442520140e-11,-2.761576713833369112e-10,4.938493971401447524e-11,-1.946708913860839552e-10,3.809090282774763025e-11,-1.469248238697429265e-10,4.004560745507479425e-11,-1.065279318750167459e-10,-1.175916070246529888e-10,4.307991567642499575e-10,-8.108223641112299873e-10,-9.812776043116588909e-10,3.230326089953550195e-09
1.678245653626730727e+00,-3.308133109280824713e-01,1.577374920991279211e-02,2.712607747876041170e-03,-7.479004204396615119e-04,9.071910337495178375e-05,-3.095354557139991941e-06,-9.201407751967954907e-07,2.528296351471046033e-07,-3.389430866139117593e-08,1.626131997719409972e-09,1.604989526698963331e-10,-1.278119141773226275e-09,2.146643175715556850e-10,-8.502081400019179114e-10,1.459264792336156802e-10,-5.788402951401039331e-10,1.034945185107716270e-10,-4.013157098303743453e-10,7.564955953331953253e-11,-2.825252063548555626e-10,5.831463090189004106e-11,-2.045214752763313548e-10,5.280388192668850067e-11,-1.649858819442046043e-10,7.031319059977447772e-11,-1.510264951293249780e-10,-3.752771791237785592e-11,3.357606536552593113e-10,-8.012556746567200960e-10,-5.117718297753537371e-10,2.379706653954372086e-09
1.680054487601930546e+00,-3.315214382632899470e-01,1.579300362858287315e-02,2.741089379498540604e-03,-7.555220437018219000e-04,9.158850551753590363e-05,-3.076335059408463746e-06,-9.487650868009525618e-07,2.592188001132936237e-07,-3.480359916322589564e-08,1.705333741407188963e-09,1.587095489752332611e-10,-1.280577749743216920e-09,2.172397799843350796e-10,-8.528048753286832095e-10,1.492726775520480942e-10,-5.822362730834029776e-10,1.079614869725631365e-10,-4.058584232580209061e-10,8.178255642143916759e-11,-2.889264964431315086e-10,6.730202072730007146e-11,-2.144246572834129783e-10,6.760985261228258381e-11,-1.831396213066577294e-10,1.007598301669410112e-10,-1.957554595852228907e-10,4.308722172455259347e-11,2.398480650200873754e-10,-7.907101119697390601e-10,-3.908163723198576633e-11,1.521001054272108632e-09
1.681868246374117248e+00,-3.322307235630723721e-01,1.581193950578904661e-02,2.769853094961636716e-03,-7.632153451657061605e-04,9.246371222919151645e-05,-3.055575919905587079e-06,-9.781496654358637355e-07,2.657682299342552235e-07,-3.573449875934886499e-08,1.786249137318562941e-09,1.569566785569742606e-10,-1.283073593552619407e-09,2.198326399388550456e-10,-8.554115193959432872e-10,1.526372916949014780e-10,-5.856476553711686961e-10,1.124556836540335780e-10,-4.104240489133381686e-10,8.795456724053352104e-11,-2.953615624648464610e-10,7.634723755978178872e-11,-2.243804538872018473e-10,8.250899442840964326e-11,-2.013860870599126773e-10,1.313859325155486424e-10,-2.407148937642877851e-10,1.242542045816474872e-10,1.430591894946431353e-10,-7.791774569304577014e-10,4.367982642250467507e-10,6.541748046040574138e-10
1.683686948024566199e+00,-3.329411702805505913e-01,1.583055264063614603e-02,2.798901593244833806e-03,-7.709809280971018780e-04,9.334469828664376453e-05,-3.033020827201450553e-06,-1.008313634676648307e-06,2.724817499883715188e-07,-3.668748532748011826e-08,1.868899301375043231e-09,1.552465022855442633e-10,-1.285608584866704263e-09,2.224431819297656432e-10,-8.580280791425920484e-10,1.560203632955392550e-10,-5.890744420034010886e-10,1.169770807996073358e-10,-4.150125416935157574e-10,9.416566831843553587e-11,-3.018304070220856339e-10,8.545039068691417938e-11,-2.343888876391031495e-10,9.750150253146072643e-11,-2.197252932985976903e-10,1.621918294114621517e-10,-2.859048067738179100e-10,2.059741921293933853e-10,4.539190984892416125e-11,-7.666495441954745971e-10,9.158728497826729154e-10,-2.208059360353509248e-10
1.685510610768598205e+00,-3.336527818833724401e-01,1.584883878820979308e-02,2.828237599425230744e-03,-7.788193994527712466e-04,9.423143620499547721e-05,-3.008611974998545019e-06,-1.039276577395522455e-06,2.793632721057037749e-07,-3.766304518607044294e-08,1.953304774437308877e-09,1.535856181816841470e-10,-1.288184703004957576e-09,2.250716800433760767e-10,-8.606545198741599734e-10,1.594219756206882721e-10,-5.925165358355855005e-10,1.215257061648600256e-10,-4.196238946596597685e-10,1.004159186357433953e-10,-3.083330127676142673e-10,9.461161021295794171e-11,-2.444499780547559897e-10,1.125876059049346622e-10,-2.381572790539909779e-10,1.931778118545446343e-10,-3.313251665214289599e-10,2.882480768830186779e-10,-5.315583737064422110e-11,-7.531181754616422808e-10,1.398146692171975403e-09,-1.103974411886810003e-09
1.687339252956927993e+00,-3.343655618538268759e-01,1.586679365906624312e-02,2.857863864948012068e-03,-7.867313698682104270e-04,9.512389616830527195e-05,-2.982290025395090832e-06,-1.071058546223916524e-06,2.864167962294238146e-07,-3.866167326473796129e-08,2.039485578250038733e-09,1.519809573330421770e-10,-1.290804005349421857e-09,2.277185107146806331e-10,-8.632908762851165818e-10,1.628419621368948356e-10,-5.959739091121463161e-10,1.261015875053672630e-10,-4.242580765867476345e-10,1.067053528869266188e-10,-3.148693528132184838e-10,1.038310071602155382e-10,-2.545637247004794990e-10,1.277674663117955856e-10,-2.566820493134225334e-10,2.243441773498722203e-10,-3.769758801994149700e-10,3.710766529121944934e-10,-1.525860210752072454e-10,-7.385750778327038191e-10,1.883623867993122758e-09,-1.995363124729365722e-09
1.689172893077032445e+00,-3.350795136889583858e-01,1.588441291871509758e-02,2.887783167900131835e-03,-7.947174536439534712e-04,9.602204595799811865e-05,-2.953994071354295453e-06,-1.103680074347225537e-06,2.936464122975553093e-07,-3.968387322439773102e-08,2.127461106154332482e-09,1.504399859894589575e-10,-1.293468712346146354e-09,2.303839896633519402e-10,-8.659370789865228346e-10,1.662803783553101766e-10,-5.994465201997201120e-10,1.307048080878558949e-10,-4.289150493108628837e-10,1.130340508692651014e-10,-3.214394245568130692e-10,1.131086613259668638e-10,-2.647301037238258825e-10,1.430412693674554259e-10,-2.752995828265297762e-10,2.556911704934550222e-10,-4.228568584695169275e-10,4.544606644132920259e-10,-2.529004844084581372e-10,-7.230120564749586975e-10,2.372308065268224908e-09,-2.895003917147143113e-09
1.691011549754537269e+00,-3.357946409006821731e-01,1.590169218709435936e-02,2.917998313287101762e-03,-8.027782687306111997e-04,9.692585087969470339e-05,-2.923661598249870791e-06,-1.137162186593595331e-06,3.010563019959118514e-07,-4.073015728205467423e-08,2.217249995585535149e-09,1.489706422455605583e-10,-1.296181157198206257e-09,2.330684759771495251e-10,-8.685930447116518849e-10,1.697372103981464875e-10,-6.029343552205190804e-10,1.353352985233868822e-10,-4.335947989542177083e-10,1.194020507466753145e-10,-3.280431776914172204e-10,1.224446767936204772e-10,-2.749490973438795116e-10,1.584091352015148946e-10,-2.940098496693327457e-10,2.872190597337509477e-10,-4.689679391350898285e-10,5.384007792548495264e-10,-3.541010410237910300e-10,-7.064208471657673627e-10,2.864202541807969737e-09,-3.802927847629256064e-09
1.692855241754620099e+00,-3.365109470159014515e-01,1.591862703803825080e-02,2.948512133313341624e-03,-8.109144367124884734e-04,9.783527368800639529e-05,-2.891228444648272222e-06,-1.171526410692711601e-06,3.086507406723643099e-07,-4.180104648185412053e-08,2.308870044806510258e-09,1.475813672657810827e-10,-1.298943770253191410e-09,2.357723426216207230e-10,-8.712588150938671561e-10,1.732124305098281525e-10,-6.064372753966651430e-10,1.399931004453236483e-10,-4.382972665362139253e-10,1.258093906830737296e-10,-3.346805827267318456e-10,1.318391064722423955e-10,-2.852206517842126310e-10,1.738712021581712008e-10,-3.128128086421488874e-10,3.189280293851293191e-10,-5.153089318102321847e-10,6.228975807376357920e-10,-4.561893675314454555e-10,-6.887932064991719727e-10,3.359310000311532818e-09,-4.719165176692019514e-09
1.694703987983432469e+00,-3.372284355766255182e-01,1.593521299873784658e-02,2.979327487665384133e-03,-8.191265827903458120e-04,9.875027450969523640e-05,-2.856628761874029088e-06,-1.206794788794797457e-06,3.164340989744197918e-07,-4.289707059880465412e-08,2.402338262780939759e-09,1.462811607955138982e-10,-1.301759113697675829e-09,2.384959712359302486e-10,-8.739343276831235130e-10,1.767060386903551716e-10,-6.099552807281583000e-10,1.446782554870296167e-10,-4.430223826679124954e-10,1.322560672090133949e-10,-3.413516075703726393e-10,1.412920683230289853e-10,-2.955447319166748521e-10,1.894275834281311521e-10,-3.317083647688678916e-10,3.508182472820864373e-10,-5.618795845263591104e-10,7.079515480790110615e-10,-5.591670364582523867e-10,-6.701208563747451663e-10,3.857632744491690246e-09,-5.643745401573418974e-09
1.696557807489544878e+00,-3.379471101400889910e-01,1.595144554919298088e-02,3.010447263799716743e-03,-8.274153357623304471e-04,9.967081076427304620e-05,-2.819794972881619483e-06,-1.242989889156144445e-06,3.244108448883890883e-07,-4.401876814528332682e-08,2.497670642791910423e-09,1.450795915694524929e-10,-1.304629834719683856e-09,2.412397503981367208e-10,-8.766195408460575322e-10,1.802180349397275450e-10,-6.134882463149082810e-10,1.493906803817779405e-10,-4.477700571436926680e-10,1.387421635912211570e-10,-3.480561941091031564e-10,1.508035796932150063e-10,-3.059212900363705856e-10,2.050784026104424118e-10,-3.506964287112307455e-10,3.828898283500525856e-10,-6.086795956584262202e-10,7.935631227660999709e-10,-6.630355275233368317e-10,-6.503956088976803329e-10,4.359172543766387520e-09,-6.576697117455232444e-09
1.698416719465405622e+00,-3.386669742788729343e-01,1.596732012165680628e-02,3.041874377232672150e-03,-8.357813280033318110e-04,1.005968370830761377e-04,-2.780657730149394685e-06,-1.280134818172889294e-06,3.325855456471488170e-07,-4.516668636756621114e-08,2.594882132084253001e-09,1.439867565455887899e-10,-1.307558759183757857e-09,2.440040947071508981e-10,-8.793144476437753099e-10,1.837483221134306177e-10,-6.170361305235516625e-10,1.541304028851442354e-10,-4.525402969024483468e-10,1.452676867685909201e-10,-3.547942772907930475e-10,1.603737004307603797e-10,-3.163502680300633862e-10,2.208237590180239796e-10,-3.697768851101262966e-10,4.151428614936059081e-10,-6.557086182617383185e-10,8.797326591161724885e-10,-7.677962233013091442e-10,-6.296091772939327313e-10,4.863930671422656005e-09,-7.518048079913075554e-09
1.700280743248823612e+00,-3.393880315810259285e-01,1.598283210007286209e-02,3.073611771834407549e-03,-8.442251954435650747e-04,1.015283052263169124e-04,-2.739145872371340218e-06,-1.318253232737015557e-06,3.409628695264475817e-07,-4.634138136335591573e-08,2.693986548597815389e-09,1.430134378976877230e-10,-1.310548872548999988e-09,2.467895002938869098e-10,-8.820189925651256146e-10,1.872968863336765821e-10,-6.205988362095737898e-10,1.588974368749163091e-10,-4.573329978607709734e-10,1.518326298022287801e-10,-3.615658284925049593e-10,1.700024851794545988e-10,-3.268315874015159661e-10,2.366636947179201478e-10,-3.889495997413255912e-10,4.475774763833262337e-10,-7.029662555183002759e-10,9.664603340710231638e-10,-8.734504161611589268e-10,-6.077532695852871925e-10,5.371907869922143419e-09,-8.467825211855295464e-09
1.702149898324468502e+00,-3.401102856501880822e-01,1.599797681950308748e-02,3.105662420127087986e-03,-8.527475775450617419e-04,1.024651639974271181e-04,-2.695186380328312703e-06,-1.357369352604931995e-06,3.495475879434876976e-07,-4.754341807701109590e-08,2.794996440888541933e-09,1.421711203625219966e-10,-1.313603271296814867e-09,2.495963904308728942e-10,-8.847331756101084466e-10,1.908636998448898225e-10,-6.241762939840356239e-10,1.636916990843673148e-10,-4.621481183852971242e-10,1.584370412643920645e-10,-3.683707618454268307e-10,1.796899382761063535e-10,-3.373651379957876006e-10,2.525982856042829905e-10,-4.082144279722588198e-10,4.801936929685335365e-10,-7.504520702777961461e-10,1.053746347557532603e-09,-9.799992466835716343e-10,-5.848197065505544856e-10,5.883104347431666881e-09,-9.426054367600578132e-09
1.704024204325394809e+00,-3.408337401057150995e-01,1.601274956554749052e-02,3.138029323585663118e-03,-8.613491172764641164e-04,1.034073591557839109e-04,-2.648704331759642316e-06,-1.397507973287769045e-06,3.583445773113445865e-07,-4.877337013951821287e-08,2.897923026545790037e-09,1.414719574127643043e-10,-1.316725178543420860e-09,2.524252577795760288e-10,-8.874569551453603822e-10,1.944486655025556843e-10,-6.277683511912712788e-10,1.685132311468606758e-10,-4.669855821481938563e-10,1.650808795217173497e-10,-3.752089715314266272e-10,1.894361013540790672e-10,-3.479508296072575391e-10,2.686275607337307303e-10,-4.275711945958549087e-10,5.129915142849938992e-10,-7.981655700955991861e-10,1.141590752918447693e-09,-1.087443731416504189e-09,-5.608002517226706729e-10,6.397519750067637290e-09,-1.039276054798365934e-08
1.705903681034582231e+00,-3.415583985828042346e-01,1.602714557375648982e-02,3.170715512942986862e-03,-8.700304610870083534e-04,1.043548333272692474e-04,-2.599622854912875952e-06,-1.438694479221833133e-06,3.673588210408376686e-07,-5.003181986111895907e-08,3.002776085940517259e-09,1.409288085535420620e-10,-1.319918079348281204e-09,2.552766088792512988e-10,-8.901902340263667668e-10,1.980517971844619751e-10,-6.313749800757051389e-10,1.733619914290329689e-10,-4.718452399632422356e-10,1.717641168186290201e-10,-3.820803534670957902e-10,1.992409588008614563e-10,-3.585885499125807119e-10,2.847515495965624588e-10,-4.470197174661488804e-10,5.459709130108125752e-10,-8.461062083169740289e-10,1.229993529337086722e-09,-1.195784798437016239e-09,-5.356866877165300522e-10,6.915153189651634946e-09,-1.136796766443293194e-08
1.707788348386501287e+00,-3.422842647326222454e-01,1.604116002903345842e-02,3.203724048498687513e-03,-8.787922588781504549e-04,1.053075259117397348e-04,-2.547863081166310689e-06,-1.480954856801150465e-06,3.765954115901061494e-07,-5.131935833062317709e-08,3.109563805232806732e-09,1.405554023864441504e-10,-1.323185581936225930e-09,2.581509814941762571e-10,-8.929329983753397926e-10,2.016730255016696560e-10,-6.349961528817615886e-10,1.782378966641573470e-10,-4.767270224415032231e-10,1.784867913190435473e-10,-3.889848226509839968e-10,2.091044984733891887e-10,-3.692781761800711937e-10,3.009702378813094992e-10,-4.665597415787897662e-10,5.791318011087731588e-10,-8.942733693319271371e-10,1.318954529795635100e-09,-1.305023279545014514e-09,-5.094707971470269214e-10,7.436003143096447943e-09,-1.235169865693164226e-08
1.709678226468698270e+00,-3.430113422224327913e-01,1.605478806502846217e-02,3.237058020431722409e-03,-8.876351639732584821e-04,1.062653729887799714e-04,-2.493344096809319010e-06,-1.524315708084818255e-06,3.860595525185216148e-07,-5.263658529007508857e-08,3.218292635859265616e-09,1.403662151788775958e-10,-1.326531454126644860e-09,2.610488544080302731e-10,-8.956852134978099400e-10,2.053123226986031113e-10,-6.386316475648357027e-10,1.831409468522338102e-10,-4.816308601940377798e-10,1.852488162867871324e-10,-3.959222767344061644e-10,2.190267203716622646e-10,-3.800195544530204916e-10,3.172836203838014235e-10,-4.861910477080982895e-10,6.124740666892114493e-10,-9.426663974149845915e-10,1.408473527478998344e-09,-1.415159816588185127e-09,-4.821443903846311940e-10,7.960067487100541683e-09,-1.334397532748443638e-08
1.711573335523403072e+00,-3.437396347357272175e-01,1.606802476352400116e-02,3.270720549116251999e-03,-8.965598330864408758e-04,1.072283072214704966e-04,-2.435982893268795468e-06,-1.568804264986175395e-06,3.957565605874381609e-07,-5.398410896518407442e-08,3.328967199990595649e-09,1.403765090279840422e-10,-1.329959689252979693e-09,2.639709093671394058e-10,-8.984468308215198817e-10,2.089695361195964551e-10,-6.422813808582006345e-10,1.880711142376867429e-10,-4.865566526068842990e-10,1.920501639662841598e-10,-4.028925838783781188e-10,2.290075906685729024e-10,-3.908125242695070778e-10,3.336916424602487385e-10,-5.059133533109883007e-10,6.459975683721641548e-10,-9.912845472855730256e-10,1.498550169804629961e-09,-1.526194955137061271e-09,-4.536992777998127835e-10,8.487343501617505837e-09,-1.434481838868961745e-08
1.713473695949158548e+00,-3.444691459723562277e-01,1.608086515381106432e-02,3.304714785442598377e-03,-9.055669262889678474e-04,1.081962577566628753e-04,-2.375694316214971985e-06,-1.614448403093778073e-06,4.056918676488725783e-07,-5.536254614208618863e-08,3.441590159126289850e-09,1.406025192107751565e-10,-1.333474400344591970e-09,2.669177188302507275e-10,-9.012178503464696178e-10,2.126446518868618796e-10,-6.459452833729173449e-10,1.930282739204258746e-10,-4.915042539632707985e-10,1.988908274186407255e-10,-4.098956538772791092e-10,2.390470738022898445e-10,-4.016569195297581274e-10,3.501942394922019641e-10,-5.257263537266493314e-10,6.797021214095810837e-10,-1.040127062170576044e-09,1.589184002274979246e-09,-1.638129056014125950e-09,-4.241273512950449742e-10,9.017827793528221392e-09,-1.535424737353352498e-08
1.715379328302473638e+00,-3.451998796486621113e-01,1.609330421205553210e-02,3.339043911141160656e-03,-9.146571069737724317e-04,1.091691501232871717e-04,-2.312391013758671732e-06,-1.661276656249582179e-06,4.158710228845986789e-07,-5.677252200167806628e-08,3.556162083123010076e-09,1.410614984195812660e-10,-1.337080040436644524e-09,2.698899281144973017e-10,-9.039981818670383973e-10,2.163375589780969221e-10,-6.496231885755321400e-10,1.980124397782390133e-10,-4.964735705881295758e-10,2.057707372549177904e-10,-4.169313193302937037e-10,2.491451194658322876e-10,-4.125525559194043179e-10,3.667913433917646682e-10,-5.456297512331648170e-10,7.135874846748990752e-10,-1.089193095524937371e-09,1.680374469344853017e-09,-1.750962404581390963e-09,-3.934205097116949545e-10,9.551516383377034458e-09,-1.637228065620721651e-08
1.717290253299497804e+00,-3.459318394976131916e-01,1.610533686065612063e-02,3.373711139110805932e-03,-9.238310418183542927e-04,1.101469061282767808e-04,-2.245983383294177654e-06,-1.709318231334425175e-06,4.262996948917185946e-07,-5.821466999601787595e-08,3.672681297538921141e-09,1.417716447710271055e-10,-1.340781222158859975e-09,2.728881426383722442e-10,-9.067877143609237578e-10,2.200482018821503516e-10,-6.533149576881669418e-10,2.030234591554602730e-10,-5.014644428869008408e-10,2.126898171472824117e-10,-4.239994492657994662e-10,2.593016504640055508e-10,-4.234992669049919556e-10,3.834828678564439208e-10,-5.656231886943391407e-10,7.476533741071489381e-10,-1.138481714934788669e-09,1.772120920926628651e-09,-1.864695149157713505e-09,-3.615706119924899653e-10,1.008840458047166599e-08,-1.739893541741199812e-08
1.719206491817722338e+00,-3.466650292689397173e-01,1.611695796759141097e-02,3.408719713751390615e-03,-9.330894007453876225e-04,1.111294437493876713e-04,-2.176379517099171629e-06,-1.758603023443387064e-06,4.369836739135171677e-07,-5.968963168179186596e-08,3.791143569648741662e-09,1.427521191532665767e-10,-1.344582731613308546e-09,2.759131065982467490e-10,-9.095865102781708345e-10,2.237764140655684741e-10,-6.570204796885192877e-10,2.080612210297871911e-10,-5.064767494289412753e-10,2.196480046456894542e-10,-4.310998814871513929e-10,2.695166095509349269e-10,-4.344968222019796045e-10,4.002686801798938099e-10,-5.857062840373267187e-10,7.818994922012545423e-10,-1.187991988203102034e-09,1.864422521750952466e-09,-1.979327203874281516e-09,-3.285695847343728104e-10,1.062848692737206058e-08,-1.843422746394818290e-08
1.721128064897701426e+00,-3.473994527292714185e-01,1.612816234575826374e-02,3.444072911300360973e-03,-9.424328568815379392e-04,1.121166770256306483e-04,-2.103485146537353856e-06,-1.809161631179546231e-06,4.479288739146249088e-07,-6.119805669863032094e-08,3.911542085024977133e-09,1.440232525254381279e-10,-1.348489596028623616e-09,2.789655381696398706e-10,-9.123945141076283960e-10,2.275222787950781367e-10,-6.607396435542867152e-10,2.131256837678563443e-10,-5.115103583752667049e-10,2.266452095445181669e-10,-4.382324459914488379e-10,2.797898579487423376e-10,-4.455449698417823789e-10,4.171486251043632354e-10,-6.058786499851115392e-10,8.163254750989668018e-10,-1.237722856498035817e-09,1.957278385374128238e-09,-2.094858420412237798e-09,-2.944094551482479005e-10,1.117175735254605229e-08,-1.947817129810403003e-08
1.723054993744801422e+00,-3.481351136622760079e-01,1.613894475229980460e-02,3.479774040173540424e-03,-9.518620865142136955e-04,1.131085159448161695e-04,-2.027203585166018063e-06,-1.861025372324603966e-06,4.591413346297264220e-07,-6.274060248634763526e-08,4.033867317867340097e-09,1.456065450503030156e-10,-1.352507161822558146e-09,2.820461884878167069e-10,-9.152116148269939799e-10,2.312856017816500298e-10,-6.644722827520155306e-10,2.182168473696677324e-10,-5.165650823757417243e-10,2.336812895964435199e-10,-4.453969762452381076e-10,2.901213245337652680e-10,-4.566434899481996990e-10,4.341225478057819664e-10,-6.261398604462398154e-10,8.509308782773949975e-10,-1.287673189430404985e-09,2.050687481804092105e-09,-2.211288444887993254e-09,-2.590822261588909825e-10,1.171820905240816835e-08,-2.053078014541132035e-08
1.724987299730972756e+00,-3.488720158687996786e-01,1.614929988792289731e-02,3.515826441310469612e-03,-9.613777690458771320e-04,1.141048663280217618e-04,-1.947435670227298105e-06,-1.914226299948394022e-06,4.706272238568648403e-07,-6.431793413835817930e-08,4.158106798549804362e-09,1.475246721657774707e-10,-1.356641051233897777e-09,2.851558676686405391e-10,-9.180378193751614901e-10,2.350662442474060754e-10,-6.682182446260398478e-10,2.233344897906164306e-10,-5.216407791830413032e-10,2.407561996986551378e-10,-4.525932675511490366e-10,3.005108557829760940e-10,-4.677921383589023208e-10,4.511902552961633006e-10,-6.464894396727982606e-10,8.857152667546275282e-10,-1.337841853792098856e-09,2.144648628393114320e-09,-2.328616756884505090e-09,-2.225799405897177508e-10,1.226783443233903093e-08,-2.159206577423411488e-08
1.726925004396546282e+00,-3.496101631670089915e-01,1.615922239620565248e-02,3.552233488523819614e-03,-9.709805869462179509e-04,1.151056297115553642e-04,-1.864079703370932067e-06,-1.968797218696201334e-06,4.823928396861278112e-07,-6.593072417182543887e-08,4.284244742389781146e-09,1.498015921377882087e-10,-1.360897065177946175e-09,2.882954205224441679e-10,-9.208730306076162719e-10,2.388640951700438109e-10,-6.719773348873303576e-10,2.284785138861877840e-10,-5.267373273665221234e-10,2.478698427066383658e-10,-4.598211273548757916e-10,3.109583077143263097e-10,-4.789905976194941406e-10,4.683515303013918718e-10,-6.669269171210440161e-10,9.206781383282180986e-10,-1.388227594077001692e-09,2.239160537109013971e-09,-2.446842720625619361e-09,-1.848946794280603712e-10,1.282062512750203886e-08,-2.266203849576875484e-08
1.728868129452059144e+00,-3.503495593925343710e-01,1.616870686289436504e-02,3.588998588853291143e-03,-9.806712257021655242e-04,1.161107032257198413e-04,-1.777031389308802306e-06,-2.024771701520169942e-06,4.944446126988431833e-07,-6.757965224316736519e-08,4.412262047046033864e-09,1.524626102450410414e-10,-1.365281368861936961e-09,2.914657317582003415e-10,-9.237171930132070941e-10,2.426789880161095425e-10,-6.757493870024333660e-10,2.336488780230183693e-10,-5.318545395760487793e-10,2.550220486174925583e-10,-4.670803622347508011e-10,3.214635545603639066e-10,-4.902386040520068100e-10,4.856061238886488773e-10,-6.874517608813912606e-10,9.558189300803987543e-10,-1.438829066741781348e-09,2.334221776804923376e-09,-2.565965480892662409e-09,-1.460186086627013324e-10,1.337657199937392072e-08,-2.374070712934939209e-08
1.730816696780102193e+00,-3.510902083986153777e-01,1.617774781518927646e-02,3.626125182924369236e-03,-9.904503737656190736e-04,1.171199794704220337e-04,-1.686183773414329928e-06,-2.082184106577678051e-06,5.067891080093485379e-07,-6.926540505524866886e-08,4.542136005855623715e-09,1.555344351575338457e-10,-1.369800424130818151e-09,2.946677450654799912e-10,-9.265702649585705331e-10,2.465108117633008078e-10,-6.795342483156829871e-10,2.388454017898666848e-10,-5.369922007059102498e-10,2.622126925311274448e-10,-4.743707371357430702e-10,3.320264011646978375e-10,-5.015358137475112166e-10,5.029537628389868509e-10,-7.080634373095306966e-10,9.911370287864207373e-10,-1.489644915883200915e-09,2.429830794035969799e-09,-2.685983995116825174e-09,-1.059439497935743546e-10,1.393566507329468962e-08,-2.482807898857020135e-08
1.732770728437198260e+00,-3.518321140562472027e-01,1.618633972101999816e-02,3.663616745311143279e-03,-1.000318722498306015e-03,1.181333463876289500e-04,-1.591427177866869963e-06,-2.141069594573368623e-06,5.194330277534520146e-07,-7.098867598614999608e-08,4.673840032880238748e-09,1.590452700095390526e-10,-1.374460937425547868e-09,2.979023347449150094e-10,-9.294322395048126850e-10,2.503595109004663755e-10,-6.833318078047767585e-10,2.440679047754912290e-10,-5.421501060587363696e-10,2.694416113835362836e-10,-4.816920152680981282e-10,3.426466653813631247e-10,-5.128819218283564574e-10,5.203941596219896493e-10,-7.287613600689274440e-10,1.026631773950320570e-09,-1.540673643133858017e-09,2.525985858415485952e-09,-2.806897062002100540e-09,-6.466296074980615316e-11,1.449789359397879451e-08,-2.592415974250750210e-08
1.734730246655705077e+00,-3.525752802543293818e-01,1.619447698830914217e-02,3.701476784904210622e-03,-1.010276966114590294e-03,1.191506871308679882e-04,-1.492649136291667594e-06,-2.201464146569555302e-06,5.323832131475490781e-07,-7.275016466199227261e-08,4.807343430453248079e-09,1.630248713802018301e-10,-1.379270015908207192e-09,3.011705173444623185e-10,-9.323029848129493757e-10,2.542249466497281674e-10,-6.871418156695341395e-10,2.493162620798017315e-10,-5.473280752232856372e-10,2.767086663968409965e-10,-4.890439520358058623e-10,3.533241407782661270e-10,-5.242765917581881929e-10,5.379269985179846447e-10,-7.495449122485453586e-10,1.062302428314620961e-09,-1.591913689844709490e-09,2.622685133738672514e-09,-2.928703327596815509e-09,-2.216794456333381902e-11,1.506324592837060550e-08,-2.702895341571975862e-08
1.736695273845744847e+00,-3.533197108998153979e-01,1.620215396422503701e-02,3.739708845282915285e-03,-1.020325801621698586e-03,1.201718799314329192e-04,-1.389734326673764536e-06,-2.263404582105842805e-06,5.456466468331012953e-07,-7.455057676655080234e-08,4.942611169303501306e-09,1.675046074067765289e-10,-1.384235122359189774e-09,3.044733961482526396e-10,-9.351825078218745091e-10,2.581069247220568741e-10,-6.909640221097745894e-10,2.545903349249201142e-10,-5.525258792160592236e-10,2.840136806292470339e-10,-4.964262785567274960e-10,3.640585888309288976e-10,-5.357194635818851580e-10,5.555519243423401310e-10,-7.704134253293248857e-10,1.098148256790248967e-09,-1.643363466575370468e-09,2.719926604256850400e-09,-3.051401195088010443e-09,2.154868991577352233e-11,1.563170955870551992e-08,-2.814246240906426166e-08
1.738665832597166006e+00,-3.540654099178650593e-01,1.620936493442273751e-02,3.778316505092716229e-03,-1.030465928757076394e-03,1.211967979607157971e-04,-1.282564502980837462e-06,-2.326928577322216751e-06,5.592304549869274444e-07,-7.639062356160422618e-08,5.079603559825229819e-09,1.725174829381170838e-10,-1.389363984971581090e-09,3.078121004612688338e-10,-9.380707460815429499e-10,2.620052508284231862e-10,-6.947983022254078378e-10,2.598899428996048755e-10,-5.577433341563686753e-10,2.913564597917250865e-10,-5.038387337549798950e-10,3.748498091787899611e-10,-5.472101305067922361e-10,5.732685359402522884e-10,-7.913662457541964512e-10,1.134168408929020488e-09,-1.695021249444386702e-09,2.817708102866717246e-09,-3.174988884649398990e-09,6.649448873463637000e-11,1.620327107904051545e-08,-2.926468733316367477e-08
1.740641945681530522e+00,-3.548123812519978770e-01,1.621610412227285011e-02,3.817303378427419798e-03,-1.040698049922948645e-03,1.222253091895343299e-04,-1.171018425158432130e-06,-2.392074683835003490e-06,5.731419095351443505e-07,-7.827102159029680761e-08,5.218276038707059250e-09,1.780983884674958162e-10,-1.394664788170740799e-09,3.111876728523199631e-10,-9.409676440808034670e-10,2.659198694576758726e-10,-6.986443784606777285e-10,2.652148917148267060e-10,-5.629801902440334516e-10,2.987368061257988927e-10,-5.112810409421686408e-10,3.856975060514966636e-10,-5.587481605867639090e-10,5.910764837649407077e-10,-8.124026687917479395e-10,1.170361993083068874e-09,-1.746885235857226215e-09,2.916027351442668225e-09,-3.299464412624686371e-09,1.126768973264136164e-10,1.677791615362078659e-08,-3.039562702228382207e-08
1.742623636054130731e+00,-3.555606288642479962e-01,1.622236568807874577e-02,3.856673115216267649e-03,-1.051022870118503271e-03,1.232572762437937793e-04,-1.054971787294630564e-06,-2.458882348005744789e-06,5.873884304889720465e-07,-8.019249212853213349e-08,5.358578866222762915e-09,1.842840749791130328e-10,-1.400146170879579266e-09,3.146014507932060056e-10,-9.438731185529292134e-10,2.698505030540587768e-10,-7.025021814266452225e-10,2.705650425927075275e-10,-5.682361525760626364e-10,3.061544559535001042e-10,-5.187528965416854376e-10,3.966014287815067263e-10,-5.703331674121459027e-10,6.089752677823634386e-10,-8.335219207553090648e-10,1.206728093752079678e-09,-1.798953564672439720e-09,3.014881837237748385e-09,-3.424825600201186759e-09,1.601033697978815340e-10,1.735562950994085085e-08,-3.153527847882253710e-08
1.744610926856036581e+00,-3.563101567353224031e-01,1.622814372828126905e-02,3.896429401616269619e-03,-1.061441096868863832e-03,1.242925562563281308e-04,-9.342971444689304739e-07,-2.527391930138081499e-06,6.019775881656135030e-07,-8.215576079292560840e-08,5.500456682575732836e-09,1.911132137960569466e-10,-1.405817077332338627e-09,3.180546572639775249e-10,-9.467871139867689578e-10,2.737969295729669739e-10,-7.063713086674638930e-10,2.759402012442180308e-10,-5.735110372717677762e-10,3.136092462108219792e-10,-5.262539744255168017e-10,4.075612469039979757e-10,-5.819647003885153325e-10,6.269644738272905915e-10,-8.547232186340708582e-10,1.243265645382157780e-09,-1.851224245294838533e-09,3.114268931712210753e-09,-3.551070035245906809e-09,2.087811798445748934e-10,1.793639487282505662e-08,-3.268363671371510293e-08
1.746603841416174863e+00,-3.570609688647583546e-01,1.623343227465062766e-02,3.936575960409122339e-03,-1.071953440150898423e-03,1.253310007154227398e-04,-8.088638377657872414e-07,-2.597644724437915553e-06,6.169171054451298708e-07,-8.416155702862734844e-08,5.643848243787330521e-09,1.986266385742285756e-10,-1.411686883709406537e-09,3.215485811641771718e-10,-9.497096373212166043e-10,2.777590935032492325e-10,-7.102515797718922386e-10,2.813400484802386359e-10,-5.788045563670518590e-10,3.211009270975839769e-10,-5.337839649455222713e-10,4.185766585770855919e-10,-5.936422928752571604e-10,6.450435819163602424e-10,-8.760057540468935144e-10,1.279973598899281084e-09,-1.903695206247751903e-09,3.214185832420279887e-09,-3.678195097459036056e-09,2.587175317730894264e-10,1.852019504769431002e-08,-3.384069490602881203e-08
1.748602403253435522e+00,-3.578130692710850824e-01,1.623822529346599305e-02,3.977116551403850689e-03,-1.082560612316481579e-03,1.263724553092460644e-04,-6.785379173882000181e-07,-2.669682979472738638e-06,6.322148598889715254e-07,-8.621061348048492112e-08,5.788686110314023026e-09,2.068672854543818218e-10,-1.417765479669319539e-09,3.250846206809265837e-10,-9.526405775339696902e-10,2.817367172891493965e-10,-7.141427726953253341e-10,2.867644871562546882e-10,-5.841164461839465361e-10,3.286292349358177489e-10,-5.413425263611770788e-10,4.296473350706708771e-10,-6.053654548129894231e-10,6.632120421422305068e-10,-8.973686531268260103e-10,1.316850865764468415e-09,-1.956364327048570884e-09,3.314629506631638911e-09,-3.806197913271136546e-09,3.099195570316348736e-10,1.910701175056317425e-08,-3.500644408377384664e-08
1.750606636078812617e+00,-3.585664619919861074e-01,1.624251668468224691e-02,4.018054971844675985e-03,-1.093263328012390821e-03,1.274167597662902336e-04,-5.431820641072643285e-07,-2.743549918589327508e-06,6.478788859647609255e-07,-8.830366540193632097e-08,5.934896219871726997e-09,2.158803760754501866e-10,-1.424063179877865792e-09,3.286642555333507687e-10,-9.555799068694525999e-10,2.857296066416381564e-10,-7.180445543708557921e-10,2.922131703275709924e-10,-5.894464465139304110e-10,3.361939407420244663e-10,-5.489292839722104134e-10,4.407728912761421647e-10,-6.171336961423301570e-10,6.814693223784751286e-10,-9.188110166365864862e-10,1.353896183966390998e-09,-2.009229343666318890e-09,3.415596836614520626e-09,-3.935075431303614035e-09,3.623942708419480851e-10,1.969682571906217206e-08,-3.618087334594788373e-08
1.752616563797575022e+00,-3.593211510844638301e-01,1.624630028108258600e-02,4.059395056824135171e-03,-1.104062304096967498e-03,1.284637476919496882e-04,-4.026555089952157940e-07,-2.819289760981093240e-06,6.639173770698475474e-07,-9.044144995374800433e-08,6.082397632431457701e-09,2.257134817593153819e-10,-1.430590867990133574e-09,3.322889966655973026e-10,-9.585275489998323906e-10,2.897375672716862027e-10,-7.219567998983933421e-10,2.976859730940972781e-10,-5.947942104123082885e-10,3.437946871631680779e-10,-5.565438890992036036e-10,4.519530106064650887e-10,-6.289464478739792419e-10,6.998147829458123415e-10,-9.403318898277418514e-10,1.391108276314889647e-09,-2.062287902298079456e-09,3.517084468714765100e-09,-4.064824352112417216e-09,4.161486103632094924e-10,2.028961655284322596e-08,-3.736396952946918759e-08
1.754632210511474222e+00,-3.600771406250057316e-01,1.624956984741813409e-02,4.101140679701787556e-03,-1.114958259553242275e-03,1.295132464008523498e-04,-2.568139512706610339e-07,-2.896947742930637559e-06,6.803386879625228367e-07,-9.262470576903297781e-08,6.231101957760581955e-09,2.364167342797096616e-10,-1.437359913383784438e-09,3.359604608399457959e-10,-9.614834761695334464e-10,2.937603493791129949e-10,-7.258791484554549811e-10,3.031825485111383500e-10,-6.001594707316648680e-10,3.514312139907271870e-10,-5.641859627050771486e-10,4.631872368293654674e-10,-6.408031722436591249e-10,7.182478093184507806e-10,-9.619302823900277577e-10,1.428485804037121776e-09,-2.115537570211017959e-09,3.619088866698566553e-09,-4.195441107371356004e-09,4.711893982628501121e-10,2.088536282807140765e-08,-3.855571737571006352e-08
1.756653600520979408e+00,-3.608344347097532379e-01,1.625231907953364127e-02,4.143295752528400669e-03,-1.125951915398935074e-03,1.305650767453496799e-04,-1.055094742859197243e-07,-2.976570139916201452e-06,6.971513368011876544e-07,-9.485417193366707522e-08,6.380912920440906522e-09,2.480428492809827468e-10,-1.444382115647901976e-09,3.396802821659106186e-10,-9.644476189896167284e-10,2.977977586748892236e-10,-7.298113502418601684e-10,3.087027439230283221e-10,-6.055418909356458101e-10,3.591031916272413582e-10,-5.718550988645376698e-10,4.744751752952525159e-10,-6.527032928894949126e-10,7.367677310257669809e-10,-9.836051914364346560e-10,1.466027381089030079e-09,-2.168975817961465991e-09,3.721606290502110781e-09,-4.326921846861675469e-09,5.275233271040402627e-10,2.148404194823871904e-08,-3.975609925987999560e-08
1.758680758327550775e+00,-3.615930374546716397e-01,1.625454160347943391e-02,4.185864226475571014e-03,-1.137043994592897966e-03,1.316190529392067578e-04,5.140954062021058091e-08,-3.058204288582805352e-06,7.143640071596672747e-07,-9.713058731451729155e-08,6.531726021597600296e-09,2.606473821498145327e-10,-1.451670006424876647e-09,3.434501901627973197e-10,-9.674199705211883327e-10,3.018494343365318855e-10,-7.337530999462771319e-10,3.142461429961329600e-10,-6.109411240795559195e-10,3.668103112919318676e-10,-5.795508621619926970e-10,4.858163376794677468e-10,-6.646461792395030876e-10,7.553738446373914339e-10,-1.005355543173130917e-09,1.503731520812595646e-09,-2.222600025032772653e-09,3.824632832660768145e-09,-4.459262507860994873e-09,5.851569489373487087e-10,2.208563020314469050e-08,-4.096509535062020646e-08
1.760713708635946340e+00,-3.623529529957228990e-01,1.625623097460828642e-02,4.228850092271922885e-03,-1.148235221937729100e-03,1.326749823770093269e-04,2.140985019523714006e-07,-3.141898609409880805e-06,7.319855501357677707e-07,-9.945468962702791460e-08,6.683428025421045415e-09,2.742886482179351937e-10,-1.459236615222736511e-09,3.472720149638730547e-10,-9.704004266808397006e-10,3.059152653417385181e-10,-7.377040922573741000e-10,3.198125375636351464e-10,-6.163569030159798956e-10,3.745522052234218080e-10,-5.872728197839349740e-10,4.972102625455665503e-10,-6.766312102626792502e-10,7.740653912118033997e-10,-1.027180235617028425e-09,1.541596666727179654e-09,-2.276407401555907706e-09,3.928164345884388453e-09,-4.592458761366879916e-09,6.440967603021929833e-10,2.269010268562965393e-08,-4.218268332550900723e-08
1.762752476356564291e+00,-3.631141854890402865e-01,1.625738067665821740e-02,4.272257380644016098e-03,-1.159526323978982663e-03,1.337326654492878089e-04,3.827166981480376040e-07,-3.227702629758806563e-06,7.500249864221021634e-07,-1.018272146090584696e-07,6.835896407958452770e-09,2.890280584311177847e-10,-1.467095606458301837e-09,3.511476578260674941e-10,-9.733889735907830243e-10,3.099948631124505027e-10,-7.416640218638193005e-10,3.254016223142031095e-10,-6.217887940640487443e-10,3.823284987214403685e-10,-5.950205415189424585e-10,5.086564711098695568e-10,-6.886577640606572626e-10,7.928416243842273392e-10,-1.049078091758248732e-09,1.579621148294074739e-09,-2.330395084369774050e-09,4.032196498134771323e-09,-4.726506027709354019e-09,7.043490495711735022e-10,2.329743332279976542e-08,-4.340883849596188782e-08
1.764797086607819532e+00,-3.638767391111044081e-01,1.625798412082012784e-02,4.316090162764082451e-03,-1.170918028900241967e-03,1.347918953527836583e-04,5.574273896045978116e-07,-3.315667007243103259e-06,7.684915082424755017e-07,-1.042488950589795516e-07,6.988998947285440799e-09,3.049301549110094989e-10,-1.475261312416931148e-09,3.550791796008700985e-10,-9.763855626787609765e-10,3.140880888707897611e-10,-7.456325834542809616e-10,3.310130641809294616e-10,-6.272364676263020300e-10,3.901388274940575940e-10,-6.027935321034627592e-10,5.201544698435478509e-10,-7.007251567187067209e-10,8.117016911043939409e-10,-1.071047901844007777e-09,1.617803259412742278e-09,-2.384560128347590346e-09,4.136724761783644455e-09,-4.861399388080001049e-09,7.659200079723760268e-10,2.390759473377968014e-08,-4.464353360600359366e-08
1.766847564718560193e+00,-3.646406180589215618e-01,1.625803464479005228e-02,4.360352550703242187e-03,-1.182411066414507973e-03,1.358524578958962212e-04,7.383979029659121229e-07,-3.405843553721393802e-06,7.873944811772476404e-07,-1.067204596820817142e-07,7.142593195716417931e-09,3.220627852948410030e-10,-1.483748759273373352e-09,3.590686862425807035e-10,-9.793901523114101337e-10,3.181944707719708276e-10,-7.496094439618516958e-10,3.366465162191190075e-10,-6.326995420635750378e-10,3.979827925548740097e-10,-6.105913379073069081e-10,5.317037001656421680e-10,-7.128326704949894399e-10,8.306447066633304566e-10,-1.093088440292169783e-09,1.656141241507258499e-09,-2.438899435706909369e-09,4.241744326442808966e-09,-4.997133676472309549e-09,8.288156706087734804e-10,2.452055835114319571e-08,-4.588673882532923187e-08
1.768903936230517893e+00,-3.654058265502055924e-01,1.625752551180616526e-02,4.405048697891253418e-03,-1.194006167651123947e-03,1.369141312994705609e-04,9.257997271201745537e-07,-3.498285259392712454e-06,8.067434463369417552e-07,-1.092426321312733872e-07,7.296525695275890566e-09,3.404973655460330484e-10,-1.492573694847343369e-09,3.631183097263512849e-10,-9.824026522831097452e-10,3.223139255492668553e-10,-7.535942425640484998e-10,3.423016037285009361e-10,-6.381775732866579176e-10,4.058599741008084294e-10,-6.184134506564964440e-10,5.433035757396176280e-10,-7.249795785403689852e-10,8.496698106381928017e-10,-1.115198379171913889e-09,1.694633169034565068e-09,-2.493409831470089211e-09,4.347250266798635687e-09,-5.133703443252479737e-09,8.930419216623963763e-10,2.513629430989094971e-08,-4.713842165909865045e-08
1.770966226900799523e+00,-3.661723688235600793e-01,1.625644990966940151e-02,4.450182799582409407e-03,-1.205704065038958744e-03,1.379766859923537911e-04,1.119808611777309282e-06,-3.593046317567488712e-06,8.265481220900289250e-07,-1.118161296934615245e-07,7.450631418250142080e-09,3.603089085771338240e-10,-1.501752474111772706e-09,3.672302878454658526e-10,-9.854230834105415227e-10,3.264460368690436098e-10,-7.575866323161761784e-10,3.479780352755312833e-10,-6.436702212897493780e-10,4.137699072259692912e-10,-6.262593369235625040e-10,5.549535093615776127e-10,-7.371651258164524378e-10,8.687760450279413682e-10,-1.137376401828121830e-09,1.733277094333879331e-09,-2.548087972824991665e-09,4.453237371741802786e-09,-5.271102974241381744e-09,9.586045030679501977e-10,2.575477138846982150e-08,-4.839854687160860536e-08
1.773034462704415670e+00,-3.669402491386639653e-01,1.625480094974852963e-02,4.495759093327817042e-03,-1.217505492185349137e-03,1.390398844019796916e-04,1.320604668558246486e-06,-3.690182149853130089e-06,8.468184056207098132e-07,-1.144416620505253612e-07,7.604733385981748972e-09,3.815761734360378910e-10,-1.511302300319372627e-09,3.714070717641959618e-10,-9.884514040603420426e-10,3.305904994199693192e-10,-7.615862662735395361e-10,3.536753945265758148e-10,-6.491770558614273767e-10,4.217121513105936970e-10,-6.341284355254606098e-10,5.666528973477524822e-10,-7.493885126157173726e-10,8.879624171370670282e-10,-1.159621121783055431e-09,1.772070989513457873e-09,-2.602930412876069965e-09,4.559700141765210546e-09,-5.409326192702679226e-09,1.025509026655879730e-09,2.637595703652850787e-08,-4.966707648629276051e-08
1.775108669836848785e+00,-3.677094717764590737e-01,1.625257166596835029e-02,4.541781859454000099e-03,-1.229411183750235212e-03,1.401034807396788970e-04,1.528372473805911236e-06,-3.789749431696090576e-06,8.675643747950434470e-07,-1.171199300303155111e-07,7.758641801074162014e-09,4.043819905666379277e-10,-1.521241278779061901e-09,3.756511750968583030e-10,-9.914875309657844582e-10,3.347469523795609803e-10,-7.655927558580799541e-10,3.593933067813637194e-10,-6.546976433208229196e-10,4.296862136932144693e-10,-6.420202147694453743e-10,5.784010822379448413e-10,-7.616489175465979145e-10,9.072278952387824447e-10,-1.181931075363781836e-09,1.811012717827659158e-09,-2.657933651385030460e-09,4.666632939884923781e-09,-5.548366668883808472e-09,1.093760814557809269e-09,2.699981730899803090e-08,-5.094396954286040113e-08
1.777188874716663314e+00,-3.684800410393393455e-01,1.624975501378069995e-02,4.588255421548012060e-03,-1.241421875315801976e-03,1.411672207805676413e-04,1.743301173900285717e-06,-3.891806118257873370e-06,8.887962898115366051e-07,-1.198516241291032458e-07,7.912153339624528048e-09,4.288133815047445729e-10,-1.531588234710001828e-09,3.799651895203259855e-10,-9.945314849435504811e-10,3.389151181920624367e-10,-7.696056847361631981e-10,3.651313557062607629e-10,-6.602314875370218772e-10,4.376916502846217583e-10,-6.499340961252375592e-10,5.901973649385938714e-10,-7.739455105439108085e-10,9.265713959982768699e-10,-1.204304755095600421e-09,1.850100028906453975e-09,-2.713093982115166725e-09,4.774029823805675532e-09,-5.688217718895216546e-09,1.163365105638636265e-09,2.762631687996952579e-08,-5.222918222219652407e-08
1.779275103988154694e+00,-3.692519612513431859e-01,1.624634386911882888e-02,4.635184146949432316e-03,-1.253538303251746852e-03,1.422308416378420190e-04,1.965584593256221313e-06,-3.996411470964973678e-06,9.105245945620343839e-07,-1.226374229429567919e-07,8.065050545371516000e-09,4.549616620941332457e-10,-1.542362904061178597e-09,3.843518784490962403e-10,-9.975831966047010724e-10,3.430945527682638385e-10,-7.736247475964574960e-10,3.708891249676327106e-10,-6.657781166652387839e-10,4.457279129121971550e-10,-6.578695114708987823e-10,6.020410558971178716e-10,-7.862774129702154724e-10,9.459918005189082990e-10,-1.226740624447192340e-09,1.889330621205470573e-09,-2.768407544439382972e-09,4.881884606202507859e-09,-5.828872327515166596e-09,1.234326949678399288e-09,2.825541894554972622e-08,-5.352266761043944499e-08
1.781367384524043196e+00,-3.700252367583479751e-01,1.624233102733402268e-02,4.682572447249531110e-03,-1.265761204575669568e-03,1.432940715315536573e-04,2.195421344505267547e-06,-4.103626084211043495e-06,9.327599181500369208e-07,-1.254779917257524413e-07,8.217100950190514563e-09,4.829228935146478996e-10,-1.553586025451747510e-09,3.888140660129879578e-10,-1.000642603499191097e-09,3.472848952856821825e-10,-7.776494725941773822e-10,3.766661704762697127e-10,-6.713371247801802610e-10,4.537944568727692030e-10,-6.658257903358055785e-10,6.139314031108900060e-10,-7.986437192998574464e-10,9.654879365612878406e-10,-1.249237087472959695e-09,1.928702088229566902e-09,-2.823870444337156504e-09,4.990190879874262242e-09,-5.970323146455014385e-09,1.306651165738914600e-09,2.888708524814709300e-08,-5.482437570591969234e-08
1.783465743428208405e+00,-3.707998719282675215e-01,1.623770920211399515e-02,4.730424778796767094e-03,-1.278091316808309050e-03,1.443566295514999050e-04,2.433014941222340355e-06,-4.213511912928586539e-06,9.555130762971264513e-07,-1.283739804892186642e-07,8.368056259207279357e-09,5.127979030988827347e-10,-1.565279208332048810e-09,3.933547376711032939e-10,-1.003709733382596170e-09,3.514858404329856967e-10,-7.816794017623251989e-10,3.824620481429619190e-10,-6.769079706481218039e-10,4.618907548104012051e-10,-6.738023125563152860e-10,6.258676597814538667e-10,-8.110434906137553579e-10,9.850585798443223240e-10,-1.271792461057449919e-09,1.968211918532830618e-09,-2.879478609978808334e-09,5.098941934043171864e-09,-6.112562440582780532e-09,1.380342368184628299e-09,2.952127602443010979e-08,-5.613425333589328048e-08
1.785570208038468332e+00,-3.715758711512499035e-01,1.623247102438303557e-02,4.778745643209359947e-03,-1.290529377823626013e-03,1.454182254143707859e-04,2.678573913074064339e-06,-4.326132300168893108e-06,9.787950725824272336e-07,-1.313260223020397410e-07,8.517651453945895845e-09,5.446924942337227904e-10,-1.577464974616971105e-09,3.979770020479111992e-10,-1.006784641766067523e-09,3.556969718765401467e-10,-7.857140632561154803e-10,3.882762583673482482e-10,-6.824901720159370910e-10,4.700161995718765695e-10,-6.817984007229105359e-10,6.378490105887757444e-10,-8.234757654414226469e-10,1.004702466188278631e-09,-1.294405021102368325e-09,2.007857500922749505e-09,-2.935227825986291839e-09,5.208130827213247604e-09,-6.255582136495407841e-09,1.455405023928491026e-09,3.015794990124387454e-08,-5.745224399694714990e-08
1.787680805929402705e+00,-3.723532388398806403e-01,1.622660904118407993e-02,4.827539587895287622e-03,-1.303076125694396098e-03,1.464785592145160728e-04,2.932311924167679829e-06,-4.441552005307776441e-06,1.002617099296089498e-06,-1.343347313213782979e-07,8.665604304871482588e-09,5.787177325897174818e-10,-1.590167062262559661e-09,4.026841516485690775e-10,-1.009867217627302693e-09,3.599178455271356825e-10,-7.897530823752774154e-10,3.941083570602188502e-10,-6.880831807110077136e-10,4.781701666567439446e-10,-6.898133826302443872e-10,6.498746280697575983e-10,-8.359395419800519367e-10,1.024418243809888107e-09,-1.317072994937162900e-09,2.047636155251553181e-09,-2.991113758153002289e-09,5.317750303036189452e-09,-6.399373802569441327e-09,1.531843311919356410e-09,3.079706402051018976e-08,-5.877828794520478795e-08
1.789797564915222905e+00,-3.731319794293861403e-01,1.622011571454110013e-02,4.876811206579719470e-03,-1.315732298531524600e-03,1.475373211686972080e-04,3.194447893393147220e-06,-4.559837232716648647e-06,1.026990538582905899e-06,-1.374007008955215048e-07,8.811614025244773885e-09,6.149902366872628257e-10,-1.603410310774266989e-09,4.074795691838550837e-10,-1.012957391577362642e-09,3.641480450511380695e-10,-7.937960705417523855e-10,3.999578029878492202e-10,-6.936864381523744072e-10,4.863520766673623541e-10,-6.978465565826708072e-10,6.619436570057257718e-10,-8.484337793955576412e-10,1.044204580007840333e-09,-1.339794564788471254e-09,2.087545060858869705e-09,-3.047131873646496958e-09,5.427792877047560305e-09,-6.543928668042986452e-09,1.609661244572624383e-09,3.143857386228576800e-08,-6.011232185632042757e-08
1.791920513052687403e+00,-3.739120973778410906e-01,1.621298342030169648e-02,4.926565139839576488e-03,-1.328498634317985296e-03,1.485941913541089301e-04,3.465206117514788020e-06,-4.681055660748015268e-06,1.051926963321816316e-06,-1.405245012653724701e-07,8.955360361259656621e-09,6.536324268294202433e-10,-1.617220586613843381e-09,4.123668351230236340e-10,-1.016055212188504697e-09,3.683871541149130735e-10,-7.978424587662402701e-10,4.058241243054538927e-10,-6.992994031063126670e-10,4.945612322448944553e-10,-7.058972044046707417e-10,6.740551944731110190e-10,-8.609574012920229169e-10,1.064060039298458937e-09,-1.362567846746598477e-09,2.127581304710302046e-09,-3.103277528178349787e-09,5.538250727812887853e-09,-6.689237560565663987e-09,1.688862544604874394e-09,3.208243325170112570e-08,-6.145427899895139490e-08
1.794049678644064283e+00,-3.746935971663776788e-01,1.620520444696070192e-02,4.976806075645922971e-03,-1.341375870737658311e-03,1.496488394401281410e-04,3.744816397737577018e-06,-4.805276471320750475e-06,1.077438137687958264e-06,-1.437066773305600842e-07,9.096502729018240974e-09,6.947727532180536514e-10,-1.631625017387006160e-09,4.173496149367794672e-10,-1.019160686399622762e-09,3.726347563848264599e-10,-8.018917613261677957e-10,4.117067520237327471e-10,-7.049215031140754206e-10,5.027969915416541369e-10,-7.139645749609790926e-10,6.862083167316623822e-10,-8.735092948443379246e-10,1.083983133722682402e-09,-1.385390865828867168e-09,2.167741853208171587e-09,-3.159545962101023564e-09,5.649115783230157506e-09,-6.835290886249290043e-09,1.769450728300592246e-09,3.272859434508279541e-08,-6.280408895026345917e-08
1.796185090240142834e+00,-3.754764832993978119e-01,1.619677099446264340e-02,5.027538749913747218e-03,-1.354364744997594260e-03,1.507009244133983988e-04,4.033514168270101174e-06,-4.932570379966375040e-06,1.103536017867806640e-06,-1.469477463027918374e-07,9.234678954687935981e-09,7.385459657033299763e-10,-1.646651868678072894e-09,4.224318152223904832e-10,-1.022273779516247316e-09,3.768902967493659162e-10,-8.059435202545373045e-10,4.176051032755978554e-10,-7.105521657169155958e-10,5.110586884238266236e-10,-7.220478754829673385e-10,6.984020601424889563e-10,-8.860883598041380260e-10,1.103972337591213604e-09,-1.408261577663660891e-09,2.208023566502986812e-09,-3.215932249667208254e-09,5.760379674125959415e-09,-6.982078684311665562e-09,1.851429055205189300e-09,3.337700759872830325e-08,-6.416167761674751446e-08
1.798326776643294878e+00,-3.762607603047879445e-01,1.618767517298450725e-02,5.078767947059502526e-03,-1.367465993644961884e-03,1.517500942959156690e-04,4.331540628381251590e-06,-5.063009666134675457e-06,1.130232752157185605e-06,-1.502481950018536017e-07,9.369504421884861101e-09,7.850934537895204457e-10,-1.662330845891846209e-09,4.276174900286200398e-10,-1.025394519293953977e-09,3.811533588748972079e-10,-8.099971526842608682e-10,4.235186229495369048e-10,-7.161907455977001291e-10,5.193455734908702937e-10,-7.301463262124330278e-10,7.106354333111242205e-10,-8.986934039827143561e-10,1.124026042381709445e-09,-1.431177941782491025e-09,2.248423262678211909e-09,-3.272431303366629685e-09,5.872033686116912010e-09,-7.129590601055724175e-09,1.934800528125002472e-09,3.402762165094497249e-08,-6.552696713013617114e-08
1.800474766910585167e+00,-3.770464327341364608e-01,1.617790900169568946e-02,5.130498500567351287e-03,-1.380680352377013868e-03,1.527959858558820133e-04,4.639142877087623629e-06,-5.196668204022775878e-06,1.157540681322524745e-06,-1.536084774057464020e-07,9.500570641828021135e-09,8.345635658241201682e-10,-1.678692927720160100e-09,4.329108148348748131e-10,-1.028522884916061031e-09,3.854233876499080225e-10,-8.140521173816139822e-10,4.294466865450985438e-10,-7.218366321337654767e-10,5.276568765255618132e-10,-7.382590788695964079e-10,7.229073745868008771e-10,-9.113232070021015652e-10,1.144142614852017292e-09,-1.454137813850300831e-09,2.288937560324111331e-09,-3.329037868721879123e-09,5.984068822493388007e-09,-7.277815832623657499e-09,2.019567832411972574e-09,3.468038344348056690e-08,-6.689987568087030212e-08
1.802629090356934638e+00,-3.778335051629537755e-01,1.616746440749763924e-02,5.182735293562478092e-03,-1.394008555845104285e-03,1.538382243115709452e-04,4.956574051044951301e-06,-5.333621494042154604e-06,1.185472338589149688e-06,-1.570290115620112670e-07,9.627444124034323369e-09,8.871118067563243947e-10,-1.695770506654481480e-09,4.383162010429542121e-10,-1.031658890260356287e-09,3.896999667407641255e-10,-8.181079008684477571e-10,4.353886973174070363e-10,-7.274891800079785753e-10,5.359918550662534642e-10,-7.463853120628916038e-10,7.352168648194767897e-10,-9.239765471832916965e-10,1.164320351937364606e-09,-1.477138975155764533e-09,2.329562980452754006e-09,-3.385746519084242845e-09,6.096475747407320567e-09,-7.426743165762916821e-09,2.105733440047052873e-09,3.533523799253979192e-08,-6.828031752503793683e-08
1.804789776558334502e+00,-3.786219821908961558e-01,1.615633322374131903e-02,5.235483259393776401e-03,-1.407451337452559920e-03,1.548764230274650260e-04,5.284093465641841181e-06,-5.473946694374131478e-06,1.214040449170738362e-06,-1.605101767540584312e-07,9.749665229666359956e-09,9.429013585540713116e-10,-1.713597515620723932e-09,4.438382716909217152e-10,-1.034802549204627553e-09,3.939824577692263574e-10,-8.221639619110376884e-10,4.413440030104354150e-10,-7.331476814531612263e-10,5.443496833845706817e-10,-7.545241610326658410e-10,7.475627721020838834e-10,-9.366521161111029947e-10,1.184557476413550248e-09,-1.500179121552425165e-09,2.370295942161204650e-09,-3.442551717216385532e-09,6.209244838781269316e-09,-7.576360957876893121e-09,2.193299502087353581e-09,3.599212846164268065e-08,-6.966820282477970139e-08
1.806956855355115410e+00,-3.794118684419919285e-01,1.614450718892146419e-02,5.288747382224147191e-03,-1.421009429145015518e-03,1.559101832030573148e-04,5.621966758870798608e-06,-5.617722653064420590e-06,1.243257930011714557e-06,-1.640523103396338001e-07,9.866746589030916947e-09,1.002103264084730494e-09,-1.732209311752774816e-09,4.494818024725066863e-10,-1.037953840932193117e-09,3.982703611349336370e-10,-8.262197176422958478e-10,4.473119791237323284e-10,-7.388114980910742702e-10,5.527295357521389008e-10,-7.626747167838177077e-10,7.599439445782341096e-10,-9.493485997325024073e-10,1.204852165519881835e-09,-1.523255922439292753e-09,2.411132714926628173e-09,-3.499447706438452155e-09,6.322366142771929098e-09,-7.726657156974237051e-09,2.282267871217547039e-09,3.665099615815514689e-08,-7.106343757889987955e-08
1.809130356855271460e+00,-3.802031685648696313e-01,1.613197794534810409e-02,5.342532697629648157e-03,-1.434683561194246854e-03,1.569390935537923540e-04,5.970466038684313359e-06,-5.765029940842797407e-06,1.273137889063868239e-06,-1.676557042536164222e-07,9.978171822654091638e-09,1.064896942327975271e-09,-1.751642877620418481e-09,4.552517651051912750e-10,-1.041112820954204210e-09,4.025631217263736517e-10,-8.302745435617708836e-10,4.532919595234830012e-10,-7.444799221545395085e-10,5.611306003183713642e-10,-7.708360330246910586e-10,7.723591731456647125e-10,-9.620646358558804234e-10,1.225202527106727945e-09,-1.546366960479203523e-09,2.452069471515355703e-09,-3.556428576113879192e-09,6.435829313054808321e-09,-7.877619185442386041e-09,2.372640087872079917e-09,3.731178040491944792e-08,-7.246592351878300420e-08
1.811310311437838827e+00,-3.809958872329907709e-01,1.611873703779440753e-02,5.396844293207102294e-03,-1.448474461974651184e-03,1.579627299839519647e-04,6.329870033606153912e-06,-5.915950884003914889e-06,1.303693624252894034e-06,-1.713206014795909393e-07,1.008339411533859531e-08,1.131470398277323319e-09,-1.771936958272490870e-09,4.611534019233198833e-10,-1.044279496209554736e-09,4.068600734097316263e-10,-8.343278568023748676e-10,4.592832086869336194e-10,-7.501522181208031270e-10,5.695519784965075161e-10,-7.790071738719706040e-10,7.848072547736451021e-10,-9.747987989722206592e-10,1.245606577084112931e-09,-1.569509718371553397e-09,2.493102300993310649e-09,-3.613488278129267650e-09,6.549623688886785366e-09,-8.029234025916376360e-09,2.464417354214321065e-09,3.797441851943750279e-08,-7.387555797655487311e-08
1.813496749756330795e+00,-3.817900291448839134e-01,1.610477591212070708e-02,5.451687309191148578e-03,-1.462382857732897647e-03,1.589806552510660519e-04,6.700464246924865697e-06,-6.070569597749556068e-06,1.334938622143087839e-06,-1.750471924433574800e-07,1.018183460503932491e-08,1.202020677437687368e-09,-1.793131945010406625e-09,4.671921252641375588e-10,-1.047453901392714215e-09,4.111607165846464795e-10,-8.383790051080808325e-10,4.652849772135425610e-10,-7.558276435282174077e-10,5.779927127191886171e-10,-7.871871930340001988e-10,7.972869413286343132e-10,-9.875496670419536827e-10,1.266062340903040262e-09,-1.592681679899940472e-09,2.534227079922790615e-09,-3.670620531050911017e-09,6.663738275590469495e-09,-8.181488233421907452e-09,2.557600591382436228e-09,3.863884584509591491e-08,-7.529223385732697338e-08
1.815689702742234957e+00,-3.825855990243838822e-01,1.609008591387360923e-02,5.507066939080231677e-03,-1.476409472349267480e-03,1.599924186222465364e-04,7.082541113785124909e-06,-6.228972020097707507e-06,1.366886556667095548e-06,-1.788356111184774555e-07,1.027288072750348613e-08,1.276754492927911766e-09,-1.815270048860506691e-09,4.733735313455778027e-10,-1.050636022625894839e-09,4.154644128728790520e-10,-8.424273917340130424e-10,4.712965712139194352e-10,-7.615053865261955934e-10,5.864519148079949673e-10,-7.953750505440559948e-10,8.097968719200654419e-10,-1.000315741263996250e-09,1.286567756410977870e-09,-1.615880206549957787e-09,2.575439569073301183e-09,-3.727818922473480345e-09,6.778161730242732164e-09,-8.334367827822486419e-09,2.652190307650403867e-09,3.930499562279643477e-08,-7.671583944490745210e-08
1.817889201608563932e+00,-3.833826016208722320e-01,1.607465828685973597e-02,5.562988430271084001e-03,-1.490555027091462932e-03,1.609975555219491511e-04,7.476400161982726944e-06,-6.391245946220543150e-06,1.399551287257615878e-06,-1.826859306365558044e-07,1.035588454139507730e-08,1.355888313084308017e-09,-1.838395357819933018e-09,4.797035182274589360e-10,-1.053825950114717358e-09,4.197704683850389529e-10,-8.464722811574176831e-10,4.773171302652201575e-10,-7.671847532253472934e-10,5.949286271955678274e-10,-8.035696916902645981e-10,8.223357255560115320e-10,-1.013095508959477309e-09,1.307120607498685194e-09,-1.639102534256586807e-09,2.616735448116025431e-09,-3.785076867820341695e-09,6.892882297489938415e-09,-8.487858341524323613e-09,2.748186721593381954e-09,3.997279895626149049e-08,-7.814625838098443467e-08
1.820095277853472471e+00,-3.841810417095219421e-01,1.605848417169499637e-02,5.619457084703018482e-03,-1.504820240361287326e-03,1.619955871708439119e-04,7.882348176979289689e-06,-6.557481063095525753e-06,1.432946856356771131e-06,-1.865981590276274971e-07,1.043016106382771424e-08,1.439648952133998350e-09,-1.862553972165059690e-09,4.861882615253554363e-10,-1.057023690798075677e-09,4.240782169873114071e-10,-8.505130072444799794e-10,4.833459882336299529e-10,-7.728648693250406154e-10,6.034217743533520917e-10,-8.117701172719038460e-10,8.349021751730134611e-10,-1.025887393264757197e-09,1.327718642061409549e-09,-1.662345896786404653e-09,2.658110242765437947e-09,-3.842387540954617098e-09,7.007887839471926839e-09,-8.641944835956205662e-09,2.845589696168215887e-09,4.064218486754533899e-08,-7.958336954022593446e-08
1.822307963263933850e+00,-3.849809240915451625e-01,1.604155460432601238e-02,5.676478259512858678e-03,-1.519205827431735576e-03,1.629860202148891712e-04,8.300699369623992796e-06,-6.727768984145232611e-06,1.467087487122802764e-06,-1.905722348382460352e-07,1.049498641464419180e-08,1.528274139184215841e-09,-1.887794033941792016e-09,4.928340964494015708e-10,-1.060229244675969795e-09,4.283869925458816397e-10,-8.545489454947485797e-10,4.893822569407291212e-10,-7.785449090969009944e-10,6.119304091223298769e-10,-8.199752083923317336e-10,8.474946907449654177e-10,-1.038689758335598068e-09,1.348359661337145132e-09,-1.685607429677271618e-09,2.699559253221961441e-09,-3.899743931425059262e-09,7.123165925593949455e-09,-8.796611839119450327e-09,2.944398622486965600e-09,4.131308012703116539e-08,-8.102704678741856625e-08
1.824527289919478434e+00,-3.857822535944441800e-01,1.602386051452522539e-02,5.734057367697858142e-03,-1.533712500176238110e-03,1.639683463459549670e-04,8.731775547975335894e-06,-6.902203285037277619e-06,1.501987580650610693e-06,-1.946080219845588988e-07,1.054959566752777800e-08,1.622012879044787415e-09,-1.914165751251695191e-09,4.996476617863399028e-10,-1.063442722770702176e-09,4.326961566825104910e-10,-8.585793603854696698e-10,4.954251037192491935e-10,-7.842240884459172889e-10,6.204534420961582697e-10,-8.281837949805637145e-10,8.601117934201041315e-10,-1.051500971363528159e-09,1.369041261432835110e-09,-1.708884194741300266e-09,2.741077763639826470e-09,-3.957138881328925439e-09,7.238703615252556345e-09,-8.951843285739946587e-09,3.044612595023976631e-09,4.198540926730887080e-08,-8.247715913706210600e-08
1.826753290195999302e+00,-3.865850350722652706e-01,1.600539272435941643e-02,5.792199878789424522e-03,-1.548340966789774151e-03,1.649420419129526624e-04,9.175906293251538670e-06,-7.080879539366272124e-06,1.537661712395187175e-06,-1.987053046817108259e-07,1.059318109446205636e-08,1.721126033360498297e-09,-1.941721654991068746e-09,5.066358547967109160e-10,-1.066664062632227683e-09,4.370048767299294923e-10,-8.626034747605260122e-10,5.014737097797095089e-10,-7.899014428658368558e-10,6.289897526434717889e-10,-8.363947650788516874e-10,8.727520043466663324e-10,-1.064319311069178431e-09,1.389760983377952286e-09,-1.732173172475440226e-09,2.782660873858894268e-09,-4.014565004647335789e-09,7.354487630874262383e-09,-9.107622671658544000e-09,3.146230271103278575e-09,4.265909461440009487e-08,-8.393357037866921999e-08
1.828985996769624256e+00,-3.873892734058576037e-01,1.598614194662869442e-02,5.850911319537114956e-03,-1.563091931499799563e-03,1.659065675223372373e-04,9.633429138989312024e-06,-7.263895354645867608e-06,1.574124628669643783e-06,-2.028637821624781901e-07,1.062488977658301859e-08,1.825886841895496548e-09,-1.970516520788390125e-09,5.138058659093225344e-10,-1.069893340588379260e-09,4.413123755320214059e-10,-8.666205392193759849e-10,5.075271453103269437e-10,-7.955761466282851302e-10,6.375382444190336173e-10,-8.446069633613606520e-10,8.854137440589271435e-10,-1.077143009769326865e-09,1.410516325267563431e-09,-1.755471226933327800e-09,2.824303481623741119e-09,-4.072014742322743741e-09,7.470504349675610722e-09,-9.263932913318451146e-09,3.249249836204115560e-09,4.333405605877471700e-08,-8.539613906982657099e-08
1.831225442620653565e+00,-3.881949735031334781e-01,1.596609878327804113e-02,5.910197274602540206e-03,-1.577966094268982902e-03,1.668613676293999315e-04,1.010468975478490128e-05,-7.451350408841598411e-06,1.611391242409450364e-06,-2.070830629049766336e-07,1.064382167560024017e-08,1.936581357948885529e-09,-2.000607519925257094e-09,5.211651804559735979e-10,-1.073130598272520331e-09,4.456179869549714567e-10,-8.706298182392657736e-10,5.135845221326817978e-10,-8.012472421659033728e-10,6.460977412803270425e-10,-8.528191226125914071e-10,8.980953637022226488e-10,-1.089970279397750597e-09,1.431304684149092843e-09,-1.778775178149991087e-09,2.866000410085833838e-09,-4.129480309783550851e-09,7.586739616746718262e-09,-9.420756376388172981e-09,3.353669212127763366e-09,4.401021127045656733e-08,-8.686471852925592430e-08
1.833471661037566536e+00,-3.890021402993335542e-01,1.594525372377897376e-02,5.970063387264008467e-03,-1.592964150488160660e-03,1.678058701186802698e-04,1.059004213375350917e-05,-7.643346487002170009e-06,1.649476628518171950e-06,-2.113626588135311679e-07,1.064902713752979846e-08,2.053509211633053333e-09,-2.032054392808735344e-09,5.287215665283895305e-10,-1.076375863440226510e-09,4.499207950647843290e-10,-8.746304652751391018e-10,5.196448132904762929e-10,-8.069137857891206522e-10,6.546670427987066887e-10,-8.610300163830464371e-10,9.107951884010367927e-10,-1.102799283749650305e-09,1.452123437120644844e-09,-1.802081744028613541e-09,2.907746267290928222e-09,-4.186953729903852839e-09,7.703178942809751906e-09,-9.578074792494783996e-09,3.459485706583387277e-09,4.468747533473149680e-08,-8.833915650374724038e-08
1.835724685621101360e+00,-3.898107787572953065e-01,1.592359714348101640e-02,6.030515360131898442e-03,-1.608086790659062418e-03,1.687394858740161492e-04,1.108984878398812379e-05,-7.839987518453231385e-06,1.688396018857587361e-06,-2.157019788548431016e-07,1.063950439035565854e-08,2.176984201414378095e-09,-2.064919332744885594e-09,5.364829813031546379e-10,-1.079629177724861222e-09,4.542200782164940165e-10,-8.786217031708787317e-10,5.257071306052907289e-10,-8.125748546250477489e-10,6.632449485455271798e-10,-8.692383618447152571e-10,9.235115120548309520e-10,-1.115628108991351120e-09,1.472969792578465720e-09,-1.825387538388970055e-09,2.949535550262477601e-09,-4.244426812620438749e-09,7.819807397533434790e-09,-9.735869392797635857e-09,3.566696259518775669e-09,4.536576101929479243e-08,-8.981929528611987124e-08
1.837984550288405128e+00,-3.906208938677250275e-01,1.590111930193279649e-02,6.091558955874703564e-03,-1.623334700067761288e-03,1.696616083380151491e-04,1.160448092458674085e-05,-8.041379614141200977e-06,1.728164796487973581e-06,-2.201003224261421920e-07,1.061419719304568243e-08,2.307334752080225648e-09,-2.099267419619632591e-09,5.444578191071691720e-10,-1.082890561943106178e-09,4.585148927205295877e-10,-8.826027408925796180e-10,5.317704748764029432e-10,-8.182294078395990766e-10,6.718301921726510528e-10,-8.774428700980552165e-10,9.362425505005100845e-10,-1.128454786211707805e-09,1.493840950245184374e-09,-1.848689135585876442e-09,2.991362581684225974e-09,-4.301891136718194453e-09,7.936609596088939345e-09,-9.894120810843842762e-09,3.675297349445272310e-09,4.604497858690104195e-08,-9.130497140297233472e-08
1.840251289277257118e+00,-3.914324906494732192e-01,1.587781034117170809e-02,6.153199997956308558e-03,-1.638708558447169589e-03,1.705716130599929659e-04,1.213431868572843048e-05,-8.247631104286307080e-06,1.768798489522847850e-06,-2.245568723243523968e-07,1.057199206129511015e-08,2.444904582607487775e-09,-2.135166416936118416e-09,5.526548454981572434e-10,-1.086159995278279666e-09,4.628043503984713425e-10,-8.865726625062464450e-10,5.378338330253029653e-10,-8.238764601098402807e-10,6.804214205957670458e-10,-8.856421585684559616e-10,9.489864866152331047e-10,-1.141277354305830771e-09,1.514733987111743785e-09,-1.871982972280472612e-09,3.033221491251930635e-09,-4.359338102305487794e-09,8.053569745553740278e-09,-1.005280899669946937e-08,3.785284932722454698e-09,4.672503567046404349e-08,-9.279601553835448158e-08
1.842524937150368025e+00,-3.922455741498155346e-01,1.585366028398164581e-02,6.215444371384888644e-03,-1.654209039629252805e-03,1.714688572324114986e-04,1.267975131326402188e-05,-8.458852576056878625e-06,1.810312764137164687e-06,-2.290706877031145616e-07,1.051171557350100150e-08,2.590053621229215786e-09,-2.172687089269098593e-09,5.610829821589558009e-10,-1.089437581813790246e-09,4.670876185830508120e-10,-8.905305798334595124e-10,5.438961503401174014e-10,-8.295149775405796788e-10,6.890173466500559840e-10,-8.938348611611801608e-10,9.617414876636476428e-10,-1.154093761529528805e-09,1.535645909479105287e-09,-1.895265420298608561e-09,3.075106323226217686e-09,-4.416758870966208672e-09,8.170671537358759062e-09,-1.021191334098225934e-08,3.896654492130391390e-09,4.740583737714021417e-08,-9.429225251988970768e-08
1.844805528799757344e+00,-3.930601494447347743e-01,1.582865903211751885e-02,6.278298023472855469e-03,-1.669836811186186428e-03,1.723526792164163657e-04,1.324117737747099177e-05,-8.675156911890687800e-06,1.852723417315304405e-06,-2.336406961581105612e-07,1.043213143127330600e-08,2.743158433911319083e-09,-2.211903235224688125e-09,5.697516590463802544e-10,-1.092723231344017165e-09,4.713636703179702181e-10,-8.944756324513747359e-10,5.499563582311850496e-10,-8.351438846032621655e-10,6.976165582706084223e-10,-9.020195727502122729e-10,9.745056150922692950e-10,-1.166901908433715107e-09,1.556573623901630343e-09,-1.918532744563800074e-09,3.117010895919980484e-09,-4.474144356218789920e-09,8.287898222315154273e-09,-1.037141260634005802e-08,4.009400998705725527e-09,4.808728615995905287e-08,-9.579350108979145517e-08
1.847093099451208476e+00,-3.938762216392098781e-01,1.580279636449642700e-02,6.341766964609099611e-03,-1.685592534060060144e-03,1.732223980542560091e-04,1.381900498661527144e-05,-8.896659327494067793e-06,1.896046368751215516e-06,-2.382656857933054817e-07,1.033193739244375742e-08,2.904613152429624812e-09,-2.252891774176535300e-09,5.786705333660213668e-10,-1.096016957746748233e-09,4.756314786469317824e-10,-8.984068766704211839e-10,5.560132909643300536e-10,-8.407620918915448271e-10,7.062177197203478585e-10,-9.101948509129820231e-10,9.872768592239511420e-10,-1.179699622710916884e-09,1.577514003973934376e-09,-1.941781130635963915e-09,3.158928846801190016e-09,-4.531485284665209834e-09,8.405232616252172884e-09,-1.053128489709315163e-08,4.123518911741674842e-09,4.876928180047590544e-08,-9.729957378690201608e-08
1.849387684668803100e+00,-3.946937958675063030e-01,1.577606193535442680e-02,6.405857269042903451e-03,-1.701476862181143263e-03,1.740773129701575148e-04,1.441365200502246757e-05,-9.123477410348003469e-06,1.940297651986146177e-06,-2.429442967953956978e-07,1.020976213685423351e-08,3.074830230709313383e-09,-2.295732938820127522e-09,5.878496005945477165e-10,-1.099318747144195640e-09,4.798901831470914203e-10,-9.023233549232401174e-10,5.620657966831643648e-10,-8.463684961212969426e-10,7.148193495454258084e-10,-9.183592115935557132e-10,1.000053163544012413e-09,-1.192484678277233590e-09,1.598463809666245128e-09,-1.965006669098906533e-09,3.200853680631471354e-09,-4.588772132239904433e-09,8.522657077465745079e-09,-1.069150769566346026e-08,4.239002109399092610e-09,4.945172137754694219e-08,-9.881027691199806284e-08
1.851689320359541480e+00,-3.955128772934719539e-01,1.574844527236768030e-02,6.470575075680072563e-03,-1.717490442074278995e-03,1.749167028584006078e-04,1.502554627604620746e-05,-9.355731158642265066e-06,1.985493404880675494e-06,-2.476750121825285755e-07,1.006416189709008480e-08,3.254241019885750763e-09,-2.340510304663090402e-09,5.972993488700950593e-10,-1.102628613414147196e-09,4.841385625731220443e-10,-9.062240818868971814e-10,5.681128067980267815e-10,-8.519619662528121751e-10,7.234199281280773164e-10,-9.265111048165075580e-10,1.012832471537772339e-09,-1.205254839074104689e-09,1.619419664772997480e-09,-1.988205333442599754e-09,3.242778736940038486e-09,-4.645995141557002217e-09,8.640153400466671352e-09,-1.085205778277725797e-08,4.355843980646811886e-09,5.013449911467349196e-08,-1.003254103126849373e-07
1.853998042778043143e+00,-3.963334711108374431e-01,1.571993577473864562e-02,6.535926588892093138e-03,-1.733633912452968700e-03,1.757398257581643808e-04,1.565512584981044314e-05,-9.593543019411135409e-06,2.031649859292675164e-06,-2.524561488366494633e-07,9.893617129545784206e-09,3.443296890670577426e-09,-2.387311064111496961e-09,6.070304866406805999e-10,-1.105946445534300437e-09,4.883757009910283386e-10,-9.101081832607604838e-10,5.741531139413780238e-10,-8.575412810407634367e-10,7.320179393199843787e-10,-9.346490057599021739e-10,1.025612634750205920e-09,-1.218007768862688911e-09,1.640378164465688959e-09,-2.011373026467033753e-09,3.284697124537883095e-09,-4.703144311501983310e-09,8.757702943916478855e-09,-1.101291129471104746e-08,4.474037293422661321e-09,5.081750648408545068e-08,-1.018447672584965602e-07
1.856313888531334833e+00,-3.971555825435195697e-01,1.569052271124460329e-02,6.601918079336925940e-03,-1.749907903800499483e-03,1.765459183153883158e-04,1.630283921548805748e-05,-9.837037927648822205e-06,2.078783329973344501e-06,-2.572858474794020855e-07,9.696528786504177155e-09,3.642469912495949202e-09,-2.436226035143485014e-09,6.170541855254896291e-10,-1.109272153299034613e-09,4.926002938887563687e-10,-9.139745488218053993e-10,5.801854413567397728e-10,-8.631052608731870635e-10,7.406118218700186162e-10,-9.427713202128651382e-10,1.038391461358201262e-09,-1.230741111888505879e-09,1.661335754295917289e-09,-2.034505524120544528e-09,3.326601808253948356e-09,-4.760209422385169864e-09,8.875286542156524128e-09,-1.117404364869845068e-08,4.593574291777979823e-09,5.150063210612731979e-08,-1.033681344062009622e-07
1.858636894583727717e+00,-3.979792168459296287e-01,1.566019521824869171e-02,6.668555884794108261e-03,-1.766313037938465561e-03,1.773341952308877915e-04,1.696914553907247214e-05,-1.008634334494305090e-05,2.126910202545143069e-06,-2.621620623973613950e-07,9.471214535740346552e-09,3.852253883940282009e-09,-2.487349907639990754e-09,6.273819692925730607e-10,-1.112605646502728973e-09,4.968114253323108187e-10,-9.178221238581585339e-10,5.862085122876337095e-10,-8.686526983825437753e-10,7.491999486075595627e-10,-9.508763932492003690e-10,1.051166675404557882e-09,-1.243452440839731832e-09,1.682288858131236742e-09,-2.057598517783698622e-09,3.368485542148275114e-09,-4.817179983466340909e-09,8.992884543805590436e-09,-1.133542956895106091e-08,4.714446484241352486e-09,5.218376163129700984e-08,-1.048952914736722697e-07
1.860967098261785413e+00,-3.988043793032874373e-01,1.562894229767232412e-02,6.735846411012164602e-03,-1.782849927581547575e-03,1.781038486941780713e-04,1.765451490602556323e-05,-1.034158929825524167e-05,2.176046920631443532e-06,-2.670825505870014216e-07,9.215904824867726663e-09,4.073165146313562079e-09,-2.540781173995809716e-09,6.380257225324648118e-10,-1.115946848817550574e-09,5.010076797873352916e-10,-9.216498675357343018e-10,5.922210499775815151e-10,-8.741823376290369652e-10,7.577806923619867518e-10,-9.589625283093483610e-10,1.063935956696626661e-09,-1.256139283735413503e-09,1.703233764097089598e-09,-2.080647584778994030e-09,3.410340892063407070e-09,-4.874045270684967956e-09,9.110476791810567798e-09,-1.149704306497439932e-08,4.836644846781257279e-09,5.286677782698201433e-08,-1.064260113647907957e-07
1.863304537259379279e+00,-3.996310752319367499e-01,1.559675281492802802e-02,6.803796132569949785e-03,-1.799519175878742418e-03,1.788540478032622089e-04,1.835942856934832251e-05,-1.060290841872323780e-05,2.226209971725474218e-06,-2.720448601771507935e-07,8.928738825120935418e-09,4.305743474437850882e-09,-2.596622566269912724e-09,6.489978172929955491e-10,-1.119295545137788395e-09,5.051879470308051623e-10,-9.254566973870836932e-10,5.982217915478926784e-10,-8.796928810395066023e-10,7.663523080014833511e-10,-9.670280565893252245e-10,1.076696917387542918e-09,-1.268799078388976875e-09,1.724166636286189602e-09,-2.103648222848489291e-09,3.452160317156394154e-09,-4.930794295868873300e-09,9.228042504184214012e-09,-1.165885745585404365e-08,4.960159826275511996e-09,5.354956033806756999e-08,-1.079600598988261773e-07
1.865649249642844731e+00,-4.004593099796686095e-01,1.556361549681249158e-02,6.872411593751823027e-03,-1.816321375940236488e-03,1.795839379694760471e-04,1.908437920258854170e-05,-1.087043598020989710e-05,2.277415872512823791e-06,-2.770463188818059197e-07,8.607760140950937444e-09,4.550553393302403382e-09,-2.654981052715998935e-09,6.603109257291572831e-10,-1.122651492602155798e-09,5.093507837727884180e-10,-9.292414893113942753e-10,6.042093214642108023e-10,-8.851830310407926561e-10,7.749131093748307109e-10,-9.750712277531436989e-10,1.089447103710949882e-09,-1.281429177612397607e-09,1.745083588917950568e-09,-2.126595810038323098e-09,3.493935968670869308e-09,-4.987415857041210820e-09,9.345560501253930008e-09,-1.182084528265209267e-08,5.084981040404112917e-09,5.423198585347011047e-08,-1.094971956369650279e-07
1.868001273856229716e+00,-4.012890889260477545e-01,1.552951892935692559e-02,6.941699409436561871e-03,-1.833257110349295269e-03,1.802926403072480609e-04,1.982987115822527208e-05,-1.114430993781091728e-05,2.329681152927164101e-06,-2.820840211926675667e-07,8.250912086373018983e-09,4.808185073180981650e-09,-2.715967967886756540e-09,6.719780999003832633e-10,-1.126014434471578340e-09,5.134950242791092023e-10,-9.330030775744901916e-10,6.101822935811185289e-10,-8.906514553652655763e-10,7.834613062474016232e-10,-9.830902593724322180e-10,1.102184034144915170e-09,-1.294026928146119193e-09,1.765980577484588254e-09,-2.149485574124213039e-09,3.535659866878843038e-09,-5.043898450383249576e-09,9.463008988821325351e-09,-1.198297835611206175e-08,5.211097522245244917e-09,5.491392796042049440e-08,-1.110371698684331498e-07
1.870360648726643316e+00,-4.021204174827428535e-01,1.549445155563594287e-02,7.011666266001009146e-03,-1.850326950659649319e-03,1.809792510082805159e-04,2.059642073188282241e-05,-1.142467096623342449e-05,2.383022338995569728e-06,-2.871548152238653784e-07,7.856033149098579083e-09,5.079255274188787528e-09,-2.779699080288078328e-09,6.840128238122522575e-10,-1.129384141762557192e-09,5.176192530154111182e-10,-9.367402825644077780e-10,6.161391535863813829e-10,-8.960967523563567738e-10,7.919951326706975436e-10,-9.910833299875410063e-10,1.114905109206310030e-09,-1.306589612979497383e-09,1.786853540131083662e-09,-2.172312701465353713e-09,3.577323805237231369e-09,-5.100230321408716350e-09,9.580365630586923364e-09,-1.214522771676024293e-08,5.338497602314085100e-09,5.559525706466672546e-08,-1.125797264092676109e-07
1.872727413469704505e+00,-4.029533010938641246e-01,1.545840167353322754e-02,7.082318922237882189e-03,-1.867531456877249106e-03,1.816428406999229597e-04,2.138455643216873037e-05,-1.171166249792389424e-05,2.437455934382361245e-06,-2.922552888896812195e-07,7.420852120298970789e-09,5.364408513751361962e-09,-2.846294944527927306e-09,6.964291556638135816e-10,-1.132760267530397158e-09,5.217219989361865373e-10,-9.404518830358199466e-10,6.220785830901576219e-10,-9.015176036242245061e-10,8.005126318766375704e-10,-9.990485175248586813e-10,1.127607705993238785e-09,-1.319114451784481057e-09,1.807698259310985822e-09,-2.195072252002966406e-09,3.618919415873667056e-09,-5.156399447182880014e-09,9.697607473990732530e-09,-1.230756358459872413e-08,5.467168918971143654e-09,5.627584034537114199e-08,-1.141246014080277149e-07
1.875101607695094597e+00,-4.037877452363032305e-01,1.542135743346209273e-02,7.153664210289155563e-03,-1.884871176925768509e-03,1.822824537867613962e-04,2.219481925593968369e-05,-1.200543076058501607e-05,2.492998400851782065e-06,-2.973817555063443252e-07,6.942982988013268741e-09,5.664318495149367472e-09,-2.915881043563661734e-09,7.092413080445059137e-10,-1.136142332991418868e-09,5.258016522180497532e-10,-9.441366993767630333e-10,6.279990971691518098e-10,-9.069125103677855293e-10,8.090118921999511770e-10,-1.006983925064264263e-09,1.140289128745419767e-09,-1.331598597879846135e-09,1.828510423802776064e-09,-2.217759164030788654e-09,3.660438097595475337e-09,-5.212393556271871509e-09,9.814711125419317561e-09,-1.246995545017837159e-08,5.597098314338855296e-09,5.695554187654106038e-08,-1.156715233527338960e-07
1.877483271412218269e+00,-4.046237554200801112e-01,1.538330683604070999e-02,7.225709036594206262e-03,-1.902346646095569912e-03,1.828971077757692194e-04,2.302776296936662193e-05,-1.230612481475457445e-05,2.549666137551497014e-06,-3.025302385550876494e-07,6.419919498790171986e-09,5.979689041667179961e-09,-2.988587877172932394e-09,7.224640295733220086e-10,-1.139529866300836858e-09,5.298568250822199843e-10,-9.477933993196074880e-10,6.338990859999782401e-10,-9.122800709304712541e-10,8.174910089142617409e-10,-1.014887612317549870e-09,1.152946624456696600e-09,-1.344039122185003432e-09,1.849285606592143694e-09,-2.240368253978233803e-09,3.701871029767461740e-09,-5.268200078002022169e-09,9.931652519487577102e-09,-1.263237200867933785e-08,5.728272025121161626e-09,5.763422232865633710e-08,-1.172202128835175827e-07
1.879872445035968509e+00,-4.054613371886948148e-01,1.534423772972070069e-02,7.298460382853846386e-03,-1.919958386476295232e-03,1.834857925840432599e-04,2.388395439520928087e-05,-1.261389659065487862e-05,2.607475458516264610e-06,-3.076964558154995921e-07,5.849029697645863335e-09,6.311255530341841613e-09,-3.064551208284416184e-09,7.361124626514836677e-10,-1.142922270713775390e-09,5.338858521941602930e-10,-9.514207199856627994e-10,6.397770230259780533e-10,-9.176187101833654935e-10,8.259479107597389458e-10,-1.022757628588166767e-09,1.165577363793079968e-09,-1.356433037506127315e-09,1.870019289591795530e-09,-2.262894271054180506e-09,3.743209218282084194e-09,-5.323806168047034992e-09,1.004840701791798185e-08,-1.279478113822701824e-08,5.860675472701970534e-09,5.831173905540554259e-08,-1.187703826330266388e-07
1.882269169392606356e+00,-4.063004961194829345e-01,1.530413780836746562e-02,7.371925307010013424e-03,-1.937706906370999065e-03,1.840474698287051375e-04,2.476397370562623962e-05,-1.292890092464147114e-05,2.666442569136413115e-06,-3.128758026176362006e-07,5.227549983166657199e-09,6.659786166984815736e-09,-3.143912075120880445e-09,7.502021365235478356e-10,-1.146318935607570921e-09,5.378871237304849728e-10,-9.550173707406628409e-10,6.456312567904021193e-10,-9.229269432031728115e-10,8.343805889265976106e-10,-1.030591871391262071e-09,1.178178421143427634e-09,-1.368777309378177431e-09,1.890706829380667253e-09,-2.285331773214244189e-09,3.784443428338918336e-09,-5.379198764372816743e-09,1.016494943903087367e-08,-1.295714980708434494e-08,5.994293205899281496e-09,5.898794610062485511e-08,-1.203217370251974394e-07
1.884673485725752773e+00,-4.071412378239779861e-01,1.526299460879255998e-02,7.446110944241744398e-03,-1.955592699693178317e-03,1.845810720989098097e-04,2.566841472166885713e-05,-1.325129559534695897e-05,2.726583540803989569e-06,-3.180633341521785229e-07,4.552578987404576338e-09,7.026083257734294651e-09,-3.226817049672980886e-09,7.647490106454934988e-10,-1.149719111581681830e-09,5.418587523120521610e-10,-9.585818111501609451e-10,6.514602468588037709e-10,-9.282032711888099641e-10,8.427869617466665630e-10,-1.038388265997558513e-09,1.190746837936851321e-09,-1.381068849993366543e-09,1.911343496235201611e-09,-2.307675252277707756e-09,3.825564215235999210e-09,-5.434364448893280741e-09,1.028125394672216308e-08,-1.311944425146094328e-08,6.129109065763915787e-09,5.966269403523405401e-08,-1.218739723030104471e-07
1.887085435702493985e+00,-4.079835679482792243e-01,1.522079550823491473e-02,7.521024507977802469e-03,-1.973616245344930221e-03,1.850855022088732094e-04,2.659788521860908389e-05,-1.358124135858538445e-05,2.787914283936942378e-06,-3.232537473711952214e-07,3.821071397659692170e-09,7.410984755561178527e-09,-3.313418558623104637e-09,7.797693150901618964e-10,-1.153121861885431088e-09,5.457990726043249197e-10,-9.621128754799812555e-10,6.572621891187679921e-10,-9.334460773779973408e-10,8.511648642850477842e-10,-1.046144709054841471e-09,1.203279579274629807e-09,-1.393304443608051058e-09,1.931924440302240642e-09,-2.329919103569860761e-09,3.866561904854182163e-09,-5.489289547650627599e-09,1.039729412939324749e-08,-1.328162981678593368e-08,6.265106112721130494e-09,6.033582999193098928e-08,-1.234267763272622886e-07
1.889505061419613607e+00,-4.088274921734239009e-01,1.517752772179096349e-02,7.596673290926120835e-03,-1.991778006575749532e-03,1.855596324318070818e-04,2.755300723768054627e-05,-1.391890198188970237e-05,2.850450519378735365e-06,-3.284413616260264956e-07,3.029831371036129095e-09,7.815365633302706616e-09,-3.403874862528688539e-09,7.952797552446266849e-10,-1.156526242829247764e-09,5.497060862058589237e-10,-9.656090371734649125e-10,6.630354737469090765e-10,-9.386537658251370431e-10,8.595120344623286002e-10,-1.053859046903915520e-09,1.215773580767742779e-09,-1.405480865804970003e-09,1.952444669481301354e-09,-2.352057550244687767e-09,3.907426657841911455e-09,-5.543960101325046130e-09,1.051304293012839119e-08,-1.344367098719823073e-08,6.402266491262187387e-09,6.100719763743600588e-08,-1.249798283683989375e-07
1.891932405409939566e+00,-4.096730162157657951e-01,1.513317829979185167e-02,7.673064666120522730e-03,-2.010078430321942354e-03,1.860023037140653979e-04,2.853441740433525220e-05,-1.426444427825388633e-05,2.914207748083187666e-06,-3.336200985757167836e-07,2.175505511847752871e-09,8.240139430168436085e-09,-3.498350392358573480e-09,8.112973938489975723e-10,-1.159931137251213329e-09,5.535779057375123102e-10,-9.690687696739530566e-10,6.687782411196607768e-10,-9.438246226234348057e-10,8.678263004047170881e-10,-1.061529044353581863e-09,1.228225606289545802e-09,-1.417594820609519024e-09,1.972899130956579095e-09,-2.374084720913743896e-09,3.948148333005746524e-09,-5.598361861331585532e-09,1.062847271391526016e-08,-1.360553136559722320e-08,6.540571483720780677e-09,6.167663699901959617e-08,-1.265327990579434569e-07
1.894367510648817809e+00,-4.105201458273600168e-01,1.508773412512703221e-02,7.750206087985191117e-03,-2.028517946525731138e-03,1.864123248691731786e-04,2.954276725321107466e-05,-1.461803813892961074e-05,2.979201218767952436e-06,-3.387834608308340489e-07,1.254575690296660939e-09,8.686259739265622670e-09,-3.597015789391644347e-09,8.278396509964203176e-10,-1.163335268394849464e-09,5.574125605534163697e-10,-9.724905880581502515e-10,6.744887703913349242e-10,-9.489570240717171146e-10,8.761053479910962949e-10,-1.069152443661236518e-09,1.240632423182841393e-09,-1.429642924877239096e-09,1.993282601042006830e-09,-2.395994636635728758e-09,3.988716660782709589e-09,-5.652480302396900580e-09,1.074355516442887515e-08,-1.376717366323443326e-08,6.680001570988358672e-09,6.234398458940249022e-08,-1.280853502289014401e-07
1.896810420560718136e+00,-4.113688867963536389e-01,1.504118191051208656e-02,7.828105093417209864e-03,-2.047096967433376016e-03,1.867884717510811393e-04,3.057872355934510705e-05,-1.497985656504635665e-05,3.045445893685820582e-06,-3.439245099589108290e-07,2.633515588761070614e-10,9.154721990027592238e-09,-3.700048160221180993e-09,8.449242069885620765e-10,-1.166737179092436349e-09,5.612077191852193891e-10,-9.758730351583366769e-10,6.801652019383652714e-10,-9.540492285076140888e-10,8.843468006503041323e-10,-1.076726959328699884e-09,1.252990713788981747e-09,-1.441621695717071328e-09,2.013589787963621092e-09,-2.417781197906060386e-09,4.029121067165852832e-09,-5.706300581359569080e-09,1.085826136296152988e-08,-1.392855968063155814e-08,6.820536257307052708e-09,6.300907326450833068e-08,-1.296371348186164951e-07
1.899261179025965030e+00,-4.122192449473809361e-01,1.499350819569937598e-02,7.906769302886976908e-03,-2.065815886871431688e-03,1.871294864058178214e-04,3.164296867652367090e-05,-1.535007569811392206e-05,3.112956412156062808e-06,-3.490358433692539175e-07,-8.020372066139258571e-10,9.646565090129510800e-09,-3.807631272778611020e-09,8.625691324398720994e-10,-1.170135273398376086e-09,5.649613277203258122e-10,-9.792144178843997793e-10,6.858057177705489948e-10,-9.590995567188009829e-10,8.925482887500724161e-10,-1.084250229529959419e-09,1.265297080652039163e-09,-1.453527673656723751e-09,2.033815268108474239e-09,-2.439438143674033110e-09,4.069350746562644394e-09,-5.759807570997199644e-09,1.097256177367764152e-08,-1.408965038911247358e-08,6.962154146597510085e-09,6.367173227897482413e-08,-1.311877967022367919e-07
1.901719830387608390e+00,-4.130712261419663411e-01,1.494469934463140207e-02,7.986206421558113971e-03,-2.084675079501367104e-03,1.874340762015626327e-04,3.273620088250269594e-05,-1.572887484941731112e-05,3.181747052036654894e-06,-3.541095699079871428e-07,-1.945649000419102936e-09,1.016287301969925894e-08,-3.919955793990625992e-09,8.807927356219158455e-10,-1.173527712505784137e-09,5.686709436680814633e-10,-9.825132235574685069e-10,6.914083056086539614e-10,-9.641061837761810693e-10,9.007073142885957395e-10,-1.091719847336192206e-09,1.277548053457699950e-09,-1.465357233124131575e-09,2.053953461304824923e-09,-2.460959122900160945e-09,4.109394712101949176e-09,-5.812985840944473459e-09,1.108642615427549161e-08,-1.425040577901492966e-08,7.104832947663064502e-09,6.433178714043696900e-08,-1.327369705816927592e-07
1.904186419458429924e+00,-4.139248362789333946e-01,1.489474154253342397e-02,8.066424240426304723e-03,-2.103674900050936381e-03,1.877009129359502072e-04,3.385913473094061266e-05,-1.611643652804249302e-05,3.251831689010317716e-06,-3.591372843871065701e-07,-3.171738960881798075e-09,1.070477675339104318e-08,-4.037219347025056138e-09,8.996135381772463191e-10,-1.176912407807595429e-09,5.723341522934077830e-10,-9.857676758207034595e-10,6.969711058291139238e-10,-9.690672778117637165e-10,9.088214451835607832e-10,-1.099133397144957947e-09,1.289740098574243543e-09,-1.477106745077783057e-09,2.073998744446525766e-09,-2.482337680678389780e-09,4.149241700657918530e-09,-5.865819664198357319e-09,1.119982361540150517e-08,-1.441078488224195597e-08,7.248549403066073538e-09,6.498905954360756354e-08,-1.342842818191636312e-07
1.906660991528089877e+00,-4.147800812948196914e-01,1.484362079294569009e-02,8.147430637477328513e-03,-2.122815682522006479e-03,1.879286319202595756e-04,3.501250141099612051e-05,-1.651294646735305266e-05,3.323223753114515344e-06,-3.641100409209133137e-07,-4.484767653599452952e-09,1.127345608878393968e-08,-4.159626768029944799e-09,9.190503358347257290e-10,-1.180287076407715574e-09,5.759484000833481332e-10,-9.889761232173555072e-10,7.024920783971211335e-10,-9.739810694076034281e-10,9.168881209831170054e-10,-1.106488391362792090e-09,1.301869552265688679e-09,-1.488772473790672679e-09,2.093945312281464410e-09,-2.503567184944030521e-09,4.188880230095864965e-09,-5.918293000204549736e-09,1.131272261414503766e-08,-1.457074582170148069e-08,7.393279224943150041e-09,6.564336749517729608e-08,-1.358293464023829777e-07
1.909143592370419640e+00,-4.156369671642982100e-01,1.479132291469190119e-02,8.229233578865832732e-03,-2.142097739373982103e-03,1.881158310399382375e-04,3.619704911345198589e-05,-1.691859364981928779e-05,3.395936183112156087e-06,-3.690183250819670246e-07,-5.889410376914983036e-09,1.187014157192495256e-08,-4.287390270932278646e-09,9.391220821830525978e-10,-1.183649213365445263e-09,5.795110502582190293e-10,-9.921368171461608654e-10,7.079692249112312652e-10,-9.788455948567253984e-10,9.249046320491949302e-10,-1.113782280813546688e-09,1.313932788959970566e-09,-1.500350635830899337e-09,2.113787229453267802e-09,-2.524640896296379000e-09,4.228298580190303912e-09,-5.970389509602630485e-09,1.142509091674182020e-08,-1.473024574451947677e-08,7.538997131434355126e-09,6.629452517503686693e-08,-1.373717706878996303e-07
1.911634268250866242e+00,-4.164954999006061920e-01,1.473783353878385313e-02,8.311841120114148163e-03,-2.161521360681993836e-03,1.882610697904402511e-04,3.741354340465810613e-05,-1.733357033007441872e-05,3.469981377969208469e-06,-3.738520246926793633e-07,-7.390566761876493640e-09,1.249611650440407562e-08,-4.420729627849229182e-09,9.598478088734818670e-10,-1.186995904345344854e-09,5.830193550160345239e-10,-9.952480090058557494e-10,7.134004220699097232e-10,-9.836589875966694763e-10,9.328684248688379199e-10,-1.121012495504392081e-09,1.325925981857101199e-09,-1.511837329371684691e-09,2.133518488614538633e-09,-2.545551972769205529e-09,4.267484806069060665e-09,-6.022092568103848409e-09,1.153689565625351521e-08,-1.488924085499970795e-08,7.685676848417921647e-09,6.694234287382694326e-08,-1.389111514080165755e-07
1.914133065934080724e+00,-4.173556855559795165e-01,1.468313810525973331e-02,8.395261407332040710e-03,-2.181086813269758444e-03,1.883628682884511997e-04,3.866276760790179207e-05,-1.775807205623737561e-05,3.545371145493442233e-06,-3.786003991545355829e-07,-8.993370667099986893e-09,1.315271886802998891e-08,-4.559872387663310711e-09,9.812467140907221719e-10,-1.190323971334006359e-09,5.864702612434768980e-10,-9.983077559061470652e-10,7.187834494271072572e-10,-9.884192908593547600e-10,9.407767620484008830e-10,-1.128176449829987327e-09,1.337845291146666504e-09,-1.523228614856014795e-09,2.153132910246574605e-09,-2.566293434919444949e-09,4.306426688773651312e-09,-6.073385200571629339e-09,1.164810325493884080e-08,-1.504768638947023840e-08,7.833291038386591687e-09,6.758662709355212073e-08,-1.404470755528297587e-07
1.916640032691670825e+00,-4.182175302220952906e-01,1.462722185995471436e-02,8.479502678458062173e-03,-2.200794339815409159e-03,1.884197062567327836e-04,3.994552319235532278e-05,-1.819229768888069865e-05,3.622116648104804076e-06,-3.832520474476505679e-07,-1.070320068598945573e-08,1.384134359384836532e-08,-4.705053995718300186e-09,1.003337935304160489e-09,-1.193629882434432687e-09,5.898608546051065105e-10,-1.001314309245771028e-09,7.241162947035917341e-10,-9.931244576710795968e-10,9.486268090497240735e-10,-1.135271436754348162e-09,1.349686850130038529e-09,-1.534520541884853984e-09,2.172624222022967455e-09,-2.586858161490387942e-09,4.345111807250306990e-09,-6.124250140002174270e-09,1.175867941904940039e-08,-1.520553659026258053e-08,7.981811295243446125e-09,6.822718038451691669e-08,-1.419791200926723285e-07
1.919155216310111101e+00,-4.190810400305210459e-01,1.457006985120119780e-02,8.564573264522711699e-03,-2.220644157929312339e-03,1.884300219827149750e-04,4.126263016932234934e-05,-1.863644941796664331e-05,3.700228345637681521e-06,-3.877948746523404711e-07,-1.252569106768852691e-08,1.456344466896353218e-08,-4.856517941270732663e-09,1.026140559676202990e-09,-1.196909744927143748e-09,5.931878599430007171e-10,-1.004265531845405235e-09,7.293966403087992489e-10,-9.977725798360204124e-10,9.564158354180563038e-10,-1.142294720618552972e-09,1.361446554451473112e-09,-1.545709010005585915e-09,2.191986041896049064e-09,-2.607238899603181448e-09,4.383527447710672265e-09,-6.174669825356055020e-09,1.186858921342279216e-08,-1.536274465280262902e-08,8.131208106137988167e-09,6.886380130369240682e-08,-1.435068520544424686e-07
1.921678665098816463e+00,-4.199462211531704847e-01,1.451166692645842679e-02,8.650481590933593520e-03,-2.240636459204345832e-03,1.883922112501583250e-04,4.261492749665224400e-05,-1.909073277744791422e-05,3.779715934800354643e-06,-3.922160567663285358e-07,-1.446674296372643664e-08,1.532053726244209102e-08,-5.014515915349737618e-09,1.049673631001168950e-09,-1.200159187308980080e-09,5.964478355657831798e-10,-1.007159550203695630e-09,7.346223074300439748e-10,-1.002361610380475554e-09,9.641409337568518367e-10,-1.149243538875466264e-09,1.373120380419867725e-09,-1.556789845473527389e-09,2.211211840800336725e-09,-2.627428320484820334e-09,4.421660678658595467e-09,-6.224626362093255150e-09,1.197779698298637174e-08,-1.551926284877602757e-08,8.281450884425889392e-09,6.949628456737189097e-08,-1.450298283689477330e-07
1.924210427898382925e+00,-4.208130798027678310e-01,1.445199772886850836e-02,8.737236178784191232e-03,-2.260771408236700048e-03,1.883046262422093803e-04,4.400327349124866921e-05,-1.955535665690202179e-05,3.860588285021018806e-06,-3.965020042477965245e-07,-1.653253597216908233e-08,1.611420020336540304e-08,-5.179308011984962157e-09,1.073955913782898008e-09,-1.203373414804254082e-09,5.996372842709263296e-10,-1.009994282652471043e-09,7.397909507211863911e-10,-1.006889432941804330e-09,9.717991307500728482e-10,-1.156115102957100405e-09,1.384704169035688714e-09,-1.567758822068610058e-09,2.230294902320212325e-09,-2.647418897386982772e-09,4.459498317930382649e-09,-6.274101546459298628e-09,1.208626637660970005e-08,-1.567504244633088906e-08,8.432507875993922042e-09,7.012442086729020474e-08,-1.465475956696771220e-07
1.926750554089004641e+00,-4.216816222333189534e-01,1.439104669373652765e-02,8.824845646185085907e-03,-2.281049141616028637e-03,1.881655744160413285e-04,4.542854624902011029e-05,-2.003053331070666840e-05,3.942853371071558533e-06,-4.006383234420735073e-07,-1.872954059900511226e-08,1.694607826199096001e-08,-5.351162842698320432e-09,1.099005889765303223e-09,-1.206547105281341459e-09,6.027524313001464407e-10,-1.012767633645772491e-09,7.449002664694504006e-10,-1.011353903401790433e-09,9.793874843067040814e-10,-1.162906556641252198e-09,1.396193664154887770e-09,-1.578611639845017844e-09,2.249228457130991732e-09,-2.667202981913863180e-09,4.497026933995840192e-09,-6.323076908853336731e-09,1.219396035404343714e-08,-1.583003359211659911e-08,8.584346188750258122e-09,7.074799685674593164e-08,-1.480596902997399766e-07
1.929299093599067483e+00,-4.225518547405903713e-01,1.432879804493401854e-02,8.913318709619637292e-03,-2.301469766884692899e-03,1.879733173479874314e-04,4.689164407322386763e-05,-2.051647836415421491e-05,4.026518201776484174e-06,-4.046097763594699859e-07,-2.106453088693283071e-08,1.781788453412980200e-08,-5.530357616301273538e-09,1.124841610480875609e-09,-1.209674353741529984e-09,6.057893631172817095e-10,-1.015477493759853189e-09,7.499478260619696357e-10,-1.015752912336687075e-09,9.869028962106174419e-10,-1.169614941357033366e-09,1.407584524631966261e-09,-1.589343958524613853e-09,2.268005621849922271e-09,-2.686772841101886522e-09,4.534232833381529604e-09,-6.371533616249952514e-09,1.230084109744844501e-08,-1.598418548822561069e-08,8.736931714561912976e-09,7.136679519917366044e-08,-1.495656381383936306e-07
1.931856096913921128e+00,-4.234237836625961982e-01,1.426523579122254345e-02,9.002664185324034396e-03,-2.322033361465027437e-03,1.877260695481034261e-04,4.839348591121131471e-05,-2.101341081625499388e-05,4.111588744768000098e-06,-4.084002388285434826e-07,-2.354459767515276747e-08,1.873140299205738879e-08,-5.717178317571347534e-09,1.151480671229831998e-09,-1.212748679257913409e-09,6.087439441415654073e-10,-1.018121573159724846e-09,7.549311870080899212e-10,-1.020084239300445006e-09,9.943423168179421623e-10,-1.176237328891216460e-09,1.418872378963764724e-09,-1.599951326373277860e-09,2.286619351764968000e-09,-2.706120625544164437e-09,4.571102099268364860e-09,-6.419452478704373855e-09,1.240687014280109080e-08,-1.613744631239616423e-08,8.890229226399259943e-09,7.198059452651062173e-08,-1.510649545732878352e-07
1.934421615084843449e+00,-4.242974153800930237e-01,1.420034372249592836e-02,9.092890990692305275e-03,-2.342739971553270059e-03,1.874219972432481646e-04,4.993501179926824324e-05,-2.152155303908808923e-05,4.198069847223453305e-06,-4.119926565113174455e-07,-2.617716231799460669e-08,1.968849106231268520e-08,-5.911919714191027353e-09,1.178939975157722309e-09,-1.215762997219815844e-09,6.116117612364746492e-10,-1.020697526499247942e-09,7.598479206949448894e-10,-1.024345712419272303e-09,1.001702613218080629e-09,-1.182770732049975848e-09,1.430052706460904766e-09,-1.610429196680779329e-09,2.305062443870575795e-09,-2.725238311277258796e-09,4.607620579782228942e-09,-6.466814088564032392e-09,1.251200830226437133e-08,-1.628976315729696589e-08,9.044202206598406235e-09,7.258916945307447577e-08,-1.525571444588313952e-07
1.936995699738190746e+00,-4.251727563170836777e-01,1.413410540593881479e-02,9.184008145706834200e-03,-2.363589610979113364e-03,1.870592171284040685e-04,5.151718331599698664e-05,-2.204113077345932342e-05,4.285965152074286411e-06,-4.153689989088230061e-07,-2.896999104582548279e-08,2.069108222691601329e-08,-6.114885525015933965e-09,1.207235641315085317e-09,-1.218709376471505124e-09,6.143882902431840876e-10,-1.023203147210161035e-09,7.646954042206388635e-10,-1.028535090430438004e-09,1.008980569233708380e-09,-1.189212113332505094e-09,1.441120976025667133e-09,-1.620773008859099917e-09,2.323327597582997006e-09,-2.744117733391449043e-09,4.643773847227972151e-09,-6.513598714650431498e-09,1.261621565161116787e-08,-1.644108204527233719e-08,9.198812874616768553e-09,7.319229048882713862e-08,-1.540417017970030500e-07
1.939578403084750269e+00,-4.260498129413282653e-01,1.406650418209857978e-02,9.276024774395021100e-03,-2.384582260030060959e-03,1.866357950847151795e-04,5.314098404407725795e-05,-2.257237312068300500e-05,4.375277009927187877e-06,-4.185102112875746516e-07,-3.193120984160482956e-08,2.174118871652724883e-08,-6.326388305583074967e-09,1.236382848532335821e-09,-1.221579226662328210e-09,6.170686184248097561e-10,-1.025635867901719678e-09,7.694710840722152057e-10,-1.032650048804484300e-09,1.016172902768008868e-09,-1.195558364114335248e-09,1.452072555079009231e-09,-1.630978082624301440e-09,2.341407397393052703e-09,-2.762750664310129056e-09,4.679547192017879942e-09,-6.559786282743507169e-09,1.271945159744478082e-08,-1.659134803242562350e-08,9.354022211319201752e-09,7.378972413651929685e-08,-1.555181099802127598e-07
1.942169777929291241e+00,-4.269285917648637518e-01,1.399752316086956550e-02,9.368950106312778914e-03,-2.405717864239562218e-03,1.861497448636144011e-04,5.480742004103280468e-05,-2.311551253016954841e-05,4.466006386097658848e-06,-4.213961645313166193e-07,-3.506931982744793119e-08,2.284090421054291165e-08,-6.546749704849919027e-09,1.266395674090481371e-09,-1.224363076202106271e-09,6.196476109998627635e-10,-1.027993315472208735e-09,7.741724206145050857e-10,-1.036688297706422901e-09,1.023276290090802121e-09,-1.201806318525122652e-09,1.462902700019586000e-09,-1.641039726416743116e-09,2.359294301590431076e-09,-2.781128702767504679e-09,4.714925679050185892e-09,-6.605356398566714082e-09,1.282167475316620120e-08,-1.674050505249408127e-08,9.509789920814082365e-09,7.438123280148478678e-08,-1.569858414859903739e-07
1.944769877680324388e+00,-4.278090993445339829e-01,1.392714521738584038e-02,9.462793478055057939e-03,-2.426996333136928908e-03,1.855990267360285891e-04,5.651752031841233981e-05,-2.367078478225344632e-05,4.558152762533084629e-06,-4.240056025997182565e-07,-3.839321331688960726e-08,2.399240673495173226e-08,-6.776300354172093421e-09,1.297286913309880774e-09,-1.227050482055513925e-09,6.221199111422492933e-10,-1.030272908653095953e-09,7.787967354344615956e-10,-1.040647457095644768e-09,1.030287334613522177e-09,-1.207952809827161911e-09,1.473606624745327220e-09,-1.650953136787119968e-09,2.376980581548365778e-09,-2.799243309370424981e-09,4.749894158117412557e-09,-6.650288372506835133e-09,1.292284305997107308e-08,-1.688849598276837005e-08,9.666074364533816521e-09,7.496657483674340483e-08,-1.584443579810690395e-07
1.947378756360075736e+00,-4.286913422825274766e-01,1.385535298782123587e-02,9.557564334795111069e-03,-2.448417538958881472e-03,1.849815461053231497e-04,5.827233732989649251e-05,-2.423842896637565247e-05,4.651714034693832378e-06,-4.263160876824892420e-07,-4.191219051940392459e-08,2.519796145957625688e-08,-7.015379879446448363e-09,1.329067876587597397e-09,-1.229630001986503629e-09,6.244797456922412948e-10,-1.032471941275758809e-09,7.833411974633719410e-10,-1.044525202442692091e-09,1.037202677911519544e-09,-1.213994636588278109e-09,1.484179437336030638e-09,-1.660713407503761063e-09,2.394458444021640986e-09,-2.817085886178821719e-09,4.784437208395220242e-09,-6.694561225685513595e-09,1.302291376516565014e-08,-1.703526267098076641e-08,9.822832573377904275e-09,7.554550459851205879e-08,-1.598931101340350658e-07
1.949996468614676459e+00,-4.295753272269243750e-01,1.378212886509267918e-02,9.653272231852045443e-03,-2.469981315320527934e-03,1.842951520833590456e-04,6.007294746823536868e-05,-2.481868745408651392e-05,4.746686402962597279e-06,-4.283039428303395124e-07,-4.563597693664489530e-08,2.645992372343058952e-08,-7.264336656515046897e-09,1.361748061534662213e-09,-1.232089145986048351e-09,6.267210361787789452e-10,-1.034587790438301624e-09,7.878031560437648295e-10,-1.048319077379122888e-09,1.044018857476736173e-09,-1.219928513242207746e-09,1.494616158267958461e-09,-1.670315616288803318e-09,2.411719976502801899e-09,-2.834647656576108621e-09,4.818539131503513095e-09,-6.738153676081465315e-09,1.312184336188515488e-08,-1.718074589887597092e-08,9.980020249447663083e-09,7.611777232824357142e-08,-1.613315376292057124e-07
1.952623069724580773e+00,-4.304610608722525544e-01,1.370745499446541019e-02,9.749926836287142740e-03,-2.491687455844994806e-03,1.835376360289362255e-04,6.192045157130988964e-05,-2.541180586678034800e-05,4.843064258166097230e-06,-4.299441917878302211e-07,-4.957474134328898607e-08,2.778074178772654834e-08,-7.523527845859634411e-09,1.395335022871813102e-09,-1.234414272188733008e-09,6.288373988194706499e-10,-1.036617514049709143e-09,7.921797662291396591e-10,-1.052026694925434214e-09,1.050732240798213368e-09,-1.225751059680257882e-09,1.504911750771498191e-09,-1.679754780149061988e-09,2.428757081736343526e-09,-2.851919728369747831e-09,4.852184046482549418e-09,-6.781044125953733515e-09,1.321958763029346118e-08,-1.732488537006804385e-08,1.013759175390316347e-08,7.668312421854617256e-08,-1.627590691596902950e-07
1.955258615615212303e+00,-4.313485499600540618e-01,1.363131326905700144e-02,9.847537928530950002e-03,-2.513535712750815301e-03,1.827067300465825758e-04,6.381597543742012490e-05,-2.601803303726004171e-05,4.940840061007888140e-06,-4.312104966265953299e-07,-5.373911416035881405e-08,2.916296004684681975e-08,-7.793319444643342919e-09,1.429834200691870727e-09,-1.236590406461512970e-09,6.308220612538661953e-10,-1.038558281041268572e-09,7.964681969507836357e-10,-1.055645570957608470e-09,1.057339292509507089e-09,-1.231458952172248544e-09,1.515061137311035644e-09,-1.689025828921497663e-09,2.445561551878139284e-09,-2.868893099862782070e-09,4.885355800021001782e-09,-6.823210733399032168e-09,1.331610163367996646e-08,-1.746761970049942603e-08,1.029549996471590401e-08,7.724130252767524851e-08,-1.641751223996346098e-07
1.957903162867849822e+00,-4.322378012794613200e-01,1.355368532523612210e-02,9.946115404041323133e-03,-2.535525795394180919e-03,1.818001054449389954e-04,6.576067034944586831e-05,-2.663762096510782079e-05,5.040004215330767812e-06,-4.320750923098373719e-07,-5.814020707971614965e-08,3.060922207972355258e-08,-8.074085780171436078e-09,1.465248282081499376e-09,-1.238601068931366456e-09,6.326677792767299024e-10,-1.040407149321964653e-09,8.006654506065302712e-10,-1.059173145023795115e-09,1.063836393977446448e-09,-1.237048829691445029e-09,1.525059113716142889e-09,-1.698123573614512827e-09,2.462125059388142745e-09,-2.885558660070675074e-09,4.918037964287552688e-09,-6.864631310436741796e-09,1.341133976269504036e-08,-1.760888644532915270e-08,1.045369634258830338e-08,7.779204547891938049e-08,-1.655791038099319046e-07
1.960556768730756350e+00,-4.331288216677827707e-01,1.347455253791485924e-02,1.004566927499238316e-02,-2.557657368765947105e-03,1.808153711540796613e-04,6.775571360836951662e-05,-2.727082476585698453e-05,5.140544934847945946e-06,-4.325087181655459800e-07,-6.278963320550251526e-08,3.212227366999192979e-08,-8.366209322541173776e-09,1.501577140405885302e-09,-1.240428482152111656e-09,6.343670588826455514e-10,-1.042161038022904052e-09,8.047686961276667716e-10,-1.062606926061082646e-09,1.070219825954898951e-09,-1.242517216719363216e-09,1.534900393417026887e-09,-1.707042845619510807e-09,2.478439198663751064e-09,-2.901907150557395121e-09,4.950213873793768427e-09,-6.905283396734657186e-09,1.350525572841113076e-08,-1.774862213969885527e-08,1.061213093095370041e-08,7.833508738550043482e-08,-1.669704088880230586e-07
1.963219491130557603e+00,-4.340216180110987865e-01,1.339389601573059280e-02,1.014620967199569498e-02,-2.579930051941399342e-03,1.797500721001936592e-04,6.980230907609793339e-05,-2.791790261288300615e-05,5.242448102717612440e-06,-4.324805465390560433e-07,-6.769952770515480500e-08,3.370496603257583379e-08,-8.670080497291676735e-09,1.538817464077912867e-09,-1.242053099259621263e-09,6.359117399323821473e-10,-1.043816685863951932e-09,8.087748248897241865e-10,-1.065944346678726617e-09,1.076485851847497344e-09,-1.247860627329178129e-09,1.544579621322317298e-09,-1.715778368341358551e-09,2.494495367211246872e-09,-2.917929187119458478e-09,4.981866676568441621e-09,-6.945144247899603940e-09,1.359780249900535698e-08,-1.788676227357927084e-08,1.077075235077218363e-08,7.887015858812351787e-08,-1.683484220638131745e-07
1.965891388683879359e+00,-4.349161972448683522e-01,1.331169659611454795e-02,1.024774684585460713e-02,-2.602343416481267026e-03,1.786016875359895326e-04,7.190168772776891343e-05,-2.857911567173557557e-05,5.345697123766614961e-06,-4.319581081669784939e-07,-7.288256938372747462e-08,3.536025886940324936e-08,-8.986097350602295641e-09,1.576962303795337306e-09,-1.243453659482973706e-09,6.372932737086500765e-10,-1.045370859320549073e-09,8.126808670461116435e-10,-1.069182818669300872e-09,1.082630679549723141e-09,-1.253075514878743135e-09,1.554091374686428217e-09,-1.724324804903282216e-09,2.510284878402824216e-09,-2.933615369940870132e-09,5.012979274743312175e-09,-6.984190846753141058e-09,1.368893234529600100e-08,-1.802324123886117624e-08,1.092950773461109915e-08,7.939698555559093762e-08,-1.697125166233437454e-07
1.968572520709251261e+00,-4.358125663545471262e-01,1.322793484024327101e-02,1.035029116935303264e-02,-2.624896984782426872e-03,1.773676293260551332e-04,7.405510821350234918e-05,-2.925472802689683960e-05,5.450272769387965593e-06,-4.309072143124023646e-07,-7.835200314335738492e-08,3.709122361767597242e-08,-9.314664983772757978e-09,1.616000701309960874e-09,-1.244606889772015279e-09,6.385025563826474126e-10,-1.046820158334682560e-09,8.164836723389967688e-10,-1.072319774642060963e-09,1.088650468383800529e-09,-1.258158297164080341e-09,1.563430159640111228e-09,-1.732676797611826247e-09,2.525798970150205935e-09,-2.948956103615563151e-09,5.043534305037428167e-09,-7.022399919811433966e-09,1.377859686502863612e-08,-1.815799233542692015e-08,1.108834267807279339e-08,7.991529091949667318e-08,-1.710620549030816839e-07
1.971262947239279084e+00,-4.367107323762151050e-01,1.314259102787035741e-02,1.045385313907779001e-02,-2.647590228376230700e-03,1.760452401858812743e-04,7.626385742937752399e-05,-2.994500659982048812e-05,5.556153014375352778e-06,-4.292918755251923235e-07,-8.412166315179686604e-08,3.890104660619897459e-08,-9.656195005050549618e-09,1.655917212378676950e-09,-1.245487560308511377e-09,6.395299012584843013e-10,-1.048161071826037016e-09,8.201802015328496509e-10,-1.075352550061747792e-09,1.094541308283014658e-09,-1.263105389379126642e-09,1.572590425935604941e-09,-1.740828858669274393e-09,2.541028666994127327e-09,-2.963941681498327707e-09,5.073514233299575293e-09,-7.059747934683169301e-09,1.386674698330980782e-08,-1.829094790212204558e-08,1.124720127622380605e-08,8.042479355749310166e-08,-1.723963881997137015e-07
1.973962729033102548e+00,-4.376107023972172216e-01,1.305564515203434112e-02,1.055844337727760915e-02,-2.670422566173078459e-03,1.746317918723738413e-04,7.852925109814220400e-05,-3.065022105807994890e-05,5.663312865078398012e-06,-4.270742167992655491e-07,-9.020599663804931834e-08,4.079303230104802669e-08,-1.001110519482928396e-08,1.696691318692211681e-09,-1.246068040416936640e-09,6.403650942843341909e-10,-1.049390088714297065e-09,8.237672211031110692e-10,-1.078278438759738833e-09,1.100299240608393347e-09,-1.267913211054627620e-09,1.581566540925782860e-09,-1.748775455175100024e-09,2.555964923219022911e-09,-2.978562372874665742e-09,5.102901254327996128e-09,-7.096211040221594990e-09,1.395333298209733286e-08,-1.842203920660034910e-08,1.140602610971708231e-08,8.092520854818818776e-08,-1.737148568672908233e-07
1.976671927589136679e+00,-4.385124835568131596e-01,1.296707691363929715e-02,1.066407263375742515e-02,-2.693393362651226412e-03,1.731244833258456864e-04,8.085263435925367503e-05,-3.137064371527007248e-05,5.771724179307134023e-06,-4.242143889082727881e-07,-9.662008892442897068e-08,4.277060657378872754e-08,-1.037981857236747185e-08,1.738296947356721134e-09,-1.246318395708989613e-09,6.409973107857069863e-10,-1.050503364852239940e-09,8.272414420140705715e-10,-1.081094769261881083e-09,1.105920324068199179e-09,-1.272578017789960381e-09,1.590352754002322122e-09,-1.756511061167670418e-09,2.570598634996090759e-09,-2.992808247536879462e-09,5.131677336105838760e-09,-7.131765220914909609e-09,1.403830454617047141e-08,-1.855119652945796949e-08,1.156475815111690508e-08,8.141624739319008874e-08,-1.750167903449839635e-07
1.979390605158113159e+00,-4.394160830468413770e-01,1.287686571590492338e-02,1.077075178781039880e-02,-2.716501925988546763e-03,1.715204387608823197e-04,8.323538236903148257e-05,-3.210654942108074131e-05,5.881355476527235643e-06,-4.206704756889653729e-07,-1.033796890332477902e-07,4.483731959759734709e-08,-1.076276260822406350e-08,1.780702000783729311e-09,-1.246206055016685355e-09,6.414148101541172764e-10,-1.051496903436976993e-09,8.305995891078055138e-10,-1.083798904788491058e-09,1.111400544512308741e-09,-1.277096111154674141e-09,1.598943276392983392e-09,-1.764030050938752980e-09,2.584920513748478754e-09,-3.006669333643907649e-09,5.159824281383840194e-09,-7.166386204945918159e-09,1.412161062131628286e-08,-1.867834911826321553e-08,1.172333686204340975e-08,8.189761796853489706e-08,-1.763015073374951669e-07
1.982118824756423869e+00,-4.403215081123942887e-01,1.278499065868149084e-02,1.087849185018878451e-02,-2.739747506134145721e-03,1.698167057046931841e-04,8.567890090981945816e-05,-3.285821544034847955e-05,5.992171738761035982e-06,-4.163983977007248982e-07,-1.105012361708387902e-07,4.699684907731593864e-08,-1.116036845230650165e-08,1.823867569125670052e-09,-1.245695532836599284e-09,6.416054354474454158e-10,-1.052366777054558611e-09,8.338384704931200986e-10,-1.086388069782007193e-09,1.116735776768296162e-09,-1.281463772768998144e-09,1.607332306315101267e-09,-1.771326736330069984e-09,2.598921169418011434e-09,-3.020135570233270506e-09,5.187323680842792495e-09,-7.200049442941669486e-09,1.420319955267382306e-08,-1.880342520663852435e-08,1.188170011684475114e-08,8.236902462877004893e-08,-1.775683157942409274e-07
1.984856650179781745e+00,-4.412287660525047728e-01,1.269143053262589832e-02,1.098730396511293436e-02,-2.763129292818505573e-03,1.680102529816817312e-04,8.818462700898796469e-05,-3.362592132084406965e-05,6.104134201393753012e-06,-4.113518117443079603e-07,-1.180018872129484642e-07,4.925300350379357983e-08,-1.157306988262829517e-08,1.867747177405898462e-09,-1.244748373818715947e-09,6.415560305228495963e-10,-1.053108905635369297e-09,8.369546583564257958e-10,-1.088859495623761831e-09,1.121921885255394713e-09,-1.285677213129499119e-09,1.615513911014387904e-09,-1.778395410968747203e-09,2.612591147761744725e-09,-3.033196794644324457e-09,5.214156915695628003e-09,-7.232730190806502257e-09,1.428301910598450686e-08,-1.892635206630216560e-08,1.203978415229012278e-08,8.283016837348777806e-08,-1.788165131730301560e-07
1.987604146017201145e+00,-4.421378642208464438e-01,1.259616381323435189e-02,1.109719941232105954e-02,-2.786646413500128497e-03,1.660979686427255242e-04,9.075402956735482279e-05,-3.440994874972071529e-05,6.217200133445607846e-06,-4.054820054765276294e-07,-1.258995450913180658e-07,5.160972503612942797e-08,-1.200130201467475288e-08,1.912286183569644749e-09,-1.243322687860537457e-09,6.412527175925220035e-10,-1.053718889920673973e-09,8.399446554951950361e-10,-1.091210455328450735e-09,1.126954758678966328e-09,-1.289732640998020319e-09,1.623482105694851185e-09,-1.785230314271801788e-09,2.625920873106091236e-09,-3.045842772659082542e-09,5.240305148146440217e-09,-7.264403507119959746e-09,1.436101648146989596e-08,-1.904705604176271105e-08,1.219752361614201419e-08,8.328074684038622166e-08,-1.800453863359807727e-07
1.990361377665315068e+00,-4.430488100264470819e-01,1.249916865472874145e-02,1.120818960915983750e-02,-2.810297931246271731e-03,1.640766578372178375e-04,9.338860999749242636e-05,-3.521058139686200628e-05,6.331322606602501207e-06,-3.987377878269041109e-07,-1.342128881096429915e-07,5.407109232840462409e-08,-1.244550012352574342e-08,1.957420839998613715e-09,-1.241373177862659105e-09,6.406807029346595073e-10,-1.054192261262798525e-09,8.428051589959295598e-10,-1.093438180277406246e-09,1.131830192069305241e-09,-1.293626242584999808e-09,1.631230921173010273e-09,-1.791825647058653548e-09,2.638900650081543731e-09,-3.058063156652010561e-09,5.265749412897147153e-09,-7.295044312117388019e-09,1.443713827089729285e-08,-1.916546247659328683e-08,1.235485157929927524e-08,8.372045443363895778e-08,-1.812542120005478097e-07
1.993128411343030315e+00,-4.439616109344143302e-01,1.240042288379089239e-02,1.132028611271751820e-02,-2.834082842545421806e-03,1.619430406258511035e-04,9.608990287137634395e-05,-3.602810474504771973e-05,6.446450252701671491e-06,-3.910653748580641964e-07,-1.429613999460489782e-07,5.664132348218164914e-08,-1.290609815893239976e-08,2.003077511150697099e-09,-1.238850536044999728e-09,6.398241658711611990e-10,-1.054524481625129795e-09,8.455325606337993349e-10,-1.095539846340809476e-09,1.136543949231683115e-09,-1.297354188488364368e-09,1.638754209588866306e-09,-1.798175528183038052e-09,2.651520718266464627e-09,-3.069847577096690427e-09,5.290470533447083623e-09,-7.324627234600589176e-09,1.451133046798808168e-08,-1.928149580623927939e-08,1.251169940048868501e-08,8.414898251471458757e-08,-1.824422566146233216e-07
1.995905314106539485e+00,-4.448762744666757696e-01,1.229990399313948130e-02,1.143350062200033240e-02,-2.858000075049267012e-03,1.596937497332089236e-04,9.885947657737280403e-05,-3.686280590609698413e-05,6.562527009536158612e-06,-3.824082704670730970e-07,-1.521654010667658485e-07,5.932477873792779688e-08,-1.338352706090062405e-08,2.049171603235588890e-09,-1.235701443946801703e-09,6.386664530566577014e-10,-1.054710568881844779e-09,8.481233909618524081e-10,-1.097512650205523244e-09,1.141091797440818567e-09,-1.300912601601145191e-09,1.646045839562293445e-09,-1.804274074763967395e-09,2.663771249585000778e-09,-3.081185588572551981e-09,5.314449161124279453e-09,-7.353126774568147228e-09,1.458353864058903326e-08,-1.939507959184544328e-08,1.266799680432750819e-08,8.456601941278507617e-08,-1.836087767867478071e-07
1.998692153864694898e+00,-4.457928082027328709e-01,1.219758913494700323e-02,1.154784498015324484e-02,-2.882048485241712598e-03,1.573253282375576198e-04,1.016989339870594602e-04,-3.771497342221555304e-05,6.679491853347433589e-06,-3.727071420074959396e-07,-1.618460807317756434e-07,6.212596294179195677e-08,-1.387821297813007781e-08,2.095606596239085739e-09,-1.231867961803967404e-09,6.371895233669988556e-10,-1.054745610296059510e-09,8.505740556330465552e-10,-1.099353788558410372e-09,1.145469389479680800e-09,-1.304297621296246490e-09,1.653099645886058067e-09,-1.810115421701369298e-09,2.675642283254953124e-09,-3.092066651550276490e-09,5.337665808912567256e-09,-7.380517307552236783e-09,1.465370775459787223e-08,-1.950613647168364384e-08,1.282367192642630549e-08,8.497125065023980461e-08,-1.847530192861102094e-07
2.001488999394753776e+00,-4.467112197804284923e-01,1.209345511409017082e-02,1.166333117672578232e-02,-2.906226856032327090e-03,1.548342271963133732e-04,1.046099131309791153e-04,-3.858489705132594344e-05,6.797278518444211520e-06,-3.618996907966270937e-07,-1.720255300282844124e-07,6.504952799069735336e-08,-1.439057522797937416e-08,2.142272810534695537e-09,-1.227287424465650645e-09,6.353745030107660341e-10,-1.054624429452921675e-09,8.528809741781273601e-10,-1.101060444208545874e-09,1.149672395478473774e-09,-1.307505282863163920e-09,1.659909384423008394e-09,-1.815693573790910786e-09,2.687123812523950495e-09,-3.102480188553469187e-09,5.360100816323432049e-09,-7.406773028240110079e-09,1.472178234743562464e-08,-1.961458828431822399e-08,1.297865116073326774e-08,8.536435906411621310e-08,-1.858742214935760195e-07
2.004295920358514671e+00,-4.476315168967298086e-01,1.198747838122919684e-02,1.177997134998538635e-02,-2.930533894271369552e-03,1.522168032047814881e-04,1.075940878837800332e-04,-3.947286753582836261e-05,6.915815202848066973e-06,-3.499205170620633965e-07,-1.827267761041889704e-07,6.810027500508269993e-08,-1.492102392509908615e-08,2.189046260231419794e-09,-1.221891962610577309e-09,6.332011859289110589e-10,-1.054341655648549647e-09,8.550405244944769834e-10,-1.102629806903898668e-09,1.153696471689613645e-09,-1.310531683174076534e-09,1.666468747718585774e-09,-1.821002567053281451e-09,2.698205745638171393e-09,-3.112415586543904045e-09,5.381734410111332911e-09,-7.431868039812355997e-09,1.478770650115840413e-08,-1.972035602784000252e-08,1.313285928096485922e-08,8.574502497263325473e-08,-1.869716115057706851e-07
2.007112987318845576e+00,-4.485537073085260618e-01,1.187963502571002389e-02,1.189777778927839785e-02,-2.954968228184004769e-03,1.494693158867041113e-04,1.106531686585147251e-04,-4.037917635389080134e-05,7.035024259398163504e-06,-3.367009790890967968e-07,-1.939738170468607859e-07,7.128315606015622752e-08,-1.546995765863701244e-08,2.235787376417275318e-09,-1.215608107230092827e-09,6.306480337947562020e-10,-1.053891696134456879e-09,8.570490706016897775e-10,-1.104059045575755960e-09,1.157537257018281807e-09,-1.313372920835886859e-09,1.672771410970996797e-09,-1.826036432738681325e-09,2.708877943138898736e-09,-3.121862217955045926e-09,5.402546717717809921e-09,-7.455776299299110565e-09,1.485142381340079365e-08,-1.982335994226563924e-08,1.328621938162521943e-08,8.611292627233591013e-08,-1.880444084750854117e-07
2.009940271756624597e+00,-4.494777988334410779e-01,1.176990076828514017e-02,1.201676293744002172e-02,-2.979528404720619816e-03,1.465879253140104158e-04,1.137889031099887857e-04,-4.130411545201061879e-05,7.154821871432556768e-06,-3.221690465663243352e-07,-2.057916579892467290e-07,7.460327599607963212e-08,-1.603776060392358982e-08,2.282339447642889319e-09,-1.208356331661164518e-09,6.276920649916917228e-10,-1.053268819384278743e-09,8.589027961081185936e-10,-1.105345336094298858e-09,1.161190383430765749e-09,-1.316025077108262664e-09,1.678811008612446365e-09,-1.830789126203158368e-09,2.719130167555539046e-09,-3.130809391686112386e-09,5.422517694846779035e-09,-7.478471693474209037e-09,1.491287756824610788e-08,-1.992351949652720888e-08,1.343865287627143967e-08,8.646773869830370884e-08,-1.890918228664162370e-07
2.012777846088102507e+00,-4.504037993506627147e-01,1.165825095364613276e-02,1.213693939325514309e-02,-3.004212886820056220e-03,1.435686893537916654e-04,1.170030768468327889e-04,-4.224797695800454334e-05,7.275117712842241180e-06,-3.062491477729897826e-07,-2.182063481865476051e-07,7.806589377972600330e-08,-1.662479949017525716e-08,2.328527230407995141e-09,-1.200050669947216875e-09,6.243088823687514832e-10,-1.052466891415804184e-09,8.605981205445090154e-10,-1.106485868207496281e-09,1.164651357993262693e-09,-1.318484195086955246e-09,1.684581198493906307e-09,-1.835254652242379603e-09,2.728952130243156304e-09,-3.139246344862137161e-09,5.441627226945855433e-09,-7.499928086993762344e-09,1.497201067117426287e-08,-2.002075345352433144e-08,1.359007950098300999e-08,8.680913591435635013e-08,-1.901130568734976656e-07
2.015625783682701844e+00,-4.513317168017874081e-01,1.154466054276263171e-02,1.225831991397108647e-02,-3.029020050583313469e-03,1.404075609400447927e-04,1.202975141523145858e-04,-4.321105287299724373e-05,7.395814591191693377e-06,-2.888620104614728068e-07,-2.312450188843642729e-07,8.167642341887909607e-08,-1.723142037564351359e-08,2.374155117293441641e-09,-1.190598127032149733e-09,6.204724789515836392e-10,-1.051479806002397765e-09,8.621312413970017019e-10,-1.107477824724423243e-09,1.167915736344227184e-09,-1.320746323071886330e-09,1.690075518770428609e-09,-1.839426941926264325e-09,2.738333516535962353e-09,-3.147162380961326944e-09,5.459855120532736139e-09,-7.520119210072812033e-09,1.502876566640901079e-08,-2.011497994124783473e-08,1.374041731089237217e-08,8.713678991897899628e-08,-1.911073047242139999e-07
2.018484158881257429e+00,-4.522615591916815392e-01,1.142910410502076188e-02,1.238091741786331509e-02,-3.053948182353138571e-03,1.371003852681648358e-04,1.236740787134279693e-04,-4.419363474198346325e-05,7.516808073722465455e-06,-2.699244959743565819e-07,-2.449359224228342402e-07,8.544043449566079973e-08,-1.785794455713696216e-08,2.419005435197463250e-09,-1.179898331815643076e-09,6.161552656980262554e-10,-1.050301026706002006e-09,8.634983839073129275e-10,-1.108318409270836469e-09,1.170979167797181475e-09,-1.322807537985914994e-09,1.695287492851915712e-09,-1.843300009591458677e-09,2.747264013502892510e-09,-3.154546764213769783e-09,5.477181077174347879e-09,-7.539018838029210023e-09,1.508308485531281717e-08,-2.020611642675890218e-08,1.388958269406270762e-08,8.745037108001674220e-08,-1.920737530483607181e-07
2.021353047014730286e+00,-4.531933345893595644e-01,1.131155581015613754e-02,1.250474498685561799e-02,-3.078995475697851938e-03,1.336428969097337716e-04,1.271346743582290814e-04,-4.519601330091587571e-05,7.637986094650387608e-06,-2.493494265535731169e-07,-2.593084721014445038e-07,8.936365220035824564e-08,-1.850466486985613557e-08,2.462836578773219820e-09,-1.167842884897130062e-09,6.113277106756243029e-10,-1.048923753410591075e-09,8.646957733171589666e-10,-1.109004832411386587e-09,1.173837142071088024e-09,-1.324663943640114194e-09,1.700210711802485619e-09,-1.846867801053031499e-09,2.755733172904450967e-09,-3.161388744754925484e-09,5.493584801039702592e-09,-7.556600734905105643e-09,1.513491023610522013e-08,-2.029407979685371455e-08,1.403749041138657727e-08,8.774954831161640989e-08,-1.930115813841837280e-07
2.024232524423389190e+00,-4.541270511288804101e-01,1.119198941997377739e-02,1.262981586919714044e-02,-3.104160028294827758e-03,1.300307168441558123e-04,1.306812458015662801e-04,-4.621847809918719005e-05,7.759228543423313251e-06,-2.270454058372894934e-07,-2.743932828916904876e-07,9.345195713453269271e-08,-1.917184114935688299e-08,2.505380783043853476e-09,-1.154314581419679797e-09,6.059584778395077365e-10,-1.047341019466685452e-09,8.657197181349829407e-10,-1.109534346344087652e-09,1.176485225212742236e-09,-1.326311610018449105e-09,1.704838704236211200e-09,-1.850124309830947222e-09,2.763730577726164483e-09,-3.167677605896840332e-09,5.509045918668936670e-09,-7.572838629614497830e-09,1.518418365912058143e-08,-2.037878643786072974e-08,1.418405351505391820e-08,8.803398952525465226e-08,-1.939199625738963206e-07
2.027122668476491807e+00,-4.550627170102619079e-01,1.107037827984707137e-02,1.275614348219692752e-02,-3.129439838709702736e-03,1.262593494056416660e-04,1.343157793977367565e-04,-4.726131709673455153e-05,7.880406833356105867e-06,-2.029166315245176100e-07,-2.902222132911830288e-07,9.771138417130620368e-08,-1.985969521473007759e-08,2.546341868261969843e-09,-1.139187043308620417e-09,6.000141494766353389e-10,-1.045545663935776304e-09,8.665663048246230460e-10,-1.109904182450272003e-09,1.178918955513363898e-09,-1.327746614043778806e-09,1.709164949327546257e-09,-1.853063535516702443e-09,2.771245807484112866e-09,-3.173402665646030130e-09,5.523544060071633455e-09,-7.587706380308284482e-09,1.523084682160391612e-08,-2.046015226513098195e-08,1.432918344916600528e-08,8.830336179627140680e-08,-1.947980632494017428e-07
2.030023557592471217e+00,-4.560003405004112165e-01,1.094669530999032442e-02,1.288374141501741343e-02,-3.154832803068094872e-03,1.223241791424882138e-04,1.380403039007195576e-04,-4.832481623358569206e-05,8.001383449071641785e-06,-1.768627010800133403e-07,-3.068284080767758049e-07,1.021481209470195828e-07,-2.056840548228522358e-08,2.585392802623154296e-09,-1.122324011504360897e-09,5.934592539613703366e-10,-1.043529943012266870e-09,8.672317447500077492e-10,-1.110111648439104926e-09,1.181133909428089268e-09,-1.328965102895263151e-09,1.713182976557925397e-09,-1.855679487676453743e-09,2.778268434755482019e-09,-3.178553271932990643e-09,5.537058841379588481e-09,-7.601177879831833017e-09,1.527484128679285069e-08,-2.053809276293672159e-08,1.447279000636736424e-08,8.855733155122003097e-08,-1.956450443318935584e-07
2.032935271259646015e+00,-4.569399299340767273e-01,1.082091299649712637e-02,1.301262343152829321e-02,-3.180336711616072246e-03,1.182204675860424117e-04,1.418568912316476097e-04,-4.940925897124748278e-05,8.122011471984116882e-06,-1.487784085972901349e-07,-3.242463416366567208e-07,1.067685053372097181e-07,-2.129810110738927786e-08,2.622173334368427255e-09,-1.103578506356228672e-09,5.862559881997242428e-10,-1.041286237790650659e-09,8.677122631528533248e-10,-1.110154107530902934e-09,1.183125677289842415e-09,-1.329963163036740337e-09,1.716886257295546780e-09,-1.857966213606593309e-09,2.784788042525798701e-09,-3.183118831885656252e-09,5.549569878724597283e-09,-7.613227082613194252e-09,1.531610854940343436e-08,-2.061252310676942034e-08,1.461478137121385856e-08,8.879556495297591390e-08,-1.964600616771727815e-07
2.035857890057472197e+00,-4.578814937148183439e-01,1.069300338213628743e-02,1.314280347322449236e-02,-3.205949245164871949e-03,1.139433499252806223e-04,1.457676572527658726e-04,-5.051492580298308846e-05,8.242134082755633862e-06,-1.185535345423274767e-07,-3.425118621962555676e-07,1.115790224963039701e-07,-2.204885588517890849e-08,2.656286898772286520e-09,-1.082791981077413368e-09,5.783641621182056269e-10,-1.038806318742757639e-09,8.680041407860272784e-10,-1.110028888251513024e-09,1.184889780042608365e-09,-1.330737005832138831e-09,1.720268383471890150e-09,-1.859917792262216762e-09,2.790794173881949725e-09,-3.187088804456825186e-09,5.561056853724266613e-09,-7.623828094435042280e-09,1.535459008333503461e-08,-2.068335817808492072e-08,1.475506414966298863e-08,8.901772814706720993e-08,-1.972422665058592983e-07
2.038791495678356824e+00,-4.588250403159981339e-01,1.056293805689709903e-02,1.327429566220765349e-02,-3.231667971415063973e-03,1.094878315853692677e-04,1.497747625470455604e-04,-5.164209373242391321e-05,8.361584040279378821e-06,-8.607262676121191225e-08,-3.616622369006713966e-07,1.165863009952583518e-07,-2.282068081206622967e-08,2.687297611866923397e-09,-1.059793752755666674e-09,5.697410598859420361e-10,-1.036081873073690929e-09,8.681035612578824612e-10,-1.109733360760145615e-09,1.186421856591568513e-09,-1.331282865196792287e-09,1.723322909721880514e-09,-1.861528368084230944e-09,2.796276459514357438e-09,-3.190452676788552155e-09,5.571499476619140578e-09,-7.632955215369080504e-09,1.539022744618742666e-08,-2.075051255129300998e-08,1.489354334652248646e-08,8.922348765372234425e-08,-1.979908062221813481e-07
2.041736170950045004e+00,-4.597705782817895215e-01,1.043068814827563529e-02,1.340711430423287276e-02,-3.257490341156017537e-03,1.048487847067356218e-04,1.538804132036677985e-04,-5.279103571906133829e-05,8.480183135308079490e-06,-5.121477223042625315e-08,-3.817361977050473532e-07,1.217971075254467572e-07,-2.361351661081534381e-08,2.714727201716393701e-09,-1.034399919885853336e-09,5.603411623589238388e-10,-1.033104088388192565e-09,8.680069024658010335e-10,-1.109265082566146532e-09,1.187717556250245110e-09,-1.331596975913396097e-09,1.726043379404740286e-09,-1.862792124544820904e-09,2.801224524909273761e-09,-3.193200068946078218e-09,5.580877578646725734e-09,-7.640582954954872053e-09,1.542296232566464642e-08,-2.081390072013883374e-08,1.503012242096146700e-08,8.941251066624245070e-08,-1.987048249274536715e-07
2.044691999858607723e+00,-4.607181162282099063e-01,1.029622431129472923e-02,1.354127389182481489e-02,-3.283413684336953207e-03,1.000209445208527330e-04,1.580868616088181369e-04,-5.396202008730276167e-05,8.597741617710763506e-06,-1.385336038852574836e-08,-4.027739875320929253e-07,1.272183410847352314e-07,-2.442722537611408118e-08,2.738051330802848682e-09,-1.006412585213833921e-09,5.501162025911554565e-10,-1.029864013513126508e-09,8.677103896514992698e-10,-1.108621507095453040e-09,1.188772573434970781e-09,-1.331675619602179506e-09,1.728423380982502255e-09,-1.863703278075917735e-09,2.805628084023847890e-09,-3.195320724593692097e-09,5.589171086454319815e-09,-7.646686002275859817e-09,1.545273654738124613e-08,-2.087343713760153596e-08,1.516470331773545066e-08,8.958446537712938529e-08,-1.993834642666225676e-07
2.047659067572041636e+00,-4.616676628441727659e-01,1.015951671824718433e-02,1.367678910746314251e-02,-3.309435206003520560e-03,9.499890561957694338e-05,1.623964072408569034e-04,-5.515530989853856259e-05,8.714057596493924446e-06,2.614416293178489781e-08,-4.248174072189053740e-07,1.328570257454197989e-07,-2.526158156268554222e-08,2.756695875044679056e-09,-9.756187524523340926e-10,5.390149437900504381e-10,-1.026352239308359060e-09,8.672103729567837149e-10,-1.107800268185243908e-09,1.189582609500972055e-09,-1.331515106506309110e-09,1.730456574040861728e-09,-1.864256146157095007e-09,2.809476869897187257e-09,-3.196804442256312440e-09,5.596360031639990851e-09,-7.651239317899710679e-09,1.547949222188010898e-08,-2.092903626880332491e-08,1.529718647585998070e-08,8.973902140482770129e-08,-2.000258639972551933e-07
2.050637460464506567e+00,-4.626192268925631845e-01,1.002053504815248949e-02,1.381367482683954623e-02,-3.335551982094280866e-03,8.977711811495670338e-05,1.668113974691957935e-04,-5.637116228347609226e-05,8.828916410975971157e-06,6.891655137189478531e-08,-4.479098626203499578e-07,1.387203019996910425e-07,-2.611626219624352263e-08,2.770033017199247105e-09,-9.417891813634504672e-10,5.269826242049191478e-10,-1.022559231733666252e-09,8.665034245680658387e-10,-1.106798971917122287e-09,1.190143372742369365e-09,-1.331111888248914799e-09,1.732136704034326069e-09,-1.864445117825269671e-09,2.812760696233040925e-09,-3.197641211712121123e-09,5.602424674351624834e-09,-7.654218178547445017e-09,1.550317169952963869e-08,-2.098061262657130444e-08,1.542747092402041442e-08,8.987585014413879136e-08,-2.006311629748624981e-07
2.053627266141224705e+00,-4.635728172113360301e-01,9.879248475918350064e-03,1.395194612218953606e-02,-3.361760955093585478e-03,8.434988368531508296e-05,1.713342283562345122e-04,-5.760982773258833262e-05,8.942089972323926522e-06,1.146090233671709369e-07,-4.720964124553354846e-07,1.448154170486520842e-07,-2.699083599504159547e-08,2.777376611681758867e-09,-9.046774579468674915e-10,5.139616510163591556e-10,-1.018475068170765496e-09,8.655860195272424562e-10,-1.105615383967251120e-09,1.190450710231161224e-09,-1.330462439004531650e-09,1.733457509478508740e-09,-1.864264672756660302e-09,2.815469524186653416e-09,-3.197821124654304237e-09,5.607345326778812034e-09,-7.655598188802820170e-09,1.552371779083364101e-08,-2.102808095098135377e-08,1.555545425628579448e-08,8.999462515479894620e-08,-2.011984998606664021e-07
2.056628573464055698e+00,-4.645284427146354478e-01,9.735625661196536246e-03,1.409161826569956498e-02,-3.388058929533795203e-03,7.871135150417556473e-05,1.759673454620920563e-04,-5.887154934308214474e-05,9.053336073456576261e-06,1.633735383956003151e-07,-4.974238162498006988e-07,1.511497130651795473e-07,-2.788475161018266757e-08,2.777977854695468096e-09,-8.640188078889998735e-10,4.998905178688062279e-10,-1.014089368034376548e-09,8.644546467539981904e-10,-1.104247360217414098e-09,1.190500514142156518e-09,-1.329563272846334687e-09,1.734412789604344862e-09,-1.863709362618509724e-09,2.817593346138291821e-09,-3.197334466197715441e-09,5.611102648489518785e-09,-7.655355343562375570e-09,1.554107366841944726e-08,-2.107135625446093785e-08,1.568103272057974618e-08,9.009502266801860948e-08,-2.017270141346783063e-07
2.059641472577776078e+00,-4.654861123939416090e-01,9.589634736922425517e-03,1.423270673299274064e-02,-3.414442567341645623e-03,7.285551404771556036e-05,1.807132446507552642e-04,-6.015656201874795828e-05,9.162397665929324780e-06,2.153690828706270044e-07,-5.239405819457663982e-07,1.577306140768119924e-07,-2.879732534898093999e-08,2.771020206696062083e-09,-8.195286949064239934e-10,4.847040824262904835e-10,-1.009391736861431355e-09,8.631061421127128597e-10,-1.102692749610501011e-09,1.190288725222421462e-09,-1.328411066044143940e-09,1.734996445991454639e-09,-1.862773806732276327e-09,2.819122292378739569e-09,-3.196171730925068122e-09,5.613677527167848513e-09,-7.653466049719476194e-09,1.555518310209294541e-08,-2.111035389204540813e-08,1.580410121000686008e-08,9.017672197159098957e-08,-2.022158467895884826e-07
2.062666054937092319e+00,-4.664458353192396656e-01,9.441243297526564354e-03,1.437522720669542550e-02,-3.440908383022690722e-03,6.677620277734108711e-05,1.855744728966610482e-04,-6.146509162157677564e-05,9.269002103132022163e-06,2.707619674848990576e-07,-5.516970140151920832e-07,1.645656108953397201e-07,-2.972772701267945017e-08,2.755613813520962907e-09,-7.709015995005508159e-10,4.683333165722558533e-10,-1.004371363855227628e-09,8.615373969789175135e-10,-1.100949713339627323e-09,1.189811350138514356e-09,-1.327002455836501227e-09,1.735202479098696404e-09,-1.861452864678619923e-09,2.820046631976658169e-09,-3.194323493216355558e-09,5.615051034378593098e-09,-7.649907213767848102e-09,1.556599051044660342e-08,-2.114498980510665094e-08,1.592455339295695271e-08,9.023940590255352667e-08,-2.026641415797669765e-07
2.065702413334393306e+00,-4.674076206402147382e-01,9.290418386807452328e-03,1.451919558008632483e-02,-3.467452738676928860e-03,6.046708369257525195e-05,1.905536290913818417e-04,-6.279735407167114092e-05,9.372860347035046752e-06,3.297261357074199317e-07,-5.807452610542829241e-07,1.716622437305387328e-07,-3.067496526579227556e-08,2.730790080174294587e-09,-7.178096173010573011e-10,4.507052231428332334e-10,-9.990170773965800777e-10,8.597454276282334718e-10,-1.099016364025651171e-09,1.189064499640402062e-09,-1.325334229515529039e-09,1.735024970049570125e-09,-1.859741437671563746e-09,2.820356800534162822e-09,-3.191780666156329715e-09,5.615204622458347394e-09,-7.644656169810554180e-09,1.557344095782370319e-08,-2.117518048579125622e-08,1.604228171310506657e-08,9.028276134678825393e-08,-2.030710459510753907e-07
2.068750641928297718e+00,-4.683714775874726066e-01,9.137126485453690022e-03,1.466462796083106181e-02,-3.494071838839814519e-03,5.392165274964878102e-05,1.956533648487263771e-04,-6.415355439235315843e-05,9.473666137690441025e-06,3.924434832103251836e-07,-6.111393628018685353e-07,1.790280829633630888e-07,-3.163787145113450272e-08,2.695495368576494855e-09,-6.599008353647128899e-10,4.317422530597525565e-10,-9.933176364773643741e-10,8.577272780918576700e-10,-1.096890960006202675e-09,1.188044395500353900e-09,-1.323403325294292276e-09,1.734458117928772136e-09,-1.857634530141177853e-09,2.820043400186822424e-09,-3.188534406992071801e-09,5.614120078545337122e-09,-7.637690885558406917e-09,1.557748031868338989e-08,-2.120084309584907567e-08,1.615717747788236736e-08,9.030647965882487860e-08,-2.034357120261898189e-07
2.071810836272993672e+00,-4.693374154737882109e-01,8.981333498202237475e-03,1.481154067480506750e-02,-3.520761725141303630e-03,4.713323114209199555e-05,2.008763853075089950e-04,-6.553388569849414452e-05,9.571095123493602447e-06,4.591041895488784386e-07,-6.429352967479533276e-07,1.866707071513859506e-07,-3.261508208472763126e-08,2.648584436840129008e-09,-5.967978611298718761e-10,4.113626383972501799e-10,-9.872614115113975686e-10,8.554805197569237407e-10,-1.094572009419092495e-09,1.186747353165706897e-09,-1.321206722151857527e-09,1.733496206822449093e-09,-1.855127350347540727e-09,2.819097151898763975e-09,-3.184576064223926251e-09,5.611779560141250123e-09,-7.628989907686178906e-09,1.557805535913267536e-08,-2.122189567740212501e-08,1.626913099031512822e-08,9.031025731756625596e-08,-2.037572979091129000e-07
2.074883093348420804e+00,-4.703054436953810757e-01,8.823004740620619263e-03,1.495995027000701638e-02,-3.547518270775843093e-03,4.009496043774676138e-05,2.062254499305945024e-04,-6.693852812412765668e-05,9.664803950427871410e-06,5.299070617312620635e-07,-6.761910236550289222e-07,1.945976783523581388e-07,-3.360501988139419360e-08,2.588813458742622586e-09,-5.280961501430425642e-10,3.894797540038297257e-10,-9.808367451569210971e-10,8.530025991104750460e-10,-1.092058082852176426e-09,1.185169806044994445e-09,-1.318741552590318999e-09,1.732133703830074367e-09,-1.852215284793568006e-09,2.817509078475999296e-09,-3.179897284724675366e-09,5.608165603784853737e-09,-7.618532453339266208e-09,1.557511389305155092e-08,-2.123825722753769352e-08,1.637803143453298027e-08,9.029379645711377300e-08,-2.040349687260079037e-07
2.077967511591314320e+00,-4.712755717332185457e-01,8.662104925498449043e-03,1.510987352056474345e-02,-3.574337174775245405e-03,3.279979756780002087e-05,2.117033732988438111e-04,-6.836764768662975666e-05,9.754429308730765136e-06,6.050598901170475830e-07,-7.109665321825345274e-07,2.028165146964952537e-07,-3.460587336828746530e-08,2.514832522781951241e-09,-4.533623129687747166e-10,3.660020342355352341e-10,-9.740317025164202391e-10,8.502916010177941075e-10,-1.089348000693490803e-09,1.183308243057901166e-09,-1.316005041052115132e-09,1.730365218298446361e-09,-1.848893869168394266e-09,2.815270336298247855e-09,-3.174490001596474986e-09,5.603261275105575479e-09,-7.606298452634413509e-09,1.556860473178600657e-08,-2.124984783274941336e-08,1.648376719669275570e-08,9.025680534208158079e-08,-2.042678979713441478e-07
2.081064190927141233e+00,-4.722478091543487189e-01,8.498598148834975163e-03,1.526132743083879334e-02,-3.601213956077538563e-03,2.524050966206878299e-05,2.173130258989759006e-04,-6.982139508367787156e-05,9.839586934290434073e-06,6.847798170589447508e-07,-7.473238816196013656e-07,2.113346596385040632e-07,-3.561557468043097252e-08,2.425177468567962791e-09,-3.721321445437908437e-10,3.408330284671023946e-10,-9.668343764479558899e-10,8.473456519775268703e-10,-1.086440687414480522e-09,1.181159441088208695e-09,-1.312994623615948431e-09,1.728185434167472945e-09,-1.845158775336946944e-09,2.812372396597540014e-09,-3.168346523075432630e-09,5.597050034382433648e-09,-7.592268539986096743e-09,1.555847792310618982e-08,-2.125658880598041423e-08,1.658622575048673831e-08,9.019899908230266661e-08,-2.044552687152645376e-07
2.084173232802966957e+00,-4.732221656132644116e-01,8.332447875407586468e-03,1.541432923962415998e-02,-3.628143947382444102e-03,1.740966872581899139e-05,2.230573349029834132e-04,-7.129990441925512790e-05,9.919870563766634841e-06,7.692937185315579240e-07,-7.853272432846621076e-07,2.201594477896015589e-07,-3.663177565796371660e-08,2.318261242695296431e-09,-2.839088131256772840e-10,3.138709847583243118e-10,-9.592327071539230587e-10,8.441633086997413216e-10,-1.083335345042346631e-09,1.178720232530849898e-09,-1.309707779728608301e-09,1.725589234870261723e-09,-1.841005935372674873e-09,2.808806976936639721e-09,-3.161459459673221506e-09,5.589515894403873641e-09,-7.576424224976785471e-09,1.554468485919294207e-08,-2.125840281412549881e-08,1.668529386530948067e-08,9.012010017059313149e-08,-2.045962749774865586e-07
2.087294740221280254e+00,-4.741986508532967104e-01,8.163616923906536621e-03,1.556889642445370703e-02,-3.655122288785748585e-03,9.299646152401488952e-06,2.289392849383099782e-04,-7.280329185533089206e-05,9.994850840276854609e-06,8.588385990186339636e-07,-8.250429395662700616e-07,2.292980668863048299e-07,-3.765182195712701851e-08,2.192364971856375355e-09,-1.881607508691374164e-10,2.850086833205978110e-10,-9.512148013701704485e-10,8.407436274948665300e-10,-1.080031453160046340e-09,1.175987498353014971e-09,-1.306142112002250943e-09,1.722571784865123412e-09,-1.836431532450250037e-09,2.804566010851383684e-09,-3.153821787060806514e-09,5.580643513709154790e-09,-7.558747884117006377e-09,1.552717826536209600e-08,-2.125521406191183127e-08,1.678085768605508399e-08,9.001983915929434588e-08,-2.046901232816145111e-07
2.090428817774811154e+00,-4.751772747080407200e-01,7.992067451617939494e-03,1.572504670600818888e-02,-3.682143921182784701e-03,9.026070654206096167e-07,2.349619188464135630e-04,-7.433165418462570409e-05,1.006407416835174845e-05,9.536619999198775455e-07,-8.665394803514248068e-07,2.387575156227728090e-07,-3.867272519234021821e-08,2.045627892771628709e-09,-8.431950276888144913e-11,2.541332977390453607e-10,-9.427687658325467623e-10,8.370859561068755283e-10,-1.076528609311733220e-09,1.172958501161058820e-09,-1.302295544840237351e-09,1.719128315397222551e-09,-1.831431847322539941e-09,2.799641797904262042e-09,-3.145426924998362406e-09,5.570418090336537453e-09,-7.539222794238770176e-09,1.550591247068133782e-08,-2.124694842113583615e-08,1.687280283199643627e-08,8.989795529171229482e-08,-2.047360339596515644e-07
2.093575571682387171e+00,-4.761580471028145634e-01,7.817760938639443935e-03,1.588279805263404648e-02,-3.709203579431788900e-03,-7.789495515002527182e-06,2.411283384279368919e-04,-7.588506732084413994e-05,1.012706151536178073e-05,1.054022421737542403e-06,-9.098875965373939834e-07,2.485445570760830281e-07,-3.969113284395253682e-08,1.876037105177918995e-09,2.822244521416550356e-11,2.211263117057882255e-10,-9.338831652438983610e-10,8.331902112690414697e-10,-1.072826730230680425e-09,1.169630572950275393e-09,-1.298166114535592719e-09,1.715254346543182429e-09,-1.826003475594722980e-09,2.794026940367011491e-09,-3.136268690931420799e-09,5.558825504070608048e-09,-7.517833279947067071e-09,1.548084344439940030e-08,-2.123353359025775822e-08,1.696101448699083303e-08,8.975419723417088491e-08,-2.047332426369230518e-07
2.096735109825852206e+00,-4.771409780561516323e-01,7.640658171611802718e-03,1.604216868497333748e-02,-3.736295785267577680e-03,-1.678492668824929646e-05,2.474417051727831676e-04,-7.746358470126077020e-05,1.018330715701161113e-05,1.160189760224944466e-06,-9.551602702289122004e-07,2.586656673757639635e-07,-4.070329567319730391e-08,1.681416313473182989e-09,1.501139282322760948e-10,1.858632969753415409e-10,-9.245466336960106446e-10,8.290568925817254353e-10,-1.068926031022598977e-09,1.166001316332820892e-09,-1.293751982281432511e-09,1.710945575321420886e-09,-1.820143282621478065e-09,2.787714410874830850e-09,-3.126341317771785810e-09,5.545852329452705121e-09,-7.494564667649694645e-09,1.545192893212185559e-08,-2.121489926700664830e-08,1.704537751570645021e-08,8.958832377684022852e-08,-2.046810019945555226e-07
2.099907541788098797e+00,-4.781260776813278657e-01,7.460719226946223304e-03,1.620317708070884155e-02,-3.763414839954296303e-03,-2.609217587832245167e-05,2.539052409721428635e-04,-7.906723559726039005e-05,1.023227736478542899e-05,1.272445756979150022e-06,-1.002432760843600945e-06,2.691269788612435376e-07,-4.170503264434854973e-08,1.459413943860621288e-09,2.820476699416651911e-10,1.482138856090386980e-10,-9.147484297811203646e-10,8.246871657791032817e-10,-1.064827136187940226e-09,1.162068465759835689e-09,-1.289051480141134576e-09,1.706197941611642399e-09,-1.813848417818453296e-09,2.780697589722935792e-09,-3.115639536730580028e-09,5.531485898230964482e-09,-7.469403439513966347e-09,1.541912859415531245e-08,-2.119097731925062567e-08,1.712577666658499087e-08,8.940010449293156469e-08,-2.045785834070557030e-07
2.103092978892248777e+00,-4.791133561879249436e-01,7.277903453530493172e-03,1.636584197942891894e-02,-3.790554816668058498e-03,-3.571996323460495393e-05,2.605222288112286552e-04,-8.069602332799827998e-05,1.027340903188246266e-05,1.391084464622688310e-06,-1.051782626396591952e-06,2.799342176161914719e-07,-4.269169344948975375e-08,1.207490626584095672e-09,4.247626764208867201e-10,1.080415201748508025e-10,-9.044784782252790478e-10,8.200829043625290637e-10,-1.060530815943927507e-09,1.157829970788171181e-09,-1.284063256765111127e-09,1.701007689737521478e-09,-1.807116274763626018e-09,2.772970209355407611e-09,-3.104158592930755800e-09,5.515714338825278285e-09,-7.442337259921244508e-09,1.538240411566235699e-08,-2.116170195326505521e-08,1.720209662561811292e-08,8.918932058871176238e-08,-2.044252784966227310e-07
2.106291534242031194e+00,-4.801028238834317841e-01,7.092169454890870361e-03,1.653018238761565228e-02,-3.817709552595420670e-03,-4.567724623589716759e-05,2.672960134387745990e-04,-8.234992337123776818e-05,1.030610823595521156e-05,1.516412726189179938e-06,-1.103289739853331730e-06,2.910926348567363653e-07,-4.365811759506066370e-08,9.229056546766756242e-10,5.790468798894110591e-10,6.520373130314283117e-11,-8.937275364218066898e-10,8.152468145006253053e-10,-1.056038471947129409e-09,1.153284103633245294e-09,-1.278786103918461148e-09,1.695371241831888920e-09,-1.799944542805326231e-09,2.764526411611067935e-09,-3.091894202472689201e-09,5.498526621863786268e-09,-7.413355045289560241e-09,1.534171942653775322e-08,-2.112700990195004458e-08,1.727422215165586028e-08,8.895576556963713521e-08,-2.042204009372605711e-07
2.109503322763398359e+00,-4.810944911748809005e-01,6.903475070791319917e-03,1.669621758375904041e-02,-3.844872640737804874e-03,-5.597322650417778725e-05,2.742300020113427883e-04,-8.402888136655687484e-05,1.032974873533447704e-05,1.648750669758052012e-06,-1.157036299534886653e-06,3.026069315516591307e-07,-4.459859080825634425e-08,6.027027280031127532e-10,7.457398448762475596e-10,1.955177686419062866e-11,-8.824874303536844877e-10,8.101825182960098459e-10,-1.051351679326462119e-09,1.148429368963421737e-09,-1.273219057962293732e-09,1.689285417279251522e-09,-1.792331220072662656e-09,2.755360790224203882e-09,-3.078842724171804157e-09,5.479912670337816483e-09,-7.382447019151083811e-09,1.529704071398518828e-08,-2.108684062952781435e-08,1.734203833661518424e-08,8.869924618751245937e-08,-2.039632884531794588e-07
2.112728461247432410e+00,-4.820883685705282806e-01,6.711777358247055653e-03,1.686396712360329828e-02,-3.872037421408860546e-03,-6.661735683684451292e-05,2.813276647095248884e-04,-8.573281100466081939e-05,1.034367039561305199e-05,1.788432217843076433e-06,-1.213106832844562666e-06,3.144811757775645145e-07,-4.550679790285561133e-08,2.436947067752104346e-10,9.257356201053390521e-10,-2.906908047606293621e-11,-8.707512488825841501e-10,8.048946370520226878e-10,-1.046472637711293174e-09,1.143264552472267326e-09,-1.267361380771769852e-09,1.682747238426762770e-09,-1.784274681997100043e-09,2.745468435927378437e-09,-3.065001009071310900e-09,5.459863303657053191e-09,-7.349604795852532346e-09,1.524833669313413465e-08,-2.104113653450534471e-08,1.740543062109245476e-08,8.841958307539976580e-08,-2.036533045812749521e-07
2.115967068394579265e+00,-4.830844666815704014e-01,6.517032571929554791e-03,1.703345084552769506e-02,-3.899196973410793982e-03,-7.761934846453859976e-05,2.885925353226575715e-04,-8.746159179682556906e-05,1.034717754362082451e-05,1.935805611873869791e-06,-1.271588192401640338e-06,3.267187119442710452e-07,-4.637577189284258772e-08,-1.575523704555603643e-10,1.119985340580775812e-09,-8.081948998928112360e-11,-8.585137323269265153e-10,7.993890133173309209e-10,-1.041403970003518253e-09,1.137788689653529417e-09,-1.261212558001378881e-09,1.675754060688483538e-09,-1.775773637077010525e-09,2.734844945992409571e-09,-3.050366518403402338e-09,5.438370317446816760e-09,-7.314821527139303559e-09,1.519557865908155447e-08,-2.098984310753421179e-08,1.746428506671504621e-08,8.811661171212459287e-08,-2.032898405446292855e-07
2.119219264860284557e+00,-4.840827962239041549e-01,6.319196143939637134e-03,1.720468887606775577e-02,-3.926344104877348140e-03,-8.898917854377203646e-05,2.960282117988998624e-04,-8.921506671763067969e-05,1.033953724553175052e-05,2.091233951553514436e-06,-1.332569543515370325e-06,3.393220620101153329e-07,-4.719783999566906640e-08,-6.047365282146888177e-10,1.329500620705914571e-09,-1.358658741068552445e-10,-8.457715222620620921e-10,7.936727247637165306e-10,-1.036148708499773363e-09,1.132001124781734092e-09,-1.254772399698900198e-09,1.668303635862788958e-09,-1.766827141622823172e-09,2.723486445047051951e-09,-3.034937448489344325e-09,5.415426653550964309e-09,-7.278091785929002855e-09,1.513874065689480020e-08,-2.093290915865936297e-08,1.751848849665393892e-08,8.779018325494325481e-08,-2.028723174868352075e-07
2.122485173302060435e+00,-4.850833680199323483e-01,6.118222662921595639e-03,1.737770163558135378e-02,-3.953471343766742571e-03,-1.007370978928084915e-04,3.036383567561517019e-04,-9.099303971423205323e-05,1.031997750623606450e-05,2.255095749329090460e-06,-1.396142342738153352e-06,3.522928171901043570e-07,-4.796456476788280021e-08,-1.101837919514903064e-09,1.555355989835138786e-09,-1.943802341308753512e-10,-8.325235500983296788e-10,7.877543478640447461e-10,-1.030710621019448325e-09,1.125901608056700809e-09,-1.248040958773399822e-09,1.660394028865641580e-09,-1.757434636186216981e-09,2.711389596350699538e-09,-3.018712608007789733e-09,5.391026295081119413e-09,-7.239411788356048261e-09,1.507779971710032640e-08,-2.087028702201648711e-08,1.756792865174883200e-08,8.744016535833232240e-08,-2.024001882344750314e-07
2.125764918428063588e+00,-4.860861930004101716e-01,5.914065852494303915e-03,1.755250984406309805e-02,-3.980570927991452027e-03,-1.128736389793532496e-04,3.114266979511179714e-04,-9.279527307518410997e-05,1.028768538549953981e-05,2.427785499943893588e-06,-1.462400305406695578e-06,3.656315193901679694e-07,-4.866668138793495135e-08,-1.653138027510325792e-09,1.798692285392977652e-09,-2.565396506337691562e-10,-8.187714534146905976e-10,7.816439856478396564e-10,-1.025093995798975754e-09,1.119490181111792992e-09,-1.241018559618167760e-09,1.652023684517445190e-09,-1.747595976351462577e-09,2.698551677254856784e-09,-3.001691496491015743e-09,5.365164424276508415e-09,-7.198779480941525089e-09,1.501273588820975502e-08,-2.080193284986764368e-08,1.761249446806389951e-08,8.706644309686151217e-08,-2.018729396841001389e-07
2.129058627047221375e+00,-4.870912822063396819e-01,5.706678548970261361e-03,1.772913452711411680e-02,-4.007634795167636967e-03,-1.254096241707293620e-04,3.193970287014907469e-04,-9.462148465072929907e-05,1.024180502830424402e-05,2.609714264839753384e-06,-1.531439361717509134e-06,3.793375322955205853e-07,-4.929403005747567956e-08,-2.263239907984715416e-09,2.060719407614985954e-09,-3.225257838579409508e-10,-8.045200339257263522e-10,7.753535452570403663e-10,-1.019303898230905503e-09,1.112767312322349156e-09,-1.233705785967653679e-09,1.643191359888829250e-09,-1.737311435771188295e-09,2.684970573998968213e-09,-2.983874349427734218e-09,5.337837444621684746e-09,-7.156194541460547676e-09,1.494353252251556796e-08,-2.072780674097080000e-08,1.765207620352260420e-08,8.666891990194436346e-08,-2.012900949116547267e-07
2.132366428120989532e+00,-4.880986467909113613e-01,5.496012678333602602e-03,1.790759702207070717e-02,-4.034654571967569159e-03,-1.383561742554855443e-04,3.275532082569893033e-04,-9.647134491648327870e-05,1.018143560474688361e-05,2.801310271047761924e-06,-1.603357599578615622e-06,3.934089004330523776e-07,-4.983548372930468595e-08,-2.937089429305705934e-09,2.342719553072303285e-09,-3.925246239155910644e-10,-7.897778958598777876e-10,7.688971681574230388e-10,-1.013345997391557063e-09,1.105733640066608459e-09,-1.226103524265553801e-09,1.633896350682062515e-09,-1.726581710503188871e-09,2.670644738342331515e-09,-2.965262180330135999e-09,5.309043070184787938e-09,-7.111658500806583572e-09,1.487017634938317401e-08,-2.064787293573622229e-08,1.768656564780923812e-08,8.624751844654721111e-08,-2.006512152541439775e-07
2.135688452816789429e+00,-4.891082980214952469e-01,5.282019232447966034e-03,1.808791898429840117e-02,-4.061621563057712068e-03,-1.517247172475623407e-04,3.358991621146192180e-04,-9.834447387179964806e-05,1.010562915576204701e-05,3.003019524190110590e-06,-1.678255192780284816e-06,4.078421962329034645e-07,-5.027887068319303321e-08,-3.679998321695632235e-09,2.646050406562849844e-09,-4.667252140322375453e-10,-7.745580565821086338e-10,7.622909942162081620e-10,-1.007226808902306203e-09,1.098390461917730931e-09,-1.218213110248944631e-09,1.624138309952449788e-09,-1.715407932454532380e-09,2.655573435629554613e-09,-2.945856817163083896e-09,5.278780292657797579e-09,-7.065174708296984019e-09,1.479265762487080860e-08,-2.056210019005938472e-08,1.771585640165940223e-08,8.580218160969543817e-08,-1.999559028353914414e-07
2.139024834563209687e+00,-4.901202472816834077e-01,5.064648244460425580e-03,1.827012239365702340e-02,-4.088526739603004154e-03,-1.655269974837475511e-04,3.444388822722186869e-04,-1.002404377642655137e-04,1.001338834128980351e-05,3.215306435877529623e-06,-1.756234314006024921e-06,4.226323531029627101e-07,-5.061089085670045229e-08,-4.497667762531909474e-09,2.972147729318752596e-09,-5.453190676796282332e-10,-7.588785433387812418e-10,7.555536057912703995e-10,-1.000953625540645930e-09,1.090739502190851695e-09,-1.210036138996062327e-09,1.613917269792375375e-09,-1.703791736168414062e-09,2.639756570450846329e-09,-2.925660872420132730e-09,5.247049525338581821e-09,-7.016748585376292313e-09,1.471097042272939692e-08,-2.047046189761897450e-08,1.773984413880325128e-08,8.533287333689631993e-08,-1.992038026615849944e-07
2.142375709107025461e+00,-4.911345060733826040e-01,4.843848763369046351e-03,1.845422956114171897e-02,-4.115360727318580561e-03,-1.797750850249333482e-04,3.531764274154842662e-04,-1.021587456304941764e-04,9.903664085507846854e-06,3.438654464603743688e-06,-1.837399029321930277e-06,4.377724837165836158e-07,-5.081702681916655528e-08,-5.396213437897090515e-09,3.322528252525103198e-09,-6.284991416194429803e-10,-7.427632536805006680e-10,7.487065689648630951e-10,-9.945347323458975097e-10,1.082782759287415075e-09,-1.201574447579067950e-09,1.603233827814076751e-09,-1.691735232369623310e-09,2.623194725673294592e-09,-2.904677809476702288e-09,5.213852688132347701e-09,-6.966387639927712483e-09,1.462511271073038688e-08,-2.037293640039239406e-08,1.775842674821281886e-08,8.483957975730094248e-08,-1.983946051747897954e-07
2.145741214572132183e+00,-4.921510860189630687e-01,4.619568827719477272e-03,1.864026313570731411e-02,-4.142113794048489506e-03,-1.944813853745714846e-04,3.621159230324999187e-04,-1.040988456425403184e-04,9.775353114876376287e-06,3.673566769112589225e-06,-1.921855173151257312e-06,4.532536828465161260e-07,-5.088144845386000092e-08,-6.382191965886852003e-09,3.698792772066639145e-09,-7.164580873020298668e-10,-7.262428852738977980e-10,7.417744474214060801e-10,-9.879794621303616964e-10,1.074522786720377709e-09,-1.192830323230864575e-09,1.592088998830787361e-09,-1.679240978040563714e-09,2.605889278667339326e-09,-2.882912034096740683e-09,5.179193201913789846e-09,-6.914101465839428418e-09,1.453508648944362713e-08,-2.026950716819964082e-08,1.777150459084109180e-08,8.432231001637147116e-08,-1.975280485011499110e-07
2.149121491520450622e+00,-4.931699988634634102e-01,4.391755438393173117e-03,1.882824611128186207e-02,-4.168775836848827646e-03,-2.096586495254492040e-04,3.712615614487706217e-04,-1.060601212498129761e-04,9.627295385062663302e-06,3.920566874347081177e-06,-2.009710202121803291e-06,4.690648130615052147e-07,-5.078691058847673023e-08,-7.462628619225863957e-09,4.102628348157111304e-09,-8.093871683989561916e-10,-7.093558518356246623e-10,7.347851910255442931e-10,-9.812981052736979848e-10,1.065962648011398173e-09,-1.183806426149902613e-09,1.580484292051931305e-09,-1.666312104790790283e-09,2.587842426460262857e-09,-2.860368780808336675e-09,5.143075995899665243e-09,-6.859901865736289794e-09,1.444089807282888938e-08,-2.016016308406531898e-08,1.777898080319861851e-08,8.378109728202076667e-08,-1.966039210599124232e-07
2.152516683014907617e+00,-4.941912564768523031e-01,4.160354530447957916e-03,1.901820183397556069e-02,-4.195336368552610336e-03,-2.253199843485612953e-04,3.806176017762874161e-04,-1.080418871054469529e-04,9.458271391421437663e-06,4.180199348809490734e-06,-2.101073025120685223e-06,4.851922720356879881e-07,-5.051464369541791566e-08,-8.645046328109584621e-09,4.535810838035558845e-09,-9.074740403569592218e-10,-6.921494766221059081e-10,7.277705937891454369e-10,-9.745022289120441883e-10,1.057105909751943074e-09,-1.174505706233452962e-09,1.568421775267891949e-09,-1.652952310617072929e-09,2.569057165786869934e-09,-2.837054269462513378e-09,5.105507671146480853e-09,-6.803802971976774527e-09,1.434255816499738212e-08,-2.004489868794728791e-08,1.778076168940101454e-08,8.321599971952697850e-08,-1.956220638671402057e-07
2.155926934684561758e+00,-4.952148708563515744e-01,3.925310943971416222e-03,1.921015400949386415e-02,-4.221784503793336168e-03,-2.414788633374135435e-04,3.901883697692851496e-04,-1.100433847638464246e-04,9.266999357578856872e-06,4.453030491914297673e-06,-2.196053806930581276e-06,5.016197403171981928e-07,-5.004423705816385404e-08,-9.937496102049858671e-09,5.000207033145631641e-09,-1.010900585463048174e-09,-6.746813385749561576e-10,7.207665853048439430e-10,-9.676044965267749376e-10,1.047956655481074861e-09,-1.164931607774977174e-09,1.555904003726349405e-09,-1.639165740207476629e-09,2.549537333855489418e-09,-2.812975751203400376e-09,5.066496552158517019e-09,-6.745821204585944475e-09,1.424008206274071653e-08,-1.992371451153829298e-08,1.777675684606905282e-08,8.262710146644813847e-08,-1.945823731863693951e-07
2.159352394791977936e+00,-4.962408541288199082e-01,3.686568393902862895e-03,1.940412671075971915e-02,-4.248108944460458197e-03,-2.581491377218895003e-04,3.999782575783896593e-04,-1.120637781383470796e-04,9.052132297964528979e-06,4.739649030860437762e-06,-2.294763743618168789e-06,5.183279074109925499e-07,-4.935351362485296267e-08,-1.134858864867971384e-08,5.497775866503129549e-09,-1.119840359331547575e-09,-6.570203825440046330e-10,7.138137858575532846e-10,-9.606191189726054347e-10,1.038519537727156106e-09,-1.155087847419522529e-09,1.542934054826750057e-09,-1.624957185735603771e-09,2.529287665593848988e-09,-2.788141369690355642e-09,5.026052639616612749e-09,-6.685975559653223321e-09,1.413348989665746958e-08,-1.979661714852226639e-08,1.776687939825105644e-08,8.201451363876177680e-08,-1.934848029849778328e-07
2.162793214302945799e+00,-4.972692185532023856e-01,3.444069438780623937e-03,1.960014438575435197e-02,-4.274297964561341208e-03,-2.753450479667535894e-04,4.099917233954634976e-04,-1.141021487041588359e-04,8.812254947749512818e-06,5.040666825374857940e-06,-2.397314806336717230e-06,5.352941752807816034e-07,-4.841839683182580512e-08,-1.288752734737719230e-08,6.030570091908327157e-09,-1.234455787590960085e-09,-6.392489731998907132e-10,7.069580754137660961e-10,-9.535617087608194709e-10,1.028799847396788536e-09,-1.144978576360367040e-09,1.529515599243969071e-09,-1.610332023543187274e-09,2.508313788444904713e-09,-2.762560375769995691e-09,4.984187828519642816e-09,-6.624287416778090742e-09,1.402280666498029182e-08,-1.966361970300034567e-08,1.775104653024828227e-08,8.137837522945168267e-08,-1.923293676542314756e-07
2.166249546958631367e+00,-4.982999765230451406e-01,3.197755448365910413e-03,1.979823186558362855e-02,-4.300339394460620662e-03,-2.930812356707387240e-04,4.202332909794270766e-04,-1.161574904332486786e-04,8.545880554980053723e-06,5.356719578420918171e-06,-2.503819450410792874e-06,5.524923373254400638e-07,-4.721276833201393242e-08,-1.456414279628337471e-08,6.600736755790759247e-09,-1.354894418881258389e-09,-6.214643522017837540e-10,7.002509960774006004e-10,-9.464493355704206579e-10,1.018803340302465443e-09,-1.134608404625148115e-09,1.515652894856778232e-09,-1.595296146052194164e-09,2.486622260530757522e-09,-2.736243094082768668e-09,4.940915836627174373e-09,-6.560780740731686489e-09,1.390806245171738453e-08,-1.952474192826875177e-08,1.772917963480113990e-08,8.071885405219747511e-08,-1.911161440770747788e-07
2.169721549350290601e+00,-4.993331405690792923e-01,2.947566570093242133e-03,1.999841437277878609e-02,-4.326220604466784331e-03,-3.113727558815317098e-04,4.307075490529652106e-04,-1.182287044459006536e-04,8.251447529861611480e-06,5.688467551799580857e-06,-2.614390287349922792e-06,5.698922305964401747e-07,-4.570831590652857379e-08,-1.638892830300997527e-08,7.210517183331432989e-09,-1.481285066828874619e-09,-6.037807337433420685e-10,6.937503349568885369e-10,-9.393008870706154312e-10,1.008536483493305269e-09,-1.123982259695899266e-09,1.501350769400611185e-09,-1.579856160390663566e-09,2.464220606214484466e-09,-2.709200835459418810e-09,4.896252229179276494e-09,-6.495482200285368490e-09,1.378929271938708623e-08,-1.938001043672032964e-08,1.770120465136026944e-08,8.003614768853362094e-08,-1.898452747506329530e-07
2.173209380996635076e+00,-5.003687233618769881e-01,2.693441694296850458e-03,2.020071752983984559e-02,-4.351928487736361414e-03,-3.302350898452821593e-04,4.414191505607420116e-04,-1.203145933628287610e-04,7.927315943442002355e-06,6.036596284108956822e-06,-2.729139714882818091e-06,5.874593596412805430e-07,-4.387437173986041827e-08,-1.837307664863396806e-08,7.862246242940074126e-09,-1.613733036087694472e-09,-5.863316082654890238e-10,6.875209845880192461e-10,-9.321370550430252422e-10,9.980063477021960949e-10,-1.113105520082757760e-09,1.486614667305097282e-09,-1.564019233134955611e-09,2.441117356866140398e-09,-2.681446112460378339e-09,4.850214585863654726e-09,-6.428421132215200728e-09,1.366653829514008489e-08,-1.922945913786222594e-08,1.766705242517430108e-08,7.933048454950020201e-08,-1.885169699372690744e-07
2.176713204423979420e+00,-5.014067377145807747e-01,2.435318418155689446e-03,2.040516736803196091e-02,-4.377449442460974380e-03,-3.496841582076746710e-04,4.523728117772959217e-04,-1.224138553407002131e-04,7.571763870621323750e-06,6.401817308493082392e-06,-2.848179501880980513e-06,6.051544899172631164e-07,-4.167774024510517705e-08,-2.052851827416546371e-08,8.558350611531650998e-09,-1.752314987557568315e-09,-5.692720878025525622e-10,6.816354702898763662e-10,-9.249803561983682698e-10,9.872206524486060175e-10,-1.101984037875369804e-09,1.471450634948912040e-09,-1.547793138448327888e-09,2.417322031780799740e-09,-2.652992545700699756e-09,4.802822508188225870e-09,-6.359629621532914001e-09,1.353984556461476640e-08,-1.907312932071525413e-08,1.762665904209148593e-08,7.860212453483783612e-08,-1.871315103429971316e-07
2.180233185249300654e+00,-5.024471965857102429e-01,2.173133008298723523e-03,2.061179033644229205e-02,-4.402769353301800963e-03,-3.697363346854788332e-04,4.635733112517232898e-04,-1.245250777740319025e-04,7.182983571094470748e-06,6.784868868585716695e-06,-2.971620324507956434e-06,6.229332079107224862e-07,-3.908251412255980828e-08,-2.286796000477986368e-08,9.301345638146329975e-09,-1.897072915424402595e-09,-5.527815566397364933e-10,6.761746995653794556e-10,-9.178556248379265980e-10,9.761878007330526685e-10,-1.090623932310796906e-09,1.455865325863947568e-09,-1.531186364766429220e-09,2.392845209302219001e-09,-2.623854849538587164e-09,4.754097633792586652e-09,-6.289142624651272717e-09,1.340926672477316117e-08,-1.891106994698216193e-08,1.757996622234192508e-08,7.785136005300508089e-08,-1.856892494628281653e-07
2.183769492266323553e+00,-5.034901130820466086e-01,1.906820362011472925e-03,2.082061331130855703e-02,-4.427873572036650392e-03,-3.904084602286850975e-04,4.750254885782711697e-04,-1.266467306437176268e-04,6.759077500187969656e-06,7.186516628581232635e-06,-3.099571247496685222e-06,6.407454463059139571e-07,-3.604987972027906551e-08,-2.540492502652036411e-08,1.009383182593026618e-08,-2.048007263777407161e-09,-5.370672240267992947e-10,6.712290723243086177e-10,-9.107897491755778674e-10,9.649168061787172235e-10,-1.079031841308419892e-09,1.439866117829147196e-09,-1.514208004208678071e-09,2.367698480852664655e-09,-2.594048963480699577e-09,4.704063687622356271e-09,-6.216997876142688062e-09,1.327485981035547713e-08,-1.874333795115479262e-08,1.752692159462387878e-08,7.707851677751786923e-08,-1.841906163008166786e-07
2.187322297534786131e+00,-5.045355004616014494e-01,1.636313966976502693e-03,2.103166360563005557e-02,-4.452746897378260724e-03,-4.117178576939425905e-04,4.867342429768902953e-04,-1.287771594922844549e-04,6.298054143838785479e-06,7.607554374540817510e-06,-3.232139147179170086e-06,6.585349712892249463e-07,-3.253790949696300228e-08,-2.815379359158431960e-08,1.093848867039781680e-08,-2.205068766469864272e-09,-5.223669968801303298e-10,6.668992025282705072e-10,-9.038120460380660859e-10,9.534174144620877200e-10,-1.067214764477464328e-09,1.423460925520370068e-09,-1.496867799849477265e-09,2.341894554148959973e-09,-2.563591996237318815e-09,4.652746549149711086e-09,-6.143236131166823766e-09,1.313668897967579241e-08,-1.856999837929196318e-08,1.746747906039569642e-08,7.628395455941405778e-08,-1.826361174239732321e-07
2.190891776473023356e+00,-5.055833721366702616e-01,1.361545859480128157e-03,2.124496897907118126e-02,-4.477373553923337524e-03,-4.336823470509993880e-04,4.987045316700083539e-04,-1.309145780046629993e-04,5.797823670009461666e-06,8.048804703556476647e-06,-3.369428070127550301e-06,6.762388288505949419e-07,-2.850134174676999255e-08,-3.112984403932927968e-08,1.183806751237082011e-08,-2.368149842890687751e-09,-5.089535182190019214e-10,6.632968896358448774e-10,-8.969544135206675151e-10,9.417000026989974515e-10,-1.055180076127426592e-09,1.406658364441759623e-09,-1.479176205566173907e-09,2.315447218508015492e-09,-2.532502256947372077e-09,4.600174334339068860e-09,-6.067901066591357973e-09,1.299482443352373284e-08,-1.839112471601483945e-08,1.740159927265949591e-08,7.546806799277328004e-08,-1.810263394741440379e-07
2.194478107954029866e+00,-5.066337416769750579e-01,1.082446581013436077e-03,2.146055764816959255e-02,-4.501737170188536453e-03,-4.563202611455696549e-04,5.109413680391590440e-04,-1.330570601713269158e-04,5.256193388523434928e-06,8.511119695611170377e-06,-3.511538521538872665e-06,6.937867479536383164e-07,-2.389134714370078072e-08,-3.434929445045309393e-08,1.279538222598297637e-08,-2.537074411668172047e-09,-4.971384415242141586e-10,6.605464508702141302e-10,-8.902512754760394387e-10,9.297755551584963030e-10,-1.042935546084755583e-09,1.389467738782679262e-09,-1.461144324022695118e-09,2.288371381276022021e-09,-2.500799289005539716e-09,4.546377289828956725e-09,-5.991039317421176236e-09,1.284934268881710029e-08,-1.820679895649796043e-08,1.732924990310857893e-08,7.463128717452582883e-08,-1.793619514162125839e-07
2.198081474405150892e+00,-5.076866228128981140e-01,7.989451331910160659e-04,2.167845829686046444e-02,-4.525820755686589536e-03,-4.796504620418855225e-04,5.234498195443677490e-04,-1.352025320104934501e-04,4.670863012651814417e-06,8.995381564462674728e-06,-3.658566677543564905e-06,7.111004966817505157e-07,-1.865528111676117984e-08,-3.782934392473902285e-08,1.381329753358251367e-08,-2.711586233328233675e-09,-4.872768993857690134e-10,6.587855677642195928e-10,-8.837400394812178206e-10,9.176557395906836945e-10,-1.030489265099743257e-09,1.371898948610006386e-09,-1.442783920547335841e-09,2.260683060889556728e-09,-2.468503764244123211e-09,4.491387910025845809e-09,-5.912700602565823527e-09,1.270032667184325947e-08,-1.801711195775074215e-08,1.725040608448191737e-08,7.377407844691430405e-08,-1.776437066891567440e-07
2.201702061911593233e+00,-5.087420294388141917e-01,5.109689309070152008e-04,2.189870008733034792e-02,-4.549606676993948190e-03,-5.036923579713370631e-04,5.362350053877236108e-04,-1.373487628233711205e-04,4.039419713237207832e-06,9.502503281599329610e-06,-3.810603514135292580e-06,7.280931883409114125e-07,-1.273642178008238535e-08,-4.158821368185905420e-08,1.489471467691627637e-08,-2.891336142729628023e-09,-4.797727770622373100e-10,6.581668265948081853e-10,-8.774609649986331306e-10,9.053528031433000223e-10,-1.017849704694484547e-09,1.353962554920262740e-09,-1.424107398846630179e-09,2.232399442386734378e-09,-2.435637676354712733e-09,4.435240966594450329e-09,-5.832937621623457414e-09,1.254786579588801354e-08,-1.782216362163080436e-08,1.716505076791718931e-08,7.289694484158282251e-08,-1.758724450795501326e-07
2.205340060323920603e+00,-5.097999756165186858e-01,2.184437536428239512e-04,2.212131267121190958e-02,-4.573076632756866572e-03,-5.284659209126123247e-04,5.493020939012068990e-04,-1.394933559555463706e-04,3.359332958076128445e-06,1.003342916800105400e-05,-3.967733845742539567e-06,7.446685340141770415e-07,-6.073692509003802975e-09,-4.564518748736978715e-08,1.604255406295607145e-08,-3.075867505142326763e-09,-4.750841525735793880e-10,6.588589812617229313e-10,-8.714575658319567708e-10,8.928795758311736108e-10,-1.005025536751635862e-09,1.335669801323657868e-09,-1.405127951926293806e-09,2.203538873937760378e-09,-2.402224192569329952e-09,4.377973511059812806e-09,-5.751806120800340150e-09,1.239205603496135177e-08,-1.762206299892737915e-08,1.707317509244687948e-08,7.200042662428018936e-08,-1.740490948864970022e-07
2.208995663369729634e+00,-5.108604755787606866e-01,-7.870630516345830663e-05,2.234632620113553153e-02,-4.596211627582113234e-03,-5.539917048325640470e-04,5.626562996378882062e-04,-1.416337390358285778e-04,2.627949127095331738e-06,1.058913544669908002e-05,-4.130035264989471988e-06,7.607200374799838460e-07,1.398630773696840635e-09,-5.002065036653624563e-08,1.725973444721695671e-08,-3.264599451879846015e-09,-4.737298747725660064e-10,6.610484382107983947e-10,-8.657764921649047096e-10,8.802493699222591061e-10,-9.920258225992739654e-10,1.317032544655150073e-09,-1.385859303617426042e-09,2.174120804394885642e-09,-2.368287758177517466e-09,4.319624896925028379e-09,-5.669364929773712536e-09,1.223300000532945297e-08,-1.741692848191561671e-08,1.697477883429165946e-08,7.108510167649906286e-08,-1.721746745869667805e-07
2.212669068769718361e+00,-5.119235437328846228e-01,-3.805588907811185972e-04,2.257377134265119156e-02,-4.618991944752402420e-03,-5.802908646168245498e-04,5.763028801429349868e-04,-1.437671536612776524e-04,1.842485895403069007e-06,1.117063074889193541e-05,-4.297576975421761591e-06,7.761301288296620915e-07,9.751228817467261223e-09,-5.473612594425469879e-08,1.854914832843945760e-08,-3.456808783663944951e-09,-4.762961830495626714e-10,6.649407552350439232e-10,-8.604677734225241181e-10,8.674759452431679563e-10,-9.788596990259468278e-10,1.298063216810529941e-09,-1.366315901998177429e-09,2.144165881304282983e-09,-2.333853988973483284e-09,4.260236754084073540e-09,-5.585675916588983547e-09,1.207080700497964454e-08,-1.720688795874697474e-08,1.686987074339674209e-08,7.015158581813452088e-08,-1.702502943484729414e-07
2.216360478358349262e+00,-5.129891946645812606e-01,-6.871934419865124988e-04,2.280367928653650317e-02,-4.641397117705006563e-03,-6.073851757210434014e-04,5.902471323802312500e-04,-1.458906444970296118e-04,1.000026374612262431e-06,1.177895656593458407e-05,-4.470418507594373092e-06,7.907692326503124036e-07,1.906006487015221573e-08,-5.981431105972490059e-08,1.991363243747379386e-08,-3.651608987409460383e-09,-4.834443956269751652e-10,6.707623761981196253e-10,-8.555849223546019289e-10,8.545733530540555734e-10,-9.655365482835742696e-10,1.278775012963917490e-09,-1.346512899444429756e-09,2.113695872843490697e-09,-2.298949661715121717e-09,4.199853023516275652e-09,-5.500804002404879878e-09,1.190559301535512593e-08,-1.699207891579790353e-08,1.675846895803079217e-08,6.920053299830364324e-08,-1.682771576250186030e-07
2.220070098209347087e+00,-5.140574431417574974e-01,-9.986912481042657663e-04,2.303608176150597278e-02,-4.663405900207159491e-03,-6.352970545761595089e-04,6.044943887878202055e-04,-1.480010477553066889e-04,9.751300333654330799e-08,1.241518763792949509e-05,-4.648608308468592937e-06,8.044947655012207877e-07,2.940672742812733276e-08,-6.527910710769913027e-08,2.135593377139421989e-08,-3.847926838274062789e-09,-4.959190280651171179e-10,6.787622824910855002e-10,-8.511848725856197007e-10,8.415559187013865738e-10,-9.520658749220811679e-10,1.259181601001579942e-09,-1.326465989999470185e-09,2.082733728536734219e-09,-2.263602844661954938e-09,4.138519872718543491e-09,-5.414817039195440884e-09,1.173748088480197627e-08,-1.677264863889776914e-08,1.664060133958755738e-08,6.823263559371794962e-08,-1.662565621979306130e-07
2.223798138766258869e+00,-5.151283041185255041e-01,-1.315135508404688403e-03,2.327101104733944256e-02,-4.684996235158138053e-03,-6.640495797815820084e-04,6.190500129334549836e-04,-1.500949790173610257e-04,-8.682588224962102530e-07,1.308043226934743619e-05,-4.832182192959690731e-06,8.171500585456292765e-07,4.087879072571520833e-08,-7.115564690414466487e-08,2.287866901484747473e-08,-4.044476531461782542e-09,-5.145570358688900114e-10,6.892139498004823395e-10,-8.473282214760402553e-10,8.284379050815804391e-10,-9.384570759385368888e-10,1.239297279381768035e-09,-1.306191536876166737e-09,2.051303514202795775e-09,-2.227842718464934091e-09,4.076285801957180155e-09,-5.327785900389320206e-09,1.156660006185541989e-08,-1.654875414827672309e-08,1.651630595483899455e-08,6.724862408255538604e-08,-1.641899012999603613e-07
2.227544814978346110e+00,-5.162017927393169892e-01,-1.636611393976254020e-03,2.350849998844628530e-02,-4.706145221944019706e-03,-6.936665141226835626e-04,6.339193947399943130e-04,-1.521688203595587645e-04,-1.900647389591145903e-06,1.377583256046387150e-05,-5.021161645806133944e-06,8.285632000226694771e-07,5.357019252673345111e-08,-7.747031659753600419e-08,2.448427820211929173e-08,-4.239730455601886661e-09,-5.402977232282779596e-10,7.024172354874735902e-10,-8.440790358332783683e-10,8.152335820299505542e-10,-9.247195275133290870e-10,1.219136777641516289e-09,-1.285706484853432752e-09,2.019430478741868207e-09,-2.191699632544952259e-09,4.013201515030984101e-09,-5.239784351632886805e-09,1.139308673705347053e-08,-1.632056233907830389e-08,1.638563134828685541e-08,6.624926722140211943e-08,-1.620786643091731705e-07
2.231310346442067605e+00,-5.172779243431300245e-01,-1.963206112202856707e-03,2.374858200788532159e-02,-4.726829082264774086e-03,-7.241723274517782895e-04,6.491079452470207428e-04,-1.542187067405894653e-04,-3.003171587083203892e-06,1.450256454225279379e-05,-5.215551961073455756e-06,8.385457924628414439e-07,6.758162990512517343e-08,-8.425077096911592900e-08,2.617497067702867497e-08,-4.431886635458681667e-09,-5.741936787151402655e-10,7.187003353559262564e-10,-8.415047339505044022e-10,8.019567787620474064e-10,-9.108624410281151995e-10,1.198715392572435867e-09,-1.265028381960270343e-09,1.987140925766017752e-09,-2.155205037004948032e-09,3.949319930113270871e-09,-5.150888993544350258e-09,1.121708379870148264e-08,-1.608824999003305445e-08,1.624863693594491565e-08,6.523537159769388083e-08,-1.599244373040598077e-07
2.235094957548450889e+00,-5.183567144679136485e-01,-2.295008973980335043e-03,2.399129112185921509e-02,-4.747023124349748768e-03,-7.555922204728563601e-04,6.646210908731395306e-04,-1.562405116067224625e-04,-4.179518116643327064e-06,1.526183820171889138e-05,-5.415340204988246253e-06,8.468916185052494106e-07,8.302097305977473862e-08,-9.152594064587571410e-08,2.795266275390506650e-08,-4.618832538660910814e-09,-6.174223909916065622e-10,7.384219347095211106e-10,-8.396759607065540365e-10,7.886206826457353714e-10,-8.968946973997304895e-10,1.178048933576925084e-09,-1.244175324831980900e-09,1.954462260436717891e-09,-2.118391465716351618e-09,3.884696103857721017e-09,-5.061179175844948697e-09,1.103874067501231515e-08,-1.585200378254048026e-08,1.610539341993788565e-08,6.420778129664905798e-08,-1.577289030635364853e-07
2.238898877636652962e+00,-5.194381788550921364e-01,-2.632111463816755315e-03,2.423666195470420420e-02,-4.766701705471745182e-03,-7.879521494717281471e-04,6.804642671405730994e-04,-1.582298316675943492e-04,-5.433549002783338855e-06,1.605489738275029526e-05,-5.620492987585233580e-06,8.533752095616492506e-07,1.000036970073836518e-07,-9.932603027909547855e-08,2.981890571962519942e-08,-4.798104413783477185e-09,-6.712991967861015041e-10,7.619731373642579797e-10,-8.386664002157928621e-10,7.752375096037322777e-10,-8.828246970266073745e-10,1.157153517970799239e-09,-1.223165949602866842e-09,1.921423003342637159e-09,-2.081292497287806631e-09,3.819387160274717585e-09,-4.970736908020689793e-09,1.085821327469205233e-08,-1.561202021480023738e-08,1.595598298279043981e-08,6.316737726982935008e-08,-1.554938411085782235e-07
2.242722341154029131e+00,-5.205223334542392610e-01,-2.974607312969661244e-03,2.448472975439699995e-02,-4.785838192664001664e-03,-8.212788520386192850e-04,6.966429118205443374e-04,-1.601819707916455476e-04,-6.769309414508123401e-06,1.688301954604065624e-05,-5.830954026094306575e-06,8.577503110918441309e-07,1.186533303849240939e-07,-1.076825049059482176e-07,3.177480378813157813e-08,-4.966842631626278148e-09,-7.372911448033647730e-10,7.897799358946855364e-10,-8.385522901055431078e-10,7.618181085966568844e-10,-8.686602175414503968e-10,1.136045691546572201e-09,-1.202019353843675198e-09,1.888052571057119433e-09,-2.043942635369250249e-09,3.753452312849070438e-09,-4.879646760009431761e-09,1.067566375145129198e-08,-1.536850551767804385e-08,1.580049978529285415e-08,6.211507664471982437e-08,-1.532211271332295510e-07
2.246565587823072363e+00,-5.216091944279075410e-01,-3.322592575783774038e-03,2.473553040860201196e-02,-4.804404921537285683e-03,-8.555998738301257359e-04,7.131624574547301698e-04,-1.620919229674967592e-04,-8.191035808227317694e-06,1.774751536948778602e-05,-6.046641482912798460e-06,8.597482379088874915e-07,1.391019213200367366e-07,-1.166280634273125782e-07,3.382092009229786811e-08,-5.121741475377916686e-09,-8.170324278244933680e-10,8.223048214572870052e-10,-8.394118455878896157e-10,7.483715001865842709e-10,-8.544082845743372623e-10,1.114742196987872358e-09,-1.180755055361915051e-09,1.854381466090404551e-09,-2.006377384979746159e-09,3.686952649434305229e-09,-4.787995671814981868e-09,1.049126046670859069e-08,-1.512167559659244320e-08,1.563905015905531215e-08,6.105183178103934516e-08,-1.509127321719372361e-07
2.250428862815570419e+00,-5.226987781566183600e-01,-3.676165709402139797e-03,2.498910046128218626e-02,-4.822373153088488525e-03,-8.909435964204459601e-04,7.300283232037733938e-04,-1.639543542744726148e-04,-9.703164402575115838e-06,1.864972816999991428e-05,-6.267445059479626046e-06,8.590761120330983602e-07,1.614905201108990385e-07,-1.261965958676558586e-07,3.595716896453993172e-08,-5.258993962531377520e-09,-9.123400784849522438e-10,8.600490875032562599e-10,-8.413246904703797213e-10,7.349043769366847556e-10,-8.400747727663193665e-10,1.093259963461101769e-09,-1.159393062458158319e-09,1.820441178010390182e-09,-1.968633094213967372e-09,3.619951168248175533e-09,-4.695872916210541703e-09,1.030517777188266759e-08,-1.487175574008126056e-08,1.547175279732748709e-08,5.997862917439533703e-08,-1.485707213505493840e-07
2.254312416934380447e+00,-5.237911012440215064e-01,-4.035427657034774962e-03,2.524547712990070358e-02,-4.839713028385879412e-03,-9.273392662967694725e-04,7.472459059725692146e-04,-1.657635838005835915e-04,-1.131033999678295043e-05,1.959103312381815093e-05,-6.493222824022898410e-06,8.554149766512586517e-07,1.859696761429691092e-07,-1.364231224897094474e-07,3.818269384003869504e-08,-5.374230505061916574e-09,-1.025231829987482968e-09,9.035548143021543410e-10,-8.443707677496803399e-10,7.214201215577364934e-10,-8.256643251047801613e-10,1.071616182943269102e-09,-1.137953693514798248e-09,1.786263961398026900e-09,-1.930746901766811074e-09,3.552512643865274322e-09,-4.603369863683676178e-09,1.011759559813030229e-08,-1.461898052525917313e-08,1.529873923725166840e-08,5.889648824891624557e-08,-1.461972520960808097e-07
2.258216506803241153e+00,-5.248861805222313492e-01,-4.400481934983494631e-03,2.550469832323958019e-02,-4.856393521004490933e-03,-9.648170250546959231e-04,7.648205707539885989e-04,-1.675135634423819374e-04,-1.301742514224794520e-05,2.057283626115576081e-05,-6.723797752415921342e-06,8.484177780017712611e-07,2.126999490599523757e-07,-1.473437115599024461e-07,4.049572843722870630e-08,-5.462450852755651454e-09,-1.157944989893522347e-09,9.534063816207805075e-10,-8.486290836717813590e-10,7.079184599634302799e-10,-8.111800935822754965e-10,1.049827994502317008e-09,-1.116457521051217316e-09,1.751882982431451907e-09,-1.892756688361141304e-09,3.484703403004024702e-09,-4.510579773402134673e-09,9.928699369610161085e-09,-1.436359359230365840e-08,1.512015391190446589e-08,5.780645963987529612e-08,-1.437945721938227450e-07
2.262141395065062177e+00,-5.259840330573464229e-01,-4.771434723632162617e-03,2.576680265986276003e-02,-4.872382387080138530e-03,-1.003407940853517054e-03,7.827576401311028831e-04,-1.691978565176574176e-04,-1.482950967809405773e-05,2.159657320857134855e-05,-6.958953957114308309e-06,8.377072071340599391e-07,2.418524319824227886e-07,-1.589953717712200287e-07,4.289343905061748785e-08,-5.517949513977882248e-09,-1.312956118826313912e-09,1.010232106302133559e-09,-8.541764240366234162e-10,6.943942643111711277e-10,-7.966231962280856393e-10,1.027912447867929124e-09,-1.094925490986026206e-09,1.717332216537303946e-09,-1.854700932765740440e-09,3.416591292000614732e-09,-4.417597644027632109e-09,9.738679678655826066e-09,-1.410584722725399809e-08,1.493615430121775223e-08,5.670962378162558437e-08,-1.413650170950520035e-07
2.266087350589156557e+00,-5.270846761551613024e-01,-5.148394962625552768e-03,2.603182948725531187e-02,-4.887646112841014141e-03,-1.043144041195003761e-03,8.010623828724047421e-04,-1.708096151158038437e-04,-1.675192064178564200e-05,2.266370764954922512e-05,-7.198432578246153485e-06,8.228733933742654605e-07,2.736092841702786327e-07,-1.714159160032258100e-07,4.537174627672335703e-08,-5.534232710990849569e-09,-1.493002610430949062e-09,1.074705102688255920e-09,-8.610853072243962458e-10,6.808365468624621997e-10,-7.819925054719512048e-10,1.005886393276589352e-09,-1.073378719240736245e-09,1.682646279255184396e-09,-1.816618647610540593e-09,3.348245514612352425e-09,-4.324519976058732729e-09,9.547731762322986260e-09,-1.384600204715896732e-08,1.474691120433024860e-08,5.560708872184849660e-08,-1.389110067251397851e-07
2.270054648687935384e+00,-5.281881273670803179e-01,-5.531474450476095428e-03,2.629981890167011616e-02,-4.902149859464088183e-03,-1.084058347093458299e-03,8.197400015486277711e-04,-1.723415561059884159e-04,-1.879023256477025880e-05,2.377572946993082581e-05,-7.441927308501211646e-06,8.034714411913820853e-07,3.081642704020476353e-07,-1.846437917736587497e-07,4.792512364737433472e-08,-5.503927674732622677e-09,-1.701105228901766964e-09,1.147544129165289917e-09,-8.694217776272772369e-10,6.672271901653203940e-10,-7.672841789013729041e-10,9.837664190215367199e-10,-1.051838438830693390e-09,1.647860429707104224e-09,-1.778549322574429770e-09,3.279736528367938053e-09,-4.231444560194586035e-09,9.356055240879873613e-09,-1.358432658634528556e-08,1.455260880377229338e-08,5.449998799131328120e-08,-1.364350418892046335e-07
2.274043571343588255e+00,-5.292944044962433203e-01,-5.920787948855168320e-03,2.657081176871593786e-02,-4.915857405094026938e-03,-1.126184908708477081e-03,8.387956190937951445e-04,-1.737859357178526791e-04,-2.095027816300569848e-05,2.493415255260672536e-05,-7.689079521271471873e-06,7.790188015117938125e-07,3.457233036154722106e-07,-1.987178734202954544e-07,5.054637043644394367e-08,-5.418682419433551445e-09,-1.940591826121718100e-09,1.229513282852146006e-09,-8.792422762082807708e-10,6.535394794782156680e-10,-7.524913374704067515e-10,9.615687499714420383e-10,-1.030325952160182634e-09,1.613010450034202403e-09,-1.740532797316757252e-09,3.211135788262070578e-09,-4.138470115211401179e-09,9.163853641191987975e-09,-1.332109682630755465e-08,1.435344465679222470e-08,5.338947831404206035e-08,-1.339397003169429112e-07
2.278054407445340601e+00,-5.304035256038697188e-01,-6.316453291841970380e-03,2.684484974472184371e-02,-4.928731083850498157e-03,-1.169558842516019419e-03,8.582342642275081826e-04,-1.751345226034079980e-04,-2.323815943154877023e-05,2.614051218184643144e-05,-7.939472969392593477e-06,7.489924677295950461e-07,3.865049868993081228e-07,-2.136772102138972951e-07,5.322635589222191044e-08,-5.269055858292404082e-09,-2.215122391069357377e-09,1.321421153055446496e-09,-8.905905041212136553e-10,6.397364860077914273e-10,-7.376033412526128430e-10,9.393088633291579725e-10,-1.008862550357786381e-09,1.578132706112067574e-09,-1.702609132240434642e-09,3.142515483077479299e-09,-4.045696090203970696e-09,8.971333971714845479e-09,-1.305659563365785258e-08,1.414962974219391434e-08,5.227673682481337458e-08,-1.314276315417250984e-07
2.282087453037890956e+00,-5.315155090158345530e-01,-6.718591500421887408e-03,2.712197529891637732e-02,-4.940731721637062895e-03,-1.214216370098354474e-03,8.780608556479161872e-04,-1.763785692825135289e-04,-2.566025915273946467e-05,2.739636201374694852e-05,-8.192628018525820177e-06,7.128259875595344131e-07,4.307411494985924350e-07,-2.295607239022334767e-07,5.595373109290591174e-08,-5.044398093678736927e-09,-2.528714446170532426e-09,1.424119211446139843e-09,-9.034932108020754526e-10,6.257689436073299305e-10,-7.226051996350735251e-10,9.170016091950006221e-10,-9.874695497055774318e-10,1.543263806677575012e-09,-1.664818455836269973e-09,3.073948593498160298e-09,-3.953222420857022135e-09,8.778706036844524663e-09,-1.279111216164613429e-08,1.394138845860204423e-08,5.116295829013517427e-08,-1.289015517796920918e-07
2.286143011581690754e+00,-5.326303733294865950e-01,-7.127326902546027299e-03,2.740223173646142568e-02,-4.951818568552267957e-03,-1.260194858639084384e-03,8.982801848982499213e-04,-1.775087818666502490e-04,-2.822325282668923518e-05,2.870327056392688037e-05,-8.447995376283969071e-06,6.699062812297665315e-07,4.786773704235774973e-07,-2.464068491626197899e-07,5.871460653783522332e-08,-4.732718161815085978e-09,-2.885770178373547878e-09,1.538498217712458427e-09,-9.179549204096915105e-10,6.115730318001499910e-10,-7.074770725853940512e-10,8.946610275534228052e-10,-9.661681355140061545e-10,1.508440688330336954e-09,-1.627200934758987749e-09,3.005508443683357900e-09,-3.861149081019199514e-09,8.586182020150351368e-09,-1.252494124040492984e-08,1.372895836772303202e-08,5.004935187472026037e-08,-1.263642379345508715e-07
2.290221394225778972e+00,-5.337481374207211360e-01,-7.542787259089703267e-03,2.768566322238409302e-02,-4.961949227687046521e-03,-1.307532863214051592e-03,9.188968977998160370e-04,-1.785152879485839977e-04,-3.093412103055822801e-05,3.006281715968797674e-05,-8.704949275660685271e-06,6.195702560605684250e-07,5.305734830738512153e-07,-2.642531082182320024e-07,6.149218954865087738e-08,-4.320541119318122014e-09,-3.291103181646271025e-09,1.665483473356488275e-09,-9.339521794826666223e-10,5.970678985944832817e-10,-6.921935368636722430e-10,8.723000472984909770e-10,-9.449792476301510646e-10,1.473700474152739304e-09,-1.589796553517347499e-09,2.937268509146939710e-09,-3.769575760044496793e-09,8.393975819975807440e-09,-1.225838256683348115e-08,1.351259015271166763e-08,4.893713780734776364e-08,-1.238185208668474147e-07
2.294322920093919471e+00,-5.348688204513192268e-01,-7.965103896069195694e-03,2.797231480645060234e-02,-4.971079580076506570e-03,-1.356270170975488239e-03,9.399154743356709363e-04,-1.793876025373017727e-04,-3.380016221305988736e-05,3.147658729792893878e-05,-8.962780068187507776e-06,5.611012077327837133e-07,5.867040525076028246e-07,-2.831356108456972720e-07,6.426637905176946219e-08,-3.792751390729875993e-09,-3.749965671318022942e-09,1.806028299133899395e-09,-9.514263196730432526e-10,5.821525587978992888e-10,-6.767226197815223721e-10,8.499304229164783564e-10,-9.239236771485526134e-10,1.439080365289724384e-09,-1.552644950976456162e-09,2.869302204687451674e-09,-3.678601651155993801e-09,8.202302353380735989e-09,-1.199173996734026471e-08,1.329254732326812238e-08,4.782754363386043650e-08,-1.212672785660950936e-07
2.298447916584857253e+00,-5.359924418765633636e-01,-8.394411843500471787e-03,2.826223244903003709e-02,-4.979163705559652361e-03,-1.406447847331819198e-03,9.613402068615658352e-04,-1.801145919090698169e-04,-3.682900593034166281e-05,3.294616734470564440e-05,-9.220686176918992116e-06,4.937249980831170948e-07,6.473588146736070081e-07,-3.030884694089908127e-07,6.701331224656659202e-08,-3.132423265217454400e-09,-4.268075559643591532e-09,1.961104514891509609e-09,-9.702748535178606915e-10,5.667023204869447994e-10,-6.610250602098743933e-10,8.275626035142424897e-10,-9.030219089850577419e-10,1.404617521252871093e-09,-1.515785402576852459e-09,2.801682748646006083e-09,-3.588324902839556962e-09,8.011376854879376230e-09,-1.172532047843954928e-08,1.306910589471410589e-08,4.672180044587581627e-08,-1.187134278518575670e-07
2.302596719687556970e+00,-5.371190214531504914e-01,-8.830849981316852421e-03,2.855546304800025276e-02,-4.986153799277972046e-03,-1.458108284234126313e-03,9.831751765065083887e-04,-1.806844352352991560e-04,-4.002862652575326502e-05,3.447313850439299304e-05,-9.477765357649575728e-06,4.166060007223040818e-07,7.128430666754337341e-07,-3.241431178104686728e-07,6.970485859347785862e-08,-2.320637099151312555e-09,-4.851642379510856529e-09,2.131690698958799146e-09,-9.903416142709176029e-10,5.505651004544809268e-10,-6.450533475421682539e-10,8.052055593468776529e-10,-8.822941275146711781e-10,1.370348981857838488e-09,-1.479256585279475900e-09,2.734482659836473539e-09,-3.498842309195698830e-09,7.821414138749205325e-09,-1.145943344816463538e-08,1.284255388839250500e-08,4.562113864112204986e-08,-1.161599161719761852e-07
2.306769674312375784e+00,-5.382485792474116515e-01,-9.274561192789961689e-03,2.885205446674907193e-02,-4.992000083525354945e-03,-1.511295250686152565e-03,1.005424227615628156e-03,-1.810845838375201890e-04,-4.340735725572465037e-05,3.605906998054020374e-05,-9.733005210984038702e-06,3.288428042204707968e-07,7.834779943236697131e-07,-3.463275212844257878e-07,7.230805557090214108e-08,-1.336280641694997939e-09,-5.507391417913787279e-09,2.318756436858748771e-09,-1.011404834883045112e-09,5.335569035203047150e-10,-6.287506609109483335e-10,7.828666612544332715e-10,-8.617602013927250226e-10,1.336311549263169418e-09,-1.443096423608958290e-09,2.667773673845075244e-09,-3.410248884498645605e-09,7.632627794552926392e-09,-1.119438951778517488e-08,1.261319090839485568e-08,4.452678365948758987e-08,-1.136097123044521595e-07
2.310967134639153819e+00,-5.393811356438555915e-01,-9.725692525934200028e-03,2.915205556332881726e-02,-4.996650714638406661e-03,-1.566053945603219401e-03,1.028090940074344491e-03,-1.813017179091696435e-04,-4.697390486158850229e-05,3.770551124166778012e-05,-9.985272883571323643e-06,2.294636640125941041e-07,8.596009211103705638e-07,-3.696652627910995692e-07,7.478448049713648516e-08,-1.558351225838805476e-10,-6.242585781635057174e-09,2.523242823015969805e-09,-1.033163270214298990e-09,5.154567432608114785e-10,-6.120498526399065220e-10,7.605515869868462175e-10,-8.414396080944075429e-10,1.302541678682711535e-09,-1.407341999014322109e-09,2.601626341008217436e-09,-3.322637456403682021e-09,7.445229403043457372e-09,-1.093049953587027501e-08,1.238132754134702029e-08,4.343995129232891550e-08,-1.110657965736061570e-07
2.315189464483324855e+00,-5.405167113540543244e-01,-1.018439536340972826e-02,2.945551622082552903e-02,-5.000051684592693446e-03,-1.622431053153866858e-03,1.051178599338009612e-03,-1.813217005308415813e-04,-5.073736458396796781e-05,3.941398329640900117e-05,-1.023330389262212120e-05,1.174216951007125975e-07,9.415654604865569821e-07,-3.941744900724797329e-07,7.708955208907131151e-08,1.246854203218461521e-09,-7.065044202447801069e-09,2.746037647272103754e-09,-1.055219973900012320e-09,4.960008480325850400e-10,-5.948721558748926164e-10,7.382642249267878931e-10,-8.213515874377907977e-10,1.269075464507829487e-09,-1.372029294864629545e-09,2.536109768806055209e-09,-3.236098243108304073e-09,7.259427605918467030e-09,-1.066807347408632589e-08,1.214728468680592588e-08,4.236184288769484496e-08,-1.085311506915376256e-07
2.319437037681201019e+00,-5.416553274258875117e-01,-1.065082560147978530e-02,2.976248737900828376e-02,-5.002146716942967516e-03,-1.680474800726604323e-03,1.074690163976615813e-03,-1.811295287930865007e-04,-5.470723561449425398e-05,4.118596887256464889e-05,-1.047569000131153699e-05,-8.410202715671000195e-09,1.029741550211474288e-06,-4.198667053270654925e-07,7.917175509630780539e-08,2.900823525830986682e-09,-7.983154498569788871e-09,2.987944947019371966e-09,-1.077063306598180503e-09,4.748764229067781173e-10,-5.771261402803817830e-10,7.160067989897545004e-10,-8.015150739296150739e-10,1.235948397446118285e-09,-1.337193186908003373e-09,2.471291382036971962e-09,-3.150718372833816172e-09,7.075427200294720498e-09,-1.040741916084886309e-08,1.191139273847008351e-08,4.129364044105909848e-08,-1.060087464338499430e-07
2.323710238495690472e+00,-5.427970052531639888e-01,-1.112514383862508657e-02,3.007302106732874167e-02,-5.002877156715461980e-03,-1.740235019675161806e-03,1.098628230525536958e-03,-1.807092818259898800e-04,-5.889343697472243164e-05,4.302290138383929596e-05,-1.071086606817695658e-05,-1.492446928793092487e-07,1.124515344466670008e-06,-4.467453777225183220e-07,8.097178051669207122e-08,4.838251632666157320e-09,-9.005879472723243850e-09,3.249647384517828641e-09,-1.098044877245740736e-09,4.517144089333235968e-10,-5.587064604364866405e-10,6.937798131129158108e-10,-7.819489153404468595e-10,1.203195451257577098e-09,-1.302867137092933447e-09,2.407236472656837378e-09,-3.066581580248722849e-09,6.893428372393983761e-09,-1.014884102971957969e-08,1.167399060059137739e-08,4.023650135298595387e-08,-1.035015343292533530e-07
2.328009462043804767e+00,-5.439417665856425277e-01,-1.160751557445792448e-02,3.038717043934477738e-02,-5.002181853831130440e-03,-1.801763209005192989e-03,1.122994995415317436e-03,-1.800440655191429262e-04,-6.330632380990245528e-05,4.492615255608477243e-05,-1.093709578626513024e-05,-3.063856294088784793e-07,1.226288935243791123e-06,-4.748043559345965781e-07,8.242157403803851423e-08,7.094736631518827608e-09,-1.014275466393321778e-08,3.531660505706746278e-09,-1.117354007929005633e-09,4.260813542267261056e-10,-5.394926293894597435e-10,6.715823877914695039e-10,-7.626719551040439526e-10,1.170850868516259968e-09,-1.269083118975167235e-09,2.344008016765680713e-09,-2.983767573294660025e-09,6.713625458950461811e-09,-9.892638884283211365e-09,1.143542492816618239e-08,3.919155313128475093e-08,-1.010124314887450581e-07
2.332335114747423610e+00,-5.450896335394747050e-01,-1.209811141963998762e-02,3.070498980864946534e-02,-4.999997039599999443e-03,-1.865112602178561722e-03,1.147792213731227071e-03,-1.791159536977697184e-04,-6.795670407859586565e-05,4.689701857001852409e-05,-1.115245622203275833e-05,-4.812339659309231021e-07,1.335479871402908691e-06,-5.040260567367588207e-07,8.344328383813603978e-08,9.709587189821178299e-09,-1.140387446973978314e-08,3.834277173542233186e-09,-1.133988181134526485e-09,3.974707091236595602e-10,-5.193478173556864697e-10,6.494123841113697004e-10,-7.437032526272369104e-10,1.138948267295769590e-09,-1.235871556135026417e-09,2.281666286896993912e-09,-2.902351650246187686e-09,6.536206187401916168e-09,-9.639106421030496641e-09,1.119604872874824242e-08,3.815988800295877503e-08,-9.854430904621125364e-08
2.336687614808891311e+00,-5.462406286080869755e-01,-1.259710731755952356e-02,3.102653468638830875e-02,-4.996256195790844609e-03,-1.930338237221389426e-03,1.173021154531215735e-03,-1.779059255045639491e-04,-7.285585561462182974e-05,4.893670456562661947e-05,-1.135482105637380945e-05,-6.752939486452669282e-07,1.452520437180207513e-06,-5.343794008908636650e-07,8.394809970779792963e-08,1.272612709657394703e-08,-1.279986457103365893e-08,4.157500538282121738e-09,-1.146718858757722614e-09,3.652928792785559153e-10,-4.981178594598567599e-10,6.272670967713556145e-10,-7.250624944193928556e-10,1.107520500656655749e-09,-1.203260965691732576e-09,2.220268571426209370e-09,-2.822404402205713758e-09,6.361350660642750565e-09,-9.388529886682206449e-09,1.095622035110488390e-08,3.714255743247907304e-08,-9.609997911330658837e-08
2.341067392713164885e+00,-5.473947746735351449e-01,-1.310468477858474368e-02,3.135186182045761327e-02,-4.990889915739314328e-03,-1.997497030338260104e-03,1.198682552426002038e-03,-1.763937987129711449e-04,-7.801554353296111591e-05,5.104630733335398241e-05,-1.154184242204737976e-05,-8.901795911925303173e-07,1.577856648216774405e-06,-5.658174662571263669e-07,8.383497426822650311e-08,1.619201164815287086e-08,-1.434183617698980839e-08,4.500964129183770979e-09,-1.154052367557945047e-09,3.288646091559321860e-10,-4.756304976608061175e-10,6.051439445028949926e-10,-7.067702300148082095e-10,1.076599732974248269e-09,-1.171278066723624445e-09,2.159868841503792547e-09,-2.743991053041211492e-09,6.189230353486480096e-09,-9.141186693879810310e-09,1.071630199508954995e-08,3.614056656719988325e-08,-9.368218155392238344e-08
2.345474891758369207e+00,-5.485520950183516709e-01,-1.362103112778534353e-02,3.168102923648110497e-02,-4.983825756907147089e-03,-2.066647853249119378e-03,1.224776555093363972e-03,-1.745581586777918311e-04,-8.344803794011054418e-05,5.322679600084333218e-05,-1.171093122444375606e-05,-1.127621426537904481e-06,1.711946915819786974e-06,-5.982748239527491130e-07,8.298921598537400968e-08,2.015955255507684285e-08,-1.604131863452984419e-08,4.863835584290043812e-09,-1.154185115537220696e-09,2.873973420358666431e-10,-4.516946426266765791e-10,5.830412871249412987e-10,-6.888485077488626374e-10,1.046217465092147414e-09,-1.139947572535021658e-09,2.100517509494997936e-09,-2.667171225632231080e-09,6.020007097418816899e-09,-8.897343836515581028e-09,1.047665836723110644e-08,3.515486871399908786e-08,-9.129357032844342967e-08
2.349910568616762507e+00,-5.497126133379162116e-01,-1.414633976708258925e-02,3.201409628066872320e-02,-4.974988084258849530e-03,-2.137851614479937927e-03,1.251302666371426064e-03,-1.723762826044456138e-04,-8.916613190499767319e-05,5.547899050437152951e-05,-1.185923582310271368e-05,-1.389473527696298560e-06,1.855260323604945860e-06,-6.316645187777469861e-07,8.128094507175998018e-08,2.468604826111331363e-08,-1.791016554508750858e-08,5.244703268902917159e-09,-1.144952251064257354e-09,2.399846883716083568e-10,-4.261003442446176237e-10,5.609599538353160497e-10,-6.713215270140460156e-10,1.016404577690310784e-09,-1.109292041903686687e-09,2.042261131474792935e-09,-2.591998488673391554e-09,5.853832137341780095e-09,-8.657256463789897438e-09,1.023765504662432768e-08,3.418635981244921851e-08,-8.893669974086026997e-08
2.354374893928304235e+00,-5.508763537533817312e-01,-1.468081045287377914e-02,3.235112366467107758e-02,-4.964297903764260805e-03,-2.211171344857981204e-03,1.278259684538980527e-03,-1.698240587909728011e-04,-9.518315963428320911e-05,5.780353760917629480e-05,-1.198361894145204276e-05,-1.677720783427143203e-06,2.008274452205277560e-06,-6.658746525400188743e-07,7.856340179801524215e-08,2.983411406809466371e-08,-1.996042744978332451e-08,5.641441327974838771e-09,-1.123769508004635043e-09,1.855890649493652234e-10,-3.986192730065507561e-10,5.389050525272942593e-10,-6.542164110792669796e-10,9.871914726650166116e-10,-1.079331820100226658e-09,1.985141977450116668e-09,-2.518519981974109978e-09,5.690845247298403908e-09,-8.421166403961566349e-09,9.999656862963446358e-09,3.323587313697196066e-08,-8.661401047771466466e-08
2.358868352929194501e+00,-5.520433408251848029e-01,-1.522464959027163001e-02,3.269217351254904980e-02,-4.951672685272480966e-03,-2.286672287480626554e-03,1.305645635352039452e-03,-1.668759004678321660e-04,-1.015130147855002052e-04,6.020088421947004942e-05,-1.208063266275403308e-05,-1.994486408915703557e-06,2.171472679031796749e-06,-7.007645235583559451e-07,7.467109668091165275e-08,3.567200734799769180e-08,-2.220418533760426527e-08,6.051050618904874057e-09,-1.087567251534249380e-09,1.230280079200785082e-10,-3.690059317135174766e-10,5.168881902356536884e-10,-6.375643355274740465e-10,9.586082786935956612e-10,-1.050084897941810924e-09,1.929197948526834017e-09,-2.446776115484078362e-09,5.531173724766802469e-09,-8.189300644730057588e-09,9.763026068143609848e-09,3.230417402674823357e-08,-8.432781574418957149e-08
2.363391446117962591e+00,-5.532135995671785267e-01,-1.577807054519214311e-02,3.303730940998820392e-02,-4.937026173937222873e-03,-2.364421992446838483e-03,1.333457699364359525e-03,-1.635046538291861848e-04,-1.081701688386378299e-04,6.267124769087327463e-05,-1.214649135812279762e-05,-2.342039666686397681e-06,2.345340868813161617e-06,-7.361602699113706239e-07,6.941779372160450379e-08,4.227393815559032930e-08,-2.465333660828239459e-08,6.469472013659327558e-09,-1.032715912785420187e-09,5.095963928614111182e-11,-3.370000788843752204e-10,4.949305947715698650e-10,-6.214016957245549477e-10,9.306849015414120352e-10,-1.021567010671409204e-09,1.874462373079727184e-09,-2.376800163367970287e-09,5.374931511589048361e-09,-7.961869910762253699e-09,9.528120502658166124e-09,3.139195495563407157e-08,-8.208028788592169889e-08
2.367944689961916094e+00,-5.543871554614263619e-01,-1.634129397564234101e-02,3.338659645589790725e-02,-4.920268189295926367e-03,-2.444490416664668164e-03,1.361692133010675675e-03,-1.596814998137074081e-04,-1.151696894306619007e-04,6.521458282505825099e-05,-1.217704238213636325e-05,-2.722803761243466902e-06,2.530363360441281739e-06,-7.718499601492428974e-07,6.259431523103486938e-08,4.972035608230562787e-08,-2.731932266519798702e-08,6.891367171357742905e-09,-9.549425972199543367e-10,-3.213151966718896801e-11,-3.023304696869733021e-10,4.730668504496216009e-10,-6.057716750093589120e-10,9.034515288663946819e-10,-9.937913972649092820e-10,1.820963461181962506e-09,-2.308618096604625469e-09,5.222218547352996953e-09,-7.739067283719924806e-09,9.295291531277727337e-09,3.049983089697949623e-08,-7.987344464999157623e-08
2.372528617647021498e+00,-5.555640344736929581e-01,-1.691454818367947588e-02,3.374010131654479883e-02,-4.901304411021550553e-03,-2.526950029072284540e-03,1.390344182879578623e-03,-1.553758491546703216e-04,-1.225272585416367632e-04,6.783054519371098379e-05,-1.216773435797936787e-05,-3.139363864015400074e-06,2.727018140438047800e-06,-8.075780685984357277e-07,5.396616128972020476e-08,5.809820119440090025e-08,-3.021278886794487306e-08,7.309863214732814640e-09,-8.492374650725942331e-10,-1.279484539151720668e-10,-2.647204747074916042e-10,4.513497969468871496e-10,-5.907261077867098642e-10,8.769387872115119720e-10,-9.667687770123500890e-10,1.768724401749605102e-09,-2.242248323212209238e-09,5.073119849555163263e-09,-7.521066782388563521e-09,9.064882162609921856e-09,2.962833474048909288e-08,-7.770913648674770968e-08
2.377143779874547391e+00,-5.567442630696811667e-01,-1.749806948964676215e-02,3.409789228238233744e-02,-4.880036150276266180e-03,-2.611875921636499804e-03,1.419407992543956012e-03,-1.505552301770953991e-04,-1.302591904003753444e-04,7.051845039840898971e-05,-1.211358285995150358e-05,-3.594475212338223147e-06,2.935771078975760173e-06,-8.430392650568552249e-07,4.327093405809279147e-08,6.750110237430106963e-08,-3.334316223124744738e-08,7.716254940559608144e-09,-7.097500642760934397e-10,-2.383944430750517540e-10,-2.238960822298352582e-10,4.298565678753640817e-10,-5.763276852283061302e-10,8.511781115008720811e-10,-9.405074071974772743e-10,1.717763099297331397e-09,-2.177701502199119732e-09,4.927704954152400951e-09,-7.308022089390353582e-09,8.837224844265856305e-09,2.877791370134441529e-08,-7.558903419857543327e-08
2.381790745708135759e+00,-5.579278682320585325e-01,-1.809210263044401176e-02,3.446003932775121986e-02,-4.856360105490517901e-03,-2.699345926524050754e-03,1.448876501250051865e-03,-1.451851687722200898e-04,-1.383824489546059584e-04,7.327722883003831567e-05,-1.200913328862265178e-05,-4.091071211919511397e-06,3.157069087317623812e-06,-8.778714435508233604e-07,3.021556199689356959e-08,7.802950502400207711e-08,-3.671813185446293204e-08,8.099659470905962166e-09,-5.296746374838789961e-10,-3.655835877081070606e-10,-1.795969631693261626e-10,4.086959902449560644e-10,-5.626525252655500964e-10,8.262022489768927613e-10,-9.150128814361391250e-10,1.668091890744821670e-09,-2.114980469838240174e-09,4.786027337031623086e-09,-7.100065416675016561e-09,8.612639292721047113e-09,2.794892572585694346e-08,-7.351461739357745273e-08
2.386470103475303084e+00,-5.591148774783263331e-01,-1.869690118375885377e-02,3.482661417363929618e-02,-4.830168101277391123e-03,-2.789440739872670310e-03,1.478741333692576605e-03,-1.392290599286864078e-04,-1.469146647240077673e-04,7.610537544241145758e-05,-1.184842071743665015e-05,-4.632271456727829473e-06,3.391332035683827795e-06,-9.116479058705884153e-07,1.447331889059544352e-08,8.979070370562780568e-08,-4.034301458177846911e-08,8.446617308366377586e-09,-3.011246321737992560e-10,-5.118484212862650651e-10,-1.315912144875253098e-10,3.880177975798537737e-10,-5.497932734077615180e-10,8.020457102284050954e-10,-8.902881348804569939e-10,1.619717467354203633e-09,-2.054080109128997300e-09,4.648123955609123614e-09,-6.897306349326615127e-09,8.391430357870821588e-09,2.714163662570490132e-08,-7.148716407723298971e-08
2.391182461727746400e+00,-5.603053188795847905e-01,-1.931272802036649444e-02,3.519769035370520077e-02,-4.801346809066736956e-03,-2.882244052625566183e-03,1.508992680022573640e-03,-1.326480301429124389e-04,-1.558741508245497544e-04,7.900089400041370585e-05,-1.162492647358362441e-05,-5.221389560280433051e-06,3.638943247771808664e-06,-9.438686086587350088e-07,-4.319362756355360489e-09,1.028987520190760563e-07,-4.421998564541063104e-08,8.740632009840432204e-09,-1.499621260503403164e-11,-6.797427620774953994e-10,-7.969494855708525449e-11,3.680239585301947614e-10,-5.378626103530459446e-10,7.787451829222025168e-10,-8.663333440385445616e-10,1.572640789728602106e-09,-1.994987341557424854e-09,4.514014887140732624e-09,-6.699830988610155913e-09,8.173885790441204335e-09,2.635621814545130448e-08,-6.950774092406852844e-08
2.395928450265270904e+00,-5.614992210802547401e-01,-1.993985578681463713e-02,3.557334328378548155e-02,-4.769777447901257100e-03,-2.977842688931851313e-03,1.539619165140909511e-03,-1.254007899680960499e-04,-1.652799179170522104e-04,8.196123520126750300e-05,-1.133153119888853644e-05,-5.861940669341265953e-06,3.900238363298974553e-06,-9.739503737411087103e-07,-2.656628132757798966e-08,1.174742144949281197e-07,-4.834714921464478010e-08,8.961641526084029863e-09,3.391785532991242746e-10,-8.720373347037568834e-10,-2.379790375178769679e-11,3.489823334826280821e-10,-5.269972921592702697e-10,7.563400114540819175e-10,-8.431457168729672436e-10,1.526856838879320222e-09,-1.937681289726489453e-09,4.383703216832152139e-09,-6.507701177417557492e-09,7.960274049298443622e-09,2.559274625210661291e-08,-6.757719556160779462e-08
2.400708721228625997e+00,-5.626966133188182617e-01,-2.057856742104195030e-02,3.595365033512611802e-02,-4.735335463676949505e-03,-3.076326752659282009e-03,1.570607706225646445e-03,-1.174434758921885646e-04,-1.751516877912359833e-04,8.498322799960558727e-05,-1.096046411984061275e-05,-6.557648505011760831e-06,4.175492332237837334e-06,-1.001215952711048685e-06,-5.271505142123711352e-08,1.336437184806804623e-07,-5.271742242740629081e-08,9.085413310572221235e-09,7.733872292581267516e-10,-1.091706666039859996e-09,3.610391586389427587e-11,3.312431639743151912e-10,-5.173628747634495539e-10,7.348725248115806075e-10,-8.207191861883678108e-10,1.482354535561197784e-09,-1.882133364525945263e-09,4.257174938959717991e-09,-6.320953782959493061e-09,7.750842240597521915e-09,2.485120053838385523e-08,-6.569614961760006366e-08
2.405523950267063338e+00,-5.638975254496535472e-01,-2.122915670373236655e-02,3.633869091159760978e-02,-4.697890184935993307e-03,-3.177789782614688641e-03,1.601943357326835425e-03,-1.087294806571123193e-04,-1.855099052511357052e-04,8.806300338803831756e-05,-1.050324823489989789e-05,-7.312451743312665953e-06,4.464904269351269162e-06,-1.024881827505624843e-06,-8.326086871346394247e-08,1.515392561990402953e-07,-5.731720115198513099e-08,9.082854468545065174e-09,1.301300005251970759e-09,-1.341903102525243696e-09,9.986622119539934062e-11,3.152589031843455736e-10,-5.091587117200813140e-10,7.143883149970942092e-10,-7.990441442187745658e-10,1.439116614938840133e-09,-1.828307369649423419e-09,4.134399066157978808e-09,-6.139600467781891613e-09,7.545814015297303001e-09,2.413146452800996045e-08,-6.386499423749469884e-08
2.410374837787026436e+00,-5.651019879660312828e-01,-2.189192884849775617e-02,3.672854653117596513e-02,-4.657304453119626153e-03,-3.282328917118605173e-03,1.633609139729053257e-03,-9.920927104664113705e-05,-1.963757479120026642e-04,9.119590980003183106e-05,-9.950641110194335948e-06,-8.130509511042154080e-06,4.768579863239502670e-06,-1.044044618481176911e-06,-1.187504331534583457e-07,1.712971759160186735e-07,-6.212477041134256694e-08,8.919228577930482516e-09,1.938436258730469319e-09,-1.625914139435913341e-09,1.671436600236830827e-10,3.016076988854310414e-10,-5.026236449615084645e-10,6.949362370278766576e-10,-7.781067040690814451e-10,1.397119365510735012e-09,-1.776159879330468927e-09,4.015328001951562475e-09,-5.963627465986609533e-09,7.345387513513212951e-09,2.343332660553754110e-08,-6.208388675377207733e-08
2.415262110289048358e+00,-5.663100320243614760e-01,-2.256720113430334823e-02,3.712330091199601834e-02,-4.613434224968042049e-03,-3.390045068641089725e-03,1.665585856634804567e-03,-8.883019207563472297e-05,-2.077711334570412488e-04,9.437641920291388320e-05,-9.292570952863267453e-06,-9.016205729053296258e-06,5.086510990770162777e-06,-1.057665961664774890e-06,-1.597859951713020976e-07,1.930567892771684058e-07,-6.710841907175968402e-08,8.553270161582027242e-09,2.702330657855522844e-09,-1.947098468568775331e-09,2.373235774566495593e-10,2.910215722920495018e-10,-4.980421361780451583e-10,6.765678520898044113e-10,-7.578879442429742319e-10,1.356332495969225782e-09,-1.725640490744806410e-09,3.899897876424168741e-09,-5.792995620527985334e-09,7.149733770306365699e-09,2.275648211536029919e-08,-6.035274986715410961e-08
2.420186521800676616e+00,-5.675216894697792114e-01,-2.325530358391104946e-02,3.752304006331452779e-02,-4.566128144503548911e-03,-3.501043109271013368e-03,1.697851890554473268e-03,-7.753625640523169327e-05,-2.197187238291314383e-04,9.759802283685128921e-05,-8.518067611217733370e-06,-9.974151981552610569e-06,5.418552139519958177e-06,-1.064555708064907069e-06,-2.070294785466719745e-07,2.169585099354165436e-07,-7.222421094521536133e-08,7.936188414769951294e-09,3.612692117682669846e-09,-2.308793455030322406e-09,3.094436078904250209e-10,2.844188808082126485e-10,-4.957503470237600851e-10,6.593366573201531189e-10,-7.383628782171858251e-10,1.316718837261754427e-09,-1.676692156209885765e-09,3.788029221026001370e-09,-5.627640724086002688e-09,6.958994889019742836e-09,2.210053633502906401e-08,-5.867127281233841529e-08
2.425148855414088533e+00,-5.687369928631655913e-01,-2.395657969252720787e-02,3.792785238174581353e-02,-4.515227081749490987e-03,-3.615432067862327757e-03,1.730382981596393505e-03,-6.526791769272425811e-05,-2.322419257471237085e-04,1.008531154329146695e-04,-7.615188131522392101e-06,-1.100918853193504771e-05,5.764393188719546535e-06,-1.063353285715717966e-06,-2.612066154344949709e-07,2.431414183323710176e-07,-7.741335907029966990e-08,7.010552360853239406e-09,4.691546789947764751e-09,-2.714187097296871798e-09,3.820899516920883698e-10,2.829425513328764907e-10,-4.961424760613342144e-10,6.432962123062435644e-10,-7.194987080086368003e-10,1.278233954446483800e-09,-1.629251759980437919e-09,3.679627848078570462e-09,-5.467474098463931398e-09,6.773282672581371067e-09,2.146500857613808932e-08,-5.703891484132306289e-08
2.430149924937996531e+00,-5.699559755097094449e-01,-2.467138721129428364e-02,3.833782875316885108e-02,-4.460563635023128554e-03,-3.733325339780063038e-03,1.763151984637665801e-03,-5.196182645208005657e-05,-2.453648868401786358e-04,1.041328666008681583e-04,-6.570936478603010833e-06,-1.212638303331112222e-05,6.123528035925987489e-06,-1.052507057666338119e-06,-3.231110099061185181e-07,2.717401314800138579e-07,-8.259914231756315672e-08,5.709051439928281013e-09,5.963353554017114533e-09,-3.166144475069687658e-09,4.532725896011502442e-10,2.880039887132035403e-10,-4.996765648815348904e-10,6.284971067888056595e-10,-7.012526627089843423e-10,1.240825608928020074e-09,-1.583250524173768214e-09,3.574585884236203270e-09,-5.312383544349430498e-09,6.592677445627082022e-09,2.084933709706193738e-08,-5.545491114922196374e-08
2.435190576674512553e+00,-5.711786714891304850e-01,-2.540009899078910643e-02,3.875306266074477618e-02,-4.401961593278077081e-03,-3.854840910262359414e-03,1.796128603111113269e-03,-3.755056685133574546e-05,-2.591124865789339732e-04,1.074270779159065825e-04,-5.371177007836881734e-06,-1.333102639670697559e-05,6.495218487148970987e-06,-1.030251500080264782e-06,-3.936080187616486370e-07,3.028808324700982268e-07,-8.768329691488663258e-08,3.953126312405963461e-09,7.455075973217262231e-09,-3.666976788191389502e-09,5.202728161485259406e-10,3.013330080250953280e-10,-5.068791020593210739e-10,6.149824477788556898e-10,-6.835691557065259882e-10,1.204433212886879545e-09,-1.538614548268757432e-09,3.472782924944517458e-09,-5.162234603325877025e-09,6.417227301630523684e-09,2.025288529244884117e-08,-5.391828135359322260e-08
2.440271691332858595e+00,-5.724051156876877045e-01,-2.614310389027538553e-02,3.917365029952145361e-02,-4.339235354565497069e-03,-3.980101592510496174e-03,1.829279096864051997e-03,-2.196237271077971023e-05,-2.735103210495994780e-04,1.107240240534653614e-04,-4.000541258465661887e-06,-1.462862518333916256e-05,6.878452749941796340e-06,-9.945820176708586313e-07,-4.736383080600203854e-07,3.366762867940131798e-07,-9.254180692586100321e-08,1.651469433427976696e-09,9.196190670079928964e-09,-4.218139077610816301e-09,5.794590007476840832e-10,3.250340422158992659e-10,-5.183476807502085393e-10,6.027812155667833238e-10,-6.663759713303185617e-10,1.168986912478131579e-09,-1.495265431004227930e-09,3.374087502016481777e-09,-5.016871849373993886e-09,6.246947533913860262e-09,1.967494828170046617e-08,-5.242784019421353747e-08
2.445394186093151845e+00,-5.736353438321146747e-01,-2.690080775912170527e-02,3.959969069815076625e-02,-4.272189296220404130e-03,-4.109235281732523740e-03,1.862565961227311342e-03,-5.120820777131974977e-06,-2.885846804628762995e-04,1.140102761132619213e-04,-2.442327619117667936e-06,-1.602488976897541162e-05,7.271897777938463037e-06,-9.432272090360849237e-07,-5.642209050527036140e-07,3.732196443839708166e-07,-9.702000881850469938e-08,-1.301600729974872195e-09,1.121860510044925263e-08,-4.819838712172286321e-09,6.260645517633389723e-10,3.616481541318661286e-10,-5.347505051614409588e-10,5.918986030473138982e-10,-6.495792376215447916e-10,1.134406615518890327e-09,-1.453120903553012377e-09,3.278358575060924540e-09,-4.876120902885805464e-09,6.081820448297636794e-09,1.911476109339727003e-08,-5.098221088351007069e-08
2.450559016835068604e+00,-5.748693925256340709e-01,-2.767363449755390337e-02,4.003128584829589165e-02,-4.200617091853073998e-03,-4.242375226490419787e-03,1.895947574068907251e-03,1.305550085938314564e-05,-3.043625181097654557e-04,1.172705050377946187e-04,-6.783934028619861833e-07,-1.752571739256116035e-05,7.673844613432720396e-06,-8.736183929013152660e-07,-6.664555166624452909e-07,4.125767860962969991e-07,-1.009269189333750205e-07,-5.027882984953713219e-09,1.355645082301570881e-08,-5.470534400475735026e-09,6.539227033128258704e-10,4.142200610290913687e-10,-5.568208966827414841e-10,5.823027181967033172e-10,-6.330571921710215211e-10,1.100600767207221553e-09,-1.412095634433646607e-09,3.185447477408592798e-09,-4.739790353605610740e-09,5.921795631982917918e-09,1.857150709605459582e-08,-4.957984098274970108e-08
2.455767180547951956e+00,-5.761072992862227293e-01,-2.846202720476989287e-02,4.046854084236502225e-02,-4.124300969624601979e-03,-4.379660318841374807e-03,1.929377807190296723e-03,3.265335157335864241e-05,-3.208714092653957954e-04,1.204872627625580908e-04,1.310961141061731117e-06,-1.913716903864746272e-05,8.082145759187239764e-06,-7.828562093217111828e-07,-7.815238287217640689e-07,4.547769357210462715e-07,-1.040286808362544946e-07,-9.667133024637841743e-09,1.624570895170096563e-08,-6.166300667992397067e-09,6.551520411249289744e-10,4.863688713926950236e-10,-5.853445731590634082e-10,5.739061396253797298e-10,-6.166519786118818125e-10,1.067465010048257446e-09,-1.372102223940602217e-09,3.095199774000995108e-09,-4.607674177967147067e-09,5.766790671726806927e-09,1.804432744195727523e-08,-4.821902026275193265e-08
2.461019717940930551e+00,-5.773491025873112026e-01,-2.926644942342784134e-02,4.091156402027210787e-02,-4.043010905599082362e-03,-4.521235404920967600e-03,1.962805597943845237e-03,5.376522687435165981e-05,-3.381394982959924633e-04,1.236407384273942658e-04,3.547117357918967706e-06,-2.086543891255052130e-05,8.494143478064014596e-06,-6.676741194679147728e-07,-9.106894276744714745e-07,4.998012052559452911e-07,-1.060410260989019804e-07,-1.537897004189048289e-08,1.932361266832050006e-08,-6.900027847700496153e-09,6.197862023951672406e-10,5.823590802297995417e-10,-6.211364669134189498e-10,5.665415376415738891e-10,-6.001597695377836050e-10,1.034880415737293724e-09,-1.333051996045553356e-09,3.007457568138943715e-09,-4.479554503375449137e-09,5.616692257126576493e-09,1.753233083018335137e-08,-4.689790074341448900e-08
2.466317716273949578e+00,-5.785948419011240906e-01,-3.008738649064343282e-02,4.136046712599970865e-02,-3.956503745177785032e-03,-4.667251617793199275e-03,1.996174476398666908e-03,7.648977987487030894e-05,-3.561954319340771696e-04,1.267084866270664495e-04,6.053271734821064065e-06,-2.271681504149251213e-05,8.906587771124671593e-06,-5.243986433908776057e-07,-1.055295901261632530e-06,5.475686882805419486e-07,-1.066206309630057802e-07,-2.234480120377746459e-08,2.282775667106218265e-08,-7.660423170796626380e-09,5.353424292406372409e-10,7.071681712433885991e-10,-6.650032885469059352e-10,5.599288064456198200e-10,-5.833182639171374806e-10,1.002711921740256917e-09,-1.294856568755803350e-09,2.922061833384587137e-09,-4.355204264068490705e-09,5.471357854627822981e-09,1.703460388025046512e-08,-4.561451857898468631e-08
2.471662312433230646e+00,-5.798445577448887445e-01,-3.092534700692005020e-02,4.181536547482246624e-02,-3.864522244717628549e-03,-4.817866734593584388e-03,2.029422042746960829e-03,1.009322788344535482e-04,-3.750682763476527633e-04,1.296651242751831884e-04,8.854578928845814600e-06,-2.469762926761692040e-05,9.315542613410124351e-06,-3.489062045339968998e-07,-1.216762567951557017e-06,5.979196473493431085e-07,-1.053552503016419450e-07,-3.076969494475445543e-08,2.679482823120249435e-08,-8.430772014539344994e-09,3.863236406123626843e-10,8.665438939320369016e-10,-7.176859523339018665e-10,5.536321687552026027e-10,-5.657918092372149488e-10,9.708070011944791577e-10,-1.257429671670806659e-09,2.838855003937240662e-09,-4.234390416427147308e-09,5.330617860316300138e-09,1.655022151270113540e-08,-4.436681767805428223e-08
2.477054696277736667e+00,-5.810982917301646955e-01,-3.178086443592129107e-02,4.227637813214268209e-02,-3.766794024394156358e-03,-4.973245560217403986e-03,2.062479388905979344e-03,1.272051044481029708e-04,-3.947874152300085392e-04,1.324819921915722232e-04,1.197830471226339621e-05,-2.681419458247080029e-05,9.716278835756458898e-06,-1.365764913420497439e-07,-1.396577156226319616e-06,6.505952709345841356e-07,-1.017525074059610901e-07,-4.088410621161386871e-08,3.125885022353669385e-08,-9.187412330913247160e-09,1.536505879126681684e-10,1.067041895813636287e-09,-7.797753224375592040e-10,5.470046481742540934e-10,-5.471536591861170251e-10,9.389943132938338710e-10,-1.220689313085471239e-09,2.757683957490403293e-09,-4.116877194183798938e-09,5.194277971284910755e-09,1.607825762112158330e-08,-4.315267405907707854e-08
2.482496114286723454e+00,-5.823560866155721438e-01,-3.265449884970536565e-02,4.274362810499610782e-02,-3.663030422165039750e-03,-5.133560340063176956e-03,2.095270457415182759e-03,1.554282909882560501e-04,-4.153824256610230865e-04,1.351267769890782816e-04,1.545398922699146166e-05,-2.907272737762232190e-05,1.010315182435606030e-05,1.177576929422413654e-07,-1.596284600571817869e-06,7.052133833007623309e-07,-9.522722162202956753e-08,-5.294531890687181885e-08,3.624880307029343385e-08,-9.897868354785677170e-09,-1.859753722549539745e-10,1.316030212757113294e-09,-8.515922819349319717e-10,5.391171120638915681e-10,-5.268653165656222992e-10,9.070837618356530907e-10,-1.184561284131580017e-09,2.678403299063297771e-09,-4.002429404396934398e-09,5.062122186705320104e-09,1.561779534864360386e-08,-4.196992114957609488e-08
2.487987873542498285e+00,-5.836179863632315890e-01,-3.354683883601944361e-02,4.321724254740665766e-02,-3.552925237300521427e-03,-5.298991204633014818e-03,2.127711329736541035e-03,1.857301159155716822e-04,-4.368829279350139663e-04,1.375630882178967979e-04,1.931362087537191741e-05,-3.147925173954159439e-05,1.046946195998668672e-05,4.198640372581746716e-07,-1.817470928797138008e-06,7.612393971845321516e-07,-8.508716631272505992e-08,-6.723842423117520894e-08,4.178546009897532443e-08,-1.051858278949824310e-08,-6.607756009024967625e-10,1.621641901490555870e-09,-9.330203779717161083e-10,5.286682151078858638e-10,-5.042535321589380892e-10,8.748681891782017495e-10,-1.148983691610233615e-09,2.600878788814459108e-09,-3.890815851795292879e-09,4.933916166252605429e-09,1.516793711464625716e-08,-4.081637541841764971e-08
2.493531346087217049e+00,-5.848840361992633241e-01,-3.445850358654907464e-02,4.369735298090571263e-02,-3.436153350325587934e-03,-5.469726649126122921e-03,2.159709434905576070e-03,2.182477431530924217e-04,-4.593184048860324796e-04,1.397499850109892167e-04,2.359182107738305723e-05,-3.403948238659033898e-05,1.080729544197106540e-05,7.761676142567508485e-07,-2.061740985118132308e-06,8.179516849116108546e-07,-7.051717150485803387e-08,-8.407659235487585647e-08,4.787723419108491640e-08,-1.099218042630023540e-08,-1.304651225594866126e-09,1.992650103949111795e-09,-1.023277069849004572e-09,5.138723491865393456e-10,-4.784852856813681665e-10,8.421275972565755996e-10,-1.113913388178094932e-09,2.524991698799744499e-09,-3.781812749244217731e-09,4.809410827921745124e-09,1.472781380185139710e-08,-3.968986174440747305e-08
2.499127973698020977e+00,-5.861542826787317084e-01,-3.539014518768937578e-02,4.418409553168729798e-02,-3.312369204333232529e-03,-5.645964051540380314e-03,2.191162668121972648e-03,2.531279258819497946e-04,-4.827179854520330382e-04,1.416414456453449211e-04,2.832603998819283736e-05,-3.675868221339993747e-05,1.110734282736350331e-05,1.193810729266733817e-06,-2.330688455662310865e-06,8.744004180716302699e-07,-5.056151719529111688e-08,-1.038003171333068408e-07,5.451478775342355476e-08,-1.124419109557739382e-08,-2.157971597423202770e-09,2.438230652102024720e-09,-1.120605939639029991e-09,4.923217137783875152e-10,-4.485425303749068782e-10,8.086381291134980831e-10,-1.079334899668077385e-09,2.450643347105818659e-09,-3.675206989434132154e-09,4.688346037784452136e-09,1.429659345769662693e-08,-3.858823756364149205e-08
2.504779273131172879e+00,-5.874287737554696465e-01,-3.634245113852044989e-02,4.467761118605084736e-02,-3.181205130426497611e-03,-5.827910233235911869e-03,2.221958407278418028e-03,2.905277754815653070e-04,-5.071101862818565460e-04,1.431857724696191866e-04,3.355676308790331991e-05,-3.964148965227703991e-05,1.135869225740195054e-05,1.680715191555715027e-06,-2.625856319507513525e-06,9.293587844294570743e-07,-2.410461956425802299e-08,-1.267752127720456201e-07,6.166410715380266083e-08,-1.117915644777145445e-08,-3.268357037268521115e-09,2.967566167626223272e-09,-1.221868008681459283e-09,4.608189758600889085e-10,-4.131993367254005456e-10,7.741878826385273360e-10,-1.045272782392026034e-09,2.377760276867091349e-09,-3.570799083502107507e-09,4.570454639751808656e-09,1.387348876752403370e-08,-3.750941651725625547e-08
2.510486841893336596e+00,-5.887075588572754370e-01,-3.731614712432572423e-02,4.517804606598738171e-02,-3.042269497458396314e-03,-6.015782066415425143e-03,2.251972413547720028e-03,3.306156041204275434e-04,-5.325226040626979823e-04,1.443249235224073473e-04,3.932772830605568010e-05,-4.269171015618741100e-05,1.154859394517440685e-05,2.245646197881340234e-06,-2.948685438763920530e-06,9.812653343488353386e-07,1.014991030112710746e-08,-1.533878181692038822e-07,6.925767986193376302e-08,-1.067604590149207056e-08,-4.691397375612693654e-09,3.589229369445334772e-09,-1.322005734050168968e-09,4.151787576928134271e-10,-3.710055622094254879e-10,7.386024040642591437e-10,-1.011808697590210748e-09,2.306300608389405538e-09,-3.468405644288519163e-09,4.455465829611426898e-09,1.345776345917926164e-08,-3.645138926811064550e-08
2.516252364606898162e+00,-5.899906889670250010e-01,-3.831200007828298310e-02,4.568555172700121403e-02,-2.895144663196648309e-03,-6.209807133553502806e-03,2.281067599930204810e-03,3.735718495240197660e-04,-5.589815498985824596e-04,1.449937608507820622e-04,4.568615301248427074e-05,-4.591206502362749076e-05,1.166219204823057409e-05,2.898276658849785470e-06,-3.300448498499974903e-06,1.028156037918837029e-06,5.370164095352958356e-08,-1.840387012924660226e-07,7.718334130851767227e-08,-9.582914770739359156e-09,-6.491217149733052860e-09,4.310265506492216847e-09,-1.413349229317795164e-09,3.499968682929566199e-10,-3.202841368857289872e-10,7.017847665838350402e-10,-9.791040981449450342e-10,2.236260753397251166e-09,-3.367861184377929362e-09,4.343108655699423615e-09,1.304873744473189490e-08,-3.541224272152199148e-08
2.522077620046581536e+00,-5.912782167103238784e-01,-3.933082156901819559e-02,4.620028548053076861e-02,-2.739384700449068195e-03,-6.410224444476858921e-03,2.309092649036249660e-03,4.195900916336725052e-04,-5.865116154498881650e-04,1.451192039949381063e-04,5.268296977265721909e-05,-4.930388948119149989e-05,1.168221954595330403e-05,3.649250328429526347e-06,-3.682165899368539108e-06,1.067584447650427038e-06,1.082767712434762331e-07,-2.191319572047989439e-07,8.527027732518899228e-08,-7.710754153233967401e-09,-8.740758344547017167e-09,5.134869419422261050e-09,-1.484729166001397260e-09,2.583906985945128021e-10,-2.591522222511466467e-10,6.637760059484409947e-10,-9.474303733041089526e-10,2.167682402933607255e-09,-3.269018765753028966e-09,4.233114882928878941e-09,1.264579047033365100e-08,-3.439017595696647334e-08
2.527964488936827347e+00,-5.925701964504028751e-01,-4.037347155770908136e-02,4.672241074365084124e-02,-2.574512867421497632e-03,-6.617285217574297648e-03,2.335880458245153009e-03,4.688781722532817803e-04,-6.151351585851859427e-04,1.446192752864025252e-04,6.037306919226288066e-05,-5.286677036552694942e-05,1.158865118187912824e-05,4.510241484761978725e-06,-4.094499467297008088e-06,1.096528170124733137e-06,1.758520778716299304e-07,-2.590599393753612034e-07,9.327157641375594110e-08,-4.826513116257258318e-09,-1.152159527246371384e-08,6.062522380813339939e-09,-1.520356576745207633e-09,1.317193576433339786e-10,-1.855813536698336375e-10,6.248434335047459154e-10,-9.172082572617146212e-10,2.100659979731994698e-09,-3.171748547831088061e-09,4.125220286893549471e-09,1.224836458646461068e-08,-3.338351307891063158e-08
2.533914962613963873e+00,-5.938666843910521687e-01,-4.144086257555518876e-02,4.725209741910213479e-02,-2.400018786507915509e-03,-6.831253732517062437e-03,2.361246386639142582e-03,5.216594303947908254e-04,-6.448716939244088057e-04,1.434020214642088217e-04,6.881554742925455326e-05,-5.659811184668701173e-05,1.135830891022156230e-05,5.494008116840518041e-06,-4.537618947683674797e-06,1.111279648274843268e-06,2.586784696168020758e-07,-3.041817474014330003e-07,1.008426256041139446e-07,-6.453273471151987906e-10,-1.492302137331286138e-08,7.085418806361543087e-09,-1.498428204432800115e-09,-4.069882278412428889e-11,-9.751861471118949964e-11,5.856070931994916684e-10,-8.890578997826359409e-10,2.035346931793247105e-09,-3.075934083829334753e-09,4.019165061527885108e-09,1.185596529978960589e-08,-3.239071250105141075e-08
2.539931152674524739e+00,-5.951677386885037002e-01,-4.253396438093000331e-02,4.778952230912170834e-02,-2.215355289651826411e-03,-7.052408262925480460e-03,2.384986273623059504e-03,5.781740679295281973e-04,-6.757371707689294182e-04,1.413642935721801802e-04,7.807395497958988240e-05,-6.049261533066715990e-05,1.096441360278789523e-05,6.614434543257552424e-06,-5.011035160346066775e-06,1.107319068244239091e-06,3.593028394255348701e-07,-3.547935976261351598e-07,1.075145397849697204e-07,5.177929265909320122e-09,-1.904004779708368122e-08,8.184968947402837536e-09,-1.389417318177488259e-09,-2.718399524578862803e-10,6.899775889523951378e-12,5.472171049625274009e-10,-8.638603708234493528e-10,1.971958790702998954e-09,-2.981464335832795243e-09,3.914692297754540640e-09,1.146816135805250880e-08,-3.141037265008694845e-08
2.546015301751869409e+00,-5.964734195733030209e-01,-4.365380916573516346e-02,4.833486956705228960e-02,-2.019934881137232328e-03,-7.281042098659111853e-03,2.406874193725853754e-03,6.386806623869174283e-04,-7.077431173927216726e-04,1.383903640771299431e-04,8.821654207669549913e-05,-6.454165687425940379e-05,1.037607602977566601e-05,7.886558056242193304e-06,-5.513392368747260797e-06,1.079167033790628949e-06,4.805863370316298955e-07,-4.110887130148732638e-07,1.126617081431691147e-07,1.305752643857016615e-08,-2.396982038029016326e-08,9.327112965654138499e-09,-1.154017394665307616e-09,-5.771460254155869052e-10,1.289992639617876247e-10,5.115966968637086776e-10,-8.428310133146155181e-10,1.910770353139717992e-09,-2.888219723280738283e-09,3.811543551265894614e-09,1.108458323045846683e-08,-3.044123358941774882e-08
2.552169795588276724e+00,-5.977837894833584187e-01,-4.480149739275764154e-02,4.888833119129107341e-02,-1.813125759889744944e-03,-7.517464668860582115e-03,2.426659905527436302e-03,7.034578463779163175e-04,-7.408956263503523217e-04,1.343503565455197654e-04,9.931649439940890001e-05,-6.873254202971728483e-05,9.557719330329991769e-06,9.326572462321075507e-06,-6.042210804829695192e-06,1.020214528746343774e-06,6.257164201356468780e-07,-4.731037575311791699e-07,1.154624464927422878e-07,2.348575982302758547e-08,-2.980578736599959200e-08,1.045612463453082785e-08,-7.407243230242444021e-10,-9.745317096701566761e-10,2.690225715806793261e-10,4.817694190632770823e-10,-8.276017063497953519e-10,1.852101069298867086e-09,-2.796049882944351417e-09,3.709451957406573186e-09,1.070492054028315820e-08,-2.948217499298966260e-08
2.558397176599962020e+00,-5.990989132095390080e-01,-4.597820436069699479e-02,4.945010756683832637e-02,-1.594247332730760070e-03,-7.762002778609691962e-03,2.444065944684969613e-03,7.728061762552525943e-04,-7.751941501418150963e-04,1.290984588933697177e-04,1.114521506451904981e-04,-7.304761384946487773e-05,8.468424348552147651e-06,1.095179915786698155e-05,-6.593568334281596499e-06,9.225276486612976612e-07,7.982090191038793137e-07,-5.406480889508236132e-07,1.148516774462926548e-07,3.704112685673499605e-08,-3.662872357420438041e-08,1.148652155856522139e-08,-8.307719789879541850e-11,-1.484098286104462705e-09,4.253103572451899517e-10,4.622894818687162122e-10,-8.203052928763832075e-10,1.796280270360828268e-09,-2.704739127980249069e-09,3.608131590379648479e-09,1.032891803337543379e-08,-2.853221034437858350e-08
2.564700159169268190e+00,-6.004188580554096211e-01,-4.718518761161548392e-02,5.002040806052751587e-02,-1.362565137066074246e-03,-8.015001974092626769e-03,2.458784301283350147e-03,8.470502163595871638e-04,-8.106300699939270049e-04,1.224708860253186093e-04,1.247071907401345672e-04,-7.746318463739115118e-05,7.061188351179317757e-06,1.278061348470097003e-05,-7.161707865341315760e-06,7.766246797602516239e-07,1.001895783336870238e-06,-6.132111829010300497e-07,1.094645419724704638e-07,5.439469482129699607e-08,-4.449342296940911323e-08,1.229263669674796056e-08,9.033611888045744998e-10,-2.127363921307356964e-09,5.931020514125806553e-10,4.597933592025149618e-10,-8.236484242037100945e-10,1.743579748896689763e-09,-2.613955038532900232e-09,3.507262740648497967e-09,9.956369569075196324e-09,-2.759047700029437777e-08
2.571081646943278010e+00,-6.017436940129343714e-01,-4.842379531767632139e-02,5.059945167699621965e-02,-1.117285075625193153e-03,-8.276828053628842649e-03,2.470472609756710000e-03,9.265408696714932425e-04,-8.471849923360457585e-04,1.142835513971013350e-04,1.391707798274422966e-04,-8.194825569004561550e-05,5.282086802055677155e-06,1.483231036008073045e-05,-7.738554211322856702e-06,5.712234071586497208e-07,1.240889557593827242e-06,-6.898424549789394788e-07,9.756992050413693107e-08,7.631299841354133306e-08,-5.340949734301131402e-08,1.269535678492805797e-08,2.324103815648514981e-09,-2.925731950112475666e-09,7.628217779664936415e-10,4.836862984788914410e-10,-8.409461356440051105e-10,1.694093710799537966e-09,-2.523174407256800755e-09,3.406474631886813320e-09,9.587109418840444874e-09,-2.665622281239343749e-08
2.577544752473397871e+00,-6.030734939562920616e-01,-4.969547581123724689e-02,5.118746778363660044e-02,-8.575468463228579780e-04,-8.547868744831935844e-03,2.478749764823280806e-03,1.011657991078700886e-03,-8.848287173224330532e-04,1.043293994017332679e-04,1.549376484340520693e-04,-8.646298140544805139e-05,3.069327104025798558e-06,1.712688829067290919e-05,-8.313120592795542052e-06,2.929571726872914894e-07,1.519518818007825622e-06,-7.689963497925500491e-07,7.699306636688163508e-08,1.036550195156193954e-07,-6.331424782721195577e-08,1.244550598862581570e-08,4.308580051765042995e-09,-3.897797123258994745e-09,9.176816472521165391e-10,5.469620203805980463e-10,-8.760740878403783238e-10,1.647538556102945417e-09,-2.431579835052155580e-09,3.305326477798242735e-09,9.220998485603981720e-09,-2.572878851636595243e-08
2.584092819598889257e+00,-6.044083338563083219e-01,-5.100178845602684752e-02,5.178469691417107029e-02,-5.824164260980401950e-04,-8.828535571707455884e-03,2.483190858459279060e-03,1.102813325983167340e-03,-9.235168108904030955e-04,9.237534116781579568e-05,1.721080829943186924e-04,-9.095682435312276576e-05,3.521826314138026826e-07,1.968472451903402476e-05,-8.870780693226443248e-06,-7.394068007871013037e-08,1.842218584430233008e-06,-8.483339363207775818e-07,4.502701607400627637e-08,1.373597028377082641e-07,-7.403498818343845489e-08,1.120338285511002230e-08,7.012133118947105892e-09,-5.054926011625882065e-09,1.030401569190181332e-09,6.671262882396167271e-10,-9.332648109178220963e-10,1.602934026397745404e-09,-2.337920102304935632e-09,3.203291768991145538e-09,8.857902217274116197e-09,-2.480758588829790057e-08
2.590729449062445511e+00,-6.057482930184501235e-01,-5.234441609903606879e-02,5.239139166220735389e-02,-2.908774373971685472e-04,-9.119265939768125828e-03,2.483321309903722615e-03,1.200453824899338703e-03,-9.631876955809022360e-04,7.815872492879238909e-05,1.907877927327002177e-04,-9.536633565735211371e-05,-2.950204896538799471e-06,2.252610573138386085e-05,-9.392376984398986828e-06,-5.479824914389475055e-07,2.213361062999852358e-06,-9.244703244315477519e-07,-1.666723557780525056e-09,1.784189434354821469e-07,-8.523748613615406144e-08,8.514084659516640841e-09,1.061621965250253430e-08,-6.394331797561492170e-09,1.058820313544484026e-09,8.671419949278502681e-10,-1.016631089641867325e-09,1.558112005736744798e-09,-2.240330693528691519e-09,3.099755500890477578e-09,8.497655058781194981e-09,-2.389207115482960830e-08
2.597458527952604346e+00,-6.070934543478568868e-01,-5.372517939530166431e-02,5.300781767820752360e-02,1.817881193165666112e-05,-9.420525472463508326e-03,2.478610031663877264e-03,1.305065394397892601e-03,-1.003759154642509203e-03,6.138325801870181397e-05,2.110876081002233812e-04,-9.961247965454504000e-05,-6.930166383379773865e-06,2.567056784244514667e-05,-9.853129744399891088e-06,-1.150797714066786881e-06,2.637003621588918101e-06,-9.926549842387277778e-07,-6.716631124198402247e-08,2.278288930776528609e-07,-9.635634154372269000e-08,3.778546007332517220e-09,1.532530525226449836e-08,-7.888582517247277881e-09,9.401713444226467153e-10,1.176221843882108153e-09,-1.129238104066732085e-09,1.508986289654873358e-09,-2.136116379267138932e-09,2.994040532861008685e-09,8.140002262513323927e-09,-2.298171286607697539e-08
2.604284263702449920e+00,-6.084439046455494271e-01,-5.514605336409577480e-02,5.363425478584799011e-02,3.459648724804310384e-04,-9.732810638616003554e-03,2.468461437676892044e-03,1.417177156690650839e-03,-1.045124117404999924e-03,4.171428004107798765e-05,2.331229516201174454e-04,-1.035974023255586962e-04,-1.169300021216894414e-05,2.913598399937808447e-05,-1.022130357414274826e-05,-1.907521239741249985e-06,3.116524194740621923e-06,-1.046369522000878405e-06,-1.564023673975012407e-07,2.865095756615643197e-07,-1.065021566788032503e-07,-3.779208022913760345e-09,2.135814403982083665e-08,-9.470132857590518594e-09,5.838424002070630170e-10,1.630143579151033251e-09,-1.271455568434276540e-09,1.448500435048682977e-09,-2.021515386509131762e-09,2.885494712959180141e-09,7.784508225527897451e-09,-2.207595536929396474e-08
2.611211223545318205e+00,-6.097997349407547896e-01,-5.660918661946734431e-02,5.427099823688426999e-02,6.938105990667350204e-04,-1.005665171845347879e-02,2.452206052707103616e-03,1.537366304956049642e-03,-1.087145559636957734e-03,1.877326487931003235e-05,2.570130028456581173e-04,-1.072005182476132301e-04,-1.735862903075834074e-05,3.293732093243018078e-05,-1.045657904462371501e-05,-2.847183054849322659e-06,3.654104270792157827e-06,-1.076824721030211762e-06,-2.752677333225928002e-07,3.551789232690560905e-07,-1.143393142128551476e-07,-1.514707511501844905e-08,2.892996023989846677e-08,-1.100904952616721388e-08,-1.374140094247133792e-10,2.270513780461280717e-09,-1.438204509044554991e-09,1.365170171786084241e-09,-1.891491996017236055e-09,2.773686138407560620e-09,7.430413111186862096e-09,-2.117417710612023996e-08
2.618244380547699812e+00,-6.111610408652856652e-01,-5.811692382631530873e-02,5.491836012752668306e-02,1.063178895046344025e-03,-1.039261616565219717e-02,2.429089421433736594e-03,1.666263659980398749e-03,-1.129650308044152524e-03,-7.868598309711087591e-06,2.828794534529199475e-04,-1.102737591187515076e-04,-2.406342190722568497e-05,3.708495850215584588e-05,-1.050806608340892900e-05,-4.003073634017972893e-06,4.250006375203230213e-06,-1.072335853058437038e-06,-4.307110221951626627e-07,4.341620982763194636e-07,-1.179272087741684016e-07,-3.155889624281704720e-08,3.822040841715973469e-08,-1.228164847426327366e-08,-1.397550905730959858e-09,3.142031236753883849e-09,-1.614546342541128832e-09,1.241142364664243880e-09,-1.739669169137370019e-09,2.658795182283735237e-09,7.076421879026462136e-09,-2.027565788875751451e-08
2.625389167623893627e+00,-6.125279230771649708e-01,-5.967183207347218077e-02,5.557667100420328465e-02,1.455684253462419947e-03,-1.074131243511013481e-02,2.398258936732057707e-03,1.804560056924420230e-03,-1.172421479471382182e-03,-3.869792986891697206e-05,3.108447136581137318e-04,-1.126357860385621829e-04,-3.196217736861108050e-05,4.158243348575604847e-05,-1.031188267507088252e-05,-5.413044624619223200e-06,4.901575457044726747e-06,-1.017552778093122612e-06,-6.307925554810411839e-07,5.231099581941289767e-07,-1.145170219359580022e-07,-5.452140295139629167e-08,4.931982483698249542e-08,-1.292730124075741616e-08,-3.427658419249968169e-09,4.286185535835873583e-09,-1.768904409667898525e-09,1.049789348332719197e-09,-1.558589525670062148e-09,2.542304147583329677e-09,6.720395899495468228e-09,-1.937954771658034758e-08
2.632651541306888276e+00,-6.139004877422595818e-01,-6.127673203787920714e-02,5.624628169272568451e-02,1.873114725899555251e-03,-1.110339436171669733e-02,2.358748103460140549e-03,1.953013720479089121e-03,-1.215189208135346397e-03,-7.426801950483844644e-05,3.410293840215225525e-04,-1.140649146575229908e-04,-4.123025022656837124e-05,4.642342319239115001e-05,-9.788206861441328677e-06,-7.119682508771596474e-06,5.601870054480762029e-06,-8.925197388653938191e-07,-8.846686328778385899e-07,6.205911365110561295e-07,-1.002962793945211262e-07,-8.582339687708551157e-08,6.214321849554865773e-08,-1.239047038754936825e-08,-6.524832782146133825e-09,5.729031546906904193e-09,-1.842921309481992953e-09,7.529298157171737671e-10,-1.340726341579612235e-09,2.428233929901990606e-09,6.358967616360011732e-09,-1.848493554057473176e-08
2.640038057541787886e+00,-6.152788470846884961e-01,-6.293473505684117619e-02,5.692756539268619548e-02,2.317458126510812781e-03,-1.147956619520854558e-02,2.309457616081082854e-03,2.112458824364318345e-03,-1.257619209876442799e-03,-1.152093080387592283e-04,3.735487410011610609e-04,-1.142904327399675221e-04,-5.206578414758064599e-05,5.158772283649776247e-05,-8.837692763954962949e-06,-9.170260587415546283e-06,6.337798507116687574e-06,-6.715403483292803344e-07,-1.202451842374774316e-06,7.235100738661737196e-07,-7.007451356373997631e-08,-1.275094652485736502e-07,7.629678949218343664e-08,-9.845026620325381117e-09,-1.105530266333823453e-08,7.459184634978771600e-09,-1.737072629400676638e-09,2.983685408117220383e-10,-1.080737794395547624e-09,2.324970632683331928e-09,5.987017347164336201e-09,-1.759088805175501591e-08
2.647555962412632802e+00,-6.166631200193302131e-01,-6.464928754376952913e-02,5.762092008893662104e-02,2.790933510360903494e-03,-1.187058842166739681e-02,2.249132447070161314e-03,2.283815479718398055e-03,-1.299298594462211173e-03,-1.622418524905820669e-04,4.085078962856166993e-04,-1.129818979277033911e-04,-6.469198173505649740e-05,5.703588667089337649e-05,-7.337119788314305779e-06,-1.161632730820039150e-05,7.087592625618088782e-06,-3.218274578220547966e-07,-1.594865919940513521e-06,8.262870340031147620e-07,-1.690889244072846243e-08,-1.817889146420864632e-07,9.087722918979523890e-08,-4.099695033975281344e-09,-1.744529717255874357e-08,9.391104422752649672e-09,-1.290453216507003731e-09,-3.816447418508728262e-10,-7.804370014824479895e-10,2.248561699683127024e-09,5.597368506193856064e-09,-1.669712981766657833e-08
2.655213301615875654e+00,-6.180534328830943336e-01,-6.642422462900632318e-02,5.832677134503629068e-02,3.296029290606457968e-03,-1.227728453541009762e-02,2.176333886965559072e-03,2.468101460487766297e-03,-1.339718139470196835e-03,-2.161902343263367651e-04,4.459951581626403483e-04,-1.097358805818493196e-04,-7.935928938984388586e-05,6.270208661414769513e-05,-5.134127236378072112e-06,-1.451271797670017349e-05,7.817400174012223424e-06,1.980696643089085995e-07,-2.072575985952174182e-06,9.197170931715681341e-07,6.832526723088774845e-08,-2.508349347916938310e-07,1.041739768311081282e-07,6.514989919943758867e-09,-2.614512273606955928e-08,1.130446264071063855e-08,-2.558907903280061014e-10,-1.367032242613475113e-09,-4.568985459071916999e-10,2.226058102607064715e-09,5.180268242144236979e-09,-1.580393456379614037e-08
2.663019053631835220e+00,-6.194499202859641285e-01,-6.826383546983273709e-02,5.904557556056815731e-02,3.835549768861840243e-03,-1.270054896839867623e-02,2.089405154894119140e-03,2.666446057248702574e-03,-1.378249991745151073e-03,-2.780015005051971258e-04,4.860729598112232749e-04,-1.040594522494029533e-04,-9.634731153207107268e-05,6.848458258189304981e-05,-2.040852479651134033e-06,-1.791567442910313446e-05,8.476691978079320400e-06,9.400461166708673488e-07,-2.645002272178009761e-06,9.893969529061602541e-07,1.973854832078118793e-07,-3.363989674268902386e-07,1.132454774763896888e-07,2.426588362712533975e-08,-3.755113089313338870e-08,1.275329682224463079e-08,1.733205900415063505e-09,-2.741781619450267549e-09,-1.596919749213832063e-10,2.303862912944598662e-09,4.725378574543803722e-09,-1.491622309002238467e-08
2.670983293399858738e+00,-6.208527261086437266e-01,-7.017294359219550248e-02,5.977782379707020227e-02,4.412672525773510095e-03,-1.314135644270611122e-02,1.986428663743350365e-03,2.880106563561076177e-03,-1.414119339667615355e-03,-3.487669039957379952e-04,5.287654170919500046e-04,-9.534949211024816573e-05,-1.159661079059397248e-04,7.423296868354703482e-05,2.173687914761024409e-06,-2.187959564167729631e-05,8.992116561912233408e-06,1.968360371695787592e-06,-3.318365710928972145e-06,1.013589001600326278e-06,3.850955299618610828e-07,-4.391381389877435648e-07,1.133064316217666234e-07,5.213049938772307268e-08,-5.183440372324293888e-08,1.291936318342790102e-08,5.185637572558549069e-09,-4.559316008935498932e-09,9.709215202657883736e-12,2.546173134311546793e-09,4.221548166594146778e-09,-1.403866235760720116e-08
2.679117395104859689e+00,-6.222620046812942229e-01,-7.215700651616002714e-02,6.052404630731563623e-02,5.031019764784423580e-03,-1.360077308826961734e-02,1.865172519685056284e-03,3.110488047147294544e-03,-1.446368216840656501e-03,-4.297484441421117393e-04,5.740413364598035556e-04,-8.286658030761707983e-05,-1.385564606753760669e-04,7.973105002791885942e-05,7.792749037380253263e-06,-2.645172369208914631e-05,9.259204644049279231e-06,3.361556878050953046e-06,-4.092484439319199474e-06,9.603334922975159671e-07,6.495760884518177181e-07,-5.574612568018388892e-07,9.693325946427688855e-08,9.382456265041860810e-08,-6.866990626651359175e-08,1.043043857144529407e-08,1.079176927811995035e-08,-6.807019548721315871e-09,-1.575241360962653658e-10,3.062439963077978611e-09,3.674367594908023449e-09,-1.320177442365455533e-08
2.687434287616506268e+00,-6.236779221888373304e-01,-7.422224136735758315e-02,6.128481794586432968e-02,5.694748509432234589e-03,-1.407996977904823165e-02,1.723022377449594418e-03,3.359167273859096567e-03,-1.473808403294444777e-03,-5.224115517792355529e-04,6.217905593699129055e-04,-6.570178764084451395e-05,-1.644880565493250790e-04,8.467370859393391624e-05,1.516247436002260418e-05,-3.166366515197638343e-05,9.131448518939766501e-06,5.214041043671846509e-06,-4.955905565783014222e-06,7.836745273010620183e-07,1.012223829655219121e-06,-6.857138705636256493e-07,5.288103216080641822e-08,1.537359130866777779e-07,-8.664076955747571085e-08,3.028581215674952531e-09,1.933566431966404764e-08,-9.231875819359913748e-09,-9.859546720725198554e-10,3.937712539717197480e-09,3.095203267300394856e-09,-1.240471766972284229e-08
2.695948776443013450e+00,-6.251006583618983203e-01,-7.637578331661556974e-02,6.206076469216696007e-02,6.408664621950347674e-03,-1.458023827741242347e-02,1.556894776305300931e-03,3.627921917374696270e-03,-1.494960496962556215e-03,-6.284656847125339937e-04,6.717918076704207028e-04,-4.273411746760769070e-05,-1.941550679640116975e-04,8.863554003862850195e-05,2.470475814043970875e-05,-3.751823612779814354e-05,8.405210166359533552e-06,7.636868408489316806e-06,-5.877871879944596145e-06,4.186264311242804403e-07,1.496492908868805177e-06,-8.111112751677668209e-07,-3.503267373937413165e-08,2.363238492337008112e-07,-1.025994506877441620e-07,-1.260968424121600151e-08,3.175671741111746327e-08,-1.132508897772055434e-08,-3.127697839437615368e-09,5.399708378345247084e-09,2.616449966408307404e-09,-1.180679563839159840e-08
2.704677966611834794e+00,-6.265304085364614695e-01,-7.862589392894067664e-02,6.285257161208374077e-02,7.178373224307373068e-03,-1.510301102097121040e-02,1.363121838318423484e-03,3.918766668373270534e-03,-1.507970930938994265e-03,-7.499153841920248517e-04,7.236657072557739837e-04,-1.257526215519416679e-05,-2.279649383821009609e-04,9.102775456256567699e-05,3.693026692103140718e-05,-4.396886528806875916e-05,6.801097382130860680e-06,1.075631003177868195e-05,-6.797430370228396690e-06,-2.247647794655083242e-07,2.126269198856646503e-06,-9.094988948354920666e-07,-1.902783305710031847e-07,3.454032981480351094e-07,-1.096221152018916206e-07,-4.172606439577578041e-08,4.827947229415346930e-08,-1.144546437400334460e-08,-7.235641129657577331e-09,7.184442986710171120e-09,2.317150436803583347e-09,-1.119907547253440327e-08
2.713641793499183663e+00,-6.279673861858332540e-01,-8.098222277721339735e-02,6.366099266395622291e-02,8.010467751707090953e-03,-1.564988559031326928e-02,1.137305929640237967e-03,4.233998248144984697e-03,-1.510506511148298169e-03,-8.891249507715897477e-04,7.768139997145831477e-04,2.650242527765626910e-05,-2.663234098458765881e-04,9.103914877444524434e-05,5.245690989154339068e-05,-5.088858832663634146e-05,3.934954415890645762e-06,1.470946814260964963e-05,-7.602738997351810024e-06,-1.269702612601703029e-06,2.918100551425450301e-06,-9.373556615933920089e-07,-4.429719256604167099e-07,4.805519466079613555e-07,-9.675562609445798046e-08,-9.034483906562168487e-08,6.922439174097613779e-08,-7.826547587970467124e-09,-1.516544962353039150e-08,9.974528479214650467e-09,3.012488980491667689e-09,-1.154744602716029078e-08
2.722863797655815876e+00,-6.294118260997723091e-01,-8.345619008081306411e-02,6.448686303764465666e-02,8.912807977946355861e-03,-1.622265563243292796e-02,8.741030796388070401e-04,4.576252804126677842e-03,-1.499591652546734301e-03,-1.048902373379343063e-03,8.303156852652818914e-04,7.666248632577123134e-05,-3.095921431260691831e-04,8.755220267024285685e-05,7.201568103891442529e-05,-5.802012765776520808e-05,-7.079999568698758239e-07,1.963030412852062589e-05,-8.111655613922408303e-06,-2.878532789610602216e-06,3.877928308172740035e-06,-8.242651923576205242e-07,-8.370616437847547275e-07,6.359466902311136649e-07,-4.032801818702747010e-08,-1.691043699245456389e-07,8.897408471705142707e-08,6.744513584774902704e-09,-2.645081370426793921e-08,1.031098422008686066e-08,4.420315696807008976e-09,-1.044904229807741558e-08
2.732371983553873562e+00,-6.308639883732902742e-01,-8.606141008844786500e-02,6.533111466218959051e-02,9.894826352251842941e-03,-1.682334985840886268e-02,5.669864436010771044e-04,4.948578790042387765e-03,-1.471434513686824611e-03,-1.232607337890817903e-03,8.828240779217150225e-04,1.406315209749684630e-04,-3.580630708499019446e-04,7.902864031732875771e-05,9.648964953340444239e-05,-6.490466697156582754e-05,-7.842902774821136624e-06,2.562977297040913705e-05,-8.007865268860880903e-06,-5.267050683471080630e-06,4.961021860268310935e-06,-4.492918882076368803e-07,-1.410340887798323950e-06,7.815786404914704111e-07,8.440731707787425819e-08,-2.800113795137226802e-07,1.062202517171893790e-07,3.286969837024839025e-08,-4.756510843355321594e-08,1.350383769388452393e-08,1.111504151912745542e-08,-1.504934973861615788e-08
2.742200589317562720e+00,-6.323241637004495264e-01,-8.881456798782144668e-02,6.619479684259599317e-02,1.096817088350144666e-02,-1.745428422066633289e-02,2.077349445909638243e-04,5.354535511202145395e-03,-1.421022099987408194e-03,-1.444300341425348855e-03,9.322717675507938978e-04,2.218817975520506053e-04,-4.117800620590398100e-04,6.333245353029939850e-05,1.268386454944675501e-04,-7.075258163524722477e-05,-1.837099310357526161e-05,3.273145772564323153e-05,-6.845026261324826944e-06,-8.687564493875532534e-06,6.096974148969529217e-06,3.556661976062552855e-07,-2.240782224429034575e-06,8.772609035399142607e-07,3.549435257741567762e-07,-4.459831954451570768e-07,8.076704342526233593e-08,1.034859345881364301e-07,-6.167448399294755967e-08,-7.306475231262654635e-09,1.583407925609403577e-08,-3.745769500129725316e-09
2.752390944706597953e+00,-6.337926799701956160e-01,-9.173583899042253575e-02,6.707910198796188106e-02,1.214700104436839886e-02,-1.811812704507088576e-02,-2.137830335812744217e-04,5.798316460778070620e-03,-1.341984082630149309e-03,-1.688930232452157294e-03,9.758361420560421676e-04,3.248621663839382917e-04,-4.706282624579961535e-04,3.750717663860217432e-05,1.643072734684170033e-04,-7.429069297712476150e-05,-3.366003901980607615e-05,4.082425549989388003e-05,-3.762244332704278715e-06,-1.347579179553255735e-05,6.952795437210630008e-06,1.904743477384313044e-06,-3.270319022466959547e-06,7.603716755842301889e-07,7.709165357830134041e-07,-6.005714087448793537e-07,3.554051342807840186e-08,1.729826316762203553e-07,-1.075459505183590236e-07,2.004624295552648316e-09,4.754351633218245610e-08,-3.545796437021131453e-08
2.762997666615125247e+00,-6.352699123721731178e-01,-9.485197087530100601e-02,6.798540521572277173e-02,1.345027168482455966e-02,-1.881800021664187944e-02,-7.114683111913034513e-04,6.284944263861310179e-03,-1.225041888272259197e-03,-1.972640669092434133e-03,1.008667576392488843e-03,4.554005105319915842e-04,-5.333431486454747600e-04,-2.664628877324659584e-06,2.096991124128227968e-04,-7.336334940599709142e-05,-5.502072976618088695e-05,4.936009310896327662e-05,2.097681154770991707e-06,-1.983986404821037886e-05,7.328884285260923309e-06,4.482278170498885106e-06,-4.708015591193236149e-06,3.495004121875644465e-07,1.643111217893792469e-06,-8.499770198658676557e-07,-2.772267419007788669e-07,4.322842068185325792e-07,-2.953986750087872482e-08,-1.598964120058318783e-07,2.752401669081638858e-08,7.210286014081024319e-08
2.774083701361849563e+00,-6.367562941008423349e-01,-9.819378907655657018e-02,6.891530614286620060e-02,1.489983204957498822e-02,-1.955758518123049475e-02,-1.301357812722490383e-03,6.820472248298714221e-03,-1.059524487983664817e-03,-2.303079135168441087e-03,1.025403014150438885e-03,6.210876175556691303e-04,-5.991173951686405708e-04,-6.302697996886721943e-05,2.651212647438172532e-04,-6.471962289048005523e-05,-8.554811011898810769e-05,5.741009192139490125e-05,1.340870028612717313e-05,-2.822412447418994053e-05,5.493954974361385524e-06,8.965053924721994028e-06,-5.607026136587173193e-06,-1.148101301701696941e-06,2.430412691299633707e-06,-5.834713623078732758e-07,-4.594694867103218949e-07,3.569671256321502173e-07,-1.582204062358996688e-07,2.174107449452733487e-08,1.706392889072594343e-07,-1.831788682543633584e-07
2.785755117090327637e+00,-6.382523419398753450e-01,-1.018135543087862749e-01,6.987072984374190221e-02,1.653337396250565208e-02,-2.034138433790660255e-02,-2.012308744535904262e-03,7.412500337828181046e-03,-8.241873772494483566e-04,-2.690244603823316490e-03,1.012171608425496694e-03,8.324815034001717406e-04,-6.606664094970611176e-04,-1.525535928515696360e-04,3.280358773807001693e-04,-4.233990908136808784e-05,-1.250406029592587842e-04,6.195220350468932935e-05,3.025868876782578099e-05,-3.760197287060867977e-05,2.114602216774820465e-06,1.504567129821318683e-05,-7.441096981360834084e-06,-3.244696748925385288e-06,4.950893533182433581e-06,-7.875148775662865752e-07,-2.181369552586853722e-06,1.353009292507680039e-06,7.580743815842339028e-07,-1.030570735291447271e-06,-2.298225001071130258e-07,7.178092146370440574e-07
2.798093652989829483e+00,-6.397586654842475351e-01,-1.057512235442344406e-01,7.085396200338631156e-02,1.837910099593777907e-02,-2.117480602091859065e-02,-2.864838156990563538e-03,8.070322137962288728e-03,-5.058393827873106444e-04,-3.146669817281976846e-03,9.635809853236389916e-04,1.103212714409222001e-03,-7.201640664561163516e-04,-2.831353855230998862e-04,4.065195284740502624e-04,1.664964018460723949e-06,-1.847126971151330510e-04,5.986246167508091354e-05,6.417481995400764472e-05,-4.886194257897047422e-05,-1.274798101740014580e-05,2.609286685399669903e-05,-2.518141129727660688e-06,-1.037416670249952100e-05,3.519636659417681515e-06,3.215299210043882916e-06,-1.268422546262318318e-06,-1.258242514333776652e-06,-2.907215600443657788e-07,1.264322618005180032e-06,5.989133480474584381e-07,-1.523784731852217966e-06
2.811412007222184428e+00,-6.412760701622146620e-01,-1.101619383601606939e-01,7.186805819175184906e-02,2.055106613976012686e-02,-2.206523763795436091e-02,-3.950173134406253887e-03,8.807089626754423251e-03,-3.074479035023499479e-05,-3.691114288570955006e-03,8.218284201849477416e-04,1.455573326843758591e-03,-7.346672127869933663e-04,-4.772696955424420018e-04,4.702659768240774474e-04,8.684633332717295318e-05,-2.432952790310388691e-04,3.616214680335350096e-05,9.887889475749395141e-05,-5.120071895864733436e-05,-2.459289604213148184e-05,3.362714036194043576e-05,-5.105174517406642354e-06,-1.416994791923753549e-05,1.209703394282010160e-05,1.633374820370504105e-06,-1.027062110983602977e-05,4.245353134215389124e-06,6.601072906457089440e-06,-5.993999894086943225e-06,-3.242747129761358593e-06,5.746915363993854164e-06
2.825628058932526443e+00,-6.428054750065044232e-01,-1.150032611085890777e-01,7.291651182806035969e-02,2.301481513729114817e-02,-2.302114919852309496e-02,-5.235212473647797571e-03,9.637918047237799268e-03,5.649439896997284632e-04,-4.345089613937474539e-03,6.299963894912871676e-04,1.914649533742335957e-03,-7.567514252812415979e-04,-7.586575041016452303e-04,5.814057380883475012e-04,2.299287545621531148e-04,-3.696558754771178679e-04,-1.458445851787448788e-05,2.050808335541387528e-04,-5.223720853226448968e-05,-1.006515978736527081e-04,5.738763014261419326e-05,4.428315998849553792e-05,-4.383868957825217544e-05,-1.865843874992718747e-05,2.989902627077364872e-05,9.096901933209645963e-06,-2.103460340014979418e-05,-5.965850839538718031e-06,1.654510644989032331e-05,3.879854212573974337e-06,-1.434461597907277230e-05
2.842349664758454519e+00,-6.443485593163718050e-01,-1.210765963799196321e-01,7.400583239635671884e-02,2.636671721054328552e-02,-2.405889843168737552e-02,-7.209574118843396773e-03,1.059376471049277776e-02,1.698147373027285821e-03,-5.156968114413404587e-03,2.981211297709181196e-05,2.545884162136875101e-03,-4.803587031725195175e-04,-1.206146194621175033e-03,4.815452703653966271e-04,5.174699491397038997e-04,-3.474294840185437883e-04,-1.810978399982843268e-04,2.011227642180410391e-04,3.573030243354813340e-05,-8.603558362435233600e-05,1.058719727800583321e-05,1.117696096922075888e-05,-1.046813798831003686e-05,2.851164225662282913e-05,-6.766868189159083030e-06,-4.207158717922047236e-05,2.611392365051493081e-05,3.879173118550866689e-05,-3.937422613135409949e-05,-2.411536961011845337e-05,4.300489056989487135e-05
2.859588277457979277e+00,-6.459068089600279450e-01,-1.273854429195565574e-01,7.514172436417765333e-02,2.985518919088845508e-02,-2.519255676496872862e-02,-9.239935779514034386e-03,1.170038595541373488e-02,2.802784279477803751e-03,-6.164647000289223168e-03,-4.501480536346844086e-04,3.394960363636019551e-03,-4.171232190020267294e-04,-1.863116773442859836e-03,6.788078049457385577e-04,9.753286516135661888e-04,-6.868577000098130547e-04,-4.540137223621454332e-04,5.961777532679721214e-04,1.513493715333893985e-04,-4.776532359207668384e-04,1.831703237418005892e-05,3.626199290832944622e-04,-1.075398930932541103e-04,-2.635092555872710612e-04,1.486787711878012966e-04,1.825630481081200879e-04,-1.625770724908671624e-04,-1.189879363441290541e-04,1.584160083382508619e-04,6.407707444588267576e-05,-1.434763128213972783e-04
2.890012323007546069e+00,-6.474870411156753436e-01,-1.402537486078671569e-01,7.635113689216906085e-02,3.820468875933476227e-02,-2.649222169141721150e-02,-1.523652227299022131e-02,1.309763387843505475e-02,7.261558332404984169e-03,-7.603838376127916056e-03,-3.797669608361833177e-03,4.814988867261891722e-03,2.090791971289774134e-03,-3.213115416891867276e-03,-1.184599660281462907e-03,2.219626179120970377e-03,6.818037187529407683e-04,-1.572320854143632873e-03,-3.958342556464183870e-04,1.136914073023449420e-03,2.313440030405323165e-04,-8.379436893060174946e-04,-1.364565322449304979e-04,6.302379147864515217e-04,8.207037040767919782e-05,-4.849640508656520230e-04,-5.086343751190339213e-05,3.839010174673425368e-04,3.362895290198730791e-05,-3.125525807466719014e-04,-2.075284870228788492e-05,2.639914676565019436e-04
