1.142422709699159267e+00,-2.101786027689511727e-04,-9.945052248577779253e-06,1.788522886442267534e-05
1.142512213757641337e+00,-5.712783755111305872e-04,-1.638650567582777828e-05,1.773932633927777225e-05
1.142619852221436805e+00,-9.521941837674630094e-04,-2.851021501426576066e-05,2.352704989795617596e-05
1.142735359991945643e+00,-1.333168958752573019e-03,-4.055626452423299888e-05,2.992543929743185505e-05
1.142852498850132736e+00,-1.714203871201247509e-03,-5.162915602287265759e-05,3.714060254461637456e-05
1.142970371123626983e+00,-2.095298552480251431e-03,-6.220690588401578403e-05,4.456150391679569722e-05
1.143088470484920904e+00,-2.476452820241115127e-03,-7.229692366339524057e-05,5.212423014708256197e-05
1.143206609572024135e+00,-2.857666487563359503e-03,-8.192911982182748964e-05,5.977879909913053069e-05
1.143324710326156346e+00,-3.238939399897611260e-03,-9.112355444543251970e-05,6.749840131026196843e-05
1.143442745164522822e+00,-3.620271433542598949e-03,-9.989536105385610210e-05,7.526718241031293832e-05
1.143560711977222866e+00,-4.001662493767044193e-03,-1.082568750877949126e-04,8.307504214974392731e-05
1.143678622306339765e+00,-4.383112513143549993e-03,-1.162186841017626149e-04,9.091514546183399048e-05
1.143796495287054515e+00,-4.764621450124295610e-03,-1.237901952093195534e-04,9.878262630699796709e-05
1.143914354342967954e+00,-5.146189287807301227e-03,-1.309799649604204141e-04,1.066738664000782544e-04
1.144032225294334459e+00,-5.527816032849686145e-03,-1.377959033252024179e-04,1.145860716552232761e-04
1.144150135233640064e+00,-5.909501714494447278e-03,-1.442454067494963743e-04,1.225170120900953563e-04
1.144268111837840829e+00,-6.291246383690440869e-03,-1.503354491051850372e-04,1.304648559521393025e-04
1.144386182938883056e+00,-6.673050112286305069e-03,-1.560726464831380111e-04,1.384280604411480819e-04
1.144504376251989086e+00,-7.054912992288775442e-03,-1.614633050698172090e-04,1.464052976521412752e-04
1.144622719202931460e+00,-7.436835135174402200e-03,-1.665134576816496015e-04,1.543954031218985889e-04
1.144741238818815177e+00,-7.818816671248951522e-03,-1.712288924453214678e-04,1.623973392791133730e-04
1.144859961660342540e+00,-8.200857749048440226e-03,-1.756151758763452309e-04,1.704101689601056346e-04
1.144978913781573127e+00,-8.582958534777196391e-03,-1.796776718539505602e-04,1.784330358675229045e-04
1.145098120708095024e+00,-8.965119211778782571e-03,-1.834215575158698597e-04,1.864651499145081326e-04
1.145217607427617468e+00,-9.347339980036339924e-03,-1.868518367904303812e-04,1.945057760637108890e-04
1.145337398388958761e+00,-9.729621055699966270e-03,-1.899733520787511010e-04,2.025542257081958120e-04
1.145457517506696776e+00,-1.011196267063918519e-02,-1.927907944617862634e-04,2.106098499281977565e-04
1.145577988169606432e+00,-1.049436507201767510e-02,-1.953087127117419941e-04,2.186720341494086117e-04
1.145698833251578952e+00,-1.087682852188848193e-02,-1.975315213207651244e-04,2.267401938632201963e-04
1.145820075124119208e+00,-1.125935329680860519e-02,-1.994635077098849685e-04,2.348137711597336752e-04
1.145941735669780748e+00,-1.164193968747073704e-02,-2.011088387463000338e-04,2.428922318897935861e-04
1.146063836296092875e+00,-1.202458799835132153e-02,-2.024715666710252826e-04,2.509750633189755664e-04
1.146186397949665370e+00,-1.240729854737482318e-02,-2.035556345184597049e-04,2.590617721706656162e-04
1.146309441130255458e+00,-1.279007166559070763e-02,-2.043648810955422945e-04,2.671518829768237957e-04
1.146432985904639601e+00,-1.317290769686402241e-02,-2.049030455736761125e-04,2.752449366779097240e-04
1.146557051920192860e+00,-1.355580699757941154e-02,-2.051737717405077710e-04,2.833404894238278349e-04
1.146681658418104099e+00,-1.393876993635517758e-02,-2.051806119499066661e-04,2.914381115387137955e-04
1.146806824246185963e+00,-1.432179689376972265e-02,-2.049270308015910258e-04,2.995373866206407776e-04
1.146932567871253417e+00,-1.470488826209670474e-02,-2.044164085787392171e-04,3.076379107520704759e-04
1.147058907391060867e+00,-1.508804444505118525e-02,-2.036520444681222397e-04,3.157392918040208274e-04
1.147185860545791858e+00,-1.547126585754399208e-02,-2.026371595822001881e-04,3.238411488182962872e-04
1.147313444729110454e+00,-1.585455292544546424e-02,-2.013748998017372838e-04,3.319431114544441064e-04
1.147441676998776305e+00,-1.623790608535680136e-02,-1.998683384552280007e-04,3.400448194935401514e-04
1.147570574086842932e+00,-1.662132578438929587e-02,-1.981204788476381706e-04,3.481459223887289900e-04
1.147700152409443675e+00,-1.700481247995111467e-02,-1.961342566520196673e-04,3.562460788575777526e-04
1.147830428076187737e+00,-1.738836663954079764e-02,-1.939125421747261990e-04,3.643449565090967068e-04
1.147961416899180964e+00,-1.777198874054775057e-02,-1.914581425033201612e-04,3.724422315016934215e-04
1.148093134401681592e+00,-1.815567927005812265e-02,-1.887738035463715214e-04,3.805375882279943278e-04
1.148225595826416701e+00,-1.853943872466856657e-02,-1.858622119733782663e-04,3.886307190227727970e-04
1.148358816143562500e+00,-1.892326761030360682e-02,-1.827259970609285133e-04,3.967213238919992113e-04
1.148492810058417302e+00,-1.930716644204011345e-02,-1.793677324522791050e-04,4.048091102597795032e-04
1.148627592018770294e+00,-1.969113574393571708e-02,-1.757899378362626219e-04,4.128937927318915291e-04
1.148763176221988314e+00,-2.007517604886371876e-02,-1.719950805500330970e-04,4.209750928738931197e-04
1.148899576621827734e+00,-2.045928789835160799e-02,-1.679855771112293006e-04,4.290527390018034071e-04
1.149036806934993216e+00,-2.084347184242474338e-02,-1.637637946841768999e-04,4.371264659852186485e-04
1.149174880647445107e+00,-2.122772843945441856e-02,-1.593320524827940288e-04,4.451960150605449584e-04
1.149313811020475473e+00,-2.161205825600981401e-02,-1.546926231159179155e-04,4.532611336540981473e-04
1.149453611096560968e+00,-2.199646186671416759e-02,-1.498477338769538258e-04,4.613215752137661552e-04
1.149594293705001213e+00,-2.238093985410499753e-02,-1.447995679815933245e-04,4.693770990490953032e-04
1.149735871467357562e+00,-2.276549280849871071e-02,-1.395502657565717008e-04,4.774274701783709496e-04
1.149878356802696011e+00,-2.315012132785748689e-02,-1.341019257820180721e-04,4.854724591826370395e-04
1.150021761932649156e+00,-2.353482601766043736e-02,-1.284566059899794332e-04,4.935118420662937266e-04
1.150166098886299615e+00,-2.391960749077803872e-02,-1.226163247215750207e-04,5.015454001227187542e-04
1.150311379504897369e+00,-2.430446636734950872e-02,-1.165830617446822481e-04,5.095729198057452614e-04
1.150457615446417670e+00,-2.468940327466417894e-02,-1.103587592345273150e-04,5.175941926063437615e-04
1.150604818189965961e+00,-2.507441884704475488e-02,-1.039453227186237783e-04,5.256090149336062334e-04
1.150752999040037583e+00,-2.545951372573412863e-02,-9.734462198825177826e-05,5.336171880003515167e-04
1.150902169130634700e+00,-2.584468855878463422e-02,-9.055849197783794047e-05,5.416185177125887318e-04
1.151052339429255778e+00,-2.622994400095030043e-02,-8.358873361416496728e-05,5.496128145628248474e-04
1.151203520740751607e+00,-2.661528071358176817e-02,-7.643711463622970825e-05,5.575998935275078283e-04
1.151355723711062762e+00,-2.700069936452337283e-02,-6.910537038731789927e-05,5.655795739669955413e-04
1.151508958830839813e+00,-2.738620062801316868e-02,-6.159520458128009412e-05,5.735516795296186077e-04
1.151663236438949411e+00,-2.777178518458461864e-02,-5.390829004349451115e-05,5.815160380585604472e-04
1.151818566725876014e+00,-2.815745372097144816e-02,-4.604626942741885109e-05,5.894724815010271568e-04
1.151974959737017912e+00,-2.854320693001394238e-02,-3.801075590807723170e-05,5.974208458209701034e-04
1.152132425375885783e+00,-2.892904551056807438e-02,-2.980333385457778483e-05,6.053609709141677397e-04
1.152290973407206875e+00,-2.931497016741602124e-02,-2.142555948017599299e-05,6.132927005255278674e-04
1.152450613459936823e+00,-2.970098161117906699e-02,-1.287896147335321206e-05,6.212158821692764787e-04
1.152611355030185969e+00,-3.008708055823272609e-02,-4.165041608814035179e-06,6.291303670508396895e-04
1.152773207484057982e+00,-3.047326773062342120e-02,4.714724659307667487e-06,6.370360099914734731e-04
1.152936180060413651e+00,-3.085954385598671523e-02,1.375888762268628884e-05,6.449326693546142408e-04
1.153100281873551403e+00,-3.124590966746815246e-02,2.296602276091741501e-05,6.528202069742000679e-04
1.153265521915814107e+00,-3.163236590364537637e-02,3.233473019913224444e-05,6.606984880850180764e-04
1.153431909060127269e+00,-3.201891330845207939e-02,4.186363418262617486e-05,6.685673812550779749e-04
1.153599452062464170e+00,-3.240555263110261874e-02,5.155138256593416735e-05,6.764267583193317446e-04
1.153768159564246609e+00,-3.279228462602007399e-02,6.139664631601982059e-05,6.842764943154749924e-04
1.153938040094678819e+00,-3.317911005276447112e-02,7.139811903023041140e-05,6.921164674211360834e-04
1.154109102073023418e+00,-3.356602967596289400e-02,8.155451646717215564e-05,6.999465588927028525e-04
1.154281353810812316e+00,-3.395304426524131669e-02,9.186457609060283414e-05,7.077666530059673056e-04
1.154454803514004979e+00,-3.434015459515737945e-02,1.023270566260503500e-04,7.155766369974086993e-04
1.154629459285087423e+00,-3.472736144513521861e-02,1.129407376290886278e-04,7.233764010078080897e-04
1.154805329125120572e+00,-3.511466559940090715e-02,1.237044190653263653e-04,7.311658380269314694e-04
1.154982420935732446e+00,-3.550206784691983808e-02,1.346169209014980161e-04,7.389448438393647622e-04
1.155160742521063710e+00,-3.588956898133455198e-02,1.456770827075737351e-04,7.467133169714590402e-04
1.155340301589664609e+00,-3.627716980090545107e-02,1.568837632689445982e-04,7.544711586402186310e-04
1.155521105756344369e+00,-3.666487110845068065e-02,1.682358402086830962e-04,7.622182727027443372e-04
1.155703162543972873e+00,-3.705267371128900811e-02,1.797322096197540020e-04,7.699545656068562671e-04
1.155886479385243026e+00,-3.744057842118270196e-02,1.913717857063429451e-04,7.776799463433820003e-04
1.156071063624388717e+00,-3.782858605428185417e-02,2.031535004342055473e-04,7.853943263989165979e-04
1.156256922518859698e+00,-3.821669743106997919e-02,2.150763031897873212e-04,7.930976197100675362e-04
1.156444063240960496e+00,-3.860491337631050124e-02,2.271391604481420856e-04,8.007897426181159739e-04
1.156632492879448915e+00,-3.899323471899446281e-02,2.393410554483860198e-04,8.084706138257735653e-04
1.156822218441095673e+00,-3.938166229228923232e-02,2.516809878775616571e-04,8.161401543538004955e-04
1.157013246852212074e+00,-3.977019693348843310e-02,2.641579735622179292e-04,8.237982874989280280e-04
1.157205584960138367e+00,-4.015883948396181680e-02,2.767710441669707366e-04,8.314449387934602642e-04
1.157399239534700808e+00,-4.054759078910774583e-02,2.895192469005436475e-04,8.390800359642097694e-04
1.157594217269636072e+00,-4.093645169830489872e-02,3.024016442285532014e-04,8.467035088937091558e-04
1.157790524783981922e+00,-4.132542306486680639e-02,3.154173135934412731e-04,8.543152895815475656e-04
1.157988168623437897e+00,-4.171450574599483430e-02,3.285653471405552972e-04,8.619153121067341106e-04
1.158187155261696688e+00,-4.210370060273460613e-02,3.418448514506261526e-04,8.695035125908939788e-04
1.158387491101745326e+00,-4.249300849993131735e-02,3.552549472784216622e-04,8.770798291620474085e-04
1.158589182477138602e+00,-4.288243030618743568e-02,3.687947692976450975e-04,8.846442019194988848e-04
1.158792235653243630e+00,-4.327196689381967998e-02,3.824634658511766316e-04,8.921965728988373590e-04
1.158996656828460425e+00,-4.366161913881744239e-02,3.962601987070601961e-04,8.997368860385462908e-04
1.159202452135415395e+00,-4.405138792080320886e-02,4.101841428199720641e-04,9.072650871465026690e-04
1.159409627642127738e+00,-4.444127412299142543e-02,4.242344860981572818e-04,9.147811238674058432e-04
1.159618189353153861e+00,-4.483127863214986242e-02,4.384104291754176153e-04,9.222849456512888233e-04
1.159828143210706264e+00,-4.522140233856120073e-02,4.527111851874571213e-04,9.297765037222099904e-04
1.160039495095751327e+00,-4.561164613598500672e-02,4.671359795542229243e-04,9.372557510475831855e-04
1.160252250829081788e+00,-4.600201092162137240e-02,4.816840497659791165e-04,9.447226423084098546e-04
1.160466416172370785e+00,-4.639249759607411150e-02,4.963546451746680965e-04,9.521771338697887499e-04
1.160681996829200369e+00,-4.678310706331467728e-02,5.111470267888801322e-04,9.596191837524803425e-04
1.160898998446072916e+00,-4.717384023064802312e-02,5.260604670740409716e-04,9.670487516046377685e-04
1.161117426613400783e+00,-4.756469800867779707e-02,5.410942497564574794e-04,9.744657986737459421e-04
1.161337286866476859e+00,-4.795568131127242451e-02,5.562476696310963975e-04,9.818702877802537587e-04
1.161558584686424034e+00,-4.834679105553241207e-02,5.715200323740121657e-04,9.892621832908732316e-04
1.161781325501128892e+00,-4.873802816175781816e-02,5.869106543579943880e-04,9.966414510927251724e-04
1.162005514686156538e+00,-4.912939355341616743e-02,6.024188624725590469e-04,1.004008058567457118e-03
1.162231157565644990e+00,-4.952088815711097602e-02,6.180439939472842648e-04,1.011361974566429844e-03
1.162458259413186923e+00,-4.991251290255149797e-02,6.337853961785738788e-04,1.018703169386805940e-03
1.162686825452689865e+00,-5.030426872252208303e-02,6.496424265605704740e-04,1.026031614746972243e-03
1.162916860859225077e+00,-5.069615655285264477e-02,6.656144523184553963e-04,1.033347283763239033e-03
1.163148370759854888e+00,-5.108817733239012782e-02,6.817008503460370017e-04,1.040650150926761275e-03
1.163381360234449824e+00,-5.148033200296914247e-02,6.979010070460450743e-04,1.047940192081084354e-03
1.163615834316485298e+00,-5.187262150938420913e-02,7.142143181734506019e-04,1.055217384399689817e-03
1.163851797993828985e+00,-5.226504679936250231e-02,7.306401886821994873e-04,1.062481706364581946e-03
1.164089256209508871e+00,-5.265760882353648364e-02,7.471780325747773288e-04,1.069733137744763307e-03
1.164328213862470207e+00,-5.305030853541714553e-02,7.638272727546746577e-04,1.076971659575556850e-03
1.164568675808318687e+00,-5.344314689136853147e-02,7.805873408814612002e-04,1.084197254138011268e-03
1.164810646860047205e+00,-5.383612485058197894e-02,7.974576772291352977e-04,1.091409904938875353e-03
1.165054131788753278e+00,-5.422924337505075076e-02,8.144377305466937722e-04,1.098609596690808266e-03
1.165299135324342483e+00,-5.462250342954555471e-02,8.315269579215744944e-04,1.105796315293186560e-03
1.165545662156217022e+00,-5.501590598159034062e-02,8.487248246454859313e-04,1.112970047813119367e-03
1.165793716933955837e+00,-5.540945200143809757e-02,8.660308040829567400e-04,1.120130782466810526e-03
1.166043304267979863e+00,-5.580314246204803874e-02,8.834443775422723411e-04,1.127278508601628482e-03
1.166294428730207056e+00,-5.619697833906267537e-02,9.009650341486180603e-04,1.134413216677856995e-03
1.166547094854696542e+00,-5.659096061078505713e-02,9.185922707197757830e-04,1.141534898251389540e-03
1.166801307138279231e+00,-5.698509025815667872e-02,9.363255916440410553e-04,1.148643545956631873e-03
1.167057070041181532e+00,-5.737936826473571950e-02,9.541645087600414410e-04,1.155739153489487858e-03
1.167314387987633761e+00,-5.777379561667572716e-02,9.721085412393859482e-04,1.162821715590942051e-03
1.167573265366472324e+00,-5.816837330270496764e-02,9.901572154705773343e-04,1.169891228030864316e-03
1.167833706531729021e+00,-5.856310231410566391e-02,1.008310064945783235e-03,1.176947687592286296e-03
1.168095715803212364e+00,-5.895798364469367892e-02,1.026566630149258752e-03,1.183991092055511340e-03
1.168359297467077340e+00,-5.935301829079930869e-02,1.044926458447725803e-03,1.191021440182918334e-03
1.168624455776387405e+00,-5.974820725124702081e-02,1.063389103982695372e-03,1.198038731704237358e-03
1.168891194951665380e+00,-6.014355152733735776e-02,1.081954127564510593e-03,1.205042967301686585e-03
1.169159519181438123e+00,-6.053905212282695292e-02,1.100621096568943358e-03,1.212034148595372840e-03
1.169429432622767884e+00,-6.093471004391121104e-02,1.119389584834554197e-03,1.219012278129580351e-03
1.169700939401780326e+00,-6.133052629920565657e-02,1.138259172562702815e-03,1.225977359358532137e-03
1.169974043614180115e+00,-6.172650189972883616e-02,1.157229446218668856e-03,1.232929396633136720e-03
1.170248749325759619e+00,-6.212263785888449963e-02,1.176299998434826577e-03,1.239868395187582184e-03
1.170525060572899623e+00,-6.251893519244405839e-02,1.195470427915110156e-03,1.246794361126263295e-03
1.170802981363060713e+00,-6.291539491853065380e-02,1.214740339341657815e-03,1.253707301410930675e-03
1.171082515675269331e+00,-6.331201805760244827e-02,1.234109343282371873e-03,1.260607223848075886e-03
1.171363667460594282e+00,-6.370880563243647154e-02,1.253577056100463327e-03,1.267494137076857763e-03
1.171646440642615472e+00,-6.410575866811268897e-02,1.273143099865148287e-03,1.274368050557125875e-03
1.171930839117887979e+00,-6.450287819199856942e-02,1.292807102264481589e-03,1.281228974557249711e-03
1.172216866756395692e+00,-6.490016523373348667e-02,1.312568696518592870e-03,1.288076920142669501e-03
1.172504527401999841e+00,-6.529762082521439748e-02,1.332427521295462269e-03,1.294911899164821745e-03
1.172793824872879753e+00,-6.569524600058085362e-02,1.352383220627084714e-03,1.301733924249703911e-03
1.173084762961968730e+00,-6.609304179620056896e-02,1.372435443827743629e-03,1.308543008786897111e-03
1.173377345437380814e+00,-6.649100925065543066e-02,1.392583845412992405e-03,1.315339166919365921e-03
1.173671576042832454e+00,-6.688914940472739934e-02,1.412828085020439994e-03,1.322122413532730856e-03
1.173967458498057503e+00,-6.728746330138529741e-02,1.433167827331577326e-03,1.328892764244707370e-03
1.174264996499216895e+00,-6.768595198577109784e-02,1.453602741994602932e-03,1.335650235395391405e-03
1.174564193719300542e+00,-6.808461650518682351e-02,1.474132503549260842e-03,1.342394844037322899e-03
1.174865053808524795e+00,-6.848345790908233477e-02,1.494756791351747882e-03,1.349126607926076638e-03
1.175167580394723466e+00,-6.888247724904217328e-02,1.515475289501494460e-03,1.355845545510603323e-03
1.175471777083733071e+00,-6.928167557877379368e-02,1.536287686769124972e-03,1.362551675923862060e-03
1.175777647459773201e+00,-6.968105395409468494e-02,1.557193676525167603e-03,1.369245018974077355e-03
1.176085195085819546e+00,-7.008061343292115719e-02,1.578192956670054770e-03,1.375925595135496504e-03
1.176394423503974274e+00,-7.048035507525679533e-02,1.599285229565261535e-03,1.382593425540243337e-03
1.176705336235828403e+00,-7.088027994318069069e-02,1.620470201965346080e-03,1.389248531969325406e-03
1.177017936782820628e+00,-7.128038910083667190e-02,1.641747584951128158e-03,1.395890936844459973e-03
1.177332228626591260e+00,-7.168068361442225811e-02,1.663117093863852869e-03,1.402520663220122032e-03
1.177648215229329498e+00,-7.208116455217800089e-02,1.684578448240089954e-03,1.409137734775592343e-03
1.177965900034117608e+00,-7.248183298437660405e-02,1.706131371748201286e-03,1.415742175806630754e-03
1.178285286465269532e+00,-7.288268998331343118e-02,1.727775592124947135e-03,1.422334011218356897e-03
1.178606377928665294e+00,-7.328373662329606963e-02,1.749510841113605109e-03,1.428913266517839453e-03
1.178929177812078954e+00,-7.368497398063428294e-02,1.771336854403116057e-03,1.435479967806463364e-03
1.179253689485505463e+00,-7.408640313363101804e-02,1.793253371567452015e-03,1.442034141773268496e-03
1.179579916301479070e+00,-7.448802516257230222e-02,1.815260136006427438e-03,1.448575815687538904e-03
1.179907861595391072e+00,-7.488984114971825035e-02,1.837356894887107184e-03,1.455105017392155364e-03
1.180237528685800452e+00,-7.529185217929457163e-02,1.859543399086241444e-03,1.461621775296906289e-03
1.180568920874742522e+00,-7.569405933748285520e-02,1.881819403133311308e-03,1.468126118372006794e-03
1.180902041448031348e+00,-7.609646371241252094e-02,1.904184665154518008e-03,1.474618076141895329e-03
1.181236893675559951e+00,-7.649906639415249288e-02,1.926638946817479936e-03,1.481097678678752749e-03
1.181573480811594967e+00,-7.690186847470248388e-02,1.949182013276901104e-03,1.487564956596618138e-03
1.181911806095069739e+00,-7.730487104798533515e-02,1.971813633120586551e-03,1.494019941045421351e-03
1.182251872749870536e+00,-7.770807520983880057e-02,1.994533578316554090e-03,1.500462663705431909e-03
1.182593683985121213e+00,-7.811148205800844124e-02,2.017341624161034241e-03,1.506893156781291543e-03
1.182937242995464100e+00,-7.851509269213935438e-02,2.040237549226581182e-03,1.513311452996560225e-03
1.183282552961335998e+00,-7.891890821376934539e-02,2.063221135311349430e-03,1.519717585588400977e-03
1.183629617049241745e+00,-7.932292972632137840e-02,2.086292167389203200e-03,1.526111588302556110e-03
1.183978438412023770e+00,-7.972715833509697037e-02,2.109450433559728610e-03,1.532493495388156934e-03
1.184329020189128556e+00,-8.013159514726925226e-02,2.132695724999730813e-03,1.538863341592616729e-03
1.184681365506869533e+00,-8.053624127187625215e-02,2.156027835915175217e-03,1.545221162156926176e-03
1.185035477478686872e+00,-8.094109781981451146e-02,2.179446563493364630e-03,1.551566992811184709e-03
1.185391359205404171e+00,-8.134616590383231260e-02,2.202951707856282137e-03,1.557900869769465735e-03
1.185749013775480698e+00,-8.175144663852385030e-02,2.226543072014197655e-03,1.564222829725611663e-03
1.186108444265262296e+00,-8.215694114032384698e-02,2.250220461819996132e-03,1.570532909849348124e-03
1.186469653739228747e+00,-8.256265052750072497e-02,2.273983685923963716e-03,1.576831147781468379e-03
1.186832645250237350e+00,-8.296857592015105531e-02,2.297832555729392712e-03,1.583117581629919779e-03
1.187197421839764289e+00,-8.337471844019411771e-02,2.321766885348588993e-03,1.589392249965890236e-03
1.187563986538142657e+00,-8.378107921136723757e-02,2.345786491559295750e-03,1.595655191820255503e-03
1.187932342364798055e+00,-8.418765935921956878e-02,2.369891193762102555e-03,1.601906446679499108e-03
1.188302492328479953e+00,-8.459446001110715319e-02,2.394080813938062602e-03,1.608146054481798815e-03
1.188674439427493956e+00,-8.500148229618853524e-02,2.418355176606684642e-03,1.614374055613973513e-03
1.189048186649926730e+00,-8.540872734541959943e-02,2.442714108784840854e-03,1.620590490908180303e-03
1.189423736973871160e+00,-8.581619629154874085e-02,2.467157439945896757e-03,1.626795401638403415e-03
1.189801093367648832e+00,-8.622389026911242427e-02,2.491685001979396241e-03,1.632988829517109663e-03
1.190180258790027867e+00,-8.663181041443102082e-02,2.516296629151398845e-03,1.639170816692472887e-03
1.190561236190441630e+00,-8.703995786560464465e-02,2.540992158064886430e-03,1.645341405745445740e-03
1.190944028509201669e+00,-8.744833376250837897e-02,2.565771427620988643e-03,1.651500639686581673e-03
1.191328638677709328e+00,-8.785693924678905642e-02,2.590634278980930016e-03,1.657648561953356525e-03
1.191715069618666245e+00,-8.826577546186131773e-02,2.615580555527408091e-03,1.663785216407781542e-03
1.192103324246281737e+00,-8.867484355290361497e-02,2.640610102827692374e-03,1.669910647333655573e-03
1.192493405466475753e+00,-8.908414466685454780e-02,2.665722768596154313e-03,1.676024899434261362e-03
1.192885316177084043e+00,-8.949367995240986584e-02,2.690918402657740960e-03,1.682128017829756517e-03
1.193279059268055331e+00,-8.990345056001863844e-02,2.716196856911781699e-03,1.688220048055036338e-03
1.193674637621653378e+00,-9.031345764188047909e-02,2.741557985296114164e-03,1.694301036057749288e-03
1.194072054112649495e+00,-9.072370235194232579e-02,2.767001643751446083e-03,1.700371028195923895e-03
1.194471311608518604e+00,-9.113418584589549898e-02,2.792527690186424882e-03,1.706430071236345047e-03
1.194872412969629760e+00,-9.154490928117292592e-02,2.818135984443359554e-03,1.712478212352430695e-03
1.195275361049437768e+00,-9.195587381694642071e-02,2.843826388263262506e-03,1.718515499122608148e-03
1.195680158694668371e+00,-9.236708061412374215e-02,2.869598765252306949e-03,1.724541979528593227e-03
1.196086808745506103e+00,-9.277853083534681744e-02,2.895452980848395308e-03,1.730557701953794325e-03
1.196495314035777913e+00,-9.319022564498891104e-02,2.921388902287713751e-03,1.736562715181633187e-03
1.196905677393134360e+00,-9.360216620915262631e-02,2.947406398571994490e-03,1.742557068394476327e-03
1.197317901639230353e+00,-9.401435369566735201e-02,2.973505340435736444e-03,1.748540811172247245e-03
1.197731989589903900e+00,-9.442678927408804102e-02,2.999685600314508371e-03,1.754513993491024770e-03
1.198147944055351299e+00,-9.483947411569271235e-02,3.025947052312835672e-03,1.760476665721918965e-03
1.198565767840303220e+00,-9.525240939348061930e-02,3.052289572172656174e-03,1.766428878630169064e-03
1.198985463744196345e+00,-9.566559628217119471e-02,3.078713037242192252e-03,1.772370683374074884e-03
1.199407034561345897e+00,-9.607903595820205256e-02,3.105217326445045001e-03,1.778302131504164163e-03
1.199830483081115062e+00,-9.649272959972698960e-02,3.131802320249538196e-03,1.784223274962248862e-03
1.200255812088081964e+00,-9.690667838661576328e-02,3.158467900638575743e-03,1.790134166080925571e-03
1.200683024362207085e+00,-9.732088350045253744e-02,3.185213951079429728e-03,1.796034857582909372e-03
1.201112122678997807e+00,-9.773534612453382842e-02,3.212040356494250126e-03,1.801925402580284441e-03
1.201543109809670273e+00,-9.815006744386878257e-02,3.238947003230477351e-03,1.807805854574268123e-03
1.201975988521313488e+00,-9.856504864517723341e-02,3.265933779031615636e-03,1.813676267454877866e-03
1.202410761577046738e+00,-9.898029091688986814e-02,3.293000573008630916e-03,1.819536695500237333e-03
1.202847431736180361e+00,-9.939579544914667331e-02,3.320147275611154414e-03,1.825387193376923345e-03
1.203286001754371837e+00,-9.981156343379621321e-02,3.347373778598755623e-03,1.831227816139160969e-03
1.203726474383781220e+00,-1.002275960643960184e-01,3.374679975013575306e-03,1.837058619229434142e-03
1.204168852373227239e+00,-1.006438945362114201e-01,3.402065759151889912e-03,1.842879658478097094e-03
1.204613138468338285e+00,-1.010604600462154945e-01,3.429531026536647431e-03,1.848690990103610265e-03
1.205059335411704069e+00,-1.014772937930890073e-01,3.457075673890155909e-03,1.854492670712748481e-03
1.205507445943027722e+00,-1.018943969772194702e-01,3.484699599106841350e-03,1.860284757300517677e-03
1.205957472799272789e+00,-1.023117708007021953e-01,3.512402701226213786e-03,1.866067307251029206e-03
1.206409418714811110e+00,-1.027294164673397958e-01,3.540184880406471724e-03,1.871840378337347177e-03
1.206863286421571368e+00,-1.031473351826420748e-01,3.568046037897787404e-03,1.877604028722473783e-03
1.207319078649180533e+00,-1.035655281538269135e-01,3.595986076016022270e-03,1.883358316959723999e-03
1.207776798125111073e+00,-1.039839965898202712e-01,3.624004898116803264e-03,1.889103301993030892e-03
1.208236447574822403e+00,-1.044027417012567405e-01,3.652102408569724012e-03,1.894839043158041969e-03
1.208698029721901435e+00,-1.048217647004798248e-01,3.680278512732407248e-03,1.900565600183007353e-03
1.209161547288204464e+00,-1.052410668015426598e-01,3.708533116925150086e-03,1.906283033189126730e-03
1.209627002993996170e+00,-1.056606492202090131e-01,3.736866128405971765e-03,1.911991402691964881e-03
1.210094399558087286e+00,-1.060805131739535057e-01,3.765277455345023006e-03,1.917690769602214962e-03
1.210563739697970931e+00,-1.065006598819630002e-01,3.793767006800008446e-03,1.923381195226753215e-03
1.211035026129960723e+00,-1.069210905651372112e-01,3.822334692691553570e-03,1.929062741269735315e-03
1.211508261569323341e+00,-1.073418064460904819e-01,3.850980423778460615e-03,1.934735469834011901e-03
1.211983448730413748e+00,-1.077628087491515618e-01,3.879704111633297536e-03,1.940399443422474723e-03
1.212460590326807974e+00,-1.081840987003662713e-01,3.908505668618389439e-03,1.946054724939166869e-03
1.212939689071433902e+00,-1.086056775274978903e-01,3.937385007861574082e-03,1.951701377690726047e-03
1.213420747676703382e+00,-1.090275464600289901e-01,3.966342043232443104e-03,1.957339465388160948e-03
1.213903768854641907e+00,-1.094497067291628767e-01,3.995376689318680397e-03,1.962969052148086369e-03
1.214388755317016955e+00,-1.098721595678247009e-01,4.024488861402442108e-03,1.968590202494430175e-03
1.214875709775466106e+00,-1.102949062106638456e-01,4.053678475436889306e-03,1.974202981360542730e-03
1.215364634941624500e+00,-1.107179478940551465e-01,4.082945448022831658e-03,1.979807454090487528e-03
1.215855533527251620e+00,-1.111412858561007244e-01,4.112289696385718063e-03,1.985403686441067350e-03
1.216348408244355417e+00,-1.115649213366322612e-01,4.141711138352571764e-03,1.990991744583878176e-03
1.216843261805317766e+00,-1.119888555772123873e-01,4.171209692329105878e-03,1.996571695107071664e-03
1.217340096923017256e+00,-1.124130898211372909e-01,4.200785277276977703e-03,2.002143605017714378e-03
1.217838916310953312e+00,-1.128376253134385498e-01,4.230437812691278943e-03,2.007707541743647406e-03
1.218339722683366544e+00,-1.132624633008854076e-01,4.260167218578150838e-03,2.013263573135734563e-03
1.218842518755361315e+00,-1.136876050319869380e-01,4.289973415431969084e-03,2.018811767470152230e-03
1.219347307243026091e+00,-1.141130517569947656e-01,4.319856324213389165e-03,2.024352193450859594e-03
1.219854090863552010e+00,-1.145388047279051746e-01,4.349815866327363945e-03,2.029884920211666444e-03
1.220362872335353455e+00,-1.149648651984617187e-01,4.379851963600744913e-03,2.035410017319286280e-03
1.220873654378184403e+00,-1.153912344241581067e-01,4.409964538260729983e-03,2.040927554775390229e-03
1.221386439713258110e+00,-1.158179136622405347e-01,4.440153512912686784e-03,2.046437603019229945e-03
1.221901231063362570e+00,-1.162449041717106835e-01,4.470418810518697605e-03,2.051940232930538066e-03
1.222418031152975759e+00,-1.166722072133283827e-01,4.500760354375826777e-03,2.057435515832178874e-03
1.222936842708383320e+00,-1.170998240496142206e-01,4.531178068094540712e-03,2.062923523492965483e-03
1.223457668457791581e+00,-1.175277559448532627e-01,4.561671875577474888e-03,2.068404328130560299e-03
1.223980511131442350e+00,-1.179560041650977165e-01,4.592241700997978793e-03,2.073878002414208943e-03
1.224505373461726609e+00,-1.183845699781699290e-01,4.622887468778785758e-03,2.079344619468043165e-03
1.225032258183296641e+00,-1.188134546536657732e-01,4.653609103570932604e-03,2.084804252874078445e-03
1.225561168033179271e+00,-1.192426594629580339e-01,4.684406530232512744e-03,2.090256976675433642e-03
1.226092105750887118e+00,-1.196721856791998495e-01,4.715279673807915017e-03,2.095702865379481250e-03
1.226625074078529387e+00,-1.201020345773273212e-01,4.746228459506590669e-03,2.101141993960803367e-03
1.227160075760922897e+00,-1.205322074340640648e-01,4.777252812682430960e-03,2.106574437865132987e-03
1.227697113545702212e+00,-1.209627055279244856e-01,4.808352658812742320e-03,2.112000273012545892e-03
1.228236190183428667e+00,-1.213935301392167765e-01,4.839527923477526805e-03,2.117419575800749687e-03
1.228777308427699388e+00,-1.218246825500478026e-01,4.870778532339165023e-03,2.122832423108747535e-03
1.229320471035256546e+00,-1.222561640443260988e-01,4.902104411121238625e-03,2.128238892300765572e-03
1.229865680766094149e+00,-1.226879759077654231e-01,4.933505485588310369e-03,2.133639061229583578e-03
1.230412940383565967e+00,-1.231201194278897515e-01,4.964981681525482138e-03,2.139033008240212586e-03
1.230962252654492328e+00,-1.235525958940364988e-01,4.996532924717578261e-03,2.144420812173974955e-03
1.231513620349267146e+00,-1.239854065973606811e-01,5.028159140929217008e-03,2.149802552372390152e-03
1.232067046241963837e+00,-1.244185528308391908e-01,5.059860255883966151e-03,2.155178308681185428e-03
1.232622533110439900e+00,-1.248520358892755144e-01,5.091636195244386709e-03,2.160548161454070581e-03
1.233180083736444388e+00,-1.252858570693030638e-01,5.123486884591660351e-03,2.165912191556984556e-03
1.233739700905719827e+00,-1.257200176693898941e-01,5.155412249405355585e-03,2.171270480372286538e-03
1.234301387408109019e+00,-1.261545189898435892e-01,5.187412215043207819e-03,2.176623109802947043e-03
1.234865146037657624e+00,-1.265893623328152029e-01,5.219486706720788405e-03,2.181970162276974934e-03
1.235430979592718304e+00,-1.270245490023042545e-01,5.251635649491798175e-03,2.187311720751594635e-03
1.235998890876054190e+00,-1.274600803041632258e-01,5.283858968227667097e-03,2.192647868717700899e-03
1.236568882694940807e+00,-1.278959575461017795e-01,5.316156587597251071e-03,2.197978690204688279e-03
1.237140957861269541e+00,-1.283321820376922551e-01,5.348528432047375269e-03,2.203304269784503444e-03
1.237715119191649560e+00,-1.287687550903742206e-01,5.380974425782433790e-03,2.208624692576641180e-03
1.238291369507508843e+00,-1.292056780174594133e-01,5.413494492744447273e-03,2.213940044253015493e-03
1.238869711635197657e+00,-1.296429521341365687e-01,5.446088556593065011e-03,2.219250411042233972e-03
1.239450148406087804e+00,-1.300805787574770278e-01,5.478756540685469911e-03,2.224555879734982367e-03
1.240032682656674323e+00,-1.305185592064390665e-01,5.511498368056519381e-03,2.229856537688632012e-03
1.240617317228676075e+00,-1.309568948018734469e-01,5.544313961399122137e-03,2.235152472832138693e-03
1.241204054969136772e+00,-1.313955868665289128e-01,5.577203243043657444e-03,2.240443773671468852e-03
1.241792898730524008e+00,-1.318346367250572970e-01,5.610166134938560090e-03,2.245730529294526212e-03
1.242383851370829628e+00,-1.322740457040187945e-01,5.643202558630086574e-03,2.251012829376508595e-03
1.242976915753669198e+00,-1.327138151318877357e-01,5.676312435242289456e-03,2.256290764185028830e-03
1.243572094748381929e+00,-1.331539463390577493e-01,5.709495685457532943e-03,2.261564424585291166e-03
1.244169391230129262e+00,-1.335944406578478683e-01,5.742752229496314587e-03,2.266833902045906068e-03
1.244768808079993239e+00,-1.340352994225075256e-01,5.776081987097045345e-03,2.272099288644358062e-03
1.245370348185076415e+00,-1.344765239692228831e-01,5.809484877496579047e-03,2.277360677072098882e-03
1.245974014438600008e+00,-1.349181156361223821e-01,5.842960819409853679e-03,2.282618160640612071e-03
1.246579809740002265e+00,-1.353600757632825169e-01,5.876509731009990634e-03,2.287871833287130618e-03
1.247187736995035046e+00,-1.358024056927340517e-01,5.910131529908491110e-03,2.293121789580215841e-03
1.247797799115865303e+00,-1.362451067684676276e-01,5.943826133135182710e-03,2.298368124725780337e-03
1.248409999021169448e+00,-1.366881803364404235e-01,5.977593457117930109e-03,2.303610934572861146e-03
1.249024339636232606e+00,-1.371316277445816523e-01,6.011433417662831458e-03,2.308850315619753735e-03
1.249640823893046537e+00,-1.375754503427991660e-01,6.045345929934178852e-03,2.314086365020021074e-03
1.250259454730405784e+00,-1.380196494829857290e-01,6.079330908434141256e-03,2.319319180588766405e-03
1.250880235094006476e+00,-1.384642265190249022e-01,6.113388266982655583e-03,2.324548860808725581e-03
1.251503167936541594e+00,-1.389091828067984813e-01,6.147517918697678607e-03,2.329775504836373301e-03
1.252128256217800661e+00,-1.393545197041919925e-01,6.181719775974495179e-03,2.334999212508903632e-03
1.252755502904764118e+00,-1.398002385711011319e-01,6.215993750465498291e-03,2.340220084350155827e-03
1.253384910971701682e+00,-1.402463407694393149e-01,6.250339753060260573e-03,2.345438221577275661e-03
1.254016483400268722e+00,-1.406928276631436159e-01,6.284757693865092310e-03,2.350653726107584940e-03
1.254650223179603508e+00,-1.411397006181818736e-01,6.319247482182585585e-03,2.355866700564812621e-03
1.255286133306423135e+00,-1.415869610025591863e-01,6.353809026491324952e-03,2.361077248285950447e-03
1.255924216785121006e+00,-1.420346101863252386e-01,6.388442234425487087e-03,2.366285473328594291e-03
1.256564476627862970e+00,-1.424826495415809635e-01,6.423147012754232277e-03,2.371491480477300184e-03
1.257206915854683693e+00,-1.429310804424855363e-01,6.457923267361484476e-03,2.376695375250842401e-03
1.257851537493583027e+00,-1.433799042652637024e-01,6.492770903224934220e-03,2.381897263909318885e-03
1.258498344580624817e+00,-1.438291223882125491e-01,6.527689824395443985e-03,2.387097253461104018e-03
1.259147340160029938e+00,-1.442787361917091116e-01,6.562679933976647839e-03,2.392295451670134465e-03
1.259798527284274661e+00,-1.447287470582169777e-01,6.597741134104051497e-03,2.397491967063278273e-03
1.260451909014187466e+00,-1.451791563722950595e-01,6.632873325924285024e-03,2.402686908937939902e-03
1.261107488419045408e+00,-1.456299655206036991e-01,6.668076409573980845e-03,2.407880387369304431e-03
1.261765268576670485e+00,-1.460811758919123848e-01,6.703350284158943184e-03,2.413072513217845438e-03
1.262425252573526002e+00,-1.465327888771079112e-01,6.738694847733331383e-03,2.418263398137082687e-03
1.263087443504814056e+00,-1.469848058692012627e-01,6.774109997278482398e-03,2.423453154581312052e-03
1.263751844474571229e+00,-1.474372282633363840e-01,6.809595628681636148e-03,2.428641895813474227e-03
1.264418458595766293e+00,-1.478900574567965087e-01,6.845151636714799648e-03,2.433829735912981795e-03
1.265087288990396797e+00,-1.483432948490129855e-01,6.880777915013375212e-03,2.439016789783740591e-03
1.265758338789585880e+00,-1.487969418415733824e-01,6.916474356055024586e-03,2.444203173162157183e-03
1.266431611133679302e+00,-1.492509998382284264e-01,6.952240851137839184e-03,2.449389002625160239e-03
1.267107109172343149e+00,-1.497054702449012176e-01,6.988077290359231974e-03,2.454574395598554948e-03
1.267784836064660192e+00,-1.501603544696944459e-01,7.023983562593830166e-03,2.459759470365571743e-03
1.268464794979227594e+00,-1.506156539228992175e-01,7.059959555472061776e-03,2.464944346075179094e-03
1.269146989094255051e+00,-1.510713700170030482e-01,7.096005155358312000e-03,2.470129142750202011e-03
1.269831421597661159e+00,-1.515275041666980238e-01,7.132120247329079565e-03,2.475313981296273225e-03
1.270518095687172222e+00,-1.519840577888891819e-01,7.168304715150772277e-03,2.480498983510562305e-03
1.271207014570419735e+00,-1.524410323027037273e-01,7.204558441257849499e-03,2.485684272090490921e-03
1.271898181465038524e+00,-1.528984291294989140e-01,7.240881306730548306e-03,2.490869970642295428e-03
1.272591599598764667e+00,-1.533562496928705388e-01,7.277273191272706776e-03,2.496056203690255604e-03
1.273287272209534304e+00,-1.538144954186617674e-01,7.313733973189018300e-03,2.501243096685687450e-03
1.273985202545581785e+00,-1.542731677349724051e-01,7.350263529362993653e-03,2.506430776016171924e-03
1.274685393865539584e+00,-1.547322680721672228e-01,7.386861735234118154e-03,2.511619369014672642e-03
1.275387849438534671e+00,-1.551917978628846728e-01,7.423528464775050462e-03,2.516809003968903391e-03
1.276092572544290871e+00,-1.556517585420464922e-01,7.460263590469140560e-03,2.521999810130515218e-03
1.276799566473226122e+00,-1.561121515468661958e-01,7.497066983287309361e-03,2.527191917724949666e-03
1.277508834526552395e+00,-1.565729783168585132e-01,7.533938512664789533e-03,2.532385457960625863e-03
1.278220380016376501e+00,-1.570342402938483817e-01,7.570878046478227152e-03,2.537580563039376624e-03
1.278934206265798679e+00,-1.574959389219806050e-01,7.607885451022589063e-03,2.542777366165649422e-03
1.279650316609014293e+00,-1.579580756477287906e-01,7.644960590986987770e-03,2.547976001556415127e-03
1.280368714391414198e+00,-1.584206519199043428e-01,7.682103329431852479e-03,2.553176604451368181e-03
1.281089402969683544e+00,-1.588836691896671205e-01,7.719313527765073180e-03,2.558379311122863098e-03
1.281812385711906810e+00,-1.593471289105344302e-01,7.756591045718047583e-03,2.563584258886364431e-03
1.282537665997665499e+00,-1.598110325383900743e-01,7.793935741321963984e-03,2.568791586110411029e-03
1.283265247218141614e+00,-1.602753815314950092e-01,7.831347470883417983e-03,2.574001432227135400e-03
1.283995132776219572e+00,-1.607401773504963938e-01,7.868826088960556575e-03,2.579213937743005114e-03
1.284727326086587906e+00,-1.612054214584379697e-01,7.906371448338445074e-03,2.584429244249383806e-03
1.285461830575842512e+00,-1.616711153207701090e-01,7.943983400004697715e-03,2.589647494432856245e-03
1.286198649682589679e+00,-1.621372604053590294e-01,7.981661793125052751e-03,2.594868832086386079e-03
1.286937786857548227e+00,-1.626038581824978402e-01,8.019406475018142633e-03,2.600093402120084995e-03
1.287679245563654762e+00,-1.630709101249159243e-01,8.057217291130680525e-03,2.605321350572301076e-03
1.288423029276166254e+00,-1.635384177077895407e-01,8.095094085012702334e-03,2.610552824620832046e-03
1.289169141482764624e+00,-1.640063824087523159e-01,8.133036698291976063e-03,2.615787972594096900e-03
1.289917585683663104e+00,-1.644748057079056802e-01,8.171044970648577710e-03,2.621026943982446289e-03
1.290668365391708816e+00,-1.649436890878287487e-01,8.209118739789619812e-03,2.626269889449805994e-03
1.291421484132490249e+00,-1.654130340335894234e-01,8.247257841423216718e-03,2.631516960844959563e-03
1.292176945444441616e+00,-1.658828420327552178e-01,8.285462109232699657e-03,2.636768311213608107e-03
1.292934752878950766e+00,-1.663531145754033047e-01,8.323731374850457110e-03,2.642024094809972135e-03
1.293694910000463771e+00,-1.668238531541314518e-01,8.362065467831969467e-03,2.647284467108421135e-03
1.294457420386594393e+00,-1.672950592640696788e-01,8.400464215629122045e-03,2.652549584816019101e-03
1.295222287628229552e+00,-1.677667344028903607e-01,8.438927443563531972e-03,2.657819605884556569e-03
1.295989515329638575e+00,-1.682388800708197740e-01,8.477454974800069376e-03,2.663094689522790826e-03
1.296759107108581777e+00,-1.687114977706488106e-01,8.516046630319670796e-03,2.668374996208380812e-03
1.297531066596418370e+00,-1.691845890077445791e-01,8.554702228892319127e-03,2.673660687700932237e-03
1.298305397438216602e+00,-1.696581552900617296e-01,8.593421587049634991e-03,2.678951927054654125e-03
1.299082103292863888e+00,-1.701321981281530560e-01,8.632204519057259939e-03,2.684248878630834945e-03
1.299861187833176501e+00,-1.706067190351819862e-01,8.671050836887309043e-03,2.689551708110748951e-03
1.300642654746010374e+00,-1.710817195269336843e-01,8.709960350190476541e-03,2.694860582508798452e-03
1.301426507732372340e+00,-1.715572011218263748e-01,8.748932866267628006e-03,2.700175670185503418e-03
1.302212750507533379e+00,-1.720331653409234440e-01,8.787968190041725580e-03,2.705497140860685379e-03
1.303001386801139638e+00,-1.725096137079454306e-01,8.827066124029239735e-03,2.710825165626970512e-03
1.303792420357326343e+00,-1.729865477492814052e-01,8.866226468311463882e-03,2.716159916963292731e-03
1.304585854934829481e+00,-1.734639689940009610e-01,8.905449020505176727e-03,2.721501568748632693e-03
1.305381694307102602e+00,-1.739418789738669258e-01,8.944733575733998521e-03,2.726850296275465380e-03
1.306179942262429616e+00,-1.744202792233467969e-01,8.984079926598734223e-03,2.732206276263748901e-03
1.306980602604039809e+00,-1.748991712796252873e-01,9.023487863147827692e-03,2.737569686875218622e-03
1.307783679150225309e+00,-1.753785566826164821e-01,9.062957172847274645e-03,2.742940707727056782e-03
1.308589175734455434e+00,-1.758584369749764953e-01,9.102487640550882553e-03,2.748319519906811115e-03
1.309397096205495270e+00,-1.763388137021160151e-01,9.142079048469670122e-03,2.753706305986342029e-03
1.310207444427523349e+00,-1.768196884122126278e-01,9.181731176141641471e-03,2.759101250036477548e-03
1.311020224280248003e+00,-1.773010626562232517e-01,9.221443800400616619e-03,2.764504537641793158e-03
1.311835439659028379e+00,-1.777829379878973493e-01,9.261216695345644845e-03,2.769916355915474915e-03
1.312653094474993454e+00,-1.782653159637904716e-01,9.301049632309238424e-03,2.775336893514460113e-03
1.313473192655162158e+00,-1.787481981432756384e-01,9.340942379826161490e-03,2.780766340654369784e-03
1.314295738142563952e+00,-1.792315860885574375e-01,9.380894703601552753e-03,2.786204889124663242e-03
1.315120734896360055e+00,-1.797154813646850702e-01,9.420906366478992711e-03,2.791652732304167328e-03
1.315948186891967797e+00,-1.801998855395657295e-01,9.460977128408126768e-03,2.797110065176869331e-03
1.316778098121180740e+00,-1.806848001839771456e-01,9.501106746412121828e-03,2.802577084347362968e-03
1.317610472592294357e+00,-1.811702268715816855e-01,9.541294974554553887e-03,2.808053988056780081e-03
1.318445314330231266e+00,-1.816561671789398980e-01,9.581541563906725845e-03,2.813540976199083166e-03
1.319282627376663353e+00,-1.821426226855241137e-01,9.621846262513999992e-03,2.819038250336788898e-03
1.320122415790140780e+00,-1.826295949737319346e-01,9.662208815362519077e-03,2.824546013717524340e-03
1.320964683646216775e+00,-1.831170856289006665e-01,9.702628964344719997e-03,2.830064471290666406e-03
1.321809435037576197e+00,-1.836050962393198094e-01,9.743106448225222205e-03,2.835593829723842552e-03
1.322656674074163874e+00,-1.840936283962466558e-01,9.783641002606702219e-03,2.841134297419570243e-03
1.323506404883312726e+00,-1.845826836939198357e-01,9.824232359894588540e-03,2.846686084532368266e-03
1.324358631609874326e+00,-1.850722637295734718e-01,9.864880249262228396e-03,2.852249402986117843e-03
1.325213358416351017e+00,-1.855623701034515571e-01,9.905584396615332854e-03,2.857824466490951898e-03
1.326070589483024253e+00,-1.860530044188219989e-01,9.946344524556019473e-03,2.863411490560990869e-03
1.326930329008090714e+00,-1.865441682819921065e-01,9.987160352347174141e-03,2.869010692532023010e-03
1.327792581207793088e+00,-1.870358633023226358e-01,1.002803159587578596e-02,2.874622291578837752e-03
1.328657350316555075e+00,-1.875280910922422772e-01,1.006895796761655970e-02,2.880246508733530497e-03
1.329524640587116835e+00,-1.880208532672627553e-01,1.010993917659448738e-02,2.885883566903627018e-03
1.330394456290670213e+00,-1.885141514459941492e-01,1.015097492834758641e-02,2.891533690890582542e-03
1.331266801716997072e+00,-1.890079872501594926e-01,1.019206492488929083e-02,2.897197107407906147e-03
1.332141681174605630e+00,-1.895023623046098726e-01,1.023320886467041224e-02,2.902874045100145572e-03
1.333019098990870566e+00,-1.899972782373406943e-01,1.027440644254076774e-02,2.908564734561386311e-03
1.333899059512171581e+00,-1.904927366795058363e-01,1.031565734971054416e-02,2.914269408354513979e-03
1.334781567104034838e+00,-1.909887392654333604e-01,1.035696127371085740e-02,2.919988301030421174e-03
1.335666626151275294e+00,-1.914852876326416653e-01,1.039831789835463094e-02,2.925721649147394743e-03
1.336554241058138581e+00,-1.919823834218551961e-01,1.043972690369666945e-02,2.931469691290627955e-03
1.337444416248444679e+00,-1.924800282770202098e-01,1.048118796599353808e-02,2.937232668092162879e-03
1.338337156165733788e+00,-1.929782238453202625e-01,1.052270075766276181e-02,2.943010822250666236e-03
1.339232465273411776e+00,-1.934769717771926967e-01,1.056426494724221898e-02,2.948804398551371775e-03
1.340130348054896059e+00,-1.939762737263446279e-01,1.060588019934848025e-02,2.954613643887202268e-03
1.341030809013765701e+00,-1.944761313497696542e-01,1.064754617463521680e-02,2.960438807278600870e-03
1.341933852673908856e+00,-1.949765463077640648e-01,1.068926252975109514e-02,2.966280139894472700e-03
1.342839483579674198e+00,-1.954775202639434939e-01,1.073102891729736663e-02,2.972137895073223568e-03
1.343747706296021027e+00,-1.959790548852589076e-01,1.077284498578467975e-02,2.978012328343937476e-03
1.344658525408673366e+00,-1.964811518420143122e-01,1.081471037958987857e-02,2.983903697447776171e-03
1.345571945524272062e+00,-1.969838128078834627e-01,1.085662473891228774e-02,2.989812262359337058e-03
1.346487971270530881e+00,-1.974870394599264611e-01,1.089858769972926189e-02,2.995738285308593984e-03
1.347406607296392833e+00,-1.979908334786072976e-01,1.094059889375172123e-02,3.001682030802907408e-03
1.348327858272186042e+00,-1.984951965478108926e-01,1.098265794837906262e-02,3.007643765649076206e-03
1.349251728889783397e+00,-1.990001303548609157e-01,1.102476448665365427e-02,3.013623758975902955e-03
1.350178223862763094e+00,-1.995056365905369944e-01,1.106691812721492807e-02,3.019622282256925749e-03
1.351107347926566948e+00,-2.000117169490925884e-01,1.110911848425281956e-02,3.025639609333261038e-03
1.352039105838666266e+00,-2.005183731282723647e-01,1.115136516746086104e-02,3.031676016436501975e-03
1.352973502378722159e+00,-2.010256068293307385e-01,1.119365778198906647e-02,3.037731782212171883e-03
1.353910542348754298e+00,-2.015334197570495811e-01,1.123599592839562289e-02,3.043807187743344245e-03
1.354850230573303671e+00,-2.020418136197561498e-01,1.127837920259897042e-02,3.049902516574345968e-03
1.355792571899602006e+00,-2.025507901293422952e-01,1.132080719582881367e-02,3.056018054734807587e-03
1.356737571197741410e+00,-2.030603510012823909e-01,1.136327949457702213e-02,3.062154090764018788e-03
1.357685233360843347e+00,-2.035704979546518745e-01,1.140579568054739257e-02,3.068310915735283917e-03
1.358635563305232052e+00,-2.040812327121453995e-01,1.144835533060553634e-02,3.074488823280610572e-03
1.359588565970606622e+00,-2.045925570000972082e-01,1.149095801672821160e-02,3.080688109615856152e-03
1.360544246320217532e+00,-2.051044725484989506e-01,1.153360330595164240e-02,3.086909073566040940e-03
1.361502609341040060e+00,-2.056169810910195572e-01,1.157629076031974069e-02,3.093152016590647313e-03
1.362463660043955915e+00,-2.061300843650241132e-01,1.161901993683146783e-02,3.099417242809390793e-03
1.363427403463930432e+00,-2.066437841115933427e-01,1.166179038738822393e-02,3.105705059028351922e-03
1.364393844660192423e+00,-2.071580820755434260e-01,1.170460165873977998e-02,3.112015774766233034e-03
1.365362988716419368e+00,-2.076729800054458175e-01,1.174745329243041814e-02,3.118349702280864832e-03
1.366334840740919931e+00,-2.081884796536466742e-01,1.179034482474414225e-02,3.124707156595712965e-03
1.367309405866819594e+00,-2.087045827762875061e-01,1.183327578664951363e-02,3.131088455527272774e-03
1.368286689252248944e+00,-2.092212911333248826e-01,1.187624570374343214e-02,3.137493919712339152e-03
1.369266696080531531e+00,-2.097386064885513601e-01,1.191925409619495890e-02,3.143923872635775996e-03
1.370249431560376152e+00,-2.102565306096153552e-01,1.196230047868795943e-02,3.150378640658313412e-03
1.371234900926067368e+00,-2.107750652680422943e-01,1.200538436036366341e-02,3.156858553044497584e-03
1.372223109437661126e+00,-2.112942122392550415e-01,1.204850524476205886e-02,3.163363941991195749e-03
1.373214062381180600e+00,-2.118139733025951044e-01,1.209166262976293926e-02,3.169895142656739551e-03
1.374207765068812703e+00,-2.123343502413439499e-01,1.213485600752640947e-02,3.176452493189554915e-03
1.375204222839110368e+00,-2.128553448427444872e-01,1.217808486443246185e-02,3.183036334757638475e-03
1.376203441057191057e+00,-2.133769588980216070e-01,1.222134868102001115e-02,3.189647011578297664e-03
1.377205425114941040e+00,-2.138991942024045523e-01,1.226464693192537425e-02,3.196284870948029599e-03
1.378210180431221232e+00,-2.144220525551489009e-01,1.230797908581998668e-02,3.202950263272663634e-03
1.379217712452073474e+00,-2.149455357595582705e-01,1.235134460534721701e-02,3.209643542098059021e-03
1.380228026650930806e+00,-2.154696456230061896e-01,1.239474294705859847e-02,3.216365064141218921e-03
1.381241128528826856e+00,-2.159943839569588020e-01,1.243817356134956087e-02,3.223115189320946428e-03
1.382257023614610336e+00,-2.165197525769973486e-01,1.248163589239423277e-02,3.229894280789777361e-03
1.383275717465159760e+00,-2.170457533028407049e-01,1.252512937807941096e-02,3.236702704965593869e-03
1.384297215665599490e+00,-2.175723879583679743e-01,1.256865344993826628e-02,3.243540831563862525e-03
1.385321523829520451e+00,-2.180996583716423576e-01,1.261220753308245346e-02,3.250409033630385913e-03
1.386348647599202177e+00,-2.186275663749333020e-01,1.265579104613409611e-02,3.257307687573887667e-03
1.387378592645834186e+00,-2.191561138047410373e-01,1.269940340115698063e-02,3.264237173199430186e-03
1.388411364669743131e+00,-2.196853025018190020e-01,1.274304400358663991e-02,3.271197873741568674e-03
1.389446969400621068e+00,-2.202151343111982129e-01,1.278671225215979868e-02,3.278190175898615388e-03
1.390485412597754600e+00,-2.207456110822115791e-01,1.283040753884302776e-02,3.285214469866723497e-03
1.391526700050258913e+00,-2.212767346685172165e-01,1.287412924876037146e-02,3.292271149374581540e-03
1.392570837577311593e+00,-2.218085069281234833e-01,1.291787676012057240e-02,3.299360611718496483e-03
1.393617831028389764e+00,-2.223409297234133497e-01,1.296164944414278375e-02,3.306483257797657171e-03
1.394667686283511676e+00,-2.228740049211689334e-01,1.300544666498192059e-02,3.313639492149481058e-03
1.395720409253475847e+00,-2.234077343925962578e-01,1.304926777965323414e-02,3.320829722986085031e-03
1.396776005880107974e+00,-2.239421200133512868e-01,1.309311213795531781e-02,3.328054362230922769e-03
1.397834482136507184e+00,-2.244771636635644052e-01,1.313697908239290502e-02,3.335313825555297207e-03
1.398895844027295166e+00,-2.250128672278661757e-01,1.318086794809815443e-02,3.342608532415997091e-03
1.399960097588869967e+00,-2.255492325954132626e-01,1.322477806275158818e-02,3.349938906092780888e-03
1.401027248889659349e+00,-2.260862616599144115e-01,1.326870874650175336e-02,3.357305373726027220e-03
1.402097304030378133e+00,-2.266239563196559281e-01,1.331265931188373164e-02,3.364708366356050639e-03
1.403170269144289994e+00,-2.271623184775293791e-01,1.335662906373701053e-02,3.372148318961279423e-03
1.404246150397469028e+00,-2.277013500410573488e-01,1.340061729912223054e-02,3.379625670498015433e-03
1.405324953989066206e+00,-2.282410529224203066e-01,1.344462330723694699e-02,3.387140863939916424e-03
1.406406686151576935e+00,-2.287814290384837523e-01,1.348864636933015670e-02,3.394694346318574696e-03
1.407491353151114399e+00,-2.293224803108256937e-01,1.353268575861606149e-02,3.402286568763568386e-03
1.408578961287681786e+00,-2.298642086657643469e-01,1.357674074018676291e-02,3.409917986543872792e-03
1.409669516895451169e+00,-2.304066160343849479e-01,1.362081057092340286e-02,3.417589059109216176e-03
1.410763026343043069e+00,-2.309497043525686188e-01,1.366489449940681833e-02,3.425300250132212732e-03
1.411859496033809336e+00,-2.314934755610200678e-01,1.370899176582682233e-02,3.433052027550453911e-03
1.412958932406120915e+00,-2.320379316052962326e-01,1.375310160189054109e-02,3.440844863609709980e-03
1.414061341933656735e+00,-2.325830744358357016e-01,1.379722323072891943e-02,3.448679234907298108e-03
1.415166731125696131e+00,-2.331289060079867470e-01,1.384135586680304564e-02,3.456555622436019437e-03
1.416275106527415506e+00,-2.336754282820361350e-01,1.388549871580851969e-02,3.464474511627721465e-03
1.417386474720186751e+00,-2.342226432232392686e-01,1.392965097457889156e-02,3.472436392398831062e-03
1.418500842321881672e+00,-2.347705528018499410e-01,1.397381183098835022e-02,3.480441759195707085e-03
1.419618215987175525e+00,-2.353191589931505345e-01,1.401798046385213659e-02,3.488491111040242787e-03
1.420738602407858542e+00,-2.358684637774809412e-01,1.406215604282637366e-02,3.496584951576162115e-03
1.421862008313148351e+00,-2.364184691402707039e-01,1.410633772830668931e-02,3.504723789116023780e-03
1.422988440470006388e+00,-2.369691770720680490e-01,1.415052467132520142e-02,3.512908136688419614e-03
1.424117905683457641e+00,-2.375205895685723601e-01,1.419471601344630962e-02,3.521138512086199879e-03
1.425250410796914391e+00,-2.380727086306646534e-01,1.423891088666151550e-02,3.529415437914573683e-03
1.426385962692505061e+00,-2.386255362644391087e-01,1.428310841328203629e-02,3.537739441640319615e-03
1.427524568291403950e+00,-2.391790744812351543e-01,1.432730770583065527e-02,3.546111055641149035e-03
1.428666234554167414e+00,-2.397333252976694973e-01,1.437150786693194848e-02,3.554530817256429387e-03
1.429810968481072475e+00,-2.402882907356686526e-01,1.441570798920134566e-02,3.562999268837047095e-03
1.430958777112459224e+00,-2.408439728225011400e-01,1.445990715513244262e-02,3.571516957797282732e-03
1.432109667529078534e+00,-2.414003735908106796e-01,1.450410443698282870e-02,3.580084436666561287e-03
1.433263646852443340e+00,-2.419574950786497758e-01,1.454829889665837372e-02,3.588702263141868576e-03
1.434420722245183688e+00,-2.425153393295129689e-01,1.459248958559644649e-02,3.597371000140819897e-03
1.435580900911405333e+00,-2.430739083923706412e-01,1.463667554464709308e-02,3.606091215855297683e-03
1.436744190097053675e+00,-2.436332043217034338e-01,1.468085580395259160e-02,3.614863483805838551e-03
1.437910597090283904e+00,-2.441932291775366082e-01,1.472502938282579943e-02,3.623688382896700366e-03
1.439080129221829818e+00,-2.447539850254741856e-01,1.476919528962651607e-02,3.632566497471179101e-03
1.440252793865384184e+00,-2.453154739367352510e-01,1.481335252163626381e-02,3.641498417368188578e-03
1.441428598437978881e+00,-2.458776979881887037e-01,1.485750006493162523e-02,3.650484737978854088e-03
1.442607550400369476e+00,-2.464406592623890058e-01,1.490163689425573479e-02,3.659526060304077455e-03
1.443789657257428916e+00,-2.470043598476124869e-01,1.494576197288760566e-02,3.668622991013045787e-03
1.444974926558540762e+00,-2.475688018378932598e-01,1.498987425251048500e-02,3.677776142501837375e-03
1.446163365898001540e+00,-2.481339873330605239e-01,1.503397267307751695e-02,3.686986132953193329e-03
1.447354982915424859e+00,-2.486999184387755912e-01,1.507805616267629545e-02,3.696253586397260649e-03
1.448549785296151526e+00,-2.492665972665690788e-01,1.512212363739137699e-02,3.705579132771918971e-03
1.449747780771667438e+00,-2.498340259338789338e-01,1.516617400116455905e-02,3.714963407984911425e-03
1.450948977120020800e+00,-2.504022065640883477e-01,1.521020614565357643e-02,3.724407053976377946e-03
1.452153382166250228e+00,-2.509711412865642810e-01,1.525421895008884088e-02,3.733910718782013083e-03
1.453361003782815741e+00,-2.515408322366967653e-01,1.529821128112802964e-02,3.743475056597361794e-03
1.454571849890035296e+00,-2.521112815559377052e-01,1.534218199270866168e-02,3.753100727842503814e-03
1.455785928456527323e+00,-2.526824913918408466e-01,1.538612992589889761e-02,3.762788399227529057e-03
1.457003247499657039e+00,-2.532544638981013563e-01,1.543005390874556404e-02,3.772538743818998341e-03
1.458223815085992081e+00,-2.538272012345963446e-01,1.547395275612110932e-02,3.782352441107111884e-03
1.459447639331760360e+00,-2.544007055674255557e-01,1.551782526956725639e-02,3.792230177073752095e-03
1.460674728403315470e+00,-2.549749790689530560e-01,1.556167023713750375e-02,3.802172644261275769e-03
1.461905090517607864e+00,-2.555500239178485344e-01,1.560548643323664275e-02,3.812180541842527526e-03
1.463138733942663361e+00,-2.561258422991290473e-01,1.564927261845810991e-02,3.822254575691075296e-03
1.464375666998064762e+00,-2.567024364042017615e-01,1.569302753941925754e-02,3.832395458452472758e-03
1.465615898055441457e+00,-2.572798084309055877e-01,1.573674992859454280e-02,3.842603909616729152e-03
1.466859435538966805e+00,-2.578579605835562560e-01,1.578043850414545535e-02,3.852880655591944814e-03
1.468106287925860620e+00,-2.584368950729891701e-01,1.582409196974875198e-02,3.863226429777683046e-03
1.469356463746896990e+00,-2.590166141166030389e-01,1.586770901442226267e-02,3.873641972640368136e-03
1.470609971586920750e+00,-2.595971199384048411e-01,1.591128831234760177e-02,3.884128031789238489e-03
1.471866820085370176e+00,-2.601784147690543447e-01,1.595482852269060337e-02,3.894685362053243449e-03
1.473127017936807004e+00,-2.607605008459105145e-01,1.599832828941938345e-02,3.905314725559203004e-03
1.474390573891453116e+00,-2.613433804130766980e-01,1.604178624111939067e-02,3.916016891810147893e-03
1.475657496755732101e+00,-2.619270557214464779e-01,1.608520099080604226e-02,3.926792637765477711e-03
1.476927795392823484e+00,-2.625115290287514114e-01,1.612857113573470946e-02,3.937642747921937803e-03
1.478201478723219164e+00,-2.630968025996084370e-01,1.617189525720746923e-02,3.948568014395387182e-03
1.479478555725289191e+00,-2.636828787055667811e-01,1.621517192037749688e-02,3.959569237003690567e-03
1.480759035435856852e+00,-2.642697596251561976e-01,1.625839967405021125e-02,3.970647223350720623e-03
1.482042926950778217e+00,-2.648574476439368719e-01,1.630157705048168593e-02,3.981802788911650848e-03
1.483330239425532771e+00,-2.654459450545477717e-01,1.634470256517409070e-02,3.993036757119053370e-03
1.484620982075819384e+00,-2.660352541567562179e-01,1.638777471666810759e-02,4.004349959449968188e-03
1.485915164178163828e+00,-2.666253772575091219e-01,1.643079198633222437e-02,4.015743235514693255e-03
1.487212795070529836e+00,-2.672163166709830562e-01,1.647375283814885016e-02,4.027217433146101921e-03
1.488513884152943278e+00,-2.678080747186358801e-01,1.651665571849744718e-02,4.038773408490292649e-03
1.489818440888121653e+00,-2.684006537292585870e-01,1.655949905593384619e-02,4.050412026098557106e-03
1.491126474802115132e+00,-2.689940560390274849e-01,1.660228126096696677e-02,4.062134159020555635e-03
1.492437995484952706e+00,-2.695882839915577645e-01,1.664500072583213752e-02,4.073940688898630702e-03
1.493753012591301443e+00,-2.701833399379569567e-01,1.668765582426025296e-02,4.085832506063577507e-03
1.495071535841132615e+00,-2.707792262368783343e-01,1.673024491124415480e-02,4.097810509630844811e-03
1.496393575020396050e+00,-2.713759452545762008e-01,1.677276632280134960e-02,4.109875607598970082e-03
1.497719139981708247e+00,-2.719734993649615684e-01,1.681521837573307643e-02,4.122028716949333038e-03
1.499048240645045382e+00,-2.725718909496575026e-01,1.685759936737946107e-02,4.134270763746394906e-03
1.500380886998448737e+00,-2.731711223980559655e-01,1.689990757537128407e-02,4.146602683239949960e-03
1.501717089098739466e+00,-2.737711961073746592e-01,1.694214125737796006e-02,4.159025419968279125e-03
1.503056857072243346e+00,-2.743721144827143688e-01,1.698429865085152035e-02,4.171539927863177066e-03
1.504400201115526192e+00,-2.749738799371185816e-01,1.702637797276662646e-02,4.184147170356131151e-03
1.505747131496140145e+00,-2.755764948916310519e-01,1.706837741935651742e-02,4.196848120486013078e-03
1.507097658553379071e+00,-2.761799617753568636e-01,1.711029516584534893e-02,4.209643761007908491e-03
1.508451792699047278e+00,-2.767842830255221598e-01,1.715212936617604988e-02,4.222535084503944991e-03
1.509809544418236449e+00,-2.773894610875344835e-01,1.719387815273383524e-02,4.235523093495077718e-03
1.511170924270115901e+00,-2.779954984150451169e-01,1.723553963606574979e-02,4.248608800554831699e-03
1.512535942888734608e+00,-2.786023974700118089e-01,1.727711190459567392e-02,4.261793228424445856e-03
1.513904610983831223e+00,-2.792101607227614468e-01,1.731859302433527703e-02,4.275077410129182742e-03
1.515276939341661633e+00,-2.798187906520538948e-01,1.735998103858948927e-02,4.288462389097316696e-03
1.516652938825832742e+00,-2.804282897451460532e-01,1.740127396765857315e-02,4.301949219279566083e-03
1.518032620378153119e+00,-2.810386604978575287e-01,1.744246980853486617e-02,4.315538965270426797e-03
1.519415995019493204e+00,-2.816499054146370251e-01,1.748356653459483268e-02,4.329232702431795587e-03
1.520803073850660159e+00,-2.822620270086287908e-01,1.752456209528659159e-02,4.343031517017953425e-03
1.522193868053282717e+00,-2.828750278017398978e-01,1.756545441581199019e-02,4.356936506301992140e-03
1.523588388890713130e+00,-2.834889103247085207e-01,1.760624139680377898e-02,4.370948778704517035e-03
1.524986647708938214e+00,-2.841036771171732700e-01,1.764692091399826246e-02,4.385069453923418070e-03
1.526388655937507499e+00,-2.847193307277428032e-01,1.768749081790253752e-02,4.399299663066347232e-03
1.527794425090472696e+00,-2.853358737140668788e-01,1.772794893345555622e-02,4.413640548784625306e-03
1.529203966767344047e+00,-2.859533086429079107e-01,1.776829305968505301e-02,4.428093265408702961e-03
1.530617292654056438e+00,-2.865716380902129101e-01,1.780852096935847673e-02,4.442658979086216986e-03
1.532034414523954169e+00,-2.871908646411866495e-01,1.784863040862817718e-02,4.457338867920934700e-03
1.533455344238789708e+00,-2.878109908903661585e-01,1.788861909667123495e-02,4.472134122115112298e-03
1.534880093749734220e+00,-2.884320194416960526e-01,1.792848472532351800e-02,4.487045944113116080e-03
1.536308675098408960e+00,-2.890539529086033621e-01,1.796822495870760428e-02,4.502075548746403699e-03
1.537741100417927109e+00,-2.896767939140749704e-01,1.800783743285486183e-02,4.517224163381877711e-03
1.539177381933954702e+00,-2.903005450907352736e-01,1.804731975532164467e-02,4.532493028071377106e-03
1.540617531965785325e+00,-2.909252090809243407e-01,1.808666950479885516e-02,4.547883395703819498e-03
1.542061562927434348e+00,-2.915507885367782381e-01,1.812588423071571919e-02,4.563396532159452734e-03
1.543509487328744267e+00,-2.921772861203087990e-01,1.816496145283694186e-02,4.579033716466313075e-03
1.544961317776514242e+00,-2.928047045034851692e-01,1.820389866085299346e-02,4.594796240958390343e-03
1.546417066975640964e+00,-2.934330463683170187e-01,1.824269331396446980e-02,4.610685411437179249e-03
1.547876747730280833e+00,-2.940623144069379191e-01,1.828134284045915270e-02,4.626702547334576865e-03
1.549340372945027244e+00,-2.946925113216887215e-01,1.831984463728211776e-02,4.642848981878666681e-03
1.550807955626107404e+00,-2.953236398252045980e-01,1.835819606959943062e-02,4.659126062261931267e-03
1.552279508882598913e+00,-2.959557026405012503e-01,1.839639447035394670e-02,4.675535149811602120e-03
1.553755045927661671e+00,-2.965887025010618405e-01,1.843443713981429699e-02,4.692077620162660168e-03
1.555234580079792650e+00,-2.972226421509272520e-01,1.847232134511689328e-02,4.708754863433417537e-03
1.556718124764099098e+00,-2.978575243447841858e-01,1.851004431979907938e-02,4.725568284404124686e-03
1.558205693513588841e+00,-2.984933518480576975e-01,1.854760326332606513e-02,4.742519302696673877e-03
1.559697299970484341e+00,-2.991301274370026242e-01,1.858499534060943648e-02,4.759609352959243145e-03
1.561192957887556521e+00,-2.997678538987977870e-01,1.862221768151790802e-02,4.776839885051564760e-03
1.562692681129477457e+00,-3.004065340316390831e-01,1.865926738037924915e-02,4.794212364234468060e-03
1.564196483674197058e+00,-3.010461706448364083e-01,1.869614149547516035e-02,4.811728271361115361e-03
1.565704379614339947e+00,-3.016867665589105241e-01,1.873283704852718445e-02,4.829389103071818345e-03
1.567216383158623660e+00,-3.023283246056905904e-01,1.876935102417377765e-02,4.847196371991963071e-03
1.568732508633300826e+00,-3.029708476284140861e-01,1.880568036943909560e-02,4.865151606931794603e-03
1.570252770483623106e+00,-3.036143384818276170e-01,1.884182199319345274e-02,4.883256353090004165e-03
1.571777183275329559e+00,-3.042588000322880570e-01,1.887777276560363704e-02,4.901512172260563682e-03
1.573305761696156546e+00,-3.049042351578675203e-01,1.891352951757481471e-02,4.919920643042197117e-03
1.574838520557374277e+00,-3.055506467484567779e-01,1.894908904018309526e-02,4.938483361051307363e-03
1.576375474795346232e+00,-3.061980377058712843e-01,1.898444808409831264e-02,4.957201939137789726e-03
1.577916639473112337e+00,-3.068464109439597021e-01,1.901960335899741117e-02,4.976078007604467501e-03
1.579462029782000121e+00,-3.074957693887117594e-01,1.905455153296796433e-02,4.995113214429844350e-03
1.581011661043260741e+00,-3.081461159783688286e-01,1.908928923190147953e-02,5.014309225494201216e-03
1.582565548709729875e+00,-3.087974536635353928e-01,1.912381303887654427e-02,5.033667724808760235e-03
1.584123708367518368e+00,-3.094497854072931764e-01,1.915811949353207755e-02,5.053190414748887083e-03
1.585686155737725089e+00,-3.101031141853149986e-01,1.919220509142909037e-02,5.072879016290859910e-03
1.587252906678182862e+00,-3.107574429859811804e-01,1.922606628340260693e-02,5.092735269251746910e-03
1.588823977185229719e+00,-3.114127748104975613e-01,1.925969947490231704e-02,5.112760932533572111e-03
1.590399383395510347e+00,-3.120691126730148479e-01,1.929310102532171001e-02,5.132957784370784093e-03
1.591979141587803070e+00,-3.127264596007497399e-01,1.932626724731613399e-02,5.153327622582110079e-03
1.593563268184881920e+00,-3.133848186341067210e-01,1.935919440610929521e-02,5.173872264825879475e-03
1.595151779755403787e+00,-3.140441928268035143e-01,1.939187871878862712e-02,5.194593548858955634e-03
1.596744693015831995e+00,-3.147045852459962600e-01,1.942431635358717046e-02,5.215493332800483217e-03
1.598342024832384745e+00,-3.153659989724078572e-01,1.945650342915464237e-02,5.236573495399896028e-03
1.599943792223019745e+00,-3.160284371004569159e-01,1.948843601381518298e-02,5.257835936307825309e-03
1.601550012359451269e+00,-3.166919027383883756e-01,1.952011012481334740e-02,5.279282576352226086e-03
1.603160702569198071e+00,-3.173563990084078412e-01,1.955152172754642814e-02,5.300915357818847262e-03
1.604775880337666827e+00,-3.180219290468155879e-01,1.958266673478373243e-02,5.322736244736142597e-03
1.606395563310268670e+00,-3.186884960041436732e-01,1.961354100587307803e-02,5.344747223163720529e-03
1.608019769294570356e+00,-3.193561030452934379e-01,1.964414034593309211e-02,5.366950301486678176e-03
1.609648516262482953e+00,-3.200247533496776708e-01,1.967446050503206256e-02,5.389347510713821121e-03
1.611281822352484072e+00,-3.206944501113621615e-01,1.970449717735223150e-02,5.411940904780698780e-03
1.612919705871878051e+00,-3.213651965392095300e-01,1.973424600034047460e-02,5.434732560857302719e-03
1.614562185299093233e+00,-3.220369958570268309e-01,1.976370255384367336e-02,5.457724579661191178e-03
1.616209279286018097e+00,-3.227098513037138794e-01,1.979286235922905757e-02,5.480919085775110000e-03
1.617861006660375134e+00,-3.233837661334131863e-01,1.982172087849098929e-02,5.504318227969498545e-03
1.619517386428134698e+00,-3.240587436156635026e-01,1.985027351333999712e-02,5.527924179531074067e-03
1.621178437775969705e+00,-3.247347870355546950e-01,1.987851560427766895e-02,5.551739138595801482e-03
1.622844180073748532e+00,-3.254118996938838992e-01,1.990644242965494692e-02,5.575765328487011785e-03
1.624514632877072984e+00,-3.260900849073156138e-01,1.993404920471449071e-02,5.600004998060320593e-03
1.626189815929857119e+00,-3.267693460085436818e-01,1.996133108061609596e-02,5.624460422052307562e-03
1.627869749166946933e+00,-3.274496863464543273e-01,1.998828314344605617e-02,5.649133901435815508e-03
1.629554452716789559e+00,-3.281311092862934653e-01,2.001490041320778956e-02,5.674027763781397393e-03
1.631243946904141318e+00,-3.288136182098345128e-01,2.004117784279613179e-02,5.699144363623759313e-03
1.632938252252824407e+00,-3.294972165155501398e-01,2.006711031695386505e-02,5.724486082834323586e-03
1.634637389488529102e+00,-3.301819076187848534e-01,2.009269265120916526e-02,5.750055330999620518e-03
1.636341379541662366e+00,-3.308676949519321342e-01,2.011791959079582692e-02,5.775854545806813345e-03
1.638050243550247087e+00,-3.315545819646132930e-01,2.014278580955360110e-02,5.801886193434857564e-03
1.639764002862866832e+00,-3.322425721238575491e-01,2.016728590880934036e-02,5.828152768951502805e-03
1.641482679041661674e+00,-3.329316689142866048e-01,2.019141441624001942e-02,5.854656796717414013e-03
1.643206293865375311e+00,-3.336218758383014960e-01,2.021516578471417580e-02,5.881400830796898460e-03
1.644934869332453697e+00,-3.343131964162716629e-01,2.023853439111410191e-02,5.908387455375335717e-03
1.646668427664194745e+00,-3.350056341867271859e-01,2.026151453513704015e-02,5.935619285183130200e-03
1.648406991307952651e+00,-3.356991927065531289e-01,2.028410043807547802e-02,5.963098965927032813e-03
1.650150582940396848e+00,-3.363938755511887146e-01,2.030628624157632123e-02,5.990829174728082296e-03
1.651899225470824462e+00,-3.370896863148269418e-01,2.032806600637826477e-02,6.018812620567387528e-03
1.653652942044530949e+00,-3.377866286106188665e-01,2.034943371102632126e-02,6.047052044739043009e-03
1.655411756046239136e+00,-3.384847060708798816e-01,2.037038325056482468e-02,6.075550221309955479e-03
1.657175691103581538e+00,-3.391839223473005482e-01,2.039090843520700858e-02,6.104309957587983337e-03
1.658944771090649528e+00,-3.398842811111583706e-01,2.041100298898043675e-02,6.133334094597903130e-03
1.660719020131596224e+00,-3.405857860535352333e-01,2.043066054835004919e-02,6.162625507564384320e-03
1.662498462604305782e+00,-3.412884408855362262e-01,2.044987466081615857e-02,6.192187106403818087e-03
1.664283123144123078e+00,-3.419922493385122442e-01,2.046863878348778587e-02,6.222021836224320146e-03
1.666073026647647559e+00,-3.426972151642867503e-01,2.048694628163036380e-02,6.252132677833782681e-03
1.667868198276592828e+00,-3.434033421353848148e-01,2.050479042718879319e-02,6.282522648256211317e-03
1.669668663461710612e+00,-3.441106340452662060e-01,2.052216439728439534e-02,6.313194801257152045e-03
1.671474447906784011e+00,-3.448190947085625346e-01,2.053906127268408099e-02,6.344152227877472572e-03
1.673285577592691142e+00,-3.455287279613162843e-01,2.055547403624359559e-02,6.375398056976955274e-03
1.675102078781532278e+00,-3.462395376612257825e-01,2.057139557132302288e-02,6.406935455785828237e-03
1.676923978020834038e+00,-3.469515276878919474e-01,2.058681866017406104e-02,6.438767630466052383e-03
1.678751302147825530e+00,-3.476647019430705310e-01,2.060173598229880776e-02,6.470897826682281417e-03
1.680584078293783312e+00,-3.483790643509266927e-01,2.061614011277933256e-02,6.503329330182744394e-03
1.682422333888457411e+00,-3.490946188582937371e-01,2.063002352057811961e-02,6.536065467388718631e-03
1.684266096664569723e+00,-3.498113694349372915e-01,2.064337856680777128e-02,6.569109605995077095e-03
1.686115394662391687e+00,-3.505293200738219261e-01,2.065619750297038870e-02,6.602465155580383716e-03
1.687970256234402555e+00,-3.512484747913831029e-01,2.066847246916524161e-02,6.636135568228118675e-03
1.689830710050024276e+00,-3.519688376278015673e-01,2.068019549226532416e-02,6.670124339157451621e-03
1.691696785100441636e+00,-3.526904126472839573e-01,2.069135848406102041e-02,6.704435007364867305e-03
1.693568510703506336e+00,-3.534132039383472978e-01,2.070195323937037979e-02,6.739071156277531838e-03
1.695445916508723005e+00,-3.541372156141071592e-01,2.071197143411676600e-02,6.774036414417067276e-03
1.697329032502326029e+00,-3.548624518125706451e-01,2.072140462337139499e-02,6.809334456074622732e-03
1.699217889012440530e+00,-3.555889166969345982e-01,2.073024423936167815e-02,6.844969001997519564e-03
1.701112516714334166e+00,-3.563166144558874149e-01,2.073848158944299747e-02,6.880943820087664919e-03
1.703012946635763081e+00,-3.570455493039167982e-01,2.074610785403593893e-02,6.917262726112705096e-03
1.704919210162408438e+00,-3.577757254816215093e-01,2.075311408452519546e-02,6.953929584427726018e-03
1.706831339043407336e+00,-3.585071472560286132e-01,2.075949120112165203e-02,6.990948308710831505e-03
1.708749365396980080e+00,-3.592398189209143888e-01,2.076522999068668163e-02,7.028322862709934782e-03
1.710673321716158490e+00,-3.599737447971328441e-01,2.077032110451690339e-02,7.066057261003677592e-03
1.712603240874610133e+00,-3.607089292329466179e-01,2.077475505608956940e-02,7.104155569775005841e-03
1.714539156132566911e+00,-3.614453766043649874e-01,2.077852221876783090e-02,7.142621907597151987e-03
1.716481101142857568e+00,-3.621830913154869824e-01,2.078161282346493999e-02,7.181460446234716466e-03
1.718429109957043677e+00,-3.629220777988494406e-01,2.078401695626584667e-02,7.220675411457544435e-03
1.720383217031663303e+00,-3.636623405157805022e-01,2.078572455600793956e-02,7.260271083868480302e-03
1.722343457234587261e+00,-3.644038839567601551e-01,2.078672541181661448e-02,7.300251799746443337e-03
1.724309865851481494e+00,-3.651467126417846099e-01,2.078700916059808557e-02,7.340621951902714937e-03
1.726282478592386926e+00,-3.658908311207375030e-01,2.078656528448614982e-02,7.381385990553407384e-03
1.728261331598413220e+00,-3.666362439737680945e-01,2.078538310824433466e-02,7.422548424206310003e-03
1.730246461448550210e+00,-3.673829558116736838e-01,2.078345179662087483e-02,7.464113820562612300e-03
1.732237905166596592e+00,-3.681309712762885211e-01,2.078076035165574154e-02,7.506086807435363717e-03
1.734235700228214938e+00,-3.688802950408806014e-01,2.077729760994007080e-02,7.548472073683698547e-03
1.736239884568108183e+00,-3.696309318105527320e-01,2.077305223982632565e-02,7.591274370162298668e-03
1.738250496587320004e+00,-3.703828863226522605e-01,2.076801273858816521e-02,7.634498510688564332e-03
1.740267575160668878e+00,-3.711361633471850219e-01,2.076216742952875782e-02,7.678149373026244007e-03
1.742291159644308918e+00,-3.718907676872384993e-01,2.075550445903859287e-02,7.722231899885911854e-03
1.744321289883423720e+00,-3.726467041794097046e-01,2.074801179359919701e-02,7.766751099942903469e-03
1.746358006220059655e+00,-3.734039776942418287e-01,2.073967721673290743e-02,7.811712048873764580e-03
1.748401349501092605e+00,-3.741625931366665547e-01,2.073048832589871604e-02,7.857119890409908214e-03
1.750451361086338364e+00,-3.749225554464546972e-01,2.072043252933132573e-02,7.902979837410145647e-03
1.752508082856806038e+00,-3.756838695986736143e-01,2.070949704282391834e-02,7.949297172952313195e-03
1.754571557223093992e+00,-3.764465406041525020e-01,2.069766888645294123e-02,7.996077251442995637e-03
1.756641827133937017e+00,-3.772105735099542945e-01,2.068493488124385771e-02,8.043325499747788765e-03
1.758718936084903817e+00,-3.779759733998567794e-01,2.067128164577623772e-02,8.091047418341101860e-03
1.760802928127250144e+00,-3.787427453948416511e-01,2.065669559272854949e-02,8.139248582476249494e-03
1.762893847876923159e+00,-3.795108946535893368e-01,2.064116292536070929e-02,8.187934643374916721e-03
1.764991740523731423e+00,-3.802804263729848144e-01,2.062466963393273789e-02,8.237111329439467111e-03
1.767096651840670773e+00,-3.810513457886305355e-01,2.060720149205842733e-02,8.286784447485540106e-03
1.769208628193421839e+00,-3.818236581753672310e-01,2.058874405299465637e-02,8.336959883996020171e-03
1.771327716550011200e+00,-3.825973688478047086e-01,2.056928264586255217e-02,8.387643606398098584e-03
1.773453964490644630e+00,-3.833724831608599781e-01,2.054880237180092828e-02,8.438841664362012329e-03
1.775587420217715096e+00,-3.841490065103060347e-01,2.052728810005054194e-02,8.490560191123153189e-03
1.777728132565990382e+00,-3.849269443333281915e-01,2.050472446396688075e-02,8.542805404827658045e-03
1.779876151012975249e+00,-3.857063021090904043e-01,2.048109585696208934e-02,8.595583609900786515e-03
1.782031525689464324e+00,-3.864870853593110889e-01,2.045638642837294130e-02,8.648901198441583116e-03
1.784194307390278622e+00,-3.872692996488481532e-01,2.043058007925353803e-02,8.702764651639799398e-03
1.786364547585191920e+00,-3.880529505862942985e-01,2.040366045809387241e-02,8.757180541219600212e-03
1.788542298430054522e+00,-3.888380438245818693e-01,2.037561095645912257e-02,8.812155530908194478e-03
1.790727612778111100e+00,-3.896245850615982498e-01,2.034641470455185452e-02,8.867696377930139873e-03
1.792920544191522136e+00,-3.904125800408111413e-01,2.031605456669216547e-02,8.923809934529652876e-03
1.795121146953087887e+00,-3.912020345519041653e-01,2.028451313671759959e-02,8.980503149518093142e-03
1.797329476078184385e+00,-3.919929544314241232e-01,2.025177273329936689e-02,9.037783069850535700e-03
1.799545587326907281e+00,-3.927853455634389146e-01,2.021781539517411574e-02,9.095656842228877492e-03
1.801769537216435069e+00,-3.935792138802049478e-01,2.018262287628896923e-02,9.154131714734919933e-03
1.804001383033610351e+00,-3.943745653628473180e-01,2.014617664085921467e-02,9.213215038491595621e-03
1.806241182847746485e+00,-3.951714060420521424e-01,2.010845785833693944e-02,9.272914269353588201e-03
1.808488995523661380e+00,-3.959697419987687761e-01,2.006944739828726842e-02,9.333236969629787882e-03
1.810744880734943330e+00,-3.967695793649246294e-01,2.002912582517372975e-02,9.394190809833752320e-03
1.813008898977452432e+00,-3.975709243241529744e-01,1.998747339304773885e-02,9.455783570467723997e-03
1.815281111583066265e+00,-3.983737831125312434e-01,1.994447004014245073e-02,9.518023143837872624e-03
1.817561580733665361e+00,-3.991781620193342039e-01,1.990009538336968975e-02,9.580917535900845827e-03
1.819850369475371377e+00,-3.999840673877972930e-01,1.985432871271591848e-02,9.644474868144681245e-03
1.822147541733036835e+00,-4.007915056158948275e-01,1.980714898553730119e-02,9.708703379502608977e-03
1.824453162324996658e+00,-4.016004831571314826e-01,1.975853482075176637e-02,9.773611428301909321e-03
1.826767296978078603e+00,-4.024110065213457599e-01,1.970846449292555647e-02,9.839207494246410279e-03
1.829090012342886151e+00,-4.032230822755290545e-01,1.965691592625284922e-02,9.905500180435344859e-03
1.831421376009347846e+00,-4.040367170446562683e-01,1.960386668842591107e-02,9.972498215418568179e-03
1.833761456522551736e+00,-4.048519175125333547e-01,1.954929398439499144e-02,1.004021045528788458e-02
1.836110323398855160e+00,-4.056686904226570745e-01,1.949317465001505767e-02,1.010864588580581702e-02
1.838468047142287620e+00,-4.064870425790912400e-01,1.943548514557653928e-02,1.017781362457384486e-02
1.840834699261244545e+00,-4.073069808473565034e-01,1.937620154922017890e-02,1.024772292323802847e-02
1.843210352285477693e+00,-4.081285121553365758e-01,1.931529955023170153e-02,1.031838316973471281e-02
1.845595079783391546e+00,-4.089516434941983247e-01,1.925275444221509480e-02,1.038980389057747589e-02
1.847988956379646996e+00,-4.097763819193299129e-01,1.918854111614277935e-02,1.046199475318349004e-02
1.850392057773081023e+00,-4.106027345512938131e-01,1.912263405327951915e-02,1.053496556824343178e-02
1.852804460754945648e+00,-4.114307085767955341e-01,1.905500731797772629e-02,1.060872629213263640e-02
1.855226243227471095e+00,-4.122603112496699973e-01,1.898563455034246727e-02,1.068328702936655050e-02
1.857657484222766886e+00,-4.130915498918850126e-01,1.891448895876393643e-02,1.075865803509987173e-02
1.860098263922051576e+00,-4.139244318945612955e-01,1.884154331231421842e-02,1.083484971767106897e-02
1.862548663675235305e+00,-4.147589647190111362e-01,1.876676993300668839e-02,1.091187264119192202e-02
1.865008766020847641e+00,-4.155951558977937776e-01,1.869014068791426120e-02,1.098973752818491190e-02
1.867478654706321795e+00,-4.164330130357890569e-01,1.861162698114565694e-02,1.106845526226746257e-02
1.869958414708643879e+00,-4.172725438112914187e-01,1.853119974567575545e-02,1.114803689088422756e-02
1.872448132255370101e+00,-4.181137559771203049e-01,1.844882943502829109e-02,1.122849362808983620e-02
1.874947894846019647e+00,-4.189566573617515832e-01,1.836448601480740461e-02,1.130983685738018441e-02
1.877457791273851484e+00,-4.198012558704674047e-01,1.827813895407626177e-02,1.139207813457634999e-02
1.879977911648030631e+00,-4.206475594865275447e-01,1.818975721657849209e-02,1.147522919075991132e-02
1.882508347416189665e+00,-4.214955762723591182e-01,1.809930925180147643e-02,1.155930193526116811e-02
1.885049191387396350e+00,-4.223453143707681101e-01,1.800676298587725044e-02,1.164430845870167985e-02
1.887600537755529384e+00,-4.231967820061717234e-01,1.791208581231833186e-02,1.173026103609148274e-02
1.890162482123077137e+00,-4.240499874858526530e-01,1.781524458258640364e-02,1.181717212998265043e-02
1.892735121525356501e+00,-4.249049392012341775e-01,1.771620559648878768e-02,1.190505439367917084e-02
1.895318554455170723e+00,-4.257616456291766216e-01,1.761493459240204285e-02,1.199392067450602561e-02
1.897912880887904219e+00,-4.266201153333001872e-01,1.751139673731784419e-02,1.208378401713658401e-02
1.900518202307071913e+00,-4.274803569653267687e-01,1.740555661670876997e-02,1.217465766697992113e-02
1.903134621730318887e+00,-4.283423792664459162e-01,1.729737822421018034e-02,1.226655507363008657e-02
1.905762243735892536e+00,-4.292061910687067772e-01,1.718682495111491237e-02,1.235948989437812839e-02
1.908401174489585905e+00,-4.300718012964317438e-01,1.707385957567808532e-02,1.245347599778676151e-02
1.911051521772162198e+00,-4.309392189676572449e-01,1.695844425222799157e-02,1.254852746733048363e-02
1.913713395007273776e+00,-4.318084531955969085e-01,1.684054050007988135e-02,1.264465860510149975e-02
1.916386905289875653e+00,-4.326795131901324254e-01,1.672010919224796444e-02,1.274188393558273180e-02
1.919072165415156128e+00,-4.335524082593305017e-01,1.659711054395399121e-02,1.284021820948880177e-02
1.921769289907978129e+00,-4.344271478109836826e-01,1.647150410092725059e-02,1.293967640767765270e-02
1.924478395052849233e+00,-4.353037413541823719e-01,1.634324872749237656e-02,1.304027374513258564e-02
1.927199598924433488e+00,-4.361821985009104452e-01,1.621230259444193800e-02,1.314202567501585039e-02
1.929933021418602124e+00,-4.370625289676710601e-01,1.607862316668837166e-02,1.324494789279698215e-02
1.932678784284048934e+00,-4.379447425771404445e-01,1.594216719069348198e-02,1.334905634045593925e-02
1.935437011154464315e+00,-4.388288492598510504e-01,1.580289068166935984e-02,1.345436721076120890e-02
1.938207827581288623e+00,-4.397148590559020187e-01,1.566074891054769491e-02,1.356089695162635000e-02
1.940991361067054610e+00,-4.406027821167027847e-01,1.551569639071373463e-02,1.366866227054649996e-02
1.943787741099323174e+00,-4.414926287067469923e-01,1.536768686449889454e-02,1.377768013911473410e-02
1.946597099185228608e+00,-4.423844092054142196e-01,1.521667328942991060e-02,1.388796779761977684e-02
1.949419568886645138e+00,-4.432781341088072313e-01,1.506260782422833011e-02,1.399954275972795092e-02
1.952255285855976741e+00,-4.441738140316188188e-01,1.490544181455669137e-02,1.411242281725047509e-02
1.955104387872596217e+00,-4.450714597090334457e-01,1.474512577850671524e-02,1.422662604499683181e-02
1.957967014879930190e+00,-4.459710819986620889e-01,1.458160939182538696e-02,1.434217080571670300e-02
1.960843309023213132e+00,-4.468726918825086103e-01,1.441484147287197537e-02,1.445907575513122323e-02
1.963733414687913292e+00,-4.477763004689743753e-01,1.424476996730494882e-02,1.457735984705657573e-02
1.966637478538850958e+00,-4.486819189948960673e-01,1.407134193249029441e-02,1.469704233861976461e-02
1.969555649560015054e+00,-4.495895588276200838e-01,1.389450352162859004e-02,1.481814279556939451e-02
1.972488079095092717e+00,-4.504992314671123488e-01,1.371419996759405679e-02,1.494068109768409425e-02
1.975434920888724522e+00,-4.514109485481074269e-01,1.353037556648169215e-02,1.506467744427833488e-02
1.978396331128501551e+00,-4.523247218422939420e-01,1.334297366085711312e-02,1.519015235980814005e-02
1.981372468487710092e+00,-4.532405632605388535e-01,1.315193662270253139e-02,1.531712669957974171e-02
1.984363494168843500e+00,-4.541584848551508680e-01,1.295720583605557141e-02,1.544562165556148670e-02
1.987369571947893876e+00,-4.550784988221844296e-01,1.275872167933272960e-02,1.557565876230121438e-02
1.990390868219437781e+00,-4.560006175037845111e-01,1.255642350733442159e-02,1.570725990295221419e-02
1.993427552042525530e+00,-4.569248533905720389e-01,1.235024963292390143e-02,1.584044731540831807e-02
1.996479795187395823e+00,-4.578512191240714513e-01,1.214013730837525118e-02,1.597524359855051479e-02
1.999547772183022598e+00,-4.587797274991824992e-01,1.192602270638454254e-02,1.611167171860800051e-02
2.002631660365518762e+00,-4.597103914666943458e-01,1.170784090073714867e-02,1.624975501563341584e-02
2.005731639927399890e+00,-4.606432241358433544e-01,1.148552584662604348e-02,1.638951721009779261e-02
2.008847893967734333e+00,-4.615782387769203909e-01,1.125901036061471849e-02,1.653098240960459986e-02
2.011980608543189497e+00,-4.625154488239184847e-01,1.102822610023759808e-02,1.667417511572671929e-02
2.015129972719988949e+00,-4.634548678772317798e-01,1.079310354323220755e-02,1.681912023096709952e-02
2.018296178626805215e+00,-4.643965097064003400e-01,1.055357196639648831e-02,1.696584306584650315e-02
2.021479421508592278e+00,-4.653403882529040247e-01,1.030955942406368286e-02,1.711436934612012295e-02
2.024679899781387071e+00,-4.662865176330056594e-01,1.006099272618886376e-02,1.726472522012684196e-02
2.027897815088085309e+00,-4.672349121406445538e-01,9.807797416039945593e-03,1.741693726627005501e-02
2.031133372355222289e+00,-4.681855862503817578e-01,9.549897747485686095e-03,1.757103250063665745e-02
2.034386779850763105e+00,-4.691385546203975521e-01,9.287216661873598511e-03,1.772703838475464533e-02
2.037658249242929820e+00,-4.700938320955410088e-01,9.019675764491183467e-03,1.788498283349113094e-02
2.040947995660079783e+00,-4.710514337104356741e-01,8.747195300602028656e-03,1.804489422309452085e-02
2.044256237751653771e+00,-4.720113746926388187e-01,8.469694131048977059e-03,1.820680139938368747e-02
2.047583197750216577e+00,-4.729736704658565327e-01,8.187089707418382378e-03,1.837073368608591051e-02
2.050929101534603838e+00,-4.739383366532165520e-01,7.899298046755209857e-03,1.853672089332686346e-02
2.054294178694199058e+00,-4.749053890806002043e-01,7.606233705822265656e-03,1.870479332627500435e-02
2.057678662594360830e+00,-4.758748437800315867e-01,7.307809754896546495e-03,1.887498179394361819e-02
2.061082790443016677e+00,-4.768467169931275840e-01,7.003937751091690589e-03,1.904731761815356417e-02
2.064506803358449716e+00,-4.778210251746102255e-01,6.694527711199715903e-03,1.922183264265850400e-02
2.067950946438295912e+00,-4.787977849958804932e-01,6.379488084044149243e-03,1.939855924243694130e-02
2.071415468829771456e+00,-4.797770133486544686e-01,6.058725722333777042e-03,1.957753033315354219e-02
2.074900623801160915e+00,-4.807587273486674251e-01,5.732145854009967900e-03,1.975877938079284579e-02
2.078406668814575475e+00,-4.817429443394409816e-01,5.399652053077630409e-03,1.994234041146811243e-02
2.081933865600015920e+00,-4.827296818961172575e-01,5.061146209910480365e-03,2.012824802140919522e-02
2.085482480230756774e+00,-4.837189578293634717e-01,4.716528501021985398e-03,2.031653738713184998e-02
2.089052783200074259e+00,-4.847107901893435988e-01,4.365697358291731334e-03,2.050724427579328490e-02
2.092645049499347820e+00,-4.857051972697614683e-01,4.008549437637329294e-03,2.070040505573531031e-02
2.096259558697555647e+00,-4.867021976119765281e-01,3.644979587122967879e-03,2.089605670722019526e-02
2.099896595022185508e+00,-4.877018100091917718e-01,3.274880814493619230e-03,2.109423683336178468e-02
2.103556447441595978e+00,-4.887040535107163297e-01,2.898144254125031849e-03,2.129498367125606806e-02
2.107239409748839609e+00,-4.897089474263062181e-01,2.514659133379365530e-03,2.149833610331380873e-02
2.110945780646990677e+00,-4.907165113305776982e-01,2.124312738355227381e-03,2.170433366880022974e-02
2.114675863835989489e+00,-4.917267650675033464e-01,1.726990379021645095e-03,2.191301657558439309e-02
2.118429968101036565e+00,-4.927397287549871718e-01,1.322575353725555236e-03,2.212442571210310183e-02
2.122208407402564667e+00,-4.937554227895193382e-01,9.109489130605941121e-04,2.233860265954193403e-02
2.126011500967815326e+00,-4.947738678509162602e-01,4.919902230857975400e-04,2.255558970423940379e-02
2.129839573384050055e+00,-4.957950849071441901e-01,6.557632788518896749e-05,2.277542985031491551e-02
2.133692954693420685e+00,-4.968190952192277909e-01,-3.684178885474398424e-04,2.299816683252853267e-02
2.137571980489530343e+00,-4.978459203462468619e-01,-8.101197411087002198e-04,2.322384512937447631e-02
2.141476992015720171e+00,-4.988755821504232690e-01,-1.259658783080513933e-03,2.345250997641226687e-02
2.145408336265103522e+00,-4.999081028022963058e-01,-1.717166846336590225e-03,2.368420737984061608e-02
2.149366366082384516e+00,-5.009435047859915890e-01,-2.182778082270825371e-03,2.391898413031975923e-02
2.153351440267492034e+00,-5.019818109045843801e-01,-2.656629003459101690e-03,2.415688781704419807e-02
2.157363923681054896e+00,-5.030230442855562201e-01,-3.138858526070015253e-03,2.439796684207118371e-02
2.161404187351761319e+00,-5.040672283863512071e-01,-3.629608013037202707e-03,2.464227043491146185e-02
2.165472608585629288e+00,-5.051143870000303071e-01,-4.129021318005340890e-03,2.488984866738444546e-02
2.169569571077219816e+00,-5.061645442610260837e-01,-4.637244830065487267e-03,2.514075246874375447e-02
2.173695465022833062e+00,-5.072177246510010118e-01,-5.154427519291918114e-03,2.539503364107825734e-02
2.177850687235717508e+00,-5.082739530048088206e-01,-5.680720983096798626e-03,2.565274487499361045e-02
2.182035641263331271e+00,-5.093332545165638603e-01,-6.216279493415119428e-03,2.591393976557865297e-02
2.186250737506691078e+00,-5.103956547458162740e-01,-6.761260044736372432e-03,2.617867282866212508e-02
2.190496393341838655e+00,-5.114611796238394126e-01,-7.315822402996746687e-03,2.644699951736539933e-02
2.194773033243477389e+00,-5.125298554600289380e-01,-7.880129155346929370e-03,2.671897623895622131e-02
2.199081088910801007e+00,-5.136017089484152809e-01,-8.454345760812803645e-03,2.699466037200909385e-02
2.203420999395562241e+00,-5.146767671742920047e-01,-9.038640601862990565e-03,2.727411028387696779e-02
2.207793211232418784e+00,-5.157550576209632975e-01,-9.633185036900623888e-03,2.755738534848203858e-02
2.212198178571598284e+00,-5.168366081766118114e-01,-1.023815345369386010e-02,2.784454596442875740e-02
2.216636363313916114e+00,-5.179214471412880716e-01,-1.085372332376394189e-02,2.813565357344602336e-02
2.221108235248200558e+00,-5.190096032340240084e-01,-1.148007525774713544e-02,2.843077067916566225e-02
2.225614272191152487e+00,-5.201011056000758304e-01,-1.211739306174666742e-02,2.872996086624154954e-02
2.230154960129695052e+00,-5.211959838182931293e-01,-1.276586379469329957e-02,2.903328881981601106e-02
2.234730793365848456e+00,-5.222942679086208795e-01,-1.342567782673201315e-02,2.934082034534016281e-02
2.239342274664180898e+00,-5.233959883397356627e-01,-1.409702889865308006e-02,2.965262238875532308e-02
2.243989915401876090e+00,-5.245011760368161191e-01,-1.478011418238646402e-02,2.996876305703921606e-02
2.248674235721464409e+00,-5.256098623894550625e-01,-1.547513434257569154e-02,3.028931163912604307e-02
2.253395764686266567e+00,-5.267220792597079315e-01,-1.618229359925521527e-02,3.061433862720758237e-02
2.258155040438595496e+00,-5.278378589902894547e-01,-1.690179979164625756e-02,3.094391573842000809e-02
2.262952610360765782e+00,-5.289572344129148673e-01,-1.763386444309238132e-02,3.127811593692497727e-02
2.267789031238960806e+00,-5.300802388567878998e-01,-1.837870282715610426e-02,3.161701345639136851e-02
2.272664869430000678e+00,-5.312069061572419759e-01,-1.913653403489544436e-02,3.196068382288538845e-02
2.277580701031078458e+00,-5.323372706645368435e-01,-1.990758104334131029e-02,3.230920387817576289e-02
2.282537112052496653e+00,-5.334713672528081929e-01,-2.069207078519841314e-02,3.266265180346267227e-02
2.287534698593470583e+00,-5.346092313291798126e-01,-2.149023421978973891e-02,3.302110714353612142e-02
2.292574067021047490e+00,-5.357508988430376151e-01,-2.230230640526686958e-02,3.338465083137370781e-02
2.297655834152194210e+00,-5.368964062954676431e-01,-2.312852657210993923e-02,3.375336521318453298e-02
2.302780627439116046e+00,-5.380457907488631619e-01,-2.396913819793690392e-02,3.412733407390663998e-02
2.307949085157853020e+00,-5.391990898367051699e-01,-2.482438908364770214e-02,3.450664266316752493e-02
2.313161856600222777e+00,-5.403563417735127716e-01,-2.569453143092681469e-02,3.489137772171521656e-02
2.318419602269155888e+00,-5.415175853649740745e-01,-2.657982192112706699e-02,3.528162750832861128e-02
2.323722994077495496e+00,-5.426828600182567186e-01,-2.748052179555859897e-02,3.567748182721622308e-02
2.329072715550311923e+00,-5.438522057525021491e-01,-2.839689693720953700e-02,3.607903205591000972e-02
2.334469462030803300e+00,-5.450256632095072939e-01,-2.932921795392214037e-02,3.648637117366670957e-02
2.339913940889832844e+00,-5.462032736645956454e-01,-3.027776026305027679e-02,3.689959379038273979e-02
2.345406871739179167e+00,-5.473850790376819653e-01,-3.124280417762519135e-02,3.731879617603264809e-02
2.350948986648557337e+00,-5.485711219045354969e-01,-3.222463499405456289e-02,3.774407629064188696e-02
2.356541030366475553e+00,-5.497614455082435736e-01,-3.322354308138303347e-02,3.817553381480198738e-02
2.362183760545001121e+00,-5.509560937708772865e-01,-3.423982397214118956e-02,3.861327018073840156e-02
2.367877947968494823e+00,-5.521551113053670967e-01,-3.527377845481118046e-02,3.905738860394028511e-02
2.373624376786394929e+00,-5.533585434275893888e-01,-3.632571266793681308e-02,3.950799411536387584e-02
2.379423844750109041e+00,-5.545664361686686306e-01,-3.739593819590737722e-02,3.996519359421896178e-02
2.385277163454095017e+00,-5.557788362874970245e-01,-3.848477216644496934e-02,4.042909580134732006e-02
2.391185158581198067e+00,-5.569957912834795355e-01,-3.959253734982466633e-02,4.089981141320656044e-02
2.397148670152322580e+00,-5.582173494095034050e-01,-4.071956225985821909e-02,4.137745305646844951e-02
2.403168552780513778e+00,-5.594435596851402570e-01,-4.186618125667197765e-02,4.186213534324248475e-02
2.409245675929521546e+00,-5.606744719100820173e-01,-4.303273465131075837e-02,4.235397490693743050e-02
2.415380924176928623e+00,-5.619101366778168627e-01,-4.421956881219986368e-02,4.285309043877091884e-02
2.421575197481928399e+00,-5.631506053895480868e-01,-4.542703627349710394e-02,4.335960272493954992e-02
2.427829411457818054e+00,-5.643959302683617674e-01,-4.665549584536907157e-02,4.387363468446045522e-02
2.434144497649306960e+00,-5.656461643736440115e-01,-4.790531272622466918e-02,4.439531140769698014e-02
2.440521403814711832e+00,-5.669013616157581037e-01,-4.917685861693955884e-02,4.492476019558100386e-02
2.446961094213123467e+00,-5.681615767709788933e-01,-5.047051183710836442e-02,4.546211059954330391e-02
2.453464549896646751e+00,-5.694268654966967436e-01,-5.178665744335772536e-02,4.600749446216531591e-02
2.460032769007783671e+00,-5.706972843468895995e-01,-5.312568734975824103e-02,4.656104595856627726e-02
2.466666767082058342e+00,-5.719728907878705026e-01,-5.448800045037131834e-02,4.712290163853663505e-02
2.473367577355976010e+00,-5.732537432143149925e-01,-5.587400274396839284e-02,4.769320046943248403e-02
2.480136251080403920e+00,-5.745399009655749456e-01,-5.728410746095907724e-02,4.827208387984441296e-02
2.486973857839475333e+00,-5.758314243422800738e-01,-5.871873519257046758e-02,4.885969580405430390e-02
2.493881485875103721e+00,-5.771283746232374057e-01,-6.017831402231288429e-02,4.945618272729557230e-02
2.500860242417214163e+00,-5.784308140826284195e-01,-6.166327965977438930e-02,5.006169373182769999e-02
2.507911254019784764e+00,-5.797388060075135963e-01,-6.317407557678486607e-02,5.067638054384465685e-02
2.515035666902800671e+00,-5.810524147156478358e-01,-6.471115314598935297e-02,5.130039758122761917e-02
2.522234647300229504e+00,-5.823717055736116199e-01,-6.627497178187556626e-02,5.193390200216005392e-02
2.529509381814109226e+00,-5.836967450152641401e-01,-6.786599908429497008e-02,5.257705375461718678e-02
2.536861077774868356e+00,-5.850276005605262730e-01,-6.948471098452334294e-02,5.323001562675006015e-02
2.544290963607981126e+00,-5.863643408344948460e-01,-7.113159189390493020e-02,5.389295329817572755e-02
2.551800289207067252e+00,-5.877070355868985185e-01,-7.280713485512457783e-02,5.456603539219384569e-02
2.559390326313547792e+00,-5.890557557118966114e-01,-7.451184169615411579e-02,5.524943352894140514e-02
2.567062368902974789e+00,-5.904105732682315422e-01,-7.624622318692016176e-02,5.594332237950686015e-02
2.574817733578143475e+00,-5.917715614997383078e-01,-7.801079919873887825e-02,5.664787972101870128e-02
2.582657759969112732e+00,-5.931387948562181212e-01,-7.980609886656807317e-02,5.736328649272404157e-02
2.590583811140249715e+00,-5.945123490146830836e-01,-8.163266075412532741e-02,5.808972685307967065e-02
2.598597274004417201e+00,-5.958923009009757799e-01,-8.349103302192135978e-02,5.882738823786803906e-02
2.606699559744436900e+00,-5.972787287117755639e-01,-8.538177359825924184e-02,5.957646141936118189e-02
2.614892104241941073e+00,-5.986717119369928675e-01,-8.730545035325273928e-02,6.033714056654726487e-02
2.623176368513755019e+00,-6.000713313825614126e-01,-8.926264127591433672e-02,6.110962330644162388e-02
2.631553839155933439e+00,-6.014776691936363218e-01,-9.125393465436823504e-02,6.189411078650028375e-02
2.640026028795580793e+00,-6.028908088782006791e-01,-9.327992925924089018e-02,6.269080773815635665e-02
2.648594476550593768e+00,-6.043108353310923109e-01,-9.534123453028625628e-02,6.349992254149727788e-02
2.657260748497469294e+00,-6.057378348584574468e-01,-9.743847076630068882e-02,6.432166729110549985e-02
2.666026438147304667e+00,-6.071718952026360361e-01,-9.957226931838497608e-02,6.515625786308254508e-02
2.674893166930139010e+00,-6.086131055674884882e-01,-1.017432727866122016e-01,6.600391398327648540e-02
2.683862584687783936e+00,-6.100615566441724980e-01,-1.039521352201599746e-01,6.686485929673524620e-02
2.692936370175282867e+00,-6.115173406373756171e-01,-1.061995223209678402e-01,6.773932143840852294e-02
2.702116231571152216e+00,-6.129805512920122323e-01,-1.084861116509814177e-01,6.862753210511748914e-02
2.711403906996554980e+00,-6.144512839203944976e-01,-1.108125928430435253e-01,6.952972712881733131e-02
2.720801165043562619e+00,-6.159296354298833265e-01,-1.131796678154989716e-01,7.044614655117525936e-02
2.730309805312659321e+00,-6.174157043510293263e-01,-1.155880509905741205e-01,7.137703469948497581e-02
2.739931658959653404e+00,-6.189095908662129997e-01,-1.180384695165993952e-01,7.232264026394516487e-02
2.749668589252154405e+00,-6.204113968387909850e-01,-1.205316634941400039e-01,7.328321637632406738e-02
2.759522492135777938e+00,-6.219212258427581075e-01,-1.230683862061023870e-01,7.425902069003365025e-02
2.769495296810257301e+00,-6.234391831929343430e-01,-1.256494043518877335e-01,7.525031546163962748e-02
