5.766585550863747578e-01,5.766207968282965890e-01,5.765261032858299828e-01,5.764141623136644910e-01,5.763301715261091029e-01,5.762276952150723330e-01,5.761569602523431977e-01,5.761276288063632567e-01
5.771339608154738565e-01,5.768948810862861709e-01,5.766984717470278188e-01,5.764383600696372234e-01,5.762497356568710982e-01,5.759953395244081786e-01,5.757967130148186063e-01,5.756321277452566276e-01
5.776388913037306949e-01,5.772201335496799368e-01,5.769035875862562612e-01,5.764799189954332714e-01,5.761672207354971986e-01,5.757541561331573909e-01,5.754455762119106144e-01,5.750881276540307230e-01
5.781488730619619432e-01,5.775530794569968540e-01,5.771132652319472811e-01,5.765236385460444923e-01,5.760957704404514601e-01,5.755140219091808840e-01,5.750868768114986151e-01,5.745600589882809972e-01
5.786608783205360318e-01,5.778881776376721957e-01,5.773237207033625751e-01,5.765672196813927952e-01,5.760117422059656267e-01,5.752744023801019679e-01,5.747290949490969636e-01,5.740364840346107167e-01
5.791741198411323177e-01,5.782240319983538157e-01,5.775340802790038808e-01,5.766102188261947870e-01,5.759372819225558882e-01,5.750308602221797516e-01,5.743702032116797529e-01,5.735159485422358649e-01
5.796883196179620779e-01,5.785601779828764002e-01,5.777441063915719210e-01,5.766525651918043005e-01,5.758543963718957270e-01,5.747899379486756111e-01,5.740096678057459156e-01,5.729973500651713847e-01
5.802033648222900686e-01,5.788964479062492785e-01,5.779537559141288972e-01,5.766943078872823758e-01,5.757752688368789062e-01,5.745462335013742372e-01,5.736497527512082195e-01,5.724798607912673365e-01
5.807192075867840808e-01,5.792327874655271991e-01,5.781630528732710772e-01,5.767355196415464569e-01,5.756933048741804670e-01,5.743033389004438272e-01,5.732889715063248515e-01,5.719636170632885763e-01
5.812358295313849732e-01,5.795691919290240079e-01,5.783720483010433844e-01,5.767762864934419254e-01,5.756117210094516823e-01,5.740596369178608827e-01,5.729283184583745525e-01,5.714482903269275660e-01
5.817532264866518421e-01,5.799056789504934972e-01,5.785808018339939629e-01,5.768166911848040534e-01,5.755294084606801253e-01,5.738158996483726515e-01,5.725675238293020941e-01,5.709338972441206916e-01
5.822714016749177546e-01,5.802422767919439561e-01,5.787893754216862918e-01,5.768568136623793974e-01,5.754468510456011154e-01,5.735719828590550851e-01,5.722067852306594871e-01,5.704203690351100642e-01
5.827903621797819733e-01,5.805790183648489311e-01,5.789978298769365983e-01,5.768967286069780487e-01,5.753640256996661595e-01,5.733280191463622222e-01,5.718461375043942807e-01,5.699076904140341071e-01
5.833101171243432193e-01,5.809159382968167584e-01,5.792062236374089235e-01,5.769365057770707850e-01,5.752810325329108521e-01,5.730840605711415847e-01,5.714856470335003547e-01,5.693958469967408398e-01
5.838306766508756240e-01,5.812530713730164056e-01,5.794146122119000486e-01,5.769762100930611037e-01,5.751979377387335113e-01,5.728401694203936190e-01,5.711253654036310135e-01,5.688848329001805482e-01
5.843520513449007581e-01,5.815904517277501462e-01,5.796230480587315492e-01,5.770159020142512363e-01,5.751148068896376753e-01,5.725964004171725241e-01,5.707653405060847396e-01,5.683746460339808015e-01
5.848742519010552421e-01,5.819281124299663377e-01,5.798315806448367526e-01,5.770556379131204228e-01,5.750317001323183019e-01,5.723528044039934981e-01,5.704056157754638923e-01,5.678652870344103043e-01
5.853972889287606396e-01,5.822660852879957272e-01,5.800402565929067000e-01,5.770954704455830697e-01,5.749486734045873293e-01,5.721094284575066746e-01,5.700462310588594317e-01,5.673567582813099364e-01
5.859211728401705344e-01,5.826044007766011390e-01,5.802491198633705771e-01,5.771354488932066706e-01,5.748657788224518228e-01,5.718663163490109724e-01,5.696872231066714143e-01,5.668490632915257343e-01
5.864459137876631978e-01,5.829430880326280651e-01,5.804582119451593414e-01,5.771756194728188127e-01,5.747830650733286584e-01,5.716235088993537605e-01,5.693286259775438563e-01,5.663422063105890691e-01
5.869715216315806172e-01,5.832821748885448354e-01,5.806675720421082820e-01,5.772160256132911060e-01,5.747005777523900294e-01,5.713810442821964930e-01,5.689704713640630906e-01,5.658361920361454356e-01
5.874980059265793031e-01,5.836216879260578416e-01,5.808772372487797098e-01,5.772567082016663020e-01,5.746183596544018890e-01,5.711389582834379697e-01,5.686127888599260549e-01,5.653310254282639669e-01
5.880253759194339347e-01,5.839616525393631630e-01,5.810872427131485995e-01,5.772977058016346419e-01,5.745364510279443726e-01,5.708972845247841654e-01,5.682556061822238158e-01,5.648267115782417136e-01
5.885536405538220883e-01,5.843020930019170445e-01,5.812976217855212457e-01,5.773390548475169082e-01,5.744548897978677404e-01,5.706560546577158499e-01,5.678989493586897863e-01,5.643232556174165859e-01
5.890828084792647523e-01,5.846430325331679612e-01,5.815084061540480853e-01,5.773807898167546693e-01,5.743737117608437304e-01,5.704152985328230230e-01,5.675428428871555075e-01,5.638206626537213273e-01
5.896128880624189605e-01,5.849844933632327715e-01,5.817196259676701287e-01,5.774229433836285397e-01,5.742929507580443182e-01,5.701750443484893127e-01,5.671873098726448736e-01,5.633189377276981435e-01
5.901438873995729084e-01,5.853264967944348252e-01,5.819313099475361684e-01,5.774655465566016499e-01,5.742126388282877691e-01,5.699353187821474265e-01,5.668323721462419362e-01,5.628180857822960848e-01
5.906758143296063635e-01,5.856690632591824430e-01,5.821434854879727894e-01,5.775086288013797642e-01,5.741328063444286478e-01,5.696961471067248928e-01,5.664780503689368363e-01,5.623181116425080006e-01
5.912086764469505207e-01,5.860122123740119093e-01,5.823561787480586727e-01,5.775522181514970432e-01,5.740534821353093786e-01,5.694575532944298191e-01,5.661243641229657397e-01,5.618190200020753977e-01
5.917424811142597552e-01,5.863559629898174030e-01,5.825694147347847407e-01,5.775963413079807651e-01,5.739746935952171336e-01,5.692195601096514679e-01,5.657713319926411799e-01,5.613208154152885543e-01
5.922772354746199674e-01,5.867003332384052028e-01,5.827832173786910985e-01,5.776410237294336003e-01,5.738964667824725252e-01,5.689821891924503605e-01,5.654189716362791884e-01,5.608235022924710211e-01
5.928129464631968215e-01,5.870453405755753362e-01,5.829976096027854604e-01,5.776862897136884056e-01,5.738188265085359951e-01,5.687454611338732535e-01,5.650672998505241740e-01,5.603270848981241059e-01
5.933496208182751364e-01,5.873910018209601569e-01,5.832126133854599326e-01,5.777321624720251902e-01,5.737417964188014086e-01,5.685093955441313796e-01,5.647163326281422480e-01,5.598315673509869361e-01
5.938872650916735552e-01,5.877373331948597679e-01,5.834282498180402010e-01,5.777786641968055692e-01,5.736653990660713909e-01,5.682740111145204720e-01,5.643660852101642922e-01,5.593369536254693131e-01
5.944258856585418194e-01,5.880843503523141003e-01,5.836445391575318942e-01,5.778258161232692203e-01,5.735896559775693904e-01,5.680393256738299756e-01,5.640165721331128479e-01,5.588432475540517919e-01
5.949654887265568570e-01,5.884320684146348013e-01,5.838615008750571711e-01,5.778736385861320546e-01,5.735145877162249883e-01,5.678053562398803766e-01,5.636678072719318866e-01,5.583504528303586678e-01
5.955060803445445528e-01,5.887805019986125377e-01,5.840791537004227374e-01,5.779221510715437660e-01,5.734402139368661722e-01,5.675721190667381011e-01,5.633198038791381590e-01,5.578585730126839337e-01
5.960476664105567313e-01,5.891296652435976666e-01,5.842975156632066458e-01,5.779713722648942564e-01,5.733665534378601381e-01,5.673396296880803824e-01,5.629725746206378778e-01,5.573676115278073384e-01
5.965902526794371052e-01,5.894795718366363513e-01,5.845166041307041649e-01,5.780213200948948193e-01,5.732936242086880130e-01,5.671079029571204355e-01,5.626261316085857667e-01,5.568775716749794213e-01
5.971338447699078289e-01,5.898302350358292090e-01,5.847364358430391373e-01,5.780720117743068931e-01,5.732214434738682751e-01,5.668769530834506520e-01,5.622804864316143236e-01,5.563884566299877044e-01
5.976784481712078545e-01,5.901816676920627058e-01,5.849570269457085026e-01,5.781234638376462343e-01,5.731500277335889182e-01,5.666467936671144567e-01,5.619356501827111883e-01,5.559002694492369834e-01
5.982240682493167316e-01,5.905338822692546286e-01,5.851783930197989037e-01,5.781756921761533885e-01,5.730793928013722116e-01,5.664174377301784968e-01,5.615916334849870850e-01,5.554130130737966464e-01
5.987707102527904945e-01,5.908868908632359807e-01,5.854005491100864322e-01,5.782287120702862548e-01,5.730095538390537202e-01,5.661888977460475258e-01,5.612484465155516133e-01,5.549266903333817114e-01
5.993183793182396135e-01,5.912407052193826562e-01,5.856235097512110244e-01,5.782825382199633379e-01,5.729405253893242733e-01,5.659611856667328134e-01,5.609060990276769632e-01,5.544413039502410490e-01
5.998670804754729913e-01,5.915953367491018078e-01,5.858472889920953719e-01,5.783371847727569737e-01,5.728723214060575941e-01,5.657343129482599320e-01,5.605646003714152004e-01,5.539568565429384694e-01
6.004168186523327622e-01,5.919507965452650566e-01,5.860719004187575631e-01,5.783926653502172721e-01,5.728049552826175450e-01,5.655082905743835653e-01,5.602239595128134519e-01,5.534733506300137940e-01
6.009675986792432090e-01,5.923070953966724783e-01,5.862973571756530111e-01,5.784489930724889817e-01,5.727384398783217367e-01,5.652831290787573293e-01,5.598841850518506691e-01,5.529907886335182488e-01
6.015194252934930041e-01,5.926642438016246350e-01,5.865236719856697922e-01,5.785061805813639380e-01,5.726727875432178205e-01,5.650588385656899471e-01,5.595452852392122089e-01,5.525091728824205184e-01
6.020723031432707595e-01,5.930222519806732651e-01,5.867508571688867525e-01,5.785642400618973280e-01,5.726080101413139056e-01,5.648354287296052378e-01,5.592072679920011558e-01,5.520285056158829029e-01
6.026262367914712037e-01,5.933811298886110253e-01,5.869789246601910815e-01,5.786231832627052318e-01,5.725441190723870033e-01,5.646129088733143897e-01,5.588701409084765315e-01,5.515487889864079118e-01
6.031812307192878642e-01,5.937408872257597947e-01,5.872078860258466149e-01,5.786830215150489121e-01,5.724811252924829619e-01,5.643912879251925530e-01,5.585339112818972218e-01,5.510700250628564056e-01
6.037372893296079068e-01,5.941015334486107191e-01,5.874377524790941330e-01,5.787437657507967792e-01,5.724190393332125870e-01,5.641705744553482393e-01,5.581985861135438931e-01,5.505922158333426131e-01
6.042944169502217910e-01,5.944630777798612931e-01,5.876685348948557097e-01,5.788054265193526282e-01,5.723578713199326540e-01,5.639507766908617992e-01,5.578641721249851804e-01,5.501153632080083566e-01
6.048526178368612838e-01,5.948255292178946663e-01,5.879002438236097250e-01,5.788680140036269739e-01,5.722976309888979651e-01,5.637319025301616993e-01,5.575306757696442128e-01,5.496394690216793721e-01
6.054118961760771578e-01,5.951888965457401426e-01,5.881328895044977134e-01,5.789315380351204299e-01,5.722383277034601701e-01,5.635139595566057702e-01,5.571981032437193226e-01,5.491645350364096068e-01
6.059722560879668984e-01,5.955531883395522863e-01,5.883664818777180061e-01,5.789960081081850785e-01,5.721799704693817379e-01,5.632969550513224899e-01,5.568664604965078979e-01,5.486905629439188248e-01
6.065337016287640770e-01,5.959184129766409432e-01,5.886010305962560141e-01,5.790614333935216740e-01,5.721225679493281424e-01,5.630808960053652612e-01,5.565357532401745688e-01,5.482175543679269625e-01
6.070962367932954962e-01,5.962845786430823747e-01,5.888365450369984488e-01,5.791278227509639720e-01,5.720661284765948817e-01,5.628657891312279782e-01,5.562059869590040284e-01,5.477455108663883410e-01
6.076598655173163221e-01,5.966516933409407031e-01,5.890730343112720035e-01,5.791951847416016985e-01,5.720106600681231779e-01,5.626516408737664010e-01,5.558771669181749031e-01,5.472744339336323982e-01
6.082245916797317520e-01,5.970197648951252045e-01,5.893105072748456852e-01,5.792635276392853472e-01,5.719561704368512078e-01,5.624384574205635312e-01,5.555492981720864254e-01,5.468043250024143820e-01
6.087904191047111002e-01,5.973888009599066518e-01,5.895489725374325474e-01,5.793328594415524391e-01,5.719026670034450532e-01,5.622262447117782891e-01,5.552223855722691059e-01,5.463351854458808887e-01
6.093573515637005222e-01,5.977588090251143571e-01,5.897884384717222428e-01,5.794031878800158797e-01,5.718501569074503355e-01,5.620150084495094678e-01,5.548964337749064946e-01,5.458670165794542450e-01
6.099253927773423678e-01,5.981297964220345653e-01,5.900289132219761479e-01,5.794745204302468311e-01,5.717986470179007297e-01,5.618047541067052730e-01,5.545714472479927881e-01,5.453998196626381745e-01
6.104945464173056058e-01,5.985017703290294033e-01,5.902704047122114828e-01,5.795468643211838522e-01,5.717481439434184409e-01,5.615954869356490908e-01,5.542474302781493778e-01,5.449335959007503005e-01
6.110648161080318719e-01,5.988747377768923741e-01,5.905129206539999620e-01,5.796202265440986157e-01,5.716986540418378393e-01,5.613872119760469070e-01,5.539243869771222073e-01,5.444683464465843725e-01
6.116362054284043559e-01,5.992487056539562706e-01,5.907564685539046234e-01,5.796946138611448474e-01,5.716501834293812312e-01,5.611799340627406929e-01,5.536023212879795929e-01,5.440040724020055452e-01
6.122087179133419710e-01,5.996236807109693867e-01,5.910010557205760406e-01,5.797700328135145798e-01,5.716027379894128568e-01,5.609736578330689616e-01,5.532812369910290462e-01,5.435407748194823752e-01
6.127823570553235788e-01,5.999996695657534573e-01,5.912466892715295685e-01,5.798464897292268105e-01,5.715563233807969823e-01,5.607683877338972556e-01,5.529611377094681979e-01,5.430784547035579779e-01
6.133571263058472667e-01,6.003766787076550981e-01,5.914933761396212741e-01,5.799239907305699937e-01,5.715109450458848439e-01,5.605641280283367722e-01,5.526420269147872544e-01,5.426171130122642294e-01
6.139330290768268972e-01,6.007547145018021784e-01,5.917411230792390953e-01,5.800025417412156825e-01,5.714666082181492079e-01,5.603608828021692245e-01,5.523239079319364198e-01,5.421567506584811236e-01
6.145100687419301488e-01,6.011337831931785614e-01,5.919899366722272127e-01,5.800821484930244187e-01,5.714233179294855303e-01,5.601586559699943679e-01,5.520067839442711621e-01,5.416973685112433934e-01
6.150882486378609348e-01,6.015138909105253173e-01,5.922398233335577356e-01,5.801628165325615205e-01,5.713810790172022536e-01,5.599574512811157367e-01,5.516906579982896464e-01,5.412389673969983939e-01
6.156675720655894191e-01,6.018950436700777340e-01,5.924907893167629114e-01,5.802445512273355366e-01,5.713398961307153412e-01,5.597572723251788007e-01,5.513755330081712147e-01,5.407815481008165781e-01
6.162480422915327383e-01,6.022772473791483394e-01,5.927428407191415172e-01,5.803273577717777965e-01,5.712997737379613694e-01,5.595581225375756418e-01,5.510614117601287942e-01,5.403251113675567874e-01
6.168296625486887619e-01,6.026605078395640414e-01,5.929959834867531976e-01,5.804112411929771564e-01,5.712607161315468307e-01,5.593600052046272531e-01,5.507482969165845565e-01,5.398696579029884646e-01
6.174124360377237775e-01,6.030448307509631567e-01,5.932502234192086332e-01,5.804962063561778240e-01,5.712227274346470818e-01,5.591629234685564498e-01,5.504361910201778230e-01,5.394151883748738996e-01
6.179963659280183208e-01,6.034302217139617674e-01,5.935055661742681954e-01,5.805822579700586905e-01,5.711858116066669266e-01,5.589668803322618285e-01,5.501250964976139857e-01,5.389617034140113949e-01
6.185814553586744813e-01,6.038166862331962870e-01,5.937620172722605227e-01,5.806694005918032753e-01,5.711499724486754914e-01,5.587718786639026547e-01,5.498150156633626606e-01,5.385092036152399064e-01
6.191677074394836833e-01,6.042042297202473433e-01,5.940195821003262378e-01,5.807576386319694972e-01,5.711152136086276032e-01,5.585779212013053385e-01,5.495059507232138429e-01,5.380576895384094893e-01
6.197551252518579412e-01,6.045928574964507529e-01,5.942782659165000148e-01,5.808469763591711521e-01,5.710815385863809990e-01,5.583850105561978250e-01,5.491979037776972827e-01,5.376071617093182153e-01
6.203437118497262537e-01,6.049825747956012467e-01,5.945380738536355514e-01,5.809374179045790898e-01,5.710489507385215768e-01,5.581931492182841126e-01,5.488908768253731862e-01,5.371576206206161164e-01
6.209334702603993561e-01,6.053733867665563873e-01,5.947990109231826583e-01,5.810289672662527494e-01,5.710174532830039063e-01,5.580023395591638957e-01,5.485848717660000151e-01,5.367090667326782638e-01
6.215244034854029431e-01,6.057652984757430081e-01,5.950610820188244610e-01,5.811216283133082694e-01,5.709870493036167671e-01,5.578125838361046585e-01,5.482798904035846022e-01,5.362615004744484271e-01
6.221165145012790276e-01,6.061583149095717271e-01,5.953242919199797090e-01,5.812154047899318332e-01,5.709577417542832656e-01,5.576238841956754344e-01,5.479759344493224660e-01,5.358149222442547543e-01
6.227098062603616535e-01,6.065524409767640845e-01,5.955886452951779653e-01,5.813103003192466867e-01,5.709295334632006336e-01,5.574362426772477841e-01,5.476730055244299900e-01,5.353693324105978091e-01
6.233042816915246309e-01,6.069476815105957490e-01,5.958541467053121155e-01,5.814063184070384915e-01,5.709024271368294823e-01,5.572496612163686525e-01,5.473711051628764590e-01,5.349247313129139592e-01
6.238999437009025151e-01,6.073440412710601199e-01,5.961208006067759690e-01,5.815034624453471190e-01,5.708764253637398367e-01,5.570641416480119901e-01,5.470702348140202842e-01,5.344811192623131202e-01
6.244967951725869382e-01,6.077415249469566572e-01,5.963886113544908385e-01,5.816017357159302126e-01,5.708515306183181703e-01,5.568796857097164654e-01,5.467703958451515245e-01,5.340384965422929620e-01
6.250948389692999596e-01,6.081401371579066018e-01,5.966575832048264250e-01,5.817011413936057362e-01,5.708277452643422123e-01,5.566962950446113778e-01,5.464715895439464788e-01,5.335968634094309104e-01
6.256940779330452118e-01,6.085398824562988640e-01,5.969277203184204517e-01,5.818016825494766175e-01,5.708050715584315205e-01,5.565139712043372100e-01,5.461738171208385673e-01,5.331562200940536123e-01
6.262945148857359534e-01,6.089407653291697420e-01,5.971990267629014859e-01,5.819033621540439238e-01,5.707835116533774844e-01,5.563327156518652616e-01,5.458770797113092765e-01,5.327165668008867483e-01
6.268961526298040265e-01,6.093427902000201346e-01,5.974715065155201676e-01,5.820061830802152336e-01,5.707630676013593085e-01,5.561525297642215815e-01,5.455813783781003901e-01,5.322779037096835308e-01
6.274989939487880530e-01,6.097459614305712483e-01,5.977451634656926194e-01,5.821101481062084249e-01,5.707437413570486395e-01,5.559734148351173078e-01,5.452867141133532769e-01,5.318402309758344382e-01
6.281030416079027567e-01,6.101502833224621281e-01,5.980200014174588130e-01,5.822152599183594290e-01,5.707255347806091672e-01,5.557953720774916340e-01,5.449930878406779033e-01,5.314035487309597405e-01
6.287082983545909665e-01,6.105557601188936756e-01,5.982960240918593353e-01,5.823215211138365044e-01,5.707084496405965268e-01,5.556184026259697317e-01,5.447005004171536768e-01,5.309678570834827083e-01
6.293147669190569671e-01,6.109623960062181558e-01,5.985732351292359921e-01,5.824289342032644701e-01,5.706924876167608351e-01,5.554425075392379618e-01,5.444089526352653419e-01,5.305331561191863887e-01
6.299224500147844186e-01,6.113701951154766334e-01,5.988516380914576942e-01,5.825375016132632311e-01,5.706776503027570779e-01,5.552676878023443674e-01,5.441184452247767034e-01,5.300994459017543958e-01
6.305313503390369556e-01,6.117791615238895586e-01,5.991312364640746235e-01,5.826472256889037027e-01,5.706639392087657914e-01,5.550939443289217845e-01,5.438289788545450643e-01,5.296667264732957126e-01
6.311414705733442432e-01,6.121892992563001679e-01,5.994120336584058961e-01,5.827581086960859080e-01,5.706513557640302547e-01,5.549212779633392323e-01,5.435405541342774871e-01,5.292349978548548384e-01
6.317528133839739324e-01,6.126006122865720327e-01,5.996940330135596131e-01,5.828701528238396934e-01,5.706399013193107495e-01,5.547496894827865788e-01,5.432531716162326552e-01,5.288042600469067267e-01
6.323653814223876291e-01,6.130131045389441979e-01,5.999772377983904059e-01,5.829833601865536119e-01,5.706295771492604363e-01,5.545791795992917050e-01,5.429668317968697755e-01,5.283745130298378445e-01
6.329791773256848719e-01,6.134267798893441315e-01,6.002616512133983617e-01,5.830977328261344184e-01,5.706203844547275139e-01,5.544097489616738317e-01,5.426815351184454128e-01,5.279457567644145755e-01
6.335942037170336771e-01,6.138416421666621492e-01,6.005472763925681079e-01,5.832132727140990625e-01,5.706123243649822152e-01,5.542413981574366710e-01,5.423972819705633608e-01,5.275179911922379672e-01
6.342104632060872049e-01,6.142576951539863161e-01,6.008341164051530514e-01,5.833299817536015119e-01,5.706053979398766351e-01,5.540741277146027377e-01,5.421140726916768848e-01,5.270912162361861553e-01
6.348279583893898792e-01,6.146749425898014874e-01,6.011221742574061055e-01,5.834478617813979584e-01,5.705996061719362800e-01,5.539079381034904825e-01,5.418319075705444465e-01,5.266654318008445745e-01
6.354466918507716278e-01,6.150933881691530436e-01,6.014114528942581250e-01,5.835669145697531812e-01,5.705949499883874454e-01,5.537428297384378029e-01,5.415507868476435727e-01,5.262406377729247353e-01
6.360666661617302431e-01,6.155130355447747670e-01,6.017019552009472694e-01,5.836871418282874036e-01,5.705914302531238658e-01,5.535788029794734832e-01,5.412707107165422027e-01,5.258168340216726744e-01
6.366878838818033071e-01,6.159338883281868515e-01,6.019936840046006266e-01,5.838085452057704128e-01,5.705890477686115236e-01,5.534158581339374550e-01,5.409916793252287359e-01,5.253940203992649716e-01
6.373103475589292355e-01,6.163559500907604960e-01,6.022866420757699846e-01,5.839311262918619461e-01,5.705878032777378372e-01,5.532539954580530939e-01,5.407136927774043311e-01,5.249721967411953294e-01
6.379340597297998849e-01,6.167792243647524097e-01,6.025808321299230830e-01,5.840548866187987853e-01,5.705876974656053369e-01,5.530932151584528889e-01,5.404367511337373475e-01,5.245513628666512718e-01
6.385590229202009471e-01,6.172037146443100086e-01,6.028762568288923429e-01,5.841798276630351117e-01,5.705887309612716063e-01,5.529335173936585912e-01,5.401608544130813705e-01,5.241315185788806286e-01
6.391852396453447938e-01,6.176294243864487443e-01,6.031729187822828520e-01,5.843059508468343433e-01,5.705909043394378211e-01,5.527749022755187314e-01,5.398860025936583762e-01,5.237126636655488054e-01
6.398127124101946617e-01,6.180563570120027883e-01,6.034708205488408250e-01,5.844332575398137886e-01,5.705942181220885479e-01,5.526173698706032811e-01,5.396121956142087006e-01,5.232947978990872828e-01
6.404414437097780688e-01,6.184845159065479603e-01,6.037699646377828744e-01,5.845617490604467781e-01,5.705986727800829161e-01,5.524609202015586806e-01,5.393394333751079239e-01,5.228779210370332331e-01
6.410714360294942349e-01,6.189139044213006757e-01,6.040703535100893085e-01,5.846914266775221636e-01,5.706042687346998266e-01,5.523055532484235641e-01,5.390677157394521135e-01,5.224620328223603671e-01
6.417026918454118434e-01,6.193445258739922465e-01,6.043719895797617925e-01,5.848222916115619618e-01,5.706110063591399717e-01,5.521512689499065152e-01,5.387970425341142011e-01,5.220471329838022312e-01
6.423352136245592536e-01,6.197763835497187568e-01,6.046748752150467032e-01,5.849543450361986974e-01,5.706188859799833368e-01,5.519980672046285175e-01,5.385274135507701621e-01,5.216332212361666221e-01
6.429690038252078299e-01,6.202094807017692890e-01,6.049790127396251771e-01,5.850875880795154416e-01,5.706279078786059555e-01,5.518459478723298783e-01,5.382588285468955513e-01,5.212202972806433410e-01
6.436040648971472766e-01,6.206438205524325014e-01,6.052844044337710727e-01,5.852220218253491035e-01,5.706380722925566973e-01,5.516949107750422909e-01,5.379912872467370599e-01,5.208083608051040647e-01
6.442403992819545344e-01,6.210794062937810001e-01,6.055910525354788465e-01,5.853576473145570835e-01,5.706493794168958633e-01,5.515449556982290336e-01,5.377247893422567593e-01,5.203974114843946674e-01
6.448780094132544605e-01,6.215162410884342847e-01,6.058989592415606751e-01,5.854944655462487324e-01,5.706618294054962570e-01,5.513960823918937493e-01,5.374593344940501449e-01,5.199874489806219913e-01
6.455168977169752909e-01,6.219543280703041521e-01,6.062081267087152670e-01,5.856324774789846144e-01,5.706754223723072839e-01,5.512482905716582504e-01,5.371949223322403100e-01,5.195784729434322902e-01
6.461570666115984407e-01,6.223936703453207819e-01,6.065185570545681415e-01,5.857716840319440177e-01,5.706901583925851895e-01,5.511015799198105691e-01,5.369315524573475829e-01,5.191704830102837898e-01
6.467985185083996447e-01,6.228342709921377285e-01,6.068302523586854846e-01,5.859120860860596025e-01,5.707060375040889921e-01,5.509559500863243642e-01,5.366692244411368495e-01,5.187634788067130298e-01
6.474412558116857674e-01,6.232761330628212582e-01,6.071432146635624694e-01,5.860536844851229610e-01,5.707230597082442181e-01,5.508114006898514603e-01,5.364079378274412280e-01,5.183574599465946564e-01
6.480852809190257302e-01,6.237192595835222564e-01,6.074574459755853750e-01,5.861964800368606454e-01,5.707412249712756624e-01,5.506679313186857438e-01,5.361476921329650924e-01,5.179524260323967733e-01
6.487305962214755528e-01,6.241636535551305931e-01,6.077729482659695037e-01,5.863404735139811086e-01,5.707605332253082864e-01,5.505255415317026335e-01,5.358884868480656705e-01,5.175483766554284104e-01
6.493772041037984000e-01,6.246093179539135010e-01,6.080897234716734490e-01,5.864856656551952208e-01,5.707809843694389151e-01,5.503842308592739041e-01,5.356303214375142119e-01,5.171453113960821080e-01
6.500251069446779661e-01,6.250562557321379664e-01,6.084077734962912709e-01,5.866320571662112515e-01,5.708025782707799589e-01,5.502439988041565311e-01,5.353731953412377287e-01,5.167432298240722810e-01
6.506743071169285297e-01,6.255044698186784657e-01,6.087271002109214679e-01,5.867796487207023182e-01,5.708253147654750448e-01,5.501048448423586645e-01,5.351171079750413062e-01,5.163421314986669231e-01
6.513248069876995672e-01,6.259539631196096021e-01,6.090477054550149649e-01,5.869284409612491871e-01,5.708491936596884475e-01,5.499667684239830656e-01,5.348620587313119845e-01,5.159420159689143137e-01
6.519766089186745939e-01,6.264047385187849759e-01,6.093695910372025626e-01,5.870784345002600935e-01,5.708742147305676529e-01,5.498297689740485605e-01,5.346080469797045431e-01,5.155428827738658404e-01
6.526297152662665635e-01,6.268567988784011780e-01,6.096927587361012923e-01,5.872296299208669135e-01,5.709003777271803859e-01,5.496938458932891791e-01,5.343550720678101884e-01,5.151447314427927138e-01
6.532841283818079381e-01,6.273101470395484602e-01,6.100172103011024527e-01,5.873820277777983545e-01,5.709276823714284355e-01,5.495589985589330873e-01,5.341031333218078103e-01,5.147475614953989087e-01
6.539398506117364285e-01,6.277647858227499711e-01,6.103429474531402166e-01,5.875356285982311633e-01,5.709561283589372760e-01,5.494252263254613133e-01,5.338522300470999182e-01,5.143513724420296640e-01
6.545968842977775148e-01,6.282207180284868908e-01,6.106699718854415870e-01,5.876904328826209056e-01,5.709857153599232626e-01,5.492925285253468237e-01,5.336023615289315902e-01,5.139561637838737651e-01
6.552552317771215273e-01,6.286779464377109106e-01,6.109982852642594775e-01,5.878464411055115413e-01,5.710164430200379559e-01,5.491609044697748354e-01,5.333535270329938793e-01,5.135619350131639393e-01
6.559148953825972850e-01,6.291364738123459421e-01,6.113278892295872513e-01,5.880036537163247923e-01,5.710483109611907970e-01,5.490303534493440329e-01,5.331057258060130088e-01,5.131686856133723662e-01
6.565758774428424038e-01,6.295963028957782814e-01,6.116587853958572740e-01,5.881620711401306378e-01,5.710813187823517989e-01,5.489008747347512429e-01,5.328589570763243577e-01,5.127764150594007475e-01
6.572381802824679431e-01,6.300574364133352256e-01,6.119909753526238116e-01,5.883216937783989353e-01,5.711154660603325883e-01,5.487724675774579008e-01,5.326132200544329010e-01,5.123851228177681572e-01
6.579018062222214969e-01,6.305198770727520330e-01,6.123244606652287203e-01,5.884825220097323895e-01,5.711507523505487960e-01,5.486451312103390876e-01,5.323685139335597727e-01,5.119948083467945610e-01
6.585667575791462891e-01,6.309836275646297787e-01,6.126592428754529251e-01,5.886445561905824242e-01,5.711871771877632398e-01,5.485188648483176888e-01,5.321248378901746179e-01,5.116054710967795627e-01
6.592330366667356056e-01,6.314486905628828861e-01,6.129953235021525781e-01,5.888077966559476240e-01,5.712247400868103453e-01,5.483936676889816786e-01,5.318821910845161760e-01,5.112171105101789292e-01
6.599006457950850058e-01,6.319150687251749998e-01,6.133327040418810050e-01,5.889722437200554106e-01,5.712634405433025808e-01,5.482695389131863051e-01,5.316405726611000970e-01,5.108297260217772306e-01
6.605695872710406480e-01,6.323827646933470881e-01,6.136713859694971074e-01,5.891378976770281772e-01,5.713032780343195727e-01,5.481464776856411758e-01,5.313999817492134348e-01,5.104433170588564828e-01
6.612398633983452845e-01,6.328517810938353305e-01,6.140113707387593323e-01,5.893047588015323246e-01,5.713442520190801233e-01,5.480244831554826890e-01,5.311604174633981490e-01,5.100578830413614595e-01
6.619114764777799254e-01,6.333221205380793473e-01,6.143526597829060965e-01,5.894728273494124204e-01,5.713863619395975757e-01,5.479035544568333638e-01,5.309218789039231723e-01,5.096734233820624516e-01
6.625844288073029498e-01,6.337937856229228784e-01,6.146952545152249980e-01,5.896421035583122583e-01,5.714296072213195243e-01,5.477836907093460717e-01,5.306843651572447085e-01,5.092899374867142503e-01
6.632587226821872184e-01,6.342667789310054705e-01,6.150391563296082609e-01,5.898125876482795960e-01,5.714739872737518711e-01,5.476648910187356112e-01,5.304478752964558730e-01,5.089074247542122453e-01
6.639343603951528561e-01,6.347411030311445046e-01,6.153843666010957447e-01,5.899842798223570162e-01,5.715195014910676719e-01,5.475471544772974042e-01,5.302124083817257860e-01,5.085258845767455238e-01
6.646113442364987023e-01,6.352167604787104516e-01,6.157308866864078523e-01,5.901571802671599087e-01,5.715661492527012166e-01,5.474304801644130913e-01,5.299779634607275636e-01,5.081453163399466399e-01
6.652896764942293206e-01,6.356937538159941337e-01,6.160787179244651135e-01,5.903312891534406859e-01,5.716139299239278992e-01,5.473148671470442483e-01,5.297445395690569825e-01,5.077657194230389415e-01
6.659693594541807871e-01,6.361720855725656598e-01,6.164278616368977781e-01,5.905066066366404520e-01,5.716628428564302089e-01,5.472003144802141117e-01,5.295121357306414867e-01,5.073870931989812316e-01
6.666503954001434806e-01,6.366517582656259222e-01,6.167783191285441946e-01,5.906831328574282391e-01,5.717128873888506213e-01,5.470868212074780912e-01,5.292807509581388681e-01,5.070094370346091006e-01
6.673327866139822095e-01,6.371327744003514315e-01,6.171300916879383092e-01,5.908608679422279186e-01,5.717640628473302788e-01,5.469743863613826251e-01,5.290503842533270662e-01,5.066327502907735925e-01
6.680165353757551161e-01,6.376151364702318247e-01,6.174831805877879498e-01,5.910398120037325675e-01,5.718163685460359025e-01,5.468630089639122671e-01,5.288210346074850854e-01,5.062570323224783175e-01
6.687016439638280296e-01,6.380988469573997124e-01,6.178375870854420082e-01,5.912199651414089541e-01,5.718698037876742690e-01,5.467526880269272249e-01,5.285927010017649197e-01,5.058822824790129014e-01
6.693881146549872652e-01,6.385839083329543087e-01,6.181933124233479626e-01,5.914013274419892552e-01,5.719243678639944761e-01,5.466434225525909074e-01,5.283653824075547067e-01,5.055085001040843240e-01
6.700759497245515339e-01,6.390703230572788440e-01,6.185503578295010740e-01,5.915838989799517833e-01,5.719800600562786608e-01,5.465352115337859251e-01,5.281390777868339992e-01,5.051356845359462611e-01
6.707651514464804121e-01,6.395580935803516498e-01,6.189087245178839236e-01,5.917676798179932751e-01,5.720368796358193952e-01,5.464280539545200988e-01,5.279137860925203762e-01,5.047638351075249830e-01
6.714557220934804782e-01,6.400472223420504703e-01,6.192684136888956248e-01,5.919526700074885239e-01,5.720948258643884232e-01,5.463219487903251403e-01,5.276895062688080618e-01,5.043929511465436999e-01
6.721476639371104511e-01,6.405377117724506686e-01,6.196294265297738191e-01,5.921388695889412412e-01,5.721538979946938497e-01,5.462168950086448982e-01,5.274662372514995479e-01,5.040230319756452415e-01
6.728409792478833307e-01,6.410295642921178816e-01,6.199917642150085673e-01,5.923262785924247043e-01,5.722140952708270056e-01,5.461128915692126107e-01,5.272439779683293359e-01,5.036540769125117389e-01
6.735356702953663177e-01,6.415227823123955675e-01,6.203554279067465815e-01,5.925148970380118563e-01,5.722754169286985437e-01,5.460099374244214987e-01,5.270227273392794620e-01,5.032860852699820864e-01
6.742317393482799570e-01,6.420173682356857814e-01,6.207204187551884633e-01,5.927047249361986347e-01,5.723378621964637647e-01,5.459080315196863653e-01,5.268024842768892491e-01,5.029190563561674043e-01
6.749291886745953928e-01,6.425133244557249546e-01,6.210867378989771703e-01,5.928957622883160861e-01,5.724014302949392841e-01,5.458071727937969797e-01,5.265832476865573986e-01,5.025529894745649484e-01
6.756280205416282936e-01,6.430106533578545669e-01,6.214543864655793781e-01,5.930880090869345977e-01,5.724661204380108170e-01,5.457073601792620243e-01,5.263650164668369769e-01,5.021878839241693537e-01
6.763282372161316669e-01,6.435093573192864902e-01,6.218233655716601804e-01,5.932814653162593599e-01,5.725319318330310825e-01,5.456085926026458255e-01,5.261477895097244062e-01,5.018237389995822140e-01
6.770298409643872306e-01,6.440094387093635575e-01,6.221936763234492407e-01,5.934761309525172779e-01,5.725988636812077148e-01,5.455108689848984227e-01,5.259315657009415723e-01,5.014605539911203280e-01
6.777328340522953409e-01,6.445108998898145813e-01,6.225653198171002822e-01,5.936720059643367797e-01,5.726669151779838485e-01,5.454141882416763121e-01,5.257163439202118260e-01,5.010983281849206161e-01
6.784372187454628111e-01,6.450137432150047090e-01,6.229382971390440282e-01,5.938690903131185195e-01,5.727360855134098205e-01,5.453185492836566395e-01,5.255021230415299893e-01,5.007370608630448139e-01
6.791429973092891759e-01,6.455179710321818920e-01,6.233126093663347023e-01,5.940673839533988643e-01,5.728063738725062137e-01,5.452239510168440662e-01,5.252889019334255893e-01,5.003767513035818348e-01
6.798501720090508460e-01,6.460235856817186928e-01,6.236882575669893125e-01,5.942668868332058318e-01,5.728777794356190167e-01,5.451303923428706399e-01,5.250766794592207631e-01,5.000173987807471354e-01
6.805587451099844865e-01,6.465305894973485401e-01,6.240652428003203855e-01,5.944675988944074785e-01,5.729503013787672350e-01,5.450378721592894493e-01,5.248654544772829444e-01,4.996590025649822464e-01
6.812687188773683955e-01,6.470389848063977656e-01,6.244435661172634822e-01,5.946695200730535147e-01,5.730239388739826190e-01,5.449463893598606168e-01,5.246552258412711112e-01,4.993015619230521951e-01
6.819800955766025519e-01,6.475487739300147538e-01,6.248232285606981629e-01,5.948726502997102594e-01,5.730986910896411768e-01,5.448559428348309641e-01,5.244459924003772588e-01,4.989450761181404292e-01
6.826928774732875516e-01,6.480599591833944295e-01,6.252042311657621809e-01,5.950769894997877119e-01,5.731745571907884695e-01,5.447665314712080153e-01,5.242377529995621011e-01,4.985895444099427420e-01
6.834070668333017684e-01,6.485725428759979705e-01,6.255865749601619008e-01,5.952825375938612940e-01,5.732515363394571350e-01,5.446781541530271165e-01,5.240305064797854406e-01,4.982349660547591430e-01
6.841226659228767382e-01,6.490865273117689682e-01,6.259702609644753890e-01,5.954892944979862657e-01,5.733296276949776393e-01,5.445908097616130039e-01,5.238242516782321001e-01,4.978813403055855069e-01
6.848396770086714325e-01,6.496019147893458134e-01,6.263552901924503979e-01,5.956972601240059229e-01,5.734088304142824777e-01,5.445044971758350449e-01,5.236189874285327450e-01,4.975286664122025027e-01
6.855581023578458666e-01,6.501187076022708622e-01,6.267416636512980199e-01,5.959064343798544661e-01,5.734891436522040475e-01,5.444192152723575928e-01,5.234147125609794893e-01,4.971769436212630788e-01
6.862779442381328199e-01,6.506369080391953830e-01,6.271293823419797908e-01,5.961168171698530971e-01,5.735705665617653048e-01,5.443349629258842359e-01,5.232114259027368375e-01,4.968261711763789501e-01
6.869992049179085569e-01,6.511565183840808402e-01,6.275184472594899088e-01,5.963284083950007863e-01,5.736530982944637591e-01,5.442517390093956076e-01,5.230091262780482975e-01,4.964763483182051962e-01
6.877218866662616614e-01,6.516775409163968469e-01,6.279088593931339002e-01,5.965412079532583789e-01,5.737367380005513606e-01,5.441695423943833099e-01,5.228078125084388850e-01,4.961274742845245278e-01
6.884459917530609818e-01,6.521999779113157869e-01,6.283006197268010684e-01,5.967552157398281487e-01,5.738214848293068382e-01,5.440883719510785088e-01,5.226074834129126323e-01,4.957795483103291656e-01
6.891715224490232439e-01,6.527238316399039952e-01,6.286937292392320575e-01,5.969704316474286898e-01,5.739073379293020416e-01,5.440082265486744229e-01,5.224081378081455451e-01,4.954325696279017199e-01
6.898984810257783318e-01,6.532491043693098298e-01,6.290881889042829744e-01,5.971868555665625911e-01,5.739942964486638433e-01,5.439291050555450369e-01,5.222097745086748954e-01,4.950865374668949048e-01
6.906268697559342362e-01,6.537757983629493008e-01,6.294839996911839597e-01,5.974044873857800031e-01,5.740823595353297115e-01,5.438510063394587091e-01,5.220123923270848509e-01,4.947414510544094757e-01
6.913566909131403371e-01,6.543039158806868150e-01,6.298811625647944279e-01,5.976233269919374314e-01,5.741715263372978439e-01,5.437739292677862268e-01,5.218159900741871082e-01,4.943973096150715008e-01
6.920879467721490208e-01,6.548334591790139214e-01,6.302796784858538670e-01,5.978433742704513110e-01,5.742617960028723045e-01,5.436978727077049767e-01,5.216205665591981955e-01,4.940541123711088556e-01
6.928206396088780750e-01,6.553644305112258373e-01,6.306795484112268646e-01,5.980646291055468078e-01,5.743531676809028319e-01,5.436228355263985623e-01,5.214261205899126672e-01,4.937118585424252193e-01
6.935547717004707513e-01,6.558968321275941982e-01,6.310807732941458026e-01,5.982870913805018454e-01,5.744456405210197625e-01,5.435488165912523151e-01,5.212326509728729684e-01,4.933705473466736824e-01
6.942903453253551627e-01,6.564306662755370336e-01,6.314833540844496662e-01,5.985107609778873572e-01,5.745392136738640687e-01,5.434758147700442521e-01,5.210401565135356350e-01,4.930301779993291333e-01
6.950273627633020146e-01,6.569659351997860774e-01,6.318872917288175239e-01,5.987356377798018769e-01,5.746338862913128454e-01,5.434038289311313719e-01,5.208486360164333862e-01,4.926907497137597569e-01
6.957658262954824480e-01,6.575026411425513029e-01,6.322925871709996759e-01,5.989617216681024647e-01,5.747296575266996888e-01,5.433328579436325079e-01,5.206580882853346637e-01,4.923522617012972002e-01
6.965057382045244383e-01,6.580407863436830151e-01,6.326992413520444725e-01,5.991890125246317478e-01,5.748265265350311903e-01,5.432629006776070746e-01,5.204685121233985079e-01,4.920147131713050181e-01
6.972471007745674187e-01,6.585803730408319456e-01,6.331072552105211360e-01,5.994175102314402981e-01,5.749244924731983231e-01,5.431939560042300386e-01,5.202799063333269913e-01,4.916781033312473403e-01
6.979899162913177912e-01,6.591214034696056823e-01,6.335166296827400290e-01,5.996472146710054574e-01,5.750235545001831650e-01,5.431260227959627818e-01,5.200922697175149878e-01,4.913424313867557625e-01
6.987341870421015511e-01,6.596638798637229906e-01,6.339273657029689257e-01,5.998781257264454991e-01,5.751237117772630691e-01,5.430590999267201902e-01,5.199056010781949455e-01,4.910076965416952377e-01
6.994799153159170224e-01,6.602078044551665803e-01,6.343394642036462860e-01,6.001102432817310151e-01,5.752249634682089496e-01,5.429931862720347446e-01,5.197198992175798837e-01,4.906738979982286919e-01
7.002271034034880381e-01,6.607531794743324305e-01,6.347529261155905322e-01,6.003435672218917496e-01,5.753273087394802365e-01,5.429282807092160601e-01,5.195351629380037251e-01,4.903410349568811943e-01
7.009757535973144549e-01,6.613000071501778931e-01,6.351677523682063287e-01,6.005780974332195488e-01,5.754307467604168336e-01,5.428643821175080930e-01,5.193513910420574087e-01,4.900091066166037401e-01
7.017258681917208918e-01,6.618482897103664664e-01,6.355839438896893068e-01,6.008138338034686443e-01,5.755352767034249695e-01,5.428014893782423522e-01,5.191685823327225613e-01,4.896781121748345900e-01
7.024774494829071347e-01,6.623980293814106801e-01,6.360015016072252392e-01,6.010507762220522743e-01,5.756408977441617170e-01,5.427396013749876680e-01,5.189867356135028365e-01,4.893480508275601104e-01
7.032304997689970971e-01,6.629492283888136495e-01,6.364204264471875483e-01,6.012889245802360838e-01,5.757476090617150710e-01,5.426787169936974076e-01,5.188058496885522564e-01,4.890189217693753920e-01
7.039850213500860043e-01,6.635018889572077416e-01,6.368407193353330387e-01,6.015282787713269741e-01,5.758554098387788089e-01,5.426188351228529161e-01,5.186259233628005560e-01,4.886907241935440349e-01
7.047410165282875782e-01,6.640560133104916885e-01,6.372623811969924112e-01,6.017688386908597309e-01,5.759642992618265733e-01,5.425599546536035156e-01,5.184469554420756410e-01,4.883634572920562689e-01
7.054984876077800005e-01,6.646116036719649234e-01,6.376854129572596674e-01,6.020106042367809884e-01,5.760742765212810701e-01,5.425020744799047279e-01,5.182689447332239352e-01,4.880371202556865184e-01
7.062574368948524306e-01,6.651686622644608082e-01,6.381098155411781825e-01,6.022535753096284195e-01,5.761853408116799358e-01,5.424451934986530555e-01,5.180918900442287311e-01,4.877117122740504129e-01
7.070178666979485271e-01,6.657271913104768624e-01,6.385355898739243363e-01,6.024977518127089260e-01,5.762974913318388293e-01,5.423893106098173211e-01,5.179157901843247647e-01,4.873872325356606305e-01
7.077797793277111893e-01,6.662871930323054359e-01,6.389627368809892571e-01,6.027431336522737215e-01,5.764107272850107488e-01,5.423344247165676757e-01,5.177406439641106806e-01,4.870636802279820765e-01
7.085431770970261889e-01,6.668486696521601642e-01,6.393912574883569011e-01,6.029897207376879731e-01,5.765250478790434618e-01,5.422805347254017194e-01,5.175664501956600549e-01,4.867410545374861175e-01
7.093080623210639146e-01,6.674116233923004238e-01,6.398211526226799117e-01,6.032375129816002213e-01,5.766404523265326043e-01,5.422276395462685139e-01,5.173932076926294199e-01,4.864193546497045939e-01
7.100744373173226709e-01,6.679760564751570096e-01,6.402524232114538139e-01,6.034865103001090247e-01,5.767569398449718943e-01,5.421757380926893743e-01,5.172209152703639568e-01,4.860985797492825555e-01
7.108423044056690898e-01,6.685419711234534823e-01,6.406850701831884320e-01,6.037367126129257189e-01,5.768745096569020125e-01,5.421248292818756642e-01,5.170495717460006357e-01,4.857787290200298314e-01
7.116116659083796536e-01,6.691093695603262947e-01,6.411190944675765335e-01,6.039881198435348431e-01,5.769931609900554870e-01,5.420749120348455907e-01,5.168791759385698015e-01,4.854598016449725439e-01
7.123825241501804406e-01,6.696782540094433633e-01,6.415544969956615828e-01,6.042407319193530135e-01,5.771128930774980237e-01,5.420259852765371145e-01,5.167097266690950930e-01,4.851417968064044017e-01
7.131548814582866491e-01,6.702486266951219740e-01,6.419912787000019438e-01,6.044945487718846877e-01,5.772337051577689504e-01,5.419780479359186387e-01,5.165412227606893669e-01,4.848247136859357154e-01
7.139287401624413443e-01,6.708204898424443563e-01,6.424294405148335274e-01,6.047495703368747089e-01,5.773555964750184399e-01,5.419310989460989214e-01,5.163736630386507320e-01,4.845085514645428582e-01
7.147041025949534276e-01,6.713938456773705932e-01,6.428689833762307737e-01,6.050057965544598515e-01,5.774785662791412921e-01,5.418851372444323244e-01,5.162070463305556967e-01,4.841933093226174489e-01
7.154809710907363840e-01,6.719686964268528628e-01,6.433099082222649701e-01,6.052632273693174803e-01,5.776026138259094944e-01,5.418401617726236186e-01,5.160413714663494300e-01,4.838789864400130925e-01
7.162593479873449187e-01,6.725450443189461280e-01,6.437522159931604593e-01,6.055218627308114332e-01,5.777277383771020070e-01,5.417961714768304571e-01,5.158766372784358012e-01,4.835655819960932855e-01
7.170392356250112620e-01,6.731228915829172710e-01,6.441959076314500710e-01,6.057817025931372390e-01,5.778539392006311060e-01,5.417531653077622966e-01,5.157128426017644207e-01,4.832530951697779353e-01
7.178206363466811402e-01,6.737022404493536731e-01,6.446409840821279991e-01,6.060427469154635594e-01,5.779812155706678389e-01,5.417111422207789850e-01,5.155499862739165717e-01,4.829415251395888231e-01
7.186035524980494138e-01,6.742830931502702407e-01,6.450874462928002373e-01,6.063049956620720771e-01,5.781095667677655925e-01,5.416701011759866846e-01,5.153880671351883658e-01,4.826308710836953453e-01
7.193879864275953828e-01,6.748654519192157641e-01,6.455352952138339040e-01,6.065684488024961629e-01,5.782389920789788862e-01,5.416300411383313529e-01,5.152270840286727882e-01,4.823211321799586448e-01
7.201739404866170924e-01,6.754493189913765017e-01,6.459845317985050128e-01,6.068331063116557678e-01,5.783694907979826105e-01,5.415909610776907801e-01,5.150670358003405225e-01,4.820123076059759648e-01
7.209614170292643065e-01,6.760346966036789862e-01,6.464351570031445782e-01,6.070989681699927587e-01,5.785010622251884893e-01,5.415528599689647393e-01,5.149079212991177767e-01,4.817043965391243354e-01
7.217504184125728139e-01,6.766215869948924988e-01,6.468871717872820559e-01,6.073660343636029246e-01,5.786337056678583224e-01,5.415157367921629161e-01,5.147497393769635554e-01,4.813973981566030402e-01
7.225409469964970688e-01,6.772099924057292109e-01,6.473405771137882292e-01,6.076343048843656502e-01,5.787674204402171174e-01,5.414795905324912839e-01,5.145924888889452653e-01,4.810913116354758601e-01
7.233330051439422759e-01,6.777999150789441041e-01,6.477953739490165397e-01,6.079037797300728130e-01,5.789022058635631129e-01,5.414444201804370360e-01,5.144361686933119904e-01,4.807861361527130395e-01
7.241265952207970313e-01,6.783913572594331143e-01,6.482515632629418656e-01,6.081744589045555704e-01,5.790380612663760251e-01,5.414102247318514083e-01,5.142807776515668783e-01,4.804818708852324760e-01
7.249217195959640758e-01,6.789843211943293877e-01,6.487091460292988554e-01,6.084463424178097046e-01,5.791749859844229631e-01,5.413770031880305034e-01,5.141263146285376395e-01,4.801785150099399657e-01
7.257183806413913807e-01,6.795788091331008696e-01,6.491681232257184853e-01,6.087194302861190787e-01,5.793129793608640110e-01,5.413447545557947826e-01,5.139727784924458254e-01,4.798760677037695599e-01
7.265165807321032343e-01,6.801748233276438960e-01,6.496284958338630622e-01,6.089937225321772063e-01,5.794520407463550349e-01,5.413134778475673370e-01,5.138201681149747735e-01,4.795745281437233110e-01
7.273163222462292188e-01,6.807723660323768966e-01,6.500902648395603389e-01,6.092692191852078221e-01,5.795921694991478246e-01,5.412831720814504921e-01,5.136684823713353332e-01,4.792738955069095752e-01
7.281176075650346302e-01,6.813714395043345418e-01,6.505534312329354085e-01,6.095459202810833421e-01,5.797333649851912352e-01,5.412538362813000825e-01,5.135177201403314795e-01,4.789741689705823702e-01
7.289204390729496774e-01,6.819720460032586695e-01,6.510179960085421547e-01,6.098238258624419927e-01,5.798756265782282204e-01,5.412254694767982821e-01,5.133678803044237071e-01,4.786753477121789557e-01
7.297248191575974596e-01,6.825741877916885469e-01,6.514839601654925927e-01,6.101029359788039397e-01,5.800189536598912010e-01,5.411980707035265459e-01,5.132189617497908696e-01,4.783774309093572485e-01
7.305307502098236094e-01,6.831778671350519083e-01,6.519513247075851003e-01,6.103832506866853080e-01,5.801633456197980987e-01,5.411716390030354429e-01,5.130709633663915747e-01,4.780804177400334032e-01
7.313382346237229381e-01,6.837830863017532179e-01,6.524200906434333147e-01,6.106647700497114251e-01,5.803088018556451511e-01,5.411461734229132681e-01,5.129238840480236927e-01,4.777843073824178388e-01
7.321472747966671912e-01,6.843898475632613776e-01,6.528902589865914763e-01,6.109474941387279534e-01,5.804553217732986159e-01,5.411216730168543210e-01,5.127777226923824205e-01,4.774890990150513215e-01
7.329578731293328042e-01,6.849981531941972124e-01,6.533618307556783300e-01,6.112314230319115804e-01,5.806029047868849213e-01,5.410981368447252970e-01,5.126324782011177916e-01,4.771947918168409908e-01
7.337700320257269926e-01,6.856080054724189576e-01,6.538348069745025803e-01,6.115165568148791531e-01,5.807515503188791506e-01,5.410755639726294586e-01,5.124881494798906312e-01,4.769013849670953875e-01
7.345837538932142863e-01,6.862194066791083014e-01,6.543091886721851269e-01,6.118028955807944813e-01,5.809012578001931937e-01,5.410539534729706945e-01,5.123447354384276231e-01,4.766088776455588705e-01
7.353990411425422868e-01,6.868323590988543170e-01,6.547849768832807449e-01,6.120904394304758078e-01,5.810520266702615677e-01,5.410333044245163592e-01,5.122022349905747118e-01,4.763172690324466441e-01
7.362158961878675356e-01,6.874468650197372854e-01,6.552621726478993214e-01,6.123791884725009460e-01,5.812038563771257937e-01,5.410136159124574462e-01,5.120606470543492827e-01,4.760265583084779539e-01
7.370343214467804938e-01,6.880629267334119614e-01,6.557407770118250934e-01,6.126691428233113079e-01,5.813567463775184407e-01,5.409948870284694289e-01,5.119199705519918986e-01,4.757367446549093937e-01
7.378543193403305223e-01,6.886805465351887312e-01,6.562207910266357747e-01,6.129603026073150440e-01,5.815106961369456151e-01,5.409771168707712130e-01,5.117802044100168146e-01,4.754478272535687111e-01
7.386758922930501958e-01,6.892997267241149917e-01,6.567022157498202395e-01,6.132526679569891837e-01,5.816657051297674519e-01,5.409603045441822022e-01,5.116413475592609394e-01,4.751598052868867827e-01
7.394990427329788396e-01,6.899204696030555306e-01,6.571850522448952070e-01,6.135462390129801102e-01,5.818217728392786059e-01,5.409444491601795857e-01,5.115033989349323518e-01,4.748726779379300877e-01
7.403237730916876203e-01,6.905427774787731288e-01,6.576693015815220367e-01,6.138410159242034814e-01,5.819788987577867445e-01,5.409295498369534050e-01,5.113663574766577069e-01,4.745864443904326269e-01
7.411500858043020834e-01,6.911666526620071638e-01,6.581549648356213034e-01,6.141369988479441488e-01,5.821370823866895972e-01,5.409156056994611772e-01,5.112302221285279780e-01,4.743011038288268977e-01
7.419779833095249133e-01,6.917920974675514367e-01,6.586420430894872613e-01,6.144341879499528591e-01,5.822963232365525599e-01,5.409026158794809636e-01,5.110949918391441971e-01,4.740166554382754249e-01
7.428074680496600246e-01,6.924191142143325539e-01,6.591305374319019750e-01,6.147325834045437309e-01,5.824566208271835244e-01,5.408905795156637719e-01,5.109606655616616422e-01,4.737330984047012916e-01
7.436385424706337677e-01,6.930477052254863102e-01,6.596204489582471187e-01,6.150321853946902895e-01,5.826179746877073740e-01,5.408794957535859593e-01,5.108272422538331359e-01,4.734504319148182261e-01
7.444712090220162448e-01,6.936778728284338502e-01,6.601117787706162199e-01,6.153329941121203905e-01,5.827803843566398134e-01,5.408693637457986370e-01,5.106947208780521219e-01,4.731686551561605780e-01
7.453054701570445140e-01,6.943096193549582740e-01,6.606045279779267920e-01,6.156350097574109226e-01,5.829438493819592004e-01,5.408601826518777411e-01,5.105631004013931884e-01,4.728877673171131835e-01
7.461413283326445711e-01,6.949429471412793546e-01,6.610986976960304684e-01,6.159382325400812874e-01,5.831083693211785990e-01,5.408519516384722170e-01,5.104323797956538122e-01,4.726077675869402861e-01
7.469787860094513343e-01,6.955778585281268134e-01,6.615942890478222482e-01,6.162426626786855488e-01,5.832739437414163897e-01,5.408446698793515361e-01,5.103025580373939940e-01,4.723286551558144586e-01
7.478178456518290718e-01,6.962143558608158145e-01,6.620913031633501866e-01,6.165483004009042478e-01,5.834405722194658805e-01,5.408383365554534361e-01,5.101736341079746717e-01,4.720504292148454684e-01
7.486585097278929402e-01,6.968524414893199070e-01,6.625897411799240855e-01,6.168551459436358853e-01,5.836082543418638080e-01,5.408329508549293285e-01,5.100456069935971337e-01,4.717730889561080332e-01
7.495007807095288577e-01,6.974921177683433005e-01,6.630896042422236292e-01,6.171631995530875159e-01,5.837769897049580603e-01,5.408285119731892632e-01,5.099184756853396561e-01,4.714966335726696878e-01
7.503446610724138210e-01,6.981333870573931399e-01,6.635908935024052990e-01,6.174724614848643434e-01,5.839467779149756232e-01,5.408250191129460038e-01,5.097922391791941399e-01,4.712210622586183173e-01
7.511901532960350014e-01,6.987762517208507829e-01,6.640936101202090658e-01,6.177829320040577610e-01,5.841176185880885274e-01,5.408224714842592151e-01,5.096668964761020826e-01,4.709463742090896909e-01
7.520372598637086181e-01,6.994207141280439632e-01,6.645977552630647489e-01,6.180946113853340584e-01,5.842895113504793514e-01,5.408208683045780951e-01,5.095424465819903270e-01,4.706725686202943848e-01
7.528859832626003667e-01,7.000667766533169578e-01,6.651033301061982650e-01,6.184074999130227956e-01,5.844624558384061697e-01,5.408202087987831197e-01,5.094188885078048123e-01,4.703996446895439276e-01
7.537363259837435159e-01,7.007144416760998640e-01,6.656103358327362107e-01,6.187215978812032890e-01,5.846364516982665016e-01,5.408204921992273428e-01,5.092962212695444357e-01,4.701276016152772796e-01
7.545882905220574477e-01,7.013637115809796541e-01,6.661187736338101129e-01,6.190369055937904319e-01,5.848114985866605942e-01,5.408217177457768088e-01,5.091744438882939150e-01,4.698564385970871449e-01
7.554418793763660878e-01,7.020145887577687871e-01,6.666286447086614553e-01,6.193534233646207365e-01,5.849875961704543714e-01,5.408238846858509641e-01,5.090535553902559851e-01,4.695861548357451731e-01
7.562970950494156686e-01,7.026670756015729324e-01,6.671399502647449298e-01,6.196711515175382656e-01,5.851647441268410521e-01,5.408269922744615155e-01,5.089335548067835946e-01,4.693167495332272177e-01
7.571539400478920490e-01,7.033211745128605807e-01,6.676526915178319088e-01,6.199900903864790092e-01,5.853429421434023228e-01,5.408310397742503994e-01,5.088144411744103257e-01,4.690482218927391478e-01
7.580124168824388109e-01,7.039768878975309896e-01,6.681668696921135853e-01,6.203102403155544842e-01,5.855221899181695111e-01,5.408360264555280850e-01,5.086962135348810365e-01,4.687805711187414959e-01
7.588725280676749119e-01,7.046342181669806859e-01,6.686824860203028909e-01,6.206316016591356677e-01,5.857024871596835380e-01,5.408419515963114321e-01,5.085788709351812820e-01,4.685137964169734937e-01
7.597342761222106722e-01,7.052931677381708564e-01,6.691995417437366367e-01,6.209541747819364854e-01,5.858838335870542036e-01,5.408488144823591082e-01,5.084624124275666235e-01,4.682478969944776082e-01
7.605976635686650944e-01,7.059537390336941831e-01,6.697180381124777648e-01,6.212779600590966345e-01,5.860662289300192507e-01,5.408566144072078918e-01,5.083468370695913841e-01,4.679828720596238556e-01
7.614626929336818506e-01,7.066159344818406796e-01,6.702379763854159345e-01,6.216029578762634067e-01,5.862496729290025410e-01,5.408653506722084225e-01,5.082321439241358485e-01,4.677187208221332826e-01
7.623293667479456026e-01,7.072797565166639711e-01,6.707593578303692183e-01,6.219291686296732902e-01,5.864341653351723416e-01,5.408750225865601724e-01,5.081183320594336861e-01,4.674554424931015029e-01
7.631976875461984333e-01,7.079452075780469089e-01,6.712821837241850220e-01,6.222565927262337926e-01,5.866197059104983902e-01,5.408856294673456411e-01,5.080054005490990399e-01,4.671930362850219010e-01
7.640676578672545016e-01,7.086122901117660744e-01,6.718064553528394489e-01,6.225852305836043765e-01,5.868062944278084059e-01,5.408971706395636625e-01,5.078933484721528391e-01,4.669315014118087248e-01
7.649392802540166958e-01,7.092810065695573929e-01,6.723321740115385525e-01,6.229150826302775057e-01,5.869939306708444882e-01,5.409096454361631556e-01,5.077821749130482232e-01,4.666708370888197899e-01
7.658125572534918435e-01,7.099513594091806379e-01,6.728593410048180345e-01,6.232461493056586921e-01,5.871826144343194054e-01,5.409230531980752099e-01,5.076718789616955219e-01,4.664110425328785725e-01
7.666874914168050337e-01,7.106233510944822696e-01,6.733879576466422767e-01,6.235784310601460989e-01,5.873723455239715507e-01,5.409373932742460589e-01,5.075624597134869020e-01,4.661521169622971361e-01
7.675640852992147156e-01,7.112969840954609380e-01,6.739180252605043719e-01,6.239119283552102546e-01,5.875631237566200094e-01,5.409526650216683885e-01,5.074539162693206817e-01,4.658940595968980580e-01
7.684423414601272428e-01,7.119722608883305437e-01,6.744495451795248231e-01,6.242466416634734339e-01,5.877549489602198474e-01,5.409688678054128674e-01,5.073462477356251998e-01,4.656368696580353017e-01
7.693222624631113060e-01,7.126491839555828545e-01,6.749825187465507970e-01,6.245825714687891494e-01,5.879478209739149586e-01,5.409860009986591223e-01,5.072394532243812426e-01,4.653805463686169208e-01
7.702038508759116997e-01,7.133277557860513429e-01,6.755169473142554892e-01,6.249197182663205341e-01,5.881417396480923543e-01,5.410040639827253806e-01,5.071335318531448033e-01,4.651250889531260979e-01
7.710871092704635332e-01,7.140079788749738032e-01,6.760528322452361571e-01,6.252580825626186112e-01,5.883367048444361203e-01,5.410230561470990018e-01,5.070284827450699527e-01,4.648704966376417946e-01
7.719720402229055534e-01,7.146898557240540795e-01,6.765901749121123743e-01,6.255976648757004543e-01,5.885327164359803742e-01,5.410429768894660096e-01,5.069243050289302666e-01,4.646167686498603455e-01
7.728586463135943552e-01,7.153733888415252373e-01,6.771289766976247293e-01,6.259384657351280135e-01,5.887297743071612244e-01,5.410638256157400683e-01,5.068209978391401416e-01,4.643639042191155530e-01
7.737469301271179267e-01,7.160585807422114035e-01,6.776692389947333028e-01,6.262804856820854971e-01,5.889278783538690609e-01,5.410856017400912377e-01,5.067185603157756679e-01,4.641119025763991157e-01
7.746368942523073065e-01,7.167454339475884950e-01,6.782109632067154781e-01,6.266237252694561999e-01,5.891270284835020687e-01,5.411083046849746170e-01,5.066169916045948352e-01,4.638607629543814448e-01
7.755285412822499058e-01,7.174339509858475017e-01,6.787541507472640845e-01,6.269681850619012176e-01,5.893272246150165206e-01,5.411319338811576563e-01,5.065162908570575162e-01,4.636104845874313707e-01
7.764218738143021659e-01,7.181241343919543274e-01,6.792988030405852085e-01,6.273138656359359411e-01,5.895284666789790684e-01,5.411564887677484670e-01,5.064164572303457845e-01,4.633610667116361825e-01
7.773168944501025468e-01,7.188159867077110743e-01,6.798449215214961150e-01,6.276607675800068842e-01,5.897307546176180360e-01,5.411819687922231337e-01,5.063174898873831209e-01,4.631125085648213346e-01
7.782136057955832964e-01,7.195095104818177711e-01,6.803925076355237245e-01,6.280088914945700651e-01,5.899340883848734896e-01,5.412083734104520261e-01,5.062193879968526211e-01,4.628648093865696533e-01
7.791120104609825514e-01,7.202047082699325475e-01,6.809415628390016462e-01,6.283582379921659467e-01,5.901384679464486416e-01,5.412357020867269997e-01,5.061221507332159808e-01,4.626179684182406548e-01
7.800121110608561059e-01,7.209015826347320299e-01,6.814920885991674337e-01,6.287088076974965967e-01,5.903438932798603656e-01,5.412639542937874859e-01,5.060257772767321471e-01,4.623719849029901408e-01
7.809139102140891797e-01,7.216001361459718488e-01,6.820440863942611731e-01,6.290606012475036257e-01,5.905503643744898223e-01,5.412931295128463605e-01,5.059302668134741943e-01,4.621268580857885167e-01
7.818174105439077426e-01,7.223003713805471460e-01,6.825975577136235151e-01,6.294136192914434602e-01,5.907578812316319761e-01,5.413232272336159223e-01,5.058356185353468648e-01,4.618825872134395549e-01
7.827226146778892835e-01,7.230022909225526373e-01,6.831525040577931529e-01,6.297678624909638367e-01,5.909664438645451101e-01,5.413542469543332070e-01,5.057418316401043334e-01,4.616391715345994351e-01
7.836295252479748008e-01,7.237058973633420100e-01,6.837089269386038559e-01,6.301233315201804075e-01,5.911760522985013422e-01,5.413861881817855215e-01,5.056489053313666382e-01,4.613966102997948404e-01
7.845381448904790167e-01,7.244111933015874305e-01,6.842668278792827241e-01,6.304800270657532346e-01,5.913867065708359183e-01,5.414190504313348695e-01,5.055568388186363338e-01,4.611549027614412766e-01
7.854484762461010350e-01,7.251181813433401624e-01,6.848262084145487760e-01,6.308379498269627295e-01,5.915984067309961736e-01,5.414528332269424871e-01,5.054656313173147009e-01,4.609140481738610573e-01
7.863605219599352214e-01,7.258268641020895195e-01,6.853870700907104263e-01,6.311971005157860359e-01,5.918111528405918254e-01,5.414875361011938226e-01,5.053752820487171782e-01,4.606740457933010124e-01
7.872742846814811957e-01,7.265372441988227070e-01,6.859494144657631853e-01,6.315574798569736359e-01,5.920249449734423797e-01,5.415231585953220739e-01,5.052857902400890167e-01,4.604348948779504735e-01
7.881897670646534904e-01,7.272493242620831078e-01,6.865132431094874699e-01,6.319190885881253994e-01,5.922397832156272024e-01,5.415597002592327236e-01,5.051971551246208225e-01,4.601965946879587599e-01
7.891069717677923201e-01,7.279631069280300126e-01,6.870785576035476350e-01,6.322819274597664130e-01,5.924556676655355902e-01,5.415971606515270764e-01,5.051093759414637674e-01,4.599591444854522204e-01
7.900259014536734625e-01,7.286785948404983504e-01,6.876453595415904507e-01,6.326459972354235850e-01,5.926725984339135112e-01,5.416355393395252404e-01,5.050224519357440212e-01,4.597225435345520528e-01
7.909465587895170291e-01,7.293957906510567524e-01,6.882136505293423578e-01,6.330112986917021400e-01,5.928905756439131203e-01,5.416748358992906631e-01,5.049363823585768518e-01,4.594867911013912898e-01
7.918689464469965689e-01,7.301146970190669494e-01,6.887834321847089436e-01,6.333778326183610030e-01,5.931095994311410546e-01,5.417150499156518917e-01,5.048511664670811694e-01,4.592518864541313417e-01
7.927930671022498377e-01,7.308353166117426136e-01,6.893547061378739738e-01,6.337455998183908479e-01,5.933296699437067279e-01,5.417561809822258878e-01,5.047668035243938478e-01,4.590178288629791492e-01
7.937189234358865697e-01,7.315576521042078673e-01,6.899274740313974252e-01,6.341146011080902589e-01,5.935507873422717351e-01,5.417982287014417864e-01,5.046832927996828255e-01,4.587846176002038923e-01
7.946465181329962491e-01,7.322817061795556803e-01,6.905017375203149621e-01,6.344848373171410039e-01,5.937729518000983697e-01,5.418411926845622117e-01,5.046006335681607613e-01,4.585522519401531438e-01
7.955758538831596560e-01,7.330074815289073786e-01,6.910774982722368565e-01,6.348563092886857495e-01,5.939961635030973630e-01,5.418850725517062594e-01,5.045188251110984679e-01,4.583207311592693567e-01
7.965069333804558616e-01,7.337349808514710414e-01,6.916547579674473534e-01,6.352290178794042230e-01,5.942204226498759567e-01,5.419298679318720335e-01,5.044378667158375684e-01,4.580900545361063503e-01
7.974397593234697768e-01,7.344642068545995661e-01,6.922335182990050351e-01,6.356029639595902614e-01,5.944457294517873081e-01,5.419755784629585182e-01,5.043577576758034864e-01,4.578602213513452979e-01
7.983743344153012567e-01,7.351951622538493991e-01,6.928137809728424079e-01,6.359781484132295271e-01,5.946720841329777851e-01,5.420222037917878932e-01,5.042784972905181018e-01,4.576312308878107693e-01
7.993106613635728719e-01,7.359278497730394886e-01,6.933955477078654894e-01,6.363545721380762243e-01,5.948994869304354838e-01,5.420697435741269610e-01,5.042000848656121859e-01,4.574030824304860521e-01
8.002487428804379022e-01,7.366622721443092381e-01,6.939788202360542835e-01,6.367322360457300379e-01,5.951279380940394104e-01,5.421181974747091292e-01,5.041225197128372804e-01,4.571757752665293051e-01
8.011885816825881079e-01,7.373984321081774596e-01,6.945636003025639216e-01,6.371111410617134041e-01,5.953574378866075545e-01,5.421675651672560603e-01,5.040458011500773550e-01,4.569493086852892128e-01
8.021301804912607247e-01,7.381363324136008819e-01,6.951498896658248050e-01,6.374912881255494490e-01,5.955879865839448506e-01,5.422178463344989874e-01,5.039699285013614638e-01,4.567236819783203061e-01
8.030735420322461238e-01,7.388759758180317716e-01,6.957376900976438572e-01,6.378726781908403698e-01,5.958195844748911396e-01,5.422690406682010300e-01,5.038949010968748476e-01,4.564988944393983950e-01
8.040186690358946953e-01,7.396173650874773298e-01,6.963270033833061090e-01,6.382553122253444844e-01,5.960522318613711290e-01,5.423211478691776222e-01,5.038207182729703693e-01,4.562749453645355002e-01
8.049655642371238429e-01,7.403605029965578677e-01,6.969178313216760623e-01,6.386391912110546132e-01,5.962859290584423544e-01,5.423741676473176065e-01,5.037473793721801707e-01,4.560518340519953973e-01
8.059142303754249781e-01,7.411053923285652045e-01,6.975101757253000523e-01,6.390243161442762387e-01,5.965206763943433632e-01,5.424280997216058831e-01,5.036748837432258874e-01,4.558295598023083817e-01
8.068646701948702926e-01,7.418520358755212873e-01,6.981040384205077221e-01,6.394106880357064426e-01,5.967564742105428977e-01,5.424829438201436149e-01,5.036032307410301945e-01,4.556081219182858688e-01
8.078168864441191976e-01,7.426004364382364775e-01,6.986994212475153843e-01,6.397983079105127313e-01,5.969933228617883003e-01,5.425386996801687678e-01,5.035324197267276869e-01,4.553875197050359369e-01
8.087708818764248742e-01,7.433505968263691699e-01,6.992963260605291609e-01,6.401871768084116399e-01,5.972312227161545861e-01,5.425953670480775370e-01,5.034624500676750936e-01,4.551677524699772048e-01
8.097266592496397131e-01,7.441025198584834133e-01,6.998947547278477899e-01,6.405772957837488901e-01,5.974701741550932921e-01,5.426529456794454420e-01,5.033933211374620464e-01,4.549488195228533760e-01
8.106842213262209773e-01,7.448562083621071972e-01,7.004947091319655428e-01,6.409686659055777724e-01,5.977101775734817712e-01,5.427114353390488644e-01,5.033250323159216277e-01,4.547307201757486150e-01
8.116435708732384624e-01,7.456116651737927370e-01,7.010961911696769189e-01,6.413612882577391927e-01,5.979512333796721535e-01,5.427708358008845879e-01,5.032575829891401398e-01,4.545134537431010924e-01
8.126047106623792704e-01,7.463688931391743164e-01,7.016992027521822273e-01,6.417551639389426077e-01,5.981933419955407505e-01,5.428311468481910040e-01,5.031909725494669861e-01,4.542970195417171397e-01
8.135676434699526949e-01,7.471278951130270185e-01,7.023037458051905046e-01,6.421502940628452949e-01,5.984365038565374606e-01,5.428923682734696499e-01,5.031252003955252183e-01,4.540814168907859605e-01
8.145323720768962161e-01,7.478886739593261224e-01,7.029098222690247644e-01,6.425466797581330658e-01,5.986807194117356179e-01,5.429544998785058585e-01,5.030602659322214176e-01,4.538666451118936740e-01
8.154988992687808302e-01,7.486512325513056121e-01,7.035174340987283559e-01,6.429443221686017562e-01,5.989259891238811750e-01,5.430175414743888540e-01,5.029961685707545760e-01,4.536527035290364718e-01
8.164672278358154900e-01,7.494155737715175736e-01,7.041265832641702138e-01,6.433432224532381616e-01,5.991723134694426633e-01,5.430814928815327347e-01,5.029329077286268657e-01,4.534395914686354390e-01
8.174373605728528780e-01,7.501817005118914805e-01,7.047372717501517725e-01,6.437433817863016383e-01,5.994196929386614858e-01,5.431463539296974563e-01,5.028704828296524099e-01,4.532273082595501545e-01
8.184093002793932925e-01,7.509496156737933692e-01,7.053495015565138804e-01,6.441448013574054832e-01,5.996681280356024324e-01,5.432121244580091490e-01,5.028088933039660535e-01,4.530158532330916255e-01
8.193830497595899764e-01,7.517193221680854576e-01,7.059632746982433815e-01,6.445474823715999779e-01,5.999176192782034178e-01,5.432788043149814339e-01,5.027481385880342435e-01,4.528052257230367195e-01
8.203586118222531143e-01,7.524908229151845429e-01,7.065785932055812513e-01,6.449514260494542128e-01,6.001681671983263300e-01,5.433463933585361838e-01,5.026882181246633552e-01,4.525954250656416544e-01
8.213359892808540508e-01,7.532641208451228421e-01,7.071954591241306209e-01,6.453566336271391313e-01,6.004197723418077670e-01,5.434148914560236188e-01,5.026291313630085744e-01,4.523864505996549878e-01
8.223151849535298430e-01,7.540392188976076104e-01,7.078138745149654687e-01,6.457631063565116847e-01,6.006724352685095525e-01,5.434842984842432889e-01,5.025708777585833342e-01,4.521783016663313837e-01
8.232962016630862578e-01,7.548161200220798728e-01,7.084338414547394214e-01,6.461708455051966560e-01,6.009261565523708049e-01,5.435546143294658350e-01,5.025134567732683077e-01,4.519709776094448239e-01
8.242790422370026571e-01,7.555948271777753744e-01,7.090553620357957776e-01,6.465798523566717027e-01,6.011809367814586746e-01,5.436258388874528613e-01,5.024568678753204010e-01,4.517644777753012097e-01
8.252637095074354390e-01,7.563753433337840892e-01,7.096784383662776419e-01,6.469901282103520668e-01,6.014367765580197478e-01,5.436979720634778079e-01,5.024011105393807464e-01,4.515588015127521837e-01
8.262502063112212580e-01,7.571576714691107268e-01,7.103030725702373926e-01,6.474016743816741748e-01,6.016936764985322261e-01,5.437710137723476000e-01,5.023461842464844729e-01,4.513539481732085079e-01
8.272385354898801335e-01,7.579418145727353506e-01,7.109292667877493699e-01,6.478144922021824570e-01,6.019516372337578858e-01,5.438449639384231871e-01,5.022920884840694766e-01,4.511499171106523876e-01
8.282286998896190022e-01,7.587277756436732190e-01,7.115570231750212304e-01,6.482285830196133913e-01,6.022106594087948128e-01,5.439198224956403038e-01,5.022388227459838594e-01,4.509467076816501274e-01
8.292207023613348271e-01,7.595155576910354034e-01,7.121863439045046373e-01,6.486439481979814348e-01,6.024707436831289176e-01,5.439955893875314530e-01,5.021863865324951437e-01,4.507443192453655656e-01
8.302145457606178169e-01,7.603051637340905167e-01,7.128172311650095017e-01,6.490605891176670639e-01,6.027318907306868923e-01,5.440722645672463331e-01,5.021347793502992651e-01,4.505427511635729521e-01
8.312102329477538687e-01,7.610965968023251094e-01,7.134496871618166702e-01,6.494785071755022621e-01,6.029941012398899458e-01,5.441498479975728220e-01,5.020840007125286775e-01,4.503420028006692166e-01
8.322077667877262330e-01,7.618898599355041767e-01,7.140837141167918345e-01,6.498977037848578941e-01,6.032573759137064284e-01,5.442283396509590698e-01,5.020340501387605681e-01,4.501420735236868476e-01
8.332071501502182898e-01,7.626849561837333313e-01,7.147193142685006606e-01,6.503181803757320800e-01,6.035217154697062325e-01,5.443077395095343718e-01,5.019849271550252956e-01,4.499429627023063261e-01
8.342083859096171006e-01,7.634818886075198652e-01,7.153564898723223653e-01,6.507399383948376803e-01,6.037871206401135282e-01,5.443880475651305950e-01,5.019366312938149388e-01,4.497446697088689493e-01
8.352114769450149634e-01,7.642806602778343672e-01,7.159952432005657341e-01,6.511629793056912252e-01,6.040535921718611645e-01,5.444692638193039391e-01,5.018891620940917342e-01,4.495471939183888210e-01
8.362164261402101895e-01,7.650812742761727847e-01,7.166355765425862501e-01,6.515873045887020654e-01,6.043211308266456250e-01,5.445513882833563635e-01,5.018425191012960696e-01,4.493505347085656187e-01
8.372232363837102120e-01,7.658837336946184848e-01,7.172774922049020008e-01,6.520129157412617449e-01,6.045897373809814290e-01,5.446344209783574586e-01,5.017967018673546997e-01,4.491546914597971951e-01
8.382319105687328076e-01,7.666880416359043160e-01,7.179209925113113622e-01,6.524398142778348175e-01,6.048594126262563098e-01,5.447183619351658734e-01,5.017517099506891842e-01,4.489596635551912907e-01
8.392424515932072060e-01,7.674942012134743363e-01,7.185660798030110152e-01,6.528680017300487748e-01,6.051301573687859481e-01,5.448032111944516309e-01,5.017075429162244360e-01,4.487654503805781347e-01
8.402548623597763111e-01,7.683022155515476515e-01,7.192127564387141847e-01,6.532974796467849732e-01,6.054019724298700389e-01,5.448889688067184434e-01,5.016642003353962709e-01,4.485720513245226027e-01
8.412691457757975888e-01,7.691120877851812532e-01,7.198610247947708762e-01,6.537282495942706717e-01,6.056748586458482464e-01,5.449756348323248067e-01,5.016216817861595123e-01,4.483794657783362614e-01
8.422853047533437332e-01,7.699238210603318588e-01,7.205108872652871144e-01,6.541603131561715134e-01,6.059488168681561593e-01,5.450632093415068713e-01,5.015799868529968730e-01,4.481876931360893601e-01
8.433033422092032216e-01,7.707374185339198602e-01,7.211623462622455127e-01,6.545936719336833409e-01,6.062238479633823562e-01,5.451516924144012011e-01,5.015391151269268377e-01,4.479967327946230427e-01
8.443232610648823133e-01,7.715528833738930503e-01,7.218154042156268435e-01,6.550283275456247889e-01,6.064999528133251383e-01,5.452410841410668674e-01,5.014990662055117676e-01,4.478065841535614489e-01
8.453450642466050491e-01,7.723702187592900170e-01,7.224700635735321619e-01,6.554642816285329854e-01,6.067771323150494833e-01,5.453313846215076532e-01,5.014598396928658941e-01,4.476172466153237606e-01
8.463687546853126964e-01,7.731894278803038700e-01,7.231263268023057078e-01,6.559015358367570325e-01,6.070553873809448886e-01,5.454225939656947020e-01,5.014214351996636454e-01,4.474287195851358034e-01
8.473943353166653036e-01,7.740105139383467447e-01,7.237841963866578077e-01,6.563400918425519315e-01,6.073347189387835465e-01,5.455147122935901649e-01,5.013838523431478622e-01,4.472410024710418708e-01
8.484218090810415891e-01,7.748334801461147503e-01,7.244436748297886641e-01,6.567799513361748387e-01,6.076151279317786313e-01,5.456077397351698499e-01,5.013470907471381244e-01,4.470540946839169361e-01
8.494511789235386079e-01,7.756583297276520295e-01,7.251047646535139224e-01,6.572211160259811003e-01,6.078966153186430299e-01,5.457016764304464251e-01,5.013111500420387445e-01,4.468679956374783102e-01
8.504824477939718630e-01,7.764850659184154846e-01,7.257674683983901254e-01,6.576635876385202861e-01,6.081791820736478504e-01,5.457965225294924005e-01,5.012760298648466506e-01,4.466827047482970769e-01
8.515156186468739730e-01,7.773136919653402810e-01,7.264317886238402799e-01,6.581073679186336678e-01,6.084628291866827077e-01,5.458922781924637757e-01,5.012417298591601567e-01,4.464982214358100832e-01
8.525506944414950050e-01,7.781442111269053497e-01,7.270977279082815325e-01,6.585524586295516958e-01,6.087475576633154528e-01,5.459889435896237986e-01,5.012082496751872895e-01,4.463145451223320403e-01
8.535876781418024750e-01,7.789766266731992239e-01,7.277652888492525118e-01,6.589988615529925875e-01,6.090333685248517925e-01,5.460865189013663912e-01,5.011755889697533384e-01,4.461316752330662938e-01
8.546265727164792381e-01,7.798109418859859865e-01,7.284344740635423365e-01,6.594465784892615812e-01,6.093202628083964623e-01,5.461850043182403525e-01,5.011437474063096253e-01,4.459496111961169240e-01
8.556673811389232664e-01,7.806471600587711057e-01,7.291052861873198454e-01,6.598956112573494126e-01,6.096082415669137333e-01,5.462844000409730061e-01,5.011127246549420544e-01,4.457683524425006261e-01
8.567101063872465394e-01,7.814852844968682710e-01,7.297777278762631603e-01,6.603459616950333455e-01,6.098973058692890303e-01,5.463847062804946253e-01,5.010825203923788829e-01,4.455878984061577563e-01
8.577547514442730447e-01,7.823253185174663393e-01,7.304518018056910256e-01,6.607976316589777577e-01,6.101874568003914368e-01,5.464859232579628578e-01,5.010531343019993811e-01,4.454082485239641565e-01
8.588013192975377796e-01,7.831672654496961705e-01,7.311275106706944804e-01,6.612506230248360595e-01,6.104786954611352012e-01,5.465880512047875950e-01,5.010245660738422702e-01,4.452294022357426995e-01
8.598498129392849743e-01,7.840111286346982400e-01,7.318048571862691976e-01,6.617049376873525013e-01,6.107710229685423542e-01,5.466910903626553964e-01,5.009968154046144928e-01,4.450513589842745032e-01
8.609002353664670926e-01,7.848569114256908064e-01,7.324838440874490431e-01,6.621605775604646471e-01,6.110644404558062126e-01,5.467950409835543590e-01,5.009698819976990958e-01,4.448741182153105878e-01
8.619525895807420568e-01,7.857046171880371910e-01,7.331644741294398582e-01,6.626175445774065143e-01,6.113589490723545516e-01,5.468999033297990975e-01,5.009437655631638897e-01,4.446976793775832548e-01
8.630068785884709159e-01,7.865542492993139456e-01,7.338467500877543515e-01,6.630758406908139335e-01,6.116545499839137756e-01,5.470056776740563897e-01,5.009184658177706639e-01,4.445220419228174125e-01
8.640631054007168466e-01,7.874058111493804635e-01,7.345306747583483231e-01,6.635354678728281330e-01,6.119512443725738660e-01,5.471123642993708236e-01,5.008939824849830691e-01,4.443472053057422877e-01
8.651212730332417111e-01,7.882593061404474799e-01,7.352162509577570004e-01,6.639964281152007652e-01,6.122490334368524412e-01,5.472199634991898876e-01,5.008703152949752768e-01,4.441731689841024733e-01
8.661813845065037265e-01,7.891147376871461283e-01,7.359034815232328164e-01,6.644587234294018208e-01,6.125479183917597048e-01,5.473284755773902832e-01,5.008474639846411947e-01,4.439999324186694185e-01
8.672434428456547995e-01,7.899721092165972181e-01,7.365923693128840766e-01,6.649223558467254325e-01,6.128479004688653919e-01,5.474379008483041265e-01,5.008254282976034588e-01,4.438274950732528645e-01
8.683074510805373070e-01,7.908314241684819557e-01,7.372829172058132929e-01,6.653873274183976783e-01,6.131489809163641613e-01,5.475482396367447047e-01,5.008042079842217609e-01,4.436558564147118910e-01
8.693734122456814317e-01,7.916926859951116668e-01,7.379751281022579601e-01,6.658536402156839396e-01,6.134511609991429859e-01,5.476594922780334551e-01,5.007838028016018406e-01,4.434850159129664626e-01
8.704413293803018314e-01,7.925558981614990728e-01,7.386690049237322198e-01,6.663212963299985914e-01,6.137544419988475441e-01,5.477716591180262773e-01,5.007642125136042566e-01,4.433149730410085310e-01
8.715112055282943082e-01,7.934210641454285673e-01,7.393645506131674150e-01,6.667902978730149144e-01,6.140588252139499437e-01,5.478847405131405113e-01,5.007454368908538234e-01,4.431457272749133591e-01
8.725830437382320337e-01,7.942881874375274931e-01,7.400617681350559751e-01,6.672606469767757842e-01,6.143643119598172220e-01,5.479987368303826933e-01,5.007274757107486041e-01,4.429772780938512344e-01
8.736568470633617745e-01,7.951572715413385284e-01,7.407606604755956337e-01,6.677323457938039164e-01,6.146709035687801803e-01,5.481136484473753123e-01,5.007103287574692363e-01,4.428096249800982376e-01
8.747326185616007832e-01,7.960283199733911852e-01,7.414612306428328692e-01,6.682053964972137772e-01,6.149786013902021065e-01,5.482294757523843431e-01,5.006939958219879250e-01,4.426427674190474004e-01
8.758103612955319139e-01,7.969013362632741959e-01,7.421634816668096768e-01,6.686798012808253810e-01,6.152874067905481636e-01,5.483462191443471134e-01,5.006784767020774352e-01,4.424767048992203078e-01
8.768900783323994030e-01,7.977763239537081219e-01,7.428674165997100065e-01,6.691555623592774227e-01,6.155973211534562228e-01,5.484638790329003921e-01,5.006637712023214171e-01,4.423114369122783107e-01
8.779717727441045394e-01,7.986532866006185172e-01,7.435730385160069789e-01,6.696326819681406306e-01,6.159083458798068067e-01,5.485824558384088112e-01,5.006498791341232879e-01,4.421469629530335177e-01
8.790554476072012235e-01,7.995322277732093141e-01,7.442803505126125430e-01,6.701111623640331194e-01,6.162204823877949211e-01,5.487019499919932874e-01,5.006368003157158908e-01,4.419832825194603410e-01
8.801411060028916378e-01,8.004131510540376526e-01,7.449893557090261353e-01,6.705910058247372962e-01,6.165337321130007764e-01,5.488223619355597771e-01,5.006245345721707096e-01,4.418203951127065432e-01
8.812287510170212501e-01,8.012960600390872656e-01,7.457000572474848932e-01,6.710722146493147688e-01,6.168480965084625067e-01,5.489436921218279197e-01,5.006130817354079721e-01,4.416583002371041178e-01
8.823183857400729302e-01,8.021809583378430863e-01,7.464124582931157548e-01,6.715547911582246954e-01,6.171635770447493341e-01,5.490659410143605701e-01,5.006024416442066416e-01,4.414969974001810016e-01
8.834100132671612871e-01,8.030678495733665212e-01,7.471265620340886704e-01,6.720387376934421342e-01,6.174801752100343988e-01,5.491891090875934411e-01,5.005926141442144095e-01,4.413364861126727323e-01
8.845036366980296716e-01,8.039567373823709451e-01,7.478423716817694800e-01,6.725240566185762825e-01,6.177978925101684782e-01,5.493131968268645249e-01,5.005835990879570208e-01,4.411767658885327181e-01
8.855992591370427380e-01,8.048476254152973075e-01,7.485598904708744561e-01,6.730107503189908247e-01,6.181167304687537056e-01,5.494382047284437354e-01,5.005753963348487101e-01,4.410178362449435063e-01
8.866968836931804487e-01,8.057405173363907380e-01,7.492791216596265125e-01,6.734988212019249465e-01,6.184366906272196207e-01,5.495641332995636619e-01,5.005680057512025272e-01,4.408596967023288293e-01
8.877965134800331892e-01,8.066354168237769295e-01,7.500000685299119674e-01,6.739882716966144605e-01,6.187577745448983313e-01,5.496909830584501000e-01,5.005614272102402174e-01,4.407023467843645403e-01
8.888981516157948848e-01,8.075323275695392988e-01,7.507227343874377512e-01,6.744791042544137083e-01,6.190799837991000087e-01,5.498187545343524718e-01,5.005556605921033242e-01,4.405457860179893270e-01
8.900018012232566722e-01,8.084312532797964801e-01,7.514471225618901684e-01,6.749713213489190178e-01,6.194033199851900484e-01,5.499474482675750231e-01,5.005507057838628482e-01,4.403900139334164243e-01
8.911074654298011266e-01,8.093321976747807067e-01,7.521732364070958798e-01,6.754649254760932697e-01,6.197277847166656750e-01,5.500770648095077986e-01,5.005465626795299050e-01,4.402350300641448277e-01
8.922151473673949340e-01,8.102351644889154159e-01,7.529010793011819969e-01,6.759599191543907981e-01,6.200533796252337693e-01,5.502076047226587274e-01,5.005432311800671608e-01,4.400808339469707287e-01
8.933248501725817858e-01,8.111401574708944073e-01,7.536306546467383960e-01,6.764563049248828452e-01,6.203801063608896937e-01,5.503390685806849314e-01,5.005407111933989350e-01,4.399274251219987830e-01
8.944365769864766058e-01,8.120471803837615576e-01,7.543619658709815878e-01,6.769540853513844603e-01,6.207079665919954525e-01,5.504714569684250325e-01,5.005390026344215260e-01,4.397748031326525475e-01
8.955503309547571122e-01,8.129562370049896458e-01,7.550950164259180308e-01,6.774532630205812866e-01,6.210369620053597384e-01,5.506047704819319044e-01,5.005381054250157558e-01,4.396229675256866365e-01
8.966661152276570457e-01,8.138673311265612886e-01,7.558298097885103317e-01,6.779538405421591252e-01,6.213670943063180907e-01,5.507390097285045361e-01,5.005380194940571847e-01,4.394719178511981572e-01
8.977839329599580642e-01,8.147804665550486547e-01,7.565663494608435569e-01,6.784558205489334970e-01,6.216983652188122766e-01,5.508741753267215602e-01,5.005387447774269916e-01,4.393216536626377566e-01
8.989037873109819721e-01,8.156956471116952878e-01,7.573046389702928760e-01,6.789592056969788736e-01,6.220307764854727806e-01,5.510102679064744491e-01,5.005402812180241856e-01,4.391721745168208901e-01
9.000256814445836140e-01,8.166128766324973753e-01,7.580446818696934264e-01,6.794639986657604602e-01,6.223643298677009605e-01,5.511472881090007103e-01,5.005426287657763762e-01,4.390234799739389793e-01
9.011496185291426597e-01,8.175321589682862378e-01,7.587864817375098436e-01,6.799702021582668676e-01,6.226990271457503168e-01,5.512852365869176374e-01,5.005457873776512079e-01,4.388755695975711801e-01
9.022756017375541671e-01,8.184534979848097080e-01,7.595300421780062372e-01,6.804778189011423395e-01,6.230348701188107574e-01,5.514241140042570599e-01,5.005497570176686839e-01,4.387284429546959297e-01
9.034036342472200332e-01,8.193768975628152873e-01,7.602753668214204952e-01,6.809868516448213116e-01,6.233718606050919764e-01,5.515639210364996492e-01,5.005545376569131566e-01,4.385820996157020479e-01
9.045337192400421111e-01,8.203023615981351879e-01,7.610224593241377011e-01,6.814973031636634149e-01,6.237100004419073862e-01,5.517046583706086693e-01,5.005601292735440966e-01,4.384365391543997847e-01
9.056658599024121070e-01,8.212298940017681570e-01,7.617713233688636620e-01,6.820091762560890336e-01,6.240492914857596052e-01,5.518463267050657262e-01,5.005665318528091934e-01,4.382917611480328102e-01
9.068000594252020319e-01,8.221594986999649635e-01,7.625219626648023219e-01,6.825224737447165291e-01,6.243897356124259446e-01,5.519889267499060725e-01,5.005737453870566789e-01,4.381477651772900939e-01
9.079363210037550980e-01,8.230911796343129971e-01,7.632743809478326202e-01,6.830371984765003512e-01,6.247313347170447839e-01,5.521324592267543574e-01,5.005817698757466516e-01,4.380045508263165632e-01
9.090746478378770590e-01,8.240249407618215338e-01,7.640285819806866829e-01,6.835533533228697056e-01,6.250740907142027236e-01,5.522769248688605970e-01,5.005906053254643995e-01,4.378621176827252048e-01
9.102150431318259960e-01,8.249607860550086658e-01,7.647845695531305665e-01,6.840709411798685524e-01,6.254180055380217373e-01,5.524223244211358130e-01,5.006002517499328341e-01,4.377204653376081667e-01
9.113575100943017704e-01,8.258987195019866778e-01,7.655423474821447805e-01,6.845899649682969379e-01,6.257630811422473238e-01,5.525686586401891143e-01,5.006107091700248146e-01,4.375795933855483599e-01
9.125020519384372530e-01,8.268387451065488669e-01,7.663019196121056975e-01,6.851104276338515486e-01,6.261093195003382128e-01,5.527159282943646668e-01,5.006219776137765809e-01,4.374395014246318381e-01
9.136486718817872221e-01,8.277808668882571386e-01,7.670632898149707390e-01,6.856323321472697074e-01,6.264567226055554050e-01,5.528641341637784423e-01,5.006340571164002995e-01,4.373001890564586214e-01
9.147973731463175939e-01,8.287250888825310469e-01,7.678264619904623389e-01,6.861556815044733693e-01,6.268052924710527662e-01,5.530132770403559661e-01,5.006469477202973861e-01,4.371616558861545210e-01
9.159481589583956529e-01,8.296714151407355020e-01,7.685914400662544610e-01,6.866804787267136723e-01,6.271550311299676217e-01,5.531633577278706193e-01,5.006606494750718284e-01,4.370239015223829071e-01
9.171010325487780612e-01,8.306198497302693662e-01,7.693582279981598937e-01,6.872067268607168211e-01,6.275059406355130154e-01,5.533143770419817198e-01,5.006751624375435084e-01,4.368869255773566995e-01
9.182559971526004228e-01,8.315703967346561587e-01,7.701268297703190990e-01,6.877344289788317466e-01,6.278580230610686375e-01,5.534663358102722697e-01,5.006904866717619695e-01,4.367507276668497473e-01
9.194130560093667359e-01,8.325230602536335400e-01,7.708972493953911709e-01,6.882635881791784316e-01,6.282112805002754152e-01,5.536192348722882572e-01,5.007066222490197394e-01,4.366153074102086529e-01
9.205722123629364040e-01,8.334778444032436839e-01,7.716694909147440162e-01,6.887942075857956814e-01,6.285657150671294380e-01,5.537730750795781809e-01,5.007235692478665401e-01,4.364806644303648175e-01
9.217334694615126889e-01,8.344347533159248709e-01,7.724435583986475340e-01,6.893262903487922255e-01,6.289213288960749937e-01,5.539278572957330171e-01,5.007413277541236107e-01,4.363467983538463213e-01
9.228968305576313869e-01,8.353937911406036365e-01,7.732194559464687922e-01,6.898598396444992620e-01,6.292781241421002703e-01,5.540835823964255225e-01,5.007598978608972518e-01,4.362137088107896910e-01
9.240622989081489491e-01,8.363549620427865872e-01,7.739971876868670941e-01,6.903948586756212258e-01,6.296361029808338339e-01,5.542402512694498684e-01,5.007792796685933689e-01,4.360813954349518351e-01
9.252298777742291591e-01,8.373182702046541026e-01,7.747767577779903769e-01,6.909313506713894437e-01,6.299952676086413295e-01,5.543978648147631638e-01,5.007994732849319064e-01,4.359498578637219790e-01
9.263995704213311422e-01,8.382837198251534838e-01,7.755581704076750515e-01,6.914693188877176766e-01,6.303556202427214039e-01,5.545564239445259780e-01,5.008204788249613904e-01,4.358190957381335995e-01
9.275713801191967089e-01,8.392513151200929888e-01,7.763414297936446218e-01,6.920087666073573285e-01,6.307171631212048490e-01,5.547159295831437520e-01,5.008422964110741393e-01,4.356891087028766929e-01
9.287453101418365886e-01,8.402210603222364238e-01,7.771265401837103015e-01,6.925496971400543211e-01,6.310798985032534114e-01,5.548763826673088762e-01,5.008649261730205859e-01,4.355598964063098211e-01
9.299213637675175503e-01,8.411929596813976229e-01,7.779135058559754068e-01,6.930921138227069678e-01,6.314438286691591573e-01,5.550377841460423234e-01,5.008883682479253752e-01,4.354314585004726013e-01
9.310995442787493026e-01,8.421670174645383700e-01,7.787023311190387487e-01,6.936360200195257342e-01,6.318089559204451700e-01,5.552001349807359487e-01,5.009126227803017972e-01,4.353037946410969194e-01
9.322798549622700603e-01,8.431432379558637669e-01,7.794930203121998025e-01,6.941814191221938879e-01,6.321752825799662467e-01,5.553634361451951218e-01,5.009376899220671087e-01,4.351769044876197534e-01
9.334622991090342214e-01,8.441216254569189337e-01,7.802855778056659863e-01,6.947283145500274815e-01,6.325428109920104847e-01,5.555276886256826918e-01,5.009635698325588526e-01,4.350507877031955517e-01
9.346468800141970457e-01,8.451021842866875966e-01,7.810800080007619384e-01,6.952767097501388882e-01,6.329115435224021979e-01,5.556928934209616200e-01,5.009902626785498470e-01,4.349254439547083351e-01
9.358336009770991115e-01,8.460849187816894545e-01,7.818763153301379054e-01,6.958266081976002271e-01,6.332814825586052798e-01,5.558590515423387224e-01,5.010177686342648373e-01,4.348008729127845196e-01
9.370224653012534377e-01,8.470698332960796550e-01,7.826745042579823508e-01,6.963780133956087859e-01,6.336526305098276746e-01,5.560261640137100780e-01,5.010460878813963737e-01,4.346770742518047403e-01
9.382134762943307171e-01,8.480569322017486034e-01,7.834745792802352282e-01,6.969309288756538878e-01,6.340249898071256274e-01,5.561942318716045497e-01,5.010752206091207972e-01,4.345540476499164528e-01
9.394066372681428856e-01,8.490462198884221046e-01,7.842765449248013665e-01,6.974853581976826478e-01,6.343985629035099327e-01,5.563632561652296360e-01,5.011051670141151160e-01,4.344317927890463671e-01
9.406019515386287999e-01,8.500377007637611726e-01,7.850804057517681844e-01,6.980413049502690592e-01,6.347733522740529599e-01,5.565332379565166576e-01,5.011359273005733250e-01,4.343103093549132709e-01
9.417994224258395830e-01,8.510313792534648369e-01,7.858861663536221842e-01,6.985987727507848577e-01,6.351493604159940132e-01,5.567041783201654992e-01,5.011675016802231708e-01,4.341895970370403535e-01
9.429990532539206383e-01,8.520272598013721721e-01,7.866938313554677764e-01,6.991577652455703840e-01,6.355265898488492438e-01,5.568760783436921269e-01,5.011998903723435816e-01,4.340696555287683056e-01
9.442008473510969946e-01,8.530253468695639940e-01,7.875034054152491025e-01,6.997182861101056695e-01,6.359050431145205629e-01,5.570489391274748847e-01,5.012330936037813212e-01,4.339504845272675881e-01
9.454048080496572082e-01,8.540256449384673321e-01,7.883148932239719686e-01,7.002803390491845192e-01,6.362847227774042214e-01,5.572227617848009018e-01,5.012671116089687517e-01,4.338320837335510327e-01
9.466109386859363761e-01,8.550281585069594570e-01,7.891282995059271110e-01,7.008439277970898162e-01,6.366656314245026094e-01,5.573975474419142762e-01,5.013019446299412651e-01,4.337144528524876086e-01
9.478192426002992610e-01,8.560328920924722418e-01,7.899436290189172372e-01,7.014090561177693806e-01,6.370477716655350564e-01,5.575732972380635921e-01,5.013375929163547129e-01,4.335975915928143576e-01
9.490297231371243036e-01,8.570398502310978550e-01,7.907608865544832888e-01,7.019757278050133831e-01,6.374311461330496309e-01,5.577500123255495490e-01,5.013740567255037250e-01,4.334814996671494947e-01
9.502423836447854155e-01,8.580490374776950091e-01,7.915800769381329260e-01,7.025439466826329804e-01,6.378157574825368270e-01,5.579276938697739219e-01,5.014113363223393627e-01,4.333661767920056196e-01
9.514572274756345482e-01,8.590604584059954307e-01,7.924012050295714538e-01,7.031137166046393938e-01,6.382016083925444727e-01,5.581063430492891886e-01,5.014494319794877697e-01,4.332516226878026511e-01
9.526742579859848181e-01,8.600741176087115525e-01,7.932242757229338581e-01,7.036850414554255417e-01,6.385887015647910836e-01,5.582859610558477126e-01,5.014883439772686025e-01,4.331378370788812049e-01
9.538934785360908553e-01,8.610900196976449816e-01,7.940492939470185085e-01,7.042579251499494486e-01,6.389770397242806599e-01,5.584665490944505928e-01,5.015280726037134595e-01,4.330248196935154725e-01
9.551148924901318171e-01,8.621081693037956351e-01,7.948762646655231912e-01,7.048323716339178757e-01,6.393666256194212583e-01,5.586481083833982897e-01,5.015686181545848665e-01,4.329125702639265438e-01
9.563385032161931809e-01,8.631285710774706521e-01,7.957051928772818084e-01,7.054083848839706183e-01,6.397574620221417874e-01,5.588306401543429169e-01,5.016099809333954829e-01,4.328010885262957297e-01
9.575643140862472036e-01,8.641512296883946398e-01,7.965360836165032987e-01,7.059859689078678002e-01,6.401495517280093583e-01,5.590141456523376462e-01,5.016521612514273087e-01,4.326903742207777182e-01
9.587923284761342702e-01,8.651761498258216943e-01,7.973689419530124445e-01,7.065651277446778344e-01,6.405428975563492999e-01,5.591986261358882215e-01,5.016951594277503368e-01,4.325804270915141192e-01
9.600225497655432427e-01,8.662033361986466451e-01,7.982037729924914560e-01,7.071458654649658282e-01,6.409375023503649516e-01,5.593840828770061391e-01,5.017389757892434243e-01,4.324712468866471760e-01
9.612549813379922536e-01,8.672327935355175210e-01,7.990405818767249979e-01,7.077281861709848743e-01,6.413333689772586776e-01,5.595705171612600504e-01,5.017836106706139443e-01,4.323628333583333649e-01
9.624896265808087215e-01,8.682645265849492366e-01,7.998793737838461038e-01,7.083120939968683416e-01,6.417305003283528819e-01,5.597579302878287200e-01,5.018290644144168811e-01,4.322551862627566077e-01
9.637264888851094780e-01,8.692985401154369463e-01,8.007201539285829783e-01,7.088975931088230542e-01,6.421288993192134642e-01,5.599463235695548713e-01,5.018753373710759247e-01,4.321483053601419266e-01
9.649655716457801180e-01,8.703348389155710629e-01,8.015629275625089090e-01,7.094846877053234691e-01,6.425285688897740544e-01,5.601356983329984773e-01,5.019224298989037880e-01,4.320421904147695447e-01
9.662068782614545714e-01,8.713734277941529438e-01,8.024076999742933980e-01,7.100733820173082966e-01,6.429295120044592471e-01,5.603260559184909395e-01,5.019703423641228568e-01,4.319368411949888187e-01
9.674504121344947860e-01,8.724143115803110193e-01,8.032544764899555156e-01,7.106636803083785647e-01,6.433317316523106122e-01,5.605173976801899327e-01,5.020190751408860619e-01,4.318322574732319508e-01
9.686961766709686339e-01,8.734574951236178109e-01,8.041032624731189182e-01,7.112555868749966814e-01,6.437352308471134821e-01,5.607097249861344723e-01,5.020686286112975294e-01,4.317284390260277549e-01
9.699441752806279293e-01,8.745029832942080583e-01,8.049540633252675326e-01,7.118491060466864973e-01,6.441400126275236282e-01,5.609030392183003144e-01,5.021190031654345631e-01,4.316253856340160344e-01
9.711944113768876674e-01,8.755507809828972920e-01,8.058068844860055702e-01,7.124442421862349217e-01,6.445460800571962690e-01,5.610973417726555779e-01,5.021701992013690719e-01,4.315230970819614598e-01
9.724468883768044858e-01,8.766008931013005157e-01,8.066617314333170974e-01,7.130409996898958713e-01,6.449534362249147446e-01,5.612926340592179208e-01,5.022222171251887746e-01,4.314215731587678904e-01
9.737016097010534610e-01,8.776533245819527762e-01,8.075186096838277150e-01,7.136393829875954387e-01,6.453620842447208572e-01,5.614889175021110512e-01,5.022750573510195160e-01,4.313208136574928631e-01
9.749585787739056819e-01,8.787080803784301786e-01,8.083775247930704566e-01,7.142393965431379499e-01,6.457720272560459884e-01,5.616861935396224581e-01,5.023287203010476931e-01,4.312208183753614144e-01
9.762177990232057123e-01,8.797651654654715658e-01,8.092384823557509099e-01,7.148410448544139095e-01,6.461832684238428826e-01,5.618844636242609214e-01,5.023832064055420155e-01,4.311215871137808464e-01
9.774792738803472769e-01,8.808245848391019761e-01,8.101014880060151135e-01,7.154443324536089444e-01,6.465958109387198727e-01,5.620837292228150206e-01,5.024385161028763758e-01,4.310231196783556040e-01
9.787430067802513900e-01,8.818863435167547671e-01,8.109665474177201183e-01,7.160492639074154120e-01,6.470096580170738854e-01,5.622839918164118655e-01,5.024946498395529426e-01,4.309254158789010414e-01
9.800090011613417085e-01,8.829504465373958499e-01,8.118336663047058810e-01,7.166558438172448975e-01,6.474248129012253328e-01,5.624852529005761603e-01,5.025516080702249200e-01,4.308284755294583546e-01
9.812772604655202180e-01,8.840168989616496997e-01,8.127028504210694893e-01,7.172640768194413763e-01,6.478412788595553362e-01,5.626875139852904883e-01,5.026093912577200840e-01,4.307322984483099582e-01
9.825477881381443623e-01,8.850857058719248105e-01,8.135741055614403860e-01,7.178739675854977076e-01,6.482590591866423946e-01,5.628907765950550424e-01,5.026679998730639864e-01,4.306368844579935296e-01
9.838205876279999540e-01,8.861568723725398167e-01,8.144474375612584804e-01,7.184855208222721279e-01,6.486781572033994969e-01,5.630950422689489088e-01,5.027274343955038249e-01,4.305422333853173855e-01
9.850956623872780815e-01,8.872304035898520569e-01,8.153228522970545900e-01,7.190987412722071870e-01,6.490985762572137885e-01,5.633003125606910189e-01,5.027876953125322013e-01,4.304483450613751372e-01
9.863730158715495744e-01,8.883063046723849165e-01,8.162003556867325482e-01,7.197136337135492390e-01,6.495203197220876801e-01,5.635065890387015441e-01,5.028487831199119906e-01,4.303552193215606225e-01
9.876526515397388017e-01,8.893845807909577239e-01,8.170799536898526449e-01,7.203302029605711532e-01,6.499433909987786251e-01,5.637138732861646240e-01,5.029106983217002114e-01,4.302628560055840046e-01
9.889345728540975822e-01,8.904652371388163123e-01,8.179616523079176194e-01,7.209484538637960238e-01,6.503677935149417833e-01,5.639221669010913152e-01,5.029734414302725609e-01,4.301712549574866484e-01
9.902187832801793155e-01,8.915482789317626944e-01,8.188454575846613182e-01,7.215683913102207692e-01,6.507935307252737944e-01,5.641314714963824306e-01,5.030370129663487289e-01,4.300804160256556097e-01
9.915052862868134476e-01,8.926337114082880664e-01,8.197313756063386858e-01,7.221900202235438382e-01,6.512206061116561084e-01,5.643417886998921551e-01,5.031014134590174880e-01,4.299903390628398436e-01
9.927940853460777149e-01,8.937215398297057023e-01,8.206194125020186414e-01,7.228133455643943606e-01,6.516490231833006463e-01,5.645531201544922162e-01,5.031666434457618964e-01,4.299010239261657484e-01
9.940851839332707218e-01,8.948117694802840694e-01,8.215095744438782877e-01,7.234383723305610747e-01,6.520787854768961278e-01,5.647654675181370543e-01,5.032327034724846104e-01,4.298124704771524307e-01
9.953785855268841853e-01,8.959044056673810541e-01,8.224018676474986744e-01,7.240651055572239203e-01,6.525098965567562859e-01,5.649788324639296588e-01,5.032995940935345303e-01,4.297246785817279147e-01
9.966742936085761784e-01,8.969994537215798536e-01,8.232962983721646699e-01,7.246935503171871851e-01,6.529423600149679707e-01,5.651932166801861834e-01,5.033673158717328899e-01,4.296376481102444633e-01
9.979723116631422641e-01,8.980969189968253108e-01,8.241928729211661642e-01,7.253237117211154272e-01,6.533761794715402527e-01,5.654086218705026701e-01,5.034358693783987926e-01,4.295513789374946212e-01
9.992726431784868524e-01,8.991968068705613604e-01,8.250915976421006048e-01,7.259555949177699530e-01,6.538113585745555234e-01,5.656250497538222177e-01,5.035052551933761888e-01,4.294658709427271459e-01
1.000575291645595444e+00,9.002991227438693622e-01,8.259924789271776424e-01,7.265892050942464042e-01,6.542479010003219297e-01,5.658425020645025949e-01,5.035754739050608553e-01,4.293811240096633286e-01
1.001880260558503988e+00,9.014038720416066575e-01,8.268955232135275502e-01,7.272245474762155659e-01,6.546858104535261402e-01,5.660609805523838522e-01,5.036465261104277058e-01,4.292971380265133141e-01
1.003187553414270239e+00,9.025110602125469006e-01,8.278007369835116425e-01,7.278616273281655058e-01,6.551250906673862229e-01,5.662804869828561571e-01,5.037184124150579922e-01,4.292139128859915331e-01
1.004497173712944225e+00,9.036206927295218350e-01,8.287081267650338035e-01,7.285004499536458233e-01,6.555657454038075205e-01,5.665010231369297378e-01,5.037911334331669488e-01,4.291314484853336331e-01
1.005809124957536937e+00,9.047327750895618470e-01,8.296176991318541249e-01,7.291410206955106776e-01,6.560077784535399692e-01,5.667225908113044941e-01,5.038646897876314368e-01,4.290497447263135755e-01
1.007123410653990359e+00,9.058473128140394071e-01,8.305294607039056531e-01,7.297833449361682545e-01,6.564511936363340849e-01,5.669451918184397199e-01,5.039390821100181439e-01,4.289688015152594014e-01
1.008440034311147038e+00,9.069643114488138425e-01,8.314434181476145769e-01,7.304274280978294565e-01,6.568959948011000582e-01,5.671688279866241578e-01,5.040143110406122284e-01,4.288886187630697733e-01
1.009758999440719007e+00,9.080837765643754445e-01,8.323595781762203050e-01,7.310732756427577028e-01,6.573421858260686257e-01,5.673935011600481637e-01,5.040903772284457407e-01,4.288091963852312394e-01
1.011080309557254919e+00,9.092057137559912405e-01,8.332779475500988742e-01,7.317208930735225048e-01,6.577897706189503868e-01,5.676192131988756495e-01,5.041672813313267110e-01,4.287305343018353865e-01
1.012403968178108515e+00,9.103301286438519879e-01,8.341985330770901319e-01,7.323702859332529291e-01,6.582387531170986739e-01,5.678459659793156922e-01,5.042450240158680153e-01,4.286526324375951047e-01
1.013729978823407540e+00,9.114570268732206104e-01,8.351213416128248079e-01,7.330214598058947262e-01,6.586891372876729767e-01,5.680737613936953645e-01,5.043236059575173513e-01,4.285754907218619625e-01
1.015058345016019548e+00,9.125864141145796360e-01,8.360463800610555829e-01,7.336744203164676792e-01,6.591409271278032556e-01,5.683026013505342311e-01,5.044030278405866596e-01,4.284991090886438037e-01
1.016389070281519258e+00,9.137182960637816320e-01,8.369736553739901552e-01,7.343291731313261739e-01,6.595941266647555867e-01,5.685324877746175121e-01,5.044832903582818773e-01,4.284234874766215673e-01
1.017722158148155698e+00,9.148526784422010838e-01,8.379031745526267505e-01,7.349857239584214330e-01,6.600487399560983626e-01,5.687634226070704679e-01,5.045643942127338022e-01,4.283486258291667736e-01
1.019057612146818448e+00,9.159895669968851628e-01,8.388349446470922954e-01,7.356440785475646393e-01,6.605047710898710456e-01,5.689954078054346720e-01,5.046463401150279582e-01,4.282745240943593990e-01
1.020395435811003004e+00,9.171289675007071596e-01,8.397689727569828122e-01,7.363042426906927229e-01,6.609622241847536994e-01,5.692284453437430614e-01,5.047291287852354591e-01,4.282011822250052502e-01
1.021735632676775474e+00,9.182708857525196944e-01,8.407052660317060333e-01,7.369662222221357029e-01,6.614211033902374082e-01,5.694625372125965423e-01,5.048127609524447612e-01,4.281286001786537287e-01
1.023078206282738822e+00,9.194153275773103706e-01,8.416438316708264589e-01,7.376300230188864715e-01,6.618814128867960278e-01,5.696976854192409290e-01,5.048972373547924164e-01,4.280567779176158161e-01
1.024423160169997127e+00,9.205622988263575390e-01,8.425846769244147438e-01,7.382956510008730211e-01,6.623431568860579377e-01,5.699338919876439924e-01,5.049825587394950466e-01,4.279857154089820592e-01
1.025770497882120491e+00,9.217118053773871722e-01,8.435278090933966411e-01,7.389631121312305595e-01,6.628063396309823441e-01,5.701711589585745088e-01,5.050687258628814291e-01,4.279154126246406120e-01
1.027120222965108187e+00,9.228638531347319596e-01,8.444732355299058302e-01,7.396324124165770675e-01,6.632709653960344731e-01,5.704094883896815293e-01,5.051557394904240272e-01,4.278458695412952761e-01
1.028472338967352018e+00,9.240184480294895142e-01,8.454209636376408543e-01,7.403035579072921868e-01,6.637370384873602092e-01,5.706488823555720957e-01,5.052436003967716305e-01,4.277770861404842084e-01
1.029826849439600123e+00,9.251755960196829109e-01,8.463710008722223899e-01,7.409765546977957751e-01,6.642045632429663948e-01,5.708893429478919535e-01,5.053323093657826615e-01,4.277090624085981840e-01
1.031183757934919676e+00,9.263353030904223351e-01,8.473233547415538469e-01,7.416514089268291254e-01,6.646735440328996880e-01,5.711308722754064870e-01,5.054218671905582605e-01,4.276417983368992481e-01
1.032543068008658693e+00,9.274975752540675078e-01,8.482780328061857444e-01,7.423281267777380732e-01,6.651439852594271951e-01,5.713734724640814333e-01,5.055122746734747041e-01,4.275752939215392567e-01
1.033904783218407841e+00,9.286624185503914441e-01,8.492350426796805296e-01,7.430067144787592115e-01,6.656158913572185476e-01,5.716171456571658149e-01,5.056035326262177110e-01,4.275095491635786948e-01
1.035268907123962911e+00,9.298298390467447661e-01,8.501943920289813938e-01,7.436871783033078831e-01,6.660892667935283118e-01,5.718618940152734309e-01,5.056956418698169697e-01,4.274445640690057724e-01
1.036635443287285296e+00,9.309998428382214586e-01,8.511560885747845306e-01,7.443695245702669494e-01,6.665641160683817290e-01,5.721077197164657901e-01,5.057886032346794458e-01,4.273803386487554090e-01
1.038004395272462688e+00,9.321724360478261806e-01,8.521201400919132807e-01,7.450537596442796673e-01,6.670404437147602339e-01,5.723546249563365995e-01,5.058824175606243534e-01,4.273168729187285519e-01
1.039375766645668886e+00,9.333476248266427966e-01,8.530865544096938313e-01,7.457398899360425659e-01,6.675182542987887491e-01,5.726026119480958076e-01,5.059770856969176833e-01,4.272541668998112718e-01
1.040749560975124499e+00,9.345254153540031306e-01,8.540553394123354680e-01,7.464279219026016543e-01,6.679975524199245340e-01,5.728516829226544260e-01,5.060726085023076193e-01,4.271922206178943582e-01
1.042125781831055864e+00,9.357058138376566081e-01,8.550265030393131571e-01,7.471178620476509602e-01,6.684783427111469223e-01,5.731018401287110153e-01,5.061689868450602869e-01,4.271310341038930258e-01
1.043504432785653302e+00,9.368888265139424520e-01,8.560000532857520161e-01,7.478097169218328455e-01,6.689606298391492789e-01,5.733530858328375057e-01,5.062662216029952811e-01,4.270706073937661773e-01
1.044885517413031595e+00,9.380744596479625441e-01,8.569759982028158918e-01,7.485034931230405419e-01,6.694444185045305140e-01,5.736054223195656832e-01,5.063643136635209707e-01,4.270109405285364979e-01
1.046269039289186464e+00,9.392627195337555079e-01,8.579543458980974924e-01,7.491991972967221303e-01,6.699297134419907040e-01,5.738588518914752301e-01,5.064632639236716916e-01,4.269520335543107725e-01
1.047655001991952606e+00,9.404536124944720132e-01,8.589351045360126280e-01,7.498968361361890711e-01,6.704165194205258249e-01,5.741133768692823214e-01,5.065630732901446054e-01,4.268938865222993151e-01
1.049043409100961721e+00,9.416471448825503021e-01,8.599182823381963381e-01,7.505964163829241809e-01,6.709048412436249276e-01,5.743689995919289970e-01,5.066637426793356713e-01,4.268364994888364516e-01
1.050434264197597889e+00,9.428433230798932696e-01,8.609038875839024607e-01,7.512979448268926053e-01,6.713946837494686459e-01,5.746257224166716471e-01,5.067652730173782816e-01,4.267798725154011708e-01
1.051827570864955153e+00,9.440421534980473206e-01,8.618919286104055333e-01,7.520014283068561234e-01,6.718860518111292590e-01,5.748835477191721610e-01,5.068676652401801208e-01,4.267240056686371630e-01
1.053223332687792668e+00,9.452436425783832252e-01,8.628824138134062460e-01,7.527068737106894503e-01,6.723789503367720854e-01,5.751424778935890769e-01,5.069709202934613579e-01,4.266688990203740262e-01
1.054621553252490518e+00,9.464477967922775292e-01,8.638753516474405592e-01,7.534142879756985378e-01,6.728733842698569889e-01,5.754025153526686198e-01,5.070750391327921713e-01,4.266145526476477490e-01
1.056022236147004634e+00,9.476546226412927432e-01,8.648707506262892641e-01,7.541236780889396529e-01,6.733693585893438804e-01,5.756636625278375163e-01,5.071800227236322733e-01,4.265609666327212501e-01
1.057425384960821058e+00,9.488641266573626387e-01,8.658686193233930961e-01,7.548350510875434516e-01,6.738668783098976656e-01,5.759259218692961424e-01,5.072858720413697675e-01,4.265081410631058612e-01
1.058831003284910421e+00,9.500763154029771007e-01,8.668689663722698446e-01,7.555484140590399411e-01,6.743659484820961891e-01,5.761892958461121150e-01,5.073925880713594516e-01,4.264560760315825316e-01
1.060239094711681096e+00,9.512911954713672014e-01,8.678718004669343511e-01,7.562637741416864401e-01,6.748665741926385131e-01,5.764537869463149944e-01,5.075001718089635627e-01,4.264047716362231455e-01
1.061649662834932561e+00,9.525087734866939382e-01,8.688771303623220588e-01,7.569811385247973146e-01,6.753687605645543046e-01,5.767193976769918740e-01,5.076086242595909681e-01,4.263542279804120039e-01
1.063062711249807446e+00,9.537290561042354176e-01,8.698849648747153385e-01,7.577005144490754907e-01,6.758725127574167768e-01,5.769861305643825267e-01,5.077179464387375774e-01,4.263044451728671969e-01
1.064478243552744452e+00,9.549520500105770360e-01,8.708953128821734779e-01,7.584219092069476309e-01,6.763778359675559626e-01,5.772539881539759943e-01,5.078281393720271986e-01,4.262554233276628080e-01
1.065896263341429728e+00,9.561777619238034376e-01,8.719081833249645586e-01,7.591453301429020861e-01,6.768847354282723217e-01,5.775229730106090642e-01,5.079392040952521725e-01,4.262071625642506190e-01
1.067316774214748243e+00,9.574061985936910268e-01,8.729235852060016621e-01,7.598707846538284016e-01,6.773932164100530118e-01,5.777930877185634140e-01,5.080511416544141179e-01,4.261596630074819259e-01
1.068739779772734044e+00,9.586373668019012584e-01,8.739415275912820746e-01,7.605982801893583778e-01,6.779032842207910470e-01,5.780643348816644211e-01,5.081639531057663417e-01,4.261129247876304094e-01
1.070165283616520524e+00,9.598712733621762583e-01,8.749620196103293779e-01,7.613278242522121264e-01,6.784149442060039004e-01,5.783367171233815274e-01,5.082776395158553617e-01,4.260669480404140619e-01
1.071593289348290012e+00,9.611079251205343343e-01,8.759850704566385371e-01,7.620594243985437943e-01,6.789282017490546606e-01,5.786102370869278255e-01,5.083922019615635390e-01,4.260217329070177805e-01
1.073023800571223152e+00,9.623473289554678178e-01,8.770106893881250976e-01,7.627930882382915057e-01,6.794430622713755197e-01,5.788848974353614230e-01,5.085076415301514885e-01,4.259772795341160156e-01
1.074456820889447384e+00,9.635894917781444580e-01,8.780388857275780445e-01,7.635288234355306347e-01,6.799595312326904839e-01,5.791607008516871380e-01,5.086239593193001562e-01,4.259335880738955860e-01
1.075892353907984988e+00,9.648344205326057077e-01,8.790696688631136624e-01,7.642666377088276342e-01,6.804776141312417481e-01,5.794376500389591955e-01,5.087411564371555617e-01,4.258906586840791042e-01
1.077330403232701350e+00,9.660821221959687843e-01,8.801030482486342787e-01,7.650065388315976378e-01,6.809973165040176246e-01,5.797157477203846998e-01,5.088592340023720961e-01,4.258484915279476257e-01
1.078770972470251666e+00,9.673326037786310616e-01,8.811390334042913386e-01,7.657485346324643949e-01,6.815186439269815821e-01,5.799949966394275513e-01,5.089781931441559326e-01,4.258070867743640187e-01
1.080214065228027209e+00,9.685858723244734625e-01,8.821776339169498105e-01,7.664926329956228690e-01,6.820416020153031722e-01,5.802753995599133630e-01,5.090980350023102119e-01,4.257664445977967227e-01
1.081659685114101599e+00,9.698419349110662946e-01,8.832188594406571447e-01,7.672388418612045013e-01,6.825661964235901769e-01,5.805569592661351530e-01,5.092187607272788963e-01,4.257265651783432303e-01
1.083107835737176616e+00,9.711007986498784161e-01,8.842627196971167836e-01,7.679871692256449167e-01,6.830924328461225326e-01,5.808396785629597048e-01,5.093403714801927329e-01,4.256874487017538455e-01
1.084558520706526918e+00,9.723624706864854028e-01,8.853092244761627816e-01,7.687376231420551820e-01,6.836203170170882526e-01,5.811235602759348140e-01,5.094628684329143287e-01,4.256490953594554982e-01
1.086011743631944304e+00,9.736269582007784917e-01,8.863583836362387558e-01,7.694902117205938419e-01,6.841498547108219030e-01,5.814086072513976466e-01,5.095862527680837806e-01,4.256115053485762245e-01
1.087467508123681981e+00,9.748942684071770781e-01,8.874102071048807217e-01,7.702449431288438397e-01,6.846810517420436337e-01,5.816948223565836518e-01,5.097105256791658601e-01,4.255746788719694806e-01
1.088925817792397721e+00,9.761644085548418781e-01,8.884647048792045920e-01,7.710018255921921027e-01,6.852139139660986533e-01,5.819822084797354744e-01,5.098356883704956433e-01,4.255386161382381793e-01
1.090386676249096132e+00,9.774373859278897569e-01,8.895218870263948974e-01,7.717608673942091269e-01,6.857484472792017005e-01,5.822707685302134228e-01,5.099617420573256954e-01,4.255033173617596143e-01
1.091850087105072253e+00,9.787132078456101114e-01,8.905817636841977247e-01,7.725220768770347801e-01,6.862846576186812930e-01,5.825605054386077120e-01,5.100886879658734774e-01,4.254687827627102736e-01
1.093316053971852053e+00,9.799918816626814744e-01,8.916443450614195410e-01,7.732854624417654366e-01,6.868225509632250869e-01,5.828514221568502629e-01,5.102165273333687523e-01,4.254350125670906535e-01
1.094784580461133805e+00,9.812734147693898956e-01,8.927096414384259049e-01,7.740510325488431098e-01,6.873621333331292327e-01,5.831435216583270575e-01,5.103452614081022132e-01,4.254020070067507375e-01
1.096255670184728581e+00,9.825578145918510975e-01,8.937776631676472849e-01,7.748187957184486940e-01,6.879034107905477313e-01,5.834368069379921584e-01,5.104748914494738887e-01,4.253697663194151990e-01
1.097729326754500745e+00,9.838450885922321865e-01,8.948484206740875413e-01,7.755887605308985355e-01,6.884463894397433448e-01,5.837312810124822837e-01,5.106054187280417711e-01,4.253382907487082698e-01
1.099205553782306000e+00,9.851352442689732536e-01,8.959219244558339623e-01,7.763609356270426698e-01,6.889910754273417259e-01,5.840269469202324926e-01,5.107368445255709988e-01,4.253075805441802193e-01
1.100684354879931215e+00,9.864282891570143041e-01,8.969981850845740734e-01,7.771353297086657230e-01,6.895374749425877692e-01,5.843238077215924253e-01,5.108691701350835945e-01,4.252776359613331669e-01
1.102165733659032920e+00,9.877242308280211880e-01,8.980772132061153323e-01,7.779119515388920325e-01,6.900855942176017388e-01,5.846218664989433211e-01,5.110023968609092027e-01,4.252484572616467839e-01
1.103649693731073800e+00,9.890230768906133063e-01,8.991590195409074893e-01,7.786908099425934315e-01,6.906354395276382840e-01,5.849211263568160346e-01,5.111365260187343829e-01,4.252200447126046612e-01
1.105136238707260965e+00,9.903248349905932058e-01,9.002436148845703867e-01,7.794719138067991437e-01,6.911870171913481187e-01,5.852215904220100517e-01,5.112715589356540136e-01,4.251923985877206214e-01
1.106625372198481116e+00,9.916295128111778379e-01,9.013310101084245352e-01,7.802552720811094522e-01,6.917403335710406997e-01,5.855232618437131720e-01,5.114074969502223622e-01,4.251655191665654199e-01
1.108117097815236818e+00,9.929371180732319280e-01,9.024212161600263515e-01,7.810408937781128103e-01,6.922953950729486827e-01,5.858261437936219673e-01,5.115443414125048216e-01,4.251394067347935013e-01
1.109611419167582103e+00,9.942476585355014551e-01,9.035142440637068395e-01,7.818287879738052837e-01,6.928522081474948191e-01,5.861302394660639070e-01,5.116820936841303125e-01,4.251140615841698667e-01
1.111108339865056749e+00,9.955611419948501295e-01,9.046101049211141554e-01,7.826189638080137678e-01,6.934107792895607414e-01,5.864355520781190378e-01,5.118207551383431309e-01,4.250894840125969965e-01
1.112607863516619888e+00,9.968775762864950929e-01,9.057088099117605040e-01,7.834114304848204258e-01,6.939711150387583016e-01,5.867420848697435520e-01,5.119603271600563499e-01,4.250656743241430502e-01
1.114109993730583170e+00,9.981969692842480590e-01,9.068103702935731425e-01,7.842061972729928998e-01,6.945332219797014650e-01,5.870498411038946873e-01,5.121008111459045553e-01,4.250426328290687339e-01
1.115614734114543927e+00,9.995193289007558990e-01,9.079147974034494917e-01,7.850032735064172984e-01,6.950971067422805350e-01,5.873588240666551830e-01,5.122422085042975803e-01,4.250203598438545005e-01
1.117122088275317449e+00,1.000844663087741671e+00,9.090221026578161334e-01,7.858026685845319603e-01,6.956627760019397089e-01,5.876690370673590680e-01,5.123845206554751286e-01,4.249988556912297488e-01
1.118632059818867708e+00,1.002172979836249533e+00,9.101322975531916937e-01,7.866043919727672140e-01,6.962302364799547449e-01,5.879804834387193369e-01,5.125277490315609530e-01,4.249781207002002459e-01
1.120144652350238079e+00,1.003504287176889331e+00,9.112453936667541665e-01,7.874084532029865802e-01,6.967994949437147367e-01,5.882931665369558472e-01,5.126718950766180338e-01,4.249581552060762712e-01
1.121659869473481841e+00,1.004838593180085615e+00,9.123614026569132340e-01,7.882148618739327484e-01,6.973705582070045539e-01,5.886070897419237724e-01,5.128169602467036459e-01,4.249389595505014272e-01
1.123177714791591342e+00,1.006175905956325112e+00,9.134803362638852509e-01,7.890236276516758851e-01,6.979434331302896144e-01,5.889222564572433871e-01,5.129629460099248695e-01,4.249205340814807830e-01
1.124698191906426725e+00,1.007516233656407412e+00,9.146022063102724475e-01,7.898347602700643844e-01,6.985181266210028772e-01,5.892386701104316282e-01,5.131098538464957670e-01,4.249028791534106841e-01
1.126221304418644653e+00,1.008859584471697879e+00,9.157270247016489062e-01,7.906482695311818354e-01,6.990946456338331672e-01,5.895563341530331014e-01,5.132576852487936714e-01,4.248859951271077851e-01
1.127747055927624364e+00,1.010205966634381003e+00,9.168548034271488678e-01,7.914641653058044346e-01,6.996729971710178297e-01,5.898752520607525307e-01,5.134064417214158071e-01,4.248698823698378035e-01
1.129275450031395511e+00,1.011555388417717083e+00,9.179855545600592581e-01,7.922824575338632824e-01,7.002531882826350529e-01,5.901954273335892065e-01,5.135561247812375774e-01,4.248545412553449974e-01
1.130806490326564218e+00,1.012907858136298689e+00,9.191192902584169877e-01,7.931031562249100109e-01,7.008352260668998523e-01,5.905168634959714336e-01,5.137067359574704062e-01,4.248399721638823068e-01
1.132340180408237584e+00,1.014263384146310010e+00,9.202560227656112479e-01,7.939262714585848535e-01,7.014191176704613895e-01,5.908395640968918672e-01,5.138582767917193594e-01,4.248261754822414416e-01
1.133876523869949304e+00,1.015621974845787756e+00,9.213957644109905809e-01,7.947518133850908217e-01,7.020048702887018433e-01,5.911635327100438486e-01,5.140107488380428746e-01,4.248131516037825794e-01
1.135415524303583279e+00,1.016983638674884505e+00,9.225385276104723919e-01,7.955797922256687693e-01,7.025924911660406114e-01,5.914887729339598499e-01,5.141641536630121578e-01,4.248009009284651194e-01
1.136957185299296791e+00,1.018348384116132710e+00,9.236843248671586792e-01,7.964102182730760093e-01,7.031819875962376232e-01,5.918152883921500296e-01,5.143184928457704697e-01,4.247894238628780461e-01
1.138501510445442566e+00,1.019716219694710713e+00,9.248331687719564265e-01,7.972431018920702606e-01,7.037733669226995392e-01,5.921430827332414548e-01,5.144737679780937434e-01,4.247787208202706277e-01
1.140048503328490614e+00,1.021087153978710971e+00,9.259850720042022143e-01,7.980784535198972574e-01,7.043666365387890593e-01,5.924721596311187666e-01,5.146299806644513142e-01,4.247687922205837796e-01
1.141598167532950736e+00,1.022461195579410065e+00,9.271400473322911617e-01,7.989162836667799139e-01,7.049618038881362292e-01,5.928025227850661771e-01,5.147871325220668703e-01,4.247596384904812061e-01
1.143150506641291253e+00,1.023838353151539371e+00,9.282981076143108634e-01,7.997566029164121515e-01,7.055588764649519673e-01,5.931341759199104668e-01,5.149452251809802927e-01,4.247512600633809310e-01
1.144705524233859739e+00,1.025218635393559508e+00,9.294592657986805451e-01,8.005994219264588319e-01,7.061578618143427022e-01,5.934671227861644249e-01,5.151042602841096052e-01,4.247436573794866610e-01
1.146263223888801974e+00,1.026602051047936115e+00,9.306235349247939936e-01,8.014447514290553576e-01,7.067587675326296726e-01,5.938013671601716226e-01,5.152642394873133691e-01,4.247368308858194830e-01
1.147823609181978233e+00,1.027988608901415413e+00,9.317909281236680386e-01,8.022926022313133787e-01,7.073616012676694487e-01,5.941369128442526293e-01,5.154251644594544102e-01,4.247307810362508929e-01
1.149386683686882016e+00,1.029378317785303532e+00,9.329614586185954739e-01,8.031429852158300520e-01,7.079663707191764521e-01,5.944737636668520064e-01,5.155870368824631012e-01,4.247255082915351032e-01
1.150952450974557451e+00,1.030771186575748288e+00,9.341351397258034206e-01,8.039959113412016301e-01,7.085730836390481402e-01,5.948119234826863000e-01,5.157498584514009776e-01,4.247210131193406846e-01
1.152520914613514247e+00,1.032167224194021626e+00,9.353119848551159077e-01,8.048513916425399373e-01,7.091817478316934098e-01,5.951513961728931434e-01,5.159136308745255750e-01,4.247172959942839832e-01
1.154092078169642654e+00,1.033566439606803611e+00,9.364920075106220043e-01,8.057094372319928421e-01,7.097923711543617786e-01,5.954921856451813600e-01,5.160783558733555987e-01,4.247143573979620945e-01
1.155665945206127976e+00,1.034968841826469310e+00,9.376752212913490592e-01,8.065700592992697260e-01,7.104049615174766741e-01,5.958342958339831741e-01,5.162440351827358720e-01,4.247121978189864477e-01
1.157242519283363968e+00,1.036374439911377454e+00,9.388616398919393813e-01,8.074332691121699490e-01,7.110195268849707206e-01,5.961777307006059790e-01,5.164106705509038386e-01,4.247108177530161677e-01
1.158821803958865804e+00,1.037783242966160646e+00,9.400512771033344706e-01,8.082990780171158685e-01,7.116360752746233587e-01,5.965224942333857694e-01,5.165782637395558430e-01,4.247102177027917147e-01
1.160403802787181471e+00,1.039195260142017574e+00,9.412441468134626898e-01,8.091674974396886322e-01,7.122546147584014609e-01,5.968685904478426840e-01,5.167468165239139655e-01,4.247103981781690241e-01
1.161988519319804514e+00,1.040610500637007663e+00,9.424402630079329324e-01,8.100385388851705226e-01,7.128751534628010589e-01,5.972160233868363255e-01,5.169163306927939683e-01,4.247113596961535342e-01
1.163575957105082992e+00,1.042028973696346839e+00,9.436396397707331740e-01,8.109122139390896322e-01,7.134976995691936219e-01,5.975647971207224129e-01,5.170868080486726859e-01,4.247131027809348813e-01
1.165166119688128665e+00,1.043450688612705735e+00,9.448422912849334665e-01,8.117885342677679805e-01,7.141222613141744446e-01,5.979149157475118770e-01,5.172582504077568588e-01,4.247156279639218712e-01
1.166759010610725511e+00,1.044875654726509895e+00,9.460482318333959251e-01,8.126675116188760706e-01,7.147488469899119234e-01,5.982663833930300656e-01,5.174306596000526337e-01,4.247189357837774515e-01
1.168354633411239130e+00,1.046303881426242643e+00,9.472574757994890460e-01,8.135491578219908870e-01,7.153774649445010514e-01,5.986192042110762834e-01,5.176040374694341750e-01,4.247230267864534059e-01
1.169952991624523486e+00,1.047735378148748397e+00,9.484700376678075751e-01,8.144334847891566698e-01,7.160081235823206880e-01,5.989733823835867721e-01,5.177783858737139422e-01,4.247279015252261036e-01
1.171554088781825875e+00,1.049170154379538866e+00,9.496859320248977054e-01,8.153205045154516828e-01,7.166408313643916062e-01,5.993289221207970252e-01,5.179537066847138549e-01,4.247335605607326925e-01
1.173157928410692996e+00,1.050608219653102138e+00,9.509051735599879374e-01,8.162102290795593129e-01,7.172755968087377587e-01,5.996858276614054351e-01,5.181300017883357922e-01,4.247400044610071257e-01
1.174764514034875473e+00,1.052049583553211987e+00,9.521277770657251560e-01,8.171026706443421661e-01,7.179124284907497655e-01,6.000441032727397150e-01,5.183072730846335352e-01,4.247472338015156335e-01
1.176373849174231712e+00,1.053494255713240069e+00,9.533537574389167046e-01,8.179978414574217149e-01,7.185513350435527302e-01,6.004037532509227670e-01,5.184855224878851532e-01,4.247552491651936379e-01
1.177985937344630196e+00,1.054942245816472557e+00,9.545831296812784528e-01,8.188957538517630530e-01,7.191923251583759447e-01,6.007647819210398810e-01,5.186647519266647244e-01,4.247640511424826681e-01
1.179600782057851571e+00,1.056393563596424334e+00,9.558159089001869724e-01,8.197964202462626471e-01,7.198354075849249245e-01,6.011271936373091540e-01,5.188449633439167208e-01,4.247736403313675524e-01
1.181218386821489386e+00,1.057848218837157850e+00,9.570521103094391524e-01,8.206998531463410851e-01,7.204805911317572198e-01,6.014909927832509107e-01,5.190261586970298380e-01,4.247840173374136108e-01
1.182838755138850173e+00,1.059306221373604862e+00,9.582917492300169204e-01,8.216060651445413754e-01,7.211278846666606679e-01,6.018561837718593432e-01,5.192083399579107139e-01,4.247951827738040143e-01
1.184461890508853532e+00,1.060767581091887957e+00,9.595348410908575154e-01,8.225150689211307986e-01,7.217772971170344221e-01,6.022227710457750405e-01,5.193915091130590911e-01,4.248071372613779206e-01
1.186087796425929319e+00,1.062232307929646957e+00,9.607814014296293115e-01,8.234268772447072005e-01,7.224288374702735327e-01,6.025907590774592926e-01,5.195756681636427565e-01,4.248198814286683889e-01
1.187716476379915065e+00,1.063700411876364882e+00,9.620314458935144142e-01,8.243415029728110577e-01,7.230825147741557490e-01,6.029601523693699505e-01,5.197608191255744803e-01,4.248334159119410702e-01
1.189347933855954498e+00,1.065171902973698126e+00,9.632849902399983621e-01,8.252589590525428731e-01,7.237383381372313185e-01,6.033309554541371744e-01,5.199469640295880657e-01,4.248477413552325666e-01
1.190982172334390743e+00,1.066646791315807086e+00,9.645420503376627153e-01,8.261792585211834572e-01,7.243963167292164496e-01,6.037031728947419573e-01,5.201341049213158430e-01,4.248628584103897876e-01
1.192619195290661294e+00,1.068125087049689226e+00,9.658026421669854145e-01,8.271024145068195388e-01,7.250564597813893286e-01,6.040768092846954262e-01,5.203222438613663847e-01,4.248787677371088090e-01
1.194259006195192319e+00,1.069606800375516586e+00,9.670667818211483580e-01,8.280284402289759260e-01,7.257187765869893559e-01,6.044518692482196975e-01,5.205113829254022217e-01,4.248954700029743958e-01
1.195901608513291636e+00,1.071091941546973292e+00,9.683344855068490853e-01,8.289573489992506650e-01,7.263832765016197124e-01,6.048283574404295093e-01,5.207015242042192238e-01,4.249129658835002488e-01
1.197547005705039913e+00,1.072580520871594834e+00,9.696057695451202330e-01,8.298891542219560824e-01,7.270499689436529245e-01,6.052062785475157414e-01,5.208926698038263137e-01,4.249312560621684720e-01
1.199195201225181640e+00,1.074072548711110908e+00,9.708806503721538750e-01,8.308238693947650466e-01,7.277188633946387597e-01,6.055856372869300452e-01,5.210848218455251812e-01,4.249503412304703742e-01
1.200846198523014996e+00,1.075568035481790918e+00,9.721591445401338571e-01,8.317615081093613361e-01,7.283899693997170077e-01,6.059664384075705845e-01,5.212779824659907746e-01,4.249702220879470471e-01
1.202500001042281497e+00,1.077066991654790806e+00,9.734412687180745705e-01,8.327020840520972245e-01,7.290632965680314825e-01,6.063486866899698846e-01,5.214721538173530124e-01,4.249908993422303882e-01
1.204156612221052525e+00,1.078569427756500776e+00,9.747270396926634994e-01,8.336456110046549517e-01,7.297388545731482434e-01,6.067323869464840147e-01,5.216673380672786076e-01,4.250123737090844567e-01
1.205816035491616089e+00,1.080075354368898122e+00,9.760164743691122080e-01,8.345921028447107481e-01,7.304166531534795892e-01,6.071175440214829910e-01,5.218635373990530013e-01,4.250346459124466625e-01
1.207478274280364250e+00,1.081584782129901168e+00,9.773095897720153191e-01,8.355415735466091842e-01,7.310967021127063870e-01,6.075041627915416242e-01,5.220607540116640743e-01,4.250577166844699550e-01
1.209143332007676541e+00,1.083097721733724539e+00,9.786064030462136021e-01,8.364940371820409615e-01,7.317790113202066182e-01,6.078922481656330312e-01,5.222589901198854134e-01,4.250815867655649005e-01
1.210811212087805622e+00,1.084614183931238651e+00,9.799069314576642764e-01,8.374495079207231463e-01,7.324635907114888100e-01,6.082818050853235903e-01,5.224582479543606883e-01,4.251062569044422590e-01
1.212481917928758701e+00,1.086134179530330313e+00,9.812111923943187541e-01,8.384080000310893954e-01,7.331504502886253549e-01,6.086728385249690065e-01,5.226585297616889170e-01,4.251317278581555614e-01
1.214155452932178969e+00,1.087657719396264877e+00,9.825192033670073766e-01,8.393695278809832905e-01,7.338396001206909380e-01,6.090653534919115986e-01,5.228598378045097306e-01,4.251580003921442419e-01
1.215831820493228133e+00,1.089184814452051953e+00,9.838309820103314784e-01,8.403341059383576672e-01,7.345310503442052941e-01,6.094593550266792503e-01,5.230621743615896380e-01,4.251850752802771027e-01
1.217511024000464737e+00,1.090715475678814883e+00,9.851465460835601151e-01,8.413017487719790521e-01,7.352248111635787398e-01,6.098548482031859175e-01,5.232655417279088450e-01,4.252129533048959464e-01
1.219193066835722705e+00,1.092249714116159343e+00,9.864659134715345612e-01,8.422724710521376501e-01,7.359208928515614812e-01,6.102518381289341320e-01,5.234699422147487402e-01,4.252416352568598179e-01
1.220877952373989661e+00,1.093787540862545482e+00,9.877891021855812470e-01,8.432462875513642153e-01,7.366193057496958074e-01,6.106503299452186173e-01,5.236753781497797133e-01,4.252711219355891359e-01
1.222565683983282803e+00,1.095328967075665405e+00,9.891161303644315783e-01,8.442232131451521404e-01,7.373200602687723926e-01,6.110503288273303468e-01,5.238818518771506394e-01,4.253014141491107680e-01
1.224256265024525003e+00,1.096874003972819089e+00,9.904470162751479734e-01,8.452032628126857627e-01,7.380231668892902608e-01,6.114518399847644892e-01,5.240893657575775855e-01,4.253325127141026618e-01
1.225949698851418912e+00,1.098422662831294305e+00,9.917817783140574495e-01,8.461864516375731116e-01,7.387286361619206376e-01,6.118548686614283527e-01,5.242979221684339608e-01,4.253644184559389196e-01
1.227645988810319944e+00,1.099974954988748532e+00,9.931204350076923149e-01,8.471727948085859827e-01,7.394364787079745760e-01,6.122594201358504407e-01,5.245075235038416661e-01,4.253971322087359286e-01
1.229345138240108826e+00,1.101530891843594429e+00,9.944630050137381883e-01,8.481623076204058975e-01,7.401467052198735797e-01,6.126654997213923926e-01,5.247181721747624650e-01,4.254306548153983791e-01
1.231047150472062368e+00,1.103090484855388409e+00,9.958095071219916772e-01,8.491550054743762788e-01,7.408593264616243346e-01,6.130731127664617031e-01,5.249298706090896882e-01,4.254649871276652839e-01
1.232752028829722679e+00,1.104653745545218113e+00,9.971599602553221642e-01,8.501509038792598449e-01,7.415743532692984363e-01,6.134822646547271052e-01,5.251426212517409375e-01,4.255001300061568847e-01
1.234459776628767269e+00,1.106220685496096090e+00,9.985143834706420307e-01,8.511500184520024437e-01,7.422917965515153371e-01,6.138929608053343978e-01,5.253564265647521214e-01,4.255360843204212262e-01
1.236170397176875824e+00,1.107791316353355038e+00,9.998727959598869841e-01,8.521523649185038796e-01,7.430116672899282904e-01,6.143052066731239380e-01,5.255712890273714910e-01,4.255728509489822842e-01
1.237883893773596311e+00,1.109365649825043487e+00,1.001235217051001714e+00,8.531579591143946262e-01,7.437339765397148472e-01,6.147190077488505766e-01,5.257872111361537870e-01,4.256104307793872055e-01
1.239600269710211311e+00,1.110943697682327036e+00,1.002601666208933651e+00,8.541668169858198656e-01,7.444587354300719051e-01,6.151343695594051475e-01,5.260041954050563850e-01,4.256488247082540477e-01
1.241319528269601458e+00,1.112525471759892026e+00,1.003972163036634946e+00,8.551789545902281908e-01,7.451859551647143087e-01,6.155512976680370674e-01,5.262222443655352189e-01,4.256880336413206845e-01
1.243041672726107327e+00,1.114110983956346779e+00,1.005346727276072105e+00,8.561943880971667475e-01,7.459156470223774482e-01,6.159697976745789338e-01,5.264413605666420359e-01,4.257280584934934331e-01
1.244766706345393992e+00,1.115700246234632598e+00,1.006725378809244953e+00,8.572131337890860348e-01,7.466478223573251860e-01,6.163898752156733440e-01,5.266615465751217640e-01,4.257689001888959046e-01
1.246494632384308687e+00,1.117293270622433221e+00,1.008108137659212478e+00,8.582352080621485912e-01,7.473824925998606705e-01,6.168115359650003793e-01,5.268828049755110987e-01,4.258105596609188526e-01
1.248225454090739817e+00,1.118890069212586269e+00,1.009495023991125340e+00,8.592606274270445654e-01,7.481196692568405915e-01,6.172347856335086425e-01,5.271051383702377580e-01,4.258530378522703552e-01
1.249959174703479281e+00,1.120490654163501576e+00,1.010886058113270813e+00,8.602894085098149457e-01,7.488593639121962076e-01,6.176596299696458514e-01,5.273285493797195134e-01,4.258963357150249429e-01
1.251695797452075265e+00,1.122095037699576414e+00,1.012281260478122169e+00,8.613215680526820073e-01,7.496015882274569275e-01,6.180860747595922078e-01,5.275530406424654428e-01,4.259404542106746128e-01
1.253435325556687463e+00,1.123703232111616934e+00,1.013680651683396938e+00,8.623571229148851991e-01,7.503463539422781103e-01,6.185141258274962084e-01,5.277786148151770718e-01,4.259853943101801210e-01
1.255177762227944749e+00,1.125315249757262270e+00,1.015084252473126725e+00,8.633960900735250243e-01,7.510936728749745273e-01,6.189437890357116778e-01,5.280052745728505137e-01,4.260311569940220533e-01
1.256923110666796628e+00,1.126931103061410200e+00,1.016492083738732122e+00,8.644384866244150256e-01,7.518435569230575988e-01,6.193750702850365775e-01,5.282330226088792768e-01,4.260777432522525054e-01
1.258671374064364246e+00,1.128550804516646355e+00,1.017904166520106957e+00,8.654843297829396542e-01,7.525960180637766284e-01,6.198079755149537018e-01,5.284618616351575149e-01,4.261251540845473196e-01
1.260422555601791395e+00,1.130174366683674547e+00,1.019320522006713414e+00,8.665336368849182458e-01,7.533510683546661424e-01,6.202425107038733731e-01,5.286917943821847210e-01,4.261733905002582090e-01
1.262176658450094191e+00,1.131801802191751971e+00,1.020741171538684045e+00,8.675864253874779886e-01,7.541087199340963387e-01,6.206786818693778018e-01,5.289228235991709770e-01,4.262224535184662155e-01
1.263933685770008752e+00,1.133433123739126414e+00,1.022166136607932430e+00,8.686427128699355515e-01,7.548689850218278652e-01,6.211164950684677777e-01,5.291549520541418694e-01,4.262723441680345560e-01
1.265693640711838430e+00,1.135068344093474568e+00,1.023595438859274509e+00,8.697025170346842637e-01,7.556318759195723711e-01,6.215559563978105828e-01,5.293881825340459590e-01,4.263230634876616909e-01
1.267456526415297935e+00,1.136707476092345015e+00,1.025029100091556788e+00,8.707658557080889539e-01,7.563974050115583880e-01,6.219970719939911241e-01,5.296225178448625837e-01,4.263746125259363917e-01
1.269222346009357016e+00,1.138350532643603419e+00,1.026467142258795651e+00,8.718327468413872294e-01,7.571655847651018734e-01,6.224398480337636208e-01,5.298579608117093276e-01,4.264269923413918084e-01
1.270991102612085477e+00,1.139997526725881283e+00,1.027909587471325326e+00,8.729032085116021911e-01,7.579364277311791964e-01,6.228842907343056234e-01,5.300945142789507125e-01,4.264802040025599261e-01
1.272762799330492411e+00,1.141648471389025143e+00,1.029356457996954521e+00,8.739772589224599209e-01,7.587099465450075630e-01,6.233304063534752526e-01,5.303321811103089978e-01,4.265342485880273538e-01
1.274537439260366112e+00,1.143303379754550431e+00,1.030807776262133713e+00,8.750549164053157414e-01,7.594861539266296591e-01,6.237782011900686596e-01,5.305709641889746475e-01,4.265891271864906686e-01
1.276315025486112420e+00,1.144962265016098879e+00,1.032263564853130644e+00,8.761361994200892456e-01,7.602650626815035118e-01,6.242276815840797077e-01,5.308108664177175751e-01,4.266448408968124828e-01
1.278095561080593301e+00,1.146625140439897494e+00,1.033723846517216494e+00,8.772211265562059879e-01,7.610466857010974584e-01,6.246788539169637611e-01,5.310518907189992754e-01,4.267013908280781198e-01
1.279879049104962530e+00,1.148292019365219740e+00,1.035188644163861138e+00,8.783097165335486123e-01,7.618310359634896667e-01,6.251317246119015847e-01,5.312940400350859571e-01,4.267587780996523472e-01
1.281665492608497381e+00,1.149962915204849390e+00,1.036657980865938411e+00,8.794019882034145308e-01,7.626181265339739834e-01,6.255863001340656870e-01,5.315373173281628949e-01,4.268170038412366085e-01
1.283454894628432985e+00,1.151637841445550592e+00,1.038131879860942464e+00,8.804979605494838157e-01,7.634079705656698911e-01,6.260425869908889940e-01,5.317817255804490051e-01,4.268760691929274209e-01
1.285247258189795350e+00,1.153316811648538609e+00,1.039610364552212118e+00,8.815976526887963072e-01,7.642005813001381265e-01,6.265005917323354101e-01,5.320272677943125306e-01,4.269359753052739404e-01
1.287042586305229053e+00,1.154999839449950327e+00,1.041093458510165437e+00,8.827010838727336051e-01,7.649959720680022945e-01,6.269603209511731556e-01,5.322739469923873923e-01,4.269967233393363593e-01
1.288840881974825825e+00,1.156686938561322764e+00,1.042581185473546279e+00,8.838082734880126079e-01,7.657941562895753673e-01,6.274217812832503238e-01,5.325217662176907618e-01,4.270583144667460251e-01
1.290642148185954019e+00,1.158378122770073348e+00,1.044073569350680852e+00,8.849192410576882661e-01,7.665951474754919559e-01,6.278849794077719926e-01,5.327707285337411891e-01,4.271207498697638938e-01
1.292446387913082084e+00,1.160073405939979763e+00,1.045570634220743145e+00,8.860340062421633300e-01,7.673989592273453564e-01,6.283499220475788904e-01,5.330208370246777294e-01,4.271840307413407589e-01
1.294253604117602263e+00,1.161772802011666661e+00,1.047072404335031681e+00,8.871525888402072013e-01,7.682056052383319233e-01,6.288166159694299484e-01,5.332720947953802915e-01,4.272481582851783144e-01
1.296063799747654732e+00,1.163476325003093281e+00,1.048578904118258492e+00,8.882750087899846658e-01,7.690150992938998842e-01,6.292850679842865169e-01,5.335245049715899857e-01,4.273131337157893839e-01
1.297876977737946635e+00,1.165183989010044607e+00,1.050090158169846077e+00,8.894012861700952843e-01,7.698274552724034825e-01,6.297552849475985814e-01,5.337780707000311375e-01,4.273789582585592051e-01
1.299693141009573782e+00,1.166895808206626084e+00,1.051606191265236578e+00,8.905314412006173352e-01,7.706426871457650041e-01,6.302272737595934204e-01,5.340327951485341895e-01,4.274456331498072692e-01
1.301512292469837240e+00,1.168611796845759443e+00,1.053127028357213391e+00,8.916654942441661902e-01,7.714608089801401336e-01,6.307010413655663728e-01,5.342886815061590466e-01,4.275131596368499376e-01
1.303334435012059700e+00,1.170331969259683413e+00,1.054652694577231875e+00,8.928034658069609053e-01,7.722818349365908608e-01,6.311765947561742696e-01,5.345457329833198656e-01,4.275815389780629472e-01
1.305159571515400296e+00,1.172056339860456653e+00,1.056183215236760065e+00,8.939453765398973628e-01,7.731057792717653809e-01,6.316539409677320860e-01,5.348039528119105102e-01,4.276507724429446378e-01
1.306987704844667197e+00,1.173784923140464675e+00,1.057718615828634467e+00,8.950912472396338471e-01,7.739326563385818814e-01,6.321330870825102588e-01,5.350633442454307831e-01,4.277208613121796787e-01
1.308818837850131755e+00,1.175517733672928111e+00,1.059258922028425198e+00,8.962410988496877229e-01,7.747624805869188780e-01,6.326140402290350018e-01,5.353239105591136582e-01,4.277918068777026850e-01
1.310652973367336438e+00,1.177254786112414076e+00,1.060804159695812876e+00,8.973949524615394413e-01,7.755952665643139898e-01,6.330968075823923957e-01,5.355856550500538438e-01,4.278636104427634979e-01
1.312490114216902759e+00,1.178996095195353089e+00,1.062354354875976181e+00,8.985528293157462043e-01,7.764310289166671541e-01,6.335813963645332558e-01,5.358485810373371239e-01,4.279362733219923554e-01
1.314330263204338767e+00,1.180741675740556440e+00,1.063909533800992291e+00,8.997147508030691743e-01,7.772697823889500590e-01,6.340678138445813294e-01,5.361126918621703652e-01,4.280097968414652287e-01
1.316173423119843866e+00,1.182491542649737548e+00,1.065469722891251303e+00,9.008807384656077888e-01,7.781115418259241245e-01,6.345560673391440476e-01,5.363779908880128566e-01,4.280841823387699918e-01
1.318019596738112975e+00,1.184245710908036875e+00,1.067034948756877322e+00,9.020508139979455109e-01,7.789563221728627029e-01,6.350461642126256079e-01,5.366444815007086477e-01,4.281594311630730898e-01
1.319868786818138018e+00,1.186004195584549503e+00,1.068605238199167529e+00,9.032249992483071255e-01,7.798041384762807171e-01,6.355381118775428329e-01,5.369121671086191094e-01,4.282355446751868189e-01
1.321720996103006529e+00,1.187767011832855157e+00,1.070180618212040802e+00,9.044033162197249176e-01,7.806550058846722928e-01,6.360319177948431379e-01,5.371810511427572710e-01,4.283125242476368277e-01
1.323576227319700704e+00,1.189534174891551999e+00,1.071761115983497215e+00,9.055857870712177293e-01,7.815089396492537199e-01,6.365275894742262741e-01,5.374511370569238222e-01,4.283903712647302853e-01
1.325434483178895118e+00,1.191305700084794195e+00,1.073346758897094411e+00,9.067724341189797865e-01,7.823659551247135191e-01,6.370251344744677358e-01,5.377224283278426720e-01,4.284690871226246034e-01
1.327295766374750663e+00,1.193081602822831044e+00,1.074937574533432638e+00,9.079632798375789626e-01,7.832260677699715012e-01,6.375245604037446112e-01,5.379949284552983935e-01,4.285486732293969925e-01
1.329160079584707388e+00,1.194861898602551431e+00,1.076533590671654661e+00,9.091583468611701413e-01,7.840892931489417128e-01,6.380258749199652080e-01,5.382686409622742252e-01,4.286291310051139614e-01
1.331027425469275549e+00,1.196646603008029608e+00,1.078134835290959437e+00,9.103576579847175720e-01,7.849556469313034857e-01,6.385290857311010093e-01,5.385435693950911817e-01,4.287104618819013724e-01
1.332897806671826002e+00,1.198435731711074315e+00,1.079741336572126675e+00,9.115612361652282170e-01,7.858251448932824790e-01,6.390342005955212956e-01,5.388197173235489412e-01,4.287926673040153291e-01
1.334771225818378371e+00,1.200229300471782112e+00,1.081353122899055386e+00,9.127691045229983091e-01,7.866978029184366061e-01,6.395412273223304300e-01,5.390970883410670655e-01,4.288757487279138969e-01
1.336647685517385220e+00,1.202027325139092717e+00,1.082970222860317522e+00,9.139812863428695699e-01,7.875736369984494001e-01,6.400501737717084749e-01,5.393756860648276641e-01,4.289597076223292671e-01
1.338527188359516895e+00,1.203829821651348553e+00,1.084592665250723620e+00,9.151978050755003036e-01,7.884526632339313723e-01,6.405610478552541398e-01,5.396555141359183905e-01,4.290445454683394222e-01
1.340409736917443917e+00,1.205636806036856967e+00,1.086220479072901979e+00,9.164186843386467052e-01,7.893348978352298095e-01,6.410738575363308378e-01,5.399365762194777707e-01,4.291302637594419100e-01
1.342295333745617603e+00,1.207448294414455114e+00,1.087853693538894273e+00,9.176439479184559378e-01,7.902203571232456758e-01,6.415886108304161839e-01,5.402188760048409755e-01,4.292168640016273962e-01
1.344183981380048465e+00,1.209264302994080165e+00,1.089492338071761379e+00,9.188736197707749742e-01,7.911090575302566208e-01,6.421053158054538246e-01,5.405024172056858145e-01,4.293043477134530495e-01
1.346075682338082169e+00,1.211084848077340181e+00,1.091136442307205856e+00,9.201077240224669884e-01,7.920010156007513125e-01,6.426239805822082651e-01,5.407872035601811733e-01,4.293927164261182594e-01
1.347970439118174157e+00,1.212909946058089217e+00,1.092786036095208635e+00,9.213462849727434012e-01,7.928962479922708750e-01,6.431446133346229166e-01,5.410732388311365604e-01,4.294819716835401313e-01
1.349868254199663387e+00,1.214739613423006626e+00,1.094441149501679034e+00,9.225893270945092484e-01,7.937947714762569884e-01,6.436672222901821394e-01,5.413605268061516540e-01,4.295721150424285373e-01
1.351769130042542733e+00,1.216573866752177491e+00,1.096101812810120979e+00,9.238368750357209835e-01,7.946966029389088693e-01,6.441918157302747305e-01,5.416490712977684030e-01,4.296631480723632768e-01
1.353673069087227621e+00,1.218412722719679042e+00,1.097768056523313884e+00,9.250889536207570485e-01,7.956017593820488010e-01,6.447184019905607411e-01,5.419388761436233493e-01,4.297550723558712371e-01
1.355580073754323323e+00,1.220256198094168409e+00,1.099439911365007072e+00,9.263455878518015441e-01,7.965102579239977665e-01,6.452469894613435120e-01,5.422299452066007275e-01,4.298478894885035539e-01
1.357490146444388923e+00,1.222104309739473482e+00,1.101117408281630849e+00,9.276068029102444434e-01,7.974221158004574095e-01,6.457775865879429311e-01,5.425222823749878964e-01,4.299416010789146037e-01
1.359403289537700399e+00,1.223957074615188878e+00,1.102800578444022905e+00,9.288726241580920195e-01,7.983373503654010994e-01,6.463102018710717989e-01,5.428158915626313252e-01,4.300362087489408847e-01
1.361319505394013252e+00,1.225814509777273020e+00,1.104489453249169140e+00,9.301430771393927044e-01,7.992559790919745444e-01,6.468448438672167455e-01,5.431107767090934679e-01,4.301317141336802874e-01
1.363238796352319593e+00,1.227676632378650323e+00,1.106184064321961591e+00,9.314181875816771594e-01,8.001780195734066181e-01,6.473815211890222576e-01,5.434069417798117474e-01,4.302281188815725299e-01
1.365161164730603671e+00,1.229543459669814709e+00,1.107884443516970796e+00,9.326979813974123346e-01,8.011034895239272924e-01,6.479202425056772574e-01,5.437043907662586495e-01,4.303254246544802042e-01
1.367086612825599845e+00,1.231415008999438898e+00,1.109590622920236136e+00,9.339824846854716256e-01,8.020324067796942291e-01,6.484610165433052353e-01,5.440031276861015952e-01,4.304236331277699334e-01
1.369015142912543226e+00,1.233291297814986365e+00,1.111302634851071502e+00,9.352717237326180211e-01,8.029647892997312519e-01,6.490038520853584902e-01,5.443031565833655883e-01,4.305227459903948617e-01
1.370946757244919212e+00,1.235172343663323735e+00,1.113020511863887174e+00,9.365657250150029034e-01,8.039006551668745892e-01,6.495487579730155892e-01,5.446044815285967511e-01,4.306227649449773098e-01
1.372881458054212800e+00,1.237058164191339849e+00,1.114744286750027236e+00,9.378645151996799489e-01,8.048400225887298864e-01,6.500957431055822688e-01,5.449071066190267487e-01,4.307236917078918759e-01
1.374819247549655454e+00,1.238948777146567704e+00,1.116473992539625648e+00,9.391681211461339052e-01,8.057829098986385441e-01,6.506448164408960011e-01,5.452110359787388782e-01,4.308255280093502004e-01
1.376760127917967758e+00,1.240844200377808182e+00,1.118209662503480528e+00,9.404765699078269092e-01,8.067293355566526047e-01,6.511959869957336666e-01,5.455162737588351574e-01,4.309282755934855103e-01
1.378704101323102060e+00,1.242744451835758435e+00,1.119951330154943081e+00,9.417898887337593505e-01,8.076793181505211860e-01,6.517492638462224486e-01,5.458228241376051892e-01,4.310319362184378833e-01
1.380651169905982245e+00,1.244649549573643155e+00,1.121699029251824520e+00,9.431081050700458324e-01,8.086328763966879052e-01,6.523046561282563882e-01,5.461306913206959157e-01,4.311365116564406796e-01
1.382601335784239494e+00,1.246559511747848514e+00,1.123452793798321858e+00,9.444312465615098962e-01,8.095900291412966299e-01,6.528621730379158272e-01,5.464398795412825915e-01,4.312420036939074719e-01
1.384554601051948941e+00,1.248474356618561432e+00,1.125212658046960579e+00,9.457593410532934008e-01,8.105507953612093308e-01,6.534218238318897365e-01,5.467503930602410911e-01,4.313484141315193088e-01
1.386510967779362336e+00,1.250394102550410169e+00,1.126978656500555287e+00,9.470924165924823335e-01,8.115151941650344813e-01,6.539836178279019308e-01,5.470622361663221023e-01,4.314557447843131444e-01
1.388470438012638697e+00,1.252318768013108707e+00,1.128750823914189461e+00,9.484305014297517156e-01,8.124832447941652269e-01,6.545475644051422792e-01,5.473754131763265418e-01,4.315639974817708779e-01
1.390433013773571203e+00,1.254248371582104893e+00,1.130529195297213629e+00,9.497736240210282732e-01,8.134549666238282128e-01,6.551136730047011358e-01,5.476899284352816366e-01,4.316731740679088380e-01
1.392398697059313628e+00,1.256182931939232361e+00,1.132313805915261984e+00,9.511218130291672068e-01,8.144303791641458456e-01,6.556819531300074333e-01,5.480057863166185594e-01,4.317832764013685987e-01
1.394367489842104790e+00,1.258122467873364458e+00,1.134104691292288081e+00,9.524750973256493891e-01,8.154095020612095457e-01,6.562524143472715510e-01,5.483229912223530622e-01,4.318943063555079620e-01
1.396339394068989437e+00,1.260066998281073269e+00,1.135901887212619421e+00,9.538335059922971038e-01,8.163923550981626587e-01,6.568250662859318467e-01,5.486415475832654431e-01,4.320062658184926629e-01
1.398314411661536028e+00,1.262016542167289979e+00,1.137705429723031569e+00,9.551970683230068815e-01,8.173789581962956907e-01,6.573999186391054073e-01,5.489614598590821792e-01,4.321191566933891837e-01
1.400292544515553850e+00,1.263971118645969671e+00,1.139515355134843144e+00,9.565658138255026532e-01,8.183693314161546439e-01,6.579769811640424626e-01,5.492827325386603343e-01,4.322329808982582899e-01
1.402273794500807247e+00,1.265930746940760132e+00,1.141331700026028795e+00,9.579397722231056678e-01,8.193634949586611205e-01,6.585562636825859073e-01,5.496053701401726332e-01,4.323477403662493446e-01
1.404258163460726072e+00,1.267895446385673308e+00,1.143154501243353938e+00,9.593189734565268356e-01,8.203614691662420855e-01,6.591377760816342635e-01,5.499293772112936463e-01,4.324634370456950094e-01
1.406245653212115032e+00,1.269865236425760102e+00,1.144983795904529700e+00,9.607034476856766148e-01,8.213632745239767274e-01,6.597215283136096398e-01,5.502547583293878608e-01,4.325800729002068912e-01
1.408236265544860366e+00,1.271840136617786943e+00,1.146819621400387845e+00,9.620932252914944360e-01,8.223689316607535327e-01,6.603075303969294652e-01,5.505815181016994186e-01,4.326976499087724082e-01
1.410230002221635193e+00,1.273820166630919459e+00,1.148662015397077907e+00,9.634883368778012214e-01,8.233784613504389061e-01,6.608957924164828857e-01,5.509096611655424081e-01,4.328161700658518796e-01
1.412226864977597751e+00,1.275805346247405048e+00,1.150511015838283191e+00,9.648888132731702205e-01,8.243918845130622230e-01,6.614863245241126011e-01,5.512391921884941537e-01,4.329356353814768910e-01
1.414226855520091419e+00,1.277795695363261874e+00,1.152366660947459209e+00,9.662946855328186091e-01,8.254092222160123171e-01,6.620791369390996994e-01,5.515701158685892835e-01,4.330560478813492153e-01
1.416229975528342733e+00,1.279791233988970989e+00,1.154228989230096980e+00,9.677059849405251768e-01,8.264304956752455134e-01,6.626742399486534874e-01,5.519024369345147951e-01,4.331774096069405666e-01
1.418236226653152521e+00,1.281791982250170214e+00,1.156098039476004313e+00,9.691227430105632257e-01,8.274557262565133131e-01,6.632716439084067606e-01,5.522361601458076752e-01,4.332997226155934078e-01
1.420245610516589041e+00,1.283797960388354031e+00,1.157973850761610413e+00,9.705449914896600028e-01,8.284849354765991825e-01,6.638713592429152932e-01,5.525712902930527415e-01,4.334229889806220370e-01
1.422258128711674674e+00,1.285809188761572130e+00,1.159856462452294901e+00,9.719727623589802246e-01,8.295181450045696625e-01,6.644733964461623232e-01,5.529078321980839261e-01,4.335472107914152273e-01
1.424273782802071509e+00,1.287825687845133737e+00,1.161745914204736829e+00,9.734060878361265878e-01,8.305553766630453527e-01,6.650777660820678117e-01,5.532457907141867803e-01,4.336723901535394221e-01
1.426292574321765372e+00,1.289847478232319267e+00,1.163642245969288780e+00,9.748450003771694794e-01,8.315966524294808870e-01,6.656844787850022538e-01,5.535851707263003130e-01,4.337985291888425965e-01
1.428314504774745419e+00,1.291874580635088421e+00,1.165545497992373836e+00,9.762895326786991124e-01,8.326419944374627846e-01,6.662935452603062636e-01,5.539259771512230479e-01,4.339256300355593954e-01
1.430339575634681504e+00,1.293907015884794509e+00,1.167455710818906978e+00,9.777397176799020873e-01,8.336914249780226216e-01,6.669049762848150431e-01,5.542682149378200807e-01,4.340536948484172708e-01
1.432367788344597326e+00,1.295944804932904093e+00,1.169372925294740240e+00,9.791955885646624891e-01,8.347449665009665232e-01,6.675187827073868485e-01,5.546118890672309121e-01,4.341827257987427302e-01
1.434399144316543806e+00,1.297987968851715523e+00,1.171297182569132067e+00,9.806571787636894078e-01,8.358026416162196437e-01,6.681349754494380067e-01,5.549570045530809459e-01,4.343127250745691947e-01
1.436433644931267795e+00,1.300036528835084138e+00,1.173228524097241099e+00,9.821245219566689943e-01,8.368644730951882993e-01,6.687535655054833716e-01,5.553035664416924311e-01,4.344436948807458565e-01
1.438471291537878116e+00,1.302090506199150788e+00,1.175166991642645042e+00,9.835976520744454943e-01,8.379304838721380877e-01,6.693745639436807782e-01,5.556515798122972916e-01,4.345756374390465915e-01
1.440512085453508506e+00,1.304149922383071480e+00,1.177112627279885304e+00,9.850766033012281486e-01,8.390006970455892166e-01,6.699979819063827113e-01,5.560010497772538418e-01,4.347085549882810929e-01
1.442556027962977216e+00,1.306214798949749900e+00,1.179065473397037378e+00,9.865614100768244077e-01,8.400751358797312607e-01,6.706238306106924174e-01,5.563519814822632803e-01,4.348424497844062819e-01
1.444603120318445066e+00,1.308285157586575265e+00,1.181025572698306769e+00,9.880521070989048971e-01,8.411538238058521300e-01,6.712521213490246774e-01,5.567043801065890696e-01,4.349773241006381075e-01
1.446653363739068832e+00,1.310361020106162622e+00,1.182992968206652007e+00,9.895487293252952510e-01,8.422367844237884649e-01,6.718828654896742414e-01,5.570582508632768715e-01,4.351131802275655103e-01
1.448706759410653078e+00,1.312442408447095588e+00,1.184967703266434302e+00,9.910513119762988099e-01,8.433240415033940174e-01,6.725160744773894805e-01,5.574135989993771467e-01,4.352500204732651090e-01
1.450763308485298442e+00,1.314529344674671751e+00,1.186949821546093409e+00,9.925598905370468517e-01,8.444156189860276829e-01,6.731517598339510355e-01,5.577704297961696422e-01,4.353878471634157754e-01
1.452823012081046361e+00,1.316621850981652964e+00,1.188939367040851680e+00,9.940745007598837946e-01,8.455115409860600728e-01,6.737899331587569041e-01,5.581287485693892103e-01,4.355266626414153741e-01
1.454885871281521137e+00,1.318719949689018289e+00,1.190936384075445442e+00,9.955951786667845971e-01,8.466118317924001824e-01,6.744306061294138566e-01,5.584885606694541815e-01,4.356664692684984463e-01
1.456951887135569113e+00,1.320823663246718516e+00,1.192940917306886339e+00,9.971219605518014673e-01,8.477165158700442626e-01,6.750737905023352914e-01,5.588498714816956259e-01,4.358072694238543932e-01
1.459021060656894075e+00,1.322933014234435323e+00,1.194953011727249104e+00,9.986548829835477648e-01,8.488256178616441217e-01,6.757194981133448630e-01,5.592126864265892783e-01,4.359490655047475460e-01
1.461093392823688886e+00,1.325048025362341120e+00,1.196972712666488414e+00,1.000193982807712212e+00,8.499391625890998503e-01,6.763677408782855505e-01,5.595770109599895736e-01,4.360918599266376261e-01
1.463168884578266660e+00,1.327168719471863323e+00,1.199000065795286618e+00,1.001739297149613295e+00,8.510571750551716441e-01,6.770185307936368302e-01,5.599428505733645700e-01,4.362356551233013136e-01
1.465247536826684627e+00,1.329295119536454184e+00,1.201035117127930540e+00,1.003290863416787859e+00,8.521796804451157170e-01,6.776718799371382884e-01,5.603102107940335364e-01,4.363804535469549273e-01
1.467329350438367985e+00,1.331427248662359508e+00,1.203077913025218715e+00,1.004848719301617344e+00,8.533067041283428633e-01,6.783278004684183404e-01,5.606790971854066497e-01,4.365262576683788254e-01
1.469414326245730651e+00,1.333565130089391371e+00,1.205128500197398811e+00,1.006412902783993868e+00,8.544382716601031102e-01,6.789863046296316096e-01,5.610495153472259133e-01,4.366730699770422497e-01
1.471502465043789121e+00,1.335708787191705049e+00,1.207186925707136371e+00,1.007983452134023183e+00,8.555744087831949063e-01,6.796474047461016355e-01,5.614214709158084071e-01,4.368208929812295582e-01
1.473593767589775227e+00,1.337858243478576403e+00,1.209253236972514634e+00,1.009560405914770920e+00,8.567151414296994005e-01,6.803111132269712424e-01,5.617949695642920904e-01,4.369697292081681783e-01
1.475688234602746229e+00,1.340013522595183915e+00,1.211327481770067438e+00,1.011143802985051243e+00,8.578604957227394801e-01,6.809774425658611241e-01,5.621700170028836041e-01,4.371195812041563378e-01
1.477785866763190237e+00,1.342174648323393393e+00,1.213409708237842999e+00,1.012733682502257260e+00,8.590104979782674510e-01,6.816464053415349778e-01,5.625466189791071825e-01,4.372704515346937382e-01
1.479886664712628530e+00,1.344341644582544237e+00,1.215499964878502093e+00,1.014330083925236936e+00,8.601651747068830289e-01,6.823180142185714114e-01,5.629247812780562299e-01,4.374223427846121726e-01
1.481990629053213882e+00,1.346514535430238801e+00,1.217598300562449110e+00,1.015933047017217206e+00,8.613245526156738663e-01,6.829922819480428453e-01,5.633045097226470066e-01,4.375752575582075310e-01
1.484097760347324879e+00,1.348693345063135096e+00,1.219704764530995300e+00,1.017542611848772927e+00,8.624886586100926067e-01,6.836692213682054042e-01,5.636858101738736471e-01,4.377291984793739710e-01
1.486208059117159364e+00,1.350878097817741930e+00,1.221819406399558883e+00,1.019158818800848243e+00,8.636575197958622496e-01,6.843488454051936953e-01,5.640686885310670640e-01,4.378841681917384765e-01
1.488321525844320981e+00,1.353068818171215604e+00,1.223942276160898679e+00,1.020781708567828794e+00,8.648311634809107140e-01,6.850311670737234682e-01,5.644531507321547403e-01,4.380401693587971379e-01
1.490438160969404402e+00,1.355265530742159052e+00,1.226073424188383276e+00,1.022411322160663216e+00,8.660096171773428164e-01,6.857161994778054881e-01,5.648392027539219651e-01,4.381972046640522089e-01
1.492557964891573885e+00,1.357468260291423645e+00,1.228212901239295940e+00,1.024047700910044822e+00,8.671929086034424472e-01,6.864039558114644057e-01,5.652268506122769542e-01,4.383552768111513287e-01
1.494680937968140499e+00,1.359677031722914986e+00,1.230360758458176162e+00,1.025690886469649898e+00,8.683810656857123833e-01,6.870944493594676183e-01,5.656161003625168604e-01,4.385143885240276873e-01
1.496807080514135802e+00,1.361891870084399159e+00,1.232517047380197850e+00,1.027340920819430403e+00,8.695741165609507384e-01,6.877876934980636792e-01,5.660069580995968908e-01,4.386745425470414128e-01
1.498936392801879292e+00,1.364112800568310524e+00,1.234681819934585256e+00,1.028997846268973504e+00,8.707720895783633841e-01,6.884837016957281453e-01,5.663994299584008685e-01,4.388357416451225124e-01
1.501068875060546093e+00,1.366339848512564181e+00,1.236855128448066443e+00,1.030661705460923949e+00,8.719750133017178939e-01,6.891824875139199724e-01,5.667935221140140145e-01,4.389979886039155899e-01
1.503204527475724861e+00,1.368573039401368652e+00,1.239037025648366486e+00,1.032332541374469947e+00,8.731829165115374547e-01,6.898840646078459038e-01,5.671892407819991710e-01,4.391612862299260067e-01
1.505343350188975249e+00,1.370812398866040338e+00,1.241227564667739314e+00,1.034010397328902098e+00,8.743958282073371890e-01,6.905884467272355165e-01,5.675865922186739132e-01,4.393256373506665979e-01
1.507485343297382929e+00,1.373057952685821537e+00,1.243426799046538855e+00,1.035695316987242931e+00,8.756137776099049974e-01,6.912956477171254832e-01,5.679855827213905473e-01,4.394910448148068305e-01
1.509630506853107512e+00,1.375309726788700226e+00,1.245634782736831703e+00,1.037387344359950170e+00,8.768367941636292517e-01,6.920056815186538257e-01,5.683862186288183294e-01,4.396575114923237382e-01
1.511778840862926687e+00,1.377567747252229857e+00,1.247851570106050856e+00,1.039086523808702589e+00,8.780649075388728964e-01,6.927185621698648266e-01,5.687885063212283487e-01,4.398250402746536336e-01
1.513930345287777257e+00,1.379832040304351137e+00,1.250077215940690323e+00,1.040792900050264924e+00,8.792981476343968428e-01,6.934343038065245990e-01,5.691924522207802983e-01,4.399936340748460406e-01
1.516085020042291509e+00,1.382102632324217817e+00,1.252311775450041686e+00,1.042506518160436713e+00,8.805365445798397639e-01,6.941529206629474258e-01,5.695980627918109107e-01,4.401632958277191809e-01
1.518242864994328700e+00,1.384379549843022028e+00,1.254555304269976634e+00,1.044227423578095282e+00,8.817801287382490694e-01,6.948744270728320904e-01,5.700053445411265018e-01,4.403340284900166268e-01
1.520403879964502547e+00,1.386662819544820513e+00,1.256807858466769900e+00,1.045955662109327333e+00,8.830289307086695016e-01,6.955988374701116417e-01,5.704143040182974023e-01,4.405058350405666734e-01
1.522568064725705606e+00,1.388952468267363738e+00,1.259069494540968170e+00,1.047691279931661335e+00,8.842829813287911289e-01,6.963261663898134834e-01,5.708249478159531654e-01,4.406787184804426549e-01
1.524735419002627657e+00,1.391248523002925896e+00,1.261340269431306726e+00,1.049434323598406049e+00,8.855423116776577341e-01,6.970564284689315659e-01,5.712372825700814394e-01,4.408526818331253705e-01
1.526905942471268096e+00,1.393551010899135800e+00,1.263620240518668281e+00,1.051184840043090984e+00,8.868069530784452592e-01,6.977896384473115665e-01,5.716513149603299482e-01,4.410277281446673969e-01
1.529079634758448103e+00,1.395859959259808658e+00,1.265909465630089104e+00,1.052942876584020082e+00,8.880769371013063074e-01,6.985258111685487270e-01,5.720670517103095820e-01,4.412038604838591782e-01
1.531256495441315035e+00,1.398175395545777855e+00,1.268208003042815557e+00,1.054708480928948866e+00,8.893522955662831464e-01,6.992649615808987917e-01,5.724844995879002640e-01,4.413810819423973353e-01
1.533436524046841054e+00,1.400497347375728951e+00,1.270515911488407035e+00,1.056481701179882826e+00,8.906330605463003147e-01,7.000071047382022682e-01,5.729036654055594813e-01,4.415593956350548077e-01
1.535619720051319748e+00,1.402825842527034794e+00,1.272833250156887530e+00,1.058262585838008585e+00,8.919192643702340551e-01,7.007522558008231206e-01,5.733245560206330360e-01,4.417388046998531603e-01
1.537806082879855651e+00,1.405160908936588848e+00,1.275160078700949828e+00,1.060051183808761399e+00,8.932109396260639045e-01,7.015004300366018963e-01,5.737471783356684618e-01,4.419193122982365551e-01
1.539995611905850659e+00,1.407502574701640086e+00,1.277496457240208771e+00,1.061847544407036548e+00,8.945081191641151008e-01,7.022516428218233964e-01,5.741715392987307709e-01,4.421009216152481103e-01
1.542188306450486435e+00,1.409850868080628761e+00,1.279842446365505593e+00,1.063651717362559035e+00,8.958108361003883635e-01,7.030059096422002218e-01,5.745976459037210882e-01,4.422836358597091455e-01
1.544384165782196394e+00,1.412205817494020410e+00,1.282198107143267984e+00,1.065463752825409394e+00,8.971191238199867080e-01,7.037632460938723078e-01,5.750255051906968395e-01,4.424674582644004261e-01
1.546583189116137902e+00,1.414567451525142072e+00,1.284563501119922124e+00,1.067283701371721127e+00,8.984330159806467320e-01,7.045236678844226663e-01,5.754551242461946048e-01,4.426523920862446282e-01
1.548785375613657145e+00,1.416935798921015399e+00,1.286938690326359103e+00,1.069111614009558009e+00,8.997525465163747072e-01,7.052871908339104490e-01,5.758865102035560790e-01,4.428384406064925227e-01
1.550990724381747565e+00,1.419310888593191100e+00,1.289323737282459748e+00,1.070947542184979673e+00,9.010777496411960241e-01,7.060538308759214399e-01,5.763196702432558105e-01,4.430256071309116583e-01
1.553199234472507850e+00,1.421692749618583385e+00,1.291718705001674738e+00,1.072791537788308824e+00,9.024086598530234316e-01,7.068236040586373115e-01,5.767546115932312700e-01,4.432138949899767644e-01
1.555410904882587708e+00,1.424081411240300854e+00,1.294123656995661564e+00,1.074643653160608059e+00,9.037453119376498423e-01,7.075965265459246423e-01,5.771913415292158067e-01,4.434033075390634848e-01
1.557625734552629426e+00,1.426476902868476726e+00,1.296538657278980988e+00,1.076503941100378725e+00,9.050877409728783629e-01,7.083726146184428085e-01,5.776298673750743795e-01,4.435938481586447768e-01
1.559843722366709429e+00,1.428879254081100392e+00,1.298963770373857463e+00,1.078372454870501818e+00,9.064359823327875487e-01,7.091518846747720817e-01,5.780701965031402878e-01,4.437855202544900846e-01
1.562064867151767622e+00,1.431288494624845420e+00,1.301399061314997052e+00,1.080249248205424006e+00,9.077900716921448732e-01,7.099343532325641526e-01,5.785123363345553438e-01,4.439783272578680107e-01
1.564289167677032077e+00,1.433704654415893787e+00,1.303844595654468863e+00,1.082134375318609676e+00,9.091500450309804027e-01,7.107200369297151932e-01,5.789562943396123762e-01,4.441722726257508191e-01
1.566516622653440383e+00,1.436127763540759883e+00,1.306300439466652641e+00,1.084027890910274294e+00,9.105159386393252285e-01,7.115089525255617886e-01,5.794020780380992885e-01,4.443673598410227132e-01
1.568747230733051889e+00,1.438557852257112968e+00,1.308766659353248984e+00,1.085929850175413547e+00,9.118877891221236487e-01,7.123011169021005173e-01,5.798496949996461147e-01,4.445635924126921101e-01
1.570980990508456632e+00,1.440994950994596069e+00,1.311243322448359283e+00,1.087840308812152212e+00,9.132656334043308677e-01,7.130965470652337324e-01,5.802991528440741842e-01,4.447609738761068021e-01
1.573217900512174472e+00,1.443439090355639332e+00,1.313730496423632044e+00,1.089759323030422999e+00,9.146495087362108700e-01,7.138952601460414327e-01,5.807504592417472855e-01,4.449595077931723930e-01
1.575457959216048920e+00,1.445890301116273147e+00,1.316228249493478497e+00,1.091686949561001763e+00,9.160394526988395736e-01,7.146972734020804463e-01,5.812036219139248283e-01,4.451591977525744537e-01
1.577701165030634733e+00,1.448348614226936615e+00,1.318736650420360368e+00,1.093623245664917976e+00,9.174355032098321372e-01,7.155026042187133672e-01,5.816586486331174477e-01,4.453600473700049522e-01
1.579947516304579747e+00,1.450814060813280015e+00,1.321255768520151586e+00,1.095568269143268436e+00,9.188376985293029708e-01,7.163112701104661362e-01,5.821155472234444961e-01,4.455620602883924031e-01
1.582197011323998925e+00,1.453286672176965277e+00,1.323785673667573493e+00,1.097522078347455077e+00,9.202460772660733257e-01,7.171232887224181507e-01,5.825743255609929783e-01,4.457652401781361795e-01
1.584449648311837766e+00,1.455766479796459567e+00,1.326326436301705547e+00,1.099484732189868419e+00,9.216606783841482242e-01,7.179386778316263484e-01,5.830349915741803724e-01,4.459695907373453228e-01
1.586705425427231253e+00,1.458253515327822436e+00,1.328878127431575962e+00,1.101456290155058193e+00,9.230815412094681705e-01,7.187574553485822637e-01,5.834975532441167845e-01,4.461751156920819583e-01
1.588964340764859040e+00,1.460747810605490971e+00,1.331440818641830282e+00,1.103436812311411552e+00,9.245087054369617308e-01,7.195796393187057216e-01,5.839620186049696571e-01,4.463818187966088202e-01
1.591226392354288199e+00,1.463249397643054728e+00,1.334014582098484780e+00,1.105426359323371965e+00,9.259422111379145282e-01,7.204052479238773898e-01,5.844283957443311417e-01,4.465897038336422153e-01
1.593491578159305977e+00,1.465758308634024232e+00,1.336599490554760683e+00,1.107424992464234537e+00,9.273820987676755223e-01,7.212342994840117427e-01,5.848966928035858048e-01,4.467987746146108718e-01
1.595759896077250550e+00,1.468274575952592365e+00,1.339195617357004764e+00,1.109432773629556834e+00,9.288284091737181170e-01,7.220668124586705483e-01,5.853669179782806653e-01,4.470090349799185070e-01
1.598031343938328686e+00,1.470798232154387764e+00,1.341803036450702313e+00,1.111449765351224528e+00,9.302811836040817406e-01,7.229028054487215416e-01,5.858390795184958977e-01,4.472204887992135003e-01
1.600305919504927399e+00,1.473329309977219781e+00,1.344421822386575371e+00,1.113476030812207362e+00,9.317404637162222114e-01,7.237422971980445041e-01,5.863131857292167570e-01,4.474331399716639512e-01
1.602583620470916737e+00,1.475867842341813452e+00,1.347052050326777106e+00,1.115511633862059426e+00,9.332062915862862074e-01,7.245853065952844174e-01,5.867892449707067248e-01,4.476469924262387878e-01
1.604864444460940343e+00,1.478413862352532471e+00,1.349693796051181893e+00,1.117556639033205457e+00,9.346787097188470339e-01,7.254318526756581287e-01,5.872672656588822093e-01,4.478620501219965355e-01
1.607148389029699143e+00,1.480967403298093288e+00,1.352347135963772207e+00,1.119611111558067806e+00,9.361577610571265584e-01,7.262819546228134193e-01,5.877472562656869126e-01,4.480783170483792488e-01
1.609435451661226146e+00,1.483528498652267880e+00,1.355012147099126540e+00,1.121675117387090026e+00,9.376434889937322881e-01,7.271356317707466932e-01,5.882292253194667531e-01,4.482957972255148804e-01
1.611725629768150148e+00,1.486097182074571199e+00,1.357688907129011247e+00,1.123748723207706801e+00,9.391359373819532230e-01,7.279929036057821712e-01,5.887131814053462309e-01,4.485144947045271446e-01
1.614018920690948544e+00,1.488673487410938412e+00,1.360377494369080731e+00,1.125831996464336848e+00,9.406351505476372443e-01,7.288537897686115929e-01,5.891991331656045716e-01,4.487344135678527079e-01
1.616315321697190610e+00,1.491257448694383703e+00,1.363077987785686007e+00,1.127925005379455836e+00,9.421411733016950008e-01,7.297183100564045288e-01,5.896870893000502045e-01,4.489555579295673726e-01
1.618614829980768777e+00,1.493849100145646425e+00,1.365790467002797826e+00,1.130027818975821274e+00,9.436540509532740373e-01,7.305864844249881918e-01,5.901770585663965729e-01,4.491779319357210309e-01
1.620917442661120589e+00,1.496448476173821485e+00,1.368515012309044598e+00,1.132140507099929749e+00,9.451738293236398025e-01,7.314583329911027443e-01,5.906690497806376117e-01,4.494015397646820009e-01
1.623223156782435783e+00,1.499055611376966857e+00,1.371251704664872451e+00,1.134263140446786222e+00,9.467005547608132732e-01,7.323338760347364307e-01,5.911630718174211152e-01,4.496263856274911319e-01
1.625531969312850489e+00,1.501670540542696664e+00,1.374000625709830503e+00,1.136395790586075094e+00,9.482342741550167098e-01,7.332131340015439758e-01,5.916591336104214394e-01,4.498524737682266794e-01
1.627843877143634321e+00,1.504293298648752941e+00,1.376761857769982056e+00,1.138538529989816750e+00,9.497750349549798354e-01,7.340961275053546897e-01,5.921572441527104269e-01,4.500798084643793384e-01
1.630158877088360825e+00,1.506923920863554756e+00,1.379535483865448997e+00,1.140691432061621935e+00,9.513228851851579515e-01,7.349828773307744978e-01,5.926574124971272228e-01,4.503083940272393781e-01
1.632476965882061481e+00,1.509562442546723560e+00,1.382321587718095213e+00,1.142854571167644329e+00,9.528778734639302694e-01,7.358734044358881121e-01,5.931596477566452030e-01,4.505382348022968220e-01
1.634798140180369064e+00,1.512208899249585903e+00,1.385120253759350106e+00,1.145028022669340784e+00,9.544400490228396317e-01,7.367677299550662307e-01,5.936639591047355724e-01,4.507693351696531181e-01
1.637122396558648108e+00,1.514863326715649272e+00,1.387931567138177780e+00,1.147211862958170459e+00,9.560094617269391248e-01,7.376658752018839804e-01,5.941703557757289644e-01,4.510016995444471322e-01
1.639449731511103625e+00,1.517525760881045738e+00,1.390755613729199647e+00,1.149406169492353413e+00,9.575861620963266319e-01,7.385678616721598200e-01,5.946788470651730441e-01,4.512353323772965719e-01
1.641780141449876496e+00,1.520196237874950729e+00,1.393592480140974921e+00,1.151611020835831445e+00,9.591702013289408191e-01,7.394737110471194530e-01,5.951894423301855586e-01,4.514702381547536780e-01
1.644113622704126865e+00,1.522874794019967615e+00,1.396442253724440974e+00,1.153826496699580595e+00,9.607616313247030471e-01,7.403834451966924135e-01,5.957021509898033917e-01,4.517064213997774025e-01
1.646450171519093120e+00,1.525561465832476093e+00,1.399305022581525559e+00,1.156052677985428989e+00,9.623605047110987964e-01,7.412970861829514257e-01,5.962169825253262889e-01,4.519438866722234605e-01
1.648789784055134211e+00,1.528256290022946162e+00,1.402180875573936225e+00,1.158289646832556308e+00,9.639668748702872048e-01,7.422146562637009781e-01,5.967339464806535876e-01,4.521826385693517025e-01
1.651132456386755765e+00,1.530959303496213675e+00,1.405069902332126031e+00,1.160537486666847418e+00,9.655807959678488483e-01,7.431361778962264353e-01,5.972530524626157300e-01,4.524226817263540257e-01
1.653478184501615100e+00,1.533670543351712157e+00,1.407972193264454441e+00,1.162796282253298452e+00,9.672023229832772406e-01,7.440616737412119042e-01,5.977743101412976712e-01,4.526640208169018798e-01
1.655826964299501602e+00,1.536390046883660432e+00,1.410887839566542290e+00,1.165066119751679174e+00,9.688315117423332845e-01,7.449911666668386223e-01,5.982977292503547373e-01,4.529066605537162005e-01
1.658178791591297774e+00,1.539117851581204288e+00,1.413816933230831685e+00,1.167347086775674558e+00,9.704684189513816950e-01,7.459246797530735273e-01,5.988233195873197134e-01,4.531506056891607126e-01
1.660533662097919638e+00,1.541853995128508181e+00,1.416759567056361524e+00,1.169639272455740731e+00,9.721131022338473926e-01,7.468622362961605532e-01,5.993510910138989400e-01,4.533958610158588254e-01
1.662891571449229833e+00,1.544598515404791206e+00,1.419715834658761944e+00,1.171942767505920191e+00,9.737656201689377511e-01,7.478038598133306403e-01,5.998810534562591945e-01,4.536424313673381725e-01
1.665252515182925386e+00,1.547351450484306001e+00,1.422685830480482583e+00,1.174257664294895642e+00,9.754260323327730298e-01,7.487495740477390083e-01,6.004132169053018053e-01,4.538903216187017975e-01
1.667616488743398184e+00,1.550112838636257484e+00,1.425669649801259320e+00,1.176584056921561316e+00,9.770943993420950768e-01,7.496994029736461229e-01,6.009475914169243316e-01,4.541395366873293149e-01
1.669983487480569462e+00,1.552882718324657629e+00,1.428667388748836808e+00,1.178922041295423551e+00,9.787707829007219473e-01,7.506533708018580109e-01,6.014841871122680317e-01,4.543900815336096022e-01
1.672353506648695642e+00,1.555661128208109201e+00,1.431679144309953022e+00,1.181271715222154794e+00,9.804552458489388389e-01,7.516115019854444634e-01,6.020230141779499000e-01,4.546419611617061873e-01
1.674726541405137104e+00,1.558448107139513761e+00,1.434705014341595364e+00,1.183633178494649218e+00,9.821478522160201896e-01,7.525738212257502280e-01,6.025640828662789383e-01,4.548951806203593295e-01
1.677102586809100071e+00,1.561243694165704410e+00,1.437745097582548315e+00,1.186006532989963169e+00,9.838486672760898832e-01,7.535403534787166180e-01,6.031074034954535534e-01,4.551497450037248482e-01
1.679481637820343654e+00,1.564047928526992370e+00,1.440799493665238629e+00,1.188391882772529717e+00,9.855577576075535973e-01,7.545111239615385212e-01,6.036529864497403031e-01,4.554056594522533641e-01
1.681863689297844910e+00,1.566860849656625421e+00,1.443868303127895159e+00,1.190789334204075622e+00,9.872751911563369953e-01,7.554861581596732378e-01,6.042008421796306594e-01,4.556629291536127835e-01
1.684248735998431057e+00,1.569682497180150627e+00,1.446951627427039311e+00,1.193198996060703898e+00,9.890010373031840052e-01,7.564654818342260167e-01,6.047509812019745690e-01,4.559215593436550806e-01
1.686636772575369925e+00,1.572512910914672490e+00,1.450049568950318557e+00,1.195620979657619154e+00,9.907353669352990666e-01,7.574491210297372712e-01,6.053034141000905866e-01,4.561815553074329843e-01
1.689027793576915570e+00,1.575352130868005629e+00,1.453162231029701879e+00,1.198055398982021957e+00,9.924782525226177876e-01,7.584371020823963416e-01,6.058581515238490312e-01,4.564429223802675684e-01
1.691421793444809474e+00,1.578200197237711766e+00,1.456289717955054241e+00,1.200502370834724664e+00,9.942297681990192038e-01,7.594294516287100061e-01,6.064152041897253875e-01,4.567056659488701320e-01
1.693818766512735330e+00,1.581057150410011936e+00,1.459432134988108976e+00,1.202962014981081795e+00,9.959899898488177028e-01,7.604261966146543816e-01,6.069745828808233989e-01,4.569697914525236992e-01
1.696218707004719661e+00,1.583923030958568345e+00,1.462589588376856931e+00,1.205434454311871795e+00,9.977589951988854455e-01,7.614273643053425245e-01,6.075362984468647420e-01,4.572353043843261911e-01
1.698621609033480917e+00,1.586797879643125908e+00,1.465762185370375059e+00,1.207919815014803833e+00,9.995368639167865332e-01,7.624329822952413682e-01,6.081003618041422865e-01,4.575022102924997669e-01
1.701027466598723059e+00,1.589681737408004336e+00,1.468950034234112634e+00,1.210418226757369986e+00,1.001323677715335370e+00,7.634430785189735280e-01,6.086667839354354959e-01,4.577705147817713316e-01
1.703436273585365424e+00,1.592574645380431253e+00,1.472153244265663741e+00,1.212929822881819719e+00,1.003119520464001546e+00,7.644576812627420503e-01,6.092355758898826412e-01,4.580402235148280377e-01
1.705848023761711074e+00,1.595476644868704774e+00,1.475371925811051588e+00,1.215454740613079565e+00,1.004924478307628100e+00,7.654768191764178553e-01,6.098067487828089384e-01,4.583113422138526682e-01
1.708262710777548543e+00,1.598387777360176898e+00,1.478606190281543498e+00,1.217993121280493973e+00,1.006738639792962520e+00,7.665005212863358341e-01,6.103803137955082780e-01,4.585838766621455620e-01
1.710680328162178965e+00,1.601308084519042163e+00,1.481856150171033226e+00,1.220545110554335011e+00,1.008562096003517317e+00,7.675288170088445661e-01,6.109562821749713324e-01,4.588578327058370210e-01
1.713100869322367270e+00,1.604237608183920250e+00,1.485121919074016139e+00,1.223110858698075454e+00,1.010394940703332134e+00,7.685617361646579493e-01,6.115346652335581501e-01,4.591332162556966967e-01
1.715524327540216332e+00,1.607176390365221641e+00,1.488403611704190554e+00,1.225690520837506181e+00,1.012237270490228269e+00,7.695993089940624809e-01,6.121154743486122429e-01,4.594100332890469485e-01
1.717950695970952069e+00,1.610124473242278142e+00,1.491701343913719890e+00,1.228284257247835187e+00,1.014089184959206191e+00,7.706415661730372513e-01,6.126987209620111674e-01,4.596882898517864469e-01
1.720379967640616847e+00,1.613081899160221822e+00,1.495015232713186926e+00,1.230892233659993229e+00,1.015950786876663958e+00,7.716885388303453830e-01,6.132844165796486058e-01,4.599679920605323491e-01
1.722812135443669401e+00,1.616048710626600382e+00,1.498345396292285248e+00,1.233514621587453508e+00,1.017822182366164618e+00,7.727402585656610867e-01,6.138725727708426172e-01,4.602491461048866528e-01
1.725247192140479502e+00,1.619024950307710986e+00,1.501691954041284083e+00,1.236151598674955165e+00,1.019703481106536413e+00,7.737967574688005001e-01,6.144632011676659511e-01,4.605317582498366091e-01
1.727685130354714937e+00,1.622010661024626099e+00,1.505055026573306920e+00,1.238803349070618731e+00,1.021594796543137340e+00,7.748580681401303627e-01,6.150563134641934271e-01,4.608158348382993541e-01
1.730125942570613917e+00,1.625005885748901369e+00,1.508434735747476552e+00,1.241470063823042480e+00,1.023496246113167807e+00,7.759242237122299102e-01,6.156519214156586095e-01,4.611013822938168638e-01
1.732569621130129578e+00,1.628010667597937111e+00,1.511831204692970054e+00,1.244151941305077003e+00,1.025407951485976632e+00,7.769952578728893666e-01,6.162500368375142257e-01,4.613884071234147233e-01
1.735016158229946370e+00,1.631025049829973206e+00,1.515244557834036332e+00,1.246849187666086101e+00,1.027330038819380453e+00,7.780712048895352950e-01,6.168506716043905547e-01,4.616769159206334239e-01
1.737465545918358112e+00,1.634049075838693854e+00,1.518674920916031068e+00,1.249562017314627793e+00,1.029262639033065252e+00,7.791520996351740669e-01,6.174538376489435709e-01,4.619669153687435692e-01
1.739917776091997048e+00,1.637082789147412232e+00,1.522122421032528816e+00,1.252290653433618894e+00,1.031205888100222401e+00,7.802379776159551472e-01,6.180595469605861814e-01,4.622584122441599774e-01
1.742372840492404373e+00,1.640126233402815270e+00,1.525587186653570404e+00,1.255035328530185401e+00,1.033159927358652252e+00,7.813288750004611094e-01,6.186678115840933412e-01,4.625514134200647276e-01
1.744830730702432442e+00,1.643179452368228155e+00,1.529069347655116262e+00,1.257796285022551697e+00,1.035124903842641331e+00,7.824248286508387329e-01,6.192786436180724996e-01,4.628459258702539714e-01
1.747291438142470232e+00,1.646242489916373675e+00,1.532569035349772291e+00,1.260573775866476565e+00,1.037100970637010011e+00,7.835258761558924201e-01,6.198920552132921591e-01,4.631419566732242199e-01
1.749754954066477408e+00,1.649315390021593331e+00,1.536086382518860649e+00,1.263368065223913872e+00,1.039088287254828602e+00,7.846320558662694955e-01,6.205080585708565577e-01,4.634395130165140375e-01
1.752221269557816319e+00,1.652398196751490689e+00,1.539621523445923401e+00,1.266179429176763627e+00,1.041087020040384337e+00,7.857434069318766090e-01,6.211266659402159274e-01,4.637386022013175180e-01
1.754690375524868173e+00,1.655490954257961222e+00,1.543174593951731177e+00,1.269008156488761419e+00,1.043097342599102584e+00,7.868599693416732377e-01,6.217478896170035574e-01,4.640392316473881951e-01
1.757162262696418509e+00,1.658593706767563569e+00,1.546745731430892334e+00,1.271854549418763858e+00,1.045119436256240375e+00,7.879817839660018253e-01,6.223717419406868956e-01,4.643414088982522059e-01
1.759636921616801741e+00,1.661706498571195123e+00,1.550335074890161202e+00,1.274718924588909452e+00,1.047153490546273380e+00,7.891088926016198712e-01,6.229982352920175881e-01,4.646451416267520784e-01
1.762114342640782816e+00,1.664829374013018670e+00,1.553942764988539782e+00,1.277601613911368839e+00,1.049199703735040012e+00,7.902413380196138259e-01,6.236273820902702436e-01,4.649504376409429041e-01
1.764594515928160634e+00,1.667962377478594771e+00,1.557568944079279927e+00,1.280502965577639651e+00,1.051258283376852898e+00,7.913791640163877483e-01,6.242591947902546012e-01,4.652573048903638764e-01
1.767077431438076385e+00,1.671105553382165265e+00,1.561213756253906348e+00,1.283423345114614644e+00,1.053329446908916722e+00,7.925224154679247901e-01,6.248936858790860027e-01,4.655657514727123969e-01
1.769563078923009014e+00,1.674258946153027727e+00,1.564877347388375917e+00,1.286363136511940342e+00,1.055413422285553127e+00,7.936711383875427739e-01,6.255308678726986260e-01,4.658757856409448395e-01
1.772051447922435852e+00,1.677422600220948468e+00,1.568559865191506031e+00,1.289322743425476592e+00,1.057510448654908508e+00,7.948253799873737924e-01,6.261707533120817182e-01,4.661874158108335608e-01
1.774542527756128640e+00,1.680596560000542583e+00,1.572261459255807958e+00,1.292302590461992473e+00,1.059620777080993559e+00,7.959851887438126328e-01,6.268133547592242838e-01,4.665006505690125760e-01
1.777036307517076974e+00,1.683780869874551778e+00,1.575982281110869909e+00,1.295303124550580387e+00,1.061744671314090782e+00,7.971506144671979266e-01,6.274586847927461353e-01,4.668154986815414298e-01
1.779532776064003174e+00,1.686975574175952453e+00,1.579722484279444172e+00,1.298324816406646764e+00,1.063882408612767838e+00,7.983217083760074662e-01,6.281067560031953212e-01,4.671319691030238475e-01
1.782031922013440184e+00,1.690180717168813240e+00,1.583482224336408173e+00,1.301368162094717063e+00,1.066034280620958841e+00,7.994985231758626743e-01,6.287575809879898392e-01,4.674500709863183001e-01
1.784533733731353156e+00,1.693396343027812723e+00,1.587261658970770428e+00,1.304433684696707285e+00,1.068200594303801987e+00,8.006811131436626372e-01,6.294111723459813179e-01,4.677698136928790107e-01
1.787038199324266996e+00,1.696622495816335841e+00,1.591060948050908586e+00,1.307521936092781667e+00,1.070381672946157714e+00,8.018695342171870966e-01,6.300675426716142447e-01,4.680912068037703655e-01
1.789545306629868104e+00,1.699859219463050186e+00,1.594880253693238936e+00,1.310633498862372681e+00,1.072577857218008024e+00,8.030638440905277786e-01,6.307267045486535384e-01,4.684142601313998622e-01
1.792055043207049891e+00,1.703106557736861815e+00,1.598719740334527017e+00,1.313768988313454456e+00,1.074789506311206733e+00,8.042641023157367508e-01,6.313886705434540447e-01,4.687389837320167785e-01
1.794567396325360109e+00,1.706364554220140661e+00,1.602579574808066898e+00,1.316929054648700692e+00,1.077016999152351273e+00,8.054703704110998119e-01,6.320534531977417547e-01,4.690653879190286313e-01
1.797082352953814688e+00,1.709633252280100990e+00,1.606459926423963624e+00,1.320114385277735058e+00,1.079260735696863538e+00,8.066827119764716780e-01,6.327210650208734410e-01,4.693934832771894938e-01
1.799599899749030563e+00,1.712912695038214750e+00,1.610360967053776404e+00,1.323325707285295971e+00,1.081521138309700980e+00,8.079011928161440315e-01,6.333915184815418487e-01,4.697232806777191239e-01
1.802120023042637742e+00,1.716202925337522611e+00,1.614282871219786086e+00,1.326563790065799386e+00,1.083798653238485343e+00,8.091258810697408155e-01,6.340648259988895807e-01,4.700547912944141316e-01
1.804642708827923769e+00,1.719503985707706795e+00,1.618225816189183597e+00,1.329829448135479097e+00,1.086093752185215644e+00,8.103568473516687964e-01,6.347409999329933772e-01,4.703880266208176897e-01
1.807167942745649958e+00,1.722815918327773588e+00,1.622189982073477088e+00,1.333123544134019678e+00,1.088406933983145697e+00,8.115941648996933822e-01,6.354200525746784844e-01,4.707229984885200058e-01
1.809695710068997432e+00,1.726138764986187013e+00,1.626175551933443986e+00,1.336446992028419656e+00,1.090738726385830804e+00,8.128379097332374403e-01,6.361019961346180418e-01,4.710597190866623873e-01
1.812225995687575475e+00,1.729472567038281783e+00,1.630182711889975433e+00,1.339800760532643409e+00,1.093089687975828728e+00,8.140881608220462695e-01,6.367868427316731861e-01,4.713982009827276665e-01
1.814758784090433785e+00,1.732817365360774797e+00,1.634211651241175511e+00,1.343185876757531760e+00,1.095460410201027024e+00,8.153450002659038409e-01,6.374746043804228046e-01,4.717384571447012509e-01
1.817294059348013802e+00,1.736173200303183783e+00,1.638262562586111137e+00,1.346603430106420696e+00,1.097851519547089927e+00,8.166085134861255090e-01,6.381652929778314220e-01,4.720805009646946160e-01
1.819831805092965826e+00,1.739540111635940578e+00,1.642335641955626535e+00,1.350054576432925924e+00,1.100263679855095322e+00,8.178787894296064565e-01,6.388589202889999319e-01,4.724243462841301033e-01
1.822372004499756226e+00,1.742918138494983227e+00,1.646431088950660149e+00,1.353540542478455899e+00,1.102697594794016078e+00,8.191559207862535441e-01,6.395554979319388877e-01,4.727700074205885561e-01
1.824914640262986332e+00,1.746307319322593754e+00,1.650549106888535400e+00,1.357062630608180331e+00,1.105154010498352601e+00,8.204400042206805299e-01,6.402550373613025148e-01,4.731174991964333110e-01
1.827459694574337101e+00,1.749707691804224474e+00,1.654689902957727554e+00,1.360622223865434632e+00,1.107633718381893173e+00,8.217311406191061263e-01,6.409575498510150515e-01,4.734668369693275092e-01
1.830007149098047181e+00,1.753119292801048834e+00,1.658853688381634939e+00,1.364220791365860164e+00,1.110137558139304703e+00,8.230294353524576501e-01,6.416630464757194785e-01,4.738180366647700148e-01
1.832556984944827994e+00,1.756542158277953458e+00,1.663040678591919397e+00,1.367859894053997882e+00,1.112666420948038359e+00,8.243349985567448579e-01,6.423715380909730266e-01,4.741711148107869422e-01
1.835109182644110604e+00,1.759976323226665640e+00,1.667251093412013718e+00,1.371541190846558234e+00,1.115221252883850545e+00,8.256479454318413902e-01,6.430830353121077536e-01,4.745260885749204571e-01
1.837663722114513565e+00,1.763421821583688542e+00,1.671485157251441533e+00,1.375266445188206177e+00,1.117803058564111218e+00,8.269683965598840780e-01,6.437975484916719227e-01,4.748829758036679505e-01
1.840220582632414059e+00,1.766878686142702604e+00,1.675743099311621576e+00,1.379037532047410863e+00,1.120412905034016804e+00,8.282964782445809693e-01,6.445150876953598118e-01,4.752417950645348443e-01
1.842779742798498654e+00,1.770346948461065661e+00,1.680025153803879734e+00,1.382856445381723365e+00,1.123051925911822790e+00,8.296323228728025301e-01,6.452356626763356973e-01,4.756025656908751120e-01
1.845341180502150458e+00,1.773826638760009233e+00,1.684331560180442944e+00,1.386725306103820943e+00,1.125721325810248974e+00,8.309760692999169640e-01,6.459592828478462057e-01,4.759653078297046425e-01
1.847904872883541660e+00,1.777317785818121054e+00,1.688662563379220938e+00,1.390646370581703373e+00,1.128422385052370247e+00,8.323278632604325100e-01,6.466859572540133438e-01,4.763300424926849574e-01
1.850470796293270492e+00,1.780820416857666455e+00,1.693018414083250267e+00,1.394622039708646399e+00,1.131156464701498443e+00,8.336878578056085010e-01,6.474156945386935202e-01,4.766967916104883352e-01
1.853038926249376050e+00,1.784334557423262968e+00,1.697399368995720526e+00,1.398654868580889277e+00,1.133925011925827286e+00,8.350562137698035459e-01,6.481485029122766583e-01,4.770655780907684940e-01
1.855609237391567801e+00,1.787860231252405674e+00,1.701805691131566212e+00,1.402747576823527131e+00,1.136729565720003610e+00,8.364331002674464388e-01,6.488843901162947292e-01,4.774364258799768113e-01
1.858181703432477905e+00,1.791397460137300612e+00,1.706237650126667615e+00,1.406903059607760076e+00,1.139571763007232397e+00,8.378186952226392981e-01,6.496233633857015910e-01,4.778093600292787069e-01
1.860756297105735202e+00,1.794946263777427164e+00,1.710695522565765625e+00,1.411124399405508711e+00,1.142453345147068644e+00,8.392131859335326682e-01,6.503654294086758103e-01,4.781844067648430285e-01
1.863332990110655452e+00,1.798506659622215231e+00,1.715179592330273728e+00,1.415414878530442122e+00,1.145376164875709701e+00,8.406167696737474326e-01,6.511105942837878136e-01,4.785615935627935968e-01
1.865911753053324906e+00,1.802078662703172629e+00,1.719690150967238873e+00,1.419777992517703424e+00,1.148342193707355019e+00,8.420296543332759232e-01,6.518588634743656129e-01,4.789409492291321069e-01
1.868492555383829412e+00,1.805662285454767702e+00,1.724227498080783683e+00,1.424217464398068733e+00,1.151353529827076949e+00,8.434520591014470492e-01,6.526102417598796945e-01,4.793225039849628999e-01
1.871075365329378348e+00,1.809257537523322856e+00,1.728791941747449989e+00,1.428737259925953795e+00,1.154412406507642652e+00,8.448842151947023593e-01,6.533647331841596628e-01,4.797062895573703245e-01
1.873660149823050070e+00,1.812864425563115223e+00,1.733383798956947830e+00,1.433341603824602295e+00,1.157521201084846796e+00,8.463263666321239054e-01,6.541223410002420247e-01,4.800923392763224440e-01
1.876246874427870637e+00,1.816482953018836444e+00,1.738003396079905727e+00,1.438034997115964941e+00,1.160682444528186252e+00,8.477787710618327477e-01,6.548830676116345062e-01,4.804806881780007699e-01
1.878835503255912975e+00,1.820113119893508768e+00,1.742651069364332894e+00,1.442822235607223114e+00,1.163898831646114518e+00,8.492417006415843295e-01,6.556469145097721940e-01,4.808713731149807935e-01
1.881425998882084949e+00,1.823754922500895326e+00,1.747327165462602361e+00,1.447708429610654601e+00,1.167173231967681968e+00,8.507154429771034421e-01,6.564138822074234714e-01,4.812644328737163968e-01
1.884018322252257072e+00,1.827408353201367630e+00,1.752032041990870148e+00,1.452699024978588271e+00,1.170508701345102098e+00,8.522003021219317631e-01,6.571839701677915091e-01,4.816599082998125336e-01
1.886612432585355714e+00,1.831073400120136974e+00,1.756766068122983970e+00,1.457799825540569083e+00,1.173908494324701346e+00,8.536965996428049763e-01,6.579571767290383066e-01,4.820578424315989374e-01
1.889208287269019237e+00,1.834750046846683746e+00,1.761529625221051276e+00,1.463017017035590062e+00,1.177376077336804272e+00,8.552046757548351641e-01,6.587334990239429588e-01,4.824582806425543047e-01
1.891805841748388062e+00,1.838438272114134131e+00,1.766323107504973677e+00,1.468357192638351405e+00,1.180915142758407921e+00,8.567248905310563822e-01,6.595129328943895031e-01,4.828612707931654313e-01
1.894405049407579034e+00,1.842138049457258786e+00,1.771146922763407128e+00,1.473827380185010361e+00,1.184529623906026119e+00,8.582576251911814280e-01,6.602954728003572749e-01,4.832668633928436375e-01
1.897005861443360031e+00,1.845849346847674211e+00,1.776001493108757101e+00,1.479435071210812191e+00,1.188223711019815498e+00,8.598032834747368902e-01,6.610811117230680489e-01,4.836751117725633931e-01
1.899608226730502114e+00,1.849572126304743103e+00,1.780887255778981659e+00,1.485188251919378644e+00,1.192001868304088052e+00,8.613622931040739727e-01,6.618698410619233696e-01,4.840860722689291906e-01
1.902212091678262773e+00,1.853306343480559892e+00,1.785804663989145391e+00,1.491095436211276493e+00,1.195868852093569190e+00,8.629351073431102970e-01,6.626616505248430489e-01,4.844998044204241183e-01
1.904817400077414735e+00,1.857051947217310151e+00,1.790754187835864375e+00,1.497165700907878927e+00,1.199829730219262203e+00,8.645222066580369180e-01,6.634565280115880537e-01,4.849163711766441009e-01
1.907424092937192173e+00,1.860808879075177336e+00,1.795736315257973503e+00,1.503408723315438289e+00,1.203889902652607979e+00,8.661241004866286897e-01,6.642544594896306887e-01,4.853358391213721257e-01
1.910032108311486843e+00,1.864577072828846438e+00,1.800751553056940901e+00,1.509834821283788653e+00,1.208055123511748041e+00,8.677413291232245474e-01,6.650554288621040033e-01,4.857582787104050004e-01
1.912641381113592276e+00,1.868356453930535510e+00,1.805800427980801759e+00,1.516454995924227278e+00,1.212331524519147496e+00,8.693744657268992482e-01,6.658594178273334885e-01,4.861837645251017026e-01
1.915251842918727965e+00,1.872146938937336635e+00,1.810883487875605713e+00,1.523280977161878935e+00,1.216725640005658082e+00,8.710241184608361609e-01,6.666664057294267032e-01,4.866123755426903230e-01
1.917863421753539077e+00,1.875948434900518214e+00,1.816001302908621051e+00,1.530325272309331242e+00,1.221244433562268972e+00,8.726909327714295062e-01,6.674763693993583935e-01,4.870441954244347782e-01
1.920476041871719941e+00,1.879760838714270799e+00,1.821154466867807908e+00,1.537601217860559144e+00,1.225895326447379308e+00,8.743755938161911212e-01,6.682892829859603534e-01,4.874793128228340766e-01
1.923089623514837365e+00,1.883584036421222629e+00,1.826343598542354618e+00,1.545123034717157839e+00,1.230686227864449034e+00,8.760788290501244635e-01,6.691051177761849766e-01,4.879178217091075243e-01
1.925704082657381022e+00,1.887417902471874465e+00,1.831569343189377586e+00,1.552905887072771440e+00,1.235625567232311983e+00,8.778014109808492949e-01,6.699238420039712594e-01,4.883598217222959170e-01
1.928319330734995729e+00,1.891262298934915709e+00,1.836832374092186138e+00,1.560965945196363780e+00,1.240722328578404809e+00,8.795441601034293955e-01,6.707454206470042646e-01,4.888054185413981956e-01
1.930935274354795839e+00,1.895117074655186640e+00,1.842133394215875963e+00,1.569320452370692953e+00,1.245986087193611924e+00,8.813079480265554322e-01,6.715698152106129859e-01,4.892547242820577957e-01
1.933551814986574913e+00,1.898982064355834831e+00,1.847473137966353818e+00,1.577987796259098463e+00,1.251427048696401645e+00,8.830937008024850599e-01,6.723969834980063620e-01,4.897078579194074077e-01
1.936168848633650574e+00,1.902857087680989157e+00,1.852852373059286517e+00,1.586987584991507383e+00,1.257056090663541736e+00,8.849024024739503558e-01,6.732268793659967887e-01,4.901649457387865505e-01
1.938786265482011162e+00,1.906741948175042278e+00,1.858271902505876039e+00,1.596340728279572296e+00,1.262884806994838183e+00,8.867350988520773525e-01,6.740594524653076292e-01,4.906261218161608872e-01
1.941403949526327333e+00,1.910636432194367185e+00,1.863732566722781980e+00,1.606069523891046957e+00,1.268925555190208110e+00,8.885929015402780351e-01,6.748946479645075991e-01,4.910915285301887812e-01
1.944021778171312942e+00,1.914540307747019554e+00,1.869235245773983589e+00,1.616197749835001307e+00,1.275191506728959423e+00,8.904769922200369558e-01,6.757324062565561729e-01,4.915613171080072674e-01
1.946639621806809828e+00,1.918453323255701948e+00,1.874780861752842975e+00,1.626750762632413805e+00,1.281696700753403473e+00,8.923886272155304722e-01,6.765726626468780980e-01,4.920356482069450643e-01
1.949257343354872329e+00,1.922375206238936318e+00,1.880370381313161365e+00,1.637755602071057748e+00,1.288456101272018817e+00,8.943291423551074093e-01,6.774153470218214901e-01,4.925146925345136317e-01
1.951874797787010563e+00,1.926305661905075794e+00,1.886004818358559154e+00,1.649241102869544395e+00,1.295485658111326543e+00,8.962999581488229062e-01,6.782603834962872558e-01,4.929986315091802185e-01
1.954491831609627361e+00,1.930244371653433655e+00,1.891685236900089384e+00,1.661238013703046468e+00,1.302802371860423580e+00,8.983025853024448892e-01,6.791076900392359894e-01,4.934876579645891548e-01
1.957108282315572323e+00,1.934190991476431032e+00,1.897412754092617782e+00,1.673779124072655389e+00,1.310424363067881126e+00,9.003386305896605712e-01,6.799571780757016626e-01,4.939819769000702299e-01
1.959723977799573635e+00,1.938145150256268323e+00,1.903188543461154625e+00,1.686899399531641697e+00,1.318370945967514585e+00,9.024098031056099201e-01,6.808087520638625989e-01,4.944818062804590131e-01
1.962338735735187134e+00,1.942106447949204728e+00,1.909013838329014279e+00,1.700636125815249367e+00,1.326662707027353338e+00,9.045179209263514153e-01,6.816623090456246370e-01,4.949873778884479880e-01
1.964952362910740824e+00,1.946074453650074254e+00,1.914889935460424519e+00,1.715029062456151498e+00,1.335321588635156154e+00,9.066649182004421492e-01,6.825177381690799017e-01,4.954989382328981451e-01
1.967564654521580136e+00,1.950048703529191352e+00,1.920818198930985599e+00,1.730120606505483050e+00,1.344370978254026738e+00,9.088528527004950952e-01,6.833749201811065710e-01,4.960167495167613350e-01
1.970175393415750875e+00,1.954028698633289762e+00,1.926800064240207666e+00,1.745955967019615418e+00,1.353835803403161453e+00,9.110839138643568313e-01,6.842337268882642265e-01,4.965410906685004955e-01
1.972784349290074069e+00,1.958013902541585916e+00,1.932837042681250228e+00,1.762583351015636346e+00,1.363742632841692615e+00,9.133604313574467115e-01,6.850940205840301278e-01,4.970722584411485512e-01
1.975391277833363102e+00,1.962003738867488467e+00,1.938930725983910586e+00,1.780054161644076594e+00,1.374119784357907825e+00,9.156848841898193037e-01,6.859556534403039585e-01,4.976105685834116832e-01
1.977995919813322123e+00,1.965997588595854939e+00,1.945082791247913390e+00,1.798423209375963339e+00,1.384997439592025925e+00,9.180599104236550900e-01,6.868184668609781385e-01,4.981563570875096603e-01
1.980598000103442002e+00,1.969994787245037182e+00,1.951295006184603276e+00,1.817748937052895419e+00,1.396407766348296997e+00,9.204883175091685965e-01,6.876822907952385711e-01,4.987099815187498453e-01
1.983197226645966982e+00,1.973994621842264818e+00,1.957569234686267201e+00,1.838093659703792238e+00,1.408385048881500401e+00,9.229730932893487338e-01,6.885469430081181397e-01,4.992718224321525122e-01
1.985793289346757362e+00,1.977996327700169532e+00,1.963907442743500376e+00,1.859523820090471125e+00,1.420965826674116084e+00,9.255174177165302885e-01,6.894122283056772771e-01,4.998422848817914432e-01
1.988385858897598668e+00,1.981999084981457937e+00,1.970311704732291114e+00,1.882110261006456398e+00,1.434189042253640967e+00,9.281246753265388616e-01,6.902779377120219495e-01,5.004218000288773727e-01
1.990974585521214202e+00,1.986002015037902968e+00,1.976784210093847083e+00,1.905928515419670788e+00,1.448096198634815313e+00,9.307984685190709984e-01,6.911438475952005334e-01,5.010108268550009791e-01
1.993559097633936128e+00,1.990004176508924472e+00,1.983327270431600953e+00,1.931059115620166633e+00,1.462731527009101251e+00,9.335426316960769855e-01,6.920097187388455362e-01,5.016098539873696804e-01
1.996139000420659615e+00,1.994004561164075318e+00,1.989943327051344690e+00,1.957587922609094422e+00,1.478142165343715009e+00,9.363612463132113817e-01,6.928752953562307138e-01,5.022194016433092489e-01
1.998713874316361050e+00,1.998002089472730169e+00,1.996634958972048679e+00,1.985606477044944196e+00,1.494378348594995964e+00,9.392586569029279797e-01,6.937403040432150725e-01,5.028400237017713881e-01
