5.835720370894134090e-01,5.835287657652290516e-01,5.834313049790531558e-01,5.833175335096802971e-01,5.832321552721038138e-01,5.831307096171235438e-01,5.830613276703590087e-01,5.830369033985431937e-01
5.840470752759836515e-01,5.837947103213340094e-01,5.835924314226429432e-01,5.833281113310611055e-01,5.831362902678646210e-01,5.828807223358355438e-01,5.826817719709637133e-01,5.825285481542079591e-01
5.845513280916536658e-01,5.841106019267684468e-01,5.837846269799518151e-01,5.833539597271238941e-01,5.830367704159252762e-01,5.826236918547779142e-01,5.823141592686404966e-01,5.819696335888036032e-01
5.850605241141014767e-01,5.844337761323354918e-01,5.839808476432604145e-01,5.833814151760831068e-01,5.829461477845885309e-01,5.823641641550266757e-01,5.819386009905949120e-01,5.814281020245145593e-01
5.855716701823184822e-01,5.847588165594174159e-01,5.841775182863750970e-01,5.834083385988794168e-01,5.828449127077970360e-01,5.821062610906211354e-01,5.815617518163329613e-01,5.808914421809824313e-01
5.860839943630266058e-01,5.850843807299326294e-01,5.843738387688568459e-01,5.834344490672530581e-01,5.827505193877520195e-01,5.818442127536388453e-01,5.811845807368196670e-01,5.803574163501374894e-01
5.865972290234010567e-01,5.854100374279391783e-01,5.845696277825389586e-01,5.834596752256925312e-01,5.826494485159141590e-01,5.815840463538681782e-01,5.808055948809660585e-01,5.798253288596302291e-01
5.871112691619267965e-01,5.857356426423361295e-01,5.847648807829244344e-01,5.834841532195410574e-01,5.825507854875513480e-01,5.813215300340565106e-01,5.804269322777005913e-01,5.792943386438151876e-01
5.876260736908546223e-01,5.860611632963574902e-01,5.849596550969360376e-01,5.835079665343297917e-01,5.824497529764636194e-01,5.810594235715592637e-01,5.800474888437128218e-01,5.787645130904832680e-01
5.881416300583063306e-01,5.863866118152369911e-01,5.851540315108666457e-01,5.835312468984152900e-01,5.823487963205943307e-01,5.807965842057291050e-01,5.796680540926435476e-01,5.782355804369914143e-01
5.886579393933647486e-01,5.867120219850466833e-01,5.853480961598792609e-01,5.835540999725186140e-01,5.822471304590621788e-01,5.805336364167429375e-01,5.792884718388294774e-01,5.777075381410532451e-01
5.891750097342368653e-01,5.870374365050305965e-01,5.855419357082292109e-01,5.835766344907997727e-01,5.821451829500247088e-01,5.802705100570262342e-01,5.789089280919406111e-01,5.771803282406146041e-01
5.896928526227330769e-01,5.873629018055288586e-01,5.857356339534438572e-01,5.835989490161078708e-01,5.820429753437073028e-01,5.800073470530734410e-01,5.785294804072911301e-01,5.766539372735550728e-01
5.902114813331611476e-01,5.876884651482900956e-01,5.859292710041815733e-01,5.836211365009486007e-01,5.819406294161093562e-01,5.797442207844237805e-01,5.781502088842827014e-01,5.761283545382263060e-01
5.907309099006584630e-01,5.880141732548155309e-01,5.861229228829828442e-01,5.836432834617749643e-01,5.818382343711888671e-01,5.794812116683638603e-01,5.777711790679656012e-01,5.756035774055102694e-01
5.912511525790927758e-01,5.883400715886833998e-01,5.863166615562998008e-01,5.836654707960853283e-01,5.817358774333969418e-01,5.792183915759696600e-01,5.773924518929618444e-01,5.750796069595063287e-01
5.917722235339722969e-01,5.886662040200663082e-01,5.865105550973925830e-01,5.836877742241282085e-01,5.816336391443939213e-01,5.789558275678239330e-01,5.770140830965041490e-01,5.745564469159251120e-01
5.922941366696098386e-01,5.889926126895013159e-01,5.867046679149002797e-01,5.837102647623998442e-01,5.815315947865473678e-01,5.786935820526636354e-01,5.766361241834623286e-01,5.740341026435672456e-01
5.928169055345816618e-01,5.893193379818051358e-01,5.868990609982809303e-01,5.837330091393579945e-01,5.814298148250306442e-01,5.784317133324441418e-01,5.762586229717477915e-01,5.735125805663039422e-01
5.933405432737085539e-01,5.896464185593111029e-01,5.870937921592821462e-01,5.837560701652844131e-01,5.813283653697840503e-01,5.781702760133669017e-01,5.758816240468404013e-01,5.729918877608981553e-01
5.938650626079501338e-01,5.899738914260460598e-01,5.872889162595360535e-01,5.837795070585578561e-01,5.812273085655137450e-01,5.779093213571100396e-01,5.755051691271837466e-01,5.724720316859706060e-01
5.943904758310759595e-01,5.903017920066478963e-01,5.874844854203875588e-01,5.838033757332439233e-01,5.811267029289163277e-01,5.776488975803991677e-01,5.751292973643805650e-01,5.719530199970712658e-01
5.949167948163237574e-01,5.906301542307681451e-01,5.876805492140819709e-01,5.838277290529010344e-01,5.810266036417505164e-01,5.773890501128342567e-01,5.747540455933094483e-01,5.714348604195735870e-01
5.954440310288545701e-01,5.909590106177172730e-01,5.878771548369220445e-01,5.838526170551565642e-01,5.809270628071022680e-01,5.771298218205180852e-01,5.743794485431501506e-01,5.709175606609925291e-01
5.959721955413963546e-01,5.912883923584578705e-01,5.880743472656891901e-01,5.838780871510965698e-01,5.808281296748144529e-01,5.768712532014271810e-01,5.740055390174048089e-01,5.704011283505360241e-01
5.965012990514375613e-01,5.916183293934351717e-01,5.882721693988758327e-01,5.839041843029717516e-01,5.807298508409406423e-01,5.766133825572465899e-01,5.736323480489844417e-01,5.698855709976812234e-01
5.970313518989543988e-01,5.919488504855594524e-01,5.884706621843098784e-01,5.839309511832257993e-01,5.806322704251971611e-01,5.763562461454514452e-01,5.732599050349916903e-01,5.693708959641621270e-01
5.975623640840425077e-01,5.922799832881285864e-01,5.886698647346805258e-01,5.839584283174030777e-01,5.805354302296883429e-01,5.760998783146977775e-01,5.728882378547852650e-01,5.688571104454764882e-01
5.980943452840724595e-01,5.926117544077605936e-01,5.888698144323478711e-01,5.839866542131071370e-01,5.804393698816052716e-01,5.758443116260153483e-01,5.725173729741442896e-01,5.683442214591889474e-01
5.986273048701509225e-01,5.929441894625576692e-01,5.890705470246818676e-01,5.840156654768501321e-01,5.803441269621363308e-01,5.755895769618514235e-01,5.721473355377690861e-01,5.678322358380978319e-01
5.991612519227692557e-01,5.932773131357977903e-01,5.892720967110298691e-01,5.840454969203539015e-01,5.802497371234558443e-01,5.753357036246572465e-01,5.717781494519168506e-01,5.673211602268861675e-01
5.996961952465909018e-01,5.936111492254876332e-01,5.894744962222845386e-01,5.840761816576406362e-01,5.801562341953602209e-01,5.750827194264249709e-01,5.714098374586321638e-01,5.668110010812651423e-01
6.002321433843702536e-01,5.939457206901129771e-01,5.896777768939032160e-01,5.841077511940394595e-01,5.800636502828706575e-01,5.748306507703550006e-01,5.710424212027642721e-01,5.663017646688892626e-01
6.007691046300176474e-01,5.942810496909135543e-01,5.898819687331198214e-01,5.841402355080776987e-01,5.799720158559128480e-01,5.745795227256440540e-01,5.706759212927595692e-01,5.657934570715198452e-01
6.013070870408475654e-01,5.946171576309949858e-01,5.900871004809994380e-01,5.841736631270915137e-01,5.798813598320218254e-01,5.743293590962338380e-01,5.703103573560505124e-01,5.652860841880522624e-01
6.018460984490493493e-01,5.949540651915606881e-01,5.902931996698985717e-01,5.842080611972640947e-01,5.797917096528820702e-01,5.740801824842336476e-01,5.699457480897253125e-01,5.647796517381277193e-01
6.023861464724282744e-01,5.952917923655308696e-01,5.905002926768279092e-01,5.842434555487074910e-01,5.797030913553926634e-01,5.738320143486252967e-01,5.695821113070596020e-01,5.642741652661235063e-01
6.029272385244649479e-01,5.956303584887875369e-01,5.907084047731491205e-01,5.842798707561187577e-01,5.796155296378496802e-01,5.735848750597737356e-01,5.692194639804025735e-01,5.637696301453691827e-01
6.034693818237379936e-01,5.959697822692617830e-01,5.909175601709812931e-01,5.843173301954717180e-01,5.795290479217607427e-01,5.733387839501927763e-01,5.688578222808322593e-01,5.632660515824791103e-01
6.040125834027589846e-01,5.963100818140625314e-01,5.911277820666512861e-01,5.843558560971429117e-01,5.794436684097367118e-01,5.730937593619547243e-01,5.684972016149432150e-01,5.627634346217220696e-01
6.045568501162602582e-01,5.966512746548207069e-01,5.913390926814769966e-01,5.843954695958215595e-01,5.793594121398452090e-01,5.728498186910830903e-01,5.681376166590738075e-01,5.622617841493677826e-01
6.051021886489781343e-01,5.969933777714095946e-01,5.915515133001399972e-01,5.844361907775077469e-01,5.792762990367614773e-01,5.726069784292203702e-01,5.677790813912387824e-01,5.617611048979715971e-01
6.056486055229675092e-01,5.973364076141838286e-01,5.917650643068734784e-01,5.844780387238648345e-01,5.791943479600103473e-01,5.723652542028290213e-01,5.674216091210022572e-01,5.612614014505673543e-01
6.061961071044855709e-01,5.976803801248647963e-01,5.919797652196620019e-01,5.845210315541643498e-01,5.791135767495604325e-01,5.721246608101532294e-01,5.670652125174907576e-01,5.607626782447484581e-01
6.067446996104758350e-01,5.980253107561896986e-01,5.921956347226312589e-01,5.845651864650268648e-01,5.790340022689947075e-01,5.718852122561353113e-01,5.667099036357238218e-01,5.602649395766263751e-01
6.072943891146806994e-01,5.983712144904260732e-01,5.924126906967844830e-01,5.846105197681433774e-01,5.789556404464585304e-01,5.716469217854633911e-01,5.663556939414189362e-01,5.597681896046583505e-01
6.078451815534129388e-01,5.987181058568464831e-01,5.926309502492208559e-01,5.846570469261381797e-01,5.788785063135626352e-01,5.714098019139078888e-01,5.660025943344048072e-01,5.592724323533413422e-01
6.083970827310088980e-01,5.990659989482478576e-01,5.928504297409610269e-01,5.847047825867174309e-01,5.788026140423974120e-01,5.711738644580798274e-01,5.656506151707660912e-01,5.587776717167712848e-01
6.089500983249886978e-01,5.994149074365907603e-01,5.930711448134898811e-01,5.847537406152326644e-01,5.787279769808019170e-01,5.709391205637337485e-01,5.652997662838271653e-01,5.582839114620691268e-01
6.095042338909418822e-01,5.997648445878281942e-01,5.932931104141124790e-01,5.848039341257719181e-01,5.786546076860096255e-01,5.707055807327274799e-01,5.649500570040671965e-01,5.577911552326761946e-01
6.100594948671603790e-01,6.001158232759835620e-01,5.935163408202128732e-01,5.848553755108814034e-01,5.785825179567843923e-01,5.704732548487333466e-01,5.646014961780534414e-01,5.572994065515232132e-01
6.106158865790354273e-01,6.004678559965366258e-01,5.937408496624930754e-01,5.849080764700089752e-01,5.785117188641464292e-01,5.702421522017877553e-01,5.642540921864680481e-01,5.568086688240778681e-01
6.111734142432332373e-01,6.008209548791669796e-01,5.939666499472628924e-01,5.849620480367536679e-01,5.784422207807787819e-01,5.700122815117596442e-01,5.639078529612960855e-01,5.563189453412751284e-01
6.117320829716684782e-01,6.011751316999014438e-01,5.941937540778453597e-01,5.850173006049946833e-01,5.783740334091989066e-01,5.697836509508079628e-01,5.635627860022364155e-01,5.558302392823359916e-01
6.122918977752845882e-01,6.015303978927071249e-01,5.944221738751531703e-01,5.850738439539656666e-01,5.783071658087659550e-01,5.695562681648917991e-01,5.632188983923881453e-01,5.553425537174792037e-01
6.128528635676560032e-01,6.018867645605682215e-01,5.946519205974879485e-01,5.851316872723375528e-01,5.782416264215916035e-01,5.693301402943916623e-01,5.628761968132636184e-01,5.548558916105313932e-01
6.134149851684247423e-01,6.022442424860814381e-01,5.948830049596105507e-01,5.851908391813662735e-01,5.781774230974169315e-01,5.691052739938936567e-01,5.625346875591737961e-01,5.543702558214437248e-01
6.139782673065780072e-01,6.026028421416013137e-01,5.951154371511249153e-01,5.852513077571526168e-01,5.781145631175116373e-01,5.688816754511849538e-01,5.621943765510234448e-01,5.538856491087149614e-01
6.145427146235814542e-01,6.029625736989648876e-01,5.953492268542114330e-01,5.853131005520619823e-01,5.780530532176447744e-01,5.686593504055061921e-01,5.618552693495543204e-01,5.534020741317285941e-01
6.151083316763751307e-01,6.033234470388221249e-01,5.955843832607473631e-01,5.853762246153482174e-01,5.779928996101744154e-01,5.684383041650979962e-01,5.615173711680707669e-01,5.529195334530103700e-01
6.156751229402389614e-01,6.036854717595963038e-01,5.958209150888470473e-01,5.854406865130185045e-01,5.779341080053009838e-01,5.682185416240798093e-01,5.611806868846771490e-01,5.524380295404073271e-01
6.162430928115369966e-01,6.040486571860959053e-01,5.960588305988483437e-01,5.855064923469747162e-01,5.778766836315234467e-01,5.680000672786943428e-01,5.608452210540538774e-01,5.519575647691949971e-01
6.168122456103477536e-01,6.044130123777986530e-01,5.962981376087742591e-01,5.855736477734651002e-01,5.778206312553341162e-01,5.677828852429493978e-01,5.605109779187995578e-01,5.514781414241153312e-01
6.173825855829868647e-01,6.047785461368277993e-01,5.965388435092945363e-01,5.856421580208781563e-01,5.777659552001866983e-01,5.675669992636860339e-01,5.601779614203621360e-01,5.509997617013501214e-01
6.179541169044273641e-01,6.051452670156364233e-01,5.967809552782094018e-01,5.857120279069050195e-01,5.777126593647712305e-01,5.673524127350977331e-01,5.598461752095784671e-01,5.505224277104324715e-01
6.185268436806249381e-01,6.055131833244159489e-01,5.970244794944763456e-01,5.857832618550974368e-01,5.776607472406236621e-01,5.671391287127274250e-01,5.595156226568444024e-01,5.500461414761010914e-01
6.191007699507515838e-01,6.058823031382430946e-01,5.972694223517990286e-01,5.858558639108467636e-01,5.776102219290967232e-01,5.669271499269642467e-01,5.591863068619329358e-01,5.495709049400997470e-01
6.196758996893434457e-01,6.062526343039815746e-01,5.975157896717975259e-01,5.859298377568070704e-01,5.775610861577217259e-01,5.667164787960623507e-01,5.588582306634761743e-01,5.490967199629236406e-01
6.202522368083677184e-01,6.066241844469481004e-01,5.977635869167756688e-01,5.860051867277833448e-01,5.775133422959841667e-01,5.665071174387007469e-01,5.585313966481292303e-01,5.486235883255178303e-01
6.208297851592127214e-01,6.069969609773534502e-01,5.980128192021009204e-01,5.860819138251042171e-01,5.774669923705334496e-01,5.662990676861031636e-01,5.582058071594279136e-01,5.481515117309293528e-01
6.214085485346040327e-01,6.073709710965348174e-01,5.982634913082127692e-01,5.861600217305004135e-01,5.774220380798501528e-01,5.660923310937360231e-01,5.578814643063526590e-01,5.476804918059134941e-01
6.219885306704503458e-01,6.077462218029839880e-01,5.985156076922714119e-01,5.862395128195069249e-01,5.773784808083936015e-01,5.658869089526006313e-01,5.575583699716166741e-01,5.472105301024994262e-01
6.225697352476254887e-01,6.081227198981826731e-01,5.987691724994598230e-01,5.863203891744040996e-01,5.773363216402460640e-01,5.656828023001345684e-01,5.572365258196846360e-01,5.467416280995165412e-01
6.231521658936861607e-01,6.085004719922553207e-01,5.990241895739524258e-01,5.864026525967154235e-01,5.772955613722730028e-01,5.654800119307383799e-01,5.569159333045341498e-01,5.462737872040809295e-01
6.237358261845298291e-01,6.088794845094454011e-01,5.992806624695612427e-01,5.864863046192774210e-01,5.772562005268171426e-01,5.652785384059407781e-01,5.565965936771717359e-01,5.458070087530474401e-01
6.243207196459962249e-01,6.092597636934229399e-01,5.995385944600681860e-01,5.865713465178946651e-01,5.772182393639423426e-01,5.650783820642144573e-01,5.562785079929111198e-01,5.453412940144276577e-01
6.249068497554126633e-01,6.096413156124316224e-01,5.997979885492554786e-01,5.866577793225959958e-01,5.771816778932429282e-01,5.648795430304571763e-01,5.559616771184241468e-01,5.448766441887743506e-01
6.254942199430899574e-01,6.100241461642820218e-01,6.000588474806451966e-01,5.867456038285052689e-01,5.771465158852342459e-01,5.646820212251481008e-01,5.556461017385717627e-01,5.444130604105341664e-01
6.260828335937680400e-01,6.104082610811960574e-01,6.003211737469538178e-01,5.868348206063375150e-01,5.771127528823399855e-01,5.644858163731907297e-01,5.553317823630233852e-01,5.439505437493711293e-01
6.266726940480118468e-01,6.107936659345096775e-01,6.005849695992714343e-01,5.869254300125332779e-01,5.770803882094863724e-01,5.642909280124548399e-01,5.550187193326726609e-01,5.434890952114622698e-01
6.272638046035644566e-01,6.111803661392384290e-01,6.008502370559742900e-01,5.870174321990438981e-01,5.770494209843209932e-01,5.640973555020263319e-01,5.547069128258567128e-01,5.430287157407649445e-01
6.278561685166568207e-01,6.115683669585127991e-01,6.011169779113797462e-01,5.871108271227799547e-01,5.770198501270659142e-01,5.639050980301747451e-01,5.543963628643842068e-01,5.425694062202576218e-01
6.284497890032741951e-01,6.119576735078866569e-01,6.013851937441484496e-01,5.872056145547307482e-01,5.769916743700187478e-01,5.637141546220486577e-01,5.540870693193807872e-01,5.421111674731560193e-01
6.290446692403830475e-01,6.123482907595225733e-01,6.016548859254426951e-01,5.873017940887660382e-01,5.769648922667133251e-01,5.635245241471070754e-01,5.537790319169567654e-01,5.416540002641051510e-01
6.296408123671212165e-01,6.127402235462608981e-01,6.019260556268475337e-01,5.873993651501325797e-01,5.769395022007497431e-01,5.633362053262964686e-01,5.534722502437018354e-01,5.411979053003470597e-01
6.302382214859505449e-01,6.131334765655765962e-01,6.021987038280609550e-01,5.874983270036522320e-01,5.769155023943070004e-01,5.631491967389810060e-01,5.531667237520143665e-01,5.407428832328672330e-01
6.308368996637737647e-01,6.135280543834256139e-01,6.024728313243604694e-01,5.875986787616325202e-01,5.768928909163475449e-01,5.629634968296336472e-01,5.528624517652706016e-01,5.402889346575190377e-01
6.314368499330175188e-01,6.139239614379848886e-01,6.027484387338507554e-01,5.877004193914984187e-01,5.768716656905241713e-01,5.627791039142969742e-01,5.525594334828366483e-01,5.398360601161265038e-01
6.320380752926837431e-01,6.143212020432919918e-01,6.030255265044994761e-01,5.878035477231533523e-01,5.768518245027977054e-01,5.625960161868205356e-01,5.522576679849289238e-01,5.393842600975674584e-01
6.326405787093698496e-01,6.147197803927854087e-01,6.033040949209668158e-01,5.879080624560791835e-01,5.768333650087770215e-01,5.624142317248809197e-01,5.519571542373294948e-01,5.389335350388367862e-01
6.332443631182569366e-01,6.151197005627494496e-01,6.035841441112341776e-01,5.880139621661824023e-01,5.768162847407901639e-01,5.622337484957928844e-01,5.516578910959580861e-01,5.384838853260908165e-01
6.338494314240710192e-01,6.155209665156674559e-01,6.038656740530362610e-01,5.881212453123945139e-01,5.768005811146930117e-01,5.620545643621177589e-01,5.513598773113055351e-01,5.380353112956731687e-01
6.344557865020157283e-01,6.159235821034844127e-01,6.041486845801035122e-01,5.882299102430340598e-01,5.767862514364271442e-01,5.618766770870748939e-01,5.510631115327357943e-01,5.375878132351228356e-01
6.350634311986772529e-01,6.163275510707832971e-01,6.044331753882201674e-01,5.883399552019389356e-01,5.767732929083340121e-01,5.617000843397631504e-01,5.507675923126565953e-01,5.371413913841650567e-01
6.356723683329047470e-01,6.167328770578786035e-01,6.047191460411005526e-01,5.884513783343757742e-01,5.767617026352320764e-01,5.615247837001978715e-01,5.504733181105633255e-01,5.366960459356846513e-01
6.362826006966648684e-01,6.171395636038277122e-01,6.050065959760903000e-01,5.885641776927323932e-01,5.767514776302670176e-01,5.613507726641685514e-01,5.501802872969611125e-01,5.362517770366830305e-01
6.368941310558720037e-01,6.175476141493624338e-01,6.052955245096967030e-01,5.886783512420001863e-01,5.767426148205407888e-01,5.611780486479251984e-01,5.498884981571683372e-01,5.358085847892192222e-01
6.375069621511951778e-01,6.179570320397449468e-01,6.055859308429517585e-01,5.887938968650540117e-01,5.767351110525266167e-01,5.610066089926962762e-01,5.495979488950037961e-01,5.353664692513355750e-01
6.381210966988425382e-01,6.183678205275494610e-01,6.058778140666140066e-01,5.889108123677365692e-01,5.767289630972786130e-01,5.608364509690438870e-01,5.493086376363617296e-01,5.349254304379679192e-01
6.387365373913247435e-01,6.187799827753711623e-01,6.061711731662120517e-01,5.890290954837513748e-01,5.767241676554419882e-01,5.606675717810630788e-01,5.490205624326786049e-01,5.344854683218397406e-01
6.393532868981968154e-01,6.191935218584655454e-01,6.064660070269337622e-01,5.891487438793711062e-01,5.767207213620689776e-01,5.604999685704279422e-01,5.487337212642926509e-01,5.340465828343434751e-01
6.399713478667791167e-01,6.196084407673189132e-01,6.067623144383663680e-01,5.892697551579689774e-01,5.767186207912492479e-01,5.603336384202904918e-01,5.484481120437001422e-01,5.336087738664064828e-01
6.405907229228595678e-01,6.200247424101534843e-01,6.070600940990913408e-01,5.893921268643763645e-01,5.767178624605600046e-01,5.601685783590367729e-01,5.481637326187123183e-01,5.331720412693422562e-01
6.412114146713759899e-01,6.204424296153676632e-01,6.073593446211356106e-01,5.895158564890735642e-01,5.767184428353411274e-01,5.600047853639048556e-01,5.478805807755147139e-01,5.327363848556900816e-01
6.418334256970800178e-01,6.208615051339134716e-01,6.076600645342862261e-01,5.896409414722183495e-01,5.767203583328027738e-01,5.598422563644688266e-01,5.475986542416311220e-01,5.323018044000384918e-01
6.424567585651844714e-01,6.212819716416133620e-01,6.079622522902694559e-01,5.897673792075177612e-01,5.767236053259684470e-01,5.596809882459931051e-01,5.473179506887958512e-01,5.318682996398366170e-01
6.430814158219925192e-01,6.217038317414178561e-01,6.082659062667986616e-01,5.898951670459491314e-01,5.767281801474614111e-01,5.595209778526609723e-01,5.470384677357363890e-01,5.314358702761942110e-01
6.437073999955091885e-01,6.221270879656061181e-01,6.085710247714957166e-01,5.900243022993346687e-01,5.767340790931397843e-01,5.593622219906813076e-01,5.467602029508690231e-01,5.310045159746662469e-01
6.443347135960383332e-01,6.225517427779292401e-01,6.088776060456874140e-01,5.901547822437731572e-01,5.767412984255844144e-01,5.592047174312787527e-01,5.464831538549088652e-01,5.305742363660260752e-01
6.449633591167633906e-01,6.229777985757001257e-01,6.091856482680809703e-01,5.902866041229340999e-01,5.767498343774436487e-01,5.590484609135686345e-01,5.462073179233986053e-01,5.301450310470269267e-01
6.455933390343113754e-01,6.234052576918290844e-01,6.094951495583217360e-01,5.904197651512208544e-01,5.767596831546418779e-01,5.588934491473218635e-01,5.459326925891567761e-01,5.297168995811499803e-01
6.462246558093045490e-01,6.238341223968085769e-01,6.098061079804377727e-01,5.905542625168045401e-01,5.767708409394551872e-01,5.587396788156234750e-01,5.456592752446473016e-01,5.292898414993409961e-01
6.468573118868968796e-01,6.242643949006480009e-01,6.101185215461718547e-01,5.906900933845337098e-01,5.767833038934594425e-01,5.585871465774268074e-01,5.453870632442744393e-01,5.288638563007358462e-01
6.474913096972954030e-01,6.246960773547578505e-01,6.104323882182044470e-01,5.908272548987234529e-01,5.767970681603549199e-01,5.584358490700096489e-01,5.451160539066034483e-01,5.284389434533732777e-01
6.481266516562688151e-01,6.251291718537873576e-01,6.107477059132727648e-01,5.909657441858298110e-01,5.768121298686704757e-01,5.582857829113313519e-01,5.448462445165092038e-01,5.280151023948970179e-01
6.487633401656434096e-01,6.255636804374151705e-01,6.110644725051861403e-01,5.911055583570120620e-01,5.768284851343543629e-01,5.581369447022971331e-01,5.445776323272560893e-01,5.275923325332471103e-01
6.494013776137865790e-01,6.259996050920942912e-01,6.113826858277413567e-01,5.912466945105856464e-01,5.768461300632524713e-01,5.579893310289332220e-01,5.443102145625091648e-01,5.271706332473390377e-01
6.500407663760767729e-01,6.264369477527538255e-01,6.117023436775423928e-01,5.913891497343715109e-01,5.768650607534798747e-01,5.578429384644716382e-01,5.440439884182790564e-01,5.267500038877325208e-01
6.506815088153621307e-01,6.268757103044572121e-01,6.120234438167240221e-01,5.915329211079443095e-01,5.768852732976884612e-01,5.576977635713521453e-01,5.437789510648044500e-01,5.263304437772893252e-01
6.513236072824082346e-01,6.273158945840179301e-01,6.123459839755848177e-01,5.916780057047823504e-01,5.769067637852359764e-01,5.575538029031421594e-01,5.435150996483709696e-01,5.259119522118205214e-01
6.519670641163324287e-01,6.277575023815743505e-01,6.126699618551300075e-01,5.918244005943233965e-01,5.769295283042570333e-01,5.574110530063762781e-01,5.432524312930697707e-01,5.254945284607241973e-01
6.526118816450287019e-01,6.282005354421253962e-01,6.129953751295278419e-01,5.919721028439306476e-01,5.769535629436411961e-01,5.572695104223202023e-01,5.429909431024972921e-01,5.250781717676110683e-01
6.532580621855824665e-01,6.286449954670270124e-01,6.133222214484820300e-01,5.921211095207696840e-01,5.769788637949235799e-01,5.571291716886602741e-01,5.427306321613969420e-01,5.246628813509206513e-01
6.539056080446731256e-01,6.290908841154503328e-01,6.136504984395210194e-01,5.922714176936012542e-01,5.770054269540865199e-01,5.569900333411211824e-01,5.424714955372466063e-01,5.242486564045284458e-01
6.545545215189679800e-01,6.295382030058040979e-01,6.139802037102090049e-01,5.924230244344921292e-01,5.770332485232794184e-01,5.568520919150151682e-01,5.422135302817914226e-01,5.238354960983416797e-01
6.552048048955055881e-01,6.299869537171192135e-01,6.143113348502781124e-01,5.925759268204465746e-01,5.770623246124575445e-01,5.567153439467231735e-01,5.419567334325233743e-01,5.234233995788861726e-01
6.558564604520696895e-01,6.304371377903992268e-01,6.146438894336859748e-01,5.927301219349621064e-01,5.770926513409436742e-01,5.565797859751117072e-01,5.417011020141100364e-01,5.230123659698828753e-01
6.565094904575544676e-01,6.308887567299370502e-01,6.149778650205999231e-01,5.928856068695123049e-01,5.771242248389152341e-01,5.564454145428887610e-01,5.414466330397741389e-01,5.226023943728155263e-01
6.571638971723195999e-01,6.313418120045971582e-01,6.153132591593111211e-01,5.930423787249590184e-01,5.771570412488186141e-01,5.563122261978972194e-01,5.411933235126246133e-01,5.221934838674886503e-01
6.578196828485372016e-01,6.317963050490658095e-01,6.156500693880786468e-01,5.932004346128948447e-01,5.771910967267164239e-01,5.561802174943512034e-01,5.409411704269410093e-01,5.217856335125755640e-01
6.584768497305306667e-01,6.322522372650698497e-01,6.159882932369057373e-01,5.933597716569206648e-01,5.772263874435661357e-01,5.560493849940162381e-01,5.406901707694113934e-01,5.213788423461584998e-01
6.591354000551039594e-01,6.327096100225640951e-01,6.163279282292528638e-01,5.935203869938604493e-01,5.772629095864344473e-01,5.559197252673351297e-01,5.404403215203266164e-01,5.209731093862589590e-01
6.597953360518639121e-01,6.331684246608878519e-01,6.166689718836860790e-01,5.936822777749140023e-01,5.773006593596504699e-01,5.557912348945009962e-01,5.401916196547321691e-01,5.205684336313586291e-01
6.604566599435340857e-01,6.336286824898931247e-01,6.170114217154650804e-01,5.938454411667515309e-01,5.773396329858994092e-01,5.556639104664795603e-01,5.399440621435370735e-01,5.201648140609125281e-01
6.611193739462609686e-01,6.340903847910432933e-01,6.173552752380716546e-01,5.940098743525514813e-01,5.773798267072589585e-01,5.555377485859832598e-01,5.396976459545832494e-01,5.197622496358528243e-01
6.617834802699131824e-01,6.345535328184844781e-01,6.177005299646791681e-01,5.941755745329833083e-01,5.774212367861800699e-01,5.554127458683978391e-01,5.394523680536752464e-01,5.193607392990837734e-01
6.624489811183718047e-01,6.350181278000887053e-01,6.180471834095672135e-01,5.943425389271385084e-01,5.774638595064146562e-01,5.552888989426640887e-01,5.392082254055711177e-01,5.189602819759688845e-01
6.631158786898159185e-01,6.354841709384704274e-01,6.183952330894812999e-01,5.945107647734104717e-01,5.775076911738931118e-01,5.551662044521146200e-01,5.389652149749363241e-01,5.185608765748095372e-01
6.637841751770006127e-01,6.359516634119783962e-01,6.187446765249395852e-01,5.946802493303257053e-01,5.775527281175518723e-01,5.550446590552693404e-01,5.387233337272625544e-01,5.181625219873147170e-01
6.644538727675264322e-01,6.364206063756610021e-01,6.190955112414890937e-01,5.948509898773294280e-01,5.775989666901132358e-01,5.549242594265900719e-01,5.384825786297509076e-01,5.177652170890629790e-01
6.651249736441036120e-01,6.368910009622061885e-01,6.194477347709113069e-01,5.950229837155240897e-01,5.776464032688217731e-01,5.548050022571949791e-01,5.382429466521605477e-01,5.173689607399570844e-01
6.657974799848109804e-01,6.373628482828586073e-01,6.198013446523803482e-01,5.951962281683659262e-01,5.776950342561348872e-01,5.546868842555363610e-01,5.380044347676250505e-01,5.169737517846691999e-01
6.664713939633469808e-01,6.378361494283129041e-01,6.201563384335740947e-01,5.953707205823206561e-01,5.777448560803725153e-01,5.545699021480416935e-01,5.377670399534371093e-01,5.165795890530794354e-01
6.671467177492749201e-01,6.383109054695831341e-01,6.205127136717396574e-01,5.955464583274774348e-01,5.777958651963269743e-01,5.544540526797187008e-01,5.375307591918014882e-01,5.161864713607062782e-01
6.678234535082628875e-01,6.387871174588510836e-01,6.208704679347157862e-01,5.957234387981256152e-01,5.778480580858332827e-01,5.543393326147267874e-01,5.372955894705577773e-01,5.157943975091291433e-01
6.685016034023175679e-01,6.392647864302918315e-01,6.212295988019127524e-01,5.959016594132939826e-01,5.779014312583022894e-01,5.542257387369163846e-01,5.370615277838743928e-01,5.154033662864037080e-01
6.691811695900129475e-01,6.397439134008781059e-01,6.215901038652500432e-01,5.960811176172547965e-01,5.779559812512186090e-01,5.541132678503370990e-01,5.368285711329144894e-01,5.150133764674693637e-01
6.698621542267125806e-01,6.402244993711642129e-01,6.219519807300541991e-01,5.962618108799938588e-01,5.780117046306045836e-01,5.540019167797145538e-01,5.365967165264742267e-01,5.146244268145502287e-01
6.705445594647865271e-01,6.407065453260492038e-01,6.223152270159186816e-01,5.964437366976480526e-01,5.780685979914501615e-01,5.538916823708990300e-01,5.363659609815940588e-01,5.142365160775482780e-01
6.712283874538244044e-01,6.411900522355200582e-01,6.226798403575258822e-01,5.966268925929112399e-01,5.781266579581120224e-01,5.537825614912857963e-01,5.361363015241440433e-01,5.138496429944291455e-01
6.719136403408429992e-01,6.416750210553768818e-01,6.230458184054339377e-01,5.968112761154100721e-01,5.781858811846823931e-01,5.536745510302075735e-01,5.359077351893845043e-01,5.134638062916013768e-01
6.726003202704875505e-01,6.421614527279382312e-01,6.234131588268262414e-01,5.969968848420510454e-01,5.782462643553294424e-01,5.535676478993027949e-01,5.356802590225030469e-01,5.130790046842880203e-01
6.732884293852290369e-01,6.426493481827275644e-01,6.237818593062277595e-01,5.971837163773396906e-01,5.783078041846086981e-01,5.534618490328583329e-01,5.354538700791271477e-01,5.126952368768925572e-01
6.739779698255574658e-01,6.431387083371431501e-01,6.241519175461892610e-01,5.973717683536737821e-01,5.783704974177479308e-01,5.533571513881276882e-01,5.352285654258138736e-01,5.123125015633573920e-01
6.746689437301703895e-01,6.436295340971093237e-01,6.245233312679390192e-01,5.975610384316112356e-01,5.784343408309075008e-01,5.532535519456265316e-01,5.350043421405179522e-01,5.119307974275152384e-01
6.753613532361557592e-01,6.441218263577114245e-01,6.248960982120030927e-01,5.977515243001128020e-01,5.784993312314153924e-01,5.531510477094060407e-01,5.347811973130386365e-01,5.115501231434341767e-01
6.760552004791721137e-01,6.446155860038140784e-01,6.252702161387968527e-01,5.979432236767623365e-01,5.785654654579791556e-01,5.530496357073046987e-01,5.345591280454454752e-01,5.111704773757569376e-01
6.767504875936228848e-01,6.451108139106623840e-01,6.256456828291868666e-01,5.981361343079643067e-01,5.786327403808753100e-01,5.529493129911803306e-01,5.343381314524843217e-01,5.107918587800337473e-01
6.774472167128273714e-01,6.456075109444683324e-01,6.260224960850246934e-01,5.983302539691196520e-01,5.787011529021170997e-01,5.528500766371227115e-01,5.341182046619638024e-01,5.104142660030479561e-01
6.781453899691883835e-01,6.461056779629817948e-01,6.264006537296551436e-01,5.985255804647824363e-01,5.787706999556019305e-01,5.527519237456458567e-01,5.338993448151225785e-01,5.100376976831356712e-01
6.788450094943545565e-01,6.466053158160455228e-01,6.267801536083963398e-01,5.987221116287967382e-01,5.788413785072392681e-01,5.526548514418633262e-01,5.336815490669787332e-01,5.096621524504999501e-01
6.795460774193795572e-01,6.471064253461366045e-01,6.271609935889952414e-01,5.989198453244141129e-01,5.789131855550592176e-01,5.525588568756472085e-01,5.334648145866619506e-01,5.092876289275189983e-01
6.802485958748772932e-01,6.476090073888925991e-01,6.275431715620601869e-01,5.991187794443928460e-01,5.789861181293044501e-01,5.524639372217683420e-01,5.332491385577282639e-01,5.089141257290477061e-01
6.809525669911737911e-01,6.481130627736242378e-01,6.279266854414675691e-01,5.993189119110816643e-01,5.790601732925040324e-01,5.523700896800218807e-01,5.330345181784580388e-01,5.085416414627139670e-01
6.816579928984558556e-01,6.486185923238153572e-01,6.283115331647465274e-01,5.995202406764867931e-01,5.791353481395302705e-01,5.522773114753379842e-01,5.328209506621380820e-01,5.081701747292087790e-01
6.823648757269153986e-01,6.491255968576076230e-01,6.286977126934431004e-01,5.997227637223230268e-01,5.792116397976405651e-01,5.521855998578767410e-01,5.326084332373289820e-01,5.077997241225709057e-01
6.830732176068899930e-01,6.496340771882740395e-01,6.290852220134612871e-01,5.999264790600506991e-01,5.792890454265052780e-01,5.520949521031096596e-01,5.323969631481172415e-01,5.074302882304659867e-01
6.837830206690017620e-01,6.501440341246791377e-01,6.294740591353841230e-01,6.001313847308977767e-01,5.793675622182206109e-01,5.520053655118877245e-01,5.321865376543523096e-01,5.070618656344604291e-01
6.844942870442912719e-01,6.506554684717268389e-01,6.298642220947752168e-01,6.003374788058695177e-01,5.794471873973073839e-01,5.519168374104969077e-01,5.319771540318697367e-01,5.066944549102894157e-01
6.852070188643497595e-01,6.511683810307965503e-01,6.302557089524607470e-01,6.005447593857450306e-01,5.795279182206974911e-01,5.518293651507011344e-01,5.317688095727021169e-01,5.063280546281194727e-01
6.859212182614475850e-01,6.516827726001669374e-01,6.306485177947931398e-01,6.007532246010617305e-01,5.796097519777082541e-01,5.517429461097733689e-01,5.315615015852762637e-01,5.059626633528067075e-01
6.866368873686591323e-01,6.521986439754293707e-01,6.310426467338973167e-01,6.009628726120879172e-01,5.796926859900056739e-01,5.516575776905157102e-01,5.313552273945969517e-01,5.055982796441489402e-01
6.873540283199859324e-01,6.527159959498900488e-01,6.314380939079000665e-01,6.011737016087848051e-01,5.797767176115550258e-01,5.515732573212688283e-01,5.311499843424195566e-01,5.052349020571330618e-01
6.880726432504761236e-01,6.532348293149606855e-01,6.318348574811410989e-01,6.013857098107581178e-01,5.798618442285616847e-01,5.514899824559109653e-01,5.309457697874107041e-01,5.048725291421775063e-01
6.887927342963409139e-01,6.537551448605380955e-01,6.322329356443697757e-01,6.015988954671996902e-01,5.799480632594025131e-01,5.514077505738479434e-01,5.307425811052974840e-01,5.045111594453697279e-01
6.895143035950693777e-01,6.542769433753748975e-01,6.326323266149261881e-01,6.018132568568201890e-01,5.800353721545464802e-01,5.513265591799921816e-01,5.305404156890060063e-01,5.041507915086987923e-01
6.902373532855395899e-01,6.548002256474397820e-01,6.330330286369068027e-01,6.020287922877722853e-01,5.801237683964675096e-01,5.512464058047342741e-01,5.303392709487891876e-01,5.037914238702833059e-01
6.909618855081274269e-01,6.553249924642677859e-01,6.334350399813171162e-01,6.022455000975660555e-01,5.802132494995483336e-01,5.511672880039063527e-01,5.301391443123435465e-01,5.034330550645945701e-01
6.916879024048135927e-01,6.558512446133007989e-01,6.338383589462083245e-01,6.024633786529760560e-01,5.803038130099759107e-01,5.510892033587359018e-01,5.299400332249181167e-01,5.030756836226747408e-01
6.924154061192865361e-01,6.563789828822184091e-01,6.342429838568028888e-01,6.026824263499416245e-01,5.803954565056297366e-01,5.510121494757933558e-01,5.297419351494121464e-01,5.027193080723514340e-01
6.931443987970441478e-01,6.569082080592610895e-01,6.346489130656070010e-01,6.029026416134587452e-01,5.804881775959621626e-01,5.509361239869315918e-01,5.295448475664641386e-01,5.023639269384474471e-01
6.938748825854936797e-01,6.574389209335438355e-01,6.350561449525095048e-01,6.031240228974664719e-01,5.805819739218724962e-01,5.508611245492186503e-01,5.293487679745323415e-01,5.020095387429851508e-01
6.946068596340475576e-01,6.579711222953601446e-01,6.354646779248701582e-01,6.033465686847278020e-01,5.806768431555747734e-01,5.507871488448642383e-01,5.291536938899666920e-01,5.016561420053875509e-01
6.953403320942180832e-01,6.585048129364793335e-01,6.358745104175966834e-01,6.035702774867026665e-01,5.807727830004595360e-01,5.507141945811397932e-01,5.289596228470726524e-01,5.013037352426751303e-01
6.960753021197105816e-01,6.590399936504348632e-01,6.362856408932101582e-01,6.037951478434159247e-01,5.808697911909491696e-01,5.506422594902925516e-01,5.287665523981667226e-01,5.009523169696583622e-01
6.968117718665128857e-01,6.595766652328038937e-01,6.366980678419001949e-01,6.040211783233216947e-01,5.809678654923480234e-01,5.505713413294539560e-01,5.285744801136250670e-01,5.006018856991257815e-01
6.975497434929833762e-01,6.601148284814806200e-01,6.371117897815702369e-01,6.042483675231616891e-01,5.810670037006880895e-01,5.505014378805428432e-01,5.283834035819235941e-01,5.002524399420282819e-01
6.982892191599371357e-01,6.606544841969413939e-01,6.375268052578730860e-01,6.044767140678185546e-01,5.811672036425699073e-01,5.504325469501637480e-01,5.281933204096732615e-01,4.999039782076595828e-01
6.990302010307304359e-01,6.611956331825022959e-01,6.379431128442371035e-01,6.047062166101656588e-01,5.812684631749984732e-01,5.503646663695003216e-01,5.280042282216463878e-01,4.995564990038320885e-01
6.997726912713426728e-01,6.617382762445691569e-01,6.383607111418839741e-01,6.049368738309134352e-01,5.813707801852151524e-01,5.502977939942044205e-01,5.278161246607970813e-01,4.992100008370503050e-01
7.005166920504565242e-01,6.622824141928813635e-01,6.387795987798369213e-01,6.051686844384515096e-01,5.814741525905262609e-01,5.502319277042807544e-01,5.276290073882766718e-01,4.988644822126793166e-01
7.012622055395358878e-01,6.628280478407487797e-01,6.391997744149221505e-01,6.054016471686869405e-01,5.815785783381270946e-01,5.501670654039677588e-01,5.274428740834408158e-01,4.985199416351095980e-01
7.020092339129033743e-01,6.633751780052815628e-01,6.396212367317610781e-01,6.056357607848805724e-01,5.816840554049238499e-01,5.501032050216150271e-01,5.272577224438534937e-01,4.981763776079186634e-01
7.027577793478144708e-01,6.639238055076133183e-01,6.400439844427550096e-01,6.058710240774793920e-01,5.817905817973526572e-01,5.500403445095564114e-01,5.270735501852840121e-01,4.978337886340289398e-01
7.035078440245305931e-01,6.644739311731183706e-01,6.404680162880647121e-01,6.061074358639468862e-01,5.818981555511941739e-01,5.499784818439804601e-01,5.268903550416978998e-01,4.974921732158624210e-01
7.042594301263911394e-01,6.650255558316235938e-01,6.408933310355809931e-01,6.063449949885910684e-01,5.820067747313865114e-01,5.499176150247984118e-01,5.267081347652443624e-01,4.971515298554908258e-01
7.050125398398816579e-01,6.655786803176125810e-01,6.413199274808891737e-01,6.065837003223896184e-01,5.821164374318356094e-01,5.498577420755084155e-01,5.265268871262380745e-01,4.968118570547837010e-01
7.057671753547037907e-01,6.661333054704255963e-01,6.417478044472275656e-01,6.068235507628142456e-01,5.822271417752235001e-01,5.497988610430566414e-01,5.263466099131366427e-01,4.964731533155528620e-01
7.065233388638405554e-01,6.666894321344528640e-01,6.421769607854398432e-01,6.070645452336522752e-01,5.823388859128153516e-01,5.497409699976971709e-01,5.261673009325128492e-01,4.961354171396927248e-01
7.072810325636214035e-01,6.672470611593228629e-01,6.426073953739219746e-01,6.073066826848270150e-01,5.824516680242635136e-01,5.496840670328491107e-01,5.259889580090234551e-01,4.957986470293180847e-01
7.080402586537868359e-01,6.678061934000847355e-01,6.430391071185629359e-01,6.075499620922168997e-01,5.825654863174104525e-01,5.496281502649513762e-01,5.258115789853732291e-01,4.954628414868990638e-01
7.088010193375492429e-01,6.683668297173857020e-01,6.434720949526810951e-01,6.077943824574723042e-01,5.826803390280907990e-01,5.495732178333160300e-01,5.256351617222752015e-01,4.951279990153921728e-01
7.095633168216540776e-01,6.689289709776440329e-01,6.439063578369552676e-01,6.080399428078334667e-01,5.827962244199309527e-01,5.495192678999788471e-01,5.254597040984075873e-01,4.947941181183687642e-01
7.103271533164383644e-01,6.694926180532156934e-01,6.443418947593503310e-01,6.082866421959460812e-01,5.829131407841481316e-01,5.494662986495492119e-01,5.252852040103668241e-01,4.944611973001409866e-01
7.110925310358894302e-01,6.700577718225567692e-01,6.447787047350395095e-01,6.085344796996753347e-01,5.830310864393495329e-01,5.494143082890589058e-01,5.251116593726171677e-01,4.941292350658831878e-01
7.118594521977011924e-01,6.706244331703821171e-01,6.452167868063222178e-01,6.087834544219213884e-01,5.831500597313290513e-01,5.493632950478080090e-01,5.249390681174364026e-01,4.937982299217518745e-01
7.126279190233285599e-01,6.711926029878183542e-01,6.456561400425369079e-01,6.090335654904327489e-01,5.832700590328642187e-01,5.493132571772101347e-01,5.247674281948597752e-01,4.934681803750033402e-01
7.133979337380421670e-01,6.717622821725520721e-01,6.460967635399709197e-01,6.092848120576207505e-01,5.833910827435125901e-01,5.492641929506379972e-01,5.245967375726200421e-01,4.931390849341067972e-01
7.141694985709811094e-01,6.723334716289749435e-01,6.465386564217662224e-01,6.095371933003727039e-01,5.835131292894075727e-01,5.492161006632667597e-01,5.244269942360849646e-01,4.928109421088556763e-01
7.149426157552035699e-01,6.729061722683230551e-01,6.469818178378220486e-01,6.097907084198646022e-01,5.836361971230540346e-01,5.491689786319163824e-01,5.242581961881916941e-01,4.924837504104766506e-01
7.157172875277378887e-01,6.734803850088142418e-01,6.474262469646948626e-01,6.100453566413760464e-01,5.837602847231233572e-01,5.491228251948935268e-01,5.240903414493786050e-01,4.921575083517351623e-01
7.164935161296315247e-01,6.740561107757794268e-01,6.478719430054936668e-01,6.103011372141026181e-01,5.838853905942497091e-01,5.490776387118327939e-01,5.239234280575159053e-01,4.918322144470388957e-01
7.172713038059980173e-01,6.746333505017904075e-01,6.483189051897733091e-01,6.105580494109698053e-01,5.840115132668250997e-01,5.490334175635384062e-01,5.237574540678322510e-01,4.915078672125389181e-01
7.180506528060651705e-01,6.752121051267853113e-01,6.487671327734255700e-01,6.108160925284489284e-01,5.841386512967947642e-01,5.489901601518246688e-01,5.235924175528403612e-01,4.911844651662280459e-01
7.188315653832205721e-01,6.757923755981887215e-01,6.492166250385669191e-01,6.110752658863697340e-01,5.842668032654532162e-01,5.489478648993550980e-01,5.234283166022599687e-01,4.908620068280362680e-01
7.196140437950557800e-01,6.763741628710291387e-01,6.496673812934234959e-01,6.113355688277357647e-01,5.843959677792407437e-01,5.489065302494832155e-01,5.232651493229385498e-01,4.905404907199243381e-01
7.203980903034099548e-01,6.769574679080516688e-01,6.501194008722155360e-01,6.115970007185422830e-01,5.845261434695394609e-01,5.488661546660920099e-01,5.231029138387719435e-01,4.902199153659761999e-01
7.211837071744133798e-01,6.775422916798293782e-01,6.505726831350382433e-01,6.118595609475909747e-01,5.846573289924708039e-01,5.488267366334338426e-01,5.229416082906205299e-01,4.899002792924866956e-01
7.219708966785280957e-01,6.781286351648704303e-01,6.510272274677403326e-01,6.121232489263075394e-01,5.847895230286939139e-01,5.487882746559710201e-01,5.227812308362254079e-01,4.895815810280483293e-01
7.227596610905889785e-01,6.787164993497204479e-01,6.514830332818022374e-01,6.123880640885605020e-01,5.849227242832034657e-01,5.487507672582148111e-01,5.226217796501236856e-01,4.892638191036360884e-01
7.235500026898443737e-01,6.793058852290647653e-01,6.519401000142115432e-01,6.126540058904800246e-01,5.850569314851288283e-01,5.487142129845660188e-01,5.224632529235607725e-01,4.889469920526895996e-01
7.243419237599936222e-01,6.798967938058250171e-01,6.523984271273369773e-01,6.129210738102779388e-01,5.851921433875345580e-01,5.486786103991551089e-01,5.223056488644014506e-01,4.886310984111937872e-01
7.251354265892259177e-01,6.804892260912538404e-01,6.528580141088021760e-01,6.131892673480691114e-01,5.853283587672210020e-01,5.486439580856831144e-01,5.221489656970407234e-01,4.883161367177557555e-01
7.259305134702567219e-01,6.810831831050271346e-01,6.533188604713562331e-01,6.134585860256939194e-01,5.854655764245261240e-01,5.486102546472630959e-01,5.219932016623134441e-01,4.880021055136817276e-01
7.267271867003642916e-01,6.816786658753323236e-01,6.537809657527432483e-01,6.137290293865413915e-01,5.856037951831287725e-01,5.485774987062611574e-01,5.218383550174013896e-01,4.876890033430515414e-01
7.275254485814247607e-01,6.822756754389559530e-01,6.542443295155729865e-01,6.140005969953739040e-01,5.857430138898519489e-01,5.485456889041384620e-01,5.216844240357403351e-01,4.873768287527896481e-01
7.283253014199467801e-01,6.828742128413662904e-01,6.547089513471885391e-01,6.142732884381528757e-01,5.858832314144681863e-01,5.485148239012946902e-01,5.215314070069266839e-01,4.870655802927357780e-01
7.291267475271057119e-01,6.834742791367944825e-01,6.551748308595329862e-01,6.145471033218660173e-01,5.860244466495054816e-01,5.484849023769106102e-01,5.213793022366224328e-01,4.867552565157135525e-01
7.299297892187762704e-01,6.840758753883140475e-01,6.556419676890160586e-01,6.148220412743566898e-01,5.861666585100547833e-01,5.484559230287917586e-01,5.212281080464591376e-01,4.864458559775965973e-01
7.307344288155641632e-01,6.846790026679161478e-01,6.561103614963803565e-01,6.150981019441533748e-01,5.863098659335780338e-01,5.484278845732133423e-01,5.210778227739419899e-01,4.861373772373730473e-01
7.315406686428378435e-01,6.852836620565831982e-01,6.565800119665664569e-01,6.153752850003009200e-01,5.864540678797186546e-01,5.484007857447658063e-01,5.209284447723525613e-01,4.858298188572081067e-01
7.323485110307598189e-01,6.858898546443623623e-01,6.570509188085773555e-01,6.156535901321936732e-01,5.865992633301129189e-01,5.483746252962009571e-01,5.207799724106511041e-01,4.855231794025059999e-01
7.331579583143156276e-01,6.864975815304336093e-01,6.575230817553427975e-01,6.159330170494097256e-01,5.867454512882013251e-01,5.483494019982786405e-01,5.206324040733786296e-01,4.852174574419687580e-01
7.339690128333434815e-01,6.871068438231763276e-01,6.579965005635831643e-01,6.162135654815474872e-01,5.868926307790436336e-01,5.483251146396148634e-01,5.204857381605579869e-01,4.849126515476539501e-01
7.347816769325632436e-01,6.877176426402361598e-01,6.584711750136735819e-01,6.164952351780621509e-01,5.870408008491336815e-01,5.483017620265301373e-01,5.203399730875949425e-01,4.846087602950314155e-01
7.355959529616037385e-01,6.883299791085873975e-01,6.589471049095071420e-01,6.167780259081050431e-01,5.871899605662158628e-01,5.482793429828994869e-01,5.201951072851783708e-01,4.843057822630368880e-01
7.364118432750300647e-01,6.889438543645941548e-01,6.594242900783576777e-01,6.170619374603645291e-01,5.873401090191040508e-01,5.482578563500031255e-01,5.200511391991812227e-01,4.840037160341252864e-01
7.372293502323704617e-01,6.895592695540695427e-01,6.599027303707443171e-01,6.173469696429083609e-01,5.874912453175001881e-01,5.482373009863777957e-01,5.199080672905598277e-01,4.837025601943220066e-01
7.380484761981417341e-01,6.901762258323335120e-01,6.603824256602940368e-01,6.176331222830279133e-01,5.876433685918162064e-01,5.482176757676701095e-01,5.197658900352533085e-01,4.834023133332729927e-01
7.388692235418752308e-01,6.907947243642688084e-01,6.608633758436049943e-01,6.179203952270833078e-01,5.877964779929972794e-01,5.481989795864896653e-01,5.196246059240844373e-01,4.831029740442933651e-01
7.396915946381411588e-01,6.914147663243745967e-01,6.613455808401109692e-01,6.182087883403504236e-01,5.879505726923452968e-01,5.481812113522634977e-01,5.194842134626582730e-01,4.828045409244141051e-01
7.405155918665727866e-01,6.920363528968188627e-01,6.618290405919446950e-01,6.184983015068707957e-01,5.881056518813450040e-01,5.481643699910929701e-01,5.193447111712611308e-01,4.825070125744269633e-01
7.413412176118899799e-01,6.926594852754891507e-01,6.623137550638018567e-01,6.187889346293020676e-01,5.882617147714916950e-01,5.481484544456105557e-01,5.192060975847606619e-01,4.822103875989294242e-01
7.421684742639226284e-01,6.932841646640415245e-01,6.627997242428055324e-01,6.190806876287705540e-01,5.884187605941200161e-01,5.481334636748375067e-01,5.190683712525050453e-01,4.819146646063677264e-01
7.429973642176327386e-01,6.939103922759483067e-01,6.632869481383713017e-01,6.193735604447251353e-01,5.885767886002351013e-01,5.481193966540434115e-01,5.189315307382218467e-01,4.816198422090775533e-01
7.438278898731357502e-01,6.945381693345442642e-01,6.637754267820723530e-01,6.196675530347933725e-01,5.887357980603449281e-01,5.481062523746068615e-01,5.187955746199179874e-01,4.813259190233249440e-01
7.446600536357227407e-01,6.951674970730714609e-01,6.642651602275057021e-01,6.199626653746393989e-01,5.888957882642935626e-01,5.480940298438767844e-01,5.186605014897794907e-01,4.810328936693447077e-01
7.454938579158811862e-01,6.957983767347224457e-01,6.647561485501575218e-01,6.202588974578238101e-01,5.890567585210974011e-01,5.480827280850359973e-01,5.185263099540705634e-01,4.807407647713778931e-01
7.463293051293151681e-01,6.964308095726819969e-01,6.652483918472706925e-01,6.205562492956645526e-01,5.892187081587828557e-01,5.480723461369648719e-01,5.183929986330337858e-01,4.804495309577088702e-01
7.471663976969652454e-01,6.970647968501679781e-01,6.657418902377121306e-01,6.208547209171000336e-01,5.893816365242251498e-01,5.480628830541065533e-01,5.182605661607904146e-01,4.801591908607002468e-01
7.480051380450273291e-01,6.977003398404709733e-01,6.662366438618405606e-01,6.211543123685543399e-01,5.895455429829891125e-01,5.480543379063340659e-01,5.181290111852404623e-01,4.798697431168269523e-01
7.488455286049723325e-01,6.983374398269928118e-01,6.667326528813761755e-01,6.214550237138032340e-01,5.897104269191709713e-01,5.480467097788176423e-01,5.179983323679635543e-01,4.795811863667093222e-01
7.496875718135641575e-01,6.989760981032829834e-01,6.672299174792691856e-01,6.217568550338437028e-01,5.898762877352428102e-01,5.480399977718944937e-01,5.178685283841195641e-01,4.792935192551448509e-01
7.505312701128775688e-01,6.996163159730746095e-01,6.677284378595708114e-01,6.220598064267638394e-01,5.900431248518988037e-01,5.480342010009384701e-01,5.177395979223499145e-01,4.790067404311388888e-01
7.513766259503167344e-01,7.002580947503200814e-01,6.682282142473048303e-01,6.223638780076145016e-01,5.902109377079023389e-01,5.480293185962318292e-01,5.176115396846792116e-01,4.787208485479342301e-01
7.522236417786304363e-01,7.009014357592242561e-01,6.687292468883382357e-01,6.226690699082836344e-01,5.903797257599355808e-01,5.480253497028391152e-01,5.174843523864176564e-01,4.784358422630402008e-01
7.530723200559293895e-01,7.015463403342776516e-01,6.692315360492545606e-01,6.229753822773721472e-01,5.905494884824497026e-01,5.480222934804807045e-01,5.173580347560627901e-01,4.781517202382598031e-01
7.539226632457035615e-01,7.021928098202878665e-01,6.697350820172285335e-01,6.232828152800714561e-01,5.907202253675178927e-01,5.480201491034087935e-01,5.172325855352021273e-01,4.778684811397162502e-01
7.547746738168372715e-01,7.028408455724103332e-01,6.702398850998999569e-01,6.235913690980426916e-01,5.908919359246900260e-01,5.480189157602833872e-01,5.171080034784172330e-01,4.775861236378787789e-01
7.556283542436246226e-01,7.034904489561790708e-01,6.707459456252494734e-01,6.239010439292972388e-01,5.910646196808486685e-01,5.480185926540509511e-01,5.169842873531867999e-01,4.773046464075874074e-01
7.564837070057839341e-01,7.041416213475354402e-01,6.712532639414753310e-01,6.242118399880804969e-01,5.912382761800661912e-01,5.480191790018243969e-01,5.168614359397906144e-01,4.770240481280768052e-01
7.573407345884723973e-01,7.047943641328561215e-01,6.717618404168704815e-01,6.245237575047561940e-01,5.914129049834646601e-01,5.480206740347633998e-01,5.167394480312147431e-01,4.767443274829987199e-01
7.581994394823013961e-01,7.054486787089810917e-01,6.722716754397014549e-01,6.248367967256927002e-01,5.915885056690770583e-01,5.480230769979572703e-01,5.166183224330567203e-01,4.764654831604442364e-01
7.590598241833498294e-01,7.061045664832403812e-01,6.727827694180886775e-01,6.251509579131524497e-01,5.917650778317100624e-01,5.480263871503070483e-01,5.164980579634307345e-01,4.761875138529644280e-01
7.599218911931765463e-01,7.067620288734791645e-01,6.732951227798866789e-01,6.254662413451808067e-01,5.919426210828090396e-01,5.480306037644109285e-01,5.163786534528740368e-01,4.759104182575908393e-01
7.607856430188353336e-01,7.074210673080837397e-01,6.738087359725657421e-01,6.257826473154977087e-01,5.921211350503233772e-01,5.480357261264507951e-01,5.162601077442539044e-01,4.756341950758551373e-01
7.616510821728867953e-01,7.080816832260068416e-01,6.743236094630954414e-01,6.261001761333924165e-01,5.923006193785750328e-01,5.480417535360789794e-01,5.161424196926750474e-01,4.753588430138073195e-01
7.625182111734101209e-01,7.087438780767901791e-01,6.748397437378287345e-01,6.264188281236185984e-01,5.924810737281285267e-01,5.480486853063071262e-01,5.160255881653879051e-01,4.750843607820335324e-01
7.633870325440157423e-01,7.094076533205879720e-01,6.753571393023867220e-01,6.267386036262909688e-01,5.926624977756618229e-01,5.480565207633963931e-01,5.159096120416966080e-01,4.748107470956730580e-01
7.642575488138573236e-01,7.100730104281901545e-01,6.758757966815450713e-01,6.270595029967840350e-01,5.928448912138393201e-01,5.480652592467490924e-01,5.157944902128678288e-01,4.745380006744345236e-01
7.651297625176435302e-01,7.107399508810438027e-01,6.763957164191217730e-01,6.273815266056333995e-01,5.930282537511863961e-01,5.480749001088003336e-01,5.156802215820415203e-01,4.742661202426114442e-01
7.660036761956481310e-01,7.114084761712754501e-01,6.769168990778663408e-01,6.277046748384380592e-01,5.932125851119659510e-01,5.480854427149127739e-01,5.155668050641412092e-01,4.739951045290970999e-01
7.668792923937212125e-01,7.120785878017119597e-01,6.774393452393498993e-01,6.280289480957641501e-01,5.933978850360562829e-01,5.480968864432718135e-01,5.154542395857845127e-01,4.737249522673985802e-01
7.677566136633001692e-01,7.127502872859007299e-01,6.779630555038556050e-01,6.283543467930504667e-01,5.935841532788308506e-01,5.481092306847820117e-01,5.153425240851950972e-01,4.734556621956496625e-01
7.686356425614190302e-01,7.134235761481300120e-01,6.784880304902713988e-01,6.286808713605167576e-01,5.937713896110395906e-01,5.481224748429646132e-01,5.152316575121155262e-01,4.731872330566237461e-01
7.695163816507187837e-01,7.140984559234481166e-01,6.790142708359839796e-01,6.290085222430731315e-01,5.939595938186914559e-01,5.481366183338567399e-01,5.151216388277203295e-01,4.729196635977464536e-01
7.703988334994572584e-01,7.147749281576830649e-01,6.795417771967735554e-01,6.293372999002302404e-01,5.941487657029396185e-01,5.481516605859125812e-01,5.150124670045287401e-01,4.726529525711063995e-01
7.712830006815176720e-01,7.154529944074616843e-01,6.800705502467099262e-01,6.296672048060111271e-01,5.943389050799674500e-01,5.481676010399048060e-01,5.149041410263197616e-01,4.723870987334660709e-01
7.721688857764181790e-01,7.161326562402271501e-01,6.806005906780501213e-01,6.299982374488668491e-01,5.945300117808756113e-01,5.481844391488273072e-01,5.147966598880477918e-01,4.721221008462722635e-01
7.730564913693205309e-01,7.168139152342575260e-01,6.811318992011370366e-01,6.303303983315924341e-01,5.947220856515719190e-01,5.482021743777993894e-01,5.146900225957580233e-01,4.718579576756652405e-01
7.739458200510384023e-01,7.174967729786835280e-01,6.816644765442997356e-01,6.306636879712440580e-01,5.949151265526619881e-01,5.482208062039714003e-01,5.145842281665025109e-01,4.715946679924877261e-01
7.748368744180459400e-01,7.181812310735057325e-01,6.821983234537549734e-01,6.309981068990586639e-01,5.951091343593422067e-01,5.482403341164313604e-01,5.144792756282580148e-01,4.713322305722936756e-01
7.757296570724852014e-01,7.188672911296113410e-01,6.827334406935093858e-01,6.313336556603740268e-01,5.953041089612940429e-01,5.482607576161135921e-01,5.143751640198438446e-01,4.710706441953558254e-01
7.766241706221742591e-01,7.195549547687916103e-01,6.832698290452636769e-01,6.316703348145520369e-01,5.955000502625792391e-01,5.482820762157074590e-01,5.142718923908402573e-01,4.708099076466732424e-01
7.775204176806141954e-01,7.202442236237587281e-01,6.838074893083176953e-01,6.320081449349024272e-01,5.956969581815376724e-01,5.483042894395685485e-01,5.141694598015085216e-01,4.705500197159777631e-01
7.784184008669962074e-01,7.209350993381604678e-01,6.843464222994770640e-01,6.323470866086088327e-01,5.958948326506853244e-01,5.483273968236299645e-01,5.140678653227103156e-01,4.702909791977403775e-01
7.793181228062091570e-01,7.216275835665978411e-01,6.848866288529615876e-01,6.326871604366567370e-01,5.960936736166145833e-01,5.483513979153147311e-01,5.139671080358284572e-01,4.700327848911773354e-01
7.802195861288454548e-01,7.223216779746410854e-01,6.854281098203144351e-01,6.330283670337609747e-01,5.962934810398972107e-01,5.483762922734514156e-01,5.138671870326888547e-01,4.697754356002549758e-01
7.811227934712077214e-01,7.230173842388438743e-01,6.859708660703118799e-01,6.333707070282966756e-01,5.964942548949875301e-01,5.484020794681893074e-01,5.137681014154829029e-01,4.695189301336947785e-01
7.820277474753150049e-01,7.237147040467600823e-01,6.865148984888754802e-01,6.337141810622325400e-01,5.966959951701261700e-01,5.484287590809141522e-01,5.136698502966906554e-01,4.692632673049777492e-01
7.829344507889093308e-01,7.244136390969592165e-01,6.870602079789867034e-01,6.340587897910640036e-01,5.968987018672471390e-01,5.484563307041665503e-01,5.135724327990039972e-01,4.690084459323479726e-01
7.838429060654605873e-01,7.251141910990407391e-01,6.876067954606002175e-01,6.344045338837476233e-01,5.971023750018864540e-01,5.484847939415612439e-01,5.134758480552515936e-01,4.687544648388164426e-01
7.847531159641719656e-01,7.258163617736501649e-01,6.881546618705599583e-01,6.347514140226382384e-01,5.973070146030905470e-01,5.485141484077069585e-01,5.133800952083240610e-01,4.685013228521638928e-01
7.856650831499855103e-01,7.265201528524936059e-01,6.887038081625169728e-01,6.350994309034277974e-01,5.975126207133276690e-01,5.485443937281286875e-01,5.132851734110996933e-01,4.682490188049433510e-01
7.865788102935866721e-01,7.272255660783523146e-01,6.892542353068475958e-01,6.354485852350848507e-01,5.977191933883999608e-01,5.485755295391895325e-01,5.131910818263717422e-01,4.679975515344826364e-01
7.874943000714100805e-01,7.279326032050983386e-01,6.898059442905740690e-01,6.357988777397961533e-01,5.979267326973568553e-01,5.486075554880142091e-01,5.130978196267755864e-01,4.677469198828859143e-01
7.884115551656438736e-01,7.286412659977092865e-01,6.903589361172851602e-01,6.361503091529090437e-01,5.981352387224113665e-01,5.486404712324151056e-01,5.130053859947169004e-01,4.674971226970350280e-01
7.893305782642334734e-01,7.293515562322825385e-01,6.909132118070588913e-01,6.365028802228757110e-01,5.983447115588563792e-01,5.486742764408176765e-01,5.129137801223011550e-01,4.672481588285908316e-01
7.902513720608861369e-01,7.300634756960499017e-01,6.914687723963875987e-01,6.368565917112001262e-01,5.985551513149819369e-01,5.487089707921876114e-01,5.128230012112626746e-01,4.670000271339935782e-01
7.911739392550746208e-01,7.307770261873929307e-01,6.920256189381027712e-01,6.372114443923843075e-01,5.987665581119956393e-01,5.487445539759594482e-01,5.127330484728946924e-01,4.667527264744634197e-01
7.920982825520413995e-01,7.314922095158578053e-01,6.925837525013017748e-01,6.375674390538769165e-01,5.989789320839432607e-01,5.487810256919659624e-01,5.126439211279814057e-01,4.665062557160003509e-01
7.930244046628013299e-01,7.322090275021696515e-01,6.931431741712760219e-01,6.379245764960245202e-01,5.991922733776308130e-01,5.488183856503690006e-01,5.125556184067301402e-01,4.662606137293841546e-01
7.939523083041456486e-01,7.329274819782466421e-01,6.937038850494401387e-01,6.382828575320228515e-01,5.994065821525488280e-01,5.488566335715913125e-01,5.124681395487037383e-01,4.660157993901730689e-01
7.948819961986456351e-01,7.336475747872157616e-01,6.942658862532633535e-01,6.386422829878691809e-01,5.996218585807968626e-01,5.488957691862489385e-01,5.123814838027532792e-01,4.657718115787032875e-01
7.958134710746548324e-01,7.343693077834275718e-01,6.948291789162015508e-01,6.390028537023173527e-01,5.998381028470104459e-01,5.489357922350854846e-01,5.122956504269529088e-01,4.655286491800877946e-01
7.967467356663119338e-01,7.350926828324710893e-01,6.953937641876315467e-01,6.393645705268350410e-01,6.000553151482881376e-01,5.489767024689068409e-01,5.122106386885345586e-01,4.652863110842139216e-01
7.976817927135425590e-01,7.358177018111879963e-01,6.959596432327851412e-01,6.397274343255594520e-01,6.002734956941209177e-01,5.490184996485178992e-01,5.121264478638235529e-01,4.650447961857425705e-01
7.986186449620623629e-01,7.365443666076885165e-01,6.965268172326848362e-01,6.400914459752563568e-01,6.004926447063237971e-01,5.490611835446598255e-01,5.120430772381752149e-01,4.648041033841053271e-01
7.995572951633799219e-01,7.372726791213668474e-01,6.970952873840824404e-01,6.404566063652814556e-01,6.007127624189659842e-01,5.491047539379469988e-01,5.119605261059114731e-01,4.645642315835021852e-01
8.004977460747977336e-01,7.380026412629157040e-01,6.976650548993977852e-01,6.408229163975402987e-01,6.009338490783050490e-01,5.491492106188079481e-01,5.118787937702591329e-01,4.643251796928989927e-01
8.014400004594134375e-01,7.387342549543423065e-01,6.982361210066592161e-01,6.411903769864520930e-01,6.011559049427210866e-01,5.491945533874248442e-01,5.117978795432883699e-01,4.640869466260242882e-01
8.023840610861225908e-01,7.394675221289831457e-01,6.988084869494453066e-01,6.415589890589146194e-01,6.013789302826518801e-01,5.492407820536749918e-01,5.117177827458515571e-01,4.638495313013663024e-01
8.033299307296197789e-01,7.402024447315205258e-01,6.993821539868275705e-01,6.419287535542693712e-01,6.016029253805307286e-01,5.492878964370737638e-01,5.116385027075238678e-01,4.636129326421695174e-01
8.042776121703989478e-01,7.409390247179982181e-01,6.999571233933142844e-01,6.422996714242682481e-01,6.018278905307249405e-01,5.493358963667174244e-01,5.115600387665437676e-01,4.633771495764306692e-01
8.052271081947557363e-01,7.416772640558374485e-01,7.005333964587968643e-01,6.426717436330425803e-01,6.020538260394748820e-01,5.493847816812281737e-01,5.114823902697537283e-01,4.631421810368948067e-01
8.061784215947880305e-01,7.424171647238526628e-01,7.011109744884972406e-01,6.430449711570724869e-01,6.022807322248343587e-01,5.494345522286991912e-01,5.114055565725432739e-01,4.629080259610517389e-01
8.071315551683955203e-01,7.431587287122682906e-01,7.016898588029155670e-01,6.434193549851576766e-01,6.025086094166139938e-01,5.494852078666416784e-01,5.113295370387920258e-01,4.626746832911313168e-01
8.080865117192811420e-01,7.439019580227356210e-01,7.022700507377800383e-01,6.437948961183904695e-01,6.027374579563236079e-01,5.495367484619323450e-01,5.112543310408123043e-01,4.624421519740988806e-01
8.090432940569517450e-01,7.446468546683490120e-01,7.028515516439980404e-01,6.441715955701295959e-01,6.029672781971167073e-01,5.495891738907613400e-01,5.111799379592939507e-01,4.622104309616504869e-01
8.100019049967174256e-01,7.453934206736629875e-01,7.034343628876084109e-01,6.445494543659747722e-01,6.031980705037376378e-01,5.496424840385821797e-01,5.111063571832492602e-01,4.619795192102079673e-01
8.109623473596915266e-01,7.461416580747097793e-01,7.040184858497349207e-01,6.449284735437427196e-01,6.034298352524674058e-01,5.496966788000621218e-01,5.110335881099582478e-01,4.617494156809138772e-01
8.119246239727908598e-01,7.468915689190165352e-01,7.046039219265416431e-01,6.453086541534452936e-01,6.036625728310721639e-01,5.497517580790337588e-01,5.109616301449156905e-01,4.615201193396262780e-01
8.128887376687351507e-01,7.476431552656229718e-01,7.051906725291890998e-01,6.456899972572686108e-01,6.038962836387526956e-01,5.498077217884476120e-01,5.108904827017777261e-01,4.612916291569133520e-01
8.138546912860462612e-01,7.483964191850995817e-01,7.057787390837916286e-01,6.460725039295526217e-01,6.041309680860951214e-01,5.498645698503248358e-01,5.108201452023096722e-01,4.610639441080473522e-01
8.148224876690475238e-01,7.491513627595657310e-01,7.063681230313768600e-01,6.464561752567730135e-01,6.043666265950230487e-01,5.499223021957118096e-01,5.107506170763342901e-01,4.608370631729992173e-01
8.157921296678627421e-01,7.499079880827080880e-01,7.069588258278455273e-01,6.468410123375237797e-01,6.046032595987504976e-01,5.499809187646358399e-01,5.106818977616811583e-01,4.606109853364324658e-01
8.167636201384154138e-01,7.506662972597991645e-01,7.075508489439329418e-01,6.472270162825006778e-01,6.048408675417358271e-01,5.500404195060609736e-01,5.106139867041363800e-01,4.603857095876969230e-01
8.177369619424273983e-01,7.514262924077166339e-01,7.081441938651724666e-01,6.476141882144874629e-01,6.050794508796371041e-01,5.501008043778450318e-01,5.105468833573929555e-01,4.601612349208227259e-01
8.187121579474173627e-01,7.521879756549634255e-01,7.087388620918596560e-01,6.480025292683417870e-01,6.053190100792690265e-01,5.501620733466975333e-01,5.104805871830019326e-01,4.599375603345138841e-01
8.196892110266987830e-01,7.529513491416862658e-01,7.093348551390173951e-01,6.483920405909834317e-01,6.055595456185601799e-01,5.502242263881388373e-01,5.104150976503236681e-01,4.597146848321415624e-01
8.206681240593780569e-01,7.537164150196955514e-01,7.099321745363618152e-01,6.487827233413828720e-01,6.058010579865119594e-01,5.502872634864605095e-01,5.103504142364814200e-01,4.594926074217376422e-01
8.216488999303536156e-01,7.544831754524866652e-01,7.105308218282715416e-01,6.491745786905510629e-01,6.060435476831587120e-01,5.503511846346854641e-01,5.102865364263140524e-01,4.592713271159882815e-01
8.226315415303132594e-01,7.552516326152597381e-01,7.111307985737578274e-01,6.495676078215318894e-01,6.062870152195289908e-01,5.504159898345288848e-01,5.102234637123290728e-01,4.590508429322263662e-01
8.236160517557313820e-01,7.560217886949410770e-01,7.117321063464336905e-01,6.499618119293942842e-01,6.065314611176073623e-01,5.504816790963620310e-01,5.101611955946575572e-01,4.588311538924246813e-01
8.246024335088670831e-01,7.567936458902042585e-01,7.123347467344858241e-01,6.503571922212256773e-01,6.067768859102979917e-01,5.505482524391757115e-01,5.100997315810098520e-01,4.586122590231894169e-01
8.255906896977609488e-01,7.575672064114916671e-01,7.129387213406486179e-01,6.507537499161279992e-01,6.070232901413885607e-01,5.506157098905437586e-01,5.100390711866303883e-01,4.583941573557522853e-01
8.265808232362319430e-01,7.583424724810368112e-01,7.135440317821787337e-01,6.511514862452134622e-01,6.072706743655164052e-01,5.506840514865884995e-01,5.099792139342542718e-01,4.581768479259632487e-01
8.275728370438759640e-01,7.591194463328866382e-01,7.141506796908304588e-01,6.515504024516022286e-01,6.075190391481350982e-01,5.507532772719465619e-01,5.099201593540643174e-01,4.579603297742835255e-01
8.285667340460615149e-01,7.598981302129244053e-01,7.147586667128326132e-01,6.519504997904206345e-01,6.077683850654819198e-01,5.508233872997360114e-01,5.098619069836485274e-01,4.577446019457777626e-01
8.295625171739264836e-01,7.606785263788926610e-01,7.153679945088678993e-01,6.523517795288019672e-01,6.080187127045464379e-01,5.508943816315240438e-01,5.098044563679590135e-01,4.575296634901067083e-01
8.305601893643741462e-01,7.614606371004162266e-01,7.159786647540514748e-01,6.527542429458870199e-01,6.082700226630408658e-01,5.509662603372956768e-01,5.097478070592700305e-01,4.573155134615196071e-01
8.315597535600699475e-01,7.622444646590270656e-01,7.165906791379119678e-01,6.531578913328259794e-01,6.085223155493706404e-01,5.510390234954231081e-01,5.096919586171380079e-01,4.571021509188459842e-01
8.325612127094383919e-01,7.630300113481884861e-01,7.172040393643747125e-01,6.535627259927829780e-01,6.087755919826060014e-01,5.511126711926354060e-01,5.096369106083616929e-01,4.568895749254883176e-01
8.335645697666571596e-01,7.638172794733191218e-01,7.178187471517436524e-01,6.539687482409397568e-01,6.090298525924562334e-01,5.511872035239905321e-01,5.095826626069425158e-01,4.566777845494143229e-01
8.345698276916546643e-01,7.646062713518189113e-01,7.184348042326869077e-01,6.543759594045019945e-01,6.092850980192432431e-01,5.512626205928464751e-01,5.095292141940462871e-01,4.564667788631485146e-01
8.355769894501052786e-01,7.653969893130941893e-01,7.190522123542228972e-01,6.547843608227057466e-01,6.095413289138760238e-01,5.513389225108340508e-01,5.094765649579648947e-01,4.562565569437642687e-01
8.365860580134240054e-01,7.661894356985838872e-01,7.196709732777069046e-01,6.551939538468254387e-01,6.097985459378274520e-01,5.514161093978310335e-01,5.094247144940791117e-01,4.560471178728762176e-01
8.375970363587618150e-01,7.669836128617861792e-01,7.202910887788206429e-01,6.556047398401849691e-01,6.100567497631110836e-01,5.514941813819355110e-01,5.093736624048219586e-01,4.558384607366320340e-01
8.386099274690010930e-01,7.677795231682851274e-01,7.209125606475612624e-01,6.560167201781669233e-01,6.103159410722602818e-01,5.515731385994416813e-01,5.093234082996416223e-01,4.556305846257036607e-01
8.396247343327503110e-01,7.685771689957781039e-01,7.215353906882314705e-01,6.564298962482231214e-01,6.105761205583066786e-01,5.516529811948162054e-01,5.092739517949663730e-01,4.554234886352799827e-01
8.406414599443394753e-01,7.693765527341036581e-01,7.221595807194330918e-01,6.568442694498890511e-01,6.108372889247599691e-01,5.517337093206738929e-01,5.092252925141700359e-01,4.552171718650584453e-01
8.416601073038139091e-01,7.701776767852701600e-01,7.227851325740604072e-01,6.572598411947976338e-01,6.110994468855905914e-01,5.518153231377553869e-01,5.091774300875366865e-01,4.550116334192360612e-01
8.426806794169279247e-01,7.709805435634839998e-01,7.234120480992949354e-01,6.576766129066935473e-01,6.113625951652109647e-01,5.518978228149061804e-01,5.091303641522270107e-01,4.548068724065018609e-01
8.437031792951403819e-01,7.717851554951787874e-01,7.240403291566011035e-01,6.580945860214501009e-01,6.116267344984590570e-01,5.519812085290549675e-01,5.090840943522449979e-01,4.546028879400282330e-01
8.447276099556081386e-01,7.725915150190457714e-01,7.246699776217229161e-01,6.585137619870861103e-01,6.118918656305829540e-01,5.520654804651937697e-01,5.090386203384051900e-01,4.543996791374624311e-01
8.457539744211796107e-01,7.733996245860635943e-01,7.253009953846830671e-01,6.589341422637851053e-01,6.121579893172253151e-01,5.521506388163586188e-01,5.089939417683007061e-01,4.541972451209183026e-01
8.467822757203883333e-01,7.742094866595287117e-01,7.259333843497832728e-01,6.593557283239148692e-01,6.124251063244101623e-01,5.522366837836104603e-01,5.089500583062714911e-01,4.539955850169680174e-01
8.478125168874468542e-01,7.750211037150873672e-01,7.265671464356049380e-01,6.597785216520478668e-01,6.126932174285307786e-01,5.523236155760178345e-01,5.089069696233732287e-01,4.537946979566337413e-01
8.488447009622389627e-01,7.758344782407666784e-01,7.272022835750107106e-01,6.602025237449843376e-01,6.129623234163368295e-01,5.524114344106390018e-01,5.088646753973466996e-01,4.535945830753786434e-01
8.498788309903138050e-01,7.766496127370069447e-01,7.278387977151482557e-01,6.606277361117739444e-01,6.132324250849242597e-01,5.525001405125062881e-01,5.088231753125884715e-01,4.533952395130987911e-01
8.509149100228787788e-01,7.774665097166952865e-01,7.284766908174548083e-01,6.610541602737404210e-01,6.135035232417257456e-01,5.525897341146107644e-01,5.087824690601210342e-01,4.531966664141146572e-01
8.519529411167912070e-01,7.782851717051982865e-01,7.291159648576641672e-01,6.614817977645076619e-01,6.137756187045004808e-01,5.526802154578859261e-01,5.087425563375636006e-01,4.529988629271624045e-01
8.529929273345516760e-01,7.791056012403956288e-01,7.297566218258125792e-01,6.619106501300260348e-01,6.140487123013270709e-01,5.527715847911948144e-01,5.087034368491045733e-01,4.528018282053856702e-01
8.540348717442953763e-01,7.799278008727154043e-01,7.303986637262475101e-01,6.623407189285998031e-01,6.143228048705972055e-01,5.528638423713163608e-01,5.086651103054737888e-01,4.526055614063270727e-01
8.550787774197851077e-01,7.807517731651677506e-01,7.310420925776376366e-01,6.627720057309155477e-01,6.145978972610088853e-01,5.529569884629322862e-01,5.086275764239149844e-01,4.524100616919192741e-01
8.561246474404030637e-01,7.815775206933812669e-01,7.316869104129829493e-01,6.632045121200730309e-01,6.148739903315612043e-01,5.530510233386156660e-01,5.085908349281589302e-01,4.522153282284767650e-01
8.571724848911416172e-01,7.824050460456396516e-01,7.323331192796278533e-01,6.636382396916162829e-01,6.151510849515510193e-01,5.531459472788189391e-01,5.085548855483981168e-01,4.520213601866875930e-01
8.582222928625955483e-01,7.832343518229167856e-01,7.329807212392742688e-01,6.640731900535651322e-01,6.154291820005698410e-01,5.532417605718639164e-01,5.085197280212603310e-01,4.518281567416045363e-01
8.592740744509531625e-01,7.840654406389151454e-01,7.336297183679961753e-01,6.645093648264489561e-01,6.157082823685006145e-01,5.533384635139320107e-01,5.084853620897835658e-01,4.516357170726366665e-01
8.603278327579874096e-01,7.848983151201034403e-01,7.342801127562547103e-01,6.649467656433409868e-01,6.159883869555170532e-01,5.534360564090551327e-01,5.084517875033922607e-01,4.514440403635409105e-01
8.613835708910466682e-01,7.857329779057548036e-01,7.349319065089161551e-01,6.653853941498945046e-01,6.162694966720838607e-01,5.535345395691072534e-01,5.084190040178727665e-01,4.512531258024135017e-01
8.624412919630451979e-01,7.865694316479862058e-01,7.355851017452702534e-01,6.658252520043790312e-01,6.165516124389567310e-01,5.536339133137962998e-01,5.083870113953496972e-01,4.510629725816817093e-01
8.635009990924537027e-01,7.874076790117974234e-01,7.362397005990487520e-01,6.662663408777182994e-01,6.168347351871839024e-01,5.537341779706580480e-01,5.083558094042633924e-01,4.508735798980952891e-01
8.645626954032901157e-01,7.882477226751114507e-01,7.368957052184468282e-01,6.667086624535297767e-01,6.171188658581086006e-01,5.538353338750493515e-01,5.083253978193471578e-01,4.506849469527179908e-01
8.656263840251086084e-01,7.890895653288162448e-01,7.375531177661456272e-01,6.671522184281645229e-01,6.174040054033724800e-01,5.539373813701423677e-01,5.082957764216052832e-01,4.504970729509193417e-01
8.666920680929899312e-01,7.899332096768052480e-01,7.382119404193351331e-01,6.675970105107489339e-01,6.176901547849199536e-01,5.540403208069198948e-01,5.082669449982912813e-01,4.503099571023663206e-01
8.677597507475309779e-01,7.907786584360187998e-01,7.388721753697378158e-01,6.680430404232267083e-01,6.179773149750038552e-01,5.541441525441711535e-01,5.082389033428873493e-01,4.501235986210148643e-01
8.688294351348337941e-01,7.916259143364883233e-01,7.395338248236347223e-01,6.684903099004024796e-01,6.182654869561914346e-01,5.542488769484889000e-01,5.082116512550840515e-01,4.499379967251013746e-01
8.699011244064956960e-01,7.924749801213792910e-01,7.401968910018936754e-01,6.689388206899875566e-01,6.185546717213705747e-01,5.543544943942656511e-01,5.081851885407596692e-01,4.497531506371349463e-01
8.709748217195966147e-01,7.933258585470349677e-01,7.408613761399964748e-01,6.693885745526454434e-01,6.188448702737586737e-01,5.544610052636917974e-01,5.081595150119613269e-01,4.495690595838885972e-01
8.720505302366891032e-01,7.941785523830214855e-01,7.415272824880677627e-01,6.698395732620380238e-01,6.191360836269113044e-01,5.545684099467548256e-01,5.081346304868855634e-01,4.493857227963911072e-01
8.731282531257866797e-01,7.950330644121726964e-01,7.421946123109063320e-01,6.702918186048744120e-01,6.194283128047322062e-01,5.546767088412375424e-01,5.081105347898599023e-01,4.492031395099193580e-01
8.742079935603512819e-01,7.958893974306363583e-01,7.428633678880173230e-01,6.707453123809608009e-01,6.197215588414838328e-01,5.547859023527186295e-01,5.080872277513253099e-01,4.490213089639893962e-01
8.752897547192819427e-01,7.967475542479205419e-01,7.435335515136448636e-01,6.712000564032507555e-01,6.200158227817991197e-01,5.548959908945739761e-01,5.080647092078182103e-01,4.488402304023486611e-01
8.763735397869019117e-01,7.976075376869415923e-01,7.442051654968069307e-01,6.716560524978972824e-01,6.203111056806939194e-01,5.550069748879763454e-01,5.080429790019531655e-01,4.486599030729683801e-01
8.774593519529469976e-01,7.984693505840723127e-01,7.448782121613309881e-01,6.721133025043046771e-01,6.206074086035801018e-01,5.551188547618979285e-01,5.080220369824066662e-01,4.484803262280350200e-01
8.785471944125523569e-01,7.993329957891898152e-01,7.455526938458900688e-01,6.725718082751830362e-01,6.209047326262804312e-01,5.552316309531138971e-01,5.080018830039011446e-01,4.483014991239422375e-01
8.796370703662396151e-01,8.001984761657258138e-01,7.462286129040419658e-01,6.730315716766048784e-01,6.212030788350435540e-01,5.553453039062044017e-01,5.079825169271894314e-01,4.481234210212830527e-01
8.807289830199037661e-01,8.010657945907159183e-01,7.469059717042684232e-01,6.734925945880599896e-01,6.215024483265608746e-01,5.554598740735592344e-01,5.079639386190388795e-01,4.479460911848419102e-01
8.818229355847992945e-01,8.019349539548513706e-01,7.475847726300158813e-01,6.739548789025135989e-01,6.218028422079823203e-01,5.555753419153819372e-01,5.079461479522169309e-01,4.477695088835869641e-01
8.829189312775270748e-01,8.028059571625305590e-01,7.482650180797369988e-01,6.744184265264646649e-01,6.221042615969351042e-01,5.556917078996955750e-01,5.079291448054775726e-01,4.475936733906624165e-01
8.840169733200200497e-01,8.036788071319106441e-01,7.489467104669338404e-01,6.748832393800063834e-01,6.224067076215425987e-01,5.558089725023488414e-01,5.079129290635466809e-01,4.474185839833803580e-01
8.851170649395287970e-01,8.045535067949615149e-01,7.496298522202027304e-01,6.753493193968874708e-01,6.227101814204443198e-01,5.559271362070221656e-01,5.078975006171090323e-01,4.472442399432131066e-01
8.862192093686083183e-01,8.054300590975193019e-01,7.503144457832795489e-01,6.758166685245734495e-01,6.230146841428163551e-01,5.560461995052352613e-01,5.078828593627953136e-01,4.470706405557858809e-01
8.873234098451020513e-01,8.063084669993408893e-01,7.510004936150873611e-01,6.762852887243113731e-01,6.233202169483922361e-01,5.561661628963546766e-01,5.078690052031696878e-01,4.468977851108690835e-01
8.884296696121265491e-01,8.071887334741587594e-01,7.516879981897841567e-01,6.767551819711945527e-01,6.236267810074863638e-01,5.562870268876028979e-01,5.078559380467185802e-01,4.467256729023705852e-01
8.895379919180578243e-01,8.080708615097377256e-01,7.523769619968125877e-01,6.772263502542277269e-01,6.239343775010168791e-01,5.564087919940674531e-01,5.078436578078384667e-01,4.465543032283283420e-01
8.906483800165143627e-01,8.089548541079313315e-01,7.530673875409505946e-01,6.776987955763943416e-01,6.242430076205305323e-01,5.565314587387104606e-01,5.078321644068247709e-01,4.463836753909031785e-01
8.917608371663420241e-01,8.098407142847402485e-01,7.537592773423640313e-01,6.781725199547259386e-01,6.245526725682273295e-01,5.566550276523793972e-01,5.078214577698613175e-01,4.462137886963711275e-01
8.928753666315986104e-01,8.107284450703703405e-01,7.544526339366597334e-01,6.786475254203702123e-01,6.248633735569864012e-01,5.567794992738186455e-01,5.078115378290102289e-01,4.460446424551159361e-01
8.939919716815358797e-01,8.116180495092915059e-01,7.551474598749396971e-01,6.791238140186630634e-01,6.251751118103934246e-01,5.569048741496810395e-01,5.078024045222023775e-01,4.458762359816224041e-01
8.951106555905832263e-01,8.125095306602979628e-01,7.558437577238579230e-01,6.796013878092003191e-01,6.254878885627686014e-01,5.570311528345404106e-01,5.077940577932283928e-01,4.457085685944691122e-01
8.962314216383326926e-01,8.134028915965689777e-01,7.565415300656770370e-01,6.800802488659102307e-01,6.258017050591951902e-01,5.571583358909047989e-01,5.077864975917291135e-01,4.455416396163209281e-01
8.973542731095202063e-01,8.142981354057307053e-01,7.572407794983274654e-01,6.805603992771295241e-01,6.261165625555488168e-01,5.572864238892303312e-01,5.077797238731874829e-01,4.453754483739220671e-01
8.984792132940073728e-01,8.151952651899190272e-01,7.579415086354671649e-01,6.810418411456784504e-01,6.264324623185287821e-01,5.574154174079354318e-01,5.077737365989204443e-01,4.452099941980892650e-01
8.996062454867657099e-01,8.160942840658422792e-01,7.586437201065421299e-01,6.815245765889372809e-01,6.267494056256891488e-01,5.575453170334161435e-01,5.077685357360713914e-01,4.450452764237048942e-01
9.007353729878576631e-01,8.169951951648454225e-01,7.593474165568493417e-01,6.820086077389249102e-01,6.270673937654712704e-01,5.576761233600623369e-01,5.077641212576039509e-01,4.448812943897096917e-01
9.018665991024173989e-01,8.178980016329753244e-01,7.600526006476008289e-01,6.824939367423786818e-01,6.273864280372373203e-01,5.578078369902736977e-01,5.077604931422943224e-01,4.447180474390965976e-01
9.029999271406332628e-01,8.188027066310464841e-01,7.607592750559890593e-01,6.829805657608355451e-01,6.277065097513034875e-01,5.579404585344766021e-01,5.077576513747250608e-01,4.445555349189037608e-01
9.041353604177279069e-01,8.197093133347077565e-01,7.614674424752525539e-01,6.834684969707133240e-01,6.280276402289763915e-01,5.580739886111423242e-01,5.077555959452798584e-01,4.443937561802079328e-01
9.052729022539395265e-01,8.206178249345097431e-01,7.621771056147437218e-01,6.839577325633945382e-01,6.283498208025881659e-01,5.582084278468051330e-01,5.077543268501377716e-01,4.442327105781178065e-01
9.064125559745030980e-01,8.215282446359737367e-01,7.628882671999988041e-01,6.844482747453116689e-01,6.286730528155336506e-01,5.583437768760814990e-01,5.077538440912680029e-01,4.440723974717673550e-01
9.075543249096290621e-01,8.224405756596605555e-01,7.636009299728079291e-01,6.849401257380316466e-01,6.289973376223096935e-01,5.584800363416903002e-01,5.077541476764260153e-01,4.439128162243102249e-01
9.086982123944833400e-01,8.233548212412415968e-01,7.643150966912870548e-01,6.854332877783442246e-01,6.293226765885516771e-01,5.586172068944722513e-01,5.077552376191490913e-01,4.437539662029124643e-01
9.098442217691674605e-01,8.242709846315691147e-01,7.650307701299506880e-01,6.859277631183507973e-01,6.296490710910734867e-01,5.587552891934113308e-01,5.077571139387527799e-01,4.435958467787465831e-01
9.109923563786967993e-01,8.251890690967482733e-01,7.657479530797867140e-01,6.864235540255537726e-01,6.299765225179096984e-01,5.588942839056563194e-01,5.077597766603273444e-01,4.434384573269859464e-01
9.121426195729798181e-01,8.261090779182106436e-01,7.664666483483326687e-01,6.869206627829478329e-01,6.303050322683565465e-01,5.590341917065435595e-01,5.077632258147348754e-01,4.432817972267978912e-01
9.132950147067976365e-01,8.270310143927884772e-01,7.671868587597527878e-01,6.874190916891131931e-01,6.306346017530131132e-01,5.591750132796198258e-01,5.077674614386071816e-01,4.431258658613378421e-01
9.144495451397800512e-01,8.279548818327885362e-01,7.679085871549163889e-01,6.879188430583086378e-01,6.309652323938260698e-01,5.593167493166655291e-01,5.077724835743435694e-01,4.429706626177438156e-01
9.156062142363837753e-01,8.288806835660682548e-01,7.686318363914779184e-01,6.884199192205668894e-01,6.312969256241336424e-01,5.594594005177193630e-01,5.077782922701096213e-01,4.428161868871300366e-01
9.167650253658710113e-01,8.298084229361135655e-01,7.693566093439586639e-01,6.889223225217919744e-01,6.316296828887103532e-01,5.596029675911029511e-01,5.077848875798351980e-01,4.426624380645812207e-01
9.179259819022861366e-01,8.307381033021147276e-01,7.700829089038296882e-01,6.894260553238571454e-01,6.319635056438144272e-01,5.597474512534469371e-01,5.077922695632143268e-01,4.425094155491472447e-01
9.190890872244317222e-01,8.316697280390461522e-01,7.708107379795957614e-01,6.899311200047035797e-01,6.322983953572338667e-01,5.598928522297171861e-01,5.078004382857047583e-01,4.423571187438374297e-01
9.202543447158451073e-01,8.326033005377462271e-01,7.715400994968809600e-01,6.904375189584411876e-01,6.326343535083341907e-01,5.600391712532415411e-01,5.078093938185276324e-01,4.422055470556151002e-01
9.214217577647748625e-01,8.335388242049973639e-01,7.722709963985155968e-01,6.909452545954517522e-01,6.329713815881086170e-01,5.601864090657375783e-01,5.078191362386683672e-01,4.420546998953919227e-01
9.225913297641559208e-01,8.344763024636080440e-01,7.730034316446253717e-01,6.914543293424918469e-01,6.333094810992272450e-01,5.603345664173405849e-01,5.078296656288771027e-01,4.419045766780222984e-01
9.237630641115853747e-01,8.354157387524956402e-01,7.737374082127207453e-01,6.919647456427978627e-01,6.336486535560880151e-01,5.604836440666327579e-01,5.078409820776704775e-01,4.417551768222985342e-01
9.249369642092967192e-01,8.363571365267692403e-01,7.744729290977880876e-01,6.924765059561921454e-01,6.339889004848687781e-01,5.606336427806732914e-01,5.078530856793331827e-01,4.416064997509455137e-01
9.261130334641346495e-01,8.373004992578153560e-01,7.752099973123832699e-01,6.929896127591913535e-01,6.343302234235798087e-01,5.607845633350277970e-01,5.078659765339192944e-01,4.414585448906157006e-01
9.272912752875293041e-01,8.382458304333838539e-01,7.759486158867244798e-01,6.935040685451155928e-01,6.346726239221183175e-01,5.609364065137992794e-01,5.078796547472556044e-01,4.413113116718841433e-01
9.284716930954700631e-01,8.391931335576735540e-01,7.766887878687894764e-01,6.940198758241989951e-01,6.350161035423217415e-01,5.610891731096603330e-01,5.078941204309445068e-01,4.411647995292432012e-01
9.296542903084780152e-01,8.401424121514202703e-01,7.774305163244124017e-01,6.945370371237018503e-01,6.353606638580246990e-01,5.612428639238856709e-01,5.079093737023669952e-01,4.410190079010985476e-01
9.308390703515797560e-01,8.410936697519870719e-01,7.781738043373815916e-01,6.950555549880247375e-01,6.357063064551150555e-01,5.613974797663845440e-01,5.079254146846862161e-01,4.408739362297635633e-01
9.320260366542808539e-01,8.420469099134535451e-01,7.789186550095407169e-01,6.955754319788238771e-01,6.360530329315916553e-01,5.615530214557341582e-01,5.079422435068516872e-01,4.407295839614546185e-01
9.332151926505356521e-01,8.430021362067061652e-01,7.796650714608895916e-01,6.960966706751262612e-01,6.364008448976232746e-01,5.617094898192146468e-01,5.079598603036042936e-01,4.405859505462874637e-01
9.344065417787199568e-01,8.439593522195311115e-01,7.804130568296870907e-01,6.966192736734484470e-01,6.367497439756081290e-01,5.618668856928443756e-01,5.079782652154808398e-01,4.404430354382725121e-01
9.356000874816031709e-01,8.449185615567074148e-01,7.811626142725570654e-01,6.971432435879180156e-01,6.370997318002337151e-01,5.620252099214146924e-01,5.079974583888191564e-01,4.403008380953100098e-01
9.367958332063183180e-01,8.458797678401011044e-01,7.819137469645939253e-01,6.976685830503932539e-01,6.374508100185390935e-01,5.621844633585268980e-01,5.080174399757639847e-01,4.401593579791858724e-01
9.379937824043327321e-01,8.468429747087613535e-01,7.826664580994695530e-01,6.981952947105847240e-01,6.378029802899779499e-01,5.623446468666294384e-01,5.080382101342730827e-01,4.400185945555677991e-01
9.391939385314181932e-01,8.478081858190172904e-01,7.834207508895442151e-01,6.987233812361813845e-01,6.381562442864805451e-01,5.625057613170549864e-01,5.080597690281238865e-01,4.398785472940008323e-01
9.403963050476205066e-01,8.487754048445748101e-01,7.841766285659756974e-01,6.992528453129766008e-01,6.385106036925194406e-01,5.626678075900598541e-01,5.080821168269206156e-01,4.397392156679038044e-01
9.416008854172286391e-01,8.497446354766160503e-01,7.849340943788317704e-01,6.997836896449938227e-01,6.388660602051756676e-01,5.628307865748630734e-01,5.081052537061011565e-01,4.396005991545655633e-01
9.428076831087424114e-01,8.507158814238993116e-01,7.856931515972050972e-01,7.003159169546162577e-01,6.392226155342036753e-01,5.629946991696860303e-01,5.081291798469450560e-01,4.394626972351408645e-01
9.440167015948425222e-01,8.516891464128611977e-01,7.864538035093281421e-01,7.008495299827184333e-01,6.395802714020993873e-01,5.631595462817928777e-01,5.081538954365810712e-01,4.393255093946463741e-01
9.452279443523572411e-01,8.526644341877180899e-01,7.872160534226905204e-01,7.013845314887977578e-01,6.399390295441701459e-01,5.633253288275319459e-01,5.081794006679966058e-01,4.391890351219576161e-01
9.464414148622297684e-01,8.536417485105699532e-01,7.879799046641567939e-01,7.019209242511074143e-01,6.402988917086035459e-01,5.634920477323780430e-01,5.082056957400467034e-01,4.390532739098054749e-01
9.476571166094859278e-01,8.546210931615061401e-01,7.887453605800877066e-01,7.024587110667931400e-01,6.406598596565376003e-01,5.636597039309748647e-01,5.082327808574622630e-01,4.389182252547726981e-01
9.488750530831990826e-01,8.556024719387106403e-01,7.895124245364619764e-01,7.029978947520296728e-01,6.410219351621327943e-01,5.638282983671787374e-01,5.082606562308606968e-01,4.387838886572907882e-01
9.500952277764569409e-01,8.565858886585696608e-01,7.902810999189991970e-01,7.035384781421596401e-01,6.413851200126453600e-01,5.639978319941028051e-01,5.082893220767557008e-01,4.386502636216365048e-01
9.513176441863273602e-01,8.575713471557805390e-01,7.910513901332855147e-01,7.040804640918341128e-01,6.417494160085004395e-01,5.641683057741615492e-01,5.083187786175678013e-01,4.385173496559289785e-01
9.525423058138227095e-01,8.585588512834613217e-01,7.918232986048998612e-01,7.046238554751539374e-01,6.421148249633674698e-01,5.643397206791168630e-01,5.083490260816359019e-01,4.383851462721267689e-01
9.537692161638636756e-01,8.595484049132618987e-01,7.925968287795432943e-01,7.051686551858141749e-01,6.424813487042361215e-01,5.645120776901236814e-01,5.083800647032278297e-01,4.382536529860250885e-01
9.549983787452450690e-01,8.605400119354769117e-01,7.933719841231692271e-01,7.057148661372495413e-01,6.428489890714925714e-01,5.646853777977778321e-01,5.084118947225522156e-01,4.381228693172526945e-01
9.562297970705980754e-01,8.615336762591591091e-01,7.941487681221136574e-01,7.062624912627821772e-01,6.432177479189983282e-01,5.648596220021643299e-01,5.084445163857712613e-01,4.379927947892698348e-01
9.574634746563527310e-01,8.625294018122341422e-01,7.949271842832303925e-01,7.068115335157697521e-01,6.435876271141695026e-01,5.650348113129045613e-01,5.084779299450126189e-01,4.378634289293653059e-01
9.586994150227010625e-01,8.635271925416169170e-01,7.957072361340257194e-01,7.073619958697560106e-01,6.439586285380564101e-01,5.652109467492059114e-01,5.085121356583826024e-01,4.377347712686537884e-01
9.599376216935583406e-01,8.645270524133296108e-01,7.964889272227945183e-01,7.079138813186243162e-01,6.443307540854256166e-01,5.653880293399128343e-01,5.085471337899797328e-01,4.376068213420741815e-01
9.611780981965254433e-01,8.655289854126207993e-01,7.972722611187607056e-01,7.084671928767515281e-01,6.447040056648422057e-01,5.655660601235567020e-01,5.085829246099081713e-01,4.374795786883869386e-01
9.624208480628492213e-01,8.665329955440858045e-01,7.980572414122164560e-01,7.090219335791632105e-01,6.450783851987524908e-01,5.657450401484072078e-01,5.086195083942920414e-01,4.373530428501719025e-01
9.636658748273824182e-01,8.675390868317883752e-01,7.988438717146643109e-01,7.095781064816929495e-01,6.454538946235695018e-01,5.659249704725261010e-01,5.086568854252901950e-01,4.372272133738263622e-01
9.649131820285435923e-01,8.685472633193834779e-01,7.996321556589612856e-01,7.101357146611408933e-01,6.458305358897598047e-01,5.661058521638192564e-01,5.086950559911110892e-01,4.371020898095632212e-01
9.661627732082760378e-01,8.695575290702417526e-01,8.004220968994649743e-01,7.106947612154353999e-01,6.462083109619286558e-01,5.662876863000906313e-01,5.087340203860281074e-01,4.369776717114096098e-01
9.674146519120063736e-01,8.705698881675760781e-01,8.012136991121814322e-01,7.112552492637975732e-01,6.465872218189082643e-01,5.664704739690969992e-01,5.087737789103954356e-01,4.368539586372047201e-01
9.686688216886039093e-01,8.715843447145691369e-01,8.020069659949135010e-01,7.118171819469054640e-01,6.469672704538473873e-01,5.666542162686024620e-01,5.088143318706641605e-01,4.367309501485982515e-01
9.699252860903375684e-01,8.726009028345013130e-01,8.028019012674122434e-01,7.123805624270613812e-01,6.473484588743018131e-01,5.668389143064366253e-01,5.088556795793990339e-01,4.366086458110489676e-01
9.711840486728311461e-01,8.736195666708809204e-01,8.035985086715308201e-01,7.129453938883618669e-01,6.477307891023263986e-01,5.670245692005504434e-01,5.088978223552956814e-01,4.364870451938234752e-01
9.724451129950205663e-01,8.746403403875769866e-01,8.043967919713788106e-01,7.135116795368675602e-01,6.481142631745667737e-01,5.672111820790733949e-01,5.089407605231976994e-01,4.363661478699953356e-01
9.737084826191100273e-01,8.756632281689517017e-01,8.051967549534785329e-01,7.140794226007761702e-01,6.484988831423530442e-01,5.673987540803732132e-01,5.089844944141146410e-01,4.362459534164435104e-01
9.749741611105268158e-01,8.766882342199945333e-01,8.059984014269238051e-01,7.146486263305982245e-01,6.488846510717953819e-01,5.675872863531148393e-01,5.090290243652407787e-01,4.361264614138513074e-01
9.762421520378763429e-01,8.777153627664598945e-01,8.068017352235411499e-01,7.152192939993341492e-01,6.492715690438800591e-01,5.677767800563205958e-01,5.090743507199729789e-01,4.360076714467057135e-01
9.775124589728954039e-01,8.787446180550041452e-01,8.076067601980517763e-01,7.157914289026522381e-01,6.496596391545670368e-01,5.679672363594315820e-01,5.091204738279300201e-01,4.358895831032967294e-01
9.787850854904051046e-01,8.797760043533237040e-01,8.084134802282356702e-01,7.163650343590691749e-01,6.500488635148885530e-01,5.681586564423688479e-01,5.091673940449725766e-01,4.357721959757164254e-01
9.800600351682641209e-01,8.808095259502974894e-01,8.092218992150976842e-01,7.169401137101343302e-01,6.504392442510484873e-01,5.683510414955962320e-01,5.092151117332232024e-01,4.356555096598586085e-01
9.813373115873209596e-01,8.818451871561284738e-01,8.100320210830366241e-01,7.175166703206140584e-01,6.508307835045235024e-01,5.685443927201841996e-01,5.092636272610864268e-01,4.355395237554185450e-01
9.826169183313647748e-01,8.828829923024880122e-01,8.108438497800153355e-01,7.180947075786785483e-01,6.512234834321657395e-01,5.687387113278740136e-01,5.093129410032691817e-01,4.354242378658926271e-01
9.838988589870757417e-01,8.839229457426611702e-01,8.116573892777320109e-01,7.186742288960916714e-01,6.516173462063057364e-01,5.689339985411429046e-01,5.093630533408024519e-01,4.353096515985779846e-01
9.851831371439754292e-01,8.849650518516929409e-01,8.124726435717953832e-01,7.192552377084012738e-01,6.520123740148577873e-01,5.691302555932697960e-01,5.094139646610630345e-01,4.351957645645724848e-01
9.864697563943762848e-01,8.860093150265385686e-01,8.132896166819003625e-01,7.198377374751323554e-01,6.524085690614258581e-01,5.693274837284026946e-01,5.094656753577954111e-01,4.350825763787747880e-01
9.877587203333308974e-01,8.870557396862134292e-01,8.141083126520065605e-01,7.204217316799834681e-01,6.528059335654101680e-01,5.695256842016255261e-01,5.095181858311341738e-01,4.349700866598848470e-01
9.890500325585792618e-01,8.881043302719442423e-01,8.149287355505185904e-01,7.210072238310241133e-01,6.532044697621161022e-01,5.697248582790277460e-01,5.095714964876272290e-01,4.348582950304037409e-01
9.903436966704955990e-01,8.891550912473238366e-01,8.157508894704683655e-01,7.215942174608944715e-01,6.536041799028641242e-01,5.699250072377735066e-01,5.096256077402587792e-01,4.347472011166343409e-01
9.916397162720356206e-01,8.902080270984665811e-01,8.165747785296990635e-01,7.221827161270067963e-01,6.540050662551015748e-01,5.701261323661718228e-01,5.096805200084730814e-01,4.346368045486821430e-01
9.929380949686834601e-01,8.912631423341644821e-01,8.174004068710520876e-01,7.227727234117499178e-01,6.544071311025134730e-01,5.703282349637476267e-01,5.097362337181990943e-01,4.345271049604555458e-01
9.942388363683951624e-01,8.923204414860469447e-01,8.182277786625563598e-01,7.233642429226965209e-01,6.548103767451367574e-01,5.705313163413135991e-01,5.097927493018751255e-01,4.344181019896667939e-01
9.955419440815438392e-01,8.933799291087407557e-01,8.190568980976186131e-01,7.239572782928109795e-01,6.552148054994766380e-01,5.707353778210442208e-01,5.098500671984739219e-01,4.343097952778327553e-01
9.968474217208641575e-01,8.944416097800328425e-01,8.198877693952162371e-01,7.245518331806609647e-01,6.556204196986219479e-01,5.709404207365488260e-01,5.099081878535275392e-01,4.342021844702764755e-01
9.981552729013940528e-01,8.955054881010348078e-01,8.207203968000920113e-01,7.251479112706301633e-01,6.560272216923626054e-01,5.711464464329466528e-01,5.099671117191536540e-01,4.340952692161278437e-01
9.994655012404178862e-01,8.965715686963483533e-01,8.215547845829521689e-01,7.257455162731343279e-01,6.564352138473089626e-01,5.713534562669425609e-01,5.100268392540823204e-01,4.339890491683249252e-01
1.000778110357407602e+00,8.976398562142327009e-01,8.223909370406663477e-01,7.263446519248386579e-01,6.568443985470128199e-01,5.715614516069030815e-01,5.100873709236827258e-01,4.338835239836156266e-01
1.002093103873963331e+00,8.987103553267739020e-01,8.232288584964686518e-01,7.269453219888782902e-01,6.572547781920881071e-01,5.717704338329345770e-01,5.101487071999902811e-01,4.337786933225590280e-01
1.003410485413754438e+00,8.997830707300570330e-01,8.240685533001609331e-01,7.275475302550821199e-01,6.576663552003343405e-01,5.719804043369620672e-01,5.102108485617344869e-01,4.336745568495276593e-01
1.004730258602457793e+00,9.008580071443390569e-01,8.249100258283202924e-01,7.281512805401960664e-01,6.580791320068620776e-01,5.721913645228081657e-01,5.102737954943672438e-01,4.335711142327087209e-01
1.006052427067695820e+00,9.019351693142240167e-01,8.257532804845074681e-01,7.287565766881114460e-01,6.584931110642183727e-01,5.724033158062734605e-01,5.103375484900912751e-01,4.334683651441058050e-01
1.007376994438974993e+00,9.030145620088401159e-01,8.265983216994773342e-01,7.293634225700954543e-01,6.589082948425137864e-01,5.726162596152181150e-01,5.104021080478895467e-01,4.333663092595416155e-01
1.008703964347622550e+00,9.040961900220184644e-01,8.274451539313925075e-01,7.299718220850236472e-01,6.593246858295510604e-01,5.728301973896439137e-01,5.104674746735542445e-01,4.332649462586600220e-01
1.010033340426721438e+00,9.051800581724739336e-01,8.282937816660380648e-01,7.305817791596140864e-01,6.597422865309563456e-01,5.730451305817773067e-01,5.105336488797174166e-01,4.331642758249282243e-01
1.011365126311046581e+00,9.062661713039878997e-01,8.291442094170405896e-01,7.311932977486647056e-01,6.601610994703108748e-01,5.732610606561538980e-01,5.106006311858817259e-01,4.330642976456394178e-01
1.012699325636999603e+00,9.073545342855935392e-01,8.299964417260879967e-01,7.318063818352946726e-01,6.605811271892830794e-01,5.734779890897041543e-01,5.106684221184505379e-01,4.329650114119152349e-01
1.014035942042540883e+00,9.084451520117616807e-01,8.308504831631519094e-01,7.324210354311864180e-01,6.610023722477639252e-01,5.736959173718390037e-01,5.107370222107594504e-01,4.328664168187083550e-01
1.015374979167122715e+00,9.095380294025904311e-01,8.317063383267134791e-01,7.330372625768299955e-01,6.614248372240030260e-01,5.739148470045373207e-01,5.108064320031088235e-01,4.327685135648061121e-01
1.016716440651620923e+00,9.106331714039960223e-01,8.325640118439898707e-01,7.336550673417708834e-01,6.618485247147460893e-01,5.741347795024344114e-01,5.108766520427959756e-01,4.326713013528328267e-01
1.018060330138267355e+00,9.117305829879049917e-01,8.334235083711650782e-01,7.342744538248620056e-01,6.622734373353739157e-01,5.743557163929104981e-01,5.109476828841473806e-01,4.325747798892526919e-01
1.019406651270578834e+00,9.128302691524500245e-01,8.342848325936234044e-01,7.348954261545166400e-01,6.626995777200429538e-01,5.745776592161815355e-01,5.110195250885526397e-01,4.324789488843738261e-01
1.020755407693284544e+00,9.139322349221657982e-01,8.351479892261829407e-01,7.355179884889619935e-01,6.631269485218285187e-01,5.748006095253909153e-01,5.110921792244983441e-01,4.323838080523515481e-01
1.022106603052256313e+00,9.150364853481888217e-01,8.360129830133332662e-01,7.361421450165005487e-01,6.635555524128673444e-01,5.750245688867010596e-01,5.111656458676019366e-01,4.322893571111915967e-01
1.023460240994435333e+00,9.161430255084591634e-01,8.368798187294771429e-01,7.367678999557705222e-01,6.639853920845031343e-01,5.752495388793867903e-01,5.112399256006464610e-01,4.321955957827541273e-01
1.024816325167758446e+00,9.172518605079230669e-01,8.377485011791719893e-01,7.373952575560087652e-01,6.644164702474342210e-01,5.754755210959304756e-01,5.113150190136157569e-01,4.321025237927576534e-01
1.026174859221083979e+00,9.183629954787393412e-01,8.386190351973749069e-01,7.380242220973186607e-01,6.648487896318610035e-01,5.757025171421173981e-01,5.113909267037306527e-01,4.320101408707825996e-01
1.027535846804115582e+00,9.194764355804864175e-01,8.394914256496917027e-01,7.386547978909392409e-01,6.652823529876363828e-01,5.759305286371322330e-01,5.114676492754848258e-01,4.319184467502756308e-01
1.028899291567326735e+00,9.205921860003727364e-01,8.403656774326273560e-01,7.392869892795193021e-01,6.657171630844177512e-01,5.761595572136560817e-01,5.115451873406815508e-01,4.318274411685540382e-01
1.030265197161882140e+00,9.217102519534491334e-01,8.412417954738382608e-01,7.399208006373905189e-01,6.661532227118204252e-01,5.763896045179665029e-01,5.116235415184713364e-01,4.317371238668102906e-01
1.031633567239559568e+00,9.228306386828227792e-01,8.421197847323893537e-01,7.405562363708461104e-01,6.665905346795714115e-01,5.766206722100370996e-01,5.117027124353890066e-01,4.316474945901162541e-01
1.033004405452671248e+00,9.239533514598748942e-01,8.429996501990131286e-01,7.411933009184247245e-01,6.670291018176661701e-01,5.768527619636373283e-01,5.117827007253924476e-01,4.315585530874280762e-01
1.034377715453983049e+00,9.250783955844794626e-01,8.438813968963700951e-01,7.418319987511923230e-01,6.674689269765280430e-01,5.770858754664359713e-01,5.118635070299007994e-01,4.314702991115910713e-01
1.035753500896632762e+00,9.262057763852241665e-01,8.447650298793137891e-01,7.424723343730297298e-01,6.679100130271671265e-01,5.773200144201040551e-01,5.119451319978337578e-01,4.313827324193446056e-01
1.037131765434047725e+00,9.273354992196346513e-01,8.456505542351571147e-01,7.431143123209232870e-01,6.683523628613428080e-01,5.775551805404187666e-01,5.120275762856523194e-01,4.312958527713275370e-01
1.038512512719861558e+00,9.284675694744011221e-01,8.465379750839430173e-01,7.437579371652578430e-01,6.687959793917266360e-01,5.777913755573697019e-01,5.121108405573980837e-01,4.312096599320832668e-01
1.039895746407829336e+00,9.296019925656061611e-01,8.474272975787177087e-01,7.444032135101139591e-01,6.692408655520666327e-01,5.780286012152648922e-01,5.121949254847339983e-01,4.311241536700651800e-01
1.041281470151742994e+00,9.307387739389563208e-01,8.483185269058045597e-01,7.450501459935660042e-01,6.696870242973553822e-01,5.782668592728390511e-01,5.122798317469858809e-01,4.310393337576421957e-01
1.042669687605343620e+00,9.318779190700153814e-01,8.492116682850832099e-01,7.456987392879853571e-01,6.701344586039983398e-01,5.785061515033631530e-01,5.123655600311847191e-01,4.309551999711047632e-01
1.044060402422233746e+00,9.330194334644394960e-01,8.501067269702724527e-01,7.463489981003470497e-01,6.705831714699830304e-01,5.787464796947536794e-01,5.124521110321086370e-01,4.308717520906705234e-01
1.045453618255788752e+00,9.341633226582169991e-01,8.510037082492132310e-01,7.470009271725380762e-01,6.710331659150516881e-01,5.789878456496846404e-01,5.125394854523255272e-01,4.307889899004904710e-01
1.046849338759067161e+00,9.353095922179089916e-01,8.519026174441565180e-01,7.476545312816698097e-01,6.714844449808758942e-01,5.792302511857000402e-01,5.126276840022372383e-01,4.307069131886552271e-01
1.048247567584720485e+00,9.364582477408923689e-01,8.528034599120539738e-01,7.483098152403930836e-01,6.719370117312322144e-01,5.794736981353275640e-01,5.127167074001227620e-01,4.306255217472013119e-01
1.049648308384899087e+00,9.376092948556061790e-01,8.537062410448511551e-01,7.489667838972172698e-01,6.723908692521788355e-01,5.797181883461947072e-01,5.128065563721831976e-01,4.305448153721179727e-01
1.051051564811159800e+00,9.387627392217996469e-01,8.546109662697838338e-01,7.496254421368330201e-01,6.728460206522354214e-01,5.799637236811441277e-01,5.128972316525871600e-01,4.304647938633531790e-01
1.052457340514372008e+00,9.399185865307841947e-01,8.555176410496774242e-01,7.502857948804368959e-01,6.733024690625653008e-01,5.802103060183513294e-01,5.129887339835158544e-01,4.303854570248208944e-01
1.053865639144621280e+00,9.410768425056875719e-01,8.564262708832509619e-01,7.509478470860605492e-01,6.737602176371570994e-01,5.804579372514441227e-01,5.130810641152093732e-01,4.303068046644082933e-01
1.055276464351112553e+00,9.422375129017097617e-01,8.573368613054224152e-01,7.516116037489037893e-01,6.742192695530103697e-01,5.807066192896219725e-01,5.131742228060135469e-01,4.302288365939823667e-01
1.056689819782072881e+00,9.434006035063834394e-01,8.582494178876175495e-01,7.522770699016695373e-01,6.746796280103228849e-01,5.809563540577781238e-01,5.132682108224274620e-01,4.301515526293978042e-01
1.058105709084651291e+00,9.445661201398347639e-01,8.591639462380817882e-01,7.529442506149027770e-01,6.751412962326794887e-01,5.812071434966222805e-01,5.133630289391509782e-01,4.300749525905042669e-01
1.059524135904818198e+00,9.457340686550482767e-01,8.600804520021966271e-01,7.536131509973341691e-01,6.756042774672432749e-01,5.814589895628042848e-01,5.134586779391334677e-01,4.299990363011538808e-01
1.060945103887265040e+00,9.469044549381350206e-01,8.609989408627991558e-01,7.542837761962265519e-01,6.760685749849471016e-01,5.817118942290395722e-01,5.135551586136226643e-01,4.299238035892091192e-01
1.062368616675299915e+00,9.480772849086028797e-01,8.619194185405029129e-01,7.549561313977242172e-01,6.765341920806899889e-01,5.819658594842364030e-01,5.136524717622145131e-01,4.298492542865508526e-01
1.063794677910744557e+00,9.492525645196309148e-01,8.628418907940236249e-01,7.556302218272071825e-01,6.770011320735326299e-01,5.822208873336234269e-01,5.137506181929031301e-01,4.297753882290863414e-01
1.065223291233828418e+00,9.504302997583434776e-01,8.637663634205086094e-01,7.563060527496487939e-01,6.774693983068971193e-01,5.824769797988789133e-01,5.138495987221314287e-01,4.297022052567576744e-01
1.066654460283081196e+00,9.516104966460899872e-01,8.646928422558691762e-01,7.569836294699753276e-01,6.779389941487680149e-01,5.827341389182619791e-01,5.139494141748434108e-01,4.296297052135503725e-01
1.068088188695225815e+00,9.527931612387274818e-01,8.656213331751155815e-01,7.576629573334316969e-01,6.784099229918942875e-01,5.829923667467448167e-01,5.140500653845350154e-01,4.295578879475013268e-01
1.069524480105068509e+00,9.539782996269047244e-01,8.665518420926963117e-01,7.583440417259502686e-01,6.788821882539952668e-01,5.832516653561459208e-01,5.141515531933072980e-01,4.294867533107085134e-01
1.070963338145388466e+00,9.551659179363509722e-01,8.674843749628420309e-01,7.590268880745226765e-01,6.793557933779663660e-01,5.835120368352648690e-01,5.142538784519193884e-01,4.294163011593397639e-01
1.072404766446824809e+00,9.563560223281656336e-01,8.684189377799104159e-01,7.597115018475764092e-01,6.798307418320901352e-01,5.837734832900193238e-01,5.143570420198426696e-01,4.293465313536414807e-01
1.073848768637764461e+00,9.575486189991136987e-01,8.693555365787364320e-01,7.603978885553547284e-01,6.803070371102469815e-01,5.840360068435825891e-01,5.144610447653151786e-01,4.292774437579483515e-01
1.075295348344226909e+00,9.587437141819221686e-01,8.702941774349860493e-01,7.610860537503001400e-01,6.807846827321275551e-01,5.842996096365227210e-01,5.145658875653957853e-01,4.292090382406926752e-01
1.076744509189747401e+00,9.599413141455794829e-01,8.712348664655129582e-01,7.617760030274435268e-01,6.812636822434497974e-01,5.845642938269438593e-01,5.146715713060208142e-01,4.291413146744142426e-01
1.078196254795259934e+00,9.611414251956404975e-01,8.721776098287195023e-01,7.624677420247963910e-01,6.817440392161763230e-01,5.848300615906277811e-01,5.147780968820602210e-01,4.290742729357698293e-01
1.079650588778977793e+00,9.623440536745312412e-01,8.731224137249210537e-01,7.631612764237460933e-01,6.822257572487341326e-01,5.850969151211771191e-01,5.148854651973742147e-01,4.290079129055434093e-01
1.081107514756273424e+00,9.635492059618591121e-01,8.740692843967141634e-01,7.638566119494553108e-01,6.827088399662383233e-01,5.853648566301618006e-01,5.149936771648706557e-01,4.289422344686568689e-01
1.082567036339556088e+00,9.647568884747264040e-01,8.750182281293479303e-01,7.645537543712669359e-01,6.831932910207152432e-01,5.856338883472654855e-01,5.151027337065637868e-01,4.288772375141797766e-01
1.084029157138149291e+00,9.659671076680459434e-01,8.759692512511012552e-01,7.652527095031143034e-01,6.836791140913290876e-01,5.859040125204331151e-01,5.152126357536329637e-01,4.288129219353398747e-01
1.085493880758165108e+00,9.671798700348602784e-01,8.769223601336616492e-01,7.659534832039323060e-01,6.841663128846122710e-01,5.861752314160210142e-01,5.153233842464818304e-01,4.287492876295340705e-01
1.086961210802378064e+00,9.683951821066655308e-01,8.778775611925087041e-01,7.666560813780746164e-01,6.846548911346962418e-01,5.864475473189485477e-01,5.154349801347989368e-01,4.286863344983395940e-01
1.088431150870096786e+00,9.696130504537363581e-01,8.788348608873011170e-01,7.673605099757349057e-01,6.851448526035458508e-01,5.867209625328505540e-01,5.155474243776185794e-01,4.286240624475251004e-01
1.089903704557034558e+00,9.708334816854554683e-01,8.797942657222682650e-01,7.680667749933718369e-01,6.856362010811950514e-01,5.869954793802321102e-01,5.156607179433818633e-01,4.285624713870617164e-01
1.091378875455178976e+00,9.720564824506484625e-01,8.807557822466068886e-01,7.687748824741404974e-01,6.861289403859850422e-01,5.872711002026246296e-01,5.157748618099990967e-01,4.285015612311345867e-01
1.092856667152658723e+00,9.732820594379186785e-01,8.817194170548794396e-01,7.694848385083260522e-01,6.866230743648059631e-01,5.875478273607434021e-01,5.158898569649128518e-01,4.284413318981545316e-01
1.094337083233610119e+00,9.745102193759879183e-01,8.826851767874177579e-01,7.701966492337830594e-01,6.871186068933397006e-01,5.878256632346472443e-01,5.160057044051615804e-01,4.283817833107702588e-01
1.095820127278041012e+00,9.757409690340393960e-01,8.836530681307309676e-01,7.709103208363786708e-01,6.876155418763060245e-01,5.881046102238992601e-01,5.161224051374435629e-01,4.283229153958801327e-01
1.097305802861691992e+00,9.769743152220645710e-01,8.846230978179170368e-01,7.716258595504403850e-01,6.881138832477111666e-01,5.883846707477294879e-01,5.162399601781821890e-01,4.282647280846443860e-01
1.098794113555898511e+00,9.782102647912146454e-01,8.855952726290792221e-01,7.723432716592093517e-01,6.886136349710981763e-01,5.886658472451992141e-01,5.163583705535911283e-01,4.282072213124979432e-01
1.100285062927450763e+00,9.794488246341548354e-01,8.865695993917461770e-01,7.730625634952973391e-01,6.891148010398002732e-01,5.889481421753669510e-01,5.164776372997409437e-01,4.281503950191628549e-01
1.101778654538450253e+00,9.806900016854229740e-01,8.875460849812966124e-01,7.737837414411494752e-01,6.896173854771970868e-01,5.892315580174560807e-01,5.165977614626263703e-01,4.280942491486610102e-01
1.103274891946166125e+00,9.819338029217897779e-01,8.885247363213883975e-01,7.745068119295090980e-01,6.901213923369731162e-01,5.895160972710250524e-01,5.167187440982338176e-01,4.280387836493273479e-01
1.104773778702889286e+00,9.831802353626253321e-01,8.895055603843911030e-01,7.752317814438907106e-01,6.906268257033780777e-01,5.898017624561379124e-01,5.168405862726107580e-01,4.279839984738233460e-01
1.106275318355784076e+00,9.844293060702681286e-01,8.904885641918247607e-01,7.759586565190574881e-01,6.911336896914910266e-01,5.900885561135368329e-01,5.169632890619341170e-01,4.279298935791502334e-01
1.107779514446739944e+00,9.856810221503982117e-01,8.914737548148019552e-01,7.766874437415004495e-01,6.916419884474870328e-01,5.903764808048176382e-01,5.170868535525798837e-01,4.278764689266625898e-01
1.109286370512220010e+00,9.869353907524154312e-01,8.924611393744733556e-01,7.774181497499258464e-01,6.921517261489052997e-01,5.906655391126061083e-01,5.172112808411946094e-01,4.278237244820822793e-01
1.110795890083108528e+00,9.881924190698190280e-01,8.934507250424799096e-01,7.781507812357466580e-01,6.926629070049212800e-01,5.909557336407358363e-01,5.173365720347669061e-01,4.277716602155124392e-01
1.112308076684555669e+00,9.894521143405921038e-01,8.944425190414085902e-01,7.788853449435787502e-01,6.931755352566210115e-01,5.912470670144290841e-01,5.174627282506994996e-01,4.277202761014519683e-01
1.113822933835820095e+00,9.907144838475911985e-01,8.954365286452529160e-01,7.796218476717413637e-01,6.936896151772786734e-01,5.915395418804787475e-01,5.175897506168822826e-01,4.276695721188100152e-01
1.115340465050112417e+00,9.919795349189403089e-01,8.964327611798782458e-01,7.803602962727651526e-01,6.942051510726353625e-01,5.918331609074313215e-01,5.177176402717660331e-01,4.276195482509203560e-01
1.116860673834434214e+00,9.932472749284266822e-01,8.974312240234907367e-01,7.811006976539038860e-01,6.947221472811822007e-01,5.921279267857731954e-01,5.178463983644372437e-01,4.275702044855567707e-01
1.118383563689415272e+00,9.945177112959019405e-01,8.984319246071131859e-01,7.818430587776503682e-01,6.952406081744471056e-01,5.924238422281183913e-01,5.179760260546931727e-01,4.275215408149476981e-01
1.119909138109149715e+00,9.957908514876874229e-01,8.994348704150635365e-01,7.825873866622596875e-01,6.957605381572820047e-01,5.927209099693985239e-01,5.181065245131183383e-01,4.274735572357920566e-01
1.121437400581030364e+00,9.970667030169841905e-01,9.004400689854400452e-01,7.833336883822770158e-01,6.962819416681532703e-01,5.930191327670533141e-01,5.182378949211611241e-01,4.274262537492745651e-01
1.122968354585580641e+00,9.983452734442862520e-01,9.014475279106105576e-01,7.840819710690705158e-01,6.968048231794373715e-01,5.933185134012239903e-01,5.183701384712113835e-01,4.273796303610812308e-01
1.124502003596284938e+00,9.996265703777980072e-01,9.024572548377054471e-01,7.848322419113696879e-01,6.973291871977179701e-01,5.936190546749497976e-01,5.185032563666795991e-01,4.273336870814159472e-01
1.126038351079415412e+00,1.000910601473858019e+00,9.034692574691189915e-01,7.855845081558101572e-01,6.978550382640846816e-01,5.939207594143646185e-01,5.186372498220759297e-01,4.272884239250162586e-01
1.127577400493858795e+00,1.002197374437364896e+00,9.044835435630127485e-01,7.863387771074834554e-01,6.983823809544367212e-01,5.942236304688962578e-01,5.187721200630904805e-01,4.272438409111700142e-01
1.129119155290941201e+00,1.003486897022208391e+00,9.055001209338245927e-01,7.870950561304927984e-01,6.989112198797888809e-01,5.945276707114680592e-01,5.189078683266740155e-01,4.271999380637316879e-01
1.130663618914248492e+00,1.004779177031704052e+00,9.065189974527834149e-01,7.878533526485123062e-01,6.994415596865815044e-01,5.948328830387024091e-01,5.190444958611205584e-01,4.271567154111400311e-01
1.132210794799446862e+00,1.006074222319034206e+00,9.075401810484297060e-01,7.886136741453555477e-01,6.999734050569919042e-01,5.951392703711265719e-01,5.191820039261495490e-01,4.271141729864344483e-01
1.133760686374100768e+00,1.007372040787693601e+00,9.085636797071408033e-01,7.893760281655488598e-01,7.005067607092494431e-01,5.954468356533797468e-01,5.193203937929891101e-01,4.270723108272724278e-01
1.135313297057488180e+00,1.008672640391937048e+00,9.095895014736606887e-01,7.901404223149079975e-01,7.010416313979543901e-01,5.957555818544223447e-01,5.194596667444613125e-01,4.270311289759478046e-01
1.136868630260413626e+00,1.009976029137233500e+00,9.106176544516361160e-01,7.909068642611245537e-01,7.015780219143992191e-01,5.960655119677489289e-01,5.195998240750672181e-01,4.269906274794079137e-01
1.138426689385020119e+00,1.011282215080724800e+00,9.116481468041581770e-01,7.916753617343552651e-01,7.021159370868937932e-01,5.963766290116020441e-01,5.197408670910729223e-01,4.269508063892719085e-01
1.139987477824597972e+00,1.012591206331689531e+00,9.126809867543094201e-01,7.924459225278197572e-01,7.026553817810929914e-01,5.966889360291878219e-01,5.198827971105963730e-01,4.269116657618489130e-01
1.141550998963390962e+00,1.013903011052009973e+00,9.137161825857156305e-01,7.932185544984018399e-01,7.031963609003289983e-01,5.970024360888946946e-01,5.200256154636956341e-01,4.268732056581565626e-01
1.143117256176401586e+00,1.015217637456644839e+00,9.147537426431038288e-01,7.939932655672583550e-01,7.037388793859453706e-01,5.973171322845142184e-01,5.201693234924580356e-01,4.268354261439400443e-01
1.144686252829193229e+00,1.016535093814108448e+00,9.157936753328664858e-01,7.947700637204371255e-01,7.042829422176334342e-01,5.976330277354628961e-01,5.203139225510894361e-01,4.267983272896908042e-01
1.146257992277689652e+00,1.017855388446951670e+00,9.168359891236304016e-01,7.955489570094952390e-01,7.048285544137762315e-01,5.979501255870081078e-01,5.204594140060052609e-01,4.267619091706660872e-01
1.147832477867972933e+00,1.019178529732250649e+00,9.178806925468329103e-01,7.963299535521283223e-01,7.053757210317916915e-01,5.982684290104953728e-01,5.206057992359220954e-01,4.267261718669081993e-01
1.149409712936078520e+00,1.020504526102099296e+00,9.189277941973013064e-01,7.971130615328049229e-01,7.059244471684810174e-01,5.985879412035775005e-01,5.207530796319501665e-01,4.266911154632643255e-01
1.150989700807788285e+00,1.021833386044106451e+00,9.199773027338404852e-01,7.978982892034068852e-01,7.064747379603810717e-01,5.989086653904471813e-01,5.209012565976870457e-01,4.266567400494066797e-01
1.152572444798421802e+00,1.023165118101899029e+00,9.210292268798276893e-01,7.986856448838777212e-01,7.070265985841175382e-01,5.992306048220709114e-01,5.210503315493110188e-01,4.266230457198524895e-01
1.154157948212623186e+00,1.024499730875630510e+00,9.220835754238084769e-01,7.994751369628754212e-01,7.075800342567657442e-01,5.995537627764256916e-01,5.212003059156778972e-01,4.265900325739850896e-01
1.155746214344146372e+00,1.025837233022493855e+00,9.231403572201029029e-01,8.002667738984340362e-01,7.081350502362119270e-01,5.998781425587379479e-01,5.213511811384170525e-01,4.265577007160742395e-01
1.157337246475639292e+00,1.027177633257239542e+00,9.241995811894175850e-01,8.010605642186310327e-01,7.086916518215187200e-01,6.002037475017252266e-01,5.215029586720280053e-01,4.265260502552970512e-01
1.158931047878424492e+00,1.028520940352699586e+00,9.252612563194620998e-01,8.018565165222618640e-01,7.092498443532956331e-01,6.005305809658401106e-01,5.216556399839795688e-01,4.264950813057594714e-01
1.160527621812276644e+00,1.029867163140316899e+00,9.263253916655730391e-01,8.026546394795213146e-01,7.098096332140712006e-01,6.008586463395162447e-01,5.218092265548089914e-01,4.264647939865180981e-01
1.162126971525198282e+00,1.031216310510680634e+00,9.273919963513439502e-01,8.034549418326911718e-01,7.103710238286703449e-01,6.011879470394175806e-01,5.219637198782220988e-01,4.264351884216016075e-01
1.163729100253192428e+00,1.032568391414065534e+00,9.284610795692617158e-01,8.042574323968374461e-01,7.109340216645950727e-01,6.015184865106897316e-01,5.221191214611944353e-01,4.264062647400328476e-01
1.165334011220033217e+00,1.033923414860977497e+00,9.295326505813493734e-01,8.050621200605115879e-01,7.114986322324086121e-01,6.018502682272134363e-01,5.222754328240741817e-01,4.263780230758514866e-01
1.166941707637032977e+00,1.035281389922704465e+00,9.306067187198158175e-01,8.058690137864600311e-01,7.120648610861235461e-01,6.021832956918615753e-01,5.224326555006852946e-01,4.263504635681366062e-01
1.168552192702807524e+00,1.036642325731875314e+00,9.316832933877119416e-01,8.066781226123421744e-01,7.126327138235947212e-01,6.025175724367579644e-01,5.225907910384320898e-01,4.263235863610295717e-01
1.170165469603038799e+00,1.038006231483020736e+00,9.327623840595931082e-01,8.074894556514548016e-01,7.132021960869148192e-01,6.028531020235390336e-01,5.227498409984043803e-01,4.262973916037570699e-01
1.171781541510233282e+00,1.039373116433141453e+00,9.338440002821892794e-01,8.083030220934634968e-01,7.137733135628141490e-01,6.031898880436182830e-01,5.229098069554839467e-01,4.262718794506548114e-01
1.173400411583480407e+00,1.040742989902284199e+00,9.349281516750810317e-01,8.091188312051422749e-01,7.143460719830645456e-01,6.035279341184526247e-01,5.230706904984525618e-01,4.262470500611908464e-01
1.175022082968205206e+00,1.042115861274119926e+00,9.360148479313818992e-01,8.099368923311212054e-01,7.149204771248880430e-01,6.038672438998128333e-01,5.232324932301004594e-01,4.262229035999900439e-01
1.176646558795918729e+00,1.043491739996531109e+00,9.371040988184295983e-01,8.107572148946412538e-01,7.154965348113682122e-01,6.042078210700557728e-01,5.233952167673362466e-01,4.261994402368585177e-01
1.178273842183967801e+00,1.044870635582203500e+00,9.381959141784836920e-01,8.115798083983157829e-01,7.160742509118668275e-01,6.045496693423990653e-01,5.235588627412977036e-01,4.261766601468077176e-01
1.179903936235279893e+00,1.046252557609224088e+00,9.392903039294291379e-01,8.124046824249010479e-01,7.166536313424441973e-01,6.048927924611988693e-01,5.237234327974635839e-01,4.261545635100794649e-01
1.181536844038106215e+00,1.047637515721685286e+00,9.403872780654879415e-01,8.132318466380762390e-01,7.172346820662838240e-01,6.052371942022316542e-01,5.238889285957667452e-01,4.261331505121712659e-01
1.183172568665759927e+00,1.049025519630295555e+00,9.414868466579385808e-01,8.140613107832281869e-01,7.178174090941213947e-01,6.055828783729773068e-01,5.240553518107088360e-01,4.261124213438619579e-01
1.184811113176352348e+00,1.050416579112996462e+00,9.425890198558416477e-01,8.148930846882456169e-01,7.184018184846771016e-01,6.059298488129043481e-01,5.242227041314752034e-01,4.260923762012375771e-01
1.186452480612527394e+00,1.051810704015584408e+00,9.436938078867737056e-01,8.157271782643226166e-01,7.189879163450937360e-01,6.062781093937604782e-01,5.243909872620514667e-01,4.260730152857168940e-01
1.188096674001192898e+00,1.053207904252341010e+00,9.448012210575683634e-01,8.165636015067698761e-01,7.195757088313777805e-01,6.066276640198642323e-01,5.245602029213414230e-01,4.260543388040777812e-01
1.189743696353247060e+00,1.054608189806668594e+00,9.459112697550652316e-01,8.174023644958333668e-01,7.201652021488469391e-01,6.069785166284006328e-01,5.247303528432855080e-01,4.260363469684843585e-01
1.191393550663301770e+00,1.056011570731731908e+00,9.470239644468667617e-01,8.182434773975221232e-01,7.207564025525805551e-01,6.073306711897187293e-01,5.249014387769810330e-01,4.260190399965139152e-01
1.193046239909405282e+00,1.057418057151108037e+00,9.481393156821016355e-01,8.190869504644442411e-01,7.213493163478740255e-01,6.076841317076328020e-01,5.250734624868038658e-01,4.260024181111844443e-01
1.194701767052758878e+00,1.058827659259440335e+00,9.492573340921969249e-01,8.199327940366518686e-01,7.219439498906988772e-01,6.080389022197270066e-01,5.252464257525304436e-01,4.259864815409815653e-01
1.196360135037432215e+00,1.060240387323100553e+00,9.503780303916580241e-01,8.207810185424949667e-01,7.225403095881680615e-01,6.083949867976619075e-01,5.254203303694612304e-01,4.259712305198866678e-01
1.198021346790075325e+00,1.061656251680859198e+00,9.515014153788573514e-01,8.216316344994840648e-01,7.231384018990042462e-01,6.087523895474845625e-01,5.255951781485455054e-01,4.259566652874055004e-01
1.199685405219625522e+00,1.063075262744560101e+00,9.526274999368296026e-01,8.224846525151614518e-01,7.237382333340138807e-01,6.091111146099431606e-01,5.257709709165082623e-01,4.259427860885968142e-01
1.201352313217012746e+00,1.064497430999802319e+00,9.537562950340769952e-01,8.233400832879811393e-01,7.243398104565658135e-01,6.094711661608026576e-01,5.259477105159773291e-01,4.259295931741010066e-01
1.203022073654861801e+00,1.065922767006630023e+00,9.548878117253812858e-01,8.241979376081987052e-01,7.249431398830749051e-01,6.098325484111644101e-01,5.261253988056114883e-01,4.259170868001691534e-01
1.204694689387189266e+00,1.067351281400229057e+00,9.560220611526242251e-01,8.250582263587699083e-01,7.255482282834906371e-01,6.101952656077904713e-01,5.263040376602305948e-01,4.259052672286927632e-01
1.206370163249098626e+00,1.068782984891629706e+00,9.571590545456168941e-01,8.259209605162578516e-01,7.261550823817897182e-01,6.105593220334284421e-01,5.264836289709469153e-01,4.258941347272336975e-01
1.208048498056472519e+00,1.070217888268418793e+00,9.582988032229383668e-01,8.267861511517511364e-01,7.267637089564743524e-01,6.109247220071416518e-01,5.266641746452979111e-01,4.258836895690545354e-01
1.209729696605659210e+00,1.071656002395456664e+00,9.594413185927832544e-01,8.276538094317913430e-01,7.273741148410753921e-01,6.112914698846416695e-01,5.268456766073793540e-01,4.258739320331489386e-01
1.211413761673156619e+00,1.073097338215601049e+00,9.605866121538154667e-01,8.285239466193080604e-01,7.279863069246618190e-01,6.116595700586251461e-01,5.270281367979811060e-01,4.258648624042726816e-01
1.213100696015293689e+00,1.074541906750440701e+00,9.617346954960327432e-01,8.293965740745653514e-01,7.286002921523534459e-01,6.120290269591135424e-01,5.272115571747235663e-01,4.258564809729746825e-01
1.214790502367907310e+00,1.075989719101035469e+00,9.628855803016405090e-01,8.302717032561185428e-01,7.292160775258388350e-01,6.123998450537951888e-01,5.273959397121951165e-01,4.258487880356288113e-01
1.216483183446015692e+00,1.077440786448663479e+00,9.640392783459336146e-01,8.311493457217797864e-01,7.298336701039002117e-01,6.127720288483727851e-01,5.275812864020911208e-01,4.258417838944657530e-01
1.218178741943486632e+00,1.078895120055575196e+00,9.651958014981876222e-01,8.320295131295932789e-01,7.304530770029432629e-01,6.131455828869134539e-01,5.277675992533552574e-01,4.258354688576050928e-01
1.219877180532705330e+00,1.080352731265756594e+00,9.663551617225603074e-01,8.329122172388218059e-01,7.310743053975309325e-01,6.135205117522017915e-01,5.279548802923212936e-01,4.258298432390882904e-01
1.221578501864237332e+00,1.081813631505699203e+00,9.675173710790013759e-01,8.337974699109432786e-01,7.316973625209238774e-01,6.138968200660972485e-01,5.281431315628557499e-01,4.258249073589115419e-01
1.223282708566484134e+00,1.083277832285177711e+00,9.686824417241721719e-01,8.346852831106578163e-01,7.323222556656258098e-01,6.142745124898942866e-01,5.283323551265032281e-01,4.258206615430593089e-01
1.224989803245337017e+00,1.084745345198036004e+00,9.698503859123742687e-01,8.355756689069042675e-01,7.329489921839343891e-01,6.146535937246878634e-01,5.285225530626329604e-01,4.258171061235381250e-01
1.226699788483830877e+00,1.086216181922981194e+00,9.710212159964882739e-01,8.364686394738864994e-01,7.335775794885001089e-01,6.150340685117418049e-01,5.287137274685860255e-01,4.258142414384101238e-01
1.228412666841790513e+00,1.087690354224384981e+00,9.721949444289234021e-01,8.373642070921140101e-01,7.342080250528866259e-01,6.154159416328590648e-01,5.289058804598242292e-01,4.258120678318281782e-01
1.230128440855470462e+00,1.089167873953093224e+00,9.733715837625750433e-01,8.382623841494512007e-01,7.348403364121393055e-01,6.157992179107585340e-01,5.290990141700809835e-01,4.258105856540705392e-01
1.231847113037196184e+00,1.090648753047244623e+00,9.745511466517937649e-01,8.391631831421757504e-01,7.354745211633610946e-01,6.161839022094538487e-01,5.292931307515137407e-01,4.258097952615760851e-01
1.233568685874998350e+00,1.092133003533096058e+00,9.757336458533654167e-01,8.400666166760510922e-01,7.361105869662903922e-01,6.165699994346369728e-01,5.294882323748569819e-01,4.258096970169798490e-01
1.235293161832241804e+00,1.093620637525856143e+00,9.769190942274984524e-01,8.409726974674091027e-01,7.367485415438876917e-01,6.169575145340655542e-01,5.296843212295775372e-01,4.258102912891488789e-01
1.237020543347253643e+00,1.095111667230529218e+00,9.781075047388235744e-01,8.418814383442435600e-01,7.373883926829277735e-01,6.173464524979531687e-01,5.298813995240315711e-01,4.258115784532189863e-01
1.238750832832945514e+00,1.096606104942767557e+00,9.792988904574055908e-01,8.427928522473153716e-01,7.380301482345981157e-01,6.177368183593650031e-01,5.300794694856222344e-01,4.258135588906313274e-01
1.240484032676429482e+00,1.098103963049728682e+00,9.804932645597623786e-01,8.437069522312687919e-01,7.386738161151035209e-01,6.181286171946168695e-01,5.302785333609596474e-01,4.258162329891698739e-01
1.242220145238632778e+00,1.099605254030944668e+00,9.816906403298960582e-01,8.446237514657604084e-01,7.393194043062758514e-01,6.185218541236785494e-01,5.304785934160221039e-01,4.258196011429986050e-01
1.243959172853907447e+00,1.101109990459199439e+00,9.828910311603372696e-01,8.455432632365997847e-01,7.399669208561913125e-01,6.189165343105801353e-01,5.306796519363190523e-01,4.258236637526996993e-01
1.245701117829635107e+00,1.102618185001413398e+00,9.840944505531976638e-01,8.464655009469014280e-01,7.406163738797932883e-01,6.193126629638239233e-01,5.308817112270557415e-01,4.258284212253122258e-01
1.247445982445827939e+00,1.104129850419539816e+00,9.853009121212336074e-01,8.473904781182488577e-01,7.412677715595230588e-01,6.197102453368003028e-01,5.310847736132990882e-01,4.258338739743701140e-01
1.249193768954723671e+00,1.105644999571466114e+00,9.865104295889242092e-01,8.483182083918716643e-01,7.419211221459552918e-01,6.201092867282066434e-01,5.312888414401457648e-01,4.258400224199419548e-01
1.250944479580377022e+00,1.107163645411926911e+00,9.877230167935578953e-01,8.492487055298346688e-01,7.425764339584414175e-01,6.205097924824718447e-01,5.314939170728918416e-01,4.258468669886710800e-01
1.252698116518248250e+00,1.108685800993426618e+00,9.889386876863311970e-01,8.501819834162388512e-01,7.432337153857591083e-01,6.209117679901846598e-01,5.317000028972033165e-01,4.258544081138146975e-01
1.254454681934785043e+00,1.110211479467168916e+00,9.901574563334606394e-01,8.511180560584367116e-01,7.438929748867684211e-01,6.213152186885262385e-01,5.319071013192890884e-01,4.258626462352849140e-01
1.256214177966998413e+00,1.111740694083996450e+00,9.913793369173033998e-01,8.520569375882574015e-01,7.445542209910768205e-01,6.217201500617078880e-01,5.321152147660757059e-01,4.258715817996893138e-01
1.257976606722037483e+00,1.113273458195339849e+00,9.926043437374933998e-01,8.529986422632471754e-01,7.452174622997083109e-01,6.221265676414119428e-01,5.323243456853836708e-01,4.258812152603728696e-01
1.259741970276757828e+00,1.114809785254177177e+00,9.938324912120896082e-01,8.539431844679242767e-01,7.458827074857804496e-01,6.225344770072377409e-01,5.325344965461051849e-01,4.258915470774594092e-01
1.261510270677283385e+00,1.116349688816000718e+00,9.950637938787346704e-01,8.548905787150435920e-01,7.465499652951896881e-01,6.229438837871532630e-01,5.327456698383841172e-01,4.259025777178939154e-01
1.263281509938566582e+00,1.117893182539795305e+00,9.962982663958261931e-01,8.558408396468772938e-01,7.472192445473032629e-01,6.233547936579495463e-01,5.329578680737974139e-01,4.259143076554850471e-01
1.265055690043940917e+00,1.119440280189023973e+00,9.975359235437007976e-01,8.567939820365070291e-01,7.478905541356581921e-01,6.237672123457013162e-01,5.331710937855385080e-01,4.259267373709484383e-01
1.266832812944671316e+00,1.120990995632626275e+00,9.987767802258339378e-01,8.577500207891323170e-01,7.485639030286678208e-01,6.241811456262311708e-01,5.333853495286025037e-01,4.259398673519503298e-01
1.268612880559496281e+00,1.122545342846025029e+00,1.000020851470049710e+00,8.587089709433910478e-01,7.492393002703364724e-01,6.245965993255786497e-01,5.336006378799730276e-01,4.259536980931513117e-01
1.270395894774166257e+00,1.124103335912140400e+00,1.001268152429741987e+00,8.596708476726935277e-01,7.499167549809804267e-01,6.250135793204758539e-01,5.338169614388115214e-01,4.259682300962515100e-01
1.272181857440978892e+00,1.125664989022417961e+00,1.002518698385115314e+00,8.606356662865730645e-01,7.505962763579580033e-01,6.254320915388255075e-01,5.340343228266475339e-01,4.259834638700348841e-01
1.273970770378305639e+00,1.127230316477864980e+00,1.003772504744434357e+00,8.616034422320493213e-01,7.512778736764070819e-01,6.258521419601851266e-01,5.342527246875707903e-01,4.259993999304146906e-01
1.275762635370115694e+00,1.128799332690096024e+00,1.005029587045286776e+00,8.625741910950061042e-01,7.519615562899896188e-01,6.262737366162562935e-01,5.344721696884267015e-01,4.260160388004796128e-01
1.277557454165493933e+00,1.130372052182390563e+00,1.006289960955863316e+00,8.635479286015843581e-01,7.526473336316458207e-01,6.266968815913789292e-01,5.346926605190128745e-01,4.260333810105405017e-01
1.279355228478153528e+00,1.131948489590759666e+00,1.007553642276249883e+00,8.645246706195910402e-01,7.533352152143550917e-01,6.271215830230301158e-01,5.349141998922768426e-01,4.260514270981771157e-01
1.281155959985943005e+00,1.133528659665022698e+00,1.008820646939734722e+00,8.655044331599220930e-01,7.540252106319051961e-01,6.275478471023282490e-01,5.351367905445164608e-01,4.260701776082850278e-01
1.282959650330347312e+00,1.135112577269894674e+00,1.010090991014128914e+00,8.664872323779990726e-01,7.547173295596727449e-01,6.279756800745438516e-01,5.353604352355827434e-01,4.260896330931238651e-01
1.284766301115984222e+00,1.136700257386084489e+00,1.011364690703102198e+00,8.674730845752232078e-01,7.554115817554080126e-01,6.284050882396133852e-01,5.355851367490843673e-01,4.261097941123660471e-01
1.286575913910095625e+00,1.138291715111404478e+00,1.012641762347534558e+00,8.684620062004464458e-01,7.561079770600294125e-01,6.288360779526591671e-01,5.358108978925933963e-01,4.261306612331448584e-01
1.288388490242032836e+00,1.139886965661889073e+00,1.013922222426883568e+00,8.694540138514567085e-01,7.568065253984286311e-01,6.292686556245153939e-01,5.360377214978542249e-01,4.261522350301042983e-01
1.290204031602734336e+00,1.141486024372924790e+00,1.015206087560563963e+00,8.704491242764785808e-01,7.575072367802834217e-01,6.297028277222594950e-01,5.362656104209944097e-01,4.261745160854493175e-01
1.292022539444199758e+00,1.143088906700391316e+00,1.016493374509344738e+00,8.714473543756896534e-01,7.582101213008805018e-01,6.301386007697487024e-01,5.364945675427369443e-01,4.261975049889960010e-01
1.293844015178959639e+00,1.144695628221814365e+00,1.017784100176763573e+00,8.724487212027564054e-01,7.589151891419441132e-01,6.305759813481610632e-01,5.367245957686148650e-01,4.262212023382221937e-01
1.295668460179535186e+00,1.146306204637526083e+00,1.019078281610553693e+00,8.734532419663846303e-01,7.596224505724775700e-01,6.310149760965445553e-01,5.369556980291886328e-01,4.262456087383192371e-01
1.297495875777894714e+00,1.147920651771839440e+00,1.020375936004089601e+00,8.744609340318864055e-01,7.603319159496121360e-01,6.314555917123705342e-01,5.371878772802650692e-01,4.262707248022441497e-01
1.299326263264904080e+00,1.149538985574235062e+00,1.021677080697850348e+00,8.754718149227660451e-01,7.610435957194667811e-01,6.318978349520918414e-01,5.374211365031185128e-01,4.262965511507719740e-01
1.301159623889770911e+00,1.151161222120556493e+00,1.022981733180896136e+00,8.764859023223212642e-01,7.617575004180173748e-01,6.323417126317092407e-01,5.376554787047148620e-01,4.263230884125491782e-01
1.302995958859483050e+00,1.152787377614216568e+00,1.024289911092363115e+00,8.775032140752631049e-01,7.624736406719735404e-01,6.327872316273421838e-01,5.378909069179369506e-01,4.263503372241468359e-01
1.304835269338239012e+00,1.154417468387416434e+00,1.025601632222977289e+00,8.785237681893526274e-01,7.631920271996691651e-01,6.332343988758055708e-01,5.381274242018125875e-01,4.263782982301153046e-01
1.306677556446873334e+00,1.156051510902376789e+00,1.026916914516584844e+00,8.795475828370569182e-01,7.639126708119591269e-01,6.336832213751930620e-01,5.383650336417451499e-01,4.264069720830390153e-01
1.308522821262276814e+00,1.157689521752578887e+00,1.028235776071699803e+00,8.805746763572236402e-01,7.646355824131282342e-01,6.341337061854661616e-01,5.386037383497456199e-01,4.264363594435912064e-01
1.310371064816809650e+00,1.159331517664017097e+00,1.029558235143069433e+00,8.816050672567711244e-01,7.653607730018125999e-01,6.345858604290500748e-01,5.388435414646680632e-01,4.264664609805904893e-01
1.312222288097707246e+00,1.160977515496464774e+00,1.030884310143258986e+00,8.826387742124000013e-01,7.660882536719277880e-01,6.350396912914356706e-01,5.390844461524473274e-01,4.264972773710573595e-01
1.314076492046480693e+00,1.162627532244751016e+00,1.032214019644254410e+00,8.836758160723233724e-01,7.668180356136087283e-01,6.354952060217875509e-01,5.393264556063381843e-01,4.265288093002707059e-01
1.315933677558309922e+00,1.164281585040048306e+00,1.033547382379084612e+00,8.847162118580154111e-01,7.675501301141621768e-01,6.359524119335581149e-01,5.395695730471575802e-01,4.265610574618259876e-01
1.317793845481430415e+00,1.165939691151172575e+00,1.034884417243462806e+00,8.857599807659796154e-01,7.682845485590298340e-01,6.364113164051091731e-01,5.398138017235297736e-01,4.265940225576936862e-01
1.319656996616513478e+00,1.167601867985896158e+00,1.036225143297447193e+00,8.868071421695364887e-01,7.690213024327610114e-01,6.368719268803396671e-01,5.400591449121329157e-01,4.266277052982775375e-01
1.321523131716039634e+00,1.169268133092271844e+00,1.037569579767122052e+00,8.878577156206334253e-01,7.697604033199983986e-01,6.373342508693199404e-01,5.403056059179484061e-01,4.266621064024742060e-01
1.323392251483665349e+00,1.170938504159967586e+00,1.038917746046297275e+00,8.889117208516710278e-01,7.705018629064750435e-01,6.377982959489332249e-01,5.405531880745140239e-01,4.266972265977337919e-01
1.325264356573582214e+00,1.172612999021615865e+00,1.040269661698230319e+00,8.899691777773531820e-01,7.712456929800225458e-01,6.382640697635230120e-01,5.408018947441779467e-01,4.267330666201203937e-01
1.327139447589870791e+00,1.174291635654174382e+00,1.041625346457369039e+00,8.910301064965575613e-01,7.719919054315925733e-01,6.387315800255484177e-01,5.410517293183559895e-01,4.267696272143734482e-01
1.329017525085844920e+00,1.175974432180297624e+00,1.042984820231114496e+00,8.920945272942243376e-01,7.727405122562898132e-01,6.392008345162473182e-01,5.413026952177923956e-01,4.268069091339697363e-01
1.330898589563390910e+00,1.177661406869723537e+00,1.044348103101606196e+00,8.931624606432700952e-01,7.734915255544168033e-01,6.396718410863040383e-01,5.415547958928215166e-01,4.268449131411856112e-01
1.332782641472300078e+00,1.179352578140669294e+00,1.045715215327529757e+00,8.942339272065222833e-01,7.742449575325314193e-01,6.401446076565255883e-01,5.418080348236330446e-01,4.268836400071607251e-01
1.334669681209591063e+00,1.181047964561239505e+00,1.047086177345945890e+00,8.953089478386747624e-01,7.750008205045193499e-01,6.406191422185270046e-01,5.420624155205409078e-01,4.269230905119621444e-01
1.336559709118826822e+00,1.182747584850850409e+00,1.048461009774141584e+00,8.963875435882658893e-01,7.757591268926774530e-01,6.410954528354210202e-01,5.423179415242531665e-01,4.269632654446486320e-01
1.338452725489425399e+00,1.184451457881664282e+00,1.049839733411506604e+00,8.974697356996800268e-01,7.765198892288105448e-01,6.415735476425166173e-01,5.425746164061459043e-01,4.270041656033356503e-01
1.340348730555962486e+00,1.186159602680035174e+00,1.051222369241432641e+00,8.985555456151717024e-01,7.772831201553430658e-01,6.420534348480263498e-01,5.428324437685396742e-01,4.270457917952615867e-01
1.342247724497464212e+00,1.187872038427969290e+00,1.052608938433234886e+00,8.996449949769126375e-01,7.780488324264428490e-01,6.425351227337788851e-01,5.430914272449781643e-01,4.270881448368546995e-01
1.344149707436693930e+00,1.189588784464596039e+00,1.053999462344100246e+00,9.007381056290632015e-01,7.788170389091609858e-01,6.430186196559413148e-01,5.433515705005108609e-01,4.271312255538001756e-01
1.346054679439432578e+00,1.191309860287653288e+00,1.055393962521058882e+00,9.018348996198675138e-01,7.795877525845841260e-01,6.435039340457495705e-01,5.436128772319779312e-01,4.271750347811080761e-01
1.347962640513749033e+00,1.193035285554986169e+00,1.056792460702981717e+00,9.029353992037730814e-01,7.803609865490019892e-01,6.439910744102445017e-01,5.438753511682979935e-01,4.272195733631821146e-01
1.349873590609264262e+00,1.194765080086054310e+00,1.058194978822604604e+00,9.040396268435757499e-01,7.811367540150896405e-01,6.444800493330181679e-01,5.441389960707588846e-01,4.272648421538890462e-01
1.351787529616407912e+00,1.196499263863455509e+00,1.059601539008575788e+00,9.051476052125865257e-01,7.819150683131060875e-01,6.449708674749683457e-01,5.444038157333122019e-01,4.273108420166289445e-01
1.353704457365664915e+00,1.198237857034462950e+00,1.061012163587534252e+00,9.062593571968287076e-01,7.826959428921062001e-01,6.454635375750601423e-01,5.446698139828701768e-01,4.273575738244059230e-01
1.355624373626814094e+00,1.199980879912571075e+00,1.062426875086212252e+00,9.073749058972588877e-01,7.834793913211689498e-01,6.459580684510972670e-01,5.449369946796054354e-01,4.274050384598997443e-01
1.357547278108161448e+00,1.201728352979057446e+00,1.063845696233566507e+00,9.084942746320123774e-01,7.842654272906431911e-01,6.464544690005011862e-01,5.452053617172546440e-01,4.274532368155385953e-01
1.359473170455763436e+00,1.203480296884556600e+00,1.065268649962938685e+00,9.096174869386788320e-01,7.850540646134072098e-01,6.469527482010988262e-01,5.454749190234247092e-01,4.275021697935719178e-01
1.361402050252640494e+00,1.205236732450644999e+00,1.066695759414242994e+00,9.107445665766011889e-01,7.858453172261483655e-01,6.474529151119199355e-01,5.457456705599029734e-01,4.275518383061442385e-01
1.363333917017983676e+00,1.206997680671441975e+00,1.068127047936186402e+00,9.118755375292048049e-01,7.866391991906557246e-01,6.479549788740023297e-01,5.460176203229695213e-01,4.276022432753698310e-01
1.365268770206353288e+00,1.208763162715220441e+00,1.069562539088514619e+00,9.130104240063542376e-01,7.874357246951323441e-01,6.484589487112073503e-01,5.462907723437140373e-01,4.276533856334084893e-01
1.367206609206868873e+00,1.210533199926032033e+00,1.071002256644291606e+00,9.141492504467370050e-01,7.882349080555250964e-01,6.489648339310442049e-01,5.465651306883554383e-01,4.277052663225414664e-01
1.369147433342388753e+00,1.212307813825344915e+00,1.072446224592210617e+00,9.152920415202790982e-01,7.890367637168703707e-01,6.494726439255025241e-01,5.468406994585637282e-01,4.277578862952480243e-01
1.371091241868683364e+00,1.214087026113692236e+00,1.073894467138935438e+00,9.164388221305869164e-01,7.898413062546617569e-01,6.499823881718957974e-01,5.471174827917880679e-01,4.278112465142842047e-01
1.373038033973598582e+00,1.215870858672335242e+00,1.075347008711476038e+00,9.175896174174201780e-01,7.906485503762344935e-01,6.504940762337135807e-01,5.473954848615860680e-01,4.278653479527611547e-01
1.374987808776209297e+00,1.217659333564939272e+00,1.076803873959595537e+00,9.187444527591944743e-01,7.914585109221684567e-01,6.510077177614842503e-01,5.476747098779565226e-01,4.279201915942240086e-01
1.376940565325964538e+00,1.219452473039260854e+00,1.078265087758252694e+00,9.199033537755155754e-01,7.922712028677113549e-01,6.515233224936471945e-01,5.479551620876780271e-01,4.279757784327331005e-01
1.378896302601824830e+00,1.221250299528847894e+00,1.079730675210080149e+00,9.210663463297462661e-01,7.930866413242210200e-01,6.520409002574342194e-01,5.482368457746484847e-01,4.280321094729449549e-01
1.380855019511390447e+00,1.223052835654752091e+00,1.081200661647895078e+00,9.222334565316018251e-01,7.939048415406304571e-01,6.525604609697630565e-01,5.485197652602293861e-01,4.280891857301934444e-01
1.382816714890017673e+00,1.224860104227254665e+00,1.082675072637247604e+00,9.234047107397802545e-01,7.947258189049319910e-01,6.530820146381399738e-01,5.488039249035950862e-01,4.281470082305733338e-01
1.384781387499927741e+00,1.226672128247604077e+00,1.084153933979007833e+00,9.245801355646254827e-01,7.955495889456815073e-01,6.536055713615726015e-01,5.490893291020835232e-01,4.282055780110241572e-01
1.386749036029306659e+00,1.228488930909764409e+00,1.085637271711988872e+00,9.257597578708233188e-01,7.963761673335266744e-01,6.541311413314938594e-01,5.493759822915516011e-01,4.282648961194146509e-01
1.388719659091395497e+00,1.230310535602178623e+00,1.087125112115608028e+00,9.269436047801309364e-01,7.972055698827567038e-01,6.546587348326972089e-01,5.496638889467357902e-01,4.283249636146281847e-01
1.390693255223570457e+00,1.232136965909539805e+00,1.088617481712589097e+00,9.281317036741427717e-01,7.980378125528744260e-01,6.551883622442833399e-01,5.499530535816160581e-01,4.283857815666492486e-01
1.392669822886413389e+00,1.233968245614578407e+00,1.090114407271705055e+00,9.293240821970910615e-01,7.988729114501912365e-01,6.557200340406160732e-01,5.502434807497820213e-01,4.284473510566509935e-01
1.394649360462772991e+00,1.235804398699860362e+00,1.091615915810561166e+00,9.305207682586822404e-01,7.997108828294468008e-01,6.562537607922906968e-01,5.505351750448052028e-01,4.285096731770833278e-01
1.396631866256814680e+00,1.237645449349595639e+00,1.093122034598421610e+00,9.317217900369698658e-01,8.005517430954526281e-01,6.567895531671147369e-01,5.508281411006148431e-01,4.285727490317619570e-01
1.398617338493062245e+00,1.239491421951457228e+00,1.094632791159077412e+00,9.329271759812642895e-01,8.013955088047605146e-01,6.573274219310993871e-01,5.511223835918772629e-01,4.286365797359588670e-01
1.400605775315431067e+00,1.241342341098413460e+00,1.096148213273759886e+00,9.341369548150817437e-01,8.022421966673561888e-01,6.578673779494637053e-01,5.514179072343806665e-01,4.287011664164935287e-01
1.402597174786246015e+00,1.243198231590572522e+00,1.097668328984101827e+00,9.353511555391310628e-01,8.030918235483790468e-01,6.584094321876498013e-01,5.517147167854231649e-01,4.287665102118247695e-01
1.404591534885253346e+00,1.245059118437035428e+00,1.099193166595141324e+00,9.365698074343410395e-01,8.039444064698685333e-01,6.589535957123511256e-01,5.520128170442054616e-01,4.288326122721441425e-01
1.406588853508622394e+00,1.246925026857760299e+00,1.100722754678373994e+00,9.377929400649261948e-01,8.047999626125383887e-01,6.594998796925535256e-01,5.523122128522282015e-01,4.288994737594697959e-01
1.408589128467934826e+00,1.248795982285437978e+00,1.102257122074856044e+00,9.390205832814934039e-01,8.056585093175785417e-01,6.600482954005882918e-01,5.526129090936937605e-01,4.289670958477417306e-01
1.410592357489165005e+00,1.250672010367379849e+00,1.103796297898355983e+00,9.402527672241932644e-01,8.065200640884847560e-01,6.605988542131989716e-01,5.529149106959123650e-01,4.290354797229177786e-01
1.412598538211647492e+00,1.252553136967410108e+00,1.105340311538556497e+00,9.414895223259095447e-01,8.073846445929194759e-01,6.611515676126211716e-01,5.532182226297125416e-01,4.291046265830708584e-01
1.414607668187037648e+00,1.254439388167772895e+00,1.106889192664309407e+00,9.427308793154948185e-01,8.082522686646004262e-01,6.617064471876750176e-01,5.535228499098576727e-01,4.291745376384876742e-01
1.416619744878258702e+00,1.256330790271048548e+00,1.108442971226945906e+00,9.439768692210517287e-01,8.091229543052205209e-01,6.622635046348721577e-01,5.538287975954656606e-01,4.292452141117673592e-01
1.418634765658437491e+00,1.258227369802075835e+00,1.110001677463640091e+00,9.452275233732541082e-01,8.099967196864024110e-01,6.628227517595368656e-01,5.541360707904340321e-01,4.293166572379221169e-01
1.420652727809832649e+00,1.260129153509887967e+00,1.111565341900828452e+00,9.464828734087190609e-01,8.108735831516810100e-01,6.633842004769399114e-01,5.544446746438710383e-01,4.293888682644789179e-01
1.422673628522748812e+00,1.262036168369654376e+00,1.113133995357688422e+00,9.477429512734233397e-01,8.117535632185216565e-01,6.639478628134483085e-01,5.547546143505298621e-01,4.294618484515819734e-01
1.424697464894439491e+00,1.263948441584628934e+00,1.114707668949676656e+00,9.490077892261681303e-01,8.126366785803719184e-01,6.645137509076893823e-01,5.550658951512490447e-01,4.295355990720965966e-01
1.426724233928000851e+00,1.265866000588110163e+00,1.116286394092127487e+00,9.502774198420931295e-01,8.135229481087475900e-01,6.650818770117291612e-01,5.553785223333982390e-01,4.296101214117138412e-01
1.428753932531253490e+00,1.267788873045407438e+00,1.117870202503913557e+00,9.515518760162391398e-01,8.144123908553559943e-01,6.656522534922658663e-01,5.556925012313289614e-01,4.296854167690566384e-01
1.430786557515612456e+00,1.269717086855814081e+00,1.119459126211171274e+00,9.528311909671640656e-01,8.153050260542537009e-01,6.662248928318403873e-01,5.560078372268304481e-01,4.297614864557870451e-01
1.432822105594945272e+00,1.271650670154587104e+00,1.121053197551091341e+00,9.541153982406067602e-01,8.162008731240442128e-01,6.667998076300609700e-01,5.563245357495912868e-01,4.298383317967146011e-01
1.434860573384419302e+00,1.273589651314931848e+00,1.122652449175778999e+00,9.554045317132067172e-01,8.170999516701135112e-01,6.673770106048437789e-01,5.566426022776664873e-01,4.299159541299062415e-01
1.436901957399338681e+00,1.275534058949996608e+00,1.124256914056181111e+00,9.566986255962793839e-01,8.180022814869049030e-01,6.679565145936716686e-01,5.569620423379498808e-01,4.299943548067967636e-01
1.438946254053965257e+00,1.277483921914868370e+00,1.125866625486084294e+00,9.579977144396421007e-01,8.189078825602356115e-01,6.685383325548682754e-01,5.572828615066527380e-01,4.300735351923009597e-01
1.440993459660331766e+00,1.279439269308573879e+00,1.127481617086189214e+00,9.593018331354988826e-01,8.198167750696548906e-01,6.691224775688893178e-01,5.576050654097880477e-01,4.301534966649271374e-01
1.443043570427044120e+00,1.281400130476088473e+00,1.129101922808258163e+00,9.606110169223863737e-01,8.207289793908427722e-01,6.697089628396303285e-01,5.579286597236606804e-01,4.302342406168918609e-01
1.445096582458066159e+00,1.283366535010344256e+00,1.130727576939339896e+00,9.619253013891718718e-01,8.216445160980581086e-01,6.702978016957538143e-01,5.582536501753635472e-01,4.303157684542357475e-01
1.447152491751497294e+00,1.285338512754243823e+00,1.132358614106073524e+00,9.632447224791162999e-01,8.225634059666284692e-01,6.708890075920338480e-01,5.585800425432793093e-01,4.303980815969403739e-01
1.449211294198335720e+00,1.287316093802674644e+00,1.133995069279075008e+00,9.645693164939992403e-01,8.234856699754856679e-01,6.714825941107182006e-01,5.589078426575897485e-01,4.304811814790472368e-01
1.451272985581229413e+00,1.289299308504525232e+00,1.135636977777407797e+00,9.658991200983024772e-01,8.244113293097540263e-01,6.720785749629101247e-01,5.592370564007910216e-01,4.305650695487777124e-01
1.453337561573217807e+00,1.291288187464705084e+00,1.137284375273138970e+00,9.672341703234632604e-01,8.253404053633823789e-01,6.726769639899687903e-01,5.595676897082140222e-01,4.306497472686541816e-01
1.455405017736456363e+00,1.293282761546162396e+00,1.138937297795983739e+00,9.685745045721905200e-01,8.262729197418303695e-01,6.732777751649298148e-01,5.598997485685525133e-01,4.307352161156226544e-01
1.457475349520930274e+00,1.295283061871900010e+00,1.140595781738041881e+00,9.699201606228481376e-01,8.272088942648073706e-01,6.738810225939448895e-01,5.602332390243986993e-01,4.308214775811775032e-01
1.459548552263158383e+00,1.297289119826992687e+00,1.142259863858628766e+00,9.712711766339090502e-01,8.281483509690616973e-01,6.744867205177420555e-01,5.605681671727843485e-01,4.309085331714865852e-01
1.461624621184880235e+00,1.299300967060599943e+00,1.143929581289201858e+00,9.726275911484786318e-01,8.290913121112279960e-01,6.750948833131071858e-01,5.609045391657295765e-01,4.309963844075181405e-01
1.463703551391732693e+00,1.301318635487976882e+00,1.145604971538387362e+00,9.739894430988904617e-01,8.300378001707313658e-01,6.757055254943863387e-01,5.612423612107986237e-01,4.310850328251699115e-01
1.465785337871914340e+00,1.303342157292483705e+00,1.147286072497108789e+00,9.753567718113765883e-01,8.309878378527472131e-01,6.763186617150095392e-01,5.615816395716619613e-01,4.311744799753987056e-01
1.467869975494834556e+00,1.305371564927583439e+00,1.148972922443820099e+00,9.767296170108130671e-01,8.319414480912237231e-01,6.769343067690374305e-01,5.619223805686675011e-01,4.312647274243521789e-01
1.469957459009751721e+00,1.307406891118837899e+00,1.150665560049848990e+00,9.781080188255421026e-01,8.328986540519669468e-01,6.775524755927294640e-01,5.622645905794183552e-01,4.313557767535018406e-01
1.472047783044397429e+00,1.309448168865897433e+00,1.152364024384850971e+00,9.794920177922760152e-01,8.338594791357865077e-01,6.781731832661352932e-01,5.626082760393582571e-01,4.314476295597778344e-01
1.474140942103588259e+00,1.311495431444478443e+00,1.154068354922378248e+00,9.808816548610805874e-01,8.348239469817089198e-01,6.787964450147110362e-01,5.629534434423648648e-01,4.315402874557057733e-01
1.476236930567822903e+00,1.313548712408334929e+00,1.155778591545567391e+00,9.822769714004421227e-01,8.357920814702588519e-01,6.794222762109579650e-01,5.633000993413517232e-01,4.316337520695445185e-01
1.478335742691867072e+00,1.315608045591217579e+00,1.157494774552948691e+00,9.836780092024199895e-01,8.367639067268104469e-01,6.800506923760868405e-01,5.636482503488775553e-01,4.317280250454254564e-01
1.480437372603325308e+00,1.317673465108820885e+00,1.159216944664381188e+00,9.850848104878855427e-01,8.377394471250081409e-01,6.806817091817080057e-01,5.639979031377638785e-01,4.318231080434938862e-01
1.482541814301198801e+00,1.319745005360716927e+00,1.160945143027117821e+00,9.864974179118553010e-01,8.387187272902609791e-01,6.813153424515457912e-01,5.643490644417218371e-01,4.319190027400525156e-01
1.484649061654430557e+00,1.321822701032273839e+00,1.162679411222003578e+00,9.879158745689113896e-01,8.397017721033168680e-01,6.819516081631795679e-01,5.647017410559873607e-01,4.320157108277064006e-01
1.486759108400434126e+00,1.323906587096558951e+00,1.164419791269811322e+00,9.893402239987166835e-01,8.406886067039122112e-01,6.825905224498127755e-01,5.650559398379654263e-01,4.321132340155093288e-01
1.488871948143612123e+00,1.325996698816222841e+00,1.166166325637719270e+00,9.907705101916274293e-01,8.416792564945035915e-01,6.832321016020687088e-01,5.654116677078824260e-01,4.322115740291124220e-01
1.490987574353860978e+00,1.328093071745364506e+00,1.167919057245934589e+00,9.922067775944066748e-01,8.426737471440816085e-01,6.838763620698148360e-01,5.657689316494489695e-01,4.323107326109143500e-01
1.493105980365059482e+00,1.330195741731375891e+00,1.169678029474468639e+00,9.936490711160383960e-01,8.436721045920712037e-01,6.845233204640160940e-01,5.661277387105320136e-01,4.324107115202136531e-01
1.495227159373545334e+00,1.332304744916761763e+00,1.171443286170066322e+00,9.950974361336455409e-01,8.446743550523203581e-01,6.851729935586172715e-01,5.664880960038354285e-01,4.325115125333629518e-01
1.497351104436577263e+00,1.334420117740936496e+00,1.173214871653296854e+00,9.965519184985160983e-01,8.456805250171809396e-01,6.858253982924561454e-01,5.668500107075917782e-01,4.326131374439244337e-01
1.499477808470783380e+00,1.336541896941994434e+00,1.174992830725811288e+00,9.980125645422388558e-01,8.466906412616828081e-01,6.864805517712067040e-01,5.672134900662638701e-01,4.327155880628288376e-01
1.501607264250595763e+00,1.338670119558448501e+00,1.176777208677766362e+00,9.994794210829512915e-01,8.477047308478061760e-01,6.871384712693558994e-01,5.675785413912560751e-01,4.328188662185352142e-01
1.503739464406671278e+00,1.340804822930940610e+00,1.178568051295427965e+00,1.000952535431704149e+00,8.487228211288517787e-01,6.877991742322119295e-01,5.679451720616374155e-01,4.329229737571928527e-01
1.505874401424298403e+00,1.342946044703920316e+00,1.180365404868956247e+00,1.002431955398947139e+00,8.497449397539161842e-01,6.884626782779452725e-01,5.683133895248742018e-01,4.330279125428060372e-01
1.508012067641788967e+00,1.345093822827285290e+00,1.182169316200376574e+00,1.003917729301132988e+00,8.507711146724754592e-01,6.891290011996646925e-01,5.686832012975742145e-01,4.331336844573999145e-01
1.510152455248856551e+00,1.347248195557984474e+00,1.183979832611745220e+00,1.005409905967450834e+00,8.518013741390735305e-01,6.897981609675271075e-01,5.690546149662421005e-01,4.332402914011895811e-01
1.512295556284980913e+00,1.349409201461583718e+00,1.185797001953514007e+00,1.006908534746686401e+00,8.528357467181296725e-01,6.904701757308856491e-01,5.694276381880457594e-01,4.333477352927507797e-01
1.514441362637759303e+00,1.351576879413786791e+00,1.187620872613101897e+00,1.008413665514215074e+00,8.538742612888607919e-01,6.911450638204725827e-01,5.698022786915967197e-01,4.334560180691929276e-01
1.516589866041242463e+00,1.353751268601911750e+00,1.189451493523679293e+00,1.009925348679133972e+00,8.549169470503235058e-01,6.918228437506194206e-01,5.701785442777400625e-01,4.335651416863348651e-01
1.518741058074255745e+00,1.355932408526318911e+00,1.191288914173170843e+00,1.011443635191529022e+00,8.559638335265844500e-01,6.925035342215182244e-01,5.705564428203573346e-01,4.336751081188823242e-01
1.520894930158707137e+00,1.358120339001786192e+00,1.193133184613487163e+00,1.012968576549890809e+00,8.570149505720150440e-01,6.931871541215202104e-01,5.709359822671841167e-01,4.337859193606085073e-01
1.523051473557882174e+00,1.360315100158835167e+00,1.194984355469992376e+00,1.014500224808678519e+00,8.580703283767223688e-01,6.938737225294752120e-01,5.713171706406375838e-01,4.338975774245364403e-01
1.525210679374723322e+00,1.362516732444996714e+00,1.196842477951208794e+00,1.016038632586031776e+00,8.591299974721187116e-01,6.945632587171146621e-01,5.717000160386597196e-01,4.340100843431244360e-01
1.527372538550095360e+00,1.364725276626014283e+00,1.198707603858775839e+00,1.017583853071642563e+00,8.601939887366286674e-01,6.952557821514755432e-01,5.720845266355737424e-01,4.341234421684537770e-01
1.529537041861037450e+00,1.366940773786987640e+00,1.200579785597666094e+00,1.019135940034788579e+00,8.612623334015472309e-01,6.959513124973695231e-01,5.724707106829531877e-01,4.342376529724191192e-01
1.531704179919000319e+00,1.369163265333447788e+00,1.202459076186668474e+00,1.020694947832530675e+00,8.623350630570468800e-01,6.966498696198965002e-01,5.728585765105069783e-01,4.343527188469217259e-01
1.533873943168069909e+00,1.371392792992359722e+00,1.204345529269148507e+00,1.022260931418082164e+00,8.634122096583405348e-01,6.973514735870044445e-01,5.732481325269784822e-01,4.344686419040649783e-01
1.536046321883177246e+00,1.373629398813049907e+00,1.206239199124091499e+00,1.023833946349352209e+00,8.644938055320093850e-01,6.980561446720977559e-01,5.736393872210600042e-01,4.345854242763531050e-01
1.538221306168294555e+00,1.375873125168056710e+00,1.208140140677441465e+00,1.025414048797669730e+00,8.655798833824946970e-01,6.987639033566936941e-01,5.740323491623220420e-01,4.347030681168927990e-01
1.540398885954615160e+00,1.378124014753898896e+00,1.210048409513745149e+00,1.027001295556696059e+00,8.666704762987614830e-01,6.994747703331284372e-01,5.744270270021587521e-01,4.348215755995974985e-01
1.542579050998723167e+00,1.380382110591752864e+00,1.211964061888110233e+00,1.028595744051527427e+00,8.677656177611426935e-01,7.001887665073157629e-01,5.748234294747501805e-01,4.349409489193945544e-01
1.544761790880748942e+00,1.382647456028038846e+00,1.213887154738488849e+00,1.030197452347991760e+00,8.688653416483689274e-01,7.009059130015582451e-01,5.752215653980408128e-01,4.350611902924358954e-01
1.546947095002507933e+00,1.384920094734914287e+00,1.215817745698297703e+00,1.031806479162152401e+00,8.699696822447842148e-01,7.016262311574131827e-01,5.756214436747350005e-01,4.351823019563113015e-01
1.549134952585627500e+00,1.387200070710662425e+00,1.217755893109385257e+00,1.033422883870017905e+00,8.710786742477617528e-01,7.023497425386142634e-01,5.760230732933103726e-01,4.353042861702652311e-01
1.551325352669661539e+00,1.389487428279972736e+00,1.219701656035359294e+00,1.035046726517467652e+00,8.721923527753229211e-01,7.030764689340498474e-01,5.764264633290494544e-01,4.354271452154169220e-01
1.553518284110190439e+00,1.391782212094113902e+00,1.221655094275287956e+00,1.036678067830402616e+00,8.733107533739632444e-01,7.038064323608017592e-01,5.768316229450888288e-01,4.355508813949835467e-01
1.555713735576909063e+00,1.394084467130988214e+00,1.223616268377781813e+00,1.038316969225119735e+00,8.744339120267009546e-01,7.045396550672438085e-01,5.772385613934883919e-01,4.356754970345066424e-01
1.557911695551701614e+00,1.396394238695060741e+00,1.225585239655474723e+00,1.039963492818921420e+00,8.755618651613488179e-01,7.052761595362039282e-01,5.776472880163201484e-01,4.358009944820822601e-01
1.560112152326700308e+00,1.398711572417159932e+00,1.227562070199917921e+00,1.041617701440971322e+00,8.766946496590145577e-01,7.060159684881891495e-01,5.780578122467764368e-01,4.359273761085951104e-01
1.562315094002336036e+00,1.401036514254146992e+00,1.229546822896897984e+00,1.043279658643398777e+00,8.778323028628455260e-01,7.067591048846777468e-01,5.784701436102991368e-01,4.360546443079560963e-01
1.564520508485374606e+00,1.403369110488439375e+00,1.231539561442196673e+00,1.044949428712659723e+00,8.789748625870207333e-01,7.075055919314788833e-01,5.788842917257301934e-01,4.361828014973427314e-01
1.566728383486937215e+00,1.405709407727385507e+00,1.233540350357801296e+00,1.046627076681162727e+00,8.801223671260001158e-01,7.082554530821622008e-01,5.793002663064841240e-01,4.363118501174445552e-01
1.568938706520514037e+00,1.408057452902488293e+00,1.235549255008590475e+00,1.048312668339168585e+00,8.812748552640412569e-01,7.090087120415599076e-01,5.797180771617422845e-01,4.364417926327121555e-01
1.571151464899964934e+00,1.410413293268464541e+00,1.237566341619507293e+00,1.050006270246974571e+00,8.824323662849865579e-01,7.097653927693416964e-01,5.801377341976706736e-01,4.365726315316097450e-01
1.573366645737504621e+00,1.412776976402133844e+00,1.239591677293234051e+00,1.051707949747387572e+00,8.835949399823385120e-01,7.105255194836678223e-01,5.805592474186613838e-01,4.367043693268726767e-01
1.575584235941679845e+00,1.415148550201130062e+00,1.241625330028390817e+00,1.053417774978497645e+00,8.847626166696290761e-01,7.112891166649193408e-01,5.809826269285981448e-01,4.368370085557680693e-01
1.577804222215334562e+00,1.417528062882426720e+00,1.243667368738270662e+00,1.055135814886760670e+00,8.859354371910916903e-01,7.120562090595091709e-01,5.814078829321475128e-01,4.369705517803605388e-01
1.580026591053562024e+00,1.419915562980668566e+00,1.245717863270137782e+00,1.056862139240400067e+00,8.871134429326494875e-01,7.128268216837764237e-01,5.818350257360751510e-01,4.371050015877828154e-01
1.582251328741651086e+00,1.422311099346302177e+00,1.247776884425102706e+00,1.058596818643140036e+00,8.882966758332280222e-01,7.136009798279658867e-01,5.822640657505883111e-01,4.372403605905095803e-01
1.584478421353018751e+00,1.424714721143491181e+00,1.249844503978592813e+00,1.060339924548275858e+00,8.894851783964060621e-01,7.143787090602975454e-01,5.826950134907074030e-01,4.373766314266367417e-01
1.586707854747130719e+00,1.427126477847810104e+00,1.251920794701443462e+00,1.062091529273093915e+00,8.906789937024165438e-01,7.151600352311263675e-01,5.831278795776643209e-01,4.375138167601658190e-01
1.588939614567417058e+00,1.429546419243710842e+00,1.254005830381633491e+00,1.063851706013656973e+00,8.918781654205042431e-01,7.159449844771937910e-01,5.835626747403286352e-01,4.376519192812925452e-01
1.591173686239174545e+00,1.431974595421744212e+00,1.256099685846681080e+00,1.065620528859960503e+00,8.930827378216595891e-01,7.167335832259772443e-01,5.839994098166659819e-01,4.377909417067013531e-01
1.593410054967463019e+00,1.434411056775530380e+00,1.258202436986725070e+00,1.067398072811474030e+00,8.942927557917400572e-01,7.175258582001391439e-01,5.844380957552256506e-01,4.379308867798639704e-01
1.595648705734993955e+00,1.436855853998466159e+00,1.260314160778320591e+00,1.069184413793078825e+00,8.955082648449900207e-01,7.183218364220776975e-01,5.848787436166589249e-01,4.380717572713432317e-01
1.597889623300005724e+00,1.439309038080156755e+00,1.262434935308969441e+00,1.070979628671417494e+00,8.967293111379736059e-01,7.191215452185848456e-01,5.853213645752720629e-01,4.382135559791043300e-01
1.600132792194138176e+00,1.441770660302564400e+00,1.264564839802413632e+00,1.072783795271669005e+00,8.979559414839355380e-01,7.199250122256096729e-01,5.857659699206120285e-01,4.383562857288296200e-01
1.602378196720296577e+00,1.444240772235854342e+00,1.266703954644715857e+00,1.074596992394758255e+00,8.991882033676092956e-01,7.207322653931360623e-01,5.862125710590849748e-01,4.384999493742393062e-01
1.604625820950506876e+00,1.446719425733930864e+00,1.268852361411158203e+00,1.076419299835017718e+00,9.004261449604801237e-01,7.215433329901767001e-01,5.866611795156114750e-01,4.386445497974192920e-01
1.606875648723770311e+00,1.449206672929650441e+00,1.271010142893986838e+00,1.078250798398313837e+00,9.016698151365258873e-01,7.223582436098854309e-01,5.871118069353199465e-01,4.387900899091539686e-01
1.609127663643911132e+00,1.451702566229692515e+00,1.273177383131031348e+00,1.080091569920658134e+00,9.029192634884477542e-01,7.231770261747917372e-01,5.875644650852752671e-01,4.389365726492654995e-01
1.611381849077417217e+00,1.454207158309080539e+00,1.275354167435234443e+00,1.081941697287315485e+00,9.041745403444085838e-01,7.239997099421612292e-01,5.880191658562463619e-01,4.390840009869593219e-01
1.613638188151277131e+00,1.456720502105332660e+00,1.277540582425118476e+00,1.083801264452421753e+00,9.054356967853046667e-01,7.248263245094901386e-01,5.884759212645165327e-01,4.392323779211769197e-01
1.615896663750814533e+00,1.459242650812228703e+00,1.279736716056223633e+00,1.085670356459135455e+00,9.067027846625763665e-01,7.256568998201322618e-01,5.889347434537328674e-01,4.393817064809551476e-01
1.618157258517522790e+00,1.461773657873181920e+00,1.281942657653556861e+00,1.087549059460336087e+00,9.079758566165858635e-01,7.264914661690639042e-01,5.893956446967983931e-01,4.395319897257913833e-01
1.620419954846894495e+00,1.464313576974189735e+00,1.284158497945081967e+00,1.089437460739890007e+00,9.092549660955805413e-01,7.273300542087938192e-01,5.898586373978079722e-01,4.396832307460170064e-01
1.622684734886247870e+00,1.466862462036351733e+00,1.286384329096289303e+00,1.091335648734497843e+00,9.105401673752633318e-01,7.281726949554213624e-01,5.903237340940304945e-01,4.398354326631782607e-01
1.624951580532558060e+00,1.469420367207938227e+00,1.288620244745887433e+00,1.093243713056147870e+00,9.118315155789860071e-01,7.290194197948465238e-01,5.907909474579376985e-01,4.399885986304238883e-01
1.627220473430285308e+00,1.471987346855987200e+00,1.290866340042652549e+00,1.095161744515195990e+00,9.131290666985938387e-01,7.298702604891369461e-01,5.912602902992802889e-01,4.401427318329010907e-01
1.629491394969206253e+00,1.474563455557411418e+00,1.293122711683478698e+00,1.097089835144086090e+00,9.144328776159461603e-01,7.307252491830590335e-01,5.917317755672142354e-01,4.402978354881590395e-01
1.631764326282247879e+00,1.477148748089597063e+00,1.295389457952672130e+00,1.099028078221740534e+00,9.157430061251253806e-01,7.315844184107752612e-01,5.922054163524778092e-01,4.404539128465608799e-01
1.634039248243322806e+00,1.479743279420468793e+00,1.297666678762533499e+00,1.100976568298637215e+00,9.170595109553739688e-01,7.324478011027156787e-01,5.926812258896230201e-01,4.406109671917046722e-01
1.636316141465170793e+00,1.482347104698004125e+00,1.299954475695275891e+00,1.102935401222600031e+00,9.183824517947756227e-01,7.333154305926274930e-01,5.931592175593002336e-01,4.407690018408519927e-01
1.638594986297206235e+00,1.484960279239174064e+00,1.302252952046323964e+00,1.104904674165325673e+00,9.197118893147060437e-01,7.341873406248092815e-01,5.936394048905988541e-01,4.409280201453660841e-01
1.640875762823371886e+00,1.487582858518283979e+00,1.304562212869045723e+00,1.106884485649667793e+00,9.210478851950919532e-01,7.350635653615368303e-01,5.941218015634479599e-01,4.410880254911598852e-01
1.643158450859999453e+00,1.490214898154690770e+00,1.306882365020968884e+00,1.108874935577711218e+00,9.223905021504922308e-01,7.359441393906827056e-01,5.946064214110753365e-01,4.412490212991520555e-01
1.645443029953681968e+00,1.492856453899872315e+00,1.309213517211534006e+00,1.110876125259655955e+00,9.237398039570406949e-01,7.368290977335416603e-01,5.950932784225289041e-01,4.414110110257337127e-01
1.647729479379154593e+00,1.495507581623825910e+00,1.311555780051440134e+00,1.112888157443543191e+00,9.250958554802802825e-01,7.377184758528652075e-01,5.955823867452624265e-01,4.415739981632453293e-01
1.650017778137187641e+00,1.498168337300761044e+00,1.313909266103639784e+00,1.114911136345849263e+00,9.264587227039148276e-01,7.386123096611110217e-01,5.960737606877868355e-01,4.417379862404637314e-01
1.652307904952493134e+00,1.500838776994065205e+00,1.316274089936044778e+00,1.116945167682977580e+00,9.278284727595174086e-01,7.395106355289171596e-01,5.965674147223900547e-01,4.419029788230999234e-01
1.654599838271645362e+00,1.503518956840510290e+00,1.318650368176002452e+00,1.118990358703680243e+00,9.292051739572261271e-01,7.404134902938077634e-01,5.970633634879274343e-01,4.420689795143075695e-01
1.656893556261021194e+00,1.506208933033668096e+00,1.321038219566605942e+00,1.121046818222436681e+00,9.305888958174650671e-01,7.413209112691362401e-01,5.975616217926842388e-01,4.422359919552033558e-01
1.659189036804755046e+00,1.508908761806508902e+00,1.323437765024907842e+00,1.123114656653828591e+00,9.319797091037230752e-01,7.422329362532746888e-01,5.980622046173139639e-01,4.424040198253987866e-01
1.661486257502712949e+00,1.511618499413142303e+00,1.325849127702103392e+00,1.125193986047941186e+00,9.333776858564328816e-01,7.431496035390587895e-01,5.985651271178543675e-01,4.425730668435439163e-01
1.663785195668491479e+00,1.514338202109673848e+00,1.328272433045754486e+00,1.127284920126822465e+00,9.347828994279882009e-01,7.440709519234945946e-01,5.990704046288222173e-01,4.427431367678837382e-01
1.666085828327440010e+00,1.517067926134137545e+00,1.330707808864129094e+00,1.129387574322045174e+00,9.361954245189363366e-01,7.449970207177368797e-01,5.995780526663926358e-01,4.429142333968270617e-01
1.668388132214704056e+00,1.519807727685466903e+00,1.333155385392732484e+00,1.131502065813404956e+00,9.376153372153953613e-01,7.459278497573493816e-01,6.000880869316634891e-01,4.430863605695287144e-01
1.670692083773298586e+00,1.522557662901473874e+00,1.335615295363111521e+00,1.133628513568788021e+00,9.390427150277351753e-01,7.468634794128534704e-01,6.006005233140077060e-01,4.432595221664859531e-01
1.672997659152213767e+00,1.525317787835787087e+00,1.338087674074009747e+00,1.135767038385257166e+00,9.404776369305665185e-01,7.478039506005769166e-01,6.011153778945169668e-01,4.434337221101480320e-01
1.675304834204548010e+00,1.528088158433711818e+00,1.340572659464961847e+00,1.137917762931393684e+00,9.419201834040907828e-01,7.487493047938132973e-01,6.016326669495402069e-01,4.436089643655407588e-01
1.677613584485675435e+00,1.530868830506971756e+00,1.343070392192418083e+00,1.140080811790941562e+00,9.433704364768521478e-01,7.496995840342992601e-01,6.021524069543200408e-01,4.437852529409058722e-01
1.679923885251453974e+00,1.533659859707286799e+00,1.345581015708484651e+00,1.142256311507793720e+00,9.448284797699477711e-01,7.506548309440241873e-01,6.026746145867289961e-01,4.439625918883554623e-01
1.682235711456468996e+00,1.536461301498741383e+00,1.348104676342380515e+00,1.144444390632369579e+00,9.462943985427473281e-01,7.516150887373809208e-01,6.031993067311104406e-01,4.441409853045431011e-01
1.684549037752316014e+00,1.539273211128894703e+00,1.350641523384705112e+00,1.146645179769432588e+00,9.477682797401767445e-01,7.525804012336688720e-01,6.037265004822277570e-01,4.443204373313507372e-01
1.686863838485932465e+00,1.542095643598582866e+00,1.353191709174621504e+00,1.148858811627397447e+00,9.492502120416194122e-01,7.535508128699637265e-01,6.042562131493243172e-01,4.445009521565927435e-01
1.689180087697976562e+00,1.544928653630367243e+00,1.355755389190061333e+00,1.151085421069178549e+00,9.507402859114959526e-01,7.545263687143642928e-01,6.047884622602984761e-01,4.446825340147369521e-01
1.691497759121250999e+00,1.547772295635569950e+00,1.358332722141058602e+00,1.153325145164627363e+00,9.522385936515848082e-01,7.555071144796284832e-01,6.053232655659981365e-01,4.448651871876448949e-01
1.693816826179184831e+00,1.550626623679844718e+00,1.360923870066329755e+00,1.155578123244624722e+00,9.537452294551393983e-01,7.564930965372120841e-01,6.058606410446383261e-01,4.450489160053296422e-01
1.696137261984370648e+00,1.553491691447225209e+00,1.363528998433214401e+00,1.157844496956875968e+00,9.552602894628758889e-01,7.574843619317265242e-01,6.064006069063456739e-01,4.452337248467327369e-01
1.698459039337159027e+00,1.556367552202591709e+00,1.366148276241101467e+00,1.160124410323473576e+00,9.567838718208913074e-01,7.584809583958262991e-01,6.069431815978341138e-01,4.454196181405218891e-01
1.700782130724319163e+00,1.559254258752496458e+00,1.368781876128468022e+00,1.162418009800287644e+00,9.583160767405853875e-01,7.594829343655419285e-01,6.074883838072175912e-01,4.456066003659077679e-01
1.703106508317763002e+00,1.562151863404279029e+00,1.371429974483659109e+00,1.164725444338241767e+00,9.598570065606599755e-01,7.604903389960739890e-01,6.080362324689636555e-01,4.457946760534837738e-01
1.705432143973343972e+00,1.565060417923412883e+00,1.374092751559549130e+00,1.167046865446551340e+00,9.614067658112640524e-01,7.615032221780625443e-01,6.085867467689914934e-01,4.459838497860861284e-01
1.707759009229726344e+00,1.567979973489008305e+00,1.376770391592221365e+00,1.169382427257985135e+00,9.629654612803711933e-01,7.625216345543515128e-01,6.091399461499215073e-01,4.461741261996769459e-01
1.710087075307334503e+00,1.570910580647405297e+00,1.379463082923816364e+00,1.171732286596217198e+00,9.645332020824657349e-01,7.635456275372607404e-01,6.096958503164799925e-01,4.463655099842512297e-01
1.712416313107387067e+00,1.573852289263780735e+00,1.382171018129699780e+00,1.174096603045354348e+00,9.661100997296154791e-01,7.645752533263846518e-01,6.102544792410644625e-01,4.465580058847660738e-01
1.714746693211013140e+00,1.576805148471689177e+00,1.384894394150104846e+00,1.176475539021704542e+00,9.676962682050275211e-01,7.656105649269362434e-01,6.108158531694765081e-01,4.467516187020970642e-01
1.717078185878464724e+00,1.579769206620465161e+00,1.387633412426414914e+00,1.178869259847866502e+00,9.692918240391706908e-01,7.666516161686540709e-01,6.113799926268276286e-01,4.469463532940192718e-01
1.719410761048425051e+00,1.582744511220401717e+00,1.390388279042253927e+00,1.181277933829224969e+00,9.708968863885584222e-01,7.676984617252927690e-01,6.119469184236218107e-01,4.471422145762137257e-01
1.721744388337417275e+00,1.585731108885618301e+00,1.393159204869562684e+00,1.183701732332932632e+00,9.725115771172889723e-01,7.687511571347154238e-01,6.125166516620226265e-01,4.473392075233033616e-01
1.724079037039320195e+00,1.588729045274532403e+00,1.395946405719839856e+00,1.186140829869470226e+00,9.741360208814412447e-01,7.698097588196087804e-01,6.130892137423127330e-01,4.475373371699157277e-01
1.726414676124994996e+00,1.591738365027839164e+00,1.398750102500738057e+00,1.188595404176870263e+00,9.757703452164292468e-01,7.708743241088436005e-01,6.136646263695488823e-01,4.477366086117753330e-01
1.728751274242031677e+00,1.594759111703905718e+00,1.401570521378207701e+00,1.191065636307699016e+00,9.774146806274286448e-01,7.719449112595025975e-01,6.142429115604222112e-01,4.479370270068265825e-01
1.731088799714617821e+00,1.597791327711485021e+00,1.404407893944392471e+00,1.193551710718895764e+00,9.790691606829775573e-01,7.730215794795965989e-01,6.148240916503303621e-01,4.481385975763875207e-01
1.733427220543537484e+00,1.600835054239640121e+00,1.407262457391488919e+00,1.196053815364568340e+00,9.807339221118683836e-01,7.741043889514949150e-01,6.154081893006678738e-01,4.483413256063356611e-01
1.735766504406305311e+00,1.603890331184775864e+00,1.410134454691785111e+00,1.198572141791848233e+00,9.824091049034577861e-01,7.751934008560938949e-01,6.159952275063429461e-01,4.485452164483278437e-01
1.738106618657442315e+00,1.606957197074667443e+00,1.413024134784102825e+00,1.201106885239916489e+00,9.840948524115062934e-01,7.762886773977486499e-01,6.165852296035280178e-01,4.487502755210545646e-01
1.740447530328902648e+00,1.610035688989372993e+00,1.415931752766878216e+00,1.203658244742304317e+00,9.857913114616867478e-01,7.773902818299947004e-01,6.171782192776535947e-01,4.489565083115290012e-01
1.742789206130656021e+00,1.613125842478909666e+00,1.418857570098125631e+00,1.206226423232594325e+00,9.874986324628853840e-01,7.784982784820860813e-01,6.177742205716522106e-01,4.491639203764135058e-01
1.745131612451433556e+00,1.616227691477569728e+00,1.421801854802533294e+00,1.208811627653634480e+00,9.892169695224386494e-01,7.796127327863794365e-01,6.183732578944627356e-01,4.493725173433844033e-01
1.747474715359644382e+00,1.619341268214748997e+00,1.424764881685949502e+00,1.211414069070389177e+00,9.909464805654494279e-01,7.807337113065925260e-01,6.189753560298033586e-01,4.495823049125364790e-01
1.749818480604471649e+00,1.622466603122157514e+00,1.427746932557533377e+00,1.214033962786561283e+00,9.926873274583238871e-01,7.818612817669678972e-01,6.195805401452221250e-01,4.497932888578272115e-01
1.752162873617156391e+00,1.625603724737275657e+00,1.430748296459847690e+00,1.216671528465114172e+00,9.944396761366848247e-01,7.829955130823712528e-01,6.201888358014353564e-01,4.500054750285634730e-01
1.754507859512477896e+00,1.628752659602907160e+00,1.433769269907182897e+00,1.219326990252832976e+00,9.962036967378271601e-01,7.841364753893597106e-01,6.208002689619649406e-01,4.502188693509322492e-01
1.756853403090437693e+00,1.631913432162688693e+00,1.436810157132415888e+00,1.222000576909067382e+00,9.979795637378707784e-01,7.852842400782519272e-01,6.214148660030831550e-01,4.504334778295757680e-01
1.759199468838158698e+00,1.635086064652399473e+00,1.439871270342711673e+00,1.224692521938806511e+00,9.997674560937827026e-01,7.864388798262348379e-01,6.220326537240775666e-01,4.506493065492138683e-01
1.761546020932009071e+00,1.638270576986911475e+00,1.442952929984393506e+00,1.227403063730238664e+00,1.001567557390453667e+00,7.876004686315442038e-01,6.226536593578460010e-01,4.508663616763139981e-01
1.763893023239956781e+00,1.641466986642619030e+00,1.446055465017313857e+00,1.230132445696954235e+00,1.003380055993002173e+00,7.887690818487548272e-01,6.232779105818333498e-01,4.510846494608108381e-01
1.766240439324172407e+00,1.644675308535173075e+00,1.449179213199075722e+00,1.232880916424961670e+00,1.005205145204500106e+00,7.899447962252194033e-01,6.239054355293234266e-01,4.513041762378783850e-01
1.768588232443886188e+00,1.647895554892343739e+00,1.452324521379460442e+00,1.235648729824683212e+00,1.007043023429321726e+00,7.911276899386969763e-01,6.245362628010968642e-01,4.515249484297546023e-01
1.770936365558507308e+00,1.651127735121830753e+00,1.455491745805437942e+00,1.238436145288111856e+00,1.008893894342313802e+00,7.923178426362120774e-01,6.251704214774685964e-01,4.517469725476209730e-01
1.773284801331025173e+00,1.654371855673828717e+00,1.458681252437143749e+00,1.241243427851316250e+00,1.010757967064001006e+00,7.935153354741869558e-01,6.258079411307183593e-01,4.519702551935397272e-01
1.775633502131702013e+00,1.657627919898147839e+00,1.461893417275222262e+00,1.244070848362481385e+00,1.012635456342050988e+00,7.947202511598910890e-01,6.264488518379284221e-01,4.521948030624498016e-01
1.777982430042064355e+00,1.660895927895690960e+00,1.465128626699955916e+00,1.246918683655695581e+00,1.014526582739219585e+00,7.959326739942550466e-01,6.270931841942417595e-01,4.524206229442238603e-01
1.780331546859210690e+00,1.664175876364071938e+00,1.468387277822599923e+00,1.249787216730681161e+00,1.016431572828019547e+00,7.971526899160967794e-01,6.277409693265567636e-01,4.526477217257881547e-01
1.782680814100450872e+00,1.667467758437150449e+00,1.471669778849376664e+00,1.252676736938689306e+00,1.018350659392361024e+00,7.983803865478088513e-01,6.283922389076741499e-01,4.528761063933082753e-01
1.785030193008287247e+00,1.670771563518262504e+00,1.474976549458588693e+00,1.255587540174791128e+00,1.020284081636413154e+00,7.996158532425573506e-01,6.290470251709099347e-01,4.531057840344423493e-01
1.787379644555754377e+00,1.674087277106907745e+00,1.478308021191326871e+00,1.258519929076798549e+00,1.022232085400951895e+00,8.008591811330473265e-01,6.297053609251923589e-01,4.533367618406634603e-01
1.789729129452131362e+00,1.677414880618647963e+00,1.481664637856267452e+00,1.261474213231061015e+00,1.024194923387478307e+00,8.021104631819108155e-01,6.303672795706607435e-01,4.535690471096553988e-01
1.792078608149042074e+00,1.680754351197959906e+00,1.485046855949073263e+00,1.264450709385396499e+00,1.026172855390393268e+00,8.033697942337707509e-01,6.310328151147828191e-01,4.538026472477829087e-01
1.794428040846963279e+00,1.684105661523781050e+00,1.488455145086927889e+00,1.267449741669432361e+00,1.028166148537520197e+00,8.046372710690434804e-01,6.317020021890092929e-01,4.540375697726397042e-01
1.796777387502155987e+00,1.687468779607480318e+00,1.491889988458756200e+00,1.270471641822643383e+00,1.030175077539292827e+00,8.059129924595410666e-01,6.323748760659825274e-01,4.542738223156757571e-01
1.799126607834031777e+00,1.690843668582960646e+00,1.495351883291694106e+00,1.273516749430383843e+00,1.032199924946938019e+00,8.071970592259376520e-01,6.330514726773230905e-01,4.545114126249088504e-01
1.801475661332981426e+00,1.694230286488605630e+00,1.498841341334398836e+00,1.276585412168232736e+00,1.034240981419989547e+00,8.084895742971657251e-01,6.337318286320112737e-01,4.547503485677218404e-01
1.803824507268681598e+00,1.697628586040767162e+00,1.502358889357809701e+00,1.279677986054996275e+00,1.036298546003482590e+00,8.097906427718126743e-01,6.344159812353851180e-01,4.549906381337477934e-01
1.806173104698896692e+00,1.701038514398476753e+00,1.505905069673987740e+00,1.282794835714725190e+00,1.038372926415208397e+00,8.111003719815889079e-01,6.351039685087770392e-01,4.552322894378483253e-01
1.808521412478799828e+00,1.704460012919055689e+00,1.509480440673689694e+00,1.285936334648131174e+00,1.040464439343425251e+00,8.124188715569434782e-01,6.357958292098109254e-01,4.554753107231868658e-01
1.810869389270832519e+00,1.707893016904281414e+00,1.513085577383340707e+00,1.289102865513819696e+00,1.042573410755422314e+00,8.137462534949077009e-01,6.364916028533845749e-01,4.557197103644008984e-01
1.813216993555125667e+00,1.711337455336765734e+00,1.516721072042106266e+00,1.292294820419784607e+00,1.044700176217378429e+00,8.150826322292447079e-01,6.371913297333586801e-01,4.559654968708756750e-01
1.815564183640504314e+00,1.714793250606181152e+00,1.520387534699780607e+00,1.295512601225655480e+00,1.046845081225973528e+00,8.164281247029953059e-01,6.378950509449782258e-01,4.562126788901239571e-01
1.817910917676102356e+00,1.718260318224954064e+00,1.524085593836229213e+00,1.298756619856225258e+00,1.049008481552238248e+00,8.177828504435101786e-01,6.386028084080520584e-01,4.564612652112764457e-01
1.820257153663610294e+00,1.721738566533044246e+00,1.527815897003145462e+00,1.302027298626846852e+00,1.051190743598155120e+00,8.191469316400588063e-01,6.393146448909156065e-01,4.567112647686842331e-01
1.822602849470179365e+00,1.725227896391402727e+00,1.531579111488904354e+00,1.305325070581345281e+00,1.053392244766570229e+00,8.205204932241221272e-01,6.400306040352059522e-01,4.569626866456398817e-01
1.824947962842013993e+00,1.728728200863693942e+00,1.535375925007322229e+00,1.308650379843170564e+00,1.055613373845004199e+00,8.219036629524717474e-01,6.407507303814733435e-01,4.572155400782195178e-01
1.827292451418676356e+00,1.732239364885853394e+00,1.539207046411142921e+00,1.312003681980607350e+00,1.057854531404000431e+00,8.232965714931460566e-01,6.414750693956590144e-01,4.574698344592512123e-01
1.829636272748132120e+00,1.735761264923034508e+00,1.543073206431094357e+00,1.315385444386954816e+00,1.060116130210718488e+00,8.246993525144479253e-01,6.422036674964698433e-01,4.577255793424152563e-01
1.831979384302573788e+00,1.739293768613489499e+00,1.546975158441380671e+00,1.318796146676737724e+00,1.062398595658514910e+00,8.261121427770877768e-01,6.429365720836756060e-01,4.579827844464789965e-01
1.834321743495040291e+00,1.742836734398906406e+00,1.550913679252482913e+00,1.322236281099147037e+00,1.064702366213354123e+00,8.275350822296144715e-01,6.436738315673620203e-01,4.582414596596728895e-01
1.836663307696877023e+00,1.746390011140717125e+00,1.554889569932155435e+00,1.325706352970102531e+00,1.067027893877974032e+00,8.289683141072801131e-01,6.444154953981666711e-01,4.585016150442124960e-01
1.839004034256066955e+00,1.749953437721877281e+00,1.558903656655515446e+00,1.329206881124573414e+00,1.069375644674821491e+00,8.304119850344994225e-01,6.451616140985310111e-01,4.587632608409717982e-01
1.841343880516461251e+00,1.753526842633595928e+00,1.562956791585127458e+00,1.332738398391047019e+00,1.071746099148918718e+00,8.318662451310859796e-01,6.459122392949984137e-01,4.590264074743141132e-01
1.843682803837956241e+00,1.757110043546488587e+00,1.567049853781964375e+00,1.336301452090386865e+00,1.074139752891959176e+00,8.333312481224559587e-01,6.466674237515850354e-01,4.592910655570860423e-01
1.846020761617646277e+00,1.760702846865613402e+00,1.571183750148131386e+00,1.339896604561733984e+00,1.076557117089111060e+00,8.348071514540184035e-01,6.474272214042570139e-01,4.595572458957820627e-01
1.848357711311997553e+00,1.764305047268829973e+00,1.575359416402211998e+00,1.343524433718601196e+00,1.078998719090225489e+00,8.362941164099924052e-01,6.481916873965414272e-01,4.598249594958857545e-01
1.850693610460083738e+00,1.767916427227919751e+00,1.579577818088039987e+00,1.347185533638927568e+00,1.081465103007403616e+00,8.377923082369221897e-01,6.489608781162974349e-01,4.600942175673944368e-01
1.853028416707918957e+00,1.771536756511892685e+00,1.583839951617663555e+00,1.350880515193607856e+00,1.083956830341199939e+00,8.393018962721990883e-01,6.497348512336718063e-01,4.603650315305367613e-01
1.855362087833944296e+00,1.775165791671902804e+00,1.588146845349184488e+00,1.354610006718925064e+00,1.086474480638116136e+00,8.408230540779421114e-01,6.505136657402635914e-01,4.606374130216903118e-01
1.857694581775707565e+00,1.778803275507184312e+00,1.592499560700052719e+00,1.358374654739443299e+00,1.089018652182499602e+00,8.423559595806381362e-01,6.512973819895149230e-01,4.609113738995093690e-01
1.860025856657784304e+00,1.782448936511429771e+00,1.596899193296249519e+00,1.362175124749285038e+00,1.091589962726545293e+00,8.439007952170087812e-01,6.520860617383396063e-01,4.611869262512715006e-01
1.862355870821001069e+00,1.786102488299037727e+00,1.601346874157623335e+00,1.366012102061397337e+00,1.094189050262777130e+00,8.454577480866508621e-01,6.528797681899993766e-01,4.614640823994538565e-01
1.864684582853002315e+00,1.789763629010654888e+00,1.605843770919417102e+00,1.369886292736488320e+00,1.096816573844217269e+00,8.470270101120822570e-01,6.536785660382249397e-01,4.617428549085524914e-01
1.867011951620224819e+00,1.793432040697484631e+00,1.610391089089712846e+00,1.373798424605819912e+00,1.099473214458507986e+00,8.486087782069439145e-01,6.544825215125696927e-01,4.620232565921568169e-01
1.869337936301341818e+00,1.797107388683844453e+00,1.614990073342168708e+00,1.377749248405156335e+00,1.102159675963493735e+00,8.502032544532488467e-01,6.552917024249705902e-01,4.623053005202925614e-01
1.871662496422234145e+00,1.800789320907497659e+00,1.619642008842947956e+00,1.381739539040973908e+00,1.104876686093292815e+00,8.518106462887300445e-01,6.561061782174768542e-01,4.625890000270524993e-01
1.873985591892558977e+00,1.804477467237362909e+00,1.624348222610152881e+00,1.385770097014688673e+00,1.107624997545795686e+00,8.534311667055495265e-01,6.569260200110815795e-01,4.628743687185309930e-01
1.876307183043986138e+00,1.808171438768267247e+00,1.629110084903345523e+00,1.389841750036386436e+00,1.110405389164825563e+00,8.550650344618822007e-01,6.577513006555668618e-01,4.631614204810838853e-01
1.878627230670180115e+00,1.811870827092520120e+00,1.633929010639829871e+00,1.393955354866559748e+00,1.113218667233002668e+00,8.567124743081913074e-01,6.585820947802440983e-01,4.634501694899396673e-01
1.880945696068608619e+00,1.815575203548214889e+00,1.638806460833236667e+00,1.398111799432971925e+00,1.116065666894824338e+00,8.583737172303893548e-01,6.594184788454275914e-01,4.637406302181870110e-01
1.883262541084266495e+00,1.819284118444340903e+00,1.643743944048541961e+00,1.402312005280343055e+00,1.118947253733709291e+00,8.600490007125380920e-01,6.602605311944304001e-01,4.640328174461734179e-01
1.885577728155407140e+00,1.822997100263007875e+00,1.648743017865922589e+00,1.406556930423522367e+00,1.121864325531945594e+00,8.617385690223040573e-01,6.611083321058096596e-01,4.643267462713513982e-01
1.887891220361389566e+00,1.826713654839350998e+00,1.653805290343691725e+00,1.410847572690746565e+00,1.124817814248844972e+00,8.634426735230720240e-01,6.619619638455160882e-01,4.646224321186172013e-01
1.890202981472753896e+00,1.830433264520039849e+00,1.658932421467910423e+00,1.415184973663133672e+00,1.127808688260220293e+00,8.651615730174651020e-01,6.628215107185050359e-01,4.649198907511941647e-01
1.892512976003648539e+00,1.834155387301738438e+00,1.664126124572991250e+00,1.419570223340553383e+00,1.130837954911880106e+00,8.668955341280559779e-01,6.636870591192522983e-01,4.652191382821235233e-01
1.894821169266751149e+00,1.837879455951402896e+00,1.669388167713566906e+00,1.424004465693472499e+00,1.133906663451568875e+00,8.686448317223200988e-01,6.645586975804776975e-01,4.655201911864368380e-01
1.897127527430838789e+00,1.841604877110978089e+00,1.674720374962923586e+00,1.428488905296533273e+00,1.137015908418203658e+00,8.704097493904352500e-01,6.654365168192027946e-01,4.658230663140979777e-01
1.899432017581181409e+00,1.845331030389875782e+00,1.680124627607163967e+00,1.433024815283997055e+00,1.140166833584919326e+00,8.721905799864436704e-01,6.663206097790557170e-01,4.661277809038223419e-01
1.901734607782959552e+00,1.849057267449649933e+00,1.685602865196721423e+00,1.437613546921670427e+00,1.143360636574125566e+00,8.739876262456299782e-01,6.672110716674704012e-01,4.664343525978998928e-01
1.904035267147931254e+00,1.852782911086561235e+00,1.691157086407555132e+00,1.442256541156795357e+00,1.146598574289373618e+00,8.758012014938336698e-01,6.681079999861045948e-01,4.667427994581786477e-01
1.906333965904607908e+00,1.856507254319282652e+00,1.696789349652935819e+00,1.446955342589468341e+00,1.149881969341465249e+00,8.776316304679405711e-01,6.690114945524007206e-01,4.670531399833950936e-01
1.908630675472248184e+00,1.860229559490947038e+00,1.702501773372689264e+00,1.451711616409906425e+00,1.153212217686291341e+00,8.794792502711090698e-01,6.699216575097252102e-01,4.673653931280774554e-01
1.910925368539015290e+00,1.863949057397132680e+00,1.708296535909496372e+00,1.456527168969536268e+00,1.156590797740989496e+00,8.813444114915874872e-01,6.708385933229171760e-01,4.676795783232987058e-01
1.913218019144709903e+00,1.867664946454319130e+00,1.714175874860622839e+00,1.461403972805684237e+00,1.160019281305305405e+00,8.832274795204761997e-01,6.717624087553419887e-01,4.679957154996132185e-01
1.915508602768569490e+00,1.871376391926982574e+00,1.720142085767376150e+00,1.466344197125933446e+00,1.163499346688997793e+00,8.851288361117559678e-01,6.726932128226364993e-01,4.683138251125851803e-01
1.917797096422702463e+00,1.875082525235972408e+00,1.726197519972541672e+00,1.471350244986891154e+00,1.167032794536839502e+00,8.870488812376908783e-01,6.736311167172162051e-01,4.686339281714053673e-01
1.920083478751844375e+00,1.878782443376300071e+00,1.732344581436695119e+00,1.476424798682754336e+00,1.170621566954115345e+00,8.889880353047071582e-01,6.745762336962550787e-01,4.689560462712010214e-01
1.922367730140252640e+00,1.882475208479236661e+00,1.738585722255922006e+00,1.481570875203501503e+00,1.174267770672092759e+00,8.909467418095785574e-01,6.755286789241653489e-01,4.692802016297809575e-01
1.924649832826719864e+00,1.886159847561937886e+00,1.744923436564101760e+00,1.486791894045285778e+00,1.177973705160504370e+00,8.929254705338086628e-01,6.764885692585496102e-01,4.696064171297166245e-01
1.926929771028875971e+00,1.889835352518013600e+00,1.751360252429988495e+00,1.492091760174386605e+00,1.181741896799695990e+00,8.949247213962562286e-01,6.774560229660750998e-01,4.699347163668641247e-01
1.929207531078199089e+00,1.893500680415039605e+00,1.757898721269753883e+00,1.497474965582773487e+00,1.185575140477299838e+00,8.969450291112508467e-01,6.784311593516176853e-01,4.702651237066775569e-01
1.931483101567456062e+00,1.897154754180426339e+00,1.764541404185699047e+00,1.502946713654679689e+00,1.189476550283737444e+00,8.989869688327910557e-01,6.794140982802308049e-01,4.705976643499631962e-01
1.933756473512642682e+00,1.900796463776013523e+00,1.771290854506832657e+00,1.508513071522395999e+00,1.193449621360494151e+00,9.010511630063471333e-01,6.804049595668308914e-01,4.709323644100952833e-01
1.936027640531946759e+00,1.904424667985048725e+00,1.778149595641263403e+00,1.514181156766125191e+00,1.197498305420788611e+00,9.031382896999992083e-01,6.814038622027759340e-01,4.712692510041658345e-01
1.938296599044798896e+00,1.908038196963786959e+00,1.785120093146844722e+00,1.519959366256548261e+00,1.201627103033592325e+00,9.052490927482286232e-01,6.824109233815035536e-01,4.716083523610938300e-01
1.940563348494742879e+00,1.911635855745067447e+00,1.792204719676730340e+00,1.525857656710412291e+00,1.205841176462780107e+00,9.073843941172478056e-01,6.834262572768000643e-01,4.719496979504000933e-01
1.942827891600665824e+00,1.915216428924317649e+00,1.799405711149847598e+00,1.531887888703366007e+00,1.210146487712885799e+00,9.095451089934464273e-01,6.844499735167277610e-01,4.722933186361844560e-01
1.945090234641943860e+00,1.918778686811365874e+00,1.806725112119907273e+00,1.538064248551621382e+00,1.214549967487531523e+00,9.117322642102474450e-01,6.854821752833085702e-01,4.726392468618628717e-01
1.947350387784274606e+00,1.922321393396410061e+00,1.814164707854596381e+00,1.544403765746827251e+00,1.219059722060128914e+00,9.139470207681505975e-01,6.865229569522099951e-01,4.729875168724717027e-01
1.949608365454468917e+00,1.925843316558233154e+00,1.821725940069563787e+00,1.550926947644042375e+00,1.223685286643156900e+00,9.161907013738571637e-01,6.875724011672347258e-01,4.733381649828751758e-01
1.951864186774330046e+00,1.929343241040651025e+00,1.829409802565891363e+00,1.557658558029324070e+00,1.228437935788506019e+00,9.184648241342611152e-01,6.886305752205867936e-01,4.736912299020918371e-01
1.954117876065994519e+00,1.932819984843316519e+00,1.837216712165658183e+00,1.564628572237815929e+00,1.233331063738409172e+00,9.207711437985343084e-01,6.896975265806524202e-01,4.740467531262524958e-01
1.956369463443895063e+00,1.936272419820463941e+00,1.845146349292054566e+00,1.571873348908653600e+00,1.238380650574234298e+00,9.231117022573347430e-01,6.907732773732019327e-01,4.744047794155206721e-01
1.958618985511897836e+00,1.939699497462137767e+00,1.853197461254204814e+00,1.579437067560281793e+00,1.243605833601234112e+00,9.254888903954928692e-01,6.918578175779896977e-01,4.747653573737588562e-01
1.960866486188336033e+00,1.943100281054522149e+00,1.861367619718385713e+00,1.587373492330080849e+00,1.249029607811232845e+00,9.279055238695967933e-01,6.929510966488611201e-01,4.751285401539518394e-01
1.963112017686784894e+00,1.946473985688511821e+00,1.869652921910392340e+00,1.595748135912970600e+00,1.254679684666230477e+00,9.303649359645703720e-01,6.940530131994450125e-01,4.754943863175849494e-01
1.965355641686680199e+00,1.949820027920053045e+00,1.878047622717012866e+00,1.604640914528168150e+00,1.260589545069593420e+00,9.328710913979554320e-01,6.951634023155575104e-01,4.758629608825244994e-01
1.967597430735592567e+00,1.953138087296115932e+00,1.886543681938205985e+00,1.614149405344666333e+00,1.266799730514386546e+00,9.354287258170345121e-01,6.962820199562043122e-01,4.762343366017258717e-01
1.969837469934400787e+00,1.956428182463615384e+00,1.895130207363192376e+00,1.624392843066432279e+00,1.273359426359660818e+00,9.380435168087742914e-01,6.974085237834216633e-01,4.766085955246358585e-01
1.972075858968174389e+00,1.959690765196311801e+00,1.903792769953137176e+00,1.635517023375207213e+00,1.280328403400788462e+00,9.407222935607313374e-01,6.985424496120722360e-01,4.769858309048287115e-01
1.974312714559776527e+00,1.962926836432611344e+00,1.912512562026282614e+00,1.647700318948734699e+00,1.287779398878905912e+00,9.434732939275415342e-01,6.996831824879209405e-01,4.773661495317307879e-01
1.976548173440616729e+00,1.966138089347002182e+00,1.921265362732351267e+00,1.661161060405193401e+00,1.295801036442044918e+00,9.463064796399237588e-01,7.008299211782665905e-01,4.777496745818237134e-01
1.978782395954328033e+00,1.969327085618591155e+00,1.930020266994748379e+00,1.676166591720276378e+00,1.304501407092452547e+00,9.492339228239666804e-01,7.019816345847729178e-01,4.781365491061906337e-01
1.981015570435331163e+00,1.972497472459627144e+00,1.938738124151705433e+00,1.693044379812374656e+00,1.314012460769939494e+00,9.522702799792365225e-01,7.031370082515429054e-01,4.785269402975911301e-01
1.983247918536384935e+00,1.975654249683639119e+00,1.947369620324236550e+00,1.712195644024953500e+00,1.324495392080842437e+00,9.554333732192906714e-01,7.042943787289203117e-01,4.789210447124828685e-01
1.985479701718610324e+00,1.978804098198779560e+00,1.955852923568463630e+00,1.734112076747631459e+00,1.336147245197209843e+00,9.587449030598882427e-01,7.054516530478638359e-01,4.793190946629030669e-01
1.987711229165784133e+00,1.981955783895270828e+00,1.964110792505578740e+00,1.759396355815357582e+00,1.349209013850589223e+00,9.622313225353915644e-01,7.066062099400417518e-01,4.797213660415000080e-01
1.989942867443969643e+00,1.985120654064657097e+00,1.972047026595654895e+00,1.788787308011329014e+00,1.363975574749135333e+00,9.659249091615630389e-01,7.077547786793194629e-01,4.801281879022613608e-01
1.992175052300217297e+00,1.988313247375435022e+00,1.979542108588801641e+00,1.823190777597956780e+00,1.380807869253983355e+00,9.698650795239123212e-01,7.088932904895640652e-01,4.805399541920815087e-01
1.994408303083170741e+00,1.991552043197142297e+00,1.986447855792576433e+00,1.863717492432301670e+00,1.400147841945674987e+00,9.741000013990389617e-01,7.100166963230710726e-01,4.809571381172249582e-01
1.996643240377717010e+00,1.994860381912512359e+00,1.992580855220255520e+00,1.911729512844058121e+00,1.422536759697148101e+00,9.786885707338197626e-01,7.111187434161461152e-01,4.813803097376509466e-01
1.998880607579831548e+00,1.998267595029286525e+00,1.997714406691813771e+00,1.968897207270778660e+00,1.448637675830349192e+00,9.837028360307988883e-01,7.121917013155040221e-01,4.818101575155662175e-01
