5.864851475160027805e-01,5.864346877044895878e-01,5.863346743406591122e-01,5.862195191416784690e-01,5.861332716544030985e-01,5.860343466508998178e-01,5.859676156518693890e-01,5.859503217231688543e-01
5.869542668438402222e-01,5.866863083592063211e-01,5.864784398908923224e-01,5.862110659488312114e-01,5.860172234653751033e-01,5.857628077211773920e-01,5.855655907764621970e-01,5.854300220663934962e-01
5.874518103939715408e-01,5.869856965060867848e-01,5.866506456042597240e-01,5.862150063242135278e-01,5.858953883471017532e-01,5.854868422374963632e-01,5.851793746217768266e-01,5.848568644370296665e-01
5.879541051612544589e-01,5.872918118879274507e-01,5.868262138890497637e-01,5.862198430548593020e-01,5.857795607167817220e-01,5.852035980437223506e-01,5.847848747437194294e-01,5.843029065677206590e-01
5.884582431272051828e-01,5.875994738140346563e-01,5.870018605592454142e-01,5.862237943506108939e-01,5.856559880458184209e-01,5.849236206588553921e-01,5.843861154387128831e-01,5.837543228059385303e-01
5.889634810331013659e-01,5.879074182549287597e-01,5.871769023787266617e-01,5.862266422821578171e-01,5.855355508625166294e-01,5.846392634563422064e-01,5.839882066273371919e-01,5.832078165188322449e-01
5.894695656533277539e-01,5.882152569605726411e-01,5.873512049619695752e-01,5.862284203492180712e-01,5.854110106387883095e-01,5.843558254935040663e-01,5.835882932801569334e-01,5.826632710827468475e-01
5.899764011783202866e-01,5.885228726779664354e-01,5.875248037921685373e-01,5.862292751723171547e-01,5.852869671608206259e-01,5.840707042537103266e-01,5.831883339076424644e-01,5.821198248379415574e-01
5.904839531944129360e-01,5.888302520550244834e-01,5.876977836245834697e-01,5.862293381556784588e-01,5.851613338142173104e-01,5.837854320220080551e-01,5.827877479892137336e-01,5.815774525205035239e-01
5.909922143890269375e-01,5.891374235934841996e-01,5.878702476067528826e-01,5.862287567584867354e-01,5.850352986414460998e-01,5.834995678147344433e-01,5.823870101631322127e-01,5.810359627177914543e-01
5.915011902496664087e-01,5.894444342859654906e-01,5.880423012334969890e-01,5.862276613192314301e-01,5.849086150454542166e-01,5.832134684138585712e-01,5.819861266812422773e-01,5.804953224417522817e-01
5.920108925480962458e-01,5.897513384035183437e-01,5.882140478437793973e-01,5.862261772342549637e-01,5.847815548393612284e-01,5.829271769711105167e-01,5.815852446543063881e-01,5.799554895962441003e-01
5.925213361093427666e-01,5.900581925755989943e-01,5.883855862061145858e-01,5.862244196133570284e-01,5.846542063925740385e-01,5.826408214627525339e-01,5.811844471292859637e-01,5.794164506380655721e-01
5.930325371413761593e-01,5.903650532614058699e-01,5.885570099488102169e-01,5.862224957899051514e-01,5.845266949105609733e-01,5.823544942685228154e-01,5.807838205361568473e-01,5.788781987290744224e-01
5.935445123349998298e-01,5.906719755597875654e-01,5.887284074694244529e-01,5.862205055096816331e-01,5.843991258334372274e-01,5.820682857892707229e-01,5.803834399368686947e-01,5.783407338892480043e-01
5.940572783714112015e-01,5.909790126406813116e-01,5.888998621465240113e-01,5.862185417861613956e-01,5.842715987898108310e-01,5.817822784034478723e-01,5.799833742480100529e-01,5.778040598282411233e-01
5.945708516519035980e-01,5.912862155149998244e-01,5.890714526464770895e-01,5.862166915343260953e-01,5.841442061449567680e-01,5.814965486395520244e-01,5.795836866590042824e-01,5.772681826866897792e-01
5.950852481529378402e-01,5.915936329795405957e-01,5.892432532604876538e-01,5.862150361598917891e-01,5.840170340995139986e-01,5.812111676924710535e-01,5.791844355576273307e-01,5.767331101122002979e-01
5.956004833533766751e-01,5.919013116541250730e-01,5.894153342354241376e-01,5.862136520710141685e-01,5.838901632833741751e-01,5.809262020257536241e-01,5.787856751600510830e-01,5.761988506770344687e-01
5.961165722038261894e-01,5.922092960652831639e-01,5.895877620836880162e-01,5.862126111247315530e-01,5.837636692945131767e-01,5.806417138533911393e-01,5.783874560201761605e-01,5.756654134915903942e-01
5.966335291206292801e-01,5.925176287513962414e-01,5.897605998666053395e-01,5.862119810159601707e-01,5.836376231556350547e-01,5.803577615469304174e-01,5.779898254406170555e-01,5.751328079459440135e-01
5.971513679941690134e-01,5.928263503753972152e-01,5.899339074504705849e-01,5.862118256172198505e-01,5.835120917066981550e-01,5.800743999815756169e-01,5.775928278105200153e-01,5.746010435353667845e-01
5.976701022052575141e-01,5.931354998374026577e-01,5.901077417365294675e-01,5.862122052763727442e-01,5.833871379446751160e-01,5.797916808332060912e-01,5.771965048872060855e-01,5.740701297419893434e-01
5.981897446458271927e-01,5.934451143832220055e-01,5.902821568670921781e-01,5.862131770786680462e-01,5.832628213197103006e-01,5.795096528354188870e-01,5.768008960339360280e-01,5.735400759545546956e-01
5.987103077416155994e-01,5.937552297067323348e-01,5.904572044102459616e-01,5.862147950784346584e-01,5.831391979950034665e-01,5.792283620036950964e-01,5.764060384228572032e-01,5.730108914143317023e-01
5.992318034754376965e-01,5.940658800452769395e-01,5.906329335256087498e-01,5.862171105049134301e-01,5.830163210763184001e-01,5.789478518322894729e-01,5.760119672099369703e-01,5.724825851791789377e-01
5.997542434102028919e-01,5.943770982679128512e-01,5.908093911133929232e-01,5.862201719459889659e-01,5.828942408158863664e-01,5.786681634683078501e-01,5.756187156870726795e-01,5.719551661002968412e-01
6.002776387111831147e-01,5.946889159566977057e-01,5.909866219488255634e-01,5.862240255129734789e-01,5.827730047945960390e-01,5.783893358665587181e-01,5.752263154154065861e-01,5.714286428079007329e-01
6.008020001672602639e-01,5.950013634814020902e-01,5.911646688037331954e-01,5.862287149890816895e-01,5.826526580856663529e-01,5.781114059280912931e-01,5.748347963430069374e-01,5.709030237031866850e-01
6.013273382110192466e-01,5.953144700681203272e-01,5.913435725568757517e-01,5.862342819638141078e-01,5.825332434024311778e-01,5.778344086248009548e-01,5.744441869094280007e-01,5.703783169547360643e-01
6.018536629376406433e-01,5.956282638622817371e-01,5.915233722944052142e-01,5.862407659551104322e-01,5.824148012324238399e-01,5.775583771120661458e-01,5.740545141391707462e-01,5.698545304980431325e-01
6.023809841225981065e-01,5.959427719865610928e-01,5.917041054016421997e-01,5.862482045208550208e-01,5.822973699595839214e-01,5.772833428310426562e-01,5.736658037256813225e-01,5.693316720372241235e-01
6.029093112381989084e-01,5.962580205941597766e-01,5.918858076472057750e-01,5.862566333610661484e-01,5.821809859761192252e-01,5.770093356019735387e-01,5.732780801072345778e-01,5.688097490482327823e-01
6.034386534690254766e-01,5.965740349179007307e-01,5.920685132603896728e-01,5.862660864119029203e-01,5.820656837853098731e-01,5.767363837096582957e-01,5.728913665358094098e-01,5.682887687830943113e-01
6.039690197263413163e-01,5.968908393155412107e-01,5.922522550025605126e-01,5.862765959324642839e-01,5.819514960963463324e-01,5.764645139820416819e-01,5.725056851398778734e-01,5.677687382748025646e-01
6.045004186615324793e-01,5.972084573116670514e-01,5.924370642332479342e-01,5.862881925852034826e-01,5.818384539121383980e-01,5.761937518627416877e-01,5.721210569818832026e-01,5.672496643426262475e-01
6.050328586786523077e-01,5.975269116365019562e-01,5.926229709715109539e-01,5.863009055106714884e-01,5.817265866108791705e-01,5.759241214782132579e-01,5.717375021110566724e-01,5.667315535976400476e-01
6.055663479461361742e-01,5.978462242619275724e-01,5.928100039530875831e-01,5.863147623972048139e-01,5.816159220220499249e-01,5.756556457001439364e-01,5.713550396121288566e-01,5.662144124483483587e-01
6.061008944077533878e-01,5.981664164349794754e-01,5.929981906837692440e-01,5.863297895460871656e-01,5.815064864974540670e-01,5.753883462035955798e-01,5.709736876504036829e-01,5.656982471063058959e-01
6.066365057928519988e-01,5.984875087090577583e-01,5.931875574893865632e-01,5.863460119326443509e-01,5.813983049777866619e-01,5.751222435213345641e-01,5.705934635136010735e-01,5.651830635916695877e-01
6.071731896259539019e-01,5.988095209730648349e-01,5.933781295627430508e-01,5.863634532636745611e-01,5.812914010551787358e-01,5.748573570947367317e-01,5.702143836508137831e-01,5.646688677386334509e-01
6.077109532357533039e-01,5.991324724786596390e-01,5.935699310077947599e-01,5.863821360315609743e-01,5.811857970320991607e-01,5.745937053215999235e-01,5.698364637088807472e-01,5.641556652007193584e-01
6.082498037635630794e-01,5.994563818657989707e-01,5.937629848813343880e-01,5.864020815653711027e-01,5.810815139769494042e-01,5.743313056011571938e-01,5.694597185664383998e-01,5.636434614559020506e-01
6.087897481712545300e-01,5.997812671867175371e-01,5.939573132324088567e-01,5.864233100792161091e-01,5.809785717766434709e-01,5.740701743765452836e-01,5.690841623658750015e-01,5.631322618115537360e-01
6.093307932487286305e-01,6.001071459284820220e-01,5.941529371396739867e-01,5.864458407181003530e-01,5.808769891864328239e-01,5.738103271749531720e-01,5.687098085433893724e-01,5.626220714092081687e-01
6.098729456209557309e-01,6.004340350342420862e-01,5.943498767468635702e-01,5.864696916014702222e-01,5.807767838772009972e-01,5.735517786456506562e-01,5.683366698573281139e-01,5.621128952291396530e-01
6.104162117546164668e-01,6.007619509232855481e-01,5.945481512965310467e-01,5.864948798646489880e-01,5.806779724804299603e-01,5.732945425960694896e-01,5.679647584149545292e-01,5.616047380947597478e-01
6.109605979643739637e-01,6.010909095099977728e-01,5.947477791622060028e-01,5.865214216983190010e-01,5.805805706310160907e-01,5.730386320260937305e-01,5.675940856977846893e-01,5.610976046768354486e-01
6.115061104188056484e-01,6.014209262218149776e-01,5.949487778790909509e-01,5.865493323861963315e-01,5.804845930080952954e-01,5.727840591606971898e-01,5.672246625856129931e-01,5.605914994975348398e-01
6.120527551460176463e-01,6.017520160162476150e-01,5.951511641734059666e-01,5.865786263410261991e-01,5.803900533740168344e-01,5.725308354810506595e-01,5.668564993793326900e-01,5.600864269343073243e-01
6.126005380389665245e-01,6.020841933970455528e-01,5.953549539904831045e-01,5.866093171390183159e-01,5.802969646115945235e-01,5.722789717542093868e-01,5.664896058226459585e-01,5.595823912236037589e-01
6.131494648605092523e-01,6.024174724295729977e-01,5.955601625217032957e-01,5.866414175528238406e-01,5.802053387597484457e-01,5.720284780614797171e-01,5.661239911227499144e-01,5.590793964644454883e-01
6.136995412481990320e-01,6.027518667554497833e-01,5.957668042303513323e-01,5.866749395831460934e-01,5.801151870476372041e-01,5.717793638255525002e-01,5.657596639700747110e-01,5.585774466218497158e-01
6.142507727188450950e-01,6.030873896065116480e-01,5.959748928764603271e-01,5.867098944890708490e-01,5.800265199273760830e-01,5.715316378364835304e-01,5.653966325571412321e-01,5.580765455301190947e-01
6.148031646728534527e-01,6.034240538181382396e-01,5.961844415407128173e-01,5.867462928171918168e-01,5.799393471054231641e-01,5.712853082765937396e-01,5.650349045965997741e-01,5.575766968960014225e-01
6.153567223983623657e-01,6.037618718419924813e-01,5.963954626474572418e-01,5.867841444296005848e-01,5.798536775727085590e-01,5.710403827443545355e-01,5.646744873385066699e-01,5.570779043017273224e-01
6.159114510751850791e-01,6.041008557582113747e-01,5.966079679868907526e-01,5.868234585308030882e-01,5.797695196335781453e-01,5.707968682773173486e-01,5.643153875868879288e-01,5.565801712079352370e-01
6.164673557785732561e-01,6.044410172870838815e-01,5.968219687364569870e-01,5.868642436936181150e-01,5.796868809336129802e-01,5.705547713741396798e-01,5.639576117156339663e-01,5.560835009564867315e-01
6.170244414828138790e-01,6.047823678002484105e-01,5.970374754815025442e-01,5.869065078841129157e-01,5.796057684863800130e-01,5.703140980157607176e-01,5.636011656837698336e-01,5.555878967731792129e-01
6.175827130646668328e-01,6.051249183314416635e-01,5.972544982352306908e-01,5.869502584856221006e-01,5.795261886991716072e-01,5.700748536857690452e-01,5.632460550501352525e-01,5.550933617703638356e-01
6.181421753066547176e-01,6.054686795868254867e-01,5.974730464579911526e-01,5.869955023218934587e-01,5.794481473977806107e-01,5.698370433900030729e-01,5.628922849875100942e-01,5.545998989494728137e-01
6.187028329002136617e-01,6.058136619549170376e-01,5.976931290759353033e-01,5.870422456794009980e-01,5.793716498503550527e-01,5.696006716754254962e-01,5.625398602962169425e-01,5.541075112034615779e-01
6.192646904487129067e-01,6.061598755161458074e-01,5.979147544990689456e-01,5.870904943288632882e-01,5.792967007903757626e-01,5.693657426483035300e-01,5.621887854172278320e-01,5.536162013191706643e-01
6.198277524703518226e-01,6.065073300520582578e-01,5.981379306387316630e-01,5.871402535460019667e-01,5.792233044387929963e-01,5.691322599917294500e-01,5.618390644448031379e-01,5.531259719796119967e-01
6.203920234009392409e-01,6.068560350541901682e-01,5.983626649245259443e-01,5.871915281315711610e-01,5.791514645253613702e-01,5.689002269825103042e-01,5.614907011386843783e-01,5.526368257661837813e-01
6.209575075965640956e-01,6.072059997326247904e-01,5.985889643207207289e-01,5.872443224306880261e-01,5.790811843092067424e-01,5.686696465074552176e-01,5.611436989358654648e-01,5.521487651608188996e-01
6.215242093361608156e-01,6.075572330242529073e-01,5.988168353421506884e-01,5.872986403514921516e-01,5.790124665986506880e-01,5.684405210790869356e-01,5.607980609619621637e-01,5.516617925480696849e-01
6.220921328239772397e-01,6.079097436007521171e-01,5.990462840696327840e-01,5.873544853831622614e-01,5.789453137703282071e-01,5.682128528507998100e-01,5.604537900421965313e-01,5.511759102171316371e-01
6.226612821919500496e-01,6.082635398762967771e-01,5.992773161649174174e-01,5.874118606133124088e-01,5.788797277876265301e-01,5.679866436314892075e-01,5.601108887120169744e-01,5.506911203638124030e-01
6.232316615019908301e-01,6.086186300150125961e-01,5.995099368851929400e-01,5.874707687447904281e-01,5.788157102184668945e-01,5.677618948996716597e-01,5.597693592273689234e-01,5.502074250924469112e-01
6.238032747481884188e-01,6.089750219381923069e-01,5.997441510971592837e-01,5.875312121119007358e-01,5.787532622524553805e-01,5.675386078171169579e-01,5.594292035746295522e-01,5.497248264177603261e-01
6.243761258589320962e-01,6.093327233312769708e-01,5.999799632906849256e-01,5.875931926960750173e-01,5.786923847174266777e-01,5.673167832420097367e-01,5.590904234802238637e-01,5.492433262666845950e-01
6.249502186989596142e-01,6.096917416506169030e-01,6.002173775920632837e-01,5.876567121410062322e-01,5.786330780954052067e-01,5.670964217416583075e-01,5.587530204199326889e-01,5.487629264801285878e-01
6.255255570713321722e-01,6.100520841300248742e-01,6.004563977768817562e-01,5.877217717672639230e-01,5.785753425380012471e-01,5.668775236047705057e-01,5.584169956279044778e-01,5.482836288147050485e-01
6.261021447193420020e-01,6.104137577871260323e-01,6.006970272825159496e-01,5.877883725864143649e-01,5.785191778812607266e-01,5.666600888533077640e-01,5.580823501053856495e-01,5.478054349444164695e-01
6.266799853283533395e-01,6.107767694295148653e-01,6.009392692202593089e-01,5.878565153146564359e-01,5.784645836599927593e-01,5.664441172539342872e-01,5.577490846291778270e-01,5.473283464623017736e-01
6.272590825275814463e-01,6.111411256607288678e-01,6.011831263871021402e-01,5.879262003859905272e-01,5.784115591215895913e-01,5.662296083290765392e-01,5.574171997598309503e-01,5.468523648820465821e-01
6.278394398918136776e-01,6.115068328860453484e-01,6.014286012771713485e-01,5.879974279649377022e-01,5.783601032393568264e-01,5.660165613676054752e-01,5.570866958495847010e-01,5.463774916395559567e-01
6.284210609430722627e-01,6.118738973181073737e-01,6.016756960928369979e-01,5.880701979588216499e-01,5.783102147253702530e-01,5.658049754351549554e-01,5.567575730500656794e-01,5.459037280944941672e-01
6.290039491522225745e-01,6.122423249823861768e-01,6.019244127555003487e-01,5.881445100296281980e-01,5.782618920428762577e-01,5.655948493840874391e-01,5.564298313197481027e-01,5.454310755317922643e-01
6.295881079405296621e-01,6.126121217224883564e-01,6.021747529160688117e-01,5.882203636054555984e-01,5.782151334182508151e-01,5.653861818631208402e-01,5.561034704311887955e-01,5.449595351631238982e-01
6.301735406811658224e-01,6.129832932053115302e-01,6.024267179651286996e-01,5.882977578915706829e-01,5.781699368525303750e-01,5.651789713266256454e-01,5.557784899780413568e-01,5.444891081283516066e-01
6.307602507006700998e-01,6.133558449260531065e-01,6.026803090428257681e-01,5.883766918810795499e-01,5.781263001325316342e-01,5.649732160436040651e-01,5.554548893818569422e-01,5.440197954969434591e-01
6.313482412803607113e-01,6.137297822130802771e-01,6.029355270484577645e-01,5.884571643652269923e-01,5.780842208415698513e-01,5.647689141063629847e-01,5.551326678986807650e-01,5.435515982693638337e-01
6.319375156577053954e-01,6.141051102326648969e-01,6.031923726497906424e-01,5.885391739433382119e-01,5.780436963697928032e-01,5.645660634388873778e-01,5.548118246254486463e-01,5.430845173784361046e-01
6.325280770276497933e-01,6.144818339935871343e-01,6.034508462921044369e-01,5.886227190324089253e-01,5.780047239241407064e-01,5.643646618049262820e-01,5.544923585061909410e-01,5.426185536906797946e-01
6.331199285439041979e-01,6.148599583516139999e-01,6.037109482069750177e-01,5.887077978763591846e-01,5.779673005379433182e-01,5.641647068158001099e-01,5.541742683380500578e-01,5.421537080076238579e-01
6.337130733201910004e-01,6.152394880138547517e-01,6.039726784208012678e-01,5.887944085549604578e-01,5.779314230801697594e-01,5.639661959379376199e-01,5.538575527771165685e-01,5.416899810670959825e-01
6.343075144314566094e-01,6.156204275429999484e-01,6.042360367630832396e-01,5.888825489924447432e-01,5.778970882643383877e-01,5.637691265001510965e-01,5.535422103440886810e-01,5.412273735444883549e-01
6.349032549150464000e-01,6.160027813614461500e-01,6.045010228744562841e-01,5.889722169658059281e-01,5.778642926571003757e-01,5.635734957006585111e-01,5.532282394297626249e-01,5.407658860540004442e-01
6.355002977718448021e-01,6.163865537553098184e-01,6.047676362144909223e-01,5.890634101128037203e-01,5.778330326865064315e-01,5.633793006138602122e-01,5.529156383003578368e-01,5.403055191498615795e-01
6.360986459673827476e-01,6.167717488783356350e-01,6.050358760692625681e-01,5.891561259396795869e-01,5.778033046499660985e-01,5.631865381968784723e-01,5.526044051026799409e-01,5.398462733275313230e-01
6.366983024329124774e-01,6.171583707557002363e-01,6.053057415586959866e-01,5.892503618285919176e-01,5.777751047219125136e-01,5.629952052958661080e-01,5.522945378691296314e-01,5.393881490248798594e-01
6.372992700664514842e-01,6.175464232877160287e-01,6.055772316436932590e-01,5.893461150447806274e-01,5.777484289611793944e-01,5.628052986520919454e-01,5.519860345225602316e-01,5.389311466233491776e-01
6.379015517337967012e-01,6.179359102534379700e-01,6.058503451330489176e-01,5.894433827434690798e-01,5.777232733181003610e-01,5.626168149078112357e-01,5.516788928809867043e-01,5.384752664490933816e-01
6.385051502695101577e-01,6.183268353141759821e-01,6.061250806901578025e-01,5.895421619765124355e-01,5.776996336413410260e-01,5.624297506119249057e-01,5.513731106621526656e-01,5.380205087741003478e-01
6.391100684778764363e-01,6.187192020169157702e-01,6.064014368395223009e-01,5.896424496987980879e-01,5.776775056844706269e-01,5.622441022254383025e-01,5.510686854879595087e-01,5.375668738172962868e-01
6.397163091338332608e-01,6.191130137976507131e-01,6.066794119730620771e-01,5.897442427744080673e-01,5.776568851122820814e-01,5.620598661267219853e-01,5.507656148887593028e-01,5.371143617456315411e-01
6.403238749838762178e-01,6.195082739846270448e-01,6.069590043562337334e-01,5.898475379825504072e-01,5.776377675068710138e-01,5.618770386165812258e-01,5.504638963075167979e-01,5.366629726751481755e-01
6.409327687469383861e-01,6.199049858015061032e-01,6.072402121339641745e-01,5.899523320232656909e-01,5.776201483734781927e-01,5.616956159231435430e-01,5.501635271038448627e-01,5.362127066720308033e-01
6.415429931152457632e-01,6.203031523704443106e-01,6.075230333364014523e-01,5.900586215229173259e-01,5.776040231461049279e-01,5.615155942065658268e-01,5.498645045579149127e-01,5.357635637536413142e-01
6.421545507551500442e-01,6.207027767150942177e-01,6.078074658844897504e-01,5.901664030394714322e-01,5.775893871929105305e-01,5.613369695635688217e-01,5.495668258742469892e-01,5.353155438895366158e-01
6.427674443079373079e-01,6.211038617635291637e-01,6.080935075953728397e-01,5.902756730675740027e-01,5.775762358213949454e-01,5.611597380318039674e-01,5.492704881853830434e-01,5.348686470024689443e-01
6.433816763906148317e-01,6.215064103510916649e-01,6.083811561876287799e-01,5.903864280434307776e-01,5.775645642833781013e-01,5.609838955940573690e-01,5.489754885554462005e-01,5.344228729693724089e-01
6.439972495966780341e-01,6.219104252231700825e-01,6.086704092863417515e-01,5.904986643494952725e-01,5.775543677797805309e-01,5.608094381822970043e-01,5.486818239835885569e-01,5.339782216223328826e-01
6.446141664968559892e-01,6.223159090379040137e-01,6.089612644280149034e-01,5.906123783189739518e-01,5.775456414652107018e-01,5.606363616815676076e-01,5.483894914073318416e-01,5.335346927495419056e-01
6.452324296398367354e-01,6.227228643688204057e-01,6.092537190653283252e-01,5.907275662401531013e-01,5.775383804523686049e-01,5.604646619337380065e-01,5.480984877058028282e-01,5.330922860962374887e-01
6.458520415529735992e-01,6.231312937074030556e-01,6.095477705717474715e-01,5.908442243605515065e-01,5.775325798162695978e-01,5.602943347411053487e-01,5.478088097028668280e-01,5.326510013656284848e-01
6.464730047429728677e-01,6.235411994655966073e-01,6.098434162459827057e-01,5.909623488909070410e-01,5.775282345982956089e-01,5.601253758698612195e-01,5.475204541701619299e-01,5.322108382198044163e-01
6.470953216965636967e-01,6.239525839782471550e-01,6.101406533163069579e-01,5.910819360090010521e-01,5.775253398100776980e-01,5.599577810534235311e-01,5.472334178300366503e-01,5.317717962806320919e-01
6.477189948811488129e-01,6.243654495054800080e-01,6.104394789447344927e-01,5.912029818633270928e-01,5.775238904372185234e-01,5.597915459956390727e-01,5.469476973583938806e-01,5.313338751306376784e-01
6.483440267454396722e-01,6.247797982350175028e-01,6.107398902310643418e-01,5.913254825766092182e-01,5.775238814428592660e-01,5.596266663738604930e-01,5.466632893874427968e-01,5.308970743138742288e-01
6.489704197200754088e-01,6.251956322844385294e-01,6.110418842167922859e-01,5.914494342491714018e-01,5.775253077710946759e-01,5.594631378419020473e-01,5.463801905083630617e-01,5.304613933367764433e-01
6.495981762182245767e-01,6.256129537033804366e-01,6.113454578888928292e-01,5.915748329621673962e-01,5.775281643502424567e-01,5.593009560328779939e-01,5.460983972738819858e-01,5.300268316690016634e-01
6.502272986361711249e-01,6.260317644756843158e-01,6.116506081834779396e-01,5.917016747806757015e-01,5.775324460959733175e-01,5.591401165619261926e-01,5.458179062007676441e-01,5.295933887442574317e-01
6.508577893538858294e-01,6.264520665214871054e-01,6.119573319893349961e-01,5.918299557566598645e-01,5.775381479143051333e-01,5.589806150288226805e-01,5.455387137722401691e-01,5.291610639611162847e-01
6.514896507355835142e-01,6.268738616992597379e-01,6.122656261513448328e-01,5.919596719318018785e-01,5.775452647044654331e-01,5.588224470204899985e-01,5.452608164403036639e-01,5.287298566838171121e-01
6.521228851302650620e-01,6.272971518077938846e-01,6.125754874737857625e-01,5.920908193402137920e-01,5.775537913616292096e-01,5.586656081134016016e-01,5.449842106280011755e-01,5.282997662430539698e-01
6.527574948722459913e-01,6.277219385881395164e-01,6.128869127235263559e-01,5.922233940110295247e-01,5.775637227795328288e-01,5.585100938758873479e-01,5.447088927315938411e-01,5.278707919367529033e-01
6.533934822816717114e-01,6.281482237254912837e-01,6.131998986331086421e-01,5.923573919708813307e-01,5.775750538529726974e-01,5.583558998703422871e-01,5.444348591226673140e-01,5.274429330308356700e-01
6.540308496650184544e-01,6.285760088510273791e-01,6.135144419037258379e-01,5.924928092462660167e-01,5.775877794801896892e-01,5.582030216553429680e-01,5.441621061501673573e-01,5.270161887599712491e-01
6.546695993155834392e-01,6.290052955437035465e-01,6.138305392080980472e-01,5.926296418658038023e-01,5.776018945651428815e-01,5.580514547876737064e-01,5.438906301423657164e-01,5.265905583283159164e-01
6.553097335139616009e-01,6.294360853320005722e-01,6.141481871932474856e-01,5.927678858623937064e-01,5.776173940196793755e-01,5.579011948242649233e-01,5.436204274087589328e-01,5.261660409102408842e-01
6.559512545285095531e-01,6.298683796956258130e-01,6.144673824831760056e-01,5.929075372752704576e-01,5.776342727656021969e-01,5.577522373240481057e-01,5.433514942419019889e-01,5.257426356510478405e-01
6.565941646157994471e-01,6.303021800671735342e-01,6.147881216814489180e-01,5.930485921519638159e-01,5.776525257366404986e-01,5.576045778497299432e-01,5.430838269191791134e-01,5.253203416676731630e-01
6.572384660210601748e-01,6.307374878337422830e-01,6.151104013736878873e-01,5.931910465501650798e-01,5.776721478803250598e-01,5.574582119694867499e-01,5.428174217045118599e-01,5.248991580493813647e-01
6.578841609786079125e-01,6.311743043385108498e-01,6.154342181299738979e-01,5.933348965395047747e-01,5.776931341597721925e-01,5.573131352585840581e-01,5.425522748500072323e-01,5.244790838584462156e-01
6.585312517122661191e-01,6.316126308822748170e-01,6.157595685071627356e-01,5.934801382032439676e-01,5.777154795553800515e-01,5.571693433009230478e-01,5.422883825975483019e-01,5.240601181308212064e-01
6.591797404357749857e-01,6.320524687249432505e-01,6.160864490511183122e-01,5.936267676398830906e-01,5.777391790664417881e-01,5.570268316905147010e-01,5.420257411803276471e-01,5.236422598767985770e-01
6.598296293531902279e-01,6.324938190869968668e-01,6.164148562988626123e-01,5.937747809646886088e-01,5.777642277126765480e-01,5.568855960328878973e-01,5.417643468243262816e-01,5.232255080816573534e-01
6.604809206592727744e-01,6.329366831509101177e-01,6.167447867806473694e-01,5.939241743111443039e-01,5.777906205356819758e-01,5.567456319464300085e-01,5.415041957497382930e-01,5.228098617063013931e-01
6.611336165398676856e-01,6.333810620625367482e-01,6.170762370219480264e-01,5.940749438323270626e-01,5.778183526003111137e-01,5.566069350636637658e-01,5.412452841723437436e-01,5.223953196878859950e-01
6.617877191722746355e-01,6.338269569324584962e-01,6.174092035453830896e-01,5.942270857022112773e-01,5.778474189959769136e-01,5.564695010324639535e-01,5.409876083048317241e-01,5.219818809404339621e-01
6.624432307256088448e-01,6.342743688373004840e-01,6.177436828725615392e-01,5.943805961169050800e-01,5.778778148378879154e-01,5.563333255172138170e-01,5.407311643580742233e-01,5.215695443554417832e-01
6.631001533611530219e-01,6.347232988210128601e-01,6.180796715258587426e-01,5.945354712958185184e-01,5.779095352682150910e-01,5.561984041999040729e-01,5.404759485423521470e-01,5.211583088024756005e-01
6.637584892327015318e-01,6.351737478961192451e-01,6.184171660301248652e-01,5.946917074827692273e-01,5.779425754571944074e-01,5.560647327811768514e-01,5.402219570685353744e-01,5.207481731297562977e-01
6.644182404868939074e-01,6.356257170449327587e-01,6.187561629143263353e-01,5.948493009470255943e-01,5.779769306041682153e-01,5.559323069813176810e-01,5.399691861492177392e-01,5.203391361647350388e-01
6.650794092635425869e-01,6.360792072207412939e-01,6.190966587131231380e-01,5.950082479842906391e-01,5.780125959385663537e-01,5.558011225411949585e-01,5.397176319998077121e-01,5.199311967146590385e-01
6.657419976959516594e-01,6.365342193489618161e-01,6.194386499683833813e-01,5.951685449176297160e-01,5.780495667208287447e-01,5.556711752231495716e-01,5.394672908395786726e-01,5.195243535671274504e-01
6.664060079112271717e-01,6.369907543282656848e-01,6.197821332306381326e-01,5.953301880983428163e-01,5.780878382432731444e-01,5.555424608118375573e-01,5.392181588926772129e-01,5.191186054906377079e-01
6.670714420305807746e-01,6.374488130316738888e-01,6.201271050604761914e-01,5.954931739067838015e-01,5.781274058309114894e-01,5.554149751150271319e-01,5.389702323890911417e-01,5.187139512351224280e-01
6.677383021696255971e-01,6.379083963076240815e-01,6.204735620298824639e-01,5.956574987531303433e-01,5.781682648422126203e-01,5.552887139643510883e-01,5.387235075655794070e-01,5.183103895324762123e-01
6.684065904386646828e-01,6.383695049810110822e-01,6.208215007235220462e-01,5.958231590781035703e-01,5.782104106698169321e-01,5.551636732160156740e-01,5.384779806665638269e-01,5.179079190970742319e-01
6.690763089429722088e-01,6.388321398541985108e-01,6.211709177399695747e-01,5.959901513536419726e-01,5.782538387412050618e-01,5.550398487514699442e-01,5.382336479449859601e-01,5.175065386262810430e-01
6.697474597830694876e-01,6.392963017080058874e-01,6.215218096928868396e-01,5.961584720835306772e-01,5.782985445193197238e-01,5.549172364780343703e-01,5.379905056631273386e-01,5.171062468009500757e-01
6.704200450549921975e-01,6.397619913026691973e-01,6.218741732121503274e-01,5.963281178039865349e-01,5.783445235031453580e-01,5.547958323294913674e-01,5.377485500933956164e-01,5.167070422859152412e-01
6.710940668505515072e-01,6.402292093787756988e-01,6.222280049449306905e-01,5.964990850842025738e-01,5.783917712282452550e-01,5.546756322666406280e-01,5.375077775190784113e-01,5.163089237304728796e-01
6.717695272575899823e-01,6.406979566581761931e-01,6.225833015567235895e-01,5.966713705268522627e-01,5.784402832672590478e-01,5.545566322778175961e-01,5.372681842350637282e-01,5.159118897688553806e-01
6.724464283602304970e-01,6.411682338448725371e-01,6.229400597323354605e-01,5.968449707685561378e-01,5.784900552303617882e-01,5.544388283793781902e-01,5.370297665485305183e-01,5.155159390206960346e-01
6.731247722391187072e-01,6.416400416258806194e-01,6.232982761768254276e-01,5.970198824803117921e-01,5.785410827656860544e-01,5.543222166161518860e-01,5.367925207796087061e-01,5.151210700914855556e-01
6.738045609716611928e-01,6.421133806720720205e-01,6.236579476164043623e-01,5.971961023678891145e-01,5.785933615597095292e-01,5.542067930618623794e-01,5.365564432620086865e-01,5.147272815730200568e-01
6.744857966322559406e-01,6.425882516389941346e-01,6.240190707992918639e-01,5.973736271721911129e-01,5.786468873376082733e-01,5.540925538195182742e-01,5.363215303436235093e-01,5.143345720438414759e-01
6.751684812925178303e-01,6.430646551676671985e-01,6.243816424965333844e-01,5.975524536695830946e-01,5.787016558635776908e-01,5.539794950217753478e-01,5.360877783871041968e-01,5.139429400696695627e-01
6.758526170215000128e-01,6.435425918853610039e-01,6.247456595027778281e-01,5.977325786721908729e-01,5.787576629411224083e-01,5.538676128312702840e-01,5.358551837704071952e-01,5.135523842038249853e-01
6.765382058859079617e-01,6.440220624063514032e-01,6.251111186370180706e-01,5.979139990281698847e-01,5.788149044133167331e-01,5.537569034409283164e-01,5.356237428873161788e-01,5.131629029876455528e-01
6.772252499503104151e-01,6.445030673326566095e-01,6.254780167432961724e-01,5.980967116219454427e-01,5.788733761630361352e-01,5.536473630742445584e-01,5.353934521479392084e-01,5.127744949508946659e-01
6.779137512773433238e-01,6.449856072547532904e-01,6.258463506913708452e-01,5.982807133744268979e-01,5.789330741131619718e-01,5.535389879855403539e-01,5.351643079791816859e-01,5.123871586121621080e-01
6.786037119279090257e-01,6.454696827522736768e-01,6.262161173773528322e-01,5.984660012431954890e-01,5.789939942267608997e-01,5.534317744601974232e-01,5.349363068251965503e-01,5.120008924792566196e-01
6.792951339613726436e-01,6.459552943946854642e-01,6.265873137243067603e-01,5.986525722226659907e-01,5.790561325072388632e-01,5.533257188148680283e-01,5.347094451478103805e-01,5.116156950495913680e-01
6.799880194357519336e-01,6.464424427419521724e-01,6.269599366828209064e-01,5.988404233442271574e-01,5.791194849984698800e-01,5.532208173976628229e-01,5.344837194269281833e-01,5.112315648105622001e-01
6.806823704079028037e-01,6.469311283451766315e-01,6.273339832315472098e-01,5.990295516763590733e-01,5.791840477849038438e-01,5.531170665883194948e-01,5.342591261609170861e-01,5.108485002399184571e-01
6.813781889337007236e-01,6.474213517472270363e-01,6.277094503777095325e-01,5.992199543247281879e-01,5.792498169916525663e-01,5.530144627983507588e-01,5.340356618669692690e-01,5.104664998061272385e-01
6.820754770682183610e-01,6.479131134833454597e-01,6.280863351575853848e-01,5.994116284322622557e-01,5.793167887845549480e-01,5.529130024711720326e-01,5.338133230814459118e-01,5.100855619687302278e-01
6.827742368658972216e-01,6.484064140817409339e-01,6.284646346369587855e-01,5.996045711792047372e-01,5.793849593702224965e-01,5.528126820822116816e-01,5.335921063602003800e-01,5.097056851786934129e-01
6.834744703807162924e-01,6.489012540641664328e-01,6.288443459115454770e-01,5.997987797831522139e-01,5.794543249960640852e-01,5.527134981390041668e-01,5.333720082788833139e-01,5.093268678787495896e-01
6.841761796663581308e-01,6.493976339464799796e-01,6.292254661073940492e-01,5.999942514990734832e-01,5.795248819502951676e-01,5.526154471812657620e-01,5.331530254332309537e-01,5.089491085037350926e-01
6.848793667763678483e-01,6.498955542391903206e-01,6.296079923812608614e-01,6.001909836193106695e-01,5.795966265619300062e-01,5.525185257809533956e-01,5.329351544393349238e-01,5.085724054809198647e-01
6.855840337643104299e-01,6.503950154479885004e-01,6.299919219209613175e-01,6.003889734735651240e-01,5.796695552007556929e-01,5.524227305423090595e-01,5.327183919338948082e-01,5.081967572303301983e-01
6.862901826839231667e-01,6.508960180742641155e-01,6.303772519456972701e-01,6.005882184288683368e-01,5.797436642772912929e-01,5.523280581018897850e-01,5.325027345744557383e-01,5.078221621650655937e-01
6.869978155892654259e-01,6.513985626156081343e-01,6.307639797063626652e-01,6.007887158895377500e-01,5.798189502427333331e-01,5.522345051285824091e-01,5.322881790396297719e-01,5.074486186916093988e-01
6.877069345348653107e-01,6.519026495663023946e-01,6.311521024858272044e-01,6.009904632971178051e-01,5.798954095888865234e-01,5.521420683236059057e-01,5.320747220293022828e-01,5.070761252101328997e-01
6.884175415758607697e-01,6.524082794177945566e-01,6.315416175991986902e-01,6.011934581303098879e-01,5.799730388480802690e-01,5.520507444204997283e-01,5.318623602648226978e-01,5.067046801147934154e-01
6.891296387681387081e-01,6.529154526591602892e-01,6.319325223940661651e-01,6.013976979048887284e-01,5.800518345930741893e-01,5.519605301851009393e-01,5.316510904891823541e-01,5.063342817940265084e-01
6.898432281684706568e-01,6.534241697775533542e-01,6.323248142507227332e-01,6.016031801736055895e-01,5.801317934369504270e-01,5.518714224155101267e-01,5.314409094671792566e-01,5.059649286308317562e-01
6.905583118346447780e-01,6.539344312586430341e-01,6.327184905823698413e-01,6.018099025260825741e-01,5.802129120329945211e-01,5.517834179420444407e-01,5.312318139855678467e-01,5.055966190030535268e-01
6.912748918255955388e-01,6.544462375870391257e-01,6.331135488353043517e-01,6.020178625886962731e-01,5.802951870745660656e-01,5.516965136271809733e-01,5.310238008531974474e-01,5.052293512836554257e-01
6.919929702015296114e-01,6.549595892467052760e-01,6.335099864890868515e-01,6.022270580244493132e-01,5.803786152949592658e-01,5.516107063654908105e-01,5.308168669011379404e-01,5.048631238409889699e-01
6.927125490240488848e-01,6.554744867213612158e-01,6.339078010566936427e-01,6.024374865328335771e-01,5.804631934672537241e-01,5.515259930835623159e-01,5.306110089827938969e-01,5.044979350390564887e-01
6.934336303562708137e-01,6.559909304948735587e-01,6.343069900846540765e-01,6.026491458496856524e-01,5.805489184041551232e-01,5.514423707399153107e-01,5.304062239740072737e-01,5.041337832377696948e-01
6.941562162629454358e-01,6.565089210516352747e-01,6.347075511531709013e-01,6.028620337470326218e-01,5.806357869578282482e-01,5.513598363249071488e-01,5.302025087731491171e-01,5.037706667932021487e-01
6.948803088105695025e-01,6.570284588769347289e-01,6.351094818762256233e-01,6.030761480329293045e-01,5.807237960197226823e-01,5.512783868606309090e-01,5.299998603012011644e-01,5.034085840578358395e-01
6.956059100674979456e-01,6.575495444573148385e-01,6.355127799016702106e-01,6.032914865512898350e-01,5.808129425203885088e-01,5.511980194008048173e-01,5.297982755018264545e-01,5.030475333808035465e-01
6.963330221040544554e-01,6.580721782809220155e-01,6.359174429113046978e-01,6.035080471817116932e-01,5.809032234292865748e-01,5.511187310306547849e-01,5.295977513414302784e-01,5.026875131081248727e-01
6.970616469926373959e-01,6.585963608378444523e-01,6.363234686209420232e-01,6.037258278392924060e-01,5.809946357545927587e-01,5.510405188667899523e-01,5.293982848092126936e-01,5.023285215829389472e-01
6.977917868078225005e-01,6.591220926204413022e-01,6.367308547804596541e-01,6.039448264744402550e-01,5.810871765429934666e-01,5.509633800570715723e-01,5.291998729172110449e-01,5.019705571457310223e-01
6.985234436264653457e-01,6.596493741236626462e-01,6.371395991738391107e-01,6.041650410726802090e-01,5.811808428794763559e-01,5.508873117804752306e-01,5.290025127003337158e-01,5.016136181345538514e-01
6.992566195278002716e-01,6.601782058453605773e-01,6.375496996191934995e-01,6.043864696544543058e-01,5.812756318871163952e-01,5.508123112469475169e-01,5.288062012163862180e-01,5.012577028852454042e-01
6.999913165935365278e-01,6.607085882865911808e-01,6.379611539687841670e-01,6.046091102749162616e-01,5.813715407268557067e-01,5.507383756972580313e-01,5.286109355460886228e-01,5.009028097316406969e-01
7.007275369079530858e-01,6.612405219519074118e-01,6.383739601090268057e-01,6.048329610237221932e-01,5.814685665972784134e-01,5.506655024028445089e-01,5.284167127930852192e-01,5.005489370057795151e-01
7.014652825579906770e-01,6.617740073496435338e-01,6.387881159604870129e-01,6.050580200248170115e-01,5.815667067343822660e-01,5.505936886656536133e-01,5.282235300839471792e-01,5.001960830381102507e-01
7.022045556333416094e-01,6.623090449921922307e-01,6.392036194778651925e-01,6.052842854362172620e-01,5.816659584113446080e-01,5.505229318179776232e-01,5.280313845681678941e-01,4.998442461576883544e-01
7.029453582265373646e-01,6.628456353962736136e-01,6.396204686499727954e-01,6.055117554497894128e-01,5.817663189382850097e-01,5.504532292222863443e-01,5.278402734181509848e-01,4.994934246923704579e-01
7.036876924330346394e-01,6.633837790831951242e-01,6.400386614996994572e-01,6.057404282910253679e-01,5.818677856620249056e-01,5.503845782710549139e-01,5.276501938291924265e-01,4.991436169690042779e-01
7.044315603512986135e-01,6.639234765791049986e-01,6.404581960839709209e-01,6.059703022188149824e-01,5.819703559658435665e-01,5.503169763865879416e-01,5.274611430194564576e-01,4.987948213136147446e-01
7.051769640828839947e-01,6.644647284152379596e-01,6.408790704936991878e-01,6.062013755252160241e-01,5.820740272692308537e-01,5.502504210208400970e-01,5.272731182299442709e-01,4.984470360515852461e-01
7.059239057325159550e-01,6.650075351281539149e-01,6.413012828537245635e-01,6.064336465352221373e-01,5.821787970276376400e-01,5.501849096552333673e-01,5.270861167244579315e-01,4.981002595078350415e-01
7.066723874081667356e-01,6.655518972599695493e-01,6.417248313227498224e-01,6.066671136065268088e-01,5.822846627322240121e-01,5.501204398004715390e-01,5.269001357895589654e-01,4.977544900069933997e-01
7.074224112211318083e-01,6.660978153585832562e-01,6.421497140932669323e-01,6.069017751292868912e-01,5.823916219096041402e-01,5.500570089963514597e-01,5.267151727345207313e-01,4.974097258735681315e-01
7.081739792861045935e-01,6.666452899778931851e-01,6.425759293914775627e-01,6.071376295258841260e-01,5.824996721215899287e-01,5.499946148115719691e-01,5.265312248912757953e-01,4.970659654321113452e-01
7.089270937212477364e-01,6.671943216780084063e-01,6.430034754772070427e-01,6.073746752506851143e-01,5.826088109649335545e-01,5.499332548435399426e-01,5.263482896143591994e-01,4.967232070073817618e-01
7.096817566482639394e-01,6.677449110254545239e-01,6.434323506438112128e-01,6.076129107898001758e-01,5.827190360710668982e-01,5.498729267181746705e-01,5.261663642808471764e-01,4.963814489245023664e-01
7.104379701924654622e-01,6.682970585933729613e-01,6.438625532180776156e-01,6.078523346608398770e-01,5.828303451058409745e-01,5.498136280897106820e-01,5.259854462902900929e-01,4.960406895091146739e-01
7.111957364828407346e-01,6.688507649617139172e-01,6.442940815601213567e-01,6.080929454126717815e-01,5.829427357692638090e-01,5.497553566404974612e-01,5.258055330646419501e-01,4.957009270875296636e-01
7.119550576521195273e-01,6.694060307174237723e-01,6.447269340632748591e-01,6.083347416251773110e-01,5.830562057952370925e-01,5.496981100807987186e-01,5.256266220481865536e-01,4.953621599868747172e-01
7.127159358368380104e-01,6.699628564546268317e-01,6.451611091539735110e-01,6.085777219090062751e-01,5.831707529512919486e-01,5.496418861485893315e-01,5.254487107074589103e-01,4.950243865352371708e-01
7.134783731774003712e-01,6.705212427748012960e-01,6.455966052916355391e-01,6.088218849053311788e-01,5.832863750383242563e-01,5.495866826093517288e-01,5.252717965311628490e-01,4.946876050618048692e-01
7.142423718181402092e-01,6.710811902869501244e-01,6.460334209685369977e-01,6.090672292856034176e-01,5.834030698903297507e-01,5.495324972558707222e-01,5.250958770300855338e-01,4.943518138970032227e-01
7.150079339073801554e-01,6.716426996077670131e-01,6.464715547096842041e-01,6.093137537513072521e-01,5.835208353741383469e-01,5.494793279080270043e-01,5.249209497370092015e-01,4.940170113726283230e-01
7.157750615974896036e-01,6.722057713617964891e-01,6.469110050726797345e-01,6.095614570337133387e-01,5.836396693891495735e-01,5.494271724125907586e-01,5.247470122066191234e-01,4.936831958219776162e-01
7.165437570449413318e-01,6.727704061815888981e-01,6.473517706475850897e-01,6.098103378936345909e-01,5.837595698670664524e-01,5.493760286430142692e-01,5.245740620154080158e-01,4.933503655799770793e-01
7.173140224103666807e-01,6.733366047078522820e-01,6.477938500567815838e-01,6.100603951211823750e-01,5.838805347716291561e-01,5.493258944992230886e-01,5.244020967615784512e-01,4.930185189833048987e-01
7.180858598586102870e-01,6.739043675895979302e-01,6.482372419548253495e-01,6.103116275355205955e-01,5.840025620983501087e-01,5.492767679074072040e-01,5.242311140649429380e-01,4.926876543705129841e-01
7.188592715587820425e-01,6.744736954842812660e-01,6.486819450282997890e-01,6.105640339846221121e-01,5.841256498742501968e-01,5.492286468198126492e-01,5.240611115668205588e-01,4.923577700821448189e-01
7.196342596843086081e-01,6.750445890579399588e-01,6.491279579956659163e-01,6.108176133450272660e-01,5.842497961575933152e-01,5.491815292145322269e-01,5.238920869299310556e-01,4.920288644608505346e-01
7.204108264129833739e-01,6.756170489853261518e-01,6.495752796071087021e-01,6.110723645216002975e-01,5.843749990376226888e-01,5.491354130952960100e-01,5.237240378382873596e-01,4.917009358514989881e-01
7.211889739270155308e-01,6.761910759500346924e-01,6.500239086443808656e-01,6.113282864472880940e-01,5.845012566342979721e-01,5.490902964912618422e-01,5.235569619970864563e-01,4.913739826012867851e-01
7.219687044130781439e-01,6.767666706446272551e-01,6.504738439206453338e-01,6.115853780828807151e-01,5.846285670980317928e-01,5.490461774568061726e-01,5.233908571325974757e-01,4.910480030598455836e-01
7.227500200623548920e-01,6.773438337707539114e-01,6.509250842803138148e-01,6.118436384167720288e-01,5.847569286094297381e-01,5.490030540713149998e-01,5.232257209920470054e-01,4.907229955793452891e-01
7.235329230705845882e-01,6.779225660392699249e-01,6.513776285988834847e-01,6.121030664647213460e-01,5.848863393790298959e-01,5.489609244389757059e-01,5.230615513435042940e-01,4.903989585145956953e-01
7.243174156381051443e-01,6.785028681703472175e-01,6.518314757827727846e-01,6.123636612696166104e-01,5.850167976470423969e-01,5.489197866885683341e-01,5.228983459757643448e-01,4.900758902231450720e-01
7.251034999698988681e-01,6.790847408935846152e-01,6.522866247691543329e-01,6.126254219012395863e-01,5.851483016830910655e-01,5.488796389732575332e-01,5.227361026982290104e-01,4.897537890653751447e-01
7.258911782756334308e-01,6.796681849481128745e-01,6.527430745257861711e-01,6.128883474560311573e-01,5.852808497859570691e-01,5.488404794703851675e-01,5.225748193407868669e-01,4.894326534045957411e-01
7.266804527697023897e-01,6.802532010826979336e-01,6.532008240508424546e-01,6.131524370568595117e-01,5.854144402833224570e-01,5.488023063812635938e-01,5.224144937536917555e-01,4.891124816071353854e-01
7.274713256712657117e-01,6.808397900558390559e-01,6.536598723727414795e-01,6.134176898527889943e-01,5.855490715315155859e-01,5.487651179309698257e-01,5.222551238074405466e-01,4.887932720424296162e-01
7.282637992042897412e-01,6.814279526358644201e-01,6.541202185499727095e-01,6.136841050188508451e-01,5.856847419152587664e-01,5.487289123681399206e-01,5.220967073926487956e-01,4.884750230831072515e-01
7.290578755975847258e-01,6.820176896010240464e-01,6.545818616709232485e-01,6.139516817558156037e-01,5.858214498474162424e-01,5.486936879647649201e-01,5.219392424199262859e-01,4.881577331050742097e-01
7.298535570848417864e-01,6.826090017395787246e-01,6.550448008537036459e-01,6.142204192899664017e-01,5.859591937687439467e-01,5.486594430159869029e-01,5.217827268197513524e-01,4.878414004875951671e-01
7.306508459046699988e-01,6.832018898498869452e-01,6.555090352459712610e-01,6.144903168728760301e-01,5.860979721476405890e-01,5.486261758398961463e-01,5.216271585423438717e-01,4.875260236133731051e-01
7.314497443006313659e-01,6.837963547404879439e-01,6.559745640247529597e-01,6.147613737811838952e-01,5.862377834799016307e-01,5.485938847773293991e-01,5.214725355575381416e-01,4.872116008686262489e-01
7.322502545212751235e-01,6.843923972301828584e-01,6.564413863962700324e-01,6.150335893163751955e-01,5.863786262884737033e-01,5.485625681916690422e-01,5.213188558546546503e-01,4.868981306431629519e-01
7.330523788201717128e-01,6.849900181481123340e-01,6.569095015957586714e-01,6.153069628045633177e-01,5.865204991232110254e-01,5.485322244686445803e-01,5.211661174423714016e-01,4.865856113304550812e-01
7.338561194559459766e-01,6.855892183338320178e-01,6.573789088872918907e-01,6.155814935962723444e-01,5.866634005606339297e-01,5.485028520161330245e-01,5.210143183485944629e-01,4.862740413277081841e-01
7.346614786923086893e-01,6.861899986373855009e-01,6.578496075636017792e-01,6.158571810662226698e-01,5.868073292036882771e-01,5.484744492639618274e-01,5.208634566203279581e-01,4.859634190359303219e-01
7.354684587980879762e-01,6.867923599193745954e-01,6.583215969458990902e-01,6.161340246131186138e-01,5.869522836815083133e-01,5.484470146637134835e-01,5.207135303235443935e-01,4.856537428599994599e-01
7.362770620472596228e-01,6.873963030510269467e-01,6.587948763836958266e-01,6.164120236594375912e-01,5.870982626491803025e-01,5.484205466885299085e-01,5.205645375430538735e-01,4.853450112087278612e-01
7.370872907189771617e-01,6.880018289142616483e-01,6.592694452546258299e-01,6.166911776512216115e-01,5.872452647875073817e-01,5.483950438329197041e-01,5.204164763823728723e-01,4.850372224949252575e-01
7.378991470976001832e-01,6.886089384017520798e-01,6.597453029642642575e-01,6.169714860578700000e-01,5.873932888027779686e-01,5.483705046125650906e-01,5.202693449635937828e-01,4.847303751354602452e-01
7.387126334727228683e-01,6.892176324169875246e-01,6.602224489459497248e-01,6.172529483719362275e-01,5.875423334265350572e-01,5.483469275641315033e-01,5.201231414272530218e-01,4.844244675513189602e-01
7.395277521392016329e-01,6.898279118743319005e-01,6.607008826606054486e-01,6.175355641089252945e-01,5.876923974153477337e-01,5.483243112450788548e-01,5.199778639322000240e-01,4.841194981676629205e-01
7.403445053971815515e-01,6.904397776990801594e-01,6.611806035965596129e-01,6.178193328070936685e-01,5.878434795505850241e-01,5.483026542334726861e-01,5.198335106554662355e-01,4.838154654138852595e-01
7.411628955521223361e-01,6.910532308275131319e-01,6.616616112693679552e-01,6.181042540272512209e-01,5.879955786381914074e-01,5.482819551277976489e-01,5.196900797921329973e-01,4.835123677236643491e-01
7.419829249148242045e-01,6.916682722069505962e-01,6.621439052216357979e-01,6.183903273525653832e-01,5.881486935084639933e-01,5.482622125467727647e-01,5.195475695552003170e-01,4.832102035350158142e-01
7.428045958014525274e-01,6.922849027958023482e-01,6.626274850228395241e-01,6.186775523883685235e-01,5.883028230158328098e-01,5.482434251291681271e-01,5.194059781754557514e-01,4.829089712903438247e-01
7.436279105335620310e-01,6.929031235636167185e-01,6.631123502691502747e-01,6.189659287619660999e-01,5.884579660386425326e-01,5.482255915336223806e-01,5.192653039013430671e-01,4.826086694364900009e-01
7.444528714381202228e-01,6.935229354911283117e-01,6.635985005832576444e-01,6.192554561224470344e-01,5.886141214789358811e-01,5.482087104384618659e-01,5.191255449988317894e-01,4.823092964247810976e-01
7.452794808475295962e-01,6.941443395703031927e-01,6.640859356141929348e-01,6.195461341404976396e-01,5.887712882622399002e-01,5.481927805415224286e-01,5.189866997512864177e-01,4.820108507110755225e-01
7.461077410996507231e-01,6.947673368043830733e-01,6.645746550371546268e-01,6.198379625082169886e-01,5.889294653373540189e-01,5.481778005599712289e-01,5.188487664593350868e-01,4.817133307558071342e-01
7.469376545378240140e-01,6.953919282079278341e-01,6.650646585533341870e-01,6.201309409389346161e-01,5.890886516761401070e-01,5.481637692301313258e-01,5.187117434407396699e-01,4.814167350240281529e-01
7.477692235108907015e-01,6.960181148068563806e-01,6.655559458897422065e-01,6.204250691670304407e-01,5.892488462733151966e-01,5.481506853073078167e-01,5.185756290302664384e-01,4.811210619854510706e-01
7.486024503732130464e-01,6.966458976384853896e-01,6.660485167990352062e-01,6.207203469477562408e-01,5.894100481462462016e-01,5.481385475656146422e-01,5.184404215795567206e-01,4.808263101144892304e-01
7.494373374846945435e-01,6.972752777515667244e-01,6.665423710593435525e-01,6.210167740570604611e-01,5.895722563347456369e-01,5.481273547978036120e-01,5.183061194569974495e-01,4.805324778902956284e-01
7.502738872107999057e-01,6.979062562063252928e-01,6.670375084741014815e-01,6.213143502914155736e-01,5.897354699008704459e-01,5.481171058150954289e-01,5.181727210475925993e-01,4.802395637967997732e-01
7.511121019225729389e-01,6.985388340744930202e-01,6.675339288718763475e-01,6.216130754676467696e-01,5.898996879287233819e-01,5.481077994470119341e-01,5.180402247528349546e-01,4.799475663227441014e-01
7.519519839966557484e-01,6.991730124393421564e-01,6.680316321061993134e-01,6.219129494227625399e-01,5.900649095242564979e-01,5.480994345412092406e-01,5.179086289905789897e-01,4.796564839617191711e-01
7.527935358153073908e-01,6.998087923957191370e-01,6.685306180553980404e-01,6.222139720137886965e-01,5.902311338150750819e-01,5.480920099633137532e-01,5.177779321949134150e-01,4.793663152121968585e-01
7.536367597664196394e-01,7.004461750500747819e-01,6.690308866224293771e-01,6.225161431176039484e-01,5.903983599502460322e-01,5.480855245967599654e-01,5.176481328160343898e-01,4.790770585775628310e-01
7.544816582435347474e-01,7.010851615204946041e-01,6.695324377347136036e-01,6.228194626307785864e-01,5.905665871001074541e-01,5.480799773426289212e-01,5.175192293201202887e-01,4.787887125661478005e-01
7.553282336458626567e-01,7.017257529367277868e-01,6.700352713439702290e-01,6.231239304694141667e-01,5.907358144560798108e-01,5.480753671194887877e-01,5.173912201892054696e-01,4.785012756912573328e-01
7.561764883782958746e-01,7.023679504402142726e-01,6.705393874260537901e-01,6.234295465689853044e-01,5.909060412304801835e-01,5.480716928632368701e-01,5.172641039210564839e-01,4.782147464712009910e-01
7.570264248514253502e-01,7.030117551841125190e-01,6.710447859807923132e-01,6.237363108841847970e-01,5.910772666563378630e-01,5.480689535269436252e-01,5.171378790290475091e-01,4.779291234293197577e-01
7.578780454815563505e-01,7.036571683333255889e-01,6.715514670318264434e-01,6.240442233887713019e-01,5.912494899872127174e-01,5.480671480806985629e-01,5.170125440420365592e-01,4.776444050940124586e-01
7.587313526907222272e-01,7.043041910645247983e-01,6.720594306264487949e-01,6.243532840754187907e-01,5.914227104970152249e-01,5.480662755114571461e-01,5.168880975042439152e-01,4.773605899987618528e-01
7.595863489066991825e-01,7.049528245661738080e-01,6.725686768354462997e-01,6.246634929555665572e-01,5.915969274798288380e-01,5.480663348228898002e-01,5.167645379751296675e-01,4.770776766821585579e-01
7.604430365630204802e-01,7.056030700385518273e-01,6.730792057529435546e-01,6.249748500592734457e-01,5.917721402497350125e-01,5.480673250352324777e-01,5.166418640292719244e-01,4.767956636879241983e-01
7.613014180989887691e-01,7.062549286937752635e-01,6.735910174962463914e-01,6.252873554350741880e-01,5.919483481406397907e-01,5.480692451851392200e-01,5.165200742562467973e-01,4.765145495649346641e-01
7.621614959596898498e-01,7.069084017558197042e-01,6.741041122056872226e-01,6.256010091498367398e-01,5.921255505061021607e-01,5.480720943255359412e-01,5.163991672605089400e-01,4.762343328672410947e-01
7.630232725960057749e-01,7.075634904605400122e-01,6.746184900444730514e-01,6.259158112886232805e-01,5.923037467191646366e-01,5.480758715254758773e-01,5.162791416612722006e-01,4.759550121540904177e-01
7.638867504646267292e-01,7.082201960556896436e-01,6.751341511985334831e-01,6.262317619545523240e-01,5.924829361721868359e-01,5.480805758699967001e-01,5.161599960923917152e-01,4.756765859899447224e-01
7.647519320280625754e-01,7.088785198009398547e-01,6.756510958763704000e-01,6.265488612686623826e-01,5.926631182766810557e-01,5.480862064599800743e-01,5.160417292022464464e-01,4.753990529444999669e-01
7.656188197546540675e-01,7.095384629678973543e-01,6.761693243089095251e-01,6.268671093697791852e-01,5.928442924631486255e-01,5.480927624120119912e-01,5.159243396536227211e-01,4.751224115927040192e-01
7.664874161185853962e-01,7.102000268401222893e-01,6.766888367493528733e-01,6.271865064143853363e-01,5.930264581809189250e-01,5.481002428582448793e-01,5.158078261235984341e-01,4.748466605147727004e-01
7.673577235998942925e-01,7.108632127131454537e-01,6.772096334730334233e-01,6.275070525764907536e-01,5.932096148979906225e-01,5.481086469462616018e-01,5.156921873034280290e-01,4.745717982962066595e-01
7.682297446844820188e-01,7.115280218944843860e-01,6.777317147772710104e-01,6.278287480475054361e-01,5.933937621008757990e-01,5.481179738389408973e-01,5.155774218984291446e-01,4.742978235278062504e-01
7.691034818641239168e-01,7.121944557036585799e-01,6.782550809812291082e-01,6.281515930361148969e-01,5.935788992944451836e-01,5.481282227143249308e-01,5.154635286278692607e-01,4.740247348056854659e-01
7.699789376364792881e-01,7.128625154722050272e-01,6.787797324257736076e-01,6.284755877681573732e-01,5.937650260017747206e-01,5.481393927654876208e-01,5.153505062248530111e-01,4.737525307312857592e-01
7.708561145051016084e-01,7.135322025436933169e-01,6.793056694733337064e-01,6.288007324865039216e-01,5.939521417639961332e-01,5.481514832004051874e-01,5.152383534362113826e-01,4.734812099113889228e-01
7.717350149794460767e-01,7.142035182737386245e-01,6.798328925077634644e-01,6.291270274509390692e-01,5.941402461401478208e-01,5.481644932418282545e-01,5.151270690223910265e-01,4.732107709581291899e-01
7.726156415748786088e-01,7.148764640300158124e-01,6.803614019342048014e-01,6.294544729380443515e-01,5.943293387070280875e-01,5.481784221271556179e-01,5.150166517573441238e-01,4.729412124890040592e-01
7.734979968126856065e-01,7.155510411922733072e-01,6.808911981789528278e-01,6.297830692410846254e-01,5.945194190590509242e-01,5.481932691083095666e-01,5.149071004284203612e-01,4.726725331268851193e-01
7.743820832200815074e-01,7.162272511523447571e-01,6.814222816893221735e-01,6.301128166698947153e-01,5.947104868081033446e-01,5.482090334516124264e-01,5.147984138362594608e-01,4.724047315000284297e-01
7.752679033302164457e-01,7.169050953141620219e-01,6.819546529335156482e-01,6.304437155507697232e-01,5.949025415834046093e-01,5.482257144376652125e-01,5.146905907946837111e-01,4.721378062420830135e-01
7.761554596821844676e-01,7.175845750937671630e-01,6.824883124004937907e-01,6.307757662263564491e-01,5.950955830313675587e-01,5.482433113612272813e-01,5.145836301305919402e-01,4.718717559920989069e-01
7.770447548210304145e-01,7.182656919193232126e-01,6.830232605998453055e-01,6.311089690555469200e-01,5.952896108154624999e-01,5.482618235310985355e-01,5.144775306838549334e-01,4.716065793945359297e-01
7.779357912977572509e-01,7.189484472311270524e-01,6.835594980616608307e-01,6.314433244133744738e-01,5.954846246160816481e-01,5.482812502700018520e-01,5.143722913072107383e-01,4.713422750992706245e-01
7.788285716693322813e-01,7.196328424816195168e-01,6.840970253364073717e-01,6.317788326909108410e-01,5.956806241304063443e-01,5.483015909144683953e-01,5.142679108661621923e-01,4.710788417616028623e-01
7.797230984986938118e-01,7.203188791353949405e-01,6.846358429948037339e-01,6.321154942951657807e-01,5.958776090722769370e-01,5.483228448147238199e-01,5.141643882388748921e-01,4.708162780422618376e-01
7.806193743547581443e-01,7.210065586692133710e-01,6.851759516276988426e-01,6.324533096489891593e-01,5.960755791720626640e-01,5.483450113345752497e-01,5.140617223160747207e-01,4.705545826074108984e-01
7.815174018124245725e-01,7.216958825720100057e-01,6.857173518459510619e-01,6.327922791909732503e-01,5.962745341765346430e-01,5.483680898513013657e-01,5.139599120009482602e-01,4.702937541286532075e-01
7.824171834525812663e-01,7.223868523449048507e-01,6.862600442803082901e-01,6.331324033753580327e-01,5.964744738487415265e-01,5.483920797555429383e-01,5.138589562090435381e-01,4.700337912830357401e-01
7.833187218621114889e-01,7.230794695012132678e-01,6.868040295812914975e-01,6.334736826719400415e-01,5.966753979678842690e-01,5.484169804511952462e-01,5.137588538681715500e-01,4.697746927530527805e-01
7.842220196338979266e-01,7.237737355664546346e-01,6.873493084190787084e-01,6.338161175659799973e-01,5.968773063291953340e-01,5.484427913553013845e-01,5.136596039183083384e-01,4.695164572266490866e-01
7.851270793668276848e-01,7.244696520783616700e-01,6.878958814833900925e-01,6.341597085581136550e-01,5.970801987438196790e-01,5.484695118979479034e-01,5.135612053114982922e-01,4.692590833972228315e-01
7.860339036657972844e-01,7.251672205868908705e-01,6.884437494833764992e-01,6.345044561642662062e-01,5.972840750386954056e-01,5.484971415221616686e-01,5.134636570117590004e-01,4.690025699636277690e-01
7.869424951417167691e-01,7.258664426542305037e-01,6.889929131475073243e-01,6.348503609155653482e-01,5.974889350564382973e-01,5.485256796838081650e-01,5.133669579949864392e-01,4.687469156301746209e-01
7.878528564115143684e-01,7.265673198548094902e-01,6.895433732234617086e-01,6.351974233582582396e-01,5.976947786552272435e-01,5.485551258514905770e-01,5.132711072488611581e-01,4.684921191066326873e-01
7.887649900981399398e-01,7.272698537753070624e-01,6.900951304780216233e-01,6.355456440536307872e-01,5.979016057086915525e-01,5.485854795064510903e-01,5.131761037727553543e-01,4.682381791082302902e-01
7.896788988305697421e-01,7.279740460146609804e-01,6.906481856969642896e-01,6.358950235779262661e-01,5.981094161058004843e-01,5.486167401424739687e-01,5.130819465776409460e-01,4.679850943556548293e-01
7.905945852438088783e-01,7.286798981840766354e-01,6.912025396849582615e-01,6.362455625222677158e-01,5.983182097507531161e-01,5.486489072657888544e-01,5.129886346859993118e-01,4.677328635750531705e-01
7.915120519788947373e-01,7.293874119070352657e-01,6.917581932654612853e-01,6.365972614925822226e-01,5.985279865628714280e-01,5.486819803949762875e-01,5.128961671317304738e-01,4.674814854980307577e-01
7.924313016829006573e-01,7.300965888193030606e-01,6.923151472806183815e-01,6.369501211095260906e-01,5.987387464764949430e-01,5.487159590608747806e-01,5.128045429600640581e-01,4.672309588616507248e-01
7.933523370089381466e-01,7.308074305689398198e-01,6.928734025911625904e-01,6.373041420084121222e-01,5.989504894408762548e-01,5.487508428064885591e-01,5.127137612274719203e-01,4.669812824084323966e-01
7.942751606161592148e-01,7.315199388163068361e-01,6.934329600763169399e-01,6.376593248391388968e-01,5.991632154200792204e-01,5.487866311868969671e-01,5.126238210015803265e-01,4.667324548863498457e-01
7.951997751697594818e-01,7.322341152340763326e-01,6.939938206336976334e-01,6.380156702661207158e-01,5.993769243928779300e-01,5.488233237691663158e-01,5.125347213610843555e-01,4.664844750488293390e-01
7.961261833409808419e-01,7.329499615072398999e-01,6.945559851792200146e-01,6.383731789682199897e-01,5.995916163526576748e-01,5.488609201322610653e-01,5.124464613956618564e-01,4.662373416547465621e-01
7.970543878071122412e-01,7.336674793331168232e-01,6.951194546470048641e-01,6.387318516386818468e-01,5.998072913073184687e-01,5.488994198669576718e-01,5.123590402058890714e-01,4.659910534684243988e-01
7.979843912514923421e-01,7.343866704213639629e-01,6.956842299892875836e-01,6.390916889850706273e-01,6.000239492791779039e-01,5.489388225757599882e-01,5.122724569031580355e-01,4.657456092596292119e-01
7.989161963635104113e-01,7.351075364939831935e-01,6.962503121763276015e-01,6.394526917292061574e-01,6.002415903048783363e-01,5.489791278728151092e-01,5.121867106095934208e-01,4.655010078035676790e-01
7.998498058386082077e-01,7.358300792853307293e-01,6.968177021963202211e-01,6.398148606071031308e-01,6.004602144352947368e-01,5.490203353838312150e-01,5.121018004579707128e-01,4.652572478808824075e-01
8.007852223782816470e-01,7.365543005421273381e-01,6.973864010553106896e-01,6.401781963689124888e-01,6.006798217354427649e-01,5.490624447459959701e-01,5.120177255916359416e-01,4.650143282776478260e-01
8.017224486900811353e-01,7.372802020234658915e-01,6.979564097771077114e-01,6.405426997788626897e-01,6.009004122843902840e-01,5.491054556078975857e-01,5.119344851644257455e-01,4.647722477853656886e-01
8.026614874876116801e-01,7.380077855008209120e-01,6.985277294032011808e-01,6.409083716152051968e-01,6.011219861751693205e-01,5.491493676294454396e-01,5.118520783405884345e-01,4.645310052009601898e-01
8.036023414905343332e-01,7.387370527580587876e-01,6.991003609926802476e-01,6.412752126701600774e-01,6.013445435146902440e-01,5.491941804817931372e-01,5.117705042947062744e-01,4.642905993267733566e-01
8.045450134245670792e-01,7.394680055914460981e-01,6.996743056221520485e-01,6.416432237498624902e-01,6.015680844236573899e-01,5.492398938472625725e-01,5.116897622116179933e-01,4.640510289705589431e-01
8.054895060214837255e-01,7.402006458096601627e-01,7.002495643856635477e-01,6.420124056743115037e-01,6.017926090364863478e-01,5.492865074192692099e-01,5.116098512863429537e-01,4.638122929454769339e-01
8.064358220191151227e-01,7.409349752337991424e-01,7.008261383946243761e-01,6.423827592773212469e-01,6.020181175012218056e-01,5.493340209022488096e-01,5.115307707240054347e-01,4.635743900700877718e-01
8.073839641613486107e-01,7.416709956973910334e-01,7.014040287777313365e-01,6.427542854064729472e-01,6.022446099794576124e-01,5.493824340115838201e-01,5.114525197397608025e-01,4.633373191683458625e-01
8.083339351981272403e-01,7.424087090464045469e-01,7.019832366808945734e-01,6.431269849230679680e-01,6.024720866462593971e-01,5.494317464735340995e-01,5.113750975587220138e-01,4.631010790695934132e-01
8.092857378854497741e-01,7.431481171392591012e-01,7.025637632671647426e-01,6.435008587020832893e-01,6.027005476900866299e-01,5.494819580251669722e-01,5.112985034158863407e-01,4.628656686085536043e-01
8.102393749853695759e-01,7.438892218468362572e-01,7.031456097166624009e-01,6.438759076321286523e-01,6.029299933127171274e-01,5.495330684142871736e-01,5.112227365560639836e-01,4.626310866253233733e-01
8.111948492659940557e-01,7.446320250524897100e-01,7.037287772265086172e-01,6.442521326154048156e-01,6.031604237291742221e-01,5.495850773993705696e-01,5.111477962338073500e-01,4.623973319653670311e-01
8.121521635014834484e-01,7.453765286520566136e-01,7.043132670107571380e-01,6.446295345676623656e-01,6.033918391676532655e-01,5.496379847494974324e-01,5.110736817133407772e-01,4.621644034795085454e-01
8.131113204720493703e-01,7.461227345538693490e-01,7.048990803003285510e-01,6.450081144181634141e-01,6.036242398694510181e-01,5.496917902442874926e-01,5.110003922684916988e-01,4.619323000239236032e-01
8.140723229639537095e-01,7.468706446787667375e-01,7.054862183429452260e-01,6.453878731096452936e-01,6.038576260888959268e-01,5.497464936738361008e-01,5.109279271826220326e-01,4.617010204601322276e-01
8.150351737695067378e-01,7.476202609601056981e-01,7.060746824030684765e-01,6.457688115982834764e-01,6.040919980932799582e-01,5.498020948386515006e-01,5.108562857485607900e-01,4.614705636549905621e-01
8.159998756870650016e-01,7.483715853437733490e-01,7.066644737618367200e-01,6.461509308536586005e-01,6.043273561627918733e-01,5.498585935495934329e-01,5.107854672685379072e-01,4.612409284806830989e-01
8.169664315210294347e-01,7.491246197882001079e-01,7.072555937170058593e-01,6.465342318587228299e-01,6.045637005904513916e-01,5.499159896278119630e-01,5.107154710541178533e-01,4.610121138147142972e-01
8.179348440818441368e-01,7.498793662643719049e-01,7.078480435828905515e-01,6.469187156097685465e-01,6.048010316820457977e-01,5.499742829046888604e-01,5.106462964261349047e-01,4.607841185398994233e-01
8.189051161859937089e-01,7.506358267558428388e-01,7.084418246903070315e-01,6.473043831163991513e-01,6.050393497560674350e-01,5.500334732217795342e-01,5.105779427146296401e-01,4.605569415443566683e-01
8.198772506560001450e-01,7.513940032587490547e-01,7.090369383865180453e-01,6.476912354014998652e-01,6.052786551436520890e-01,5.500935604307548576e-01,5.105104092587852138e-01,4.603305817214981555e-01
8.208512503204198341e-01,7.521538977818224003e-01,7.096333860351787814e-01,6.480792735012120831e-01,6.055189481885190350e-01,5.501545443933455459e-01,5.104436954068645171e-01,4.601050379700203363e-01
8.218271180138411180e-01,7.529155123464036370e-01,7.102311690162842472e-01,6.484684984649066175e-01,6.057602292469133065e-01,5.502164249812881991e-01,5.103778005161488940e-01,4.598803091938957199e-01
8.228048565768821820e-01,7.536788489864577611e-01,7.108302887261180869e-01,6.488589113551597176e-01,6.060024986875480746e-01,5.502792020762703462e-01,5.103127239528779668e-01,4.596563943023632692e-01
8.237844688561870576e-01,7.544439097485881041e-01,7.114307465772041761e-01,6.492505132477310870e-01,6.062457568915484707e-01,5.503428755698777097e-01,5.102484650921890186e-01,4.594332922099187977e-01
8.247659577044219592e-01,7.552106966920510978e-01,7.120325439982581051e-01,6.496433052315421230e-01,6.064900042523977408e-01,5.504074453635431352e-01,5.101850233180577066e-01,4.592110018363058654e-01
8.257493259802718422e-01,7.559792118887721513e-01,7.126356824341405494e-01,6.500372884086558223e-01,6.067352411758840658e-01,5.504729113684959652e-01,5.101223980232406641e-01,4.589895221065058983e-01
8.267345765484372944e-01,7.567494574233605276e-01,7.132401633458123058e-01,6.504324638942586834e-01,6.069814680800480478e-01,5.505392735057120790e-01,5.100605886092163255e-01,4.587688519507280294e-01
8.277217122796299842e-01,7.575214353931262190e-01,7.138459882102909937e-01,6.508288328166437209e-01,6.072286853951327501e-01,5.506065317058651543e-01,5.099995944861291930e-01,4.585489903043997173e-01
8.287107360505687748e-01,7.582951479080971557e-01,7.144531585206091995e-01,6.512263963171944781e-01,6.074768935635340705e-01,5.506746859092792601e-01,5.099394150727339925e-01,4.583299361081567547e-01
8.297016507439760602e-01,7.590705970910345268e-01,7.150616757857736205e-01,6.516251555503707049e-01,6.077260930397528904e-01,5.507437360658824499e-01,5.098800497963397182e-01,4.581116883078327207e-01
8.306944592485725476e-01,7.598477850774506548e-01,7.156715415307263184e-01,6.520251116836952576e-01,6.079762842903486675e-01,5.508136821351612422e-01,5.098214980927555651e-01,4.578942458544489336e-01
8.316891644590722610e-01,7.606267140156269813e-01,7.162827572963071932e-01,6.524262658977426632e-01,6.082274677938934726e-01,5.508845240861165449e-01,5.097637594062368604e-01,4.576776077042045698e-01
8.326857692761787666e-01,7.614073860666322746e-01,7.168953246392179013e-01,6.528286193861290165e-01,6.084796440409279139e-01,5.509562618972195791e-01,5.097068331894327731e-01,4.574617728184662280e-01
8.336842766065801769e-01,7.621898034043407266e-01,7.175092451319871056e-01,6.532321733555029875e-01,6.087328135339181712e-01,5.510288955563692470e-01,5.096507189033336882e-01,4.572467401637569928e-01
8.346846893629433772e-01,7.629739682154510483e-01,7.181245203629371687e-01,6.536369290255374942e-01,6.089869767872143624e-01,5.511024250608514974e-01,5.095954160172196934e-01,4.570325087117461660e-01
8.356870104639095853e-01,7.637598826995062318e-01,7.187411519361520673e-01,6.540428876289242632e-01,6.092421343270097989e-01,5.511768504172982475e-01,5.095409240086101743e-01,4.568190774392384967e-01
8.366912428340884667e-01,7.645475490689129794e-01,7.193591414714476384e-01,6.544500504113689443e-01,6.094982866913019048e-01,5.512521716416474149e-01,5.094872423632136327e-01,4.566064453281637459e-01
8.376973894040522506e-01,7.653369695489624647e-01,7.199784906043428245e-01,6.548584186315866695e-01,6.097554344298542484e-01,5.513283887591047261e-01,5.094343705748786144e-01,4.563946113655660830e-01
8.387054531103296240e-01,7.661281463778506495e-01,7.205992009860321401e-01,6.552679935613007212e-01,6.100135781041592375e-01,5.514055018041063017e-01,5.093823081455453039e-01,4.561835745435928180e-01
8.397154368954005133e-01,7.669210818066997115e-01,7.212212742833590262e-01,6.556787764852409772e-01,6.102727182874028156e-01,5.514835108202817970e-01,5.093310545851976734e-01,4.559733338594834651e-01
8.407273437076900890e-01,7.677157780995798042e-01,7.218447121787917586e-01,6.560907687011443556e-01,6.105328555644297106e-01,5.515624158604186533e-01,5.092806094118162985e-01,4.557638883155595844e-01
8.417411765015615499e-01,7.685122375335317058e-01,7.224695163704004663e-01,6.565039715197565906e-01,6.107939905317104623e-01,5.516422169864271252e-01,5.092309721513323950e-01,4.555552369192132911e-01
8.427569382373095719e-01,7.693104623985893564e-01,7.230956885718349270e-01,6.569183862648351191e-01,6.110561237973091142e-01,5.517229142693063082e-01,5.091821423375819666e-01,4.553473786828958758e-01
8.437746318811544244e-01,7.701104549978023961e-01,7.237232305123051379e-01,6.573340142731529667e-01,6.113192559808519055e-01,5.518045077891113870e-01,5.091341195122606189e-01,4.551403126241077568e-01
8.447942604052349758e-01,7.709122176472603671e-01,7.243521439365618875e-01,6.577508568945045209e-01,6.115833877134980723e-01,5.518869976349216611e-01,5.090869032248800385e-01,4.549340377653864897e-01
8.458158267876011438e-01,7.717157526761172504e-01,7.249824306048794353e-01,6.581689154917128581e-01,6.118485196379106483e-01,5.519703839048090144e-01,5.090404930327241395e-01,4.547285531342959430e-01
8.468393340122066792e-01,7.725210624266162229e-01,7.256140922930390813e-01,6.585881914406371829e-01,6.121146524082290430e-01,5.520546667058078283e-01,5.089948885008058754e-01,4.545238577634152510e-01
8.478647850689018384e-01,7.733281492541140834e-01,7.262471307923147323e-01,6.590086861301822641e-01,6.123817866900429507e-01,5.521398461538858937e-01,5.089500892018258282e-01,4.543199506903275453e-01
8.488921829534260555e-01,7.741370155271076747e-01,7.268815479094599130e-01,6.594304009623090934e-01,6.126499231603673712e-01,5.522259223739156564e-01,5.089060947161305748e-01,4.541168309576087969e-01
8.499215306673990611e-01,7.749476636272600860e-01,7.275173454666953310e-01,6.598533373520469869e-01,6.129190625076181842e-01,5.523128954996466833e-01,5.088629046316714977e-01,4.539144976128165476e-01
8.509528312183143317e-01,7.757600959494276305e-01,7.281545253016995511e-01,6.602774967275064633e-01,6.131892054315886131e-01,5.524007656736793503e-01,5.088205185439651501e-01,4.537129497084790852e-01
8.519860876195306520e-01,7.765743149016874902e-01,7.287930892675988925e-01,6.607028805298938989e-01,6.134603526434280196e-01,5.524895330474383082e-01,5.087789360560536212e-01,4.535121863020836197e-01
8.530213028902621231e-01,7.773903229053650277e-01,7.294330392329598789e-01,6.611294902135271823e-01,6.137325048656212534e-01,5.525791977811476130e-01,5.087381567784656777e-01,4.533122064560649589e-01
8.540584800555720557e-01,7.782081223950636506e-01,7.300743770817834655e-01,6.615573272458528109e-01,6.140056628319681131e-01,5.526697600438076341e-01,5.086981803291786841e-01,4.531130092377944618e-01
8.550976221463629789e-01,7.790277158186927897e-01,7.307171047134997099e-01,6.619863931074645436e-01,6.142798272875655829e-01,5.527612200131706288e-01,5.086590063335815204e-01,4.529145937195692140e-01
8.561387321993669808e-01,7.798491056374974306e-01,7.313612240429645528e-01,6.624166892921212746e-01,6.145549989887908460e-01,5.528535778757184271e-01,5.086206344244375011e-01,4.527169589786002035e-01
8.571818132571378257e-01,7.806722943260892000e-01,7.320067370004575968e-01,6.628482173067693495e-01,6.148311787032837428e-01,5.529468338266418925e-01,5.085830642418480707e-01,4.525201040970011079e-01
8.582268683680406296e-01,7.814972843724772300e-01,7.326536455316817742e-01,6.632809786715645473e-01,6.151083672099317834e-01,5.530409880698191616e-01,5.085462954332176100e-01,4.523240281617775249e-01
8.592739005862428670e-01,7.823240782780995772e-01,7.333019515977634573e-01,6.637149749198943960e-01,6.153865652988564916e-01,5.531360408177959931e-01,5.085103276532179084e-01,4.521287302648151485e-01
8.603229129717049339e-01,7.831526785578544203e-01,7.339516571752545682e-01,6.641502075984035969e-01,6.156657737713998602e-01,5.532319922917670052e-01,5.084751605637548577e-01,4.519342095028686113e-01
8.613739085901696013e-01,7.839830877401339215e-01,7.346027642561361315e-01,6.645866782670191153e-01,6.159459934401124714e-01,5.533288427215574679e-01,5.084407938339343680e-01,4.517404649775504932e-01
8.624268905131520224e-01,7.848153083668572005e-01,7.352552748478230482e-01,6.650243884989773813e-01,6.162272251287422842e-01,5.534265923456057612e-01,5.084072271400290610e-01,4.515474957953200530e-01
8.634818618179296301e-01,7.856493429935043071e-01,7.359091909731706460e-01,6.654633398808528222e-01,6.165094696722248635e-01,5.535252414109463892e-01,5.083744601654460737e-01,4.513553010674717925e-01
8.645388255875311456e-01,7.864851941891506382e-01,7.365645146704817847e-01,6.659035340125866176e-01,6.167927279166743881e-01,5.536247901731948806e-01,5.083424926006956390e-01,4.511638799101248543e-01
8.655977849107266975e-01,7.873228645365017986e-01,7.372212479935150720e-01,6.663449725075181185e-01,6.170770007193762119e-01,5.537252388965330230e-01,5.083113241433597773e-01,4.509732314442110868e-01
8.666587428820158312e-01,7.881623566319305718e-01,7.378793930114961874e-01,6.667876569924170438e-01,6.173622889487795362e-01,5.538265878536939857e-01,5.082809544980609884e-01,4.507833547954639419e-01
8.677217026016169621e-01,7.890036730855123359e-01,7.385389518091297623e-01,6.672315891075161209e-01,6.176485934844913039e-01,5.539288373259485532e-01,5.082513833764333855e-01,4.505942490944084278e-01
8.687866671754559400e-01,7.898468165210623670e-01,7.391999264866112584e-01,6.676767705065456138e-01,6.179359152172727576e-01,5.540319876030934676e-01,5.082226104970930525e-01,4.504059134763491734e-01
8.698536397151537258e-01,7.906917895761741422e-01,7.398623191596418458e-01,6.681232028567690717e-01,6.182242550490355537e-01,5.541360389834399935e-01,5.081946355856085118e-01,4.502183470813594379e-01
8.709226233380158444e-01,7.915385949022577528e-01,7.405261319594445002e-01,6.685708878390208554e-01,6.185136138928380989e-01,5.542409917738021496e-01,5.081674583744734131e-01,4.500315490542704522e-01
8.719936211670190618e-01,7.923872351645786516e-01,7.411913670327812120e-01,6.690198271477437730e-01,6.188039926728841067e-01,5.543468462894864945e-01,5.081410786030791105e-01,4.498455185446601501e-01
8.730666363307999500e-01,7.932377130422982869e-01,7.418580265419706388e-01,6.694700224910287156e-01,6.190953923245227086e-01,5.544536028542828010e-01,5.081154960176864632e-01,4.496602547068420108e-01
8.741416719636424526e-01,7.940900312285142926e-01,7.425261126649086441e-01,6.699214755906555130e-01,6.193878137942487871e-01,5.545612618004555072e-01,5.080907103714004114e-01,4.494757566998546783e-01
8.752187312054644508e-01,7.949441924303007889e-01,7.431956275950896140e-01,6.703741881821349002e-01,6.196812580397044190e-01,5.546698234687361673e-01,5.080667214241439966e-01,4.492920236874511364e-01
8.762978172018054401e-01,7.958001993687512376e-01,7.438665735416278846e-01,6.708281620147511504e-01,6.199757260296815398e-01,5.547792882083161237e-01,5.080435289426326051e-01,4.491090548380874403e-01
8.773789331038132078e-01,7.966580547790217404e-01,7.445389527292830545e-01,6.712833988516069272e-01,6.202712187441247194e-01,5.548896563768398460e-01,5.080211327003499866e-01,4.489268493249123360e-01
8.784620820682307318e-01,7.975177614103734491e-01,7.452127673984845213e-01,6.717399004696693599e-01,6.205677371741362691e-01,5.550009283403998239e-01,5.079995324775232746e-01,4.487454063257563797e-01
8.795472672573819706e-01,7.983793220262165313e-01,7.458880198053584598e-01,6.721976686598166717e-01,6.208652823219815708e-01,5.551131044735314601e-01,5.079787280611000044e-01,4.485647250231212801e-01
8.806344918391577625e-01,7.992427394041555777e-01,7.465647122217563547e-01,6.726567052268869196e-01,6.211638552010954051e-01,5.552261851592090736e-01,5.079587192447250210e-01,4.483848046041693514e-01
8.817237589870030590e-01,8.001080163360345665e-01,7.472428469352828673e-01,6.731170119897263993e-01,6.214634568360907219e-01,5.553401707888426797e-01,5.079395058287173859e-01,4.482056442607129099e-01
8.828150718799010477e-01,8.009751556279837148e-01,7.479224262493283648e-01,6.735785907812414930e-01,6.217640882627653021e-01,5.554550617622751041e-01,5.079210876200489500e-01,4.480272431892038387e-01
8.839084337023594973e-01,8.018441601004665520e-01,7.486034524831007841e-01,6.740414434484499617e-01,6.220657505281125266e-01,5.555708584877807610e-01,5.079034644323234815e-01,4.478496005907233179e-01
8.850038476443955471e-01,8.027150325883272153e-01,7.492859279716578280e-01,6.745055718525346800e-01,6.223684446903319234e-01,5.556875613820647652e-01,5.078866360857550166e-01,4.476727156709710553e-01
8.861013169015203861e-01,8.035877759408391885e-01,7.499698550659433804e-01,6.749709778688983697e-01,6.226721718188402699e-01,5.558051708702620441e-01,5.078706024071476532e-01,4.474965876402548504e-01
8.872008446747250421e-01,8.044623930217550400e-01,7.506552361328231449e-01,6.754376633872182234e-01,6.229769329942844713e-01,5.559236873859378925e-01,5.078553632298757892e-01,4.473212157134809908e-01
8.883024341704638394e-01,8.053388867093564940e-01,7.513420735551216145e-01,6.759056303115044129e-01,6.232827293085543285e-01,5.560431113710893047e-01,5.078409183938646931e-01,4.471465991101434834e-01
8.894060886006381894e-01,8.062172598965047232e-01,7.520303697316623737e-01,6.763748805601581537e-01,6.235895618647979699e-01,5.561634432761467517e-01,5.078272677455727413e-01,4.469727370543141176e-01
8.905118111825807148e-01,8.070975154906919746e-01,7.527201270773080655e-01,6.768454160660308805e-01,6.238974317774373946e-01,5.562846835599771778e-01,5.078144111379725434e-01,4.467996287746325845e-01
8.916196051390394839e-01,8.079796564140946380e-01,7.534113480230023585e-01,6.773172387764854196e-01,6.242063401721846816e-01,5.564068326898867767e-01,5.078023484305330681e-01,4.466272735042962072e-01
8.927294736981609136e-01,8.088636856036269807e-01,7.541040350158124683e-01,6.777903506534586064e-01,6.245162881860588655e-01,5.565298911416256544e-01,5.077910794892028790e-01,4.464556704810498378e-01
8.938414200934733378e-01,8.097496060109941052e-01,7.547981905189736773e-01,6.782647536735242344e-01,6.248272769674052540e-01,5.566538593993929362e-01,5.077806041863935915e-01,4.462848189471763649e-01
8.949554475638689111e-01,8.106374206027473495e-01,7.554938170119362972e-01,6.787404498279584475e-01,6.251393076759151901e-01,5.567787379558414296e-01,5.077709224009634426e-01,4.461147181494869995e-01
8.960715593535859558e-01,8.115271323603406861e-01,7.561909169904125205e-01,6.792174411228054653e-01,6.254523814826460359e-01,5.569045273120847295e-01,5.077620340182019687e-01,4.459453673393111717e-01
8.971897587121928641e-01,8.124187442801861225e-01,7.568894929664246041e-01,6.796957295789443076e-01,6.257664995700422672e-01,5.570312279777043241e-01,5.077539389298147965e-01,4.457767657724868160e-01
8.983100488945694462e-01,8.133122593737119876e-01,7.575895474683557174e-01,6.801753172321594043e-01,6.260816631319582326e-01,5.571588404707568110e-01,5.077466370339092094e-01,4.456089127093511015e-01
8.994324331608870571e-01,8.142076806674212186e-01,7.582910830410015679e-01,6.806562061332095404e-01,6.263978733736818016e-01,5.572873653177826681e-01,5.077401282349799372e-01,4.454418074147312723e-01
9.005569147765916105e-01,8.151050112029496475e-01,7.589941022456226927e-01,6.811383983478991322e-01,6.267151315119586785e-01,5.574168030538155794e-01,5.077344124438954998e-01,4.452754491579344887e-01
9.016834970123848159e-01,8.160042540371268416e-01,7.596986076599993032e-01,6.816218959571511693e-01,6.270334387750182703e-01,5.575471542223923160e-01,5.077294895778857731e-01,4.451098372127387792e-01
9.028121831442037504e-01,8.169054122420369435e-01,7.604046018784863525e-01,6.821067010570808220e-01,6.273527964025991110e-01,5.576784193755635055e-01,5.077253595605287773e-01,4.449449708573837703e-01
9.039429764532024292e-01,8.178084889050801776e-01,7.611120875120718221e-01,6.825928157590718248e-01,6.276732056459765063e-01,5.578105990739045117e-01,5.077220223217387973e-01,4.447808493745614156e-01
9.050758802257318214e-01,8.187134871290351334e-01,7.618210671884344531e-01,6.830802421898520826e-01,6.279946677679918432e-01,5.579436938865280915e-01,5.077194777977548368e-01,4.446174720514073919e-01
9.062108977533193110e-01,8.196204100321229369e-01,7.625315435520035878e-01,6.835689824915722745e-01,6.283171840430806787e-01,5.580777043910973845e-01,5.077177259311295154e-01,4.444548381794916625e-01
9.073480323326487129e-01,8.205292607480719758e-01,7.632435192640215638e-01,6.840590388218859008e-01,6.286407557573033822e-01,5.582126311738389024e-01,5.077167666707184113e-01,4.442929470548093729e-01
9.084872872655396225e-01,8.214400424261816269e-01,7.639569970026057755e-01,6.845504133540284419e-01,6.289653842083777757e-01,5.583484748295570732e-01,5.077165999716701794e-01,4.441317979777723024e-01
9.096286658589260998e-01,8.223527582313903128e-01,7.646719794628132894e-01,6.850431082769005142e-01,6.292910707057099984e-01,5.584852359616490070e-01,5.077172257954166712e-01,4.439713902531998713e-01
9.107721714248352418e-01,8.232674113443416708e-01,7.653884693567063469e-01,6.855371257951522468e-01,6.296178165704279239e-01,5.586229151821207051e-01,5.077186441096641634e-01,4.438117231903108140e-01
9.119178072803658663e-01,8.241840049614528319e-01,7.661064694134196440e-01,6.860324681292666593e-01,6.299456231354162439e-01,5.587615131116031586e-01,5.077208548883846984e-01,4.436527961027144640e-01
9.130655767476664186e-01,8.251025422949845867e-01,7.668259823792290542e-01,6.865291375156462594e-01,6.302744917453513285e-01,5.589010303793694456e-01,5.077238581118072025e-01,4.434946083084020940e-01
9.142154831539132109e-01,8.260230265731099975e-01,7.675470110176219052e-01,6.870271362067014165e-01,6.306044237567374200e-01,5.590414676233522728e-01,5.077276537664102696e-01,4.433371591297385894e-01
9.153675298312864417e-01,8.269454610399853411e-01,7.682695581093681447e-01,6.875264664709389573e-01,6.309354205379444913e-01,5.591828254901632933e-01,5.077322418449152774e-01,4.431804478934542324e-01
9.165217201169479910e-01,8.278698489558228291e-01,7.689936264525930598e-01,6.880271305930526493e-01,6.312674834692459935e-01,5.593251046351119804e-01,5.077376223462793936e-01,4.430244739306364310e-01
9.176780573530186613e-01,8.287961935969638816e-01,7.697192188628524390e-01,6.885291308740150162e-01,6.316006139428576027e-01,5.594683057222251676e-01,5.077437952756888029e-01,4.428692365767212813e-01
9.188365448865535301e-01,8.297244982559519588e-01,7.704463381732080673e-01,6.890324696311704855e-01,6.319348133629792974e-01,5.596124294242688091e-01,5.077507606445538224e-01,4.427147351714860735e-01
9.199971860695183024e-01,8.306547662416080557e-01,7.711749872343051093e-01,6.895371491983303125e-01,6.322700831458355486e-01,5.597574764227689625e-01,5.077585184705026844e-01,4.425609690590410206e-01
9.211599842587648856e-01,8.315870008791067525e-01,7.719051689144514894e-01,6.900431719258695029e-01,6.326064247197169532e-01,5.599034474080338830e-01,5.077670687773769842e-01,4.424079375878213760e-01
9.223249428160068542e-01,8.325212055100524866e-01,7.726368860996972732e-01,6.905505401808232913e-01,6.329438395250247540e-01,5.600503430791766712e-01,5.077764115952276835e-01,4.422556401105801616e-01
9.234920651077943576e-01,8.334573834925584901e-01,7.733701416939178230e-01,6.910592563469872829e-01,6.332823290143143602e-01,5.601981641441386994e-01,5.077865469603102255e-01,4.421040759843796741e-01
9.246613545054884753e-01,8.343955382013255040e-01,7.741049386188969539e-01,6.915693228250177071e-01,6.336218946523415330e-01,5.603469113197148133e-01,5.077974749150820921e-01,4.419532445705845469e-01
9.258328143852347925e-01,8.353356730277207154e-01,7.748412798144105329e-01,6.920807420325314485e-01,6.339625379161083485e-01,5.604965853315782010e-01,5.078091955081994735e-01,4.418031452348543109e-01
9.270064481279380875e-01,8.362777913798598028e-01,7.755791682383142982e-01,6.925935164042122949e-01,6.343042602949098274e-01,5.606471869143053732e-01,5.078217087945142705e-01,4.416537773471356787e-01
9.281822591192360195e-01,8.372218966826895370e-01,7.763186068666310113e-01,6.931076483919148545e-01,6.346470632903835618e-01,5.607987168114034748e-01,5.078350148350719850e-01,4.415051402816555504e-01
9.293602507494717058e-01,8.381679923780698260e-01,7.770595986936407185e-01,6.936231404647709153e-01,6.349909484165582318e-01,5.609511757753370409e-01,5.078491136971106101e-01,4.413572334169136857e-01
9.305404264136654113e-01,8.391160819248582037e-01,7.778021467319713445e-01,6.941399951092980247e-01,6.353359171999044541e-01,5.611045645675560856e-01,5.078640054540595195e-01,4.412100561356759321e-01
9.317227895114880143e-01,8.400661687989959825e-01,7.785462540126909525e-01,6.946582148295080694e-01,6.356819711793859629e-01,5.612588839585247458e-01,5.078796901855380241e-01,4.410636078249668413e-01
9.329073434472329174e-01,8.410182564935945182e-01,7.792919235854021132e-01,6.951778021470188529e-01,6.360291119065122345e-01,5.614141347277505911e-01,5.078961679773554838e-01,4.409178878760633968e-01
9.340940916297867380e-01,8.419723485190224732e-01,7.800391585183374943e-01,6.956987596011662278e-01,6.363773409453926666e-01,5.615703176638150440e-01,5.079134389215116396e-01,4.407728956844877422e-01
9.352830374726005536e-01,8.429284484029939684e-01,7.807879618984573389e-01,6.962210897491185602e-01,6.367266598727905347e-01,5.617274335644043548e-01,5.079315031161969474e-01,4.406286306500007965e-01
9.364741843936609245e-01,8.438865596906586219e-01,7.815383368315480528e-01,6.967447951659929695e-01,6.370770702781775041e-01,5.618854832363405771e-01,5.079503606657939097e-01,4.404850921765958716e-01
9.376675358154600293e-01,8.448466859446930322e-01,7.822902864423224578e-01,6.972698784449719023e-01,6.374285737637926941e-01,5.620444674956144304e-01,5.079700116808782973e-01,4.403422796724916766e-01
9.388630951649651335e-01,8.458088307453932586e-01,7.830438138745219323e-01,6.977963421974211489e-01,6.377811719446996319e-01,5.622043871674183846e-01,5.079904562782210364e-01,4.402001925501266566e-01
9.400608658735882806e-01,8.467729976907669709e-01,7.837989222910206610e-01,6.983241890530117457e-01,6.381348664488429856e-01,5.623652430861798557e-01,5.080116945807912066e-01,4.400588302261523310e-01
9.412608513771550944e-01,8.477391903966279285e-01,7.845556148739302182e-01,6.988534216598417670e-01,6.384896589171104031e-01,5.625270360955965110e-01,5.080337267177583715e-01,4.399181921214272428e-01
9.424630551158734715e-01,8.487074124966925703e-01,7.853138948247061490e-01,6.993840426845590041e-01,6.388455510033931306e-01,5.626897670486711300e-01,5.080565528244961326e-01,4.397782776610114630e-01
9.436674805343006067e-01,8.496776676426753827e-01,7.860737653642564382e-01,6.999160548124863102e-01,6.392025443746479629e-01,5.628534368077477978e-01,5.080801730425859031e-01,4.396390862741602623e-01
9.448741310813117966e-01,8.506499595043880424e-01,7.868352297330517553e-01,7.004494607477493862e-01,6.395606407109595271e-01,5.630180462445489864e-01,5.081045875198209050e-01,4.395006173943181160e-01
9.460830102100680206e-01,8.516242917698386705e-01,7.875982911912380313e-01,7.009842632134051232e-01,6.399198417056052302e-01,5.631835962402124141e-01,5.081297964102110543e-01,4.393628704591134304e-01
9.472941213779819680e-01,8.526006681453309755e-01,7.883629530187485912e-01,7.015204649515707214e-01,6.402801490651205407e-01,5.633500876853297923e-01,5.081557998739879567e-01,4.392258449103527140e-01
9.485074680466840658e-01,8.535790923555669485e-01,7.891292185154198391e-01,7.020580687235568051e-01,6.406415645093639366e-01,5.635175214799859056e-01,5.081825980776103480e-01,4.390895401940154708e-01
9.497230536819879498e-01,8.545595681437494484e-01,7.898970910011074986e-01,7.025970773099998734e-01,6.410040897715854058e-01,5.636858985337982464e-01,5.082101911937703109e-01,4.389539557602490372e-01
9.509408817538560488e-01,8.555420992716861184e-01,7.906665738158055179e-01,7.031374935109984126e-01,6.413677265984953912e-01,5.638552197659578713e-01,5.082385794013997149e-01,4.388190910633627539e-01
9.521609557363653886e-01,8.565266895198948571e-01,7.914376703197669727e-01,7.036793201462493430e-01,6.417324767503328475e-01,5.640254861052702573e-01,5.082677628856765439e-01,4.386849455618228033e-01
9.533832791076710667e-01,8.575133426877110665e-01,7.922103838936236375e-01,7.042225600551866860e-01,6.420983420009364062e-01,5.641966984901979343e-01,5.082977418380326684e-01,4.385515187182479901e-01
9.546078553499693919e-01,8.585020625933950100e-01,7.929847179385116629e-01,7.047672160971218958e-01,6.424653241378168733e-01,5.643688578689028956e-01,5.083285164561617275e-01,4.384188099994045240e-01
9.558346879494634685e-01,8.594928530742411699e-01,7.937606758761961423e-01,7.053132911513859682e-01,6.428334249622288388e-01,5.645419651992906740e-01,5.083600869440270120e-01,4.382868188762006345e-01
9.570637803963243373e-01,8.604857179866887140e-01,7.945382611491972336e-01,7.058607881174738807e-01,6.432026462892456165e-01,5.647160214490546393e-01,5.083924535118703458e-01,4.381555448236830186e-01
9.582951361846530069e-01,8.614806612064336289e-01,7.953174772209199439e-01,7.064097099151896986e-01,6.435729899478342952e-01,5.648910275957208516e-01,5.084256163762207459e-01,4.380249873210316225e-01
9.595287588124431499e-01,8.624776866285419619e-01,7.960983275757844702e-01,7.069600594847937902e-01,6.439444577809315673e-01,5.650669846266944685e-01,5.084595757599044141e-01,4.378951458515551454e-01
9.607646517815423559e-01,8.634767981675639525e-01,7.968808157193584263e-01,7.075118397871525966e-01,6.443170516455214436e-01,5.652438935393060415e-01,5.084943318920548405e-01,4.377660199026877086e-01
9.620028185976132740e-01,8.644779997576503838e-01,7.976649451784909584e-01,7.080650538038895103e-01,6.446907734127135248e-01,5.654217553408595887e-01,5.085298850081226840e-01,4.376376089659836932e-01
9.632432627700929784e-01,8.654812953526701547e-01,7.984507195014481917e-01,7.086197045375377535e-01,6.450656249678224929e-01,5.656005710486807780e-01,5.085662353498869859e-01,4.375099125371135211e-01
9.644859878121533336e-01,8.664866889263288519e-01,7.992381422580512318e-01,7.091757950116953646e-01,6.454416082104492691e-01,5.657803416901656668e-01,5.086033831654656057e-01,4.373829301158603799e-01
9.657309972406600274e-01,8.674941844722877660e-01,8.000272170398156080e-01,7.097333282711808522e-01,6.458187250545635028e-01,5.659610683028316602e-01,5.086413287093282110e-01,4.372566612061165592e-01
9.669782945761309367e-01,8.685037860042863489e-01,8.008179474600928271e-01,7.102923073821922895e-01,6.461969774285860613e-01,5.661427519343675829e-01,5.086800722423083787e-01,4.371311053158793425e-01
9.682278833426943843e-01,8.695154975562658928e-01,8.016103371542129263e-01,7.108527354324681857e-01,6.465763672754727409e-01,5.663253936426848600e-01,5.087196140316151416e-01,4.370062619572473994e-01
9.694797670680470603e-01,8.705293231824927647e-01,8.024043897796299118e-01,7.114146155314492459e-01,6.469568965528005311e-01,5.665089944959701418e-01,5.087599543508469768e-01,4.368821306464179544e-01
9.707339492834111683e-01,8.715452669576843059e-01,8.032001090160689749e-01,7.119779508104419063e-01,6.473385672328548779e-01,5.666935555727393714e-01,5.088010934800050178e-01,4.367587109036824011e-01
9.719904335234897941e-01,8.725633329771366187e-01,8.039974985656748174e-01,7.125427444227854235e-01,6.477213813027167255e-01,5.668790779618911868e-01,5.088430317055069318e-01,4.366360022534238605e-01
9.732492233264227188e-01,8.735835253568529080e-01,8.047965621531625313e-01,7.131089995440201834e-01,6.481053407643517783e-01,5.670655627627607664e-01,5.088857693202013532e-01,4.365140042241142937e-01
9.745103222337420101e-01,8.746058482336738216e-01,8.055973035259700321e-01,7.136767193720565672e-01,6.484904476347008728e-01,5.672530110851768947e-01,5.089293066233833152e-01,4.363927163483109495e-01
9.757737337903273911e-01,8.756303057654091226e-01,8.063997264544121579e-01,7.142459071273469240e-01,6.488767039457719044e-01,5.674414240495182504e-01,5.089736439208086827e-01,4.362721381626540329e-01
9.770394615443594999e-01,8.766569021309716936e-01,8.072038347318373219e-01,7.148165660530609866e-01,6.492641117447314203e-01,5.676308027867700279e-01,5.090187815247101399e-01,4.361522692078638186e-01
9.783075090472737045e-01,8.776856415305119841e-01,8.080096321747872734e-01,7.153886994152615086e-01,6.496526730939993222e-01,5.678211484385827790e-01,5.090647197538135105e-01,4.360331090287377087e-01
9.795778798537118082e-01,8.787165281855539023e-01,8.088171226231563038e-01,7.159623105030810120e-01,6.500423900713451220e-01,5.680124621573312549e-01,5.091114589333546325e-01,4.359146571741481790e-01
9.808505775214744205e-01,8.797495663391327048e-01,8.096263099403526731e-01,7.165374026289028642e-01,6.504332647699827552e-01,5.682047451061743581e-01,5.091589993950966786e-01,4.357969131970409471e-01
9.821256056114741062e-01,8.807847602559347733e-01,8.104371980134642550e-01,7.171139791285437992e-01,6.508252992986685026e-01,5.683979984591156498e-01,5.092073414773468087e-01,4.356798766544320856e-01
9.834029676876847592e-01,8.818221142224396125e-01,8.112497907534252928e-01,7.176920433614378814e-01,6.512184957818006881e-01,5.685922234010650778e-01,5.092564855249743783e-01,4.355635471074060794e-01
9.846826673170919753e-01,8.828616325470620696e-01,8.120640920951837094e-01,7.182715987108231337e-01,6.516128563595198209e-01,5.687874211279020376e-01,5.093064318894300335e-01,4.354479241211139384e-01
9.859647080696429811e-01,8.839033195602956638e-01,8.128801059978715271e-01,7.188526485839292768e-01,6.520083831878100700e-01,5.689835928465376558e-01,5.093571809287640306e-01,4.353330072647714211e-01
9.872490935181955640e-01,8.849471796148589142e-01,8.136978364449778400e-01,7.194351964121686871e-01,6.524050784386016266e-01,5.691807397749794051e-01,5.094087330076457754e-01,4.352187961116575354e-01
9.885358272384661138e-01,8.859932170858442202e-01,8.145172874445238964e-01,7.200192456513297978e-01,6.528029442998755094e-01,5.693788631423963853e-01,5.094610884973841403e-01,4.351052902391128741e-01
9.898249128089769977e-01,8.870414363708658545e-01,8.153384630292389579e-01,7.206047997817718320e-01,6.532019829757682583e-01,5.695779641891857148e-01,5.095142477759467825e-01,4.349924892285381151e-01
9.911163538110043802e-01,8.880918418902115086e-01,8.161613672567388234e-01,7.211918623086216451e-01,6.536021966866789601e-01,5.697780441670390328e-01,5.095682112279811271e-01,4.348803926653928564e-01
9.924101538285233781e-01,8.891444380869951702e-01,8.169860042097072395e-01,7.217804367619732320e-01,6.540035876693781614e-01,5.699791043390101120e-01,5.096229792448364604e-01,4.347690001391947279e-01
9.937063164481538813e-01,8.901992294273110007e-01,8.178123779960789763e-01,7.223705266970894545e-01,6.544061581771160041e-01,5.701811459795838033e-01,5.096785522245848021e-01,4.346583112435177254e-01
9.950048452591054859e-01,8.912562204003895427e-01,8.186404927492245687e-01,7.229621356946065447e-01,6.548099104797333592e-01,5.703841703747453140e-01,5.097349305720426660e-01,4.345483255759917673e-01
9.963057438531212062e-01,8.923154155187555947e-01,8.194703526281381656e-01,7.235552673607394958e-01,6.552148468637744028e-01,5.705881788220515949e-01,5.097921146987945962e-01,4.344390427383022502e-01
9.976090158244217410e-01,8.933768193183886375e-01,8.203019618176269345e-01,7.241499253274904513e-01,6.556209696325996372e-01,5.707931726307019504e-01,5.098501050232154830e-01,4.343304623361888273e-01
9.989146647696469650e-01,8.944404363588833728e-01,8.211353245285024638e-01,7.247461132528603134e-01,6.560282811065003550e-01,5.709991531216108696e-01,5.099089019704944326e-01,4.342225839794456865e-01
1.000222694287798975e+00,8.955062712236140365e-01,8.219704449977752736e-01,7.253438348210622388e-01,6.564367836228156561e-01,5.712061216274813003e-01,5.099685059726587477e-01,4.341154072819202736e-01
1.001533107980181914e+00,8.965743285198980450e-01,8.228073274888509925e-01,7.259430937427356900e-01,6.568464795360499098e-01,5.714140794928782574e-01,5.100289174685981308e-01,4.340089318615136804e-01
1.002845909450342576e+00,8.976446128791634171e-01,8.236459762917283101e-01,7.265438937551645937e-01,6.572573712179907712e-01,5.716230280743049841e-01,5.100901369040897748e-01,4.339031573401809783e-01
1.004161102304011566e+00,8.987171289571181942e-01,8.244863957231999274e-01,7.271462386224989416e-01,6.576694610578308620e-01,5.718329687402792239e-01,5.101521647318241204e-01,4.337980833439305517e-01
1.005478690149040011e+00,8.997918814339206373e-01,8.253285901270561720e-01,7.277501321359762798e-01,6.580827514622895613e-01,5.720439028714101592e-01,5.102150014114301690e-01,4.336937095028248201e-01
1.006798676595338726e+00,9.008688750143518664e-01,8.261725638742893896e-01,7.283555781141470842e-01,6.584972448557356861e-01,5.722558318604762384e-01,5.102786474095017955e-01,4.335900354509801824e-01
1.008121065254815596e+00,9.019481144279896112e-01,8.270183213633034436e-01,7.289625804031031331e-01,6.589129436803115025e-01,5.724687571125038899e-01,5.103431031996249478e-01,4.334870608265675718e-01
1.009445859741310958e+00,9.030296044293854019e-01,8.278658670201219927e-01,7.295711428767074347e-01,6.593298503960594026e-01,5.726826800448482357e-01,5.104083692624048485e-01,4.333847852718135663e-01
1.010773063670534766e+00,9.041133497982428713e-01,8.287152052986006545e-01,7.301812694368263745e-01,6.597479674810511341e-01,5.728976020872745822e-01,5.104744460854939714e-01,4.332832084330011657e-01
1.012102680660000420e+00,9.051993553395975001e-01,8.295663406806439433e-01,7.307929640135644167e-01,6.601672974315153652e-01,5.731135246820396878e-01,5.105413341636200197e-01,4.331823299604703470e-01
1.013434714328957931e+00,9.062876258839990262e-01,8.304192776764210970e-01,7.314062305655036900e-01,6.605878427619678028e-01,5.733304492839751410e-01,5.106090339986147919e-01,4.330821495086190076e-01
1.014769168298329305e+00,9.073781662876960752e-01,8.312740208245863460e-01,7.320210730799435739e-01,6.610096060053441969e-01,5.735483773605717372e-01,5.106775460994432692e-01,4.329826667359043535e-01
1.016106046190639489e+00,9.084709814328216781e-01,8.321305746925011793e-01,7.326374955731425054e-01,6.614325897131340115e-01,5.737673103920641893e-01,5.107468709822334807e-01,4.328838813048446199e-01
1.017445351629946648e+00,9.095660762275824540e-01,8.329889438764578324e-01,7.332555020905642262e-01,6.618567964555159833e-01,5.739872498715176130e-01,5.108170091703071458e-01,4.327857928820204592e-01
1.018787088241774663e+00,9.106634556064485686e-01,8.338491330019068837e-01,7.338750967071263620e-01,6.622822288214933462e-01,5.742081973049145693e-01,5.108879611942100940e-01,4.326884011380761064e-01
1.020131259653042299e+00,9.117631245303462473e-01,8.347111467236887350e-01,7.344962835274527757e-01,6.627088894190313884e-01,5.744301542112429937e-01,5.109597275917433512e-01,4.325917057477215999e-01
1.021477869491991486e+00,9.128650879868523971e-01,8.355749897262643167e-01,7.351190666861245893e-01,6.631367808752005599e-01,5.746531221225861241e-01,5.110323089079948922e-01,4.324957063897348353e-01
1.022826921388115817e+00,9.139693509903907831e-01,8.364406667239496773e-01,7.357434503479381993e-01,6.635659058363152507e-01,5.748771025842125404e-01,5.111057056953719480e-01,4.324004027469634526e-01
1.024178418972086613e+00,9.150759185824314246e-01,8.373081824611537938e-01,7.363694387081642923e-01,6.639962669680761209e-01,5.751020971546669802e-01,5.111799185136339796e-01,4.323057945063271124e-01
1.025532365875679419e+00,9.161847958316916563e-01,8.381775417126183791e-01,7.369970359928088577e-01,6.644278669557177608e-01,5.753281074058639311e-01,5.112549479299257627e-01,4.322118813588197717e-01
1.026888765731699849e+00,9.172959878343390772e-01,8.390487492836605776e-01,7.376262464588794199e-01,6.648607085041521314e-01,5.755551349231811109e-01,5.113307945188109160e-01,4.321186629995124595e-01
1.028247622173906972e+00,9.184094997141968308e-01,8.399218100104186568e-01,7.382570743946511582e-01,6.652947943381166684e-01,5.757831813055533932e-01,5.114074588623063189e-01,4.320261391275556084e-01
1.029608938836936938e+00,9.195253366229515501e-01,8.407967287601001427e-01,7.388895241199389119e-01,6.657301272023244954e-01,5.760122481655687299e-01,5.114849415499171936e-01,4.319343094461823851e-01
1.030972719356225253e+00,9.206435037403628563e-01,8.416735104312311755e-01,7.395235999863691845e-01,6.661667098616148586e-01,5.762423371295657404e-01,5.115632431786720780e-01,4.318431736627116879e-01
1.032338967367927518e+00,9.217640062744755225e-01,8.425521599539108619e-01,7.401593063776562564e-01,6.666045451011058942e-01,5.764734498377311889e-01,5.116423643531585741e-01,4.317527314885509226e-01
1.033707686508839707e+00,9.228868494618339691e-01,8.434326822900675147e-01,7.407966477098832936e-01,6.670436357263483940e-01,5.767055879441986832e-01,5.117223056855602081e-01,4.316629826391993885e-01
1.035078880416318459e+00,9.240120385676993120e-01,8.443150824337170013e-01,7.414356284317833445e-01,6.674839845634833457e-01,5.769387531171503714e-01,5.118030677956929564e-01,4.315739268342518864e-01
1.036452552728199361e+00,9.251395788862682990e-01,8.451993654112256449e-01,7.420762530250244460e-01,6.679255944593985861e-01,5.771729470389173056e-01,5.118846513110424379e-01,4.314855637974022162e-01
1.037828707082713242e+00,9.262694757408939106e-01,8.460855362815740133e-01,7.427185260044981696e-01,6.683684682818884504e-01,5.774081714060815829e-01,5.119670568668023281e-01,4.313978932564469515e-01
1.039207347118402458e+00,9.274017344843105137e-01,8.469736001366238165e-01,7.433624519186106117e-01,6.688126089198154212e-01,5.776444279295812612e-01,5.120502851059123284e-01,4.313109149432899359e-01
1.040588476474036961e+00,9.285363604988594588e-01,8.478635621013893564e-01,7.440080353495781562e-01,6.692580192832715547e-01,5.778817183348148312e-01,5.121343366790978013e-01,4.312246285939456136e-01
1.041972098788528145e+00,9.296733591967171195e-01,8.487554273343097533e-01,7.446552809137232387e-01,6.697047023037457913e-01,5.781200443617474649e-01,5.122192122449090723e-01,4.311390339485435819e-01
1.043358217700841806e+00,9.308127360201274847e-01,8.496492010275253914e-01,7.453041932617748833e-01,6.701526609342894902e-01,5.783594077650183740e-01,5.123049124697610646e-01,4.310541307513328646e-01
1.044746836849910654e+00,9.319544964416349719e-01,8.505448884071571403e-01,7.459547770791746801e-01,6.706018981496828513e-01,5.785998103140486126e-01,5.123914380279742664e-01,4.309699187506864093e-01
1.046137959874544388e+00,9.330986459643200170e-01,8.514424947335883509e-01,7.466070370863824301e-01,6.710524169466067779e-01,5.788412537931516555e-01,5.124787896018162536e-01,4.308863976991064160e-01
1.047531590413339986e+00,9.342451901220385491e-01,8.523420253017501835e-01,7.472609780391868961e-01,6.715042203438144064e-01,5.790837400016445313e-01,5.125669678815433228e-01,4.308035673532287779e-01
1.048927732104590893e+00,9.353941344796626867e-01,8.532434854414093772e-01,7.479166047290191077e-01,6.719573113823051891e-01,5.793272707539589561e-01,5.126559735654423466e-01,4.307214274738281889e-01
1.050326388586193982e+00,9.365454846333247652e-01,8.541468805174595724e-01,7.485739219832693303e-01,6.724116931255001983e-01,5.795718478797559081e-01,5.127458073598741839e-01,4.306399778258233613e-01
1.051727563495555851e+00,9.376992462106634729e-01,8.550522159302149650e-01,7.492329346656076972e-01,6.728673686594187631e-01,5.798174732240398699e-01,5.128364699793171999e-01,4.305592181782822436e-01
1.053131260469499342e+00,9.388554248710730965e-01,8.559594971157088450e-01,7.498936476763072845e-01,6.733243410928593242e-01,5.800641486472746244e-01,5.129279621464105654e-01,4.304791483044278499e-01
1.054537483144166732e+00,9.400140263059552082e-01,8.568687295459943565e-01,7.505560659525722933e-01,6.737826135575798459e-01,5.803118760255008279e-01,5.130202845919993315e-01,4.303997679816440325e-01
1.055946235154921808e+00,9.411750562389730179e-01,8.577799187294468108e-01,7.512201944688674526e-01,6.742421892084810020e-01,5.805606572504541374e-01,5.131134380551798380e-01,4.303210769914811995e-01
1.057357520136253726e+00,9.423385204263085013e-01,8.586930702110718849e-01,7.518860382372525297e-01,6.747030712237918060e-01,5.808104942296857809e-01,5.132074232833448990e-01,4.302430751196623659e-01
1.058771341721676418e+00,9.435044246569216364e-01,8.596081895728151512e-01,7.525536023077195047e-01,6.751652628052559058e-01,5.810613888866837939e-01,5.133022410322304330e-01,4.301657621560894817e-01
1.060187703543627347e+00,9.446727747528135266e-01,8.605252824338743833e-01,7.532228917685334091e-01,6.756287671783214321e-01,5.813133431609949220e-01,5.133978920659626466e-01,4.300891378948497046e-01
1.061606609233367138e+00,9.458435765692913000e-01,8.614443544510187456e-01,7.538939117465777162e-01,6.760935875923308469e-01,5.815663590083477441e-01,5.134943771571048865e-01,4.300132021342221722e-01
1.063028062420875441e+00,9.470168359952370052e-01,8.623654113189083148e-01,7.545666674077015079e-01,6.765597273207151208e-01,5.818204384007792385e-01,5.135916970867060449e-01,4.299379546766844973e-01
1.064452066734746793e+00,9.481925589533787280e-01,8.632884587704157120e-01,7.552411639570725255e-01,6.770271896611884666e-01,5.820755833267612367e-01,5.136898526443497426e-01,4.298633953289196508e-01
1.065878625802085145e+00,9.493707514005637060e-01,8.642135025769548395e-01,7.559174066395321079e-01,6.774959779359447376e-01,5.823317957913275444e-01,5.137888446282027344e-01,4.297895239018235669e-01
1.067307743248396834e+00,9.505514193280349966e-01,8.651405485488107283e-01,7.565954007399536829e-01,6.779660954918576010e-01,5.825890778162033934e-01,5.138886738450654246e-01,4.297163402105121377e-01
1.068739422697481789e+00,9.517345687617114747e-01,8.660696025354728267e-01,7.572751515836071423e-01,6.784375457006810439e-01,5.828474314399367806e-01,5.139893411104224930e-01,4.296438440743281517e-01
1.070173667771324721e+00,9.529202057624709399e-01,8.670006704259723973e-01,7.579566645365246602e-01,6.789103319592527663e-01,5.831068587180299190e-01,5.140908472484937430e-01,4.295720353168495653e-01
1.071610482089984551e+00,9.541083364264366651e-01,8.679337581492234666e-01,7.586399450058719518e-01,6.793844576896995724e-01,5.833673617230726860e-01,5.141931930922856164e-01,4.295009137658972742e-01
1.073049869271480716e+00,9.552989668852637228e-01,8.688688716743669938e-01,7.593249984403228625e-01,6.798599263396455372e-01,5.836289425448782930e-01,5.142963794836439284e-01,4.294304792535425519e-01
1.074491832931680824e+00,9.564921033064321954e-01,8.698060170111182599e-01,7.600118303304367329e-01,6.803367413824208398e-01,5.838916032906190656e-01,5.144004072733071586e-01,4.293607316161157095e-01
1.075936376684185847e+00,9.576877518935429379e-01,8.707452002101192523e-01,7.607004462090415364e-01,6.808149063172739268e-01,5.841553460849647772e-01,5.145052773209596308e-01,4.292916706942143668e-01
1.077383504140213111e+00,9.588859188866132310e-01,8.716864273632937143e-01,7.613908516516205705e-01,6.812944246695856743e-01,5.844201730702213160e-01,5.146109904952860248e-01,4.292232963327120565e-01
1.078833218908478608e+00,9.600866105623799829e-01,8.726297046042055250e-01,7.620830522767022552e-01,6.817752999910851042e-01,5.846860864064717944e-01,5.147175476740261102e-01,4.291556083807664401e-01
1.080285524595077984e+00,9.612898332346030417e-01,8.735750381084214089e-01,7.627770537462544853e-01,6.822575358600688755e-01,5.849530882717192126e-01,5.148249497440305911e-01,4.290886066918286890e-01
1.081740424803365741e+00,9.624955932543726167e-01,8.745224340938775320e-01,7.634728617660834216e-01,6.827411358816221076e-01,5.852211808620298994e-01,5.149331976013172829e-01,4.290222911236528103e-01
1.083197923133833118e+00,9.637038970104203628e-01,8.754718988212494279e-01,7.641704820862356140e-01,6.832261036878400917e-01,5.854903663916792844e-01,5.150422921511277341e-01,4.289566615383043624e-01
1.084658023183985076e+00,9.649147509294334624e-01,8.764234385943263650e-01,7.648699205014061198e-01,6.837124429380537771e-01,5.857606470932980036e-01,5.151522343079849575e-01,4.288917178021698362e-01
1.086120728548215730e+00,9.661281614763717052e-01,8.773770597603888222e-01,7.655711828513485084e-01,6.842001573190584773e-01,5.860320252180207801e-01,5.152630249957520503e-01,4.288274597859665915e-01
1.087586042817680454e+00,9.673441351547880096e-01,8.783327687105902948e-01,7.662742750212906406e-01,6.846892505453430200e-01,5.863045030356366372e-01,5.153746651476903695e-01,4.287638873647529603e-01
1.089053969580167980e+00,9.685626785071527189e-01,8.792905718803429860e-01,7.669792029423544433e-01,6.851797263593221166e-01,5.865780828347402220e-01,5.154871557065195953e-01,4.287010004179380718e-01
1.090524512419971614e+00,9.697837981151807840e-01,8.802504757497076060e-01,7.676859725919786825e-01,6.856715885315717296e-01,5.868527669228853494e-01,5.156004976244779048e-01,4.286387988292918449e-01
1.091997674917757566e+00,9.710075006001629427e-01,8.812124868437881675e-01,7.683945899943488422e-01,6.861648408610652172e-01,5.871285576267391004e-01,5.157146918633827015e-01,4.285772824869555908e-01
1.093473460650432605e+00,9.722337926232995642e-01,8.821766117331281132e-01,7.691050612208293336e-01,6.866594871754130303e-01,5.874054572922390305e-01,5.158297393946925657e-01,4.285164512834525596e-01
1.094951873191010172e+00,9.734626808860394886e-01,8.831428570341122164e-01,7.698173923904013671e-01,6.871555313311046298e-01,5.876834682847509317e-01,5.159456411995692049e-01,4.284563051156988212e-01
1.096432916108473599e+00,9.746941721304206441e-01,8.841112294093741442e-01,7.705315896701044887e-01,6.876529772137534025e-01,5.879625929892282610e-01,5.160623982689411804e-01,4.283968438850146443e-01
1.097916592967638438e+00,9.759282731394143262e-01,8.850817355682053522e-01,7.712476592754824445e-01,6.881518287383430188e-01,5.882428338103741217e-01,5.161800116035669683e-01,4.283380674971352109e-01
1.099402907329014134e+00,9.771649907372748078e-01,8.860543822669703085e-01,7.719656074710349314e-01,6.886520898494766785e-01,5.885241931728036890e-01,5.162984822140992414e-01,4.282799758622221065e-01
1.100891862748663463e+00,9.784043317898919456e-01,8.870291763095251580e-01,7.726854405706738982e-01,6.891537645216295749e-01,5.888066735212093006e-01,5.164178111211509270e-01,4.282225688948750886e-01
1.102383462778059098e+00,9.796463032051461184e-01,8.880061245476398302e-01,7.734071649381829561e-01,6.896568567594029142e-01,5.890902773205267673e-01,5.165379993553608218e-01,4.281658465141437997e-01
1.103877710963939940e+00,9.808909119332682724e-01,8.889852338814264732e-01,7.741307869876818959e-01,6.901613705977819313e-01,5.893750070561041277e-01,5.166590479574600936e-01,4.281098086435397576e-01
1.105374610848165018e+00,9.821381649672029646e-01,8.899665112597703320e-01,7.748563131840985330e-01,6.906673101023942385e-01,5.896608652338716228e-01,5.167809579783394502e-01,4.280544552110489009e-01
1.106874165967565604e+00,9.833880693429758457e-01,8.909499636807666212e-01,7.755837500436432164e-01,6.911746793697725044e-01,5.899478543805126707e-01,5.169037304791174181e-01,4.279997861491439126e-01
1.108376379853796223e+00,9.846406321400653638e-01,8.919355981921619492e-01,7.763131041342876681e-01,6.916834825276202414e-01,5.902359770436377273e-01,5.170273665312091760e-01,4.279458013947965989e-01
1.109881256033183883e+00,9.858958604817765758e-01,8.929234218917975197e-01,7.770443820762500398e-01,6.921937237350780370e-01,5.905252357919600348e-01,5.171518672163966102e-01,4.278925008894908788e-01
1.111388798026574642e+00,9.871537615356210660e-01,8.939134419280598820e-01,7.777775905424855196e-01,6.927054071829948922e-01,5.908156332154724799e-01,5.172772336268982585e-01,4.278398845792359961e-01
1.112899009349178625e+00,9.884143425136985295e-01,8.949056655003355676e-01,7.785127362591802713e-01,6.932185370942020031e-01,5.911071719256265622e-01,5.174034668654403646e-01,4.277879524145799528e-01
1.114411893510414364e+00,9.896776106730842404e-01,8.959000998594691678e-01,7.792498260062505899e-01,6.937331177237869850e-01,5.913998545555132491e-01,5.175305680453295976e-01,4.277367043506225541e-01
1.115927454013749154e+00,9.909435733162200721e-01,8.968967523082287396e-01,7.799888666178500518e-01,6.942491533593723174e-01,5.916936837600453858e-01,5.176585382905248833e-01,4.276861403470293976e-01
1.117445694356539398e+00,9.922122377913086266e-01,8.978956302017729874e-01,7.807298649828793291e-01,6.947666483213983390e-01,5.919886622161428802e-01,5.177873787357110125e-01,4.276362603680460839e-01
1.118966618029868965e+00,9.934836114927132478e-01,8.988967409481246618e-01,7.814728280455003340e-01,6.952856069634072433e-01,5.922847926229188875e-01,5.179170905263732472e-01,4.275870643825118722e-01
1.120490228518383757e+00,9.947577018613605881e-01,8.999000920086487332e-01,7.822177628056573573e-01,6.958060336723292938e-01,5.925820777018683261e-01,5.180476748188728164e-01,4.275385523638745022e-01
1.122016529300126741e+00,9.960345163851477279e-01,9.009056908985355605e-01,7.829646763196046466e-01,6.963279328687729253e-01,5.928805201970577254e-01,5.181791327805221892e-01,4.274907242902045712e-01
1.123545523846369854e+00,9.973140625993538455e-01,9.019135451872889453e-01,7.837135757004377590e-01,6.968513090073183980e-01,5.931801228753181832e-01,5.183114655896619016e-01,4.274435801442103555e-01
1.125077215621443916e+00,9.985963480870571063e-01,9.029236624992180715e-01,7.844644681186291324e-01,6.973761665768134499e-01,5.934808885264396539e-01,5.184446744357380510e-01,4.273971199132529097e-01
1.126611608082566329e+00,9.998813804795534388e-01,9.039360505139371060e-01,7.852173608025725393e-01,6.979025101006719467e-01,5.937828199633664594e-01,5.185787605193807881e-01,4.273513435893614987e-01
1.128148704679666769e+00,1.001169167456781972e+00,9.049507169668669082e-01,7.859722610391307596e-01,6.984303441371755294e-01,5.940859200223965741e-01,5.187137250524836984e-01,4.273062511692490295e-01
1.129688508855212214e+00,1.002459716747754248e+00,9.059676696497437343e-01,7.867291761741901368e-01,6.989596732797784817e-01,5.943901915633813537e-01,5.188495692582835161e-01,4.272618426543273729e-01
1.131231024044028421e+00,1.003753036130985654e+00,9.069869164111324933e-01,7.874881136132185766e-01,6.994905021574168158e-01,5.946956374699283732e-01,5.189862943714413923e-01,4.272181180507242937e-01
1.132776253673119848e+00,1.005049133434935849e+00,9.080084651569454435e-01,7.882490808218316491e-01,7.000228354348182469e-01,5.950022606496054856e-01,5.191239016381241633e-01,4.271750773692989944e-01
1.134324201161488022e+00,1.006348016538451073e+00,9.090323238509661063e-01,7.890120853263661305e-01,7.005566778128161642e-01,5.953100640341474348e-01,5.192623923160871735e-01,4.271327206256581577e-01
1.135874869919945906e+00,1.007649693371209576e+00,9.100585005153785101e-01,7.897771347144535437e-01,7.010920340286677099e-01,5.956190505796645773e-01,5.194017676747580969e-01,4.270910478401735988e-01
1.137428263350930502e+00,1.008954171914173692e+00,9.110870032313025391e-01,7.905442366356054684e-01,7.016289088563730791e-01,5.959292232668536027e-01,5.195420289953208703e-01,4.270500590379989747e-01
1.138984384848316322e+00,1.010261460200047257e+00,9.121178401393326141e-01,7.913133988018025144e-01,7.021673071070009264e-01,5.962405851012108071e-01,5.196831775708012913e-01,4.270097542490865483e-01
1.140543237797223997e+00,1.011571566313737236e+00,9.131510194400844771e-01,7.920846289880884017e-01,7.027072336290144383e-01,5.965531391132469219e-01,5.198252147061526163e-01,4.269701335082046745e-01
1.142104825573826421e+00,1.012884498392817800e+00,9.141865493947459731e-01,7.928579350331718123e-01,7.032486933086014025e-01,5.968668883587043839e-01,5.199681417183428245e-01,4.269311968549555636e-01
1.143669151545153806e+00,1.014200264628001502e+00,9.152244383256336047e-01,7.936333248400339047e-01,7.037916910700084960e-01,5.971818359187774927e-01,5.201119599364432133e-01,4.268929443337936003e-01
1.145236219068895833e+00,1.015518873263615340e+00,9.162646946167563033e-01,7.944108063765431549e-01,7.043362318758766838e-01,5.974979849003339005e-01,5.202566707017161063e-01,4.268553759940428849e-01
1.146806031493200484e+00,1.016840332598081043e+00,9.173073267143818654e-01,7.951903876760730849e-01,7.048823207275832781e-01,5.978153384361380995e-01,5.204022753677055579e-01,4.268184918899157188e-01
1.148378592156473754e+00,1.018164650984401121e+00,9.183523431276123805e-01,7.959720768381297606e-01,7.054299626655845534e-01,5.981338996850780187e-01,5.205487753003281703e-01,4.267822920805317000e-01
1.149953904387174264e+00,1.019491836830648479e+00,9.193997524289637679e-01,7.967558820289852850e-01,7.059791627697628025e-01,5.984536718323945070e-01,5.206961718779639092e-01,4.267467766299362641e-01
1.151531971503605201e+00,1.020821898600462907e+00,9.204495632549513084e-01,7.975418114823166205e-01,7.065299261597776104e-01,5.987746580899112603e-01,5.208444664915493627e-01,4.267119456071197803e-01
1.153112796813706931e+00,1.022154844813551566e+00,9.215017843066826142e-01,7.983298734998527380e-01,7.070822579954189058e-01,5.990968616962680793e-01,5.209936605446710001e-01,4.266777990860372016e-01
1.154696383614843169e+00,1.023490684046193921e+00,9.225564243504538187e-01,7.991200764520254296e-01,7.076361634769660069e-01,5.994202859171575692e-01,5.211437554536599848e-01,4.266443371456281053e-01
1.156282735193587152e+00,1.024829424931753330e+00,9.236134922183542040e-01,7.999124287786288923e-01,7.081916478455482222e-01,5.997449340455627276e-01,5.212947526476875426e-01,4.266115598698359546e-01
1.157871854825505809e+00,1.026171076161194406e+00,9.246729968088767126e-01,8.007069389894873046e-01,7.087487163835091142e-01,6.000708094019973071e-01,5.214466535688614401e-01,4.265794673476285270e-01
1.159463745774939269e+00,1.027515646483604383e+00,9.257349470875340103e-01,8.015036156651267341e-01,7.093073744147756488e-01,6.003979153347482889e-01,5.215994596723235732e-01,4.265480596730186758e-01
1.161058411294779491e+00,1.028863144706718691e+00,9.267993520874812097e-01,8.023024674574549264e-01,7.098676273052298979e-01,6.007262552201221295e-01,5.217531724263483328e-01,4.265173369450848129e-01
1.162655854626245544e+00,1.030213579697454307e+00,9.278662209101448122e-01,8.031035030904490890e-01,7.104294804630858495e-01,6.010558324626927851e-01,5.219077933124423030e-01,4.264872992679918928e-01
1.164256078998657573e+00,1.031566960382449105e+00,9.289355627258587544e-01,8.039067313608501131e-01,7.109929393392681041e-01,6.013866504955516223e-01,5.220633238254442920e-01,4.264579467510129507e-01
1.165859087629207202e+00,1.032923295748604309e+00,9.300073867745052292e-01,8.047121611388630136e-01,7.115580094277955681e-01,6.017187127805599944e-01,5.222197654736272510e-01,4.264292795085501964e-01
1.167464883722723279e+00,1.034282594843632275e+00,9.310817023661632774e-01,8.055198013688649183e-01,7.121246962661698099e-01,6.020520228086054804e-01,5.223771197788010801e-01,4.264012976601575522e-01
1.169073470471438059e+00,1.035644866776613382e+00,9.321585188817651524e-01,8.063296610701212730e-01,7.126930054357651922e-01,6.023865840998603449e-01,5.225353882764159907e-01,4.263740013305627463e-01
1.170684851054750730e+00,1.037010120718555806e+00,9.332378457737571242e-01,8.071417493375099284e-01,7.132629425622236674e-01,6.027224002040414419e-01,5.226945725156671996e-01,4.263473906496887955e-01
1.172299028638985829e+00,1.038378365902961065e+00,9.343196925667678343e-01,8.079560753422500019e-01,7.138345133158552347e-01,6.030594747006738920e-01,5.228546740596005105e-01,4.263214657526774309e-01
1.173916006377150323e+00,1.039749611626398007e+00,9.354040688582846430e-01,8.087726483326410643e-01,7.144077234120401743e-01,6.033978111993573146e-01,5.230156944852192291e-01,4.262962267799120242e-01
1.175535787408687805e+00,1.041123867249078350e+00,9.364909843193349737e-01,8.095914776348082098e-01,7.149825786116357218e-01,6.037374133400345011e-01,5.231776353835924098e-01,4.262716738770408464e-01
1.177158374859229584e+00,1.042501142195441766e+00,9.375804486951767602e-01,8.104125726534561203e-01,7.155590847213879613e-01,6.040782847932623101e-01,5.233404983599635463e-01,4.262478071950005498e-01
1.178783771840343109e+00,1.043881445954746523e+00,9.386724718059946682e-01,8.112359428726301225e-01,7.161372475943478255e-01,6.044204292604867801e-01,5.235042850338604836e-01,4.262246268900400370e-01
1.180411981449277503e+00,1.045264788081664120e+00,9.397670635476023104e-01,8.120615978564839077e-01,7.167170731302896503e-01,6.047638504743199084e-01,5.236689970392072180e-01,4.262021331237445532e-01
1.182043006768706883e+00,1.046651178196881693e+00,9.408642338921539006e-01,8.128895472500581310e-01,7.172985672761349463e-01,6.051085521988195381e-01,5.238346360244358069e-01,4.261803260630598889e-01
1.183676850866469232e+00,1.048040625987710195e+00,9.419639928888626779e-01,8.137198007800646726e-01,7.178817360263807235e-01,6.054545382297715772e-01,5.240012036525999450e-01,4.261592058803175820e-01
1.185313516795302613e+00,1.049433141208699682e+00,9.430663506647258831e-01,8.145523682556792266e-01,7.184665854235317006e-01,6.058018123949753253e-01,5.241687016014898726e-01,4.261387727532598979e-01
1.186953007592579157e+00,1.050828733682259264e+00,9.441713174252572838e-01,8.153872595693428815e-01,7.190531215585369562e-01,6.061503785545329093e-01,5.243371315637477270e-01,4.261190268650649760e-01
1.188595326280036391e+00,1.052227413299284153e+00,9.452789034552281366e-01,8.162244846975723611e-01,7.196413505712305758e-01,6.065002406011399394e-01,5.245064952469846720e-01,4.260999684043726421e-01
1.190240475863504566e+00,1.053629190019789386e+00,9.463891191194142571e-01,8.170640537017770377e-01,7.202312786507774067e-01,6.068514024603794965e-01,5.246767943738990247e-01,4.260815975653101662e-01
1.191888459332630656e+00,1.055034073873549305e+00,9.475019748633526362e-01,8.179059767290856042e-01,7.208229120361226983e-01,6.072038680910197828e-01,5.248480306823954944e-01,4.260639145475182410e-01
1.193539279660600139e+00,1.056442074960745492e+00,9.486174812141049406e-01,8.187502640131807397e-01,7.214162570164479593e-01,6.075576414853145479e-01,5.250202059257060849e-01,4.260469195561786271e-01
1.195192939803854326e+00,1.057853203452619129e+00,9.497356487810277859e-01,8.195969258751427677e-01,7.220113199316285924e-01,6.079127266693059584e-01,5.251933218725116648e-01,4.260306128020404648e-01
1.196849442701805710e+00,1.059267469592129363e+00,9.508564882565523346e-01,8.204459727243015310e-01,7.226081071726978555e-01,6.082691277031312405e-01,5.253673803070645354e-01,4.260149945014470863e-01
1.198508791276551300e+00,1.060684883694622327e+00,9.519800104169724442e-01,8.212974150590983680e-01,7.232066251823153769e-01,6.086268486813316558e-01,5.255423830293125542e-01,4.260000648763638820e-01
1.200170988432577746e+00,1.062105456148503491e+00,9.531062261232394750e-01,8.221512634679551956e-01,7.238068804552402202e-01,6.089858937331660282e-01,5.257183318550255891e-01,4.259858241544065005e-01
1.201836037056468243e+00,1.063529197415916894e+00,9.542351463217649821e-01,8.230075286301534732e-01,7.244088795388086144e-01,6.093462670229259359e-01,5.258952286159216394e-01,4.259722725688687706e-01
1.203503940016604989e+00,1.064956118033433485e+00,9.553667820452331760e-01,8.238662213167231574e-01,7.250126290334171220e-01,6.097079727502545676e-01,5.260730751597941790e-01,4.259594103587510117e-01
1.205174700162865653e+00,1.066386228612745457e+00,9.565011444134228213e-01,8.247273523913394300e-01,7.256181355930102495e-01,6.100710151504689094e-01,5.262518733506420521e-01,4.259472377687897326e-01
1.206848320326319834e+00,1.067819539841365906e+00,9.576382446340335752e-01,8.255909328112288614e-01,7.262254059255721650e-01,6.104353984948854839e-01,5.264316250687999243e-01,4.259357550494858313e-01
1.208524803318919316e+00,1.069256062483337821e+00,9.587780940035235400e-01,8.264569736280846790e-01,7.268344467936254105e-01,6.108011270911494206e-01,5.266123322110702887e-01,4.259249624571344595e-01
1.210204151933187422e+00,1.070695807379951292e+00,9.599207039079572512e-01,8.273254859889943580e-01,7.274452650147319455e-01,6.111682052835651913e-01,5.267939966908558036e-01,4.259148602538552764e-01
1.211886368941902603e+00,1.072138785450464260e+00,9.610660858238589954e-01,8.281964811373738744e-01,7.280578674620021840e-01,6.115366374534332294e-01,5.269766204382949626e-01,4.259054487076224804e-01
1.213571457097778250e+00,1.073585007692832605e+00,9.622142513190763413e-01,8.290699704139115056e-01,7.286722610646076959e-01,6.119064280193891037e-01,5.271602054003977633e-01,4.258967280922953957e-01
1.215259419133142060e+00,1.075034485184449107e+00,9.633652120536532193e-01,8.299459652575238433e-01,7.292884528082977935e-01,6.122775814377448000e-01,5.273447535411817100e-01,4.258886986876492808e-01
1.216950257759608967e+00,1.076487229082887742e+00,9.645189797807117715e-01,8.308244772063189121e-01,7.299064497359250003e-01,6.126501022028348897e-01,5.275302668418113683e-01,4.258813607794065814e-01
1.218643975667750068e+00,1.077943250626655747e+00,9.656755663473428619e-01,8.317055178985713892e-01,7.305262589479728508e-01,6.130239948473660272e-01,5.277167473007382537e-01,4.258747146592687938e-01
1.220340575526759119e+00,1.079402561135954564e+00,9.668349836955063559e-01,8.325890990737077058e-01,7.311478876030889085e-01,6.133992639427690019e-01,5.279041969338418294e-01,4.258687606249483837e-01
1.222040059984115912e+00,1.080865172013447451e+00,9.679972438629402820e-01,8.334752325733001399e-01,7.317713429186258889e-01,6.137759140995557861e-01,5.280926177745726147e-01,4.258634989802010384e-01
1.223742431665244101e+00,1.082331094745034861e+00,9.691623589840808739e-01,8.343639303420733455e-01,7.323966321711851135e-01,6.141539499676791358e-01,5.282820118740960691e-01,4.258589300348586404e-01
1.225447693173165264e+00,1.083800340900637815e+00,9.703303412909904946e-01,8.352552044289193178e-01,7.330237626971675136e-01,6.145333762368960784e-01,5.284723813014383653e-01,4.258550541048624072e-01
1.227155847088151175e+00,1.085272922134989493e+00,9.715012031142949978e-01,8.361490669879222404e-01,7.336527418933320721e-01,6.149141976371366169e-01,5.286637281436332714e-01,4.258518715122960319e-01
1.228866895967370532e+00,1.086748850188435256e+00,9.726749568841339677e-01,8.370455302793979868e-01,7.342835772173545994e-01,6.152964189388732130e-01,5.288560545058706985e-01,4.258493825854196002e-01
1.230580842344531023e+00,1.088228136887739117e+00,9.738516151311173985e-01,8.379446066709413943e-01,7.349162761883966111e-01,6.156800449534955977e-01,5.290493625116468035e-01,4.258475876587041187e-01
1.232297688729518503e+00,1.089710794146898865e+00,9.750311904872938085e-01,8.388463086384837508e-01,7.355508463876802017e-01,6.160650805336905789e-01,5.292436543029156448e-01,4.258464870728661533e-01
1.234017437608032397e+00,1.091196833967970958e+00,9.762136956871303450e-01,8.397506487673644937e-01,7.361872954590649165e-01,6.164515305738241802e-01,5.294389320402418386e-01,4.258460811749024133e-01
1.235740091441216659e+00,1.092686268441902087e+00,9.773991435684997731e-01,8.406576397534113454e-01,7.368256311096351707e-01,6.168394000103274433e-01,5.296351979029551016e-01,4.258463703181252225e-01
1.237465652665285853e+00,1.094179109749369605e+00,9.785875470736797865e-01,8.415672944040333281e-01,7.374658611102908878e-01,6.172286938220865604e-01,5.298324540893065704e-01,4.258473548621987681e-01
1.239194123691148119e+00,1.095675370161629969e+00,9.797789192503640887e-01,8.424796256393239924e-01,7.381079932963451329e-01,6.176194170308377807e-01,5.300307028166258982e-01,4.258490351731748502e-01
1.240925506904022591e+00,1.097175062041375382e+00,9.809732732526801335e-01,8.433946464931759701e-01,7.387520355681290729e-01,6.180115747015659800e-01,5.302299463214810160e-01,4.258514116235296854e-01
1.242659804663053924e+00,1.098678197843600657e+00,9.821706223422217441e-01,8.443123701144098492e-01,7.393979958915999351e-01,6.184051719429066729e-01,5.304301868598386704e-01,4.258544845922007660e-01
1.244397019300921725e+00,1.100184790116478073e+00,9.833709798890916121e-01,8.452328097679130403e-01,7.400458822989587349e-01,6.188002139075521324e-01,5.306314267072267388e-01,4.258582544646243861e-01
1.246137153123445751e+00,1.101694851502240002e+00,9.845743593729540111e-01,8.461559788357893019e-01,7.406957028892733330e-01,6.191967057926620610e-01,5.308336681588978756e-01,4.258627216327731668e-01
1.247880208409187563e+00,1.103208394738071529e+00,9.857807743840997228e-01,8.470818908185225871e-01,7.413474658291064889e-01,6.195946528402787035e-01,5.310369135299954912e-01,4.258678864951946363e-01
1.249626187409045963e+00,1.104725432657009732e+00,9.869902386245205106e-01,8.480105593361525473e-01,7.420011793531523514e-01,6.199940603377458448e-01,5.312411651557211734e-01,4.258737494570499771e-01
1.251375092345849316e+00,1.106245978188854950e+00,9.882027659089964722e-01,8.489419981294612505e-01,7.426568517648793888e-01,6.203949336181318053e-01,5.314464253915033298e-01,4.258803109301523837e-01
1.253126925413942550e+00,1.107770044361090500e+00,9.894183701661964925e-01,8.498762210611746637e-01,7.433144914371787593e-01,6.207972780606566543e-01,5.316526966131673859e-01,4.258875713330070867e-01
1.254881688778770599e+00,1.109297644299808816e+00,9.906370654397880227e-01,8.508132421171750170e-01,7.439741068130205637e-01,6.212010990911253083e-01,5.318599812171087571e-01,4.258955310908513203e-01
1.256639384576455409e+00,1.110828791230650037e+00,9.918588658895581833e-01,8.517530754077250466e-01,7.446357064061175368e-01,6.216064021823642927e-01,5.320682816204668208e-01,4.259041906356944573e-01
1.258400014913369835e+00,1.112363498479747692e+00,9.930837857925494117e-01,8.526957351687081132e-01,7.452992988015947340e-01,6.220131928546609457e-01,5.322776002612998880e-01,4.259135504063589206e-01
1.260163581865707316e+00,1.113901779474686382e+00,9.943118395442068769e-01,8.536412357628804237e-01,7.459648926566656568e-01,6.224214766762091733e-01,5.324879395987633934e-01,4.259236108485212058e-01
1.261930087479043561e+00,1.115443647745465672e+00,9.955430416595374421e-01,8.545895916811351301e-01,7.466324967013169278e-01,6.228312592635604217e-01,5.326993021132890860e-01,4.259343724147540700e-01
1.263699533767896455e+00,1.116989116925475312e+00,9.967774067742810606e-01,8.555408175437804186e-01,7.473021197390002923e-01,6.232425462820776474e-01,5.329116903067652178e-01,4.259458355645683314e-01
1.265471922715280639e+00,1.118538200752480449e+00,9.980149496460960501e-01,8.564949281018310323e-01,7.479737706473305048e-01,6.236553434463946166e-01,5.331251067027203971e-01,4.259580007644553912e-01
1.267247256272257205e+00,1.120090913069614169e+00,9.992556851557549136e-01,8.574519382383157806e-01,7.486474583787922077e-01,6.240696565208797564e-01,5.333395538465077745e-01,4.259708684879300322e-01
1.269025536357476058e+00,1.121647267826382466e+00,1.000499628308356259e+00,8.584118629695962621e-01,7.493231919614533609e-01,6.244854913201047797e-01,5.335550343054915601e-01,4.259844392155741621e-01
1.270806764856714954e+00,1.123207279079678322e+00,1.001746794234547266e+00,8.593747174466997985e-01,7.500009804996862206e-01,6.249028537093189728e-01,5.337715506692358725e-01,4.259987134350814442e-01
1.272590943622414983e+00,1.124770960994805558e+00,1.002997198191761363e+00,8.603405169566680222e-01,7.506808331748979768e-01,6.253217496049272572e-01,5.339891055496941430e-01,4.260136916413008734e-01
1.274378074473208944e+00,1.126338327846512222e+00,1.004250855565470335e+00,8.613092769239201196e-01,7.513627592462661653e-01,6.257421849749730258e-01,5.342077015814012952e-01,4.260293743362817964e-01
1.276168159193443952e+00,1.127909394020033984e+00,1.005507781870445649e+00,8.622810129116277311e-01,7.520467680514837383e-01,6.261641658396271959e-01,5.344273414216681450e-01,4.260457620293195968e-01
1.277961199532699821e+00,1.129484174012148179e+00,1.006767992752038099e+00,8.632557406231072816e-01,7.527328690075127948e-01,6.265876982716814814e-01,5.346480277507775769e-01,4.260628552370014921e-01
1.279757197205303454e+00,1.131062682432238953e+00,1.008031503987471433e+00,8.642334759032277436e-01,7.534210716113455275e-01,6.270127883970465499e-01,5.348697632721819417e-01,4.260806544832528298e-01
1.281556153889835015e+00,1.132644934003371295e+00,1.009298331487147760e+00,8.652142347398311673e-01,7.541113854407730521e-01,6.274394423952558419e-01,5.350925507127033409e-01,4.260991602993842164e-01
1.283358071228630326e+00,1.134230943563375504e+00,1.010568491295968485e+00,8.661980332651700865e-01,7.548038201551641180e-01,6.278676664999750523e-01,5.353163928227353541e-01,4.261183732241384248e-01
1.285162950827277495e+00,1.135820726065943420e+00,1.011841999594671693e+00,8.671848877573589132e-01,7.554983854962513679e-01,6.282974669995157191e-01,5.355412923764469868e-01,4.261382938037386880e-01
1.286970794254107098e+00,1.137414296581734208e+00,1.013118872701182838e+00,8.681748146418427625e-01,7.561950912889254806e-01,6.287288502373543642e-01,5.357672521719887282e-01,4.261589225919368285e-01
1.288781603039680590e+00,1.139011670299491463e+00,1.014399127071980100e+00,8.691678304928824872e-01,7.568939474420381952e-01,6.291618226126578506e-01,5.359942750316999405e-01,4.261802601500619403e-01
1.290595378676267835e+00,1.140612862527168758e+00,1.015682779303476391e+00,8.701639520350535895e-01,7.575949639492165488e-01,6.295963905808140693e-01,5.362223638023201344e-01,4.262023070470704056e-01
1.292412122617319303e+00,1.142217888693068950e+00,1.016969846133416233e+00,8.711631961447612316e-01,7.582981508896847744e-01,6.300325606539676215e-01,5.364515213552003559e-01,4.262250638595956320e-01
1.294231836276938052e+00,1.143826764346995262e+00,1.018260344442288856e+00,8.721655798517756741e-01,7.590035184290926384e-01,6.304703394015607198e-01,5.366817505865171256e-01,4.262485311719981240e-01
1.296054521029340600e+00,1.145439505161408356e+00,1.019554291254757938e+00,8.731711203407804822e-01,7.597110768203569897e-01,6.309097334508811938e-01,5.369130544174901543e-01,4.262727095764167751e-01
1.297880178208312696e+00,1.147056126932598508e+00,1.020851703741105343e+00,8.741798349529381618e-01,7.604208364045103030e-01,6.313507494876148263e-01,5.371454357945999458e-01,4.262975996728203820e-01
1.299708809106660201e+00,1.148676645581867994e+00,1.022152599218692837e+00,8.751917411874742259e-01,7.611328076115603247e-01,6.317933942564040173e-01,5.373788976898095093e-01,4.263232020690595481e-01
1.301540414975654647e+00,1.150301077156724583e+00,1.023456995153442683e+00,8.762068567032778033e-01,7.618470009613582672e-01,6.322376745614127769e-01,5.376134431007868475e-01,4.263495173809198069e-01
1.303374997024471460e+00,1.151929437832085679e+00,1.024764909161331117e+00,8.772251993205203435e-01,7.625634270644761070e-01,6.326835972668961583e-01,5.378490750511299989e-01,4.263765462321741917e-01
1.305212556419620418e+00,1.153561743911493798e+00,1.026076359009901129e+00,8.782467870222907536e-01,7.632820966230967619e-01,6.331311692977773520e-01,5.380857965905956330e-01,4.264042892546370256e-01
1.307053094284372552e+00,1.155198011828344917e+00,1.027391362619794801e+00,8.792716379562499629e-01,7.640030204319112617e-01,6.335803976402307747e-01,5.383236107953282001e-01,4.264327470882188775e-01
1.308896611698180612e+00,1.156838258147127929e+00,1.028709938066300067e+00,8.802997704363036968e-01,7.647262093790263560e-01,6.340312893422693774e-01,5.385625207680920790e-01,4.264619203809807968e-01
1.310743109696092645e+00,1.158482499564674084e+00,1.030032103580917013e+00,8.813312029442917916e-01,7.654516744468857770e-01,6.344838515143398361e-01,5.388025296385067220e-01,4.264918097891899351e-01
1.312592589268158250e+00,1.160130752911417762e+00,1.031357877552942615e+00,8.823659541316982713e-01,7.661794267131990521e-01,6.349380913299249585e-01,5.390436405632831329e-01,4.265224159773758350e-01
1.314445051358828831e+00,1.161783035152672561e+00,1.032687278531073449e+00,8.834040428213801865e-01,7.669094773518813080e-01,6.353940160261505321e-01,5.392858567264633418e-01,4.265537396183863850e-01
1.316300496866351866e+00,1.163439363389916048e+00,1.034020325225029069e+00,8.844454880093152171e-01,7.676418376340042871e-01,6.358516329043980564e-01,5.395291813396622116e-01,4.265857813934456622e-01
1.318158926642158502e+00,1.165099754862085391e+00,1.035357036507193351e+00,8.854903088663682587e-01,7.683765189287603548e-01,6.363109493309264675e-01,5.397736176423114651e-01,4.266185419922117750e-01
1.320020341490243609e+00,1.166764226946889416e+00,1.036697431414275172e+00,8.865385247400779933e-01,7.691135327044352765e-01,6.367719727374995253e-01,5.400191689019065988e-01,4.266520221128345947e-01
1.321884742166540727e+00,1.168432797162128667e+00,1.038041529148989506e+00,8.875901551564645553e-01,7.698528905293927638e-01,6.372347106220185298e-01,5.402658384142560166e-01,4.266862224620154853e-01
1.323752129378289011e+00,1.170105483167027671e+00,1.039389349081758285e+00,8.886452198218550702e-01,7.705946040730727864e-01,6.376991705491636964e-01,5.405136295037329397e-01,4.267211437550669229e-01
1.325622503783391526e+00,1.171782302763581196e+00,1.040740910752433246e+00,8.897037386247330648e-01,7.713386851069985450e-01,6.381653601510411944e-01,5.407625455235292034e-01,4.267567867159722805e-01
1.327495865989770651e+00,1.173463273897910941e+00,1.042096233872037869e+00,8.907657316376069723e-01,7.720851455057978763e-01,6.386332871278375123e-01,5.410125898559126068e-01,4.267931520774471132e-01
1.329372216554713049e+00,1.175148414661635332e+00,1.043455338324530857e+00,8.918312191188979554e-01,7.728339972482362041e-01,6.391029592484818167e-01,5.412637659124868161e-01,4.268302405810009414e-01
1.331251555984209967e+00,1.176837743293252636e+00,1.044818244168592924e+00,8.929002215148517108e-01,7.735852524182627032e-01,6.395743843513130855e-01,5.415160771344529334e-01,4.268680529769988130e-01
1.333133884732289332e+00,1.178531278179534514e+00,1.046184971639433581e+00,8.939727594614718109e-01,7.743389232060665650e-01,6.400475703447559006e-01,5.417695269928742841e-01,4.269065900247243639e-01
1.335019203200338511e+00,1.180229037856930896e+00,1.047555541150621439e+00,8.950488537864741412e-01,7.750950219091481408e-01,6.405225252080049003e-01,5.420241189889442035e-01,4.269458524924436005e-01
1.336907511736423082e+00,1.181931041012990846e+00,1.048929973295936291e+00,8.961285255112643178e-01,7.758535609334046290e-01,6.409992569917144500e-01,5.422798566542564869e-01,4.269858411574689594e-01
1.338798810634597380e+00,1.183637306487794083e+00,1.050308288851244942e+00,8.972117958529368664e-01,7.766145527942260873e-01,6.414777738186960843e-01,5.425367435510791703e-01,4.270265568062240891e-01
1.340693100134206617e+00,1.185347853275393382e+00,1.051690508776401689e+00,8.982986862262980488e-01,7.773780101176062107e-01,6.419580838846244975e-01,5.427947832726295330e-01,4.270680002343090198e-01
1.342590380419180995e+00,1.187062700525271852e+00,1.053076654217171226e+00,8.993892182459126694e-01,7.781439456412672095e-01,6.424401954587509733e-01,5.430539794433529854e-01,4.271101722465667216e-01
1.344490651617324284e+00,1.188781867543812432e+00,1.054466746507176422e+00,9.004834137281727546e-01,7.789123722157987872e-01,6.429241168846248078e-01,5.433143357192053990e-01,4.271530736571502174e-01
1.346393913799593500e+00,1.190505373795778032e+00,1.055860807169870963e+00,9.015812946933925431e-01,7.796833028058109960e-01,6.434098565808216152e-01,5.435758557879369901e-01,4.271967052895899175e-01
1.348300166979369941e+00,1.192233238905807235e+00,1.057258857920537753e+00,9.026828833679262365e-01,7.804567504911019693e-01,6.438974230416804057e-01,5.438385433693806448e-01,4.272410679768619546e-01
1.350209411111724433e+00,1.193965482659921085e+00,1.058660920668313299e+00,9.037882021863107296e-01,7.812327284678399764e-01,6.443868248380487662e-01,5.441024022157420204e-01,4.272861625614570169e-01
1.352121646092673268e+00,1.195702125007041206e+00,1.060067017518236288e+00,9.048972737934333210e-01,7.820112500497616859e-01,6.448780706180361477e-01,5.443674361118931992e-01,4.273319898954503482e-01
1.354036871758425686e+00,1.197443186060523246e+00,1.061477170773326817e+00,9.060101210467268462e-01,7.827923286693847515e-01,6.453711691077762547e-01,5.446336488756695626e-01,4.273785508405721356e-01
1.355955087884624932e+00,1.199188686099700973e+00,1.062891402936689156e+00,9.071267670183876808e-01,7.835759778792364960e-01,6.458661291121968739e-01,5.449010443581694396e-01,4.274258462682787862e-01
1.357876294185581312e+00,1.200938645571445251e+00,1.064309736713644039e+00,9.082472349976211667e-01,7.843622113530986928e-01,6.463629595157976970e-01,5.451696264440571982e-01,4.274738770598248139e-01
1.359800490313494148e+00,1.202693085091734337e+00,1.065732195013890493e+00,9.093715484929159043e-01,7.851510428872682246e-01,6.468616692834390225e-01,5.454393990518688895e-01,4.275226441063354477e-01
1.361727675857667741e+00,1.204452025447235064e+00,1.067158800953694087e+00,9.104997312343413585e-01,7.859424864018360601e-01,6.473622674611375638e-01,5.457103661343223333e-01,4.275721483088805730e-01
1.363657850343718669e+00,1.206215487596900671e+00,1.068589577858107376e+00,9.116318071758764408e-01,7.867365559419803311e-01,6.478647631768709170e-01,5.459825316786292015e-01,4.276223905785483392e-01
1.365591013232773987e+00,1.207983492673579295e+00,1.070024549263216551e+00,9.127678004977635151e-01,7.875332656792791708e-01,6.483691656413934634e-01,5.462558997068110989e-01,4.276733718365207659e-01
1.367527163920661870e+00,1.209756061985633790e+00,1.071463738918423836e+00,9.139077356088917137e-01,7.883326299130404280e-01,6.488754841490588232e-01,5.465304742760189738e-01,4.277250930141495155e-01
1.369466301737093383e+00,1.211533217018577524e+00,1.072907170788757636e+00,9.150516371492111167e-01,7.891346630716477017e-01,6.493837280786527444e-01,5.468062594788555275e-01,4.277775550530318882e-01
1.371408425944835141e+00,1.213314979436720176e+00,1.074354869057215112e+00,9.161995299921729119e-01,7.899393797139279139e-01,6.498939068942359842e-01,5.470832594437017304e-01,4.278307589050889259e-01
1.373353535738872644e+00,1.215101371084826187e+00,1.075806858127140719e+00,9.173514392472018608e-01,7.907467945305357571e-01,6.504060301459950733e-01,5.473614783350460034e-01,4.278847055326437943e-01
1.375301630245566731e+00,1.216892413989788757e+00,1.077263162624631843e+00,9.185073902621975206e-01,7.915569223453574610e-01,6.509201074711056245e-01,5.476409203538171733e-01,4.279393959085002752e-01
1.377252708521796709e+00,1.218688130362312272e+00,1.078723807400983281e+00,9.196674086260669956e-01,7.923697781169343202e-01,6.514361485946029706e-01,5.479215897377220923e-01,4.279948310160228697e-01
1.379206769554099932e+00,1.220488542598609172e+00,1.080188817535166601e+00,9.208315201712903297e-01,7.931853769399049847e-01,6.519541633302634587e-01,5.482034907615858099e-01,4.280510118492179550e-01
1.381163812257800050e+00,1.222293673282110138e+00,1.081658218336341903e+00,9.219997509765143207e-01,7.940037340464709548e-01,6.524741615814981799e-01,5.484866277376948540e-01,4.281079394128148308e-01
1.383123835476123720e+00,1.224103545185186048e+00,1.083132035346407562e+00,9.231721273691824159e-01,7.948248648078806156e-01,6.529961533422538045e-01,5.487710050161458408e-01,4.281656147223486530e-01
1.385086837979311980e+00,1.225918181270881702e+00,1.084610294342587711e+00,9.243486759281964726e-01,7.956487847359335897e-01,6.535201486979250740e-01,5.490566269851964165e-01,4.282240388042440338e-01
1.387052818463719417e+00,1.227737604694660645e+00,1.086093021340058140e+00,9.255294234866114911e-01,7.964755094845104022e-01,6.540461578262785070e-01,5.493434980716204175e-01,4.282832126958985297e-01
1.389021775550904225e+00,1.229561838806165541e+00,1.087580242594608615e+00,9.267143971343639874e-01,7.973050548511219082e-01,6.545741909983874285e-01,5.496316227410680266e-01,4.283431374457684071e-01
1.390993707786708944e+00,1.231390907150985425e+00,1.089071984605344268e+00,9.279036242210357832e-01,7.981374367784813684e-01,6.551042585795772144e-01,5.499210054984291496e-01,4.284038141134544064e-01
1.392968613640332975e+00,1.233224833472439830e+00,1.090568274117431402e+00,9.290971323586543207e-01,7.989726713561001725e-01,6.556363710303809711e-01,5.502116508881996770e-01,4.284652437697885619e-01
1.394946491503394670e+00,1.235063641713374238e+00,1.092069138124882155e+00,9.302949494245271733e-01,7.998107748219080992e-01,6.561705389075077610e-01,5.505035634948529655e-01,4.285274274969229635e-01
1.396927339688980751e+00,1.236907356017962645e+00,1.093574603873381124e+00,9.314971035641135266e-01,8.006517635638968899e-01,6.567067728648225966e-01,5.507967479432156477e-01,4.285903663884177428e-01
1.398911156430689529e+00,1.238756000733524321e+00,1.095084698863156847e+00,9.327036231939345168e-01,8.014956541217888031e-01,6.572450836543375363e-01,5.510912088988471069e-01,4.286540615493311113e-01
1.400897939881663001e+00,1.240609600412353686e+00,1.096599450851894808e+00,9.339145370045189853e-01,8.023424631887321468e-01,6.577854821272148822e-01,5.513869510684232811e-01,4.287185140963106766e-01
1.402887688113607201e+00,1.242468179813559948e+00,1.098118887857700177e+00,9.351298739633897572e-01,8.031922076130200150e-01,6.583279792347821457e-01,5.516839792001245746e-01,4.287837251576845365e-01
1.404880399115804535e+00,1.244331763904916066e+00,1.099643038162104958e+00,9.363496633180903306e-01,8.040449043998372236e-01,6.588725860295594483e-01,5.519822980840283222e-01,4.288496958735543152e-01
1.406876070794116140e+00,1.246200377864720821e+00,1.101171930313120884e+00,9.375739345992484264e-01,8.049005707130366671e-01,6.594193136663006882e-01,5.522819125525062489e-01,4.289164273958888107e-01
1.408874700969971361e+00,1.248074047083670646e+00,1.102705593128343819e+00,9.388027176236829474e-01,8.057592238769396564e-01,6.599681734030458102e-01,5.525828274806254825e-01,4.289839208886188637e-01
1.410876287379347227e+00,1.249952797166741014e+00,1.104244055698107241e+00,9.400360424975520157e-01,8.066208813781667875e-01,6.605191766021867306e-01,5.528850477865542290e-01,4.290521775277332250e-01
1.412880827671741280e+00,1.251836653935078036e+00,1.105787347388685671e+00,9.412739396195434205e-01,8.074855608674998964e-01,6.610723347315471399e-01,5.531885784319728883e-01,4.291211985013754227e-01
1.414888319409128847e+00,1.253725643427901160e+00,1.107335497845551631e+00,9.425164396841081427e-01,8.083532801617707708e-01,6.616276593654745186e-01,5.534934244224894995e-01,4.291909850099415724e-01
1.416898760064911000e+00,1.255619791904414528e+00,1.108888536996687657e+00,9.437635736847402868e-01,8.092240572457818359e-01,6.621851621859462522e-01,5.537995908080596275e-01,4.292615382661791323e-01
1.418912147022853398e+00,1.257519125845728114e+00,1.110446495055951388e+00,9.450153729172979800e-01,8.100979102742609239e-01,6.627448549836897351e-01,5.541070826834106899e-01,4.293328594952874888e-01
1.420928477576012705e+00,1.259423671956787061e+00,1.112009402526497048e+00,9.462718689833726771e-01,8.109748575738450205e-01,6.633067496593174628e-01,5.544159051884729461e-01,4.294049499350188204e-01
1.422947748925652567e+00,1.261333457168309469e+00,1.113577290204256665e+00,9.475330937937067599e-01,8.118549176450985394e-01,6.638708582244750023e-01,5.547260635088138159e-01,4.294778108357802382e-01
1.424969958180147600e+00,1.263248508638733725e+00,1.115150189181479234e+00,9.487990795716549908e-01,8.127381091645663469e-01,6.644371928030040619e-01,5.550375628760779723e-01,4.295514434607376475e-01
1.426995102353877387e+00,1.265168853756173384e+00,1.116728130850331402e+00,9.500698588566983682e-01,8.136244509868599817e-01,6.650057656321215482e-01,5.553504085684328739e-01,4.296258490859197754e-01
1.429023178366109148e+00,1.267094520140378489e+00,1.118311146906560305e+00,9.513454645080064997e-01,8.145139621467810676e-01,6.655765890636126114e-01,5.556646059110188496e-01,4.297010290003240862e-01
1.431054183039867977e+00,1.269025535644705549e+00,1.119899269353221039e+00,9.526259297080507116e-01,8.154066618614806972e-01,6.661496755650397894e-01,5.559801602764052886e-01,4.297769845060240845e-01
1.433088113100796424e+00,1.270961928358093518e+00,1.121492530504470064e+00,9.539112879662688949e-01,8.163025695326586728e-01,6.667250377209676948e-01,5.562970770850512725e-01,4.298537169182768403e-01
1.435124965176002076e+00,1.272903726607044650e+00,1.123090962989425234e+00,9.552015731227833095e-01,8.172017047487982744e-01,6.673026882342035782e-01,5.566153618057729791e-01,4.299312275656326232e-01
1.437164735792894055e+00,1.274850958957614688e+00,1.124694599756097091e+00,9.564968193521735662e-01,8.181040872874417724e-01,6.678826399270546554e-01,5.569350199562159709e-01,4.300095177900450372e-01
1.439207421378006835e+00,1.276803654217404604e+00,1.126303474075390110e+00,9.577970611673033430e-01,8.190097371175091290e-01,6.684649057426022001e-01,5.572560571033333687e-01,4.300885889469831525e-01
1.441253018255814089e+00,1.278761841437557889e+00,1.127917619545177219e+00,9.591023334232037234e-01,8.199186744016567774e-01,6.690494987459922882e-01,5.575784788638701306e-01,4.301684424055448597e-01
1.443301522647529200e+00,1.280725549914766059e+00,1.129537070094450701e+00,9.604126713210174859e-01,8.208309194986762591e-01,6.696364321257436414e-01,5.579022909048525491e-01,4.302490795485704456e-01
1.445352930669892233e+00,1.282694809193271501e+00,1.131161859987549034e+00,9.617281104119971280e-01,8.217464929659437090e-01,6.702257191950741211e-01,5.582274989440840773e-01,4.303305017727586668e-01
1.447407238333949575e+00,1.284669649066876529e+00,1.132792023828463446e+00,9.630486866015660619e-01,8.226654155619107511e-01,6.708173733932443206e-01,5.585541087506478153e-01,4.304127104887834898e-01
1.449464441543817150e+00,1.286650099580955997e+00,1.134427596565227292e+00,9.643744361534434262e-01,8.235877082486406930e-01,6.714114082869196976e-01,5.588821261454151035e-01,4.304957071214126074e-01
1.451524536095431195e+00,1.288636191034469025e+00,1.136068613494388924e+00,9.657053956938260741e-01,8.245133921943984534e-01,6.720078375715523578e-01,5.592115570015598891e-01,4.305794931096268985e-01
1.453587517675290153e+00,1.290627953981972498e+00,1.137715110265569596e+00,9.670416022156407276e-01,8.254424887762830121e-01,6.726066750727803800e-01,5.595424072450797537e-01,4.306640699067412204e-01
1.455653381859181694e+00,1.292625419235634787e+00,1.139367122886111972e+00,9.683830930828600803e-01,8.263750195829149270e-01,6.732079347478476805e-01,5.598746828553242683e-01,4.307494389805273105e-01
1.457722124110897743e+00,1.294628617867250808e+00,1.141024687725819220e+00,9.697299060348845146e-01,8.273110064171758093e-01,6.738116306870444161e-01,5.602083898655293437e-01,4.308356018133376319e-01
1.459793739780936184e+00,1.296637581210252410e+00,1.142687841521787151e+00,9.710820791909958727e-01,8.282504712989988693e-01,6.744177771151663725e-01,5.605435343633581313e-01,4.309225599022302733e-01
1.461868224105190794e+00,1.298652340861716770e+00,1.144356621383335604e+00,9.724396510548798389e-01,8.291934364682181924e-01,6.750263883929953357e-01,5.608801224914503614e-01,4.310103147590959027e-01
1.463945572203629197e+00,1.300672928684375229e+00,1.146031064797037091e+00,9.738026605192198204e-01,8.301399243874728606e-01,6.756374790188016677e-01,5.612181604479775654e-01,4.310988679107862209e-01
1.466025779078956370e+00,1.302699376808614806e+00,1.147711209631847362e+00,9.751711468703678776e-01,8.310899577451679177e-01,6.762510636298677547e-01,5.615576544872052933e-01,4.311882208992434129e-01
1.468108839615265504e+00,1.304731717634474153e+00,1.149397094144342768e+00,9.765451497930893732e-01,8.320435594584995043e-01,6.768671570040341035e-01,5.618986109200638790e-01,4.312783752816317095e-01
1.470194748576675980e+00,1.306769983833635296e+00,1.151088756984066430e+00,9.779247093753833386e-01,8.330007526765402792e-01,6.774857740612676427e-01,5.622410361147263114e-01,4.313693326304701148e-01
1.472283500605959583e+00,1.308814208351407826e+00,1.152786237198984987e+00,9.793098661133861071e-01,8.339615607833862354e-01,6.781069298652521171e-01,5.625849364971928779e-01,4.314610945337667425e-01
1.474375090223152274e+00,1.310864424408703099e+00,1.154489574241061245e+00,9.807006609163542166e-01,8.349260074013709065e-01,6.787306396250037954e-01,5.629303185518849117e-01,4.315536625951552074e-01
1.476469511824151981e+00,1.312920665503999995e+00,1.156198807971945408e+00,9.820971351117311343e-01,8.358941163943489627e-01,6.793569186965109363e-01,5.632771888222467549e-01,4.316470384340324595e-01
1.478566759679305065e+00,1.314982965415301130e+00,1.157913978668785537e+00,9.834993304502976930e-01,8.368659118710483069e-01,6.799857825843972359e-01,5.636255539113538271e-01,4.317412236856977281e-01
1.480666827931978569e+00,1.317051358202074418e+00,1.159635127030168134e+00,9.849072891114120099e-01,8.378414181884920042e-01,6.806172469436108097e-01,5.639754204825310202e-01,4.318362200014936869e-01
1.482769710597117596e+00,1.319125878207181302e+00,1.161362294182187282e+00,9.863210537083410001e-01,8.388206599554954845e-01,6.812513275811388214e-01,5.643267952599796411e-01,4.319320290489497838e-01
1.484875401559792252e+00,1.321206560058792556e+00,1.163095521684643918e+00,9.877406672936793752e-01,8.398036620362405724e-01,6.818880404577490895e-01,5.646796850294119041e-01,4.320286525119265697e-01
1.486983894573728371e+00,1.323293438672286770e+00,1.164834851537386751e+00,9.891661733648654531e-01,8.407904495539271217e-01,6.825274016897581175e-01,5.650340966386948605e-01,4.321260920907619152e-01
1.489095183259824706e+00,1.325386549252128177e+00,1.166580326186793304e+00,9.905976158697935574e-01,8.417810478945066954e-01,6.831694275508259917e-01,5.653900369985028762e-01,4.322243495024193360e-01
1.491209261104659456e+00,1.327485927293728052e+00,1.168331988532396393e+00,9.920350392125266703e-01,8.427754827104969593e-01,6.838141344737811433e-01,5.657475130829805465e-01,4.323234264806381510e-01
1.493326121458979916e+00,1.329591608585285245e+00,1.170089881933664255e+00,9.934784882591090049e-01,8.437737799248850035e-01,6.844615390524730891e-01,5.661065319304144916e-01,4.324233247760853605e-01
1.495445757536178810e+00,1.331703629209600281e+00,1.171854050216933896e+00,9.949280083434843824e-01,8.447759657351170404e-01,6.851116580436542591e-01,5.664671006439138123e-01,4.325240461565094674e-01
1.497568162410758408e+00,1.333822025545867707e+00,1.173624537682504965e+00,9.963836452735215232e-01,8.457820666171804724e-01,6.857645083688941323e-01,5.668292263921019813e-01,4.326255924068962977e-01
1.499693329016778653e+00,1.335946834271440897e+00,1.175401389111901063e+00,9.978454453371493615e-01,8.467921093297807733e-01,6.864201071165210166e-01,5.671929164098181708e-01,4.327279653296270956e-01
1.501821250146292197e+00,1.338078092363567340e+00,1.177184649775299130e+00,9.993134553086052696e-01,8.478061209186142921e-01,6.870784715435985790e-01,5.675581779988283504e-01,4.328311667446382849e-01
1.503951918447767877e+00,1.340215837101094376e+00,1.178974365439136474e+00,1.000787722454799411e+00,8.488241287207415331e-01,6.877396190779344609e-01,5.679250185285480423e-01,4.329351984895831174e-01
1.506085326424495774e+00,1.342360106066140313e+00,1.180770582373898980e+00,1.002268294541797777e+00,8.498461603690643518e-01,6.884035673201205352e-01,5.682934454367757349e-01,4.330400624199962079e-01
1.508221466432981384e+00,1.344510937145731333e+00,1.182573347362098293e+00,1.003755219841428570e+00,8.508722437969100660e-01,6.890703340456090231e-01,5.686634662304361765e-01,4.331457604094591796e-01
1.510360330681325358e+00,1.346668368533400439e+00,1.184382707706441495e+00,1.005248547138014814e+00,8.519024072427230365e-01,6.897399372068225842e-01,5.690350884863355496e-01,4.332522943497693069e-01
1.512501911227586593e+00,1.348832438730748207e+00,1.186198711238199532e+00,1.006748325735232541e+00,8.529366792548742637e-01,6.904123949353015988e-01,5.694083198519287459e-01,4.333596661511103787e-01
1.514646199978136210e+00,1.351003186548957791e+00,1.188021406325783902e+00,1.008254605463106079e+00,8.539750886965850052e-01,6.910877255438865330e-01,5.697831680460990755e-01,4.334678777422251716e-01
1.516793188685993776e+00,1.353180651110265753e+00,1.189850841883535626e+00,1.009767436685138797e+00,8.550176647509714067e-01,6.917659475289384963e-01,5.701596408599484134e-01,4.335769310705910873e-01
1.518942868949148872e+00,1.355364871849385811e+00,1.191687067380733600e+00,1.011286870305579955e+00,8.560644369262169207e-01,6.924470795726004324e-01,5.705377461575995568e-01,4.336868281025971772e-01
1.521095232208870662e+00,1.357555888514879294e+00,1.193530132850830316e+00,1.012812957776840772e+00,8.571154350608692907e-01,6.931311405450957253e-01,5.709174918770136831e-01,4.337975708237246097e-01
1.523250269748003261e+00,1.359753741170475427e+00,1.195380088900924953e+00,1.014345751107058158e+00,8.581706893292739835e-01,6.938181495070667726e-01,5.712988860308185757e-01,4.339091612387291352e-01
1.525407972689244662e+00,1.361958470196330540e+00,1.197236986721473828e+00,1.015885302867806761e+00,8.592302302471455100e-01,6.945081257119584128e-01,5.716819367071513946e-01,4.340216013718258270e-01
1.527568331993414352e+00,1.364170116290227552e+00,1.199100878096253098e+00,1.017431666201971563e+00,8.602940886772768581e-01,6.952010886084418750e-01,5.720666520705152136e-01,4.341348932668767091e-01
1.529731338457706924e+00,1.366388720468714402e+00,1.200971815412581467e+00,1.018984894831780341e+00,8.613622958354005821e-01,6.958970578428832487e-01,5.724530403626482133e-01,4.342490389875810486e-01
1.531896982713928379e+00,1.368614324068172738e+00,1.202849851671809134e+00,1.020545043067001778e+00,8.624348832961987732e-01,6.965960532618579171e-01,5.728411099034083076e-01,4.343640406176684232e-01
1.534065255226720437e+00,1.370846968745815353e+00,1.204735040500082288e+00,1.022112165813314544e+00,8.635118829994680167e-01,6.972980949147101759e-01,5.732308690916726457e-01,4.344799002610937322e-01
1.536236146291772187e+00,1.373086696480608104e+00,1.206627436159393163e+00,1.023686318580851795e+00,8.645933272564493288e-01,6.980032030561601486e-01,5.736223264062515481e-01,4.345966200422358705e-01
1.538409646034017086e+00,1.375333549574115910e+00,1.208527093558924959e+00,1.025267557492925086e+00,8.656792487563234051e-01,6.987113981489609937e-01,5.740154904068180963e-01,4.347142021060992345e-01
1.540585744405812862e+00,1.377587570651263471e+00,1.210434068266700747e+00,1.026855939294937015e+00,8.667696805728771769e-01,6.994227008666058509e-01,5.744103697348537096e-01,4.348326486185175033e-01
1.542764431185112528e+00,1.379848802661007623e+00,1.212348416521549010e+00,1.028451521363484611e+00,8.678646561713504459e-01,7.001371320960855238e-01,5.748069731146101535e-01,4.349519617663608062e-01
1.544945695973620525e+00,1.382117288876919758e+00,1.214270195245392925e+00,1.030054361715656563e+00,8.689642094154689245e-01,7.008547129407001197e-01,5.752053093540883122e-01,4.350721437577461659e-01
1.547129528194931991e+00,1.384393072897670329e+00,1.216199462055877145e+00,1.031664519018537618e+00,8.700683745746629061e-01,7.015754647229246466e-01,5.756053873460340586e-01,4.351931968222506608e-01
1.549315917092661143e+00,1.386676198647412761e+00,1.218136275279341429e+00,1.033282052598918366e+00,8.711771863314861086e-01,7.022994089873311196e-01,5.760072160689511112e-01,4.353151232111279190e-01
1.551504851728556345e+00,1.388966710376059233e+00,1.220080693964155305e+00,1.034907022453222636e+00,8.722906797892376884e-01,7.030265675035669570e-01,5.764108045881319864e-01,4.354379251975278864e-01
1.553696320980601175e+00,1.391264652659446766e+00,1.222032777894424438e+00,1.036539489257658042e+00,8.734088904797915331e-01,7.037569622693932159e-01,5.768161620567089365e-01,4.355616050767200931e-01
1.555890313541102854e+00,1.393570070399385186e+00,1.223992587604081583e+00,1.038179514378591684e+00,8.745318543716482651e-01,7.044906155137841131e-01,5.772232977167225387e-01,4.356861651663197499e-01
1.558086817914766886e+00,1.395883008823579186e+00,1.225960184391374552e+00,1.039827159883160990e+00,8.756596078782100667e-01,7.052275497000888294e-01,5.776322209002100472e-01,4.358116078065176202e-01
1.560285822416758394e+00,1.398203513485424709e+00,1.227935630333766071e+00,1.041482488550130370e+00,8.767921878662850999e-01,7.059677875292569293e-01,5.780429410303142834e-01,4.359379353603142215e-01
1.562487315170752122e+00,1.400531630263671223e+00,1.229918988303261296e+00,1.043145563880996773e+00,8.779296316648361742e-01,7.067113519431297286e-01,5.784554676224127334e-01,4.360651502137568580e-01
1.564691284106969560e+00,1.402867405361938546e+00,1.231910321982172984e+00,1.044816450111350159e+00,8.790719770739759964e-01,7.074582661278007167e-01,5.788698102852681826e-01,4.361932547761802614e-01
1.566897716960202303e+00,1.405210885308086244e+00,1.233909695879342294e+00,1.046495212222502413e+00,8.802192623742198796e-01,7.082085535170463686e-01,5.792859787222007784e-01,4.363222514804513952e-01
1.569106601267824752e+00,1.407562116953429587e+00,1.235917175346832320e+00,1.048181915953388943e+00,8.813715263360063501e-01,7.089622377958272326e-01,5.797039827322836292e-01,4.364521427832181444e-01
1.571317924367795049e+00,1.409921147471792535e+00,1.237932826597107239e+00,1.049876627812753149e+00,8.825288082294894254e-01,7.097193429038638479e-01,5.801238322115602752e-01,4.365829311651624467e-01
1.573531673396641350e+00,1.412288024358389960e+00,1.239956716720717944e+00,1.051579415091621561e+00,8.836911478346176629e-01,7.104798930392893785e-01,5.805455371542856957e-01,4.367146191312571424e-01
1.575747835287440557e+00,1.414662795428532460e+00,1.241988913704507258e+00,1.053290345876078504e+00,8.848585854515066407e-01,7.112439126623804064e-01,5.809691076541925181e-01,4.368472092110265992e-01
1.577966396767784385e+00,1.417045508816144883e+00,1.244029486450356492e+00,1.055009489060350747e+00,8.860311619111167492e-01,7.120114264993684383e-01,5.813945539057820966e-01,4.369807039588122777e-01
1.580187344357732115e+00,1.419436212972090994e+00,1.246078504794491337e+00,1.056736914360212110e+00,8.872089185862456207e-01,7.127824595463346791e-01,5.818218862056412366e-01,4.371151059540427375e-01
1.582410664367757347e+00,1.421834956662296756e+00,1.248136039527366181e+00,1.058472692326717812e+00,8.883918974028446325e-01,7.135570370731905143e-01,5.822511149537847874e-01,4.372504178015078624e-01
1.584636342896680095e+00,1.424241788965658895e+00,1.250202162414144169e+00,1.060216894360276552e+00,8.895801408516750275e-01,7.143351846277465889e-01,5.826822506550274339e-01,4.373866421316381370e-01
1.586864365829590451e+00,1.426656759271731634e+00,1.252276946215798770e+00,1.061969592725073186e+00,8.907736920003143100e-01,7.151169280398732564e-01,5.831153039203819111e-01,4.375237816007881420e-01
1.589094718835764253e+00,1.429079917278184508e+00,1.254360464710860379e+00,1.063730860563856462e+00,8.919725945055180238e-01,7.159022934257525117e-01,5.835502854684858631e-01,4.376618388915254343e-01
1.591327387366566093e+00,1.431511312988017925e+00,1.256452792717819511e+00,1.065500771913097333e+00,8.931768926259594510e-01,7.166913071922281775e-01,5.839872061270600101e-01,4.378008167129250894e-01
1.593562356653347445e+00,1.433950996706526260e+00,1.258554006118221436e+00,1.067279401718533194e+00,8.943866312353555559e-01,7.174839960412554563e-01,5.844260768343961798e-01,4.379407178008676294e-01
1.595799611705333243e+00,1.436399019037995162e+00,1.260664181880472245e+00,1.069066825851108016e+00,8.956018558359926107e-01,7.182803869744530667e-01,5.848669086408766482e-01,4.380815449183432797e-01
1.598039137307500912e+00,1.438855430882127306e+00,1.262783398084379671e+00,1.070863121123325712e+00,8.968226125726653786e-01,7.190805072977602963e-01,5.853097127105261199e-01,4.382233008557624987e-01
1.600280918018455178e+00,1.441320283430182592e+00,1.264911733946457728e+00,1.072668365306028049e+00,8.980489482470431772e-01,7.198843846262016344e-01,5.857545003225977931e-01,4.383659884312709476e-01
1.602524938168291335e+00,1.443793628160816578e+00,1.267049269846020065e+00,1.074482637145605990e+00,8.992809103324840292e-01,7.206920468887658693e-01,5.862012828731932856e-01,4.385096104910702342e-01
1.604771181856453399e+00,1.446275516835608510e+00,1.269196087352090885e+00,1.076306016381665565e+00,9.005185469893032257e-01,7.215035223334003156e-01,5.866500718769175338e-01,4.386541699097449287e-01
1.607019632949588051e+00,1.448766001494263600e+00,1.271352269251160960e+00,1.078138583765158476e+00,9.017619070805217296e-01,7.223188395321239463e-01,5.871008789685719931e-01,4.387996695905961309e-01
1.609270275079393242e+00,1.451265134449478245e+00,1.273517899575820733e+00,1.079980421076997210e+00,9.030110401881022986e-01,7.231380273862627606e-01,5.875537159048844771e-01,4.389461124659801428e-01
1.611523091640460814e+00,1.453772968281450861e+00,1.275693063634303126e+00,1.081831611147165972e+00,9.042659966296959784e-01,7.239611151318116056e-01,5.880085945662769653e-01,4.390935014976538597e-01
1.613778065788113336e+00,1.456289555832023686e+00,1.277877848040962050e+00,1.083692237874341213e+00,9.055268274759198377e-01,7.247881323449285595e-01,5.884655269586758219e-01,4.392418396771277656e-01
1.616035180436240504e+00,1.458814950198441984e+00,1.280072340747727022e+00,1.085562386246049282e+00,9.067935845681739382e-01,7.256191089475633182e-01,5.889245252153616494e-01,4.393911300260243680e-01
1.618294418255133982e+00,1.461349204726714923e+00,1.282276631076564533e+00,1.087442142359370312e+00,9.080663205370279600e-01,7.264540752132233603e-01,5.893856015988617747e-01,4.395413755964437952e-01
1.620555761669316697e+00,1.463892373004557212e+00,1.284490809752982132e+00,1.089331593442206758e+00,9.093450888211913608e-01,7.272930617728848857e-01,5.898487685028872551e-01,4.396925794713373858e-01
1.622819192855371240e+00,1.466444508853899320e+00,1.286714968940615655e+00,1.091230827875135923e+00,9.106299436870911590e-01,7.281360996210523018e-01,5.903140384543150709e-01,4.398447447648881625e-01
1.625084693739772046e+00,1.469005666322944936e+00,1.288949202276934436e+00,1.093139935213869540e+00,9.119209402490748850e-01,7.289832201219693664e-01,5.907814241152171686e-01,4.399978746228981885e-01
1.627352245996714908e+00,1.471575899677756372e+00,1.291193604910107373e+00,1.095059006212338870e+00,9.132181344902626785e-01,7.298344550159870936e-01,5.912509382849371331e-01,4.401519722231843623e-01
1.629621831045948710e+00,1.474155263393354121e+00,1.293448273537069371e+00,1.096988132846419273e+00,9.145215832840756232e-01,7.306898364260956402e-01,5.917225939022171532e-01,4.403070407759824834e-01
1.631893430050609384e+00,1.476743812144305279e+00,1.295713306442833224e+00,1.098927408338327805e+00,9.158313444164549733e-01,7.315493968646245015e-01,5.921964040473757240e-01,4.404630835243587006e-01
1.634167023915056971e+00,1.479341600794774614e+00,1.297988803541088920e+00,1.100876927181706488e+00,9.171474766088074659e-01,7.324131692401143479e-01,5.926723819445391950e-01,4.406201037446302871e-01
1.636442593282718239e+00,1.481948684388030735e+00,1.300274866416138764e+00,1.102836785167417455e+00,9.184700395416960372e-01,7.332811868643683839e-01,5.931505409639269422e-01,4.407781047467947411e-01
1.638720118533935066e+00,1.484565118135376949e+00,1.302571598366216721e+00,1.104807079410078607e+00,9.197990938793005888e-01,7.341534834596881165e-01,5.936308946241931617e-01,4.409370898749671586e-01
1.640999579783818385e+00,1.487190957404477487e+00,1.304879104448237515e+00,1.106787908375353346e+00,9.211347012946869972e-01,7.350300931663000803e-01,5.941134565948275048e-01,4.410970625078281526e-01
1.643280956880110999e+00,1.489826257707064006e+00,1.307197491524033639e+00,1.108779371908031663e+00,9.224769244958990200e-01,7.359110505499785182e-01,5.945982406986148883e-01,4.412580260590804326e-01
1.645564229401059508e+00,1.492471074685994159e+00,1.309526868308128922e+00,1.110781571260924139e+00,9.238258272529110693e-01,7.367963906098716764e-01,5.950852609141576988e-01,4.414199839779153201e-01
1.647849376653296227e+00,1.495125464101637380e+00,1.311867345417104147e+00,1.112794609124593048e+00,9.251814744254740486e-01,7.376861487865379319e-01,5.955745313784620576e-01,4.415829397494894226e-01
1.650136377669735310e+00,1.497789481817554780e+00,1.314219035420614023e+00,1.114818589657955661e+00,9.265439319918790106e-01,7.385803609701976358e-01,5.960660663895899214e-01,4.417468968954113007e-01
1.652425211207477984e+00,1.500463183785452070e+00,1.316582052894115451e+00,1.116853618519785707e+00,9.279132670786759407e-01,7.394790635092097775e-01,5.965598804093793506e-01,4.419118589742396241e-01
1.654715855745733766e+00,1.503146626029372879e+00,1.318956514473366592e+00,1.118899802901141882e+00,9.292895479913834134e-01,7.403822932187786865e-01,5.970559880662362762e-01,4.420778295819919324e-01
1.657008289483763885e+00,1.505839864629102021e+00,1.321342538910760034e+00,1.120957251558756695e+00,9.306728442462216533e-01,7.412900873898998766e-01,5.975544041579972099e-01,4.422448123526641628e-01
1.659302490338837588e+00,1.508542955702747657e+00,1.323740247133561754e+00,1.123026074849422073e+00,9.320632266029036384e-01,7.422024837985521373e-01,5.980551436548683375e-01,4.424128109587628366e-01
1.661598435944205532e+00,1.511255955388470129e+00,1.326149762304118962e+00,1.125106384765399259e+00,9.334607670985288763e-01,7.431195207151437554e-01,5.985582217024424390e-01,4.425818291118490677e-01
1.663896103647098945e+00,1.513978919825323288e+00,1.328571209882110304e+00,1.127198294970889636e+00,9.348655390826142719e-01,7.440412369142231919e-01,5.990636536247947452e-01,4.427518705630941742e-01
1.666195470506754095e+00,1.516711905133171001e+00,1.331004717688912153e+00,1.129301920839608453e+00,9.362776172533010532e-01,7.449676716844592095e-01,5.995714549276635053e-01,4.429229391038491670e-01
1.668496513292458072e+00,1.519454967391644873e+00,1.333450415974157144e+00,1.131417379493491859e+00,9.376970776947871622e-01,7.458988648389031084e-01,6.000816413017144857e-01,4.430950385662271729e-01
1.670799208481622777e+00,1.522208162618104543e+00,1.335908437484568223e+00,1.133544789842578782e+00,9.391239979160229678e-01,7.468348567255412851e-01,6.005942286258938445e-01,4.432681728236990693e-01
1.673103532257891324e+00,1.524971546744561035e+00,1.338378917535141488e+00,1.135684272626108493e+00,9.405584568907180421e-01,7.477756882381469961e-01,6.011092329708740412e-01,4.434423457917031075e-01
1.675409460509271087e+00,1.527745175593520299e+00,1.340861994082772624e+00,1.137835950454875844e+00,9.420005350987066262e-01,7.487214008274417631e-01,6.016266706025934496e-01,4.436175614282701352e-01
1.677716968826304278e+00,1.530529104852707656e+00,1.343357807802413761e+00,1.139999947854889006e+00,9.434503145687158643e-01,7.496720365125761898e-01,6.021465579858927830e-01,4.437938237346626402e-01
1.680026032500276489e+00,1.533323390048627832e+00,1.345866502165844247e+00,1.142176391312368366e+00,9.449078789225963115e-01,7.506276378929436222e-01,6.026689117882526592e-01,4.439711367560291166e-01
1.682336626521461653e+00,1.536128086518914193e+00,1.348388223523161455e+00,1.144365409320141413e+00,9.463733134210586817e-01,7.515882481603332055e-01,6.031937488836360828e-01,4.441495045820753607e-01
1.684648725577406525e+00,1.538943249383419198e+00,1.350923121187085130e+00,1.146567132425473812e+00,9.478467050109763425e-01,7.525539111114373236e-01,6.037210863564388408e-01,4.443289313477512548e-01
1.686962304051262906e+00,1.541768933513999018e+00,1.353471347520176282e+00,1.148781693279391725e+00,9.493281423743064051e-01,7.535246711607246350e-01,6.042509415055502542e-01,4.445094212339549822e-01
1.689277336020168940e+00,1.544605193502941232e+00,1.356033058025078564e+00,1.151009226687547349e+00,9.508177159786906918e-01,7.545005733536905845e-01,6.047833318485293930e-01,4.446909784682542832e-01
1.691593795253674370e+00,1.547452083629979436e+00,1.358608411437891350e+00,1.153249869662675176e+00,9.523155181297968674e-01,7.554816633804978254e-01,6.053182751259017502e-01,4.448736073256263635e-01
1.693911655212223089e+00,1.550309657827842580e+00,1.361197569824789788e+00,1.155503761478701152e+00,9.538216430254590206e-01,7.564679875900190975e-01,6.058557893055774857e-01,4.450573121292158429e-01
1.696230889045691859e+00,1.553177969646280410e+00,1.363800698682007040e+00,1.157771043726554927e+00,9.553361868116868605e-01,7.574595930042991032e-01,6.063958925873971229e-01,4.452420972511119679e-01
1.698551469591985441e+00,1.556057072214508397e+00,1.366417967039302184e+00,1.160051860371754007e+00,9.568592476406069247e-01,7.584565273334461510e-01,6.069386034078094738e-01,4.454279671131464169e-01
1.700873369375700106e+00,1.558947018202008428e+00,1.369049547567045444e+00,1.162346357813813569e+00,9.583909257304108475e-01,7.594588389909699977e-01,6.074839404446855662e-01,4.456149261877104251e-01
1.703196560606850873e+00,1.561847859777621750e+00,1.371695616687043318e+00,1.164654684947542762e+00,9.599313234273789686e-01,7.604665771095808768e-01,6.080319226222734574e-01,4.458029789985938907e-01
1.705521015179668698e+00,1.564759648566869554e+00,1.374356354687246151e+00,1.166976993226306547e+00,9.614805452700525557e-01,7.614797915574649245e-01,6.085825691162980444e-01,4.459921301218460754e-01
1.707846704671474036e+00,1.567682435607430369e+00,1.377031945840478944e+00,1.169313436727307920e+00,9.630386980556384646e-01,7.624985329550526547e-01,6.091358993592121962e-01,4.461823841866590090e-01
1.710173600341627465e+00,1.570616271302704314e+00,1.379722578527339261e+00,1.171664172218964906e+00,9.646058909087228406e-01,7.635228526922959169e-01,6.096919330456036512e-01,4.463737458762739307e-01
1.712501673130563562e+00,1.573561205373392724e+00,1.382428445363419023e+00,1.174029359230463143e+00,9.661822353523733531e-01,7.645528029464728759e-01,6.102506901377621196e-01,4.465662199289113787e-01
1.714830893658912503e+00,1.576517286807012086e+00,1.385149743331001604e+00,1.176409160123548236e+00,9.677678453817264437e-01,7.655884367005383329e-01,6.108121908714139181e-01,4.467598111387273141e-01
1.717161232226712464e+00,1.579484563805265251e+00,1.387886673915400326e+00,1.178803740166642466e+00,9.693628375401417419e-01,7.666298077620370410e-01,6.113764557616294670e-01,4.469545243567942805e-01
1.719492658812719510e+00,1.582463083729189979e+00,1.390639443246109996e+00,1.181213267611368245e+00,9.709673309980159095e-01,7.676769707825997768e-01,6.119435056089075342e-01,4.471503644921082654e-01
1.721825143073820064e+00,1.585452893041995326e+00,1.393408262242942675e+00,1.183637913771560024e+00,9.725814476343582760e-01,7.687299812780425956e-01,6.125133615054452196e-01,4.473473365126244827e-01
1.724158654344547292e+00,1.588454037249498629e+00,1.396193346767332200e+00,1.186077853104853475e+00,9.742053121212220779e-01,7.697888956490892554e-01,6.130860448415992314e-01,4.475454454463210219e-01
1.726493161636711848e+00,1.591466560838071365e+00,1.398994917778995983e+00,1.188533263296939646e+00,9.758390520110951094e-01,7.708537712027386801e-01,6.136615773125432272e-01,4.477446963822904191e-01
1.728828633639149848e+00,1.594490507210000407e+00,1.401813201498146366e+00,1.191004325348580473e+00,9.774827978273645801e-01,7.719246661742998894e-01,6.142399809251306575e-01,4.479450944718632588e-01
1.731165038717593863e+00,1.597525918616162777e+00,1.404648429573459367e+00,1.193491223665482659e+00,9.791366831579574326e-01,7.730016397501159320e-01,6.148212780049689963e-01,4.481466449297624166e-01
1.733502344914674032e+00,1.600572836085911721e+00,1.407500839256005554e+00,1.195994146151126092e+00,9.808008447522745810e-01,7.740847520910032475e-01,6.154054912037124625e-01,4.483493530352887779e-01
1.735840519950054839e+00,1.603631299354070228e+00,1.410370673579363299e+00,1.198513284302657134e+00,9.824754226215410835e-01,7.751740643564282163e-01,6.159926435065815609e-01,4.485532241335416503e-01
1.738179531220714669e+00,1.606701346784919604e+00,1.413258181546142245e+00,1.201048833309952935e+00,9.841605601426909322e-01,7.762696387294466538e-01,6.165827582401165463e-01,4.487582636366727051e-01
1.740519345801375239e+00,1.609783015293068553e+00,1.416163618321145456e+00,1.203600992157961125e+00,9.858564041659220178e-01,7.773715384424354502e-01,6.171758590801739164e-01,4.489644770251760564e-01
1.742859930445086691e+00,1.612876340261085284e+00,1.419087245431418065e+00,1.206169963732442785e+00,9.875631051260442828e-01,7.784798278036401120e-01,6.177719700601729258e-01,4.491718698492150885e-01
1.745201251583976765e+00,1.615981355453767421e+00,1.422029330973430650e+00,1.208755954929227938e+00,9.892808171577676113e-01,7.795945722245679610e-01,6.183711155796033365e-01,4.493804477299869760e-01
1.747543275330170509e+00,1.619098092928924926e+00,1.424990149827656927e+00,1.211359176767112134e+00,9.910096982150670142e-01,7.807158382482575210e-01,6.189733204128010646e-01,4.495902163611276148e-01
1.749885967476887849e+00,1.622226582944541695e+00,1.427969983880819971e+00,1.213979844504525785e+00,9.927499101947737659e-01,7.818436935784524033e-01,6.195786097180021601e-01,4.498011815101565780e-01
1.752229293499733442e+00,1.625366853862179051e+00,1.430969122256084303e+00,1.216618177760103725e+00,9.945016190645460386e-01,7.829782071097102225e-01,6.201870090466851115e-01,4.500133490199640374e-01
1.754573218558180603e+00,1.628518932046478129e+00,1.433987861551481835e+00,1.219274400637295974e+00,9.962649949953792383e-01,7.841194489584830674e-01,6.207985443532101355e-01,4.502267248103417607e-01
1.756917707497257952e+00,1.631682841760613067e+00,1.437026506086876765e+00,1.221948741853163822e+00,9.980402124988206891e-01,7.852674904951992829e-01,6.214132420047692174e-01,4.504413148795587962e-01
1.759262724849452786e+00,1.634858605057544434e+00,1.440085368159777390e+00,1.224641434871509782e+00,9.998274505690543101e-01,7.864224043773826445e-01,6.220311287916541199e-01,4.506571253059842297e-01
1.761608234836838704e+00,1.638046241666911484e+00,1.443164768310321699e+00,1.227352718040491730e+00,1.001626892830040028e+00,7.875842645838451173e-01,6.226522319378543502e-01,4.508741622497576818e-01
1.763954201373435060e+00,1.641245768877398037e+00,1.446265035595767134e+00,1.230082834734885111e+00,1.003438727687886001e+00,7.887531464499903944e-01,6.232765791119990739e-01,4.510924319545093208e-01
1.766300588067813537e+00,1.644457201414403658e+00,1.449386507874834695e+00,1.232832033503161284e+00,1.005263148488644509e+00,7.899291267042676257e-01,6.239041984386527462e-01,4.513119407491323343e-01
1.768647358225959865e+00,1.647680551312842079e+00,1.452529532102268206e+00,1.235600568219546336e+00,1.007100353681732896e+00,7.911122835058131963e-01,6.245351185099774494e-01,4.515326950496080238e-01
1.770994474854399092e+00,1.650915827784882328e+00,1.455694464633976226e+00,1.238388698241244645e+00,1.008950546989179298e+00,7.923026964833251862e-01,6.251693683977743721e-01,4.517547013608864681e-01
1.773341900663601312e+00,1.654163037082441168e+00,1.458881671543147185e+00,1.241196688571011952e+00,1.010813937580905986e+00,7.935004467752110324e-01,6.258069776659193062e-01,4.519779662788238617e-01
1.775689598071677811e+00,1.657422182354230111e+00,1.462091528947738528e+00,1.244024810025268657e+00,1.012690740256277255e+00,7.947056170710532497e-01,6.264479763832052628e-01,4.522024964921790291e-01
1.778037529208380096e+00,1.660693263497156069e+00,1.465324423349753991e+00,1.246873339407959191e+00,1.014581175632127463e+00,7.959182916544403907e-01,6.270923951366054183e-01,4.524282987846709458e-01
1.780385655919413113e+00,1.663976277001858683e+00,1.468580751986735544e+00,1.249742559690360633e+00,1.016485470337517460e+00,7.971385564472105445e-01,6.277402650449734889e-01,4.526553800371000968e-01
1.782733939771078413e+00,1.667271215792162309e+00,1.471860923195918103e+00,1.252632760197059936e+00,1.018403857215468999e+00,7.983664990551563312e-01,6.283916177731952990e-01,4.528837472295341726e-01
1.785082342055263283e+00,1.670578069058221482e+00,1.475165356791511950e+00,1.255544236798327828e+00,1.020336575531918921e+00,7.996022088152429097e-01,6.290464855468073102e-01,4.531134074435613779e-01
1.787430823794787349e+00,1.673896822083116520e+00,1.478494484455586511e+00,1.258477292109127177e+00,1.022283871192166460e+00,8.008457768443937308e-01,6.297049011671000951e-01,4.533443678646150166e-01
1.789779345749120010e+00,1.677227456062656996e+00,1.481848750143047511e+00,1.261432235694998960e+00,1.024245996965095218e+00,8.020972960898975490e-01,6.303668980267225219e-01,4.535766357843689089e-01
1.792127868420489545e+00,1.680569947918140405e+00,1.485228610501227120e+00,1.264409384285088533e+00,1.026223212715453359e+00,8.033568613814939807e-01,6.310325101258059677e-01,4.538102186032086371e-01
1.794476352060398128e+00,1.683924270101796683e+00,1.488634535304615314e+00,1.267409061992584851e+00,1.028215785644487346e+00,8.046245694851985597e-01,6.317017720886244359e-01,4.540451238327807282e-01
1.796824756676557833e+00,1.687290390394651451e+00,1.492067007905284015e+00,1.270431600542859307e+00,1.030223990539246071e+00,8.059005191589280193e-01,6.323747191808104517e-01,4.542813590986209404e-01
1.799173042040267845e+00,1.690668271696520453e+00,1.495526525699568454e+00,1.273477339509605288e+00,1.032248110030883126e+00,8.071848112099895278e-01,6.330513873271491621e-01,4.545189321428660945e-01
1.801521167694250858e+00,1.694057871807842508e+00,1.499013600611599051e+00,1.276546626559293296e+00,1.034288434862294270e+00,8.084775485545017126e-01,6.337318131299661816e-01,4.547578508270524456e-01
1.803869092960969089e+00,1.697459143203048804e+00,1.502528759594291774e+00,1.279639817704286475e+00,1.036345264165444036e+00,8.097788362788173044e-01,6.344160338881330574e-01,4.549981231350020972e-01
1.806216776951434122e+00,1.700872032795151645e+00,1.506072545148426478e+00,1.282757277564979814e+00,1.038418905748754062e+00,8.110887817030177915e-01,6.351040876167123317e-01,4.552397571758020067e-01
1.808564178574535442e+00,1.704296481691225384e+00,1.509645515860466247e+00,1.285899379641339157e+00,1.040509676394952843e+00,8.124074944465573545e-01,6.357960130672631882e-01,4.554827611868786930e-01
1.810911256546913872e+00,1.707732424938441351e+00,1.513248246959790988e+00,1.289066506594262140e+00,1.042617902169787225e+00,8.137350864961336860e-01,6.364918497488312177e-01,4.557271435371714197e-01
1.813257969403391012e+00,1.711179791260306393e+00,1.516881330896037161e+00,1.292259050537208909e+00,1.044743918742032207e+00,8.150716722758690747e-01,6.371916379496463945e-01,4.559729127304069651e-01
1.815604275507983090e+00,1.714638502782744434e+00,1.520545377937264186e+00,1.295477413338587791e+00,1.046888071715260660e+00,8.164173687198873486e-01,6.378954187595535785e-01,4.562200774084806953e-01
1.817950133065528995e+00,1.718108474749642012e+00,1.524241016789687375e+00,1.298722006935428830e+00,1.049050716971855479e+00,8.177722953473767209e-01,6.386032340932021878e-01,4.564686463549483819e-01
1.820295500133949584e+00,1.721589615227471004e+00,1.527968895239735225e+00,1.301993253658930039e+00,1.051232221029782199e+00,8.191365743402340138e-01,6.393151267140182448e-01,4.567186284986293199e-01
1.822640334637162463e+00,1.725081824798583074e+00,1.531729680819219119e+00,1.305291586572526530e+00,1.053432961412678281e+00,8.205103306233922922e-01,6.400311402589888843e-01,4.569700329173289610e-01
1.824984594378687763e+00,1.728584996242763738e+00,1.535524061494416781e+00,1.308617449823208378e+00,1.055653327033847066e+00,8.218936919479351566e-01,6.407513192642859678e-01,4.572228688416830611e-01
1.827328237055966031e+00,1.732099014206614385e+00,1.539352746379899273e+00,1.311971299006898573e+00,1.057893718594800525e+00,8.232867889771110503e-01,6.414757091917537846e-01,4.574771456591268382e-01
1.829671220275417731e+00,1.735623754860316392e+00,1.543216466477942195e+00,1.315353601548809204e+00,1.060154548999050483e+00,8.246897553753704813e-01,6.422043564562949225e-01,4.577328729179971911e-01
1.832013501568280800e+00,1.739159085541322147e+00,1.547115975444382174e+00,1.318764837099835940e+00,1.062436243781895051e+00,8.261027279005506152e-01,6.429373084541804007e-01,4.579900603317693664e-01
1.834355038407246452e+00,1.742704864384493568e+00,1.551052050381799718e+00,1.322205497950188935e+00,1.064739241557047800e+00,8.275258464993472396e-01,6.436746135923139267e-01,4.582487177834339009e-01
1.836695788223932313e+00,1.746260939938203194e+00,1.555025492660914832e+00,1.325676089461654383e+00,1.067063994481026734e+00,8.289592544062233115e-01,6.444163213184815886e-01,4.585088553300205039e-01
1.839035708427231075e+00,1.749827150765902228e+00,1.559037128771089797e+00,1.329177130520120986e+00,1.069410968736323353e+00,8.304030982459158494e-01,6.451624821526167342e-01,4.587704832072733718e-01
1.841374756422560433e+00,1.753403325032625748e+00,1.563087811200840394e+00,1.332709154010262909e+00,1.071780645034511981e+00,8.318575281397188048e-01,6.459131477191114579e-01,4.590336118344841010e-01
1.843712889632053153e+00,1.756989280075912596e+00,1.567178419349247509e+00,1.336272707314621222e+00,1.074173519140596111e+00,8.333226978157357578e-01,6.466683707802025616e-01,4.592982518194875241e-01
1.846050065515732364e+00,1.760584821960600843e+00,1.571309860469146447e+00,1.339868352839735488e+00,1.076590102420076356e+00,8.347987647233224839e-01,6.474282052704631862e-01,4.595644139638280778e-01
1.848386241593704682e+00,1.764189745016935262e+00,1.575483070642955008e+00,1.343496668572478514e+00,1.079030922410430859e+00,8.362858901519569788e-01,6.481927063324294247e-01,4.598321092681030287e-01
1.850721375469412067e+00,1.767803831361426159e+00,1.579699015791950378e+00,1.347158248670361713e+00,1.081496523418965516e+00,8.377842393548098343e-01,6.489619303533872285e-01,4.601013489374895515e-01
1.853055424853989219e+00,1.771426850399882680e+00,1.583958692719755756e+00,1.350853704090323015e+00,1.083987467149311934e+00,8.392939816773250516e-01,6.497359350033454772e-01,4.603721443874648211e-01
1.855388347591771625e+00,1.775058558312045953e+00,1.588263130190727956e+00,1.354583663261429649e+00,1.086504333359229024e+00,8.408152906911592339e-01,6.505147792742174140e-01,4.606445072497258320e-01
1.857720101686997527e+00,1.778698697517228977e+00,1.592613390043816635e+00,1.358348772808051219e+00,1.089047720552821952e+00,8.423483443338846133e-01,6.512985235202289891e-01,4.609184493783192171e-01
1.860050645331754016e+00,1.782346996120388827e+00,1.597010568342336567e+00,1.362149698331427183e+00,1.091618246710871709e+00,8.438933250549210952e-01,6.520872294995675444e-01,4.611939828559901700e-01
1.862379936935222746e+00,1.786003167338052755e+00,1.601455796559920763e+00,1.365987125259236379e+00,1.094216550063662696e+00,8.454504199682434384e-01,6.528809604172772785e-01,4.614711200007623471e-01
1.864707935154274576e+00,1.789666908903529974e+00,1.605950242802684835e+00,1.369861759774844812e+00,1.096843289911511699e+00,8.470198210124962879e-01,6.536797809694000483e-01,4.617498733727593563e-01
1.867034598925470856e+00,1.793337902450872878e+00,1.610495113067336392e+00,1.373774329840424135e+00,1.099499147499261031e+00,8.486017251192702338e-01,6.544837573883502957e-01,4.620302557812817623e-01
1.869359887498536654e+00,1.797015812877070795e+00,1.615091652534605515e+00,1.377725586331236984e+00,1.102184826952246510e+00,8.501963343904259673e-01,6.552929574894986731e-01,4.623122802921540986e-01
1.871683760471360092e+00,1.800700287682011069e+00,1.619741146896892081e+00,1.381716304302194054e+00,1.104901056282771021e+00,8.518038562855200224e-01,6.561074507189232907e-01,4.625959602353574285e-01
1.874006177826590180e+00,1.804390956285796932e+00,1.624444923718448397e+00,1.385747284412445435e+00,1.107648588478021834e+00,8.534245038205954259e-01,6.569273082022638599e-01,4.628813092129677176e-01
1.876327099969908208e+00,1.808087429323091744e+00,1.629204353825683516e+00,1.389819354539482132e+00,1.110428202682662402e+00,8.550584957798490482e-01,6.577526027945925780e-01,4.631683411074196677e-01
1.878646487770041507e+00,1.811789297914269348e+00,1.634020852724254569e+00,1.393933371621259409e+00,1.113240705492147375e+00,8.567060569419965299e-01,6.585834091311808525e-01,4.634570700901203266e-01
1.880964302600606652e+00,1.815496132913278382e+00,1.638895882038496898e+00,1.398090223773461371e+00,1.116086932376270102e+00,8.583674183235232569e-01,6.594198036789986617e-01,4.637475106304404515e-01
1.883280506383870900e+00,1.819207484132293384e+00,1.643830950967324123e+00,1.402290832739594428e+00,1.118967749256690514e+00,8.600428174414790350e-01,6.602618647887378289e-01,4.640396775051174316e-01
1.885595061636521130e+00,1.822922879543458885e+00,1.648827617748996888e+00,1.406536156744583765e+00,1.121884054267383801e+00,8.617324985990314490e-01,6.611096727470873180e-01,4.643335858081050760e-01
1.887907931517549098e+00,1.826641824458302255e+00,1.653887491125013653e+00,1.410827193838467775e+00,1.124836779733315639e+00,8.634367131976803389e-01,6.619633098289123829e-01,4.646292509609157850e-01
1.890219079878368680e+00,1.830363800685723241e+00,1.659012231790717440e+00,1.415164985836333766e+00,1.127826894410458358e+00,8.651557200808847048e-01,6.628228603488963699e-01,4.649266887235093404e-01
1.892528471315285676e+00,1.834088265669912454e+00,1.664203553816931525e+00,1.419550622984641741e+00,1.130855406039838806e+00,8.668897859148828600e-01,6.636884107120901710e-01,4.652259152057873215e-01
1.894836071224464513e+00,1.837814651610089722e+00,1.669463226022907643e+00,1.423985249513534335e+00,1.133923364280056578e+00,8.686391856137576362e-01,6.645600494626692223e-01,4.655269468797701427e-01
1.897141845859543929e+00,1.841542364564615175e+00,1.674793073275882671e+00,1.428470070270879910e+00,1.137031864097110878e+00,8.704042028173532008e-01,6.654378673300266334e-01,4.658298005925441965e-01
1.899445762392079073e+00,1.845270783542860338e+00,1.680194977686413127e+00,1.433006358678188708e+00,1.140182049708057033e+00,8.721851304325589638e-01,6.663219572711147620e-01,4.661344935800848521e-01
1.901747788975009401e+00,1.848999259589248600e+00,1.685670879661111954e+00,1.437595466303009495e+00,1.143375119196692768e+00,8.739822712508111824e-01,6.672124145076832047e-01,4.664410434820860929e-01
1.904047894809379526e+00,1.852727114865158065e+00,1.691222778765115065e+00,1.442238834409283355e+00,1.146612329946065767e+00,8.757959386575349114e-01,6.681093365567363218e-01,4.667494683579485604e-01
1.906346050214570154e+00,1.856453641735940741e+00,1.696852734335199564e+00,1.446938007929220893e+00,1.149895005065241893e+00,8.776264574527676832e-01,6.690128232521364016e-01,4.670597867041150764e-01
1.908642226702347067e+00,1.860178101872251410e+00,1.702562865770416600e+00,1.451694652401004149e+00,1.153224541027813910e+00,8.794741648065220740e-01,6.699229767547869585e-01,4.673720174729805166e-01
1.910936397055081004e+00,1.863899725377286432e+00,1.708355352409840044e+00,1.456510574540288205e+00,1.156602416788740317e+00,8.813394113777444083e-01,6.708399015482263694e-01,4.676861800936502611e-01
1.913228535408540543e+00,1.867617709954460858e+00,1.714232432885818058e+00,1.461387747265266324e+00,1.160030204706391732e+00,8.832225626322184331e-01,6.717637044157288573e-01,4.680022944948827868e-01
1.915518617339755814e+00,1.871331220133689133e+00,1.720196403815017483e+00,1.466328340181348278e+00,1.163509583670644165e+00,8.851240004027390862e-01,6.726944943940995625e-01,4.683203811306245190e-01
1.917806619960523706e+00,1.875039386578915224e+00,1.726249617657524382e+00,1.471334756760183771e+00,1.167042354928563785e+00,8.870441247446644306e-01,6.736323826982352214e-01,4.686404610086334355e-01
1.920092522017233128e+00,1.878741305505018166e+00,1.732394479534905996e+00,1.476409679728395208e+00,1.170630461210576456e+00,8.889833561519449034e-01,6.745774826091579524e-01,4.689625557227954378e-01
1.922376303997832991e+00,1.882436038238984199e+00,1.738633442749762947e+00,1.481556126525815476e+00,1.174276009896589645e+00,8.909421382134593559e-01,6.755299093165525459e-01,4.692866874898763974e-01
1.924657948246921269e+00,1.886122610968566038e+00,1.744969002689951143e+00,1.486777517115779990e+00,1.177981301129090941e+00,8.929209408075464705e-01,6.764897797047795258e-01,4.696128791916107659e-01
1.926937439090127713e+00,1.889800014731845668e+00,1.751403688727699137e+00,1.492077756948788858e+00,1.181748861985865373e+00,8.949202639547783056e-01,6.774572120688132637e-01,4.699411544232310889e-01
1.929214762969209129e+00,1.893467205713687873e+00,1.757940053634299726e+00,1.497461338517539486e+00,1.185581488077169121e+00,8.969406424762204066e-01,6.784323257434541343e-01,4.702715375497888428e-01
1.931489908589576032e+00,1.897123105930503151e+00,1.764580659921110239e+00,1.502933465722663620e+00,1.189482294241643423e+00,8.989826516377675825e-01,6.794152406253688437e-01,4.706040537719159977e-01
1.933762867082324810e+00,1.900766604403685944e+00,1.771328062382555579e+00,1.508500206227307849e+00,1.193454776394882622e+00,9.010469140020761492e-01,6.804060765628526797e-01,4.709387292030496885e-01
1.936033632183295827e+00,1.904396558945373519e+00,1.778184785951105740e+00,1.514168678155302095e+00,1.197502887050237774e+00,9.031341077598172840e-01,6.814049525824884546e-01,4.712755909605896854e-01
1.938302200432221456e+00,1.908011798708766804e+00,1.785153297770691649e+00,1.519947278931441215e+00,1.201631127602771354e+00,9.052449768735665314e-01,6.824119859148726208e-01,4.716146672740158530e-01
1.940568571395700603e+00,1.911611127690358236e+00,1.792235972145235223e+00,1.525845965834060625e+00,1.205844661168087750e+00,9.073803434432086146e-01,6.834272907729783686e-01,4.719559876136715237e-01
1.942832747918538994e+00,1.915193329414514478e+00,1.799435046712335007e+00,1.531876600003943656e+00,1.210149450627445056e+00,9.095411227944276700e-01,6.844509768261841653e-01,4.722995828447493771e-01
1.945094736409006320e+00,1.918757173083786460e+00,1.806752567815762545e+00,1.538053368320918768e+00,1.214552427585131600e+00,9.117283419055679516e-01,6.854831473000684294e-01,4.726454854120367699e-01
1.947354547164789507e+00,1.922301421543280764e+00,1.814190322588461690e+00,1.544393300832275884e+00,1.219061699237601770e+00,9.139431619276304763e-01,6.865238966162149348e-01,4.729937295622277382e-01
1.949612194747907479e+00,1.925824841487179917e+00,1.821749754690709322e+00,1.550916905432545567e+00,1.223686801740548225e+00,9.161869057232895353e-01,6.875733074668360922e-01,4.733443516121395023e-01
1.951867698418718877e+00,1.929326216433378871e+00,1.829431859952200146e+00,1.557648946420751912e+00,1.228439010606239279e+00,9.184610915606906678e-01,6.886314471951855420e-01,4.736973902730455821e-01
1.954121082641401497e+00,1.932804363112347934e+00,1.837237057312742117e+00,1.564619399605527539e+00,1.233331721050448859e+00,9.207674743552437535e-01,6.896983633235023170e-01,4.740528870436416242e-01
1.956372377676061092e+00,1.936258152063792926e+00,1.845165029408111224e+00,1.571864624043781689e+00,1.238380914136013811e+00,9.231080961684112740e-01,6.907740780343962772e-01,4.744108866869722885e-01
1.958621620276018049e+00,1.939686533415627023e+00,1.853214525861349049e+00,1.579428799595760990e+00,1.243605728150815271e+00,9.254853480598137505e-01,6.918585813676553231e-01,4.747714378101018928e-01
1.960868854512999748e+00,1.943088569041850455e+00,1.861383120761331389e+00,1.587365690639468641e+00,1.249029159061799676e+00,9.279020458640376834e-01,6.929518228405883162e-01,4.751345935695426848e-01
1.963114132758088326e+00,1.946463472568444431e+00,1.869666913873533343e+00,1.595740809977954866e+00,1.254678919287577354e+00,9.303615230461896868e-01,6.940537011339867890e-01,4.755004125306349638e-01
1.965357516852517472e+00,1.949810659030769777e+00,1.878060162751177709e+00,1.604634073767246649e+00,1.260588490655709215e+00,9.328677445048497718e-01,6.951640514048397224e-01,4.758689597154273088e-01
1.967599079510137017e+00,1.953129806396287416e+00,1.886554829998615235e+00,1.614143058893738880e+00,1.266798415533556765e+00,9.354254460674855665e-01,6.962826296876972743e-01,4.762403078813826074e-01
1.969838906002788770e+00,1.956420931669856644e+00,1.895140026360473851e+00,1.624386999499914275e+00,1.273357880082681692e+00,9.380403054982227040e-01,6.974090937249324273e-01,4.766145390827725148e-01
1.972077096191407808e+00,1.959684484916577762e+00,1.903801325919659115e+00,1.635511690353646186e+00,1.280326655801855562e+00,9.407191521559961078e-01,6.985429794170316953e-01,4.769917465783028443e-01
1.974313766979861384e+00,1.962921465295013101e+00,1.912519924300545293e+00,1.647695502775674559e+00,1.287777480502475980e+00,9.434702240575727483e-01,6.996836719012554662e-01,4.773720371628217274e-01
1.976549055285952594e+00,1.966133564123419442e+00,1.921271604164780378e+00,1.661156765472061370e+00,1.295798978227421960e+00,9.463034830822097954e-01,7.008303700429607819e-01,4.777555340184973520e-01
1.978783121645370180e+00,1.969323341142328987e+00,1.930025464178967143e+00,1.676162819813188376e+00,1.304499240145939432e+00,9.492310014855088740e-01,7.019820428492580255e-01,4.781423802023314629e-01
1.981016154590552469e+00,1.972494441536212895e+00,1.938742357686263462e+00,1.693041129248746834e+00,1.314010216072047932e+00,9.522674358707540199e-01,7.031373759780719102e-01,4.785327429131897570e-01
1.983248375978567513e+00,1.975651862993669461e+00,1.947372975110882143e+00,1.712192908580431050e+00,1.324493100113178778e+00,9.554306084210082428e-01,7.042947061031262779e-01,4.789268187137644128e-01
1.985480047481493537e+00,1.978802284191488958e+00,1.955855489154406657e+00,1.734109844324778660e+00,1.336144935470105599e+00,9.587422196768781157e-01,7.054519403897441254e-01,4.793248399223798417e-01
1.987711478501114071e+00,1.981954468671217162e+00,1.964112663478862819e+00,1.759394606794403515e+00,1.349206714308189836e+00,9.622287226399712790e-01,7.066064577166638605e-01,4.797270824379265552e-01
1.989943035828999118e+00,1.985119761245570658e+00,1.972048303044804385e+00,1.788786013209568981e+00,1.363973311023315649e+00,9.659223947196766691e-01,7.077549875196094131e-01,4.801338753204659748e-01
1.992175155445704782e+00,1.988312697958850128e+00,1.979542896640435590e+00,1.823189895747571621e+00,1.380805663731883515e+00,9.698626523017129797e-01,7.088934612016197789e-01,4.805456125226409969e-01
1.994408356941948623e+00,1.991551755392913181e+00,1.986448268243778736e+00,1.863716967065663477e+00,1.400145712607570481e+00,9.740976628450216390e-01,7.100168299145458439e-01,4.809627672559426137e-01
1.996643261153905780e+00,1.994860270957664383e+00,1.992581012286285702e+00,1.911729268450171437e+00,1.422534718671440768e+00,9.786863218307849666e-01,7.111188411183662073e-01,4.813859095847882186e-01
1.998880611738797830e+00,1.998267572976879292e+00,1.997714436894424628e+00,1.968897144555263878e+00,1.448635727600273482e+00,9.837006771106113767e-01,7.121917646121370682e-01,4.818157279747667388e-01
