7.361619874294202948e-01,7.361171762565809074e-01,7.359975512578533774e-01,7.358551102395269883e-01,7.357481322461623119e-01,7.356158326418108517e-01,7.355240671417895282e-01,7.354831462508969464e-01
7.367726846932111107e-01,7.364763429203874390e-01,7.362292062563549067e-01,7.358984657382313666e-01,7.356583917847763221e-01,7.353313265715542002e-01,7.350753188659862047e-01,7.348548303748532184e-01
7.374217939959821777e-01,7.369041568101422079e-01,7.365071404041176883e-01,7.359688819122777170e-01,7.355707339261887689e-01,7.350377613881435845e-01,7.346392956688451159e-01,7.341657649339830005e-01
7.380776414611440739e-01,7.373439205970553356e-01,7.367938718544196908e-01,7.360453229745562709e-01,7.355014613490153952e-01,7.347498527659730438e-01,7.341956541372696154e-01,7.334966129555766656e-01
7.387362279930181908e-01,7.377881651898213766e-01,7.370840402732946606e-01,7.361242785374407793e-01,7.354176557283906845e-01,7.344641258388759919e-01,7.337559175834991176e-01,7.328331427589471758e-01
7.393964667938901503e-01,7.382348636793241159e-01,7.373761962856064667e-01,7.362048041234166007e-01,7.353498098053768972e-01,7.341752962905288005e-01,7.333157200540206810e-01,7.321738245475888363e-01
7.400579429645749441e-01,7.386832433456739233e-01,7.376697893718212606e-01,7.362865429119965777e-01,7.352722703840164353e-01,7.338918169944873560e-01,7.328746974324698016e-01,7.315169796612970288e-01
7.407204641656114363e-01,7.391329459680509029e-01,7.379645647879712334e-01,7.363693301118424683e-01,7.352020672919966637e-01,7.336059708005376878e-01,7.324356861122164331e-01,7.308615088060741449e-01
7.413839292479836862e-01,7.395837828941478342e-01,7.382603884412252127e-01,7.364530788839149800e-01,7.351296201595072244e-01,7.333226591767183500e-01,7.319964610502672775e-01,7.302075857686743943e-01
7.420482801106778048e-01,7.400356454401182393e-01,7.385571830389946468e-01,7.365377389761694760e-01,7.350593106007754507e-01,7.330394324665105987e-01,7.315583071977065366e-01,7.295547276426642691e-01
7.427134811499161993e-01,7.404884666895688028e-01,7.388549009272172841e-01,7.366232791942245450e-01,7.349894160974558277e-01,7.327572519047920174e-01,7.311207311260728980e-01,7.289029381335314639e-01
7.433795094588092622e-01,7.409422032913266509e-01,7.391535111674699676e-01,7.367096790830574005e-01,7.349204736049054221e-01,7.324757970481329261e-01,7.306839159316390608e-01,7.282520987152959480e-01
7.440463497418016159e-01,7.413968260193347648e-01,7.394529928413094977e-01,7.367969246245897885e-01,7.348523276738212484e-01,7.321951480275895596e-01,7.302478252925291846e-01,7.276021668337731008e-01
7.447139914936268257e-01,7.418523145379725126e-01,7.397533313395900922e-01,7.368850058559662797e-01,7.347850039379936193e-01,7.319152832296564881e-01,7.298124750334363808e-01,7.269531022053621339e-01
7.453824273473755868e-01,7.423086543374255442e-01,7.400545161906885161e-01,7.369739154764590738e-01,7.347184920002631792e-01,7.316362031311364200e-01,7.293778673867233886e-01,7.263048774812407293e-01
7.460516520627806791e-01,7.427658348569590174e-01,7.403565397306264284e-01,7.370636479946139907e-01,7.346527887782365873e-01,7.313579049902175777e-01,7.289440051531939080e-01,7.256574717385597673e-01
7.467216618827147157e-01,7.432238482912258970e-01,7.406593962570866552e-01,7.371541991856738196e-01,7.345878911174142933e-01,7.310803867931512379e-01,7.285108899338290644e-01,7.250108689195058354e-01
7.473924541104354224e-01,7.436826888059976381e-01,7.409630814734211590e-01,7.372455657348562230e-01,7.345237964621328386e-01,7.308036466811815846e-01,7.280785226717286784e-01,7.243650563969157297e-01
7.480640268239685531e-01,7.441423520082214305e-01,7.412675921127843681e-01,7.373377449960538677e-01,7.344605026415745863e-01,7.305276829453177800e-01,7.276469038137773904e-01,7.237200240536553197e-01
7.487363786783619579e-01,7.446028345790343117e-01,7.415729256776871781e-01,7.374307348244879545e-01,7.343980077786612659e-01,7.302524939896937184e-01,7.272160334406185811e-01,7.230757636406411892e-01
7.494095087657903775e-01,7.450641340140646829e-01,7.418790802555527142e-01,7.375245334580668999e-01,7.343363102222294492e-01,7.299780783072201684e-01,7.267859113578281072e-01,7.224322683227156761e-01
7.500834165146694765e-01,7.455262484360811737e-01,7.421860543855365311e-01,7.376191394316129468e-01,7.342754084979421503e-01,7.297044344618075495e-01,7.263565371617334288e-01,7.217895323510598038e-01
7.507581016156392728e-01,7.459891764574851925e-01,7.424938469606804370e-01,7.377145515137479848e-01,7.342153012720618044e-01,7.294315610751620493e-01,7.259279102876851075e-01,7.211475508228266662e-01
7.514335639664150301e-01,7.464529170778084755e-01,7.428024571548880184e-01,7.378107686597094039e-01,7.341559873242722301e-01,7.291594568168023871e-01,7.255000300459775175e-01,7.205063195020465772e-01
7.521098036301193668e-01,7.469174696062208518e-01,7.431118843676471908e-01,7.379077899755653869e-01,7.340974655269880689e-01,7.288881203963922806e-01,7.250728956489296273e-01,7.198658346843163081e-01
7.527868208033923203e-01,7.473828336021904883e-01,7.434221281816422167e-01,7.380056146907164605e-01,7.340397348293913327e-01,7.286175505577624500e-01,7.246465062315460282e-01,7.192260930932692364e-01
7.534646157917007647e-01,7.478490088295124405e-01,7.437331883298617941e-01,7.381042421365068273e-01,7.339827942449571596e-01,7.283477460741877296e-01,7.242208608674493009e-01,7.185870918004408914e-01
7.541431889900183094e-01,7.483159952203051191e-01,7.440450646697960302e-01,7.382036717294031547e-01,7.339266428415942567e-01,7.280787057446096444e-01,7.237959585812884233e-01,7.179488281625810986e-01
7.548225408675546255e-01,7.487837928465339576e-01,7.443577571629905743e-01,7.383039029576295986e-01,7.338712797337714200e-01,7.278104283905786343e-01,7.233717983584905253e-01,7.173112997721353690e-01
7.555026719555771875e-01,7.492524018972838151e-01,7.446712658586963629e-01,7.384049353704471574e-01,7.338167040761646165e-01,7.275429128537541645e-01,7.229483791529868197e-01,7.166745044177736945e-01
7.561835828376173296e-01,7.497218226604611679e-01,7.449855908806759519e-01,7.385067685694759465e-01,7.337629150584855653e-01,7.272761579938396004e-01,7.225256998933818897e-01,7.160384400526635940e-01
7.568652741415307084e-01,7.501920555079468755e-01,7.453007324164752090e-01,7.386094022016163052e-01,7.337099119012345794e-01,7.270101626868603617e-01,7.221037594879126109e-01,7.154031047687683387e-01
7.575477465330137106e-01,7.506631008834602214e-01,7.456166907086343443e-01,7.387128359532274535e-01,7.336576938521859326e-01,7.267449258237158594e-01,7.216825568284612746e-01,7.147684967758780594e-01
7.582310007102727178e-01,7.511349592925701257e-01,7.459334660474327139e-01,7.388170695453040171e-01,7.336062601834564267e-01,7.264804463089523656e-01,7.212620907938216419e-01,7.141346143843830818e-01
7.589150373996141896e-01,7.516076312944207638e-01,7.462510587648643057e-01,7.389221027294557986e-01,7.335556101890406966e-01,7.262167230597157408e-01,7.208423602523712503e-01,7.135014559910309861e-01
7.595998573517739327e-01,7.520811174948339728e-01,7.465694692296015456e-01,7.390279352845319227e-01,7.335057431827302077e-01,7.259537550048498211e-01,7.204233640642703218e-01,7.128690200670836363e-01
7.602854613388425609e-01,7.525554185405279872e-01,7.468886978427609069e-01,7.391345670137704493e-01,7.334566584963414515e-01,7.256915410841154879e-01,7.200051010832773102e-01,7.122373051484115480e-01
7.609718501516792299e-01,7.530305351142451142e-01,7.472087450343234405e-01,7.392419977423777544e-01,7.334083554781969383e-01,7.254300802475118770e-01,7.195875701582569173e-01,7.116063098271666609e-01
7.616590245977239437e-01,7.535064679306235913e-01,7.475296112600924303e-01,7.393502273154615168e-01,7.333608334918186866e-01,7.251693714546807445e-01,7.191707701344349779e-01,7.109760327447459671e-01
7.623469854991372641e-01,7.539832177326840634e-01,7.478512969990953607e-01,7.394592555962572478e-01,7.333140919147982384e-01,7.249094136743819972e-01,7.187546998544483978e-01,7.103464725858178452e-01
7.630357336912128030e-01,7.544607852888255417e-01,7.481738027513544775e-01,7.395690824645979600e-01,7.332681301378133343e-01,7.246502058840293969e-01,7.183393581592258936e-01,7.097176280732289122e-01
7.637252700210163114e-01,7.549391713902448009e-01,7.484971290359653251e-01,7.396797078155892269e-01,7.332229475637679350e-01,7.243917470692763372e-01,7.179247438887268462e-01,7.090894979636426232e-01
7.644155953462133946e-01,7.554183768487109374e-01,7.488212763894336321e-01,7.397911315584542180e-01,7.331785436070366035e-01,7.241340362236474704e-01,7.175108558825661342e-01,7.084620810437889382e-01
7.651067105340573216e-01,7.558984024946393543e-01,7.491462453642288022e-01,7.399033536155260604e-01,7.331349176927987044e-01,7.238770723482076397e-01,7.170976929805423783e-01,7.078353761272274669e-01
7.657986164605107282e-01,7.563792491754168790e-01,7.494720365275236995e-01,7.400163739213642122e-01,7.330920692564486529e-01,7.236208544512624519e-01,7.166852540230844726e-01,7.072093820515442664e-01
7.664913140094796740e-01,7.568609177539419308e-01,7.497986504600905322e-01,7.401301924219746420e-01,7.330499977430726677e-01,7.233653815480889371e-01,7.162735378516311702e-01,7.065840976759141245e-01
7.671848040721465090e-01,7.573434091073464325e-01,7.501260877553291850e-01,7.402448090741208242e-01,7.330087026069805889e-01,7.231106526606904117e-01,7.158625433089526036e-01,7.059595218789751492e-01
7.678790875463847865e-01,7.578267241258723752e-01,7.504543490184127918e-01,7.403602238447137829e-01,7.329681833112867695e-01,7.228566668175736565e-01,7.154522692394242878e-01,7.053356535569696995e-01
7.685741653362453407e-01,7.583108637118856077e-01,7.507834348655318957e-01,7.404764367102683043e-01,7.329284393275342646e-01,7.226034230535449687e-01,7.150427144892608222e-01,7.047124916221113589e-01
7.692700383515022056e-01,7.587958287790030898e-01,7.511133459232223197e-01,7.405934476564175473e-01,7.328894701353559915e-01,7.223509204095232006e-01,7.146338779067145097e-01,7.040900350011490838e-01
7.699667075072521571e-01,7.592816202513179569e-01,7.514440828277675344e-01,7.407112566774792795e-01,7.328512752221688631e-01,7.220991579323692289e-01,7.142257583422444434e-01,7.034682826340992179e-01
7.706641737235601086e-01,7.597682390627131799e-01,7.517756462246670823e-01,7.408298637760656336e-01,7.328138540828944558e-01,7.218481346747274152e-01,7.138183546486602804e-01,7.028472334731229454e-01
7.713624379251432517e-01,7.602556861562502766e-01,7.521080367681599599e-01,7.409492689627329431e-01,7.327772062197082104e-01,7.215978496948797227e-01,7.134116656812453661e-01,7.022268864815306433e-01
7.720615010410897261e-01,7.607439624836225267e-01,7.524412551207976252e-01,7.410694722556648850e-01,7.327413311418102815e-01,7.213483020566116011e-01,7.130056902978606503e-01,7.016072406328969224e-01
7.727613640046077093e-01,7.612330690046656967e-01,7.527753019530601941e-01,7.411904736803854865e-01,7.327062283652145958e-01,7.210994908290870864e-01,7.126004273590326177e-01,7.009882949102704819e-01
7.734620277528012622e-01,7.617230066869206118e-01,7.531101779430100507e-01,7.413122732694994443e-01,7.326718974125570050e-01,7.208514150867322279e-01,7.121958757280278940e-01,7.003700483054676740e-01
7.741634932264686020e-01,7.622137765052381386e-01,7.534458837759799854e-01,7.414348710624570904e-01,7.326383378129189827e-01,7.206040739091269520e-01,7.117920342709169734e-01,6.997524998184411205e-01
7.748657613699210245e-01,7.627053794414235810e-01,7.537824201442909766e-01,7.415582671053388975e-01,7.326055491016666421e-01,7.203574663809048095e-01,7.113889018566273981e-01,6.991356484567122775e-01
7.755688331308200345e-01,7.631978164839156031e-01,7.541197877469961730e-01,7.416824614506597468e-01,7.325735308203012996e-01,7.201115915916588284e-01,7.109864773569872787e-01,6.985194932348606223e-01
7.762727094600297972e-01,7.636910886274966836e-01,7.544579872896488570e-01,7.418074541571902936e-01,7.325422825163221408e-01,7.198664486358530290e-01,7.105847596467610439e-01,6.979040331740631320e-01
7.769773913114847996e-01,7.641851968730313249e-01,7.547970194840909475e-01,7.419332452897922092e-01,7.325118037431000984e-01,7.196220366127404899e-01,7.101837476036807484e-01,6.972892673016791720e-01
7.776828796420697243e-01,7.646801422272253568e-01,7.551368850482595985e-01,7.420598349192683019e-01,7.324820940597592811e-01,7.193783546262862982e-01,7.097834401084710532e-01,6.966751946508742410e-01
7.783891754115087602e-01,7.651759257024087768e-01,7.554775847060122285e-01,7.421872231222250704e-01,7.324531530310690597e-01,7.191354017850946079e-01,7.093838360448677660e-01,6.960618142602791325e-01
7.790962795822674591e-01,7.656725483163390189e-01,7.558191191869668701e-01,7.423154099809461393e-01,7.324249802273441468e-01,7.188931772023398059e-01,7.089849342996331627e-01,6.954491251736805157e-01
7.798041931194620302e-01,7.661700110920207640e-01,7.561614892263546217e-01,7.424443955832753517e-01,7.323975752243503390e-01,7.186516799957026747e-01,7.085867337625683104e-01,6.948371264397391611e-01
7.805129169907767395e-01,7.666683150575398509e-01,7.565046955648854210e-01,7.425741800225090783e-01,7.323709376032180307e-01,7.184109092873102176e-01,7.081892333265208395e-01,6.942258171117334786e-01
7.812224521663889698e-01,7.671674612459125076e-01,7.568487389486246997e-01,7.427047633972967411e-01,7.323450669503607235e-01,7.181708642036779278e-01,7.077924318873910492e-01,6.936151962473252608e-01
7.819327996189002761e-01,7.676674506949484611e-01,7.571936201288803625e-01,7.428361458115498861e-01,7.323199628573998643e-01,7.179315438756556089e-01,7.073963283441351280e-01,6.930052629083451876e-01
7.826439603232739906e-01,7.681682844471229288e-01,7.575393398620989815e-01,7.429683273743582506e-01,7.322956249210961222e-01,7.176929474383775265e-01,7.070009215987662632e-01,6.923960161605968722e-01
7.833559352567771583e-01,7.686699635494598226e-01,7.578858989097698728e-01,7.431013081999110481e-01,7.322720527432835524e-01,7.174550740312138908e-01,7.066062105563548634e-01,6.917874550736778927e-01
7.840687253989276906e-01,7.691724890534259451e-01,7.582332980383381660e-01,7.432350884074240271e-01,7.322492459308078683e-01,7.172179227977243388e-01,7.062121941250251167e-01,6.911795787208134811e-01
7.847823317314449598e-01,7.696758620148314023e-01,7.585815380191233137e-01,7.433696681210734125e-01,7.322272040954699301e-01,7.169814928856155234e-01,7.058188712159529921e-01,6.905723861787048667e-01
7.854967552382061680e-01,7.701800834937385654e-01,7.589306196282444850e-01,7.435050474699338441e-01,7.322059268539728993e-01,7.167457834467001465e-01,7.054262407433611326e-01,6.899658765273901651e-01
7.862119969052046020e-01,7.706851545543789150e-01,7.592805436465522861e-01,7.436412265879210892e-01,7.321854138278728330e-01,7.165107936368583230e-01,7.050343016245124161e-01,6.893600488501145929e-01
7.869280577205115534e-01,7.711910762650756590e-01,7.596313108595660335e-01,7.437782056137393072e-01,7.321656646435324989e-01,7.162765226159998333e-01,7.046430527797052923e-01,6.887549022332115634e-01
7.876449386742416792e-01,7.716978496981714564e-01,7.599829220574152444e-01,7.439159846908312002e-01,7.321466789320778545e-01,7.160429695480301504e-01,7.042524931322660109e-01,6.881504357659928850e-01
7.883626407585195839e-01,7.722054759299629145e-01,7.603353780347856805e-01,7.440545639673337153e-01,7.321284563293580794e-01,7.158101336008172444e-01,7.038626216085402953e-01,6.875466485406466211e-01
7.890811649674509543e-01,7.727139560406399710e-01,7.606886795908708310e-01,7.441939435960353011e-01,7.321109964759087152e-01,7.155780139461598299e-01,7.034734371378862372e-01,6.869435396521419435e-01
7.898005122970949143e-01,7.732232911142283838e-01,7.610428275293255052e-01,7.443341237343370498e-01,7.320942990169161391e-01,7.153466097597580564e-01,7.030849386526651923e-01,6.863411081981413142e-01
7.905206837454379354e-01,7.737334822385378841e-01,7.613978226582251985e-01,7.444751045442177251e-01,7.320783636021849228e-01,7.151159202211843091e-01,7.026971250882326769e-01,6.857393532789195500e-01
7.912416803123695219e-01,7.742445305051125493e-01,7.617536657900276786e-01,7.446168861921996784e-01,7.320631898861075237e-01,7.148859445138571189e-01,7.023099953829302633e-01,6.851382739972877722e-01
7.919635029996611175e-01,7.747564370091871710e-01,7.621103577415366814e-01,7.447594688493190951e-01,7.320487775276357523e-01,7.146566818250155162e-01,7.019235484780753653e-01,6.845378694585222412e-01
7.926861528109457877e-01,7.752692028496451782e-01,7.624678993338702693e-01,7.449028526910976833e-01,7.320351261902553475e-01,7.144281313456941618e-01,7.015377833179514688e-01,6.839381387702989645e-01
7.934096307516977920e-01,7.757828291289787792e-01,7.628262913924319655e-01,7.450470378975165842e-01,7.320222355419609972e-01,7.142002922707004764e-01,7.011526988497998047e-01,6.833390810426319684e-01
7.941339378292157081e-01,7.762973169532545459e-01,7.631855347468831097e-01,7.451920246529936120e-01,7.320101052552334675e-01,7.139731637985929913e-01,7.007682940238081359e-01,6.827406953878150109e-01
7.948590750526070003e-01,7.768126674320794400e-01,7.635456302311178778e-01,7.453378131463614942e-01,7.319987350070195076e-01,7.137467451316609202e-01,7.003845677931015423e-01,6.821429809203681804e-01
7.955850434327718101e-01,7.773288816785701716e-01,7.639065786832418548e-01,7.454844035708485528e-01,7.319881244787125318e-01,7.135210354759033979e-01,7.000015191137333170e-01,6.815459367569876026e-01
7.963118439823887451e-01,7.778459608093243327e-01,7.642683809455513844e-01,7.456317961240601644e-01,7.319782733561348564e-01,7.132960340410110511e-01,6.996191469446744193e-01,6.809495620164978114e-01
7.970394777159021116e-01,7.783639059443935304e-01,7.646310378645159167e-01,7.457799910079632166e-01,7.319691813295213789e-01,7.130717400403487893e-01,6.992374502478041487e-01,6.803538558198077846e-01
7.977679456495091470e-01,7.788827182072597388e-01,7.649945502907605777e-01,7.459289884288721195e-01,7.319608480935048123e-01,7.128481526909383748e-01,6.988564279879001528e-01,6.797588172898687553e-01
7.984972488011483627e-01,7.794023987248118734e-01,7.653589190790521801e-01,7.460787885974350386e-01,7.319532733471023622e-01,7.126252712134427680e-01,6.984760791326293239e-01,6.791644455516345769e-01
7.992273881904897737e-01,7.799229486273253631e-01,7.657241450882871225e-01,7.462293917286237921e-01,7.319464567937034039e-01,7.124030948321506962e-01,6.980964026525378063e-01,6.785707397320251966e-01
7.999583648389245738e-01,7.804443690484420548e-01,7.660902291814787324e-01,7.463807980417228594e-01,7.319403981410589344e-01,7.121816227749623307e-01,6.977173975210421153e-01,6.779776989598919057e-01
8.006901797695560319e-01,7.809666611251518953e-01,7.664571722257478292e-01,7.465330077603208325e-01,7.319350971012714702e-01,7.119608542733765200e-01,6.973390627144198106e-01,6.773853223659844769e-01
8.014228340071907208e-01,7.814898259977777206e-01,7.668249750923146202e-01,7.466860211123036439e-01,7.319305533907860539e-01,7.117407885624773556e-01,6.969613972117997269e-01,6.767936090829195228e-01
8.021563285783303021e-01,7.820138648099594914e-01,7.671936386564915944e-01,7.468398383298480159e-01,7.319267667303832603e-01,7.115214248809215158e-01,6.965843999951533139e-01,6.762025582451512973e-01
8.028906645111647533e-01,7.825387787086396374e-01,7.675631637976776389e-01,7.469944596494165756e-01,7.319237368451723125e-01,7.113027624709281627e-01,6.962080700492861984e-01,6.756121689889446058e-01
8.036258428355648187e-01,7.830645688440508456e-01,7.679335513993528206e-01,7.471498853117538586e-01,7.319214634645851980e-01,7.110848005782677284e-01,6.958324063618293032e-01,6.750224404523478272e-01
8.043618645830757918e-01,7.835912363697045135e-01,7.683048023490759437e-01,7.473061155618841989e-01,7.319199463223725610e-01,7.108675384522512575e-01,6.954574079232294093e-01,6.744333717751677115e-01
8.050987307869112986e-01,7.841187824423794250e-01,7.686769175384819963e-01,7.474631506491097310e-01,7.319191851566000384e-01,7.106509753457214140e-01,6.950830737267416071e-01,6.738449620989465094e-01
8.058364424819478566e-01,7.846472082221122024e-01,7.690498978632801519e-01,7.476209908270092797e-01,7.319191797096454843e-01,7.104351105150439327e-01,6.947094027684214135e-01,6.732572105669392126e-01
8.065750007047202130e-01,7.851765148721888687e-01,7.694237442232544355e-01,7.477796363534391366e-01,7.319199297281969718e-01,7.102199432200992923e-01,6.943363940471153350e-01,6.726701163240915715e-01
8.073144064934163477e-01,7.857067035591371873e-01,7.697984575222646120e-01,7.479390874905339492e-01,7.319214349632519045e-01,7.100054727242747221e-01,6.939640465644534295e-01,6.720836785170206662e-01
8.080546608878722559e-01,7.862377754527185569e-01,7.701740386682462969e-01,7.480993445047082746e-01,7.319236951701166838e-01,7.097916982944573183e-01,6.935923593248425334e-01,6.714978962939954776e-01
8.087957649295687279e-01,7.867697317259227940e-01,7.705504885732149534e-01,7.482604076666607984e-01,7.319267101084067084e-01,7.095786192010268278e-01,6.932213313354573803e-01,6.709127688049176808e-01
8.095377196616270199e-01,7.873025735549620263e-01,7.709278081532696669e-01,7.484222772513773325e-01,7.319304795420485954e-01,7.093662347178499861e-01,6.928509616062331622e-01,6.703282952013047691e-01
8.102805261288056338e-01,7.878363021192649196e-01,7.713059983285956989e-01,7.485849535381344788e-01,7.319350032392819561e-01,7.091545441222756319e-01,6.924812491498595346e-01,6.697444746362735124e-01
8.110241853774973197e-01,7.883709186014741244e-01,7.716850600234711477e-01,7.487484368105066235e-01,7.319402809726611725e-01,7.089435466951283793e-01,6.921121929817722895e-01,6.691613062645234145e-01
8.117686984557255236e-01,7.889064241874426120e-01,7.720649941662720561e-01,7.489127273563710441e-01,7.319463125190602826e-01,7.087332417207041768e-01,6.917437921201462503e-01,6.685787892423207257e-01
8.125140664131423884e-01,7.894428200662303441e-01,7.724458016894790724e-01,7.490778254679146819e-01,7.319530976596767546e-01,7.085236284867669765e-01,6.913760455858898313e-01,6.679969227274854537e-01
8.132602903010255346e-01,7.899801074301012749e-01,7.728274835296843337e-01,7.492437314416423577e-01,7.319606361800353733e-01,7.083147062845441821e-01,6.910089524026370444e-01,6.674157058793764863e-01
8.140073711722762839e-01,7.905182874745220190e-01,7.732100406276001259e-01,7.494104455783843211e-01,7.319689278699945678e-01,7.081064744087228746e-01,6.906425115967413930e-01,6.668351378588771583e-01
8.147553100814173277e-01,7.910573613981611851e-01,7.735934739280678762e-01,7.495779681833052432e-01,7.319779725237525181e-01,7.078989321574475913e-01,6.902767221972700984e-01,6.662552178283842608e-01
8.155041080845909507e-01,7.915973304028884883e-01,7.739777843800658141e-01,7.497462995659140983e-01,7.319877699398530391e-01,7.076920788323181055e-01,6.899115832359972167e-01,6.656759449517948291e-01
8.162537662395575877e-01,7.921381956937744162e-01,7.743629729367207393e-01,7.499154400400742659e-01,7.319983199211939073e-01,7.074859137383867624e-01,6.895470937473977546e-01,6.650973183944938194e-01
8.170042856056939362e-01,7.926799584790898967e-01,7.747490405553182358e-01,7.500853899240143008e-01,7.320096222750345216e-01,7.072804361841563692e-01,6.891832527686424514e-01,6.645193373233432288e-01
8.177556672439916241e-01,7.932226199703070746e-01,7.751359881973127752e-01,7.502561495403390346e-01,7.320216768130032303e-01,7.070756454815796399e-01,6.888200593395918947e-01,6.639420009066713257e-01
8.185079122170565435e-01,7.937661813821010881e-01,7.755238168283404843e-01,7.504277192160417886e-01,7.320344833511073235e-01,7.068715409460585297e-01,6.884575125027905251e-01,6.633653083142614371e-01
8.192610215891079628e-01,7.943106439323519563e-01,7.759125274182315790e-01,7.506000992825173634e-01,7.320480417097424697e-01,7.066681218964422362e-01,6.880956113034615296e-01,6.627892587173421779e-01
8.200149964259770829e-01,7.948560088421459113e-01,7.763021209410227996e-01,7.507732900755752503e-01,7.320623517137027081e-01,7.064653876550274214e-01,6.877343547895014009e-01,6.622138512885771267e-01
8.207698377951062607e-01,7.954022773357771747e-01,7.766925983749707330e-01,7.509472919354526210e-01,7.320774131921912176e-01,7.062633375475587671e-01,6.873737420114756080e-01,6.616390852020561653e-01
8.215255467655484534e-01,7.959494506407510661e-01,7.770839607025660234e-01,7.511221052068290938e-01,7.320932259788310859e-01,7.060619709032293079e-01,6.870137720226130451e-01,6.610649596332863753e-01
8.222821244079672187e-01,7.964975299877876669e-01,7.774762089105482499e-01,7.512977302388418321e-01,7.321097899116773000e-01,7.058612870546810969e-01,6.866544438788012572e-01,6.604914737591823792e-01
8.230395717946362710e-01,7.970465166108248178e-01,7.778693439899206918e-01,7.514741673850999781e-01,7.321271048332285147e-01,7.056612853380056505e-01,6.862957566385822217e-01,6.599186267580583465e-01
8.237978899994389259e-01,7.975964117470217829e-01,7.782633669359653172e-01,7.516514170037018605e-01,7.321451705904394869e-01,7.054619650927462793e-01,6.859377093631472411e-01,6.593464178096197781e-01
8.245570800978679893e-01,7.981472166367634680e-01,7.786582787482594359e-01,7.518294794572508710e-01,7.321639870347351753e-01,7.052633256618987545e-01,6.855803011163330574e-01,6.587748460949556240e-01
8.253171431670259794e-01,7.986989325236648618e-01,7.790540804306922418e-01,7.520083551128716737e-01,7.321835540220239524e-01,7.050653663919137504e-01,6.852235309646176331e-01,6.582039107965300673e-01
8.260780802856249050e-01,7.992515606545752549e-01,7.794507729914813554e-01,7.521880443422278573e-01,7.322038714127111492e-01,7.048680866327000638e-01,6.848673979771159326e-01,6.576336110981757521e-01
8.268398925339868200e-01,7.998051022795839016e-01,7.798483574431906984e-01,7.523685475215408092e-01,7.322249390717131545e-01,7.046714857376255026e-01,6.845119012255760360e-01,6.570639461850864560e-01
8.276025809940441569e-01,8.003595586520251270e-01,7.802468348027479239e-01,7.525498650316071458e-01,7.322467568684732919e-01,7.044755630635206600e-01,6.841570397843753648e-01,6.564949152438093183e-01
8.283661467493393937e-01,8.009149310284833234e-01,7.806462060914630685e-01,7.527319972578172536e-01,7.322693246769775843e-01,7.042803179706820238e-01,6.838028127305166848e-01,6.559265174622386230e-01
8.291305908850258310e-01,8.014712206687999441e-01,7.810464723350472038e-01,7.529149445901750504e-01,7.322926423757696313e-01,7.040857498228755285e-01,6.834492191436248865e-01,6.553587520296094704e-01
8.298959144878683691e-01,8.020284288360787217e-01,7.814476345636313104e-01,7.530987074233177481e-01,7.323167098479667070e-01,7.038918579873399972e-01,6.830962581059433214e-01,6.547916181364903387e-01
8.306621186462441742e-01,8.025865567966923297e-01,7.818496938117864836e-01,7.532832861565359472e-01,7.323415269812776351e-01,7.036986418347912497e-01,6.827439287023305825e-01,6.542251149747775330e-01
8.314292044501426782e-01,8.031456058202889325e-01,7.822526511185441400e-01,7.534686811937941764e-01,7.323670936680187760e-01,7.035061007394262100e-01,6.823922300202580615e-01,6.536592417376898556e-01
8.321971729911671334e-01,8.037055771797992909e-01,7.826565075274154459e-01,7.536548929437523192e-01,7.323934098051316788e-01,7.033142340789270142e-01,6.820411611498059523e-01,6.530939976197612795e-01
8.329660253625349453e-01,8.042664721514435344e-01,7.830612640864133001e-01,7.538419218197867089e-01,7.324204752942017338e-01,7.031230412344665615e-01,6.816907211836604752e-01,6.525293818168351745e-01
8.337357626590782278e-01,8.048282920147382669e-01,7.834669218480733166e-01,7.540297682400125545e-01,7.324482900414754916e-01,7.029325215907128444e-01,6.813409092171111014e-01,6.519653935260599775e-01
8.345063859772459125e-01,8.053910380525050039e-01,7.838734818694752526e-01,7.542184326273061457e-01,7.324768539578809801e-01,7.027426745358346105e-01,6.809917243480481108e-01,6.514020319458829755e-01
8.352778964151038599e-01,8.059547115508776116e-01,7.842809452122659897e-01,7.544079154093276118e-01,7.325061669590459124e-01,7.025534994615065809e-01,6.806431656769600380e-01,6.508392962760447542e-01
8.360502950723353033e-01,8.065193137993099670e-01,7.846893129426808500e-01,7.545982170185434601e-01,7.325362289653166714e-01,7.023649957629151119e-01,6.802952323069308971e-01,6.502771857175747572e-01
8.368235830502435135e-01,8.070848460905846178e-01,7.850985861315672443e-01,7.547893378922512220e-01,7.325670399017786272e-01,7.021771628387646347e-01,6.799479233436374059e-01,6.497156994727851798e-01
8.375977614517520209e-01,8.076513097208214420e-01,7.855087658544076534e-01,7.549812784726036563e-01,7.325985996982768977e-01,7.019900000912833171e-01,6.796012378953478761e-01,6.491548367452666390e-01
8.383728313814056143e-01,8.082187059894851977e-01,7.859198531913432761e-01,7.551740392066320640e-01,7.326309082894371105e-01,7.018035069262298364e-01,6.792551750729196591e-01,6.485945967398835110e-01
8.391487939453723399e-01,8.087870361993954038e-01,7.863318492271984539e-01,7.553676205462720450e-01,7.326639656146859414e-01,7.016176827528995963e-01,6.789097339897967043e-01,6.480349786627686015e-01
8.399256502514447220e-01,8.093563016567358881e-01,7.867447550515052068e-01,7.555620229483887007e-01,7.326977716182724309e-01,7.014325269841319432e-01,6.785649137620077820e-01,6.474759817213185942e-01
8.407034014090412066e-01,8.099265036710627808e-01,7.871585717585271036e-01,7.557572468748018357e-01,7.327323262492905220e-01,7.012480390363178273e-01,6.782207135081649296e-01,6.469176051241894987e-01
8.414820485292069385e-01,8.104976435553145064e-01,7.875733004472851295e-01,7.559532927923124923e-01,7.327676294617011532e-01,7.010642183294056862e-01,6.778771323494614531e-01,6.463598480812929870e-01
8.422615927246155376e-01,8.110697226258219983e-01,7.879889422215834438e-01,7.561501611727293737e-01,7.328036812143545742e-01,7.008810642869102159e-01,6.775341694096703726e-01,6.458027098037913971e-01
8.430420351095705422e-01,8.116427422023176907e-01,7.884054981900345815e-01,7.563478524928953783e-01,7.328404814710131054e-01,7.006985763359199204e-01,6.771918238151434233e-01,6.452461895040932927e-01
8.438233768000078516e-01,8.122167036079458446e-01,7.888229694660864322e-01,7.565463672347152446e-01,7.328780302003744529e-01,7.005167539071049942e-01,6.768500946948088348e-01,6.446902863958495766e-01
8.446056189134962811e-01,8.127916081692730943e-01,7.892413571680487738e-01,7.567457058851829732e-01,7.329163273760957997e-01,7.003355964347250939e-01,6.765089811801705544e-01,6.441349996939490508e-01
8.453887625692394492e-01,8.133674572162982175e-01,7.896606624191199186e-01,7.569458689364099158e-01,7.329553729768177872e-01,7.001551033566376647e-01,6.761684824053066922e-01,6.435803286145155289e-01
8.461728088880778875e-01,8.139442520824629046e-01,7.900808863474142463e-01,7.571468568856529746e-01,7.329951669861886066e-01,6.999752741143074886e-01,6.758285975068689666e-01,6.430262723749026188e-01
8.469577589924900396e-01,8.145219941046633050e-01,7.905020300859900706e-01,7.573486702353432465e-01,7.330357093928886458e-01,6.997961081528148997e-01,6.754893256240810384e-01,6.424728301936898367e-01
8.477436140065945924e-01,8.151006846232604630e-01,7.909240947728772841e-01,7.575513094931156655e-01,7.330770001906558031e-01,6.996176049208647774e-01,6.751506658987376230e-01,6.419200012906796093e-01
8.485303750561524749e-01,8.156803249820909762e-01,7.913470815511067791e-01,7.577547751718387570e-01,7.331190393783101333e-01,6.994397638707952058e-01,6.748126174752041573e-01,6.413677848868931664e-01
8.493180432685678571e-01,8.162609165284782087e-01,7.917709915687378697e-01,7.579590677896440587e-01,7.331618269597808268e-01,6.992625844585879102e-01,6.744751795004159112e-01,6.408161802045670985e-01
8.501066197728904816e-01,8.168424606132445032e-01,7.921958259788882684e-01,7.581641878699556525e-01,7.332053629441328546e-01,6.990860661438779156e-01,6.741383511238773218e-01,6.402651864671494719e-01
8.508961056998183281e-01,8.174249585907222837e-01,7.926215859397640617e-01,7.583701359415219168e-01,7.332496473455913932e-01,6.989102083899618734e-01,6.738021314976611054e-01,6.397148028992958313e-01
8.516865021816983905e-01,8.180084118187659348e-01,7.930482726146881323e-01,7.585769125384469458e-01,7.332946801835688033e-01,6.987350106638091640e-01,6.734665197764078126e-01,6.391650287268664243e-01
8.524778103525285644e-01,8.185928216587641248e-01,7.934758871721313556e-01,7.587845182002211919e-01,7.333404614826930512e-01,6.985604724360723328e-01,6.731315151173253852e-01,6.386158631769228711e-01
8.532700313479605336e-01,8.191781894756512417e-01,7.939044307857434646e-01,7.589929534717532178e-01,7.333869912728351315e-01,6.983865931810966377e-01,6.727971166801894887e-01,6.380673054777242781e-01
8.540631663053013245e-01,8.197645166379197157e-01,7.943339046343831367e-01,7.592022189034016710e-01,7.334342695891364894e-01,6.982133723769308187e-01,6.724633236273431791e-01,6.375193548587245740e-01
8.548572163635151933e-01,8.203518045176327877e-01,7.947643099021495239e-01,7.594123150510081466e-01,7.334822964720367766e-01,6.980408095053382000e-01,6.721301351236957933e-01,6.369720105505684016e-01
8.556521826632268457e-01,8.209400544904372765e-01,7.951956477784137833e-01,7.596232424759300494e-01,7.335310719673024948e-01,6.978689040518077924e-01,6.717975503367239476e-01,6.364252717850880092e-01
8.564480663467222143e-01,8.215292679355756800e-01,7.956279194578504965e-01,7.598350017450740124e-01,7.335805961260564168e-01,6.976976555055647289e-01,6.714655684364716492e-01,6.358791377953005863e-01
8.572448685579507899e-01,8.221194462358996091e-01,7.960611261404708650e-01,7.600475934309288695e-01,7.336308690048057857e-01,6.975270633595817005e-01,6.711341885955490749e-01,6.353336078154048217e-01
8.580425904425279526e-01,8.227105907778826666e-01,7.964952690316552397e-01,7.602610181116000732e-01,7.336818906654725136e-01,6.973571271105906133e-01,6.708034099891339030e-01,6.347886810807781277e-01
8.588412331477375261e-01,8.233027029516334361e-01,7.969303493421854290e-01,7.604752763708441110e-01,7.337336611754231575e-01,6.971878462590941350e-01,6.704732317949714249e-01,6.342443568279728661e-01
8.596407978225339974e-01,8.238957841509089164e-01,7.973663682882782267e-01,7.606903687981029227e-01,7.337861806074976734e-01,6.970192203093780181e-01,6.701436531933749885e-01,6.337006342947135717e-01
8.604412856175448487e-01,8.244898357731283989e-01,7.978033270916191633e-01,7.609062959885395383e-01,7.338394490400411696e-01,6.968512487695226465e-01,6.698146733672261099e-01,6.331575127198948438e-01
8.612426976850721116e-01,8.250848592193870124e-01,7.982412269793965898e-01,7.611230585430729390e-01,7.338934665569348814e-01,6.966839311514149147e-01,6.694862915019745842e-01,6.326149913435773486e-01
8.620450351790945875e-01,8.256808558944691567e-01,7.986800691843357614e-01,7.613406570684135843e-01,7.339482332476267024e-01,6.965172669707612174e-01,6.691585067856401503e-01,6.320730694069855993e-01
8.628482992552711783e-01,8.262778272068628249e-01,7.991198549447339206e-01,7.615590921770999389e-01,7.340037492071624925e-01,6.963512557470998843e-01,6.688313184088126029e-01,6.315317461525048470e-01
8.636524910709429959e-01,8.268757745687733696e-01,7.995605855044948251e-01,7.617783644875353311e-01,7.340600145362180529e-01,6.961858970038136141e-01,6.685047255646525688e-01,6.309910208236778617e-01
8.644576117851350272e-01,8.274746993961376029e-01,8.000022621131639422e-01,7.619984746240241469e-01,7.341170293411314329e-01,6.960211902681430196e-01,6.681787274488920625e-01,6.304508926652029333e-01
8.652636625585589103e-01,8.280746031086394510e-01,8.004448860259648635e-01,7.622194232168090222e-01,7.341747937339349050e-01,6.958571350711990622e-01,6.678533232598351521e-01,6.299113609229303190e-01
8.660706445536164866e-01,8.286754871297238312e-01,8.008884585038347215e-01,7.624412109021092565e-01,7.342333078323874940e-01,6.956937309479757081e-01,6.675285121983597358e-01,6.293724248438601343e-01
8.668785589344001341e-01,8.292773528866105304e-01,8.013329808134611598e-01,7.626638383221586714e-01,7.342925717600089497e-01,6.955309774373643616e-01,6.672042934679184301e-01,6.288340836761396879e-01
8.676874068666962092e-01,8.298802018103095257e-01,8.017784542273187487e-01,7.628873061252424703e-01,7.343525856461131651e-01,6.953688740821676317e-01,6.668806662745392355e-01,6.282963366690602625e-01
8.684971895179880441e-01,8.304840353356367499e-01,8.022248800237056221e-01,7.631116149657370951e-01,7.344133496258408167e-01,6.952074204291124326e-01,6.665576298268264255e-01,6.277591830730548939e-01
8.693079080574580564e-01,8.310888549012288573e-01,8.026722594867813365e-01,7.633367655041499722e-01,7.344748638401933372e-01,6.950466160288640838e-01,6.662351833359622111e-01,6.272226221396952628e-01
8.701195636559903024e-01,8.316946619495577675e-01,8.031205939066047295e-01,7.635627584071575935e-01,7.345371284360688868e-01,6.948864604360401875e-01,6.659133260157084067e-01,6.266866531216898073e-01
8.709321574861730308e-01,8.323014579269469859e-01,8.035698845791717781e-01,7.637895943476451510e-01,7.346001435662956602e-01,6.947269532092252842e-01,6.655920570824075400e-01,6.261512752728810582e-01
8.717456907223013474e-01,8.329092442835865917e-01,8.040201328064544573e-01,7.640172740047472821e-01,7.346639093896667472e-01,6.945680939109847296e-01,6.652713757549838514e-01,6.256164878482427527e-01
8.725601645403792128e-01,8.335180224735494470e-01,8.044713398964389306e-01,7.642457980638885928e-01,7.347284260709765480e-01,6.944098821078797945e-01,6.649512812549451812e-01,6.250822901038776136e-01
8.733755801181229961e-01,8.341277939548070730e-01,8.049235071631642979e-01,7.644751672168242917e-01,7.347936937810550795e-01,6.942523173704826522e-01,6.646317728063848573e-01,6.245486812970145740e-01
8.741919386349634724e-01,8.347385601892448603e-01,8.053766359267631181e-01,7.647053821616812685e-01,7.348597126968048343e-01,6.940953992733903677e-01,6.643128496359825830e-01,6.240156606860065569e-01
8.750092412720483770e-01,8.353503226426790551e-01,8.058307275135013770e-01,7.649364436029993941e-01,7.349264830012368632e-01,6.939391273952405514e-01,6.639945109730068795e-01,6.234832275303280325e-01
8.758274892122456246e-01,8.359630827848730794e-01,8.062857832558175675e-01,7.651683522517742642e-01,7.349940048835069684e-01,6.937835013187264588e-01,6.636767560493163076e-01,6.229513810905724647e-01
8.766466836401456408e-01,8.365768420895540736e-01,8.067418044923637677e-01,7.654011088254990547e-01,7.350622785389526737e-01,6.936285206306125328e-01,6.633595840993614656e-01,6.224201206284500909e-01
8.774668257420648043e-01,8.371916020344292164e-01,8.071987925680468301e-01,7.656347140482068214e-01,7.351313041691309724e-01,6.934741849217497256e-01,6.630429943601872100e-01,6.218894454067852573e-01
8.782879167060472225e-01,8.378073641012019346e-01,8.076567488340689049e-01,7.658691686505136875e-01,7.352010819818554088e-01,6.933204937870915963e-01,6.627269860714342098e-01,6.213593546895147535e-01
8.791099577218675076e-01,8.384241297755892219e-01,8.081156746479691844e-01,7.661044733696623643e-01,7.352716121912341585e-01,6.931674468257098543e-01,6.624115584753412778e-01,6.208298477416851480e-01
8.799329499810342181e-01,8.390419005473386260e-01,8.085755713736665351e-01,7.663406289495657830e-01,7.353428950177081092e-01,6.930150436408101244e-01,6.620967108167472581e-01,6.203009238294500127e-01
8.807568946767919682e-01,8.396606779102454565e-01,8.090364403815010208e-01,7.665776361408505046e-01,7.354149306880891634e-01,6.928632838397494886e-01,6.617824423430933578e-01,6.197725822200683687e-01
8.815817930041248696e-01,8.402804633621707708e-01,8.094982830482762015e-01,7.668154957009022388e-01,7.354877194355993186e-01,6.927121670340516957e-01,6.614687523044251449e-01,6.192448221819017995e-01
8.824076461597588628e-01,8.409012584050579164e-01,8.099611007573028765e-01,7.670542083939108080e-01,7.355612614999094134e-01,6.925616928394230376e-01,6.611556399533949913e-01,6.187176429844124526e-01
8.832344553421648259e-01,8.415230645449500724e-01,8.104248948984423828e-01,7.672937749909141125e-01,7.356355571271792071e-01,6.924118608757703353e-01,6.608431045452642927e-01,6.181910438981609301e-01
8.840622217515615722e-01,8.421458832920086790e-01,8.108896668681500053e-01,7.675341962698440934e-01,7.357106065700964592e-01,6.922626707672177027e-01,6.605311453379059117e-01,6.176650241948040687e-01
8.848909465899185145e-01,8.427697161605312015e-01,8.113554180695183859e-01,7.677754730155730289e-01,7.357864100879172309e-01,6.921141221421229783e-01,6.602197615918068418e-01,6.171395831470929405e-01
8.857206310609585520e-01,8.433945646689687825e-01,8.118221499123232654e-01,7.680176060199596089e-01,7.358629679465065188e-01,6.919662146330948227e-01,6.599089525700699843e-01,6.166147200288698560e-01
8.865512763701604015e-01,8.440204303399445607e-01,8.122898638130676696e-01,7.682605960818955637e-01,7.359402804183791114e-01,6.918189478770108147e-01,6.595987175384177004e-01,6.160904341150669206e-01
8.873828837247628165e-01,8.446473147002714343e-01,8.127585611950260969e-01,7.685044440073526273e-01,7.360183477827402232e-01,6.916723215150343274e-01,6.592890557651945871e-01,6.155667246817038141e-01
8.882154543337671404e-01,8.452752192809714904e-01,8.132282434882909250e-01,7.687491506094299432e-01,7.360971703255263510e-01,6.915263351926316249e-01,6.589799665213688096e-01,6.150435910058853484e-01
8.890489894079393052e-01,8.459041456172948781e-01,8.136989121298183747e-01,7.689947167084018043e-01,7.361767483394475731e-01,6.913809885595905147e-01,6.586714490805356537e-01,6.145210323658000240e-01
8.898834901598139391e-01,8.465340952487374615e-01,8.141705685634744727e-01,7.692411431317659476e-01,7.362570821240296270e-01,6.912362812700383330e-01,6.583635027189206346e-01,6.139990480407174767e-01
8.907189578036970312e-01,8.471650697190600265e-01,8.146432142400811260e-01,7.694884307142917379e-01,7.363381719856567642e-01,6.910922129824594862e-01,6.580561267153822724e-01,6.134776373109859238e-01
8.915553935556680409e-01,8.477970705763070436e-01,8.151168506174629735e-01,7.697365802980689065e-01,7.364200182376137160e-01,6.909487833597141027e-01,6.577493203514147568e-01,6.129567994580306101e-01
8.923927986335850049e-01,8.484300993728275397e-01,8.155914791604955694e-01,7.699855927325576221e-01,7.365026212001278827e-01,6.908059920690564626e-01,6.574430829111503893e-01,6.124365337643519203e-01
8.932311742570863133e-01,8.490641576652926403e-01,8.160671013411530117e-01,7.702354688746368971e-01,7.365859812004137419e-01,6.906638387821529834e-01,6.571374136813632472e-01,6.119168395135230476e-01
8.940705216475923756e-01,8.496992470147143317e-01,8.165437186385543500e-01,7.704862095886546580e-01,7.366700985727161477e-01,6.905223231751014268e-01,6.568323119514728470e-01,6.113977159901884395e-01
8.949108420283108378e-01,8.503353689864675546e-01,8.170213325390131009e-01,7.707378157464798152e-01,7.367549736583540732e-01,6.903814449284501054e-01,6.565277770135469204e-01,6.108791624800612441e-01
8.957521366242392480e-01,8.509725251503089671e-01,8.174999445360866535e-01,7.709902882275517788e-01,7.368406068057649083e-01,6.902412037272158685e-01,6.562238081623034125e-01,6.103611782699210897e-01
8.965944066621681641e-01,8.516107170803962623e-01,8.179795561306241192e-01,7.712436279189303079e-01,7.369269983705490912e-01,6.901015992609041971e-01,6.559204046951148115e-01,6.098437626476124196e-01
8.974376533706834858e-01,8.522499463553081522e-01,8.184601688308162926e-01,7.714978357153488009e-01,7.370141487155151827e-01,6.899626312235285219e-01,6.556175659120119237e-01,6.093269149020430486e-01
8.982818779801703402e-01,8.528902145580650185e-01,8.189417841522456110e-01,7.717529125192659212e-01,7.371020582107247199e-01,6.898242993136287637e-01,6.553152911156864269e-01,6.088106343231812767e-01
8.991270817228161905e-01,8.535315232761502280e-01,8.194244036179361146e-01,7.720088592409173334e-01,7.371907272335376238e-01,6.896866032342924280e-01,6.550135796114943121e-01,6.082949202020543344e-01
8.999732658326133894e-01,8.541738741015292291e-01,8.199080287584041837e-01,7.722656767983686610e-01,7.372801561686584959e-01,6.895495426931734784e-01,6.547124307074597693e-01,6.077797718307469399e-01
9.008204315453636202e-01,8.548172686306703127e-01,8.203926611117096090e-01,7.725233661175678890e-01,7.373703454081831365e-01,6.894131174025118769e-01,6.544118437142785183e-01,6.072651885023984120e-01
9.016685800986802279e-01,8.554617084645661507e-01,8.208783022235068838e-01,7.727819281323993206e-01,7.374612953516443969e-01,6.892773270791545670e-01,6.541118179453211390e-01,6.067511695112016712e-01
9.025177127319916615e-01,8.561071952087546677e-01,8.213649536470969403e-01,7.730413637847372010e-01,7.375530064060584756e-01,6.891421714445753466e-01,6.538123527166367355e-01,6.062377141524003532e-01
9.033678306865442487e-01,8.567537304733389147e-01,8.218526169434787754e-01,7.733016740244998966e-01,7.376454789859727690e-01,6.890076502248958512e-01,6.535134473469573768e-01,6.057248217222874764e-01
9.042189352054059714e-01,8.574013158730096062e-01,8.223412936814024077e-01,7.735628598097045172e-01,7.377387135135139440e-01,6.888737631509049830e-01,6.532151011577010946e-01,6.052124915182039988e-01
9.050710275334695742e-01,8.580499530270668807e-01,8.228309854374218357e-01,7.738249221065214289e-01,7.378327104184351226e-01,6.887405099580800050e-01,6.529173134729754358e-01,6.047007228385360422e-01
9.059241089174564499e-01,8.586996435594402843e-01,8.233216937959482173e-01,7.740878618893296537e-01,7.379274701381640655e-01,6.886078903866083012e-01,6.526200836195819033e-01,6.041895149827133382e-01
9.067781806059191929e-01,8.593503890987115312e-01,8.238134203493032715e-01,7.743516801407729355e-01,7.380229931178511338e-01,6.884759041814073610e-01,6.523234109270195091e-01,6.036788672512075626e-01
9.076332438492448196e-01,8.600021912781360411e-01,8.243061666977726798e-01,7.746163778518156962e-01,7.381192798104184716e-01,6.883445510921465393e-01,6.520272947274889930e-01,6.031687789455307813e-01
9.084892998996589863e-01,8.606550517356644781e-01,8.247999344496621532e-01,7.748819560217993230e-01,7.382163306766093003e-01,6.882138308732681509e-01,6.517317343558967080e-01,6.026592493682331186e-01
9.093463500112282105e-01,8.613089721139659538e-01,8.252947252213510554e-01,7.751484156584991236e-01,7.383141461850375453e-01,6.880837432840087864e-01,6.514367291498585066e-01,6.021502778229005370e-01
9.102043954398640890e-01,8.619639540604504546e-01,8.257905406373473589e-01,7.754157577781813915e-01,7.384127268122374632e-01,6.879542880884211842e-01,6.511422784497037375e-01,6.016418636141537268e-01
9.110634374433260740e-01,8.626199992272897132e-01,8.262873823303442666e-01,7.756839834056614702e-01,7.385120730427129354e-01,6.878254650553959904e-01,6.508483815984795751e-01,6.011340060476459968e-01
9.119234772812261358e-01,8.632771092714410788e-01,8.267852519412749457e-01,7.759530935743613744e-01,7.386121853689890937e-01,6.876972739586835193e-01,6.505550379419551277e-01,6.006267044300616087e-01
9.127845162150312053e-01,8.639352858546700542e-01,8.272841511193695929e-01,7.762230893263681875e-01,7.387130642916625023e-01,6.875697145769164020e-01,6.502622468286261004e-01,6.001199580691144453e-01
9.136465555080658385e-01,8.645945306435727229e-01,8.277840815222122783e-01,7.764939717124939023e-01,7.388147103194518950e-01,6.874427866936316800e-01,6.499700076097180146e-01,5.996137662735450125e-01
9.145095964255172127e-01,8.652548453095993963e-01,8.282850448157975665e-01,7.767657417923333751e-01,7.389171239692512438e-01,6.873164900972921210e-01,6.496783196391917592e-01,5.991081283531192181e-01
9.153736402344372358e-01,8.659162315290775958e-01,8.287870426745889141e-01,7.770384006343241667e-01,7.390203057661794972e-01,6.871908245813094229e-01,6.493871822737475874e-01,5.986030436186269288e-01
9.162386882037470981e-01,8.665786909832353668e-01,8.292900767815759577e-01,7.773119493158067161e-01,7.391242562436329822e-01,6.870657899440675287e-01,6.490965948728288915e-01,5.980985113818800825e-01
9.171047416042410472e-01,8.672422253582254825e-01,8.297941488283322453e-01,7.775863889230857362e-01,7.392289759433386953e-01,6.869413859889451635e-01,6.488065567986271986e-01,5.975945309557108009e-01
9.179718017085882753e-01,8.679068363451478696e-01,8.302992605150751881e-01,7.778617205514896105e-01,7.393344654154072604e-01,6.868176125243384833e-01,6.485170674160869453e-01,5.970911016539697247e-01
9.188398697913376933e-01,8.685725256400741445e-01,8.308054135507252358e-01,7.781379453054318995e-01,7.394407252183856638e-01,6.866944693636843899e-01,6.482281260929098066e-01,5.965882227915242364e-01
9.197089471289212614e-01,8.692392949440723715e-01,8.313126096529644959e-01,7.784150642984739576e-01,7.395477559193101014e-01,6.865719563254839564e-01,6.479397321995590264e-01,5.960858936842565736e-01
9.205790349996572086e-01,8.699071459632295999e-01,8.318208505482970194e-01,7.786930786533859949e-01,7.396555580937604901e-01,6.864500732333258526e-01,6.476518851092645246e-01,5.955841136490620524e-01
9.214501346837542517e-01,8.705760804086771776e-01,8.323301379721096405e-01,7.789719895022099161e-01,7.397641323259136481e-01,6.863288199159096603e-01,6.473645841980273374e-01,5.950828820038477351e-01
9.223222474633141488e-01,8.712460999966153974e-01,8.328404736687318177e-01,7.792517979863217148e-01,7.398734792085991385e-01,6.862081962070700758e-01,6.470778288446246140e-01,5.945821980675310980e-01
9.231953746223361401e-01,8.719172064483378115e-01,8.333518593914975847e-01,7.795325052564953117e-01,7.399835993433534487e-01,6.860882019458005576e-01,6.467916184306142791e-01,5.940820611600373669e-01
9.240695174467206119e-01,8.725894014902558782e-01,8.338642969028078333e-01,7.798141124729667251e-01,7.400944933404743908e-01,6.859688369762774185e-01,6.465059523403398067e-01,5.935824706022978514e-01
9.249446772242723158e-01,8.732626868539241638e-01,8.343777879741912651e-01,7.800966208054969098e-01,7.402061618190776127e-01,6.858501011478843612e-01,6.462208299609351059e-01,5.930834257162488354e-01
9.258208552447043660e-01,8.739370642760654340e-01,8.348923343863664526e-01,7.803800314334367050e-01,7.403186054071521083e-01,6.857319943152363484e-01,6.459362506823294048e-01,5.925849258248296891e-01
9.266980527996413475e-01,8.746125354985957445e-01,8.354079379293052332e-01,7.806643455457917824e-01,7.404318247416165066e-01,6.856145163382044716e-01,6.456522138972525804e-01,5.920869702519812039e-01
9.275762711826236462e-01,8.752891022686505318e-01,8.359246004022968801e-01,7.809495643412881494e-01,7.405458204683752488e-01,6.854976670819404871e-01,6.453687190012402652e-01,5.915895583226437049e-01
9.284555116891108906e-01,8.759667663386092595e-01,8.364423236140107187e-01,7.812356890284386512e-01,7.406605932423750982e-01,6.853814464169017961e-01,6.450857653926385105e-01,5.910926893627556078e-01
9.293357756164853933e-01,8.766455294661213982e-01,8.369611093825604087e-01,7.815227208256078084e-01,7.407761437276634275e-01,6.852658542188760915e-01,6.448033524726092258e-01,5.905963626992520865e-01
9.302170642640567033e-01,8.773253934141330701e-01,8.374809595355691139e-01,7.818106609610786517e-01,7.408924725974449510e-01,6.851508903690066710e-01,6.445214796451349537e-01,5.901005776600629638e-01
9.310993789330646031e-01,8.780063599509121408e-01,8.380018759102334513e-01,7.820995106731197799e-01,7.410095805341395669e-01,6.850365547538181943e-01,6.442401463170245313e-01,5.896053335741109347e-01
9.319827209266819956e-01,8.786884308500756413e-01,8.385238603533892165e-01,7.823892712100536384e-01,7.411274682294409777e-01,6.849228472652415523e-01,6.439593518979181974e-01,5.891106297713101236e-01
9.328670915500205663e-01,8.793716078906155253e-01,8.390469147215782186e-01,7.826799438303237988e-01,7.412461363843750872e-01,6.848097678006396238e-01,6.436790958002922558e-01,5.886164655825645298e-01
9.337524921101338915e-01,8.800558928569246486e-01,8.395710408811134506e-01,7.829715298025629044e-01,7.413655857093590651e-01,6.846973162628329224e-01,6.433993774394659582e-01,5.881228403397661397e-01
9.346389239160206586e-01,8.807412875388245244e-01,8.400962407081461469e-01,7.832640304056613934e-01,7.414858169242606323e-01,6.845854925601257968e-01,6.431201962336057232e-01,5.876297533757938174e-01
9.355263882786291063e-01,8.814277937315920797e-01,8.406225160887327297e-01,7.835574469288367760e-01,7.416068307584572361e-01,6.844742966063325218e-01,6.428415516037301325e-01,5.871372040245116386e-01
9.364148865108604669e-01,8.821154132359865230e-01,8.411498689189023104e-01,7.838517806717036907e-01,7.417286279508965574e-01,6.843637283208029443e-01,6.425634429737170361e-01,5.866451916207665596e-01
9.373044199275729627e-01,8.828041478582764334e-01,8.416783011047257457e-01,7.841470329443436249e-01,7.418512092501561295e-01,6.842537876284493503e-01,6.422858697703081043e-01,5.861537155003874178e-01
9.381949898455861359e-01,8.834939994102675165e-01,8.422078145623830281e-01,7.844432050673754153e-01,7.419745754145046224e-01,6.841444744597724448e-01,6.420088314231139348e-01,5.856627750001829336e-01
9.390865975836839574e-01,8.841849697093299154e-01,8.427384112182320086e-01,7.847402983720253022e-01,7.420987272119635714e-01,6.840357887508885515e-01,6.417323273646203807e-01,5.851723694579403778e-01
9.399792444626189347e-01,8.848770605784265220e-01,8.432700930088783409e-01,7.850383142001987613e-01,7.422236654203672179e-01,6.839277304435568139e-01,6.414563570301943241e-01,5.846824982124241288e-01
9.408729318051166635e-01,8.855702738461409540e-01,8.438028618812454251e-01,7.853372539045530010e-01,7.423493908274249042e-01,6.838202994852053962e-01,6.411809198580886715e-01,5.841931606033742286e-01
9.417676609358786033e-01,8.862646113467042008e-01,8.443367197926439083e-01,7.856371188485684609e-01,7.424759042307830237e-01,6.837134958289585729e-01,6.409060152894487938e-01,5.837043559715041630e-01
9.426634331815868517e-01,8.869600749200247103e-01,8.448716687108431822e-01,7.859379104066207544e-01,7.426032064380885256e-01,6.836073194336643732e-01,6.406316427683181880e-01,5.832160836584991959e-01
9.435602498709082520e-01,8.876566664117164773e-01,8.454077106141419939e-01,7.862396299640540542e-01,7.427312982670508656e-01,6.835017702639224479e-01,6.403578017416436952e-01,5.827283430070158143e-01
9.444581123344976126e-01,8.883543876731262445e-01,8.459448474914391669e-01,7.865422789172552553e-01,7.428601805455042895e-01,6.833968482901110475e-01,6.400844916592823841e-01,5.822411333606793971e-01
9.453570219050023704e-01,8.890532405613641442e-01,8.464830813423069866e-01,7.868458586737276939e-01,7.429898541114722255e-01,6.832925534884147778e-01,6.398117119740066583e-01,5.817544540640828821e-01
9.462569799170662543e-01,8.897532269393322313e-01,8.470224141770643644e-01,7.871503706521650878e-01,7.431203198132314558e-01,6.831888858408526888e-01,6.395394621415101399e-01,5.812683044627851014e-01
9.471579877073332820e-01,8.904543486757526827e-01,8.475628480168481138e-01,7.874558162825261443e-01,7.432515785093766203e-01,6.830858453353064741e-01,6.392677416204143315e-01,5.807826839033091160e-01
9.480600466144518679e-01,8.911566076451982177e-01,8.481043848936863361e-01,7.877621970061104983e-01,7.433836310688834992e-01,6.829834319655482266e-01,6.389965498722747217e-01,5.802975917331407718e-01
9.489631579790791527e-01,8.918600057281216298e-01,8.486470268505734715e-01,7.880695142756344307e-01,7.435164783711746272e-01,6.828816457312690824e-01,6.387258863615863369e-01,5.798130273007273683e-01
9.498673231438850006e-01,8.925645448108840974e-01,8.491907759415442403e-01,7.883777695553068066e-01,7.436501213061846860e-01,6.827804866381079751e-01,6.384557505557895141e-01,5.793289899554758815e-01
9.507725434535554410e-01,8.932702267857862699e-01,8.497356342317481381e-01,7.886869643209050151e-01,7.437845607744263399e-01,6.826799546976801691e-01,6.381861419252768952e-01,5.788454790477515211e-01
9.516788202547969977e-01,8.939770535510986882e-01,8.502816037975245989e-01,7.889971000598525741e-01,7.439197976870568496e-01,6.825800499276060140e-01,6.379170599433995337e-01,5.783624939288763978e-01
9.525861548963414638e-01,8.946850270110909831e-01,8.508286867264787112e-01,7.893081782712966232e-01,7.440558329659432424e-01,6.824807723515399216e-01,6.376485040864728893e-01,5.778800339511274142e-01
9.534945487289496757e-01,8.953941490760630728e-01,8.513768851175583796e-01,7.896202004661860840e-01,7.441926675437288141e-01,6.823821219991996756e-01,6.373804738337831566e-01,5.773980984677353767e-01
9.544040031054156215e-01,8.961044216623750280e-01,8.519262010811303742e-01,7.899331681673502636e-01,7.443303023639014082e-01,6.822840989063952977e-01,6.371129686675937043e-01,5.769166868328833297e-01
9.553145193805705482e-01,8.968158466924778249e-01,8.524766367390566035e-01,7.902470829095770144e-01,7.444687383808609171e-01,6.821867031150590233e-01,6.368459880731511813e-01,5.764357984017043357e-01
9.562260989112870702e-01,8.975284260949455417e-01,8.530281942247732729e-01,7.905619462396923369e-01,7.446079765599865619e-01,6.820899346732747226e-01,6.365795315386920672e-01,5.759554325302809197e-01
9.571387430564833876e-01,8.982421618045058898e-01,8.535808756833680455e-01,7.908777597166399831e-01,7.447480178777057258e-01,6.819937936353077657e-01,6.363135985554497775e-01,5.754755885756432932e-01
9.580524531771280605e-01,8.989570557620705227e-01,8.541346832716586457e-01,7.911945249115623913e-01,7.448888633215614563e-01,6.818982800616349982e-01,6.360481886176602151e-01,5.749962658957675776e-01
9.589672306362434506e-01,8.996731099147673438e-01,8.546896191582729063e-01,7.915122434078811775e-01,7.450305138902822977e-01,6.818033940189741626e-01,6.357833012225683200e-01,5.745174638495743613e-01
9.598830767989098289e-01,9.003903262159731469e-01,8.552456855237273725e-01,7.918309168013775157e-01,7.451729705938520132e-01,6.817091355803148733e-01,6.355189358704357305e-01,5.740391817969275889e-01
9.607999930322707050e-01,9.011087066253438138e-01,8.558028845605066826e-01,7.921505467002739609e-01,7.453162344535786410e-01,6.816155048249495918e-01,6.352550920645462229e-01,5.735614190986328964e-01
9.617179807055360463e-01,9.018282531088471776e-01,8.563612184731450583e-01,7.924711347253176053e-01,7.454603065021643271e-01,6.815225018385027145e-01,6.349917693112131500e-01,5.730841751164356124e-01
9.626370411899873858e-01,9.025489676387955518e-01,8.569206894783080175e-01,7.927926825098623453e-01,7.456051877837757136e-01,6.814301267129616591e-01,6.347289671197861027e-01,5.726074492130197591e-01
9.635571758589818181e-01,9.032708521938773716e-01,8.574812998048726431e-01,7.931151916999507057e-01,7.457508793541163250e-01,6.813383795467088389e-01,6.344666850026567939e-01,5.721312407520070531e-01
9.644783860879557746e-01,9.039939087591910560e-01,8.580430516940101837e-01,7.934386639543987707e-01,7.458973822804962905e-01,6.812472604445514168e-01,6.342049224752667191e-01,5.716555490979543519e-01
9.654006732544299085e-01,9.047181393262769822e-01,8.586059473992679880e-01,7.937631009448796737e-01,7.460446976419039533e-01,6.811567695177531689e-01,6.339436790561138180e-01,5.711803736163526546e-01
9.663240387380136465e-01,9.054435458931506808e-01,8.591699891866529937e-01,7.940885043560077516e-01,7.461928265290787010e-01,6.810669068840661255e-01,6.336829542667592463e-01,5.707057136736262137e-01
9.672484839204094076e-01,9.061701304643360322e-01,8.597351793347156601e-01,7.944148758854240322e-01,7.463417700445823533e-01,6.809776726677608805e-01,6.334227476318343708e-01,5.702315686371299819e-01
9.681740101854168223e-01,9.068978950508986836e-01,8.603015201346329022e-01,7.947422172438809440e-01,7.464915293028719923e-01,6.808890669996588985e-01,6.331630586790473192e-01,5.697579378751488344e-01
9.691006189189369513e-01,9.076268416704798003e-01,8.608690138902930222e-01,7.950705301553288029e-01,7.466421054303737925e-01,6.808010900171649338e-01,6.329038869391909738e-01,5.692848207568963481e-01
9.700283115089770591e-01,9.083569723473294832e-01,8.614376629183805312e-01,7.953998163570018543e-01,7.467934995655558517e-01,6.807137418642985605e-01,6.326452319461488560e-01,5.688122166525125811e-01
9.709570893456550555e-01,9.090882891123414078e-01,8.620074695484626348e-01,7.957300775995053144e-01,7.469457128590022421e-01,6.806270226917259247e-01,6.323870932369020093e-01,5.683401249330627403e-01
9.718869538212042691e-01,9.098207940030867968e-01,8.625784361230748321e-01,7.960613156469028562e-01,7.470987464734873962e-01,6.805409326567918304e-01,6.321294703515374369e-01,5.678685449705364041e-01
9.728179063299770002e-01,9.105544890638485045e-01,8.631505649978057360e-01,7.963935322768038727e-01,7.472526015840499358e-01,6.804554719235534899e-01,6.318723628332547637e-01,5.673974761378461906e-01
9.737499482684488505e-01,9.112893763456554330e-01,8.637238585413857805e-01,7.967267292804526280e-01,7.474072793780685009e-01,6.803706406628122760e-01,6.316157702283731190e-01,5.669269178088255368e-01
9.746830810352248298e-01,9.120254579063178380e-01,8.642983191357752615e-01,7.970609084628161867e-01,7.475627810553369113e-01,6.802864390521462523e-01,6.313596920863380202e-01,5.664568693582269221e-01
9.756173060310435741e-01,9.127627358104626332e-01,8.648739491762513776e-01,7.973960716426736761e-01,7.477191078281397729e-01,6.802028672759434791e-01,6.311041279597291442e-01,5.659873301617213137e-01
9.765526246587806769e-01,9.135012121295682519e-01,8.654507510714972707e-01,7.977322206527068804e-01,7.478762609213284174e-01,6.801199255254346543e-01,6.308490774042676552e-01,5.655182995958965009e-01
9.774890383234530189e-01,9.142408889419989526e-01,8.660287272436902883e-01,7.980693573395898355e-01,7.480342415723977290e-01,6.800376139987275304e-01,6.305945399788238648e-01,5.650497770382556517e-01
9.784265484322245410e-01,9.149817683330412343e-01,8.666078801285925781e-01,7.984074835640798673e-01,7.481930510315631944e-01,6.799559329008393327e-01,6.303405152454238936e-01,5.645817618672157590e-01
9.793651563944113514e-01,9.157238523949409181e-01,8.671882121756413486e-01,7.987466012011085192e-01,7.483526905618375080e-01,6.798748824437297333e-01,6.300870027692571096e-01,5.641142534621064186e-01
9.803048636214851674e-01,9.164671432269374529e-01,8.677697258480385756e-01,7.990867121398730344e-01,7.485131614391090649e-01,6.797944628463361560e-01,6.298340021186840110e-01,5.636472512031683868e-01
9.812456715270775343e-01,9.172116429353009970e-01,8.683524236228427062e-01,7.994278182839291702e-01,7.486744649522192319e-01,6.797146743346067499e-01,6.295815128652434423e-01,5.631807544715516922e-01
9.821875815269854870e-01,9.179573536333682782e-01,8.689363079910606968e-01,7.997699215512839022e-01,7.488366024030409518e-01,6.796355171415340291e-01,6.293295345836605881e-01,5.627147626493148591e-01
9.831305950391761028e-01,9.187042774415786761e-01,8.695213814577402722e-01,8.001130238744886825e-01,7.489995751065579022e-01,6.795569915071899558e-01,6.290780668518539676e-01,5.622492751194232419e-01
9.840747134837906085e-01,9.194524164875126360e-01,8.701076465420621853e-01,8.004571272007328098e-01,7.491633843909436541e-01,6.794790976787599135e-01,6.288271092509434279e-01,5.617842912657475818e-01
9.850199382831499317e-01,9.202017729059279727e-01,8.706951057774335867e-01,8.008022334919370211e-01,7.493280315976412753e-01,6.794018359105773452e-01,6.285766613652575829e-01,5.613198104730625637e-01
9.859662708617588089e-01,9.209523488387969525e-01,8.712837617115822830e-01,8.011483447248490819e-01,7.494935180814427111e-01,6.793252064641579491e-01,6.283267227823414736e-01,5.608558321270452618e-01
9.869137126463102261e-01,9.217041464353438185e-01,8.718736169066513275e-01,8.014954628911389323e-01,7.496598452105704968e-01,6.792492096082349828e-01,6.280772930929644504e-01,5.603923556142741402e-01
9.878622650656905257e-01,9.224571678520818718e-01,8.724646739392936112e-01,8.018435899974942771e-01,7.498270143667570276e-01,6.791738456187944584e-01,6.278283718911278344e-01,5.599293803222274990e-01
9.888119295509842921e-01,9.232114152528527740e-01,8.730569354007670091e-01,8.021927280657171755e-01,7.499950269453254936e-01,6.790991147791096694e-01,6.275799587740731322e-01,5.594669056392819195e-01
9.897627075354795689e-01,9.239668908088636279e-01,8.736504038970311914e-01,8.025428791328205191e-01,7.501638843552733693e-01,6.790250173797771627e-01,6.273320533422891421e-01,5.590049309547109324e-01
9.907146004546716345e-01,9.247235966987251699e-01,8.742450820488442131e-01,8.028940452511245107e-01,7.503335880193534591e-01,6.789515537187519323e-01,6.270846551995198359e-01,5.585434556586835741e-01
9.916676097462684414e-01,9.254815351084908492e-01,8.748409724918587704e-01,8.032462284883546966e-01,7.505041393741554989e-01,6.788787241013828355e-01,6.268377639527732414e-01,5.580824791422631659e-01
9.926217368501955018e-01,9.262407082316954643e-01,8.754380778767207882e-01,8.035994309277413317e-01,7.506755398701892013e-01,6.788065288404486752e-01,6.265913792123284365e-01,5.576220007974059811e-01
9.935769832086002173e-01,9.270011182693939089e-01,8.760364008691672311e-01,8.039536546681169682e-01,7.508477909719677434e-01,6.787349682561938380e-01,6.263455005917439866e-01,5.571620200169593584e-01
9.945333502658574298e-01,9.277627674302002525e-01,8.766359441501250238e-01,8.043089018240163757e-01,7.510208941580910347e-01,6.786640426763649314e-01,6.261001277078660499e-01,5.567025361946610351e-01
9.954908394685736406e-01,9.285256579303271529e-01,8.772367104158104167e-01,8.046651745257756838e-01,7.511948509213300929e-01,6.785937524362469775e-01,6.258552601808360372e-01,5.562435487251374822e-01
9.964494522655927833e-01,9.292897919936261575e-01,8.778387023778284615e-01,8.050224749196327467e-01,7.513696627687106444e-01,6.785240978786994948e-01,6.256108976340990502e-01,5.557850570039019056e-01
9.974091901080002209e-01,9.300551718516267830e-01,8.784419227632740412e-01,8.053808051678286173e-01,7.515453312215976123e-01,6.784550793541934688e-01,6.253670396944117638e-01,5.553270604273538025e-01
9.983700544491286299e-01,9.308217997435765945e-01,8.790463743148331233e-01,8.057401674487080223e-01,7.517218578157809361e-01,6.783866972208476565e-01,6.251236859918509747e-01,5.548695583927769626e-01
9.993320467445618860e-01,9.315896779164820618e-01,8.796520597908844552e-01,8.061005639568226133e-01,7.518992441015603934e-01,6.783189518444655564e-01,6.248808361598212624e-01,5.544125502983381359e-01
1.000295168452139949e+00,9.323588086251479723e-01,8.802589819656001513e-01,8.064619969030321078e-01,7.520774916438321966e-01,6.782518435985737115e-01,6.246384898350634263e-01,5.539560355430864780e-01
1.001259421031966079e+00,9.331291941322197303e-01,8.808671436290498313e-01,8.068244685146063189e-01,7.522566020221750360e-01,6.781853728644574586e-01,6.243966466576634788e-01,5.535000135269514399e-01
1.002224805946409614e+00,9.339008367082234363e-01,8.814765475873046485e-01,8.071879810353306262e-01,7.524365768309362323e-01,6.781195400311983423e-01,6.241553062710600841e-01,5.530444836507409923e-01
1.003191324660111183e+00,9.346737386316062990e-01,8.820871966625397631e-01,8.075525367256092268e-01,7.526174176793188897e-01,6.780543454957127514e-01,6.239144683220529952e-01,5.525894453161409592e-01
1.004158978639988931e+00,9.354479021887790458e-01,8.826990936931390364e-01,8.079181378625682752e-01,7.527991261914701582e-01,6.779897896627889997e-01,6.236741324608122694e-01,5.521348979257139078e-01
1.005127769355242506e+00,9.362233296741578892e-01,8.833122415338002797e-01,8.082847867401621311e-01,7.529817040065681644e-01,6.779258729451255183e-01,6.234342983408854844e-01,5.516808408828968169e-01
1.006097698277358399e+00,9.370000233902050502e-01,8.839266430556406151e-01,8.086524856692788310e-01,7.531651527789106071e-01,6.778625957633690469e-01,6.231949656192072862e-01,5.512272735920002997e-01
1.007068766880115707e+00,9.377779856474718345e-01,8.845423011463029450e-01,8.090212369778455592e-01,7.533494741780036863e-01,6.777999585461518262e-01,6.229561339561071609e-01,5.507741954582073829e-01
1.008040976639590136e+00,9.385572187646413767e-01,8.851592187100628673e-01,8.093910430109351184e-01,7.535346698886505878e-01,6.777379617301306780e-01,6.227178030153182053e-01,5.503216058875718408e-01
1.009014329034160662e+00,9.393377250685703839e-01,8.857773986679364775e-01,8.097619061308740651e-01,7.537207416110411895e-01,6.776766057600257520e-01,6.224799724639863419e-01,5.498695042870173078e-01
1.009988825544513524e+00,9.401195068943318800e-01,8.863968439577875058e-01,8.101338287173489583e-01,7.539076910608418780e-01,6.776158910886590503e-01,6.222426419726776459e-01,5.494178900643352792e-01
1.010964467653646892e+00,9.409025665852582820e-01,8.870175575344357854e-01,8.105068131675149390e-01,7.540955199692862543e-01,6.775558181769935073e-01,6.220058112153877827e-01,5.489667626281842239e-01
1.011941256846877524e+00,9.416869064929851429e-01,8.876395423697669429e-01,8.108808618961053094e-01,7.542842300832647284e-01,6.774963874941711817e-01,6.217694798695508895e-01,5.485161213880879183e-01
1.012919194611845208e+00,9.424725289774944503e-01,8.882628014528411997e-01,8.112559773355388915e-01,7.544738231654158911e-01,6.774375995175532239e-01,6.215336476160482349e-01,5.480659657544344476e-01
1.013898282438518317e+00,9.432594364071578141e-01,8.888873377900043948e-01,8.116321619360311601e-01,7.546643009942186620e-01,6.773794547327588456e-01,6.212983141392163233e-01,5.476162951384746513e-01
1.014878521819198909e+00,9.440476311587810976e-01,8.895131544049994510e-01,8.120094181657038224e-01,7.548556653640837721e-01,6.773219536337048430e-01,6.210634791268561106e-01,5.471671089523202358e-01
1.015859914248527840e+00,9.448371156176487151e-01,8.901402543390768418e-01,8.123877485106956176e-01,7.550479180854455796e-01,6.772650967226460095e-01,6.208291422702422180e-01,5.467184066089439964e-01
1.016842461223490091e+00,9.456278921775675972e-01,8.907686406511073907e-01,8.127671554752747829e-01,7.552410609848546619e-01,6.772088845102138821e-01,6.205953032641312594e-01,5.462701875221772641e-01
1.017826164243420095e+00,9.464199632409119323e-01,8.913983164176944030e-01,8.131476415819490766e-01,7.554350959050716297e-01,6.771533175154568207e-01,6.203619618067709451e-01,5.458224511067081286e-01
1.018811024810007071e+00,9.472133312186679088e-01,8.920292847332867980e-01,8.135292093715784656e-01,7.556300247051598307e-01,6.770983962658813082e-01,6.201291175999088523e-01,5.453751967780814391e-01
1.019797044427300570e+00,9.480079985304799006e-01,8.926615487102937951e-01,8.139118614034890342e-01,7.558258492605789414e-01,6.770441212974909195e-01,6.198967703488015291e-01,5.449284239526966944e-01
1.020784224601716694e+00,9.488039676046955417e-01,8.932951114791988223e-01,8.142956002555860051e-01,7.560225714632798910e-01,6.769904931548267335e-01,6.196649197622237093e-01,5.444821320478065996e-01
1.021772566842041652e+00,9.496012408784103576e-01,8.939299761886750906e-01,8.146804285244674260e-01,7.562201932217992306e-01,6.769375123910095216e-01,6.194335655524771944e-01,5.440363204815164000e-01
1.022762072659437749e+00,9.503998207975143941e-01,8.945661460057009462e-01,8.150663488255390776e-01,7.564187164613542791e-01,6.768851795677791605e-01,6.192027074353997351e-01,5.435909886727817719e-01
1.023752743567450052e+00,9.511997098167386255e-01,8.952036241156766661e-01,8.154533637931290491e-01,7.566181431239379362e-01,6.768334952555354889e-01,6.189723451303742463e-01,5.431461360414077122e-01
1.024744581082010608e+00,9.520009103997018052e-01,8.958424137225410311e-01,8.158414760806033117e-01,7.568184751684146061e-01,6.767824600333802731e-01,6.187424783603377998e-01,5.427017620080475391e-01
1.025737586721443995e+00,9.528034250189557630e-01,8.964825180488882328e-01,8.162306883604820706e-01,7.570197145706166753e-01,6.767320744891577311e-01,6.185131068517913944e-01,5.422578659942014490e-01
1.026731762006473536e+00,9.536072561560327010e-01,8.971239403360873332e-01,8.166210033245568933e-01,7.572218633234413243e-01,6.766823392194964981e-01,6.182842303348090596e-01,5.418144474222151841e-01
1.027727108460225969e+00,9.544124063014935988e-01,8.977666838444003927e-01,8.170124236840077270e-01,7.574249234369473394e-01,6.766332548298505944e-01,6.180558485430461824e-01,5.413715057152783672e-01
1.028723627608237434e+00,9.552188779549737330e-01,8.984107518531019299e-01,8.174049521695193610e-01,7.576288969384522565e-01,6.765848219345417247e-01,6.178279612137498322e-01,5.409290402974237244e-01
1.029721320978458587e+00,9.560266736252318598e-01,8.990561476605991587e-01,8.177985915314009979e-01,7.578337858726302834e-01,6.765370411568011333e-01,6.176005680877677539e-01,5.404870505935257530e-01
1.030720190101260814e+00,9.568357958301982880e-01,8.997028745845521147e-01,8.181933445397047144e-01,7.580395923016105542e-01,6.764899131288109047e-01,6.173736689095574715e-01,5.400455360292986118e-01
1.031720236509442445e+00,9.576462470970215080e-01,9.003509359619958907e-01,8.185892139843451432e-01,7.582463183050751621e-01,6.764434384917471510e-01,6.171472634271959468e-01,5.396044960312954553e-01
1.032721461738232760e+00,9.584580299621179300e-01,9.010003351494616508e-01,8.189862026752188218e-01,7.584539659803590794e-01,6.763976178958220897e-01,6.169213513923886838e-01,5.391639300269074342e-01
1.033723867325298196e+00,9.592711469712201788e-01,9.016510755230993102e-01,8.193843134423242081e-01,7.586625374425488566e-01,6.763524520003263429e-01,6.166959325604798314e-01,5.387238374443614752e-01
1.034727454810748348e+00,9.600856006794263875e-01,9.023031604788007698e-01,8.197835491358838045e-01,7.588720348245819869e-01,6.763079414736715700e-01,6.164710066904612873e-01,5.382842177127197258e-01
1.035732225737141521e+00,9.609013936512488252e-01,9.029565934323238174e-01,8.201839126264653945e-01,7.590824602773479368e-01,6.762640869934333221e-01,6.162465735449821347e-01,5.378450702618782220e-01
1.036738181649489832e+00,9.617185284606633022e-01,9.036113778194168056e-01,8.205854068051038341e-01,7.592938159697880662e-01,6.762208892463942300e-01,6.160226328903579684e-01,5.374063945225651118e-01
1.037745324095265875e+00,9.625370076911600181e-01,9.042675170959432185e-01,8.209880345834229542e-01,7.595061040889967696e-01,6.761783489285873028e-01,6.157991844965809980e-01,5.369681899263396563e-01
1.038753654624408496e+00,9.633568339357927446e-01,9.049250147380080156e-01,8.213917988937596837e-01,7.597193268403226174e-01,6.761364667453387822e-01,6.155762281373299283e-01,5.365304559055908973e-01
1.039763174789327671e+00,9.641780097972292296e-01,9.055838742420831977e-01,8.217967026892876170e-01,7.599334864474703854e-01,6.760952434113117748e-01,6.153537635899786196e-01,5.360931918935362139e-01
1.040773886144910287e+00,9.650005378878018236e-01,9.062440991251349276e-01,8.222027489441409154e-01,7.601485851526027515e-01,6.760546796505499945e-01,6.151317906356064125e-01,5.356563973242203236e-01
1.041785790248526355e+00,9.658244208295577726e-01,9.069056929247515386e-01,8.226099406535389846e-01,7.603646252164428798e-01,6.760147761965215052e-01,6.149103090590081200e-01,5.352200716325136165e-01
1.042798888660035672e+00,9.666496612543113987e-01,9.075686591992710994e-01,8.230182808339115974e-01,7.605816089183774498e-01,6.759755337921627971e-01,6.146893186487033534e-01,5.347842142541108235e-01
1.043813182941792483e+00,9.674762618036947259e-01,9.082330015279108659e-01,8.234277725230252365e-01,7.607995385565597957e-01,6.759369531899225292e-01,6.144688191969462920e-01,5.343488246255303498e-01
1.044828674658651257e+00,9.683042251292091063e-01,9.088987235108975105e-01,8.238384187801095493e-01,7.610184164480130464e-01,6.758990351518054940e-01,6.142488104997357867e-01,5.339139021841124988e-01
1.045845365377973346e+00,9.691335538922772885e-01,9.095658287695957966e-01,8.242502226859839132e-01,7.612382449287343755e-01,6.758617804494173598e-01,6.140292923568249073e-01,5.334794463680180288e-01
1.046863256669632758e+00,9.699642507642952660e-01,9.102343209466395857e-01,8.246631873431840010e-01,7.614590263538005832e-01,6.758251898640098565e-01,6.138102645717307126e-01,5.330454566162272645e-01
1.047882350106021709e+00,9.707963184266854562e-01,9.109042037060647301e-01,8.250773158760914550e-01,7.616807630974713472e-01,6.757892641865247407e-01,6.135917269517450201e-01,5.326119323685387652e-01
1.048902647262056620e+00,9.716297595709485480e-01,9.115754807334400800e-01,8.254926114310617846e-01,7.619034575532944720e-01,6.757540042176384265e-01,6.133736793079440641e-01,5.321788730655674371e-01
1.049924149715184329e+00,9.724645768987175698e-01,9.122481557359999327e-01,8.259090771765527084e-01,7.621271121342119148e-01,6.757194107678075046e-01,6.131561214551976002e-01,5.317462781487438672e-01
1.050946859045387871e+00,9.733007731218104031e-01,9.129222324427784807e-01,8.263267163032543827e-01,7.623517292726657013e-01,6.756854846573134843e-01,6.129390532121795632e-01,5.313141470603131022e-01
1.051970776835192245e+00,9.741383509622828507e-01,9.135977146047433717e-01,8.267455320242196315e-01,7.625773114207039516e-01,6.756522267163083129e-01,6.127224744013786140e-01,5.308824792433328721e-01
1.052995904669671301e+00,9.749773131524840375e-01,9.142746059949293791e-01,8.271655275749939529e-01,7.628038610500875727e-01,6.756196377848603385e-01,6.125063848491077989e-01,5.304512741416725907e-01
1.054022244136453512e+00,9.758176624351095896e-01,9.149529104085758480e-01,8.275867062137469699e-01,7.630313806523978393e-01,6.755877187129991635e-01,6.122907843855140975e-01,5.300205312000120239e-01
1.055049796825727304e+00,9.766594015632552583e-01,9.156326316632618090e-01,8.280090712214049908e-01,7.632598727391427529e-01,6.755564703607611632e-01,6.120756728445890804e-01,5.295902498638400679e-01
1.056078564330248160e+00,9.775025333004728756e-01,9.163137735990416477e-01,8.284326259017821270e-01,7.634893398418649557e-01,6.755258935982358937e-01,6.118610500641794570e-01,5.291604295794535284e-01
1.057108548245343282e+00,9.783470604208254207e-01,9.169963400785838825e-01,8.288573735817136301e-01,7.637197845122505324e-01,6.754959893056122766e-01,6.116469158859972888e-01,5.287310697939555659e-01
1.058139750168919591e+00,9.791929857089410882e-01,9.176803349873081661e-01,8.292833176111892302e-01,7.639512093222378120e-01,6.754667583732245628e-01,6.114332701556298710e-01,5.283021699552545858e-01
1.059172171701469045e+00,9.800403119600702428e-01,9.183657622335253956e-01,8.297104613634870285e-01,7.641836168641246152e-01,6.754382017015981843e-01,6.112201127225492803e-01,5.278737295120630169e-01
1.060205814446074424e+00,9.808890419801402638e-01,9.190526257485758244e-01,8.301388082353070574e-01,7.644170097506791661e-01,6.754103202014971608e-01,6.110074434401240318e-01,5.274457479138959792e-01
1.061240680008416204e+00,9.817391785858118336e-01,9.197409294869682839e-01,8.305683616469071717e-01,7.646513906152490048e-01,6.753831147939702850e-01,6.107952621656287384e-01,5.270182246110700630e-01
1.062276769996777448e+00,9.825907246045360033e-01,9.204306774265225144e-01,8.309991250422379405e-01,7.648867621118701221e-01,6.753565864103978633e-01,6.105835687602547690e-01,5.265911590547015519e-01
1.063314086022052685e+00,9.834436828746101478e-01,9.211218735685098302e-01,8.314311018890785387e-01,7.651231269153787595e-01,6.753307359925384556e-01,6.103723630891204621e-01,5.261645506967057573e-01
1.064352629697752350e+00,9.842980562452353643e-01,9.218145219377948951e-01,8.318642956791741927e-01,7.653604877215210989e-01,6.753055644925759493e-01,6.101616450212813403e-01,5.257383989897960186e-01
1.065392402640008340e+00,9.851538475765738712e-01,9.225086265829783860e-01,8.322987099283722934e-01,7.655988472470639516e-01,6.752810728731672985e-01,6.099514144297412122e-01,5.253127033874818164e-01
1.066433406467582445e+00,9.860110597398062948e-01,9.232041915765402118e-01,8.327343481767598421e-01,7.658382082299071136e-01,6.752572621074892645e-01,6.097416711914619425e-01,5.248874633440674398e-01
1.067475642801871460e+00,9.868696956171896240e-01,9.239012210149842863e-01,8.331712139888016733e-01,7.660785734291950533e-01,6.752341331792861556e-01,6.095324151873748875e-01,5.244626783146510984e-01
1.068519113266912735e+00,9.877297581021162731e-01,9.245997190189827464e-01,8.336093109534793433e-01,7.663199456254276010e-01,6.752116870829173445e-01,6.093236463023907756e-01,5.240383477551235902e-01
1.069563819489392609e+00,9.885912500991711482e-01,9.252996897335202808e-01,8.340486426844291312e-01,7.665623276205740799e-01,6.751899248234050077e-01,6.091153644254100330e-01,5.236144711221665249e-01
1.070609763098651968e+00,9.894541745241917097e-01,9.260011373280413460e-01,8.344892128200827042e-01,7.668057222381848836e-01,6.751688474164821985e-01,6.089075694493341073e-01,5.231910478732518799e-01
1.071656945726690902e+00,9.903185343043265920e-01,9.267040659965963822e-01,8.349310250238073383e-01,7.670501323235039415e-01,6.751484558886409193e-01,6.087002612710759042e-01,5.227680774666405572e-01
1.072705369008177589e+00,9.911843323780945569e-01,9.274084799579886962e-01,8.353740829840453630e-01,7.672955607435845149e-01,6.751287512771800836e-01,6.084934397915704452e-01,5.223455593613806069e-01
1.073755034580454959e+00,9.920515716954455554e-01,9.281143834559231198e-01,8.358183904144564913e-01,7.675420103874008859e-01,6.751097346302538105e-01,6.082871049157856369e-01,5.219234930173060061e-01
1.074805944083545128e+00,9.929202552178196806e-01,9.288217807591545583e-01,8.362639510540590404e-01,7.677894841659622660e-01,6.750914070069194972e-01,6.080812565527324853e-01,5.215018778950358813e-01
1.075858099160156955e+00,9.937903859182075639e-01,9.295306761616368707e-01,8.367107686673717071e-01,7.680379850124284813e-01,6.750737694771871134e-01,6.078758946154764198e-01,5.210807134559731768e-01
1.076911501455693143e+00,9.946619667812113263e-01,9.302410739826733055e-01,8.371588470445566754e-01,7.682875158822244366e-01,6.750568231220677173e-01,6.076710190211485063e-01,5.206599991623029888e-01
1.077966152618256013e+00,9.955350008031053077e-01,9.309529785670667135e-01,8.376081900015615034e-01,7.685380797531551345e-01,6.750405690336221953e-01,6.074666296909555507e-01,5.202397344769917886e-01
1.079022054298654831e+00,9.964094909918981280e-01,9.316663942852714264e-01,8.380588013802641179e-01,7.687896796255201393e-01,6.750250083150102220e-01,6.072627265501910898e-01,5.198199188637856460e-01
1.080079208150411807e+00,9.972854403673934165e-01,9.323813255335448025e-01,8.385106850486168106e-01,7.690423185222297064e-01,6.750101420805394437e-01,6.070593095282463825e-01,5.194005517872093414e-01
1.081137615829768084e+00,9.981628519612519845e-01,9.330977767341001039e-01,8.389638449007904564e-01,7.692959994889211339e-01,6.749959714557143275e-01,6.068563785586212900e-01,5.189816327125652551e-01
1.082197278995691514e+00,9.990417288170543308e-01,9.338157523352600409e-01,8.394182848573201738e-01,7.695507255940746694e-01,6.749824975772855673e-01,6.066539335789353782e-01,5.185631611059314805e-01
1.083258199309884429e+00,9.999220739903621480e-01,9.345352568116099823e-01,8.398740088652492108e-01,7.698064999291311938e-01,6.749697215933005978e-01,6.064519745309390197e-01,5.181451364341612686e-01
1.084320378436788079e+00,1.000803890548782826e+00,9.352562946641536090e-01,8.403310208982762708e-01,7.700633256086082401e-01,6.749576446631518900e-01,6.062505013605238302e-01,5.177275581648815850e-01
1.085383818043589743e+00,1.001687181572031848e+00,9.359788704204675680e-01,8.407893249569028393e-01,7.703212057702163440e-01,6.749462679576273549e-01,6.060495140177342144e-01,5.173104257664913330e-01
1.086448519800231605e+00,1.002571950151996294e+00,9.367029886348577916e-01,8.412489250685789566e-01,7.705801435749773942e-01,6.749355926589598598e-01,6.058490124567783575e-01,5.168937387081607993e-01
1.087514485379415197e+00,1.003458199392798234e+00,9.374286538885164832e-01,8.417098252878505438e-01,7.708401422073428710e-01,6.749256199608771878e-01,6.056489966360389943e-01,5.164774964598300988e-01
1.088581716456609394e+00,1.004345932410859898e+00,9.381558707896796578e-01,8.421720296965086172e-01,7.711012048753113080e-01,6.749163510686523315e-01,6.054494665180848445e-01,5.160616984922077322e-01
1.089650214710056852e+00,1.005235152334967852e+00,9.388846439737840166e-01,8.426355424037365038e-01,7.713633348105470855e-01,6.749077871991538968e-01,6.052504220696817150e-01,5.156463442767698080e-01
1.090719981820780227e+00,1.006125862306336494e+00,9.396149781036261528e-01,8.431003675462592772e-01,7.716265352684986700e-01,6.748999295808963961e-01,6.050518632618039350e-01,5.152314332857585999e-01
1.091791019472591051e+00,1.007018065478675339e+00,9.403468778695223129e-01,8.435665092884933047e-01,7.718908095285175186e-01,6.748927794540898750e-01,6.048537900696450142e-01,5.148169649921809921e-01
1.092863329352095514e+00,1.007911765018253414e+00,9.410803479894684909e-01,8.440339718226950172e-01,7.721561608939778720e-01,6.748863380706913162e-01,6.046562024726293005e-01,5.144029388698073690e-01
1.093936913148700674e+00,1.008806964103964976e+00,9.418153932093012992e-01,8.445027593691124546e-01,7.724225926923955488e-01,6.748806066944551540e-01,6.044591004544231927e-01,5.139893543931706166e-01
1.095011772554621787e+00,1.009703665927395910e+00,9.425520183028583965e-01,8.449728761761354789e-01,7.726901082755478489e-01,6.748755866009840121e-01,6.042624840029461319e-01,5.135762110375649003e-01
1.096087909264890081e+00,1.010601873692889896e+00,9.432902280721411348e-01,8.454443265204464319e-01,7.729587110195937916e-01,6.748712790777794401e-01,6.040663531103821482e-01,5.131635082790443336e-01
1.097165324977359191e+00,1.011501590617616131e+00,9.440300273474776516e-01,8.459171147071725683e-01,7.732284043251935746e-01,6.748676854242927625e-01,6.038707077731911843e-01,5.127512455944214231e-01
1.098244021392712266e+00,1.012402819931636166e+00,9.447714209876854063e-01,8.463912450700378232e-01,7.734991916176295890e-01,6.748648069519767034e-01,6.036755479921205314e-01,5.123394224612662917e-01
1.099324000214469299e+00,1.013305564877970077e+00,9.455144138802353826e-01,8.468667219715142469e-01,7.737710763469284325e-01,6.748626449843365682e-01,6.034808737722161531e-01,5.119280383579050131e-01
1.100405263148993562e+00,1.014209828712665740e+00,9.462590109414180661e-01,8.473435498029763258e-01,7.740440619879794815e-01,6.748612008569806475e-01,6.032866851228342320e-01,5.115170927634185016e-01
1.101487811905500269e+00,1.015115614704866998e+00,9.470052171165070920e-01,8.478217329848540817e-01,7.743181520406570151e-01,6.748604759176725087e-01,6.030929820576522715e-01,5.111065851576414021e-01
1.102571648196062348e+00,1.016022926136881388e+00,9.477530373799262220e-01,8.483012759667858393e-01,7.745933500299424512e-01,6.748604715263826215e-01,6.028997645946807538e-01,5.106965150211608684e-01
1.103656773735616436e+00,1.016931766304249640e+00,9.485024767354161002e-01,8.487821832277727685e-01,7.748696595060451386e-01,6.748611890553394277e-01,6.027070327562751295e-01,5.102868818353155644e-01
1.104743190241972872e+00,1.017842138515815398e+00,9.492535402162010083e-01,8.492644592763345379e-01,7.751470840445237043e-01,6.748626298890811892e-01,6.025147865691463656e-01,5.098776850821935547e-01
1.105830899435821912e+00,1.018754046093794052e+00,9.500062328851577309e-01,8.497481086506633030e-01,7.754256272464096211e-01,6.748647954245078351e-01,6.023230260643731571e-01,5.094689242446318600e-01
1.106919903040739728e+00,1.019667492373842022e+00,9.507605598349831988e-01,8.502331359187782489e-01,7.757052927383289997e-01,6.748676870709328091e-01,6.021317512774136960e-01,5.090605988062152365e-01
1.108010202783197062e+00,1.020582480705128026e+00,9.515165261883641312e-01,8.507195456786824650e-01,7.759860841726241576e-01,6.748713062501352500e-01,6.019409622481171063e-01,5.086527082512746212e-01
1.109101800392566117e+00,1.021499014450403697e+00,9.522741370981475661e-01,8.512073425585194864e-01,7.762680052274769649e-01,6.748756543964121724e-01,6.017506590207347683e-01,5.082452520648859107e-01
1.110194697601128100e+00,1.022417096986073970e+00,9.530333977475110574e-01,8.516965312167286140e-01,7.765510596070321903e-01,6.748807329566303137e-01,6.015608416439316430e-01,5.078382297328686290e-01
1.111288896144080329e+00,1.023336731702269242e+00,9.537943133501336490e-01,8.521871163422016782e-01,7.768352510415201806e-01,6.748865433902786481e-01,6.013715101707988175e-01,5.074316407417849284e-01
1.112384397759543120e+00,1.024257922002916876e+00,9.545568891503688480e-01,8.526791026544420227e-01,7.771205832873789854e-01,6.748930871695200118e-01,6.011826646588648293e-01,5.070254845789385900e-01
1.113481204188568219e+00,1.025180671305812474e+00,9.553211304234168200e-01,8.531724949037210459e-01,7.774070601273789238e-01,6.749003657792439492e-01,6.009943051701073236e-01,5.066197607323733587e-01
1.114579317175146134e+00,1.026104983042693375e+00,9.560870424754962515e-01,8.536672978712352977e-01,7.776946853707465968e-01,6.749083807171200045e-01,6.008064317709649327e-01,5.062144686908716107e-01
1.115678738466212128e+00,1.027030860659310596e+00,9.568546306440197657e-01,8.541635163692660182e-01,7.779834628532875662e-01,6.749171334936491240e-01,6.006190445323491556e-01,5.058096079439539094e-01
1.116779469811655101e+00,1.027958307615502553e+00,9.576239002977678938e-01,8.546611552413377888e-01,7.782733964375104785e-01,6.749266256322168367e-01,6.004321435296556819e-01,5.054051779818772294e-01
1.117881512964325363e+00,1.028887327385268113e+00,9.583948568370641574e-01,8.551602193623776271e-01,7.785644900127510759e-01,6.749368586691461003e-01,6.002457288427766047e-01,5.050011782956331796e-01
1.118984869680041738e+00,1.029817923456840090e+00,9.591675056939509281e-01,8.556607136388730828e-01,7.788567474952964309e-01,6.749478341537495929e-01,6.000598005561125214e-01,5.045976083769473375e-01
1.120089541717598669e+00,1.030750099332761405e+00,9.599418523323659524e-01,8.561626430090329976e-01,7.791501728285094019e-01,6.749595536483828928e-01,5.998743587585834147e-01,5.041944677182784718e-01
1.121195530838774213e+00,1.031683858529958364e+00,9.607179022483191000e-01,8.566660124429477108e-01,7.794447699829529785e-01,6.749720187284973250e-01,5.996894035436416415e-01,5.037917558128170992e-01
1.122302838808337810e+00,1.032619204579814598e+00,9.614956609700701096e-01,8.571708269427487092e-01,7.797405429565148482e-01,6.749852309826931407e-01,5.995049350092838125e-01,5.033894721544838191e-01
1.123411467394057395e+00,1.033556141028247888e+00,9.622751340583072244e-01,8.576770915427698316e-01,7.800374957745309645e-01,6.749991920127721423e-01,5.993209532580616727e-01,5.029876162379284255e-01
1.124521418366707604e+00,1.034494671435786550e+00,9.630563271063254938e-01,8.581848113097070296e-01,7.803356324899115570e-01,6.750139034337911959e-01,5.991374583970945356e-01,5.025861875585283522e-01
1.125632693500077108e+00,1.035434799377643822e+00,9.638392457402072955e-01,8.586939913427803495e-01,7.806349571832665868e-01,6.750293668741152997e-01,5.989544505380819395e-01,5.021851856123877855e-01
1.126745294570977496e+00,1.036376528443794909e+00,9.646238956190015257e-01,8.592046367738962465e-01,7.809354739630283149e-01,6.750455839754704312e-01,5.987719297973150834e-01,5.017846098963363310e-01
1.127859223359249929e+00,1.037319862239054702e+00,9.654102824349041212e-01,8.597167527678080123e-01,7.812371869655775347e-01,6.750625563929972817e-01,5.985898962956882619e-01,5.013844599079280151e-01
1.128974481647772476e+00,1.038264804383154161e+00,9.661984119134402471e-01,8.602303445222783118e-01,7.815401003553691384e-01,6.750802857953045466e-01,5.984083501587118548e-01,5.009847351454399522e-01
1.130091071222468324e+00,1.039211358510817806e+00,9.669882898136462623e-01,8.607454172682412752e-01,7.818442183250561284e-01,6.750987738645216618e-01,5.982272915165246507e-01,5.005854351078706799e-01
1.131208993872314661e+00,1.040159528271842104e+00,9.677799219282514631e-01,8.612619762699649240e-01,7.821495450956156281e-01,6.751180222963525379e-01,5.980467205039048384e-01,5.001865592949397143e-01
1.132328251389349782e+00,1.041109317331174067e+00,9.685733140838628241e-01,8.617800268252143736e-01,7.824560849164735599e-01,6.751380328001291842e-01,5.978666372602826629e-01,4.997881072070858299e-01
1.133448845568680641e+00,1.042060729368990746e+00,9.693684721411478522e-01,8.622995742654145923e-01,7.827638420656296558e-01,6.751588070988647772e-01,5.976870419297525272e-01,4.993900783454660042e-01
1.134570778208491726e+00,1.043013768080777615e+00,9.701654019950176622e-01,8.628206239558139368e-01,7.830728208497832465e-01,6.751803469293076176e-01,5.975079346610848718e-01,4.989924722119539746e-01
1.135694051110052172e+00,1.043968437177407171e+00,9.709641095748132722e-01,8.633431812956455786e-01,7.833830256044589380e-01,6.752026540419947542e-01,5.973293156077389421e-01,4.985952883091392396e-01
1.136818666077724416e+00,1.044924740385219541e+00,9.717646008444913441e-01,8.638672517182931498e-01,7.836944606941306235e-01,6.752257302013051632e-01,5.971511849278746675e-01,4.981985261403262255e-01
1.137944624918970860e+00,1.045882681446104190e+00,9.725668818028100349e-01,8.643928406914551665e-01,7.840071305123464951e-01,6.752495771855130391e-01,5.969735427843645414e-01,4.978021852095325661e-01
1.139071929444363640e+00,1.046842264117579635e+00,9.733709584835160689e-01,8.649199537173075658e-01,7.843210394818553866e-01,6.752741967868413075e-01,5.967963893448058332e-01,4.974062650214879366e-01
1.140200581467592622e+00,1.047803492172874273e+00,9.741768369555312557e-01,8.654485963326674636e-01,7.846361920547322288e-01,6.752995908115165813e-01,5.966197247815335780e-01,4.970107650816330547e-01
1.141330582805471616e+00,1.048766369401008536e+00,9.749845233231404507e-01,8.659787741091586888e-01,7.849525927125022839e-01,6.753257610798215627e-01,5.964435492716324561e-01,4.966156848961182368e-01
1.142461935277948371e+00,1.049730899606876600e+00,9.757940237261805150e-01,8.665104926533757634e-01,7.852702459662662671e-01,6.753527094261482233e-01,5.962678629969483390e-01,4.962210239718022886e-01
1.143594640708111898e+00,1.050697086611328546e+00,9.766053443402287204e-01,8.670437576070477714e-01,7.855891563568256908e-01,6.753804376990528713e-01,5.960926661441017238e-01,4.958267818162515050e-01
1.144728700922201581e+00,1.051664934251253625e+00,9.774184913767921534e-01,8.675785746472043369e-01,7.859093284548079872e-01,6.754089477613092196e-01,5.959179589044995007e-01,4.954329579377382275e-01
1.145864117749614275e+00,1.052634446379663746e+00,9.782334710834973412e-01,8.681149494863400484e-01,7.862307668607907418e-01,6.754382414899615661e-01,5.957437414743469439e-01,4.950395518452397337e-01
1.147000893022913193e+00,1.053605626865776301e+00,9.790502897442827646e-01,8.686528878725788827e-01,7.865534762054270379e-01,6.754683207763787500e-01,5.955700140546605903e-01,4.946465630484367937e-01
1.148139028577836118e+00,1.054578479595098095e+00,9.798689536795892607e-01,8.691923955898394061e-01,7.868774611495706894e-01,6.754991875263078871e-01,5.953967768512804515e-01,4.942539910577130602e-01
1.149278526253302735e+00,1.055553008469510168e+00,9.806894692465490948e-01,8.697334784580004197e-01,7.872027263843994760e-01,6.755308436599278821e-01,5.952240300748824486e-01,4.938618353841537356e-01
1.150419387891424838e+00,1.056529217407352839e+00,9.815118428391815808e-01,8.702761423330657164e-01,7.875292766315401538e-01,6.755632911119029416e-01,5.950517739409906248e-01,4.934700955395434629e-01
1.151561615337514333e+00,1.057507110343510526e+00,9.823360808885848172e-01,8.708203931073293935e-01,7.878571166431930228e-01,6.755965318314364199e-01,5.948800086699893575e-01,4.930787710363663812e-01
1.152705210440090777e+00,1.058486691229497456e+00,9.831621898631269785e-01,8.713662367095416084e-01,7.881862512022556055e-01,6.756305677823242206e-01,5.947087344871364589e-01,4.926878613878045154e-01
1.153850175050889160e+00,1.059467964033543819e+00,9.839901762686427134e-01,8.719136791050731139e-01,7.885166851224476581e-01,6.756654009430083097e-01,5.945379516225753891e-01,4.922973661077357788e-01
1.154996511024869443e+00,1.060450932740682362e+00,9.848200466486264348e-01,8.724627262960803487e-01,7.888484232484340719e-01,6.757010333066302277e-01,5.943676603113470236e-01,4.919072847107340829e-01
1.156144220220225893e+00,1.061435601352834990e+00,9.856518075844261650e-01,8.730133843216718592e-01,7.891814704559482196e-01,6.757374668810841589e-01,5.941978607934027545e-01,4.915176167120674511e-01
1.157293304498394404e+00,1.062421973888900473e+00,9.864854656954396006e-01,8.735656592580735014e-01,7.895158316519160779e-01,6.757747036890713321e-01,5.940285533136169249e-01,4.911283616276967412e-01
1.158443765724061381e+00,1.063410054384841930e+00,9.873210276393094009e-01,8.741195572187926421e-01,7.898515117745786851e-01,6.758127457681526451e-01,5.938597381217992632e-01,4.907395189742746466e-01
1.159595605765172177e+00,1.064399846893775425e+00,9.881585001121193645e-01,8.746750843547841381e-01,7.901885157936168191e-01,6.758515951708022884e-01,5.936914154727073178e-01,4.903510882691444750e-01
1.160748826492939312e+00,1.065391355486058567e+00,9.889978898485913827e-01,8.752322468546164247e-01,7.905268487102719011e-01,6.758912539644608142e-01,5.935235856260592247e-01,4.899630690303391489e-01
1.161903429781852237e+00,1.066384584249379097e+00,9.898392036222828372e-01,8.757910509446356073e-01,7.908665155574681194e-01,6.759317242315880936e-01,5.933562488465458085e-01,4.895754607765797628e-01
1.163059417509685556e+00,1.067379537288844382e+00,9.906824482457835535e-01,8.763515028891304404e-01,7.912075213999365531e-01,6.759730080697176069e-01,5.931894054038433506e-01,4.891882630272744725e-01
1.164216791557507458e+00,1.068376218727071780e+00,9.915276305709131988e-01,8.769136089904978615e-01,7.915498713343358528e-01,6.760151075915082908e-01,5.930230555726261343e-01,4.888014753025173298e-01
1.165375553809688158e+00,1.069374632704278572e+00,9.923747574889202339e-01,8.774773755894075267e-01,7.918935704893736993e-01,6.760580249247982731e-01,5.928571996325791016e-01,4.884150971230873384e-01
1.166535706153909890e+00,1.070374783378373662e+00,9.932238359306811981e-01,8.780428090649667894e-01,7.922386240259282619e-01,6.761017622126574977e-01,5.926918378684103983e-01,4.880291280104467888e-01
1.167697250481174676e+00,1.071376674925048178e+00,9.940748728669009937e-01,8.786099158348852356e-01,7.925850371371699898e-01,6.761463216134403487e-01,5.925269705698638090e-01,4.876435674867404813e-01
1.168860188685813206e+00,1.072380311537866726e+00,9.949278753083103943e-01,8.791787023556387748e-01,7.929328150486810722e-01,6.761917053008392742e-01,5.923625980317315243e-01,4.872584150747944487e-01
1.170024522665494837e+00,1.073385697428360430e+00,9.957828503058661074e-01,8.797491751226347301e-01,7.932819630185756754e-01,6.762379154639367451e-01,5.921987205538670196e-01,4.868736702981148468e-01
1.171190254321234470e+00,1.074392836826118192e+00,9.966398049509533896e-01,8.803213406703751520e-01,7.936324863376207350e-01,6.762849543072584346e-01,5.920353384411972675e-01,4.864893326808865659e-01
1.172357385557402987e+00,1.075401733978880836e+00,9.974987463755847772e-01,8.808952055726197994e-01,7.939843903293553051e-01,6.763328240508256206e-01,5.918724520037349501e-01,4.861054017479722877e-01
1.173525918281737024e+00,1.076412393152634817e+00,9.983596817526025902e-01,8.814707764425520065e-01,7.943376803502082417e-01,6.763815269302064781e-01,5.917100615565916710e-01,4.857218770249110973e-01
1.174695854405345852e+00,1.077424818631705250e+00,9.992226182958804381e-01,8.820480599329415528e-01,7.946923617896169967e-01,6.764310651965693699e-01,5.915481674199907225e-01,4.853387580379174282e-01
1.175867195842721591e+00,1.078439014718850952e+00,1.000087563260523948e+00,8.826270627363064225e-01,7.950484400701476329e-01,6.764814411167354713e-01,5.913867699192798533e-01,4.849560443138802857e-01
1.177039944511748537e+00,1.079454985735359251e+00,1.000954523943075047e+00,8.832077915850757854e-01,7.954059206476116195e-01,6.765326569732296180e-01,5.912258693849435920e-01,4.845737353803612479e-01
1.178214102333711599e+00,1.080472736021140578e+00,1.001823507681713465e+00,8.837902532517537546e-01,7.957648090111818506e-01,6.765847150643328201e-01,5.910654661526155706e-01,4.841918307655940223e-01
1.179389671233305625e+00,1.081492269934824835e+00,1.002694521856459575e+00,8.843744545490813680e-01,7.961251106835101066e-01,6.766376177041344420e-01,5.909055605630915142e-01,4.838103299984828909e-01
1.180566653138644506e+00,1.082513591853856871e+00,1.003567573889377673e+00,8.849604023301975708e-01,7.964868312208437384e-01,6.766913672225830512e-01,5.907461529623421193e-01,4.834292326086017111e-01
1.181745049981270279e+00,1.083536706174594189e+00,1.004442671244779817e+00,8.855481034888005309e-01,7.968499762131416864e-01,6.767459659655381543e-01,5.905872437015257104e-01,4.830485381261931388e-01
1.182924863696163564e+00,1.084561617312404413e+00,1.005319821429430327e+00,8.861375649593103976e-01,7.972145512841875004e-01,6.768014162948214896e-01,5.904288331370011189e-01,4.826682460821667409e-01
1.184106096221752003e+00,1.085588329701761001e+00,1.006199031992749848e+00,8.867287937170300616e-01,7.975805620917044703e-01,6.768577205882684300e-01,5.902709216303396733e-01,4.822883560080979404e-01
1.185288749499918026e+00,1.086616847796342267e+00,1.007080310527018518e+00,8.873217967783028071e-01,7.979480143274717552e-01,6.769148812397793868e-01,5.901135095483384108e-01,4.819088674362273506e-01
1.186472825476010406e+00,1.087647176069130861e+00,1.007963664667581360e+00,8.879165812006746261e-01,7.983169137174348506e-01,6.769729006593699916e-01,5.899565972630329558e-01,4.815297798994596645e-01
1.187658326098853356e+00,1.088679319012512137e+00,1.008849102093054562e+00,8.885131540830534247e-01,7.986872660218193865e-01,6.770317812732215002e-01,5.898001851517095107e-01,4.811510929313619900e-01
1.188845253320754303e+00,1.089713281138373624e+00,1.009736630525528644e+00,8.891115225658671184e-01,7.990590770352440364e-01,6.770915255237318631e-01,5.896442735969180671e-01,4.807728060661628500e-01
1.190033609097514988e+00,1.090749066978204729e+00,1.010626257730774524e+00,8.897116938312221723e-01,7.994323525868298752e-01,6.771521358695659076e-01,5.894888629864855067e-01,4.803949188387512947e-01
1.191223395388440576e+00,1.091786681083196875e+00,1.011517991518450676e+00,8.903136751030618079e-01,7.998070985403125110e-01,6.772136147857055199e-01,5.893339537135278139e-01,4.800174307846752364e-01
1.192414614156348751e+00,1.092826128024345866e+00,1.012411839742307640e+00,8.909174736473236544e-01,8.001833207941514425e-01,6.772759647634994939e-01,5.891795461764625097e-01,4.796403414401409493e-01
1.193607267367579938e+00,1.093867412392551586e+00,1.013307810300393186e+00,8.915230967720948474e-01,8.005610252816390826e-01,6.773391883107130473e-01,5.890256407790223081e-01,4.792636503420117933e-01
1.194801356992005958e+00,1.094910538798720578e+00,1.014205911135259708e+00,8.921305518277696800e-01,8.009402179710095604e-01,6.774032879515775596e-01,5.888722379302671062e-01,4.788873570278066594e-01
1.195996885003040022e+00,1.095955511873869304e+00,1.015106150234170945e+00,8.927398462072062557e-01,8.013209048655448585e-01,6.774682662268393107e-01,5.887193380445966406e-01,4.785114610356991371e-01
1.197193853377646722e+00,1.097002336269226053e+00,1.016008535629307818e+00,8.933509873458796990e-01,8.017030920036831709e-01,6.775341256938091083e-01,5.885669415417635886e-01,4.781359619045164600e-01
1.198392264096352022e+00,1.098051016656334866e+00,1.016913075397975152e+00,8.939639827220359214e-01,8.020867854591245960e-01,6.776008689264106932e-01,5.884150488468861129e-01,4.777608591737381727e-01
1.199592119143251256e+00,1.099101557727158118e+00,1.017819777662808622e+00,8.945788398568457200e-01,8.024719913409356087e-01,6.776684985152292562e-01,5.882636603904608519e-01,4.773861523834951326e-01
1.200793420506020448e+00,1.100153964194182432e+00,1.018728650591981699e+00,8.951955663145578779e-01,8.028587157936537544e-01,6.777370170675600658e-01,5.881127766083751318e-01,4.770118410745685100e-01
1.201996170175926304e+00,1.101208240790523263e+00,1.019639702399412595e+00,8.958141697026514860e-01,8.032469649973901227e-01,6.778064272074557639e-01,5.879623979419204005e-01,4.766379247883881232e-01
1.203200370147834875e+00,1.102264392270029481e+00,1.020552941344970987e+00,8.964346576719861570e-01,8.036367451679330420e-01,6.778767315757748824e-01,5.878125248378043288e-01,4.762644030670319384e-01
1.204406022420222211e+00,1.103322423407389730e+00,1.021468375734684964e+00,8.970570379169529041e-01,8.040280625568485551e-01,6.779479328302295826e-01,5.876631577481636892e-01,4.758912754532248490e-01
1.205613128995183692e+00,1.104382338998238122e+00,1.022386013920948633e+00,8.976813181756241322e-01,8.044209234515802276e-01,6.780200336454315080e-01,5.875142971305774564e-01,4.755185414903371210e-01
1.206821691878444014e+00,1.105444143859262374e+00,1.023305864302729740e+00,8.983075062299019642e-01,8.048153341755495127e-01,6.780930367129396341e-01,5.873659434480786867e-01,4.751462007223836159e-01
1.208031713079368075e+00,1.106507842828311050e+00,1.024227935325776162e+00,8.989356099056667881e-01,8.052113010882538946e-01,6.781669447413068985e-01,5.872180971691677298e-01,4.747742526940227359e-01
1.209243194610970518e+00,1.107573440764500150e+00,1.025152235482823082e+00,8.995656370729226969e-01,8.056088305853646991e-01,6.782417604561257196e-01,5.870707587678248851e-01,4.744026969505552582e-01
1.210456138489925060e+00,1.108640942548322350e+00,1.026078773313800596e+00,9.001975956459445927e-01,8.060079290988221290e-01,6.783174866000752923e-01,5.869239287235233915e-01,4.740315330379231695e-01
1.211670546736574927e+00,1.109710353081755807e+00,1.027007557406039995e+00,9.008314935834239590e-01,8.064086030969300767e-01,6.783941259329661078e-01,5.867776075212418618e-01,4.736607605027083334e-01
1.212886421374943291e+00,1.110781677288373404e+00,1.027938596394481818e+00,9.014673388886109695e-01,8.068108590844522698e-01,6.784716812317853618e-01,5.866317956514766063e-01,4.732903788921316024e-01
1.214103764432743704e+00,1.111854920113453105e+00,1.028871898961882803e+00,9.021051396094585950e-01,8.072147036027033096e-01,6.785501552907423628e-01,5.864864936102549553e-01,4.729203877540520407e-01
1.215322577941389648e+00,1.112930086524088091e+00,1.029807473839021936e+00,9.027449038387648228e-01,8.076201432296399307e-01,6.786295509213124966e-01,5.863417018991474716e-01,4.725507866369653143e-01
1.216542863936004748e+00,1.114007181509298450e+00,1.030745329804907851e+00,9.033866397143127669e-01,8.080271845799524844e-01,6.787098709522825235e-01,5.861974210252802742e-01,4.721815750900028030e-01
1.217764624455432987e+00,1.115086210080141749e+00,1.031685475686984876e+00,9.040303554190098900e-01,8.084358343051535334e-01,6.787911182297938772e-01,5.860536515013485825e-01,4.718127526629307122e-01
1.218987861542249140e+00,1.116167177269824728e+00,1.032627920361340212e+00,9.046760591810271146e-01,8.088460990936660044e-01,6.788732956173858524e-01,5.859103938456293736e-01,4.714443189061485739e-01
1.220212577242769880e+00,1.117250088133816543e+00,1.033572672752910426e+00,9.053237592739370454e-01,8.092579856709085639e-01,6.789564059960389031e-01,5.857676485819928169e-01,4.710762733706884142e-01
1.221438773607063100e+00,1.118334947749962449e+00,1.034519741835687068e+00,9.059734640168481956e-01,8.096715007993819935e-01,6.790404522642177199e-01,5.856254162399155971e-01,4.707086156082134210e-01
1.222666452688958794e+00,1.119421761218597267e+00,1.035469136632922282e+00,9.066251817745408781e-01,8.100866512787519014e-01,6.791254373379131959e-01,5.854836973544939038e-01,4.703413451710172222e-01
1.223895616546059495e+00,1.120510533662658403e+00,1.036420866217335535e+00,9.072789209576006542e-01,8.105034439459312123e-01,6.792113641506839494e-01,5.853424924664553108e-01,4.699744616120225538e-01
1.225126267239750488e+00,1.121601270227801317e+00,1.037374939711319222e+00,9.079346900225500061e-01,8.109218856751617688e-01,6.792982356536984012e-01,5.852018021221719879e-01,4.696079644847802603e-01
1.226358406835210690e+00,1.122693976082514755e+00,1.038331366287141844e+00,9.085924974719795655e-01,8.113419833780932677e-01,6.793860548157760748e-01,5.850616268736732462e-01,4.692418533434682959e-01
1.227592037401422420e+00,1.123788656418235998e+00,1.039290155167154284e+00,9.092523518546771211e-01,8.117637440038611985e-01,6.794748246234276756e-01,5.849219672786571955e-01,4.688761277428904473e-01
1.228827161011183389e+00,1.124885316449468542e+00,1.040251315623995421e+00,9.099142617657562937e-01,8.121871745391626707e-01,6.795645480808946148e-01,5.847828239005036233e-01,4.685107872384756122e-01
1.230063779741116248e+00,1.125983961413897783e+00,1.041214856980794634e+00,9.105782358467817694e-01,8.126122820083317988e-01,6.796552282101897546e-01,5.846441973082877608e-01,4.681458313862763565e-01
1.231301895671679469e+00,1.127084596572508479e+00,1.042180788611376308e+00,9.112442827858946437e-01,8.130390734734125324e-01,6.797468680511357109e-01,5.845060880767914968e-01,4.677812597429676922e-01
1.232541510887178227e+00,1.128187227209703547e+00,1.043149119940463443e+00,9.119124113179363222e-01,8.134675560342302658e-01,6.798394706614040439e-01,5.843684967865155899e-01,4.674170718658467449e-01
1.233782627475775273e+00,1.129291858633421741e+00,1.044119860443880610e+00,9.125826302245697574e-01,8.138977368284616709e-01,6.799330391165536724e-01,5.842314240236933243e-01,4.670532673128314216e-01
1.235025247529501602e+00,1.130398496175257117e+00,1.045093019648757116e+00,9.132549483344004626e-01,8.143296230317021989e-01,6.800275765100676217e-01,5.840948703803020559e-01,4.666898456424586894e-01
1.236269373144266659e+00,1.131507145190578489e+00,1.046068607133727735e+00,9.139293745230936405e-01,8.147632218575324714e-01,6.801230859533905493e-01,5.839588364540758691e-01,4.663268064138842428e-01
1.237515006419870778e+00,1.132617811058649782e+00,1.047046632529136101e+00,9.146059177134904239e-01,8.151985405575844501e-01,6.802195705759658262e-01,5.838233228485182336e-01,4.659641491868814489e-01
1.238762149460014061e+00,1.133730499182751039e+00,1.048027105517235880e+00,9.152845868757245595e-01,8.156355864216022766e-01,6.803170335252715084e-01,5.836883301729144380e-01,4.656018735218400706e-01
1.240010804372308595e+00,1.134845214990299667e+00,1.049010035832389720e+00,9.159653910273357624e-01,8.160743667775028909e-01,6.804154779668548647e-01,5.835538590423435812e-01,4.652399789797651009e-01
1.241260973268290213e+00,1.135961963932971441e+00,1.049995433261271094e+00,9.166483392333788505e-01,8.165148889914362051e-01,6.805149070843679038e-01,5.834199100776910063e-01,4.648784651222760411e-01
1.242512658263427161e+00,1.137080751486823971e+00,1.050983307643063691e+00,9.173334406065344337e-01,8.169571604678412813e-01,6.806153240796022352e-01,5.832864839056606243e-01,4.645173315116056245e-01
1.243765861477132972e+00,1.138201583152419705e+00,1.051973668869659262e+00,9.180207043072170503e-01,8.174011886495020640e-01,6.807167321725223763e-01,5.831535811587875706e-01,4.641565777105988166e-01
1.245020585032777127e+00,1.139324464454948727e+00,1.052966526885856569e+00,9.187101395436787499e-01,8.178469810175994503e-01,6.808191346012982814e-01,5.830212024754501954e-01,4.637962032827120384e-01
1.246276831057696155e+00,1.140449400944354208e+00,1.053961891689559671e+00,9.194017555721140100e-01,8.182945450917619157e-01,6.809225346223386488e-01,5.828893484998818320e-01,4.634362077920118894e-01
1.247534601683205402e+00,1.141576398195456088e+00,1.054959773331973549e+00,9.200955616967607664e-01,8.187438884301154740e-01,6.810269355103231170e-01,5.827580198821837865e-01,4.630765908031739819e-01
1.248793899044609246e+00,1.142705461808077194e+00,1.055960181917800611e+00,9.207915672699999998e-01,8.191950186293289748e-01,6.811323405582324630e-01,5.826272172783374392e-01,4.627173518814822195e-01
1.250054725281213308e+00,1.143836597407168920e+00,1.056963127605437647e+00,9.214897816924519924e-01,8.196479433246588453e-01,6.812387530773794664e-01,5.824969413502164572e-01,4.623584905928278532e-01
1.251317082536334668e+00,1.144969810642937125e+00,1.057968620607168786e+00,9.221902144130718071e-01,8.201026701899923887e-01,6.813461763974394403e-01,5.823671927655984515e-01,4.620000065037083714e-01
1.252580972957313854e+00,1.146105107190969585e+00,1.058976671189359786e+00,9.228928749292423239e-01,8.205592069378863096e-01,6.814546138664788755e-01,5.822379721981773004e-01,4.616418991812262784e-01
1.253846398695526387e+00,1.147242492752364118e+00,1.059987289672651878e+00,9.235977727868637244e-01,8.210175613196041278e-01,6.815640688509835288e-01,5.821092803275753624e-01,4.612841681930882065e-01
1.255113361906394553e+00,1.148381973053857807e+00,1.061000486432152945e+00,9.243049175804418649e-01,8.214777411251521499e-01,6.816745447358870669e-01,5.819811178393554663e-01,4.609268131076040276e-01
1.256381864749398058e+00,1.149523553847952906e+00,1.062016271897629149e+00,9.250143189531729870e-01,8.219397541833124432e-01,6.817860449245983778e-01,5.818534854250332344e-01,4.605698334936857430e-01
1.257651909388085798e+00,1.150667240913048506e+00,1.063034656553694779e+00,9.257259865970282053e-01,8.224036083616721449e-01,6.818985728390271062e-01,5.817263837820887407e-01,4.602132289208465954e-01
1.258923497990088070e+00,1.151813040053571324e+00,1.064055650940002540e+00,9.264399302528332214e-01,8.228693115666513291e-01,6.820121319196094101e-01,5.815998136139785002e-01,4.598569989592001250e-01
1.260196632727126120e+00,1.152960957100104045e+00,1.065079265651431628e+00,9.271561597103460395e-01,8.233368717435288753e-01,6.821267256253328304e-01,5.814737756301475713e-01,4.595011431794591150e-01
1.261471315775026580e+00,1.154110997909518543e+00,1.066105511338274470e+00,9.278746848083334609e-01,8.238062968764646721e-01,6.822423574337600494e-01,5.813482705460411015e-01,4.591456611529343701e-01
1.262747549313732565e+00,1.155263168365107784e+00,1.067134398706423237e+00,9.285955154346428042e-01,8.242775949885194908e-01,6.823590308410527605e-01,5.812232990831162072e-01,4.587905524515340505e-01
1.264025335527313221e+00,1.156417474376716825e+00,1.068165938517554592e+00,9.293186615262714056e-01,8.247507741416724159e-01,6.824767493619938730e-01,5.810988619688540746e-01,4.584358166477627283e-01
1.265304676603976386e+00,1.157573921880876266e+00,1.069200141589314201e+00,9.300441330694341202e-01,8.252258424368354994e-01,6.825955165300087168e-01,5.809749599367720618e-01,4.580814533147203327e-01
1.266585574736082798e+00,1.158732516840937476e+00,1.070237018795500594e+00,9.307719400996293801e-01,8.257028080138644199e-01,6.827153358971858044e-01,5.808515937264349116e-01,4.577274620261007620e-01
1.267868032120155641e+00,1.159893265247206262e+00,1.071276581066244349e+00,9.315020927016987029e-01,8.261816790515683628e-01,6.828362110342968139e-01,5.807287640834666309e-01,4.573738423561917732e-01
1.269152050956892763e+00,1.161056173117077206e+00,1.072318839388189726e+00,9.322346010098849778e-01,8.266624637677159049e-01,6.829581455308160187e-01,5.806064717595617042e-01,4.570205938798736489e-01
1.270437633451178883e+00,1.162221246495169558e+00,1.073363804804674304e+00,9.329694752078889763e-01,8.271451704190371235e-01,6.830811429949383839e-01,5.804847175124974168e-01,4.566677161726179768e-01
1.271724781812096472e+00,1.163388491453463569e+00,1.074411488415905946e+00,9.337067255289214218e-01,8.276298073012238188e-01,6.832052070535955535e-01,5.803635021061457344e-01,4.563152088104871495e-01
1.273013498252939524e+00,1.164557914091437274e+00,1.075461901379139551e+00,9.344463622557518390e-01,8.281163827489267382e-01,6.833303413524730585e-01,5.802428263104835171e-01,4.559630713701329219e-01
1.274303784991225763e+00,1.165729520536204600e+00,1.076515054908850910e+00,9.351883957207542952e-01,8.286049051357498030e-01,6.834565495560259718e-01,5.801226909016047317e-01,4.556113034287957442e-01
1.275595644248707305e+00,1.166903316942652813e+00,1.077570960276912349e+00,9.359328363059511435e-01,8.290953828742391174e-01,6.835838353474921192e-01,5.800030966617324424e-01,4.552599045643040410e-01
1.276889078251382426e+00,1.168079309493581519e+00,1.078629628812763031e+00,9.366796944430517691e-01,8.295878244158708670e-01,6.837122024289070676e-01,5.798840443792295796e-01,4.549088743550733782e-01
1.278184089229510212e+00,1.169257504399841885e+00,1.079691071903580157e+00,9.374289806134892267e-01,8.300822382510355535e-01,6.838416545211152275e-01,5.797655348486101534e-01,4.545582123801047425e-01
1.279480679417621003e+00,1.170437907900475860e+00,1.080755300994447499e+00,9.381807053484506609e-01,8.305786329090194542e-01,6.839721953637809548e-01,5.796475688705514662e-01,4.542079182189844300e-01
1.280778851054528156e+00,1.171620526262859174e+00,1.081822327588522814e+00,9.389348792289086143e-01,8.310770169579805300e-01,6.841038287154004305e-01,5.795301472519045483e-01,4.538579914518829916e-01
1.282078606383342256e+00,1.172805365782841003e+00,1.082892163247204165e+00,9.396915128856471178e-01,8.315773990049223352e-01,6.842365583533098761e-01,5.794132708057050385e-01,4.535084316595537346e-01
1.283379947651482444e+00,1.173992432784885631e+00,1.083964819590293560e+00,9.404506169992801201e-01,8.320797876956654848e-01,6.843703880736938805e-01,5.792969403511857296e-01,4.531592384233326665e-01
1.284682877110688626e+00,1.175181733622216562e+00,1.085040308296159051e+00,9.412122023002728044e-01,8.325841917148127935e-01,6.845053216915926164e-01,5.791811567137865602e-01,4.528104113251372187e-01
1.285987397017034350e+00,1.176373274676958181e+00,1.086118641101895044e+00,9.419762795689545776e-01,8.330906197857129714e-01,6.846413630409077244e-01,5.790659207251660501e-01,4.524619499474654138e-01
1.287293509630939026e+00,1.177567062360280525e+00,1.087199829803481954e+00,9.427428596355295065e-01,8.335990806704194345e-01,6.847785159744074202e-01,5.789512332232121805e-01,4.521138538733949219e-01
1.288601217217180350e+00,1.178763103112543842e+00,1.088283886255941857e+00,9.435119533800825353e-01,8.341095831696470064e-01,6.849167843637304909e-01,5.788370950520532743e-01,4.517661226865820057e-01
1.289910522044907637e+00,1.179961403403444020e+00,1.089370822373493253e+00,9.442835717325812617e-01,8.346221361227230684e-01,6.850561720993890713e-01,5.787235070620696531e-01,4.514187559712611320e-01
1.291221426387654914e+00,1.181161969732158257e+00,1.090460650129705389e+00,9.450577256728770470e-01,8.351367484075339354e-01,6.851966830907693096e-01,5.786104701099032965e-01,4.510717533122438061e-01
1.292533932523351803e+00,1.182364808627491159e+00,1.091553381557647695e+00,9.458344262306965788e-01,8.356534289404708993e-01,6.853383212661319224e-01,5.784979850584692773e-01,4.507251142949177392e-01
1.293848042734337067e+00,1.183569926648023518e+00,1.092649028750038998e+00,9.466136844856322119e-01,8.361721866763685007e-01,6.854810905726109738e-01,5.783860527769664195e-01,4.503788385052459042e-01
1.295163759307371487e+00,1.184777330382258187e+00,1.093747603859394735e+00,9.473955115671284233e-01,8.366930306084406910e-01,6.856249949762126539e-01,5.782746741408882896e-01,4.500329255297657038e-01
1.296481084533651629e+00,1.185987026448769965e+00,1.094849119098170398e+00,9.481799186544623836e-01,8.372159697682122204e-01,6.857700384618110601e-01,5.781638500320334106e-01,4.496873749555885813e-01
1.297800020708822055e+00,1.187199021496355478e+00,1.095953586738905194e+00,9.489669169767223078e-01,8.377410132254451414e-01,6.859162250331427568e-01,5.780535813385153654e-01,4.493421863703985220e-01
1.299120570132986874e+00,1.188413322204181721e+00,1.097061019114361047e+00,9.497565178127780339e-01,8.382681700880634246e-01,6.860635587128022239e-01,5.779438689547741204e-01,4.489973593624515535e-01
1.300442735110724612e+00,1.189629935281937723e+00,1.098171428617660039e+00,9.505487324912488267e-01,8.387974495020701360e-01,6.862120435422334186e-01,5.778347137815860179e-01,4.486528935205751911e-01
1.301766517951100655e+00,1.190848867469985306e+00,1.099284827702421419e+00,9.513435723904670738e-01,8.393288606514620609e-01,6.863616835817211159e-01,5.777261167260743235e-01,4.483087884341669382e-01
1.303091920967680561e+00,1.192070125539511194e+00,1.100401228882893268e+00,9.521410489384362075e-01,8.398624127581395538e-01,6.865124829103808057e-01,5.776180787017194396e-01,4.479650436931941759e-01
1.304418946478542507e+00,1.193293716292680440e+00,1.101520644734082177e+00,9.529411736127840760e-01,8.403981150818109480e-01,6.866644456261474794e-01,5.775106006283686755e-01,4.476216588881932190e-01
1.305747596806290156e+00,1.194519646562789195e+00,1.102643087891882701e+00,9.537439579407108736e-01,8.409359769198929691e-01,6.868175758457628621e-01,5.774036834322470169e-01,4.472786336102680393e-01
1.307077874278067542e+00,1.195747923214418806e+00,1.103768571053202141e+00,9.545494134989335189e-01,8.414760076074063733e-01,6.869718777047604252e-01,5.772973280459666734e-01,4.469359674510897662e-01
1.308409781225571500e+00,1.196978553143591251e+00,1.104897106976082455e+00,9.553575519136230376e-01,8.420182165168670352e-01,6.871273553574499537e-01,5.771915354085372929e-01,4.465936600028959091e-01
1.309743319985064103e+00,1.198211543277923230e+00,1.106028708479820599e+00,9.561683848603371727e-01,8.425626130581718165e-01,6.872840129769004491e-01,5.770863064653765084e-01,4.462517108584899694e-01
1.311078492897386427e+00,1.199446900576783159e+00,1.107163388445086216e+00,9.569819240639487745e-01,8.431092066784795502e-01,6.874418547549212555e-01,5.769816421683191532e-01,4.459101196112402743e-01
1.312415302307972542e+00,1.200684632031448817e+00,1.108301159814035985e+00,9.577981812985686405e-01,8.436580068620855855e-01,6.876008849020410763e-01,5.768775434756268083e-01,4.455688858550791998e-01
1.313753750566863054e+00,1.201924744665264555e+00,1.109442035590424203e+00,9.586171683874609162e-01,8.442090231302943337e-01,6.877611076474866580e-01,5.767740113519976841e-01,4.452280091845024490e-01
1.315093840028718652e+00,1.203167245533799612e+00,1.110586028839711359e+00,9.594388972029557205e-01,8.447622650412837109e-01,6.879225272391596979e-01,5.766710467685762787e-01,4.448874891945680532e-01
1.316435573052832098e+00,1.204412141725007102e+00,1.111733152689170501e+00,9.602633796663546661e-01,8.453177421899650268e-01,6.880851479436111973e-01,5.765686507029631480e-01,4.445473254808963159e-01
1.317778952003143544e+00,1.205659440359383883e+00,1.112883420327989148e+00,9.610906277478299398e-01,8.458754642078392116e-01,6.882489740460143723e-01,5.764668241392244541e-01,4.442075176396689806e-01
1.319123979248253420e+00,1.206909148590130876e+00,1.114036845007368326e+00,9.619206534663189423e-01,8.464354407628457144e-01,6.884140098501372318e-01,5.763655680679007354e-01,4.438680652676279537e-01
1.320470657161436190e+00,1.208161273603314934e+00,1.115193440040618267e+00,9.627534688894120452e-01,8.469976815592056285e-01,6.885802596783127116e-01,5.762648834860165659e-01,4.435289679620748049e-01
1.321818988120655458e+00,1.209415822618029823e+00,1.116353218803251668e+00,9.635890861332354618e-01,8.475621963372601542e-01,6.887477278714057016e-01,5.761647713970898810e-01,4.431902253208698794e-01
1.323168974508576179e+00,1.210672802886559207e+00,1.117516194733073842e+00,9.644275173623267916e-01,8.481289948733040651e-01,6.889164187887806268e-01,5.760652328111408593e-01,4.428518369424320200e-01
1.324520618712578424e+00,1.211932221694541179e+00,1.118682381330267317e+00,9.652687747895034587e-01,8.486980869794119586e-01,6.890863368082663643e-01,5.759662687447011375e-01,4.425138024257381231e-01
1.325873923124770482e+00,1.213194086361131463e+00,1.119851792157475323e+00,9.661128706757274864e-01,8.492694825032585104e-01,6.892574863261183848e-01,5.758678802208226921e-01,4.421761213703218618e-01
1.327228890142005735e+00,1.214458404239168621e+00,1.121024440839881064e+00,9.669598173299631672e-01,8.498431913279337335e-01,6.894298717569801171e-01,5.757700682690866101e-01,4.418387933762729647e-01
1.328585522165895316e+00,1.215725182715339248e+00,1.122200341065281881e+00,9.678096271090258496e-01,8.504192233717524640e-01,6.896034975338429795e-01,5.756728339256117488e-01,4.415018180442366602e-01
1.329943821602820986e+00,1.216994429210344286e+00,1.123379506584162524e+00,9.686623124174266186e-01,8.509975885880564084e-01,6.897783681080038587e-01,5.755761782330636178e-01,4.411651949754131774e-01
1.331303790863950676e+00,1.218266151179068446e+00,1.124561951209761990e+00,9.695178857072088707e-01,8.515782969650113055e-01,6.899544879490198124e-01,5.754801022406629274e-01,4.408289237715576347e-01
1.332665432365251146e+00,1.219540356110745405e+00,1.125747688818137471e+00,9.703763594777792267e-01,8.521613585253960954e-01,6.901318615446625504e-01,5.753846070041941374e-01,4.404930040349784859e-01
1.334028748527503971e+00,1.220817051529125896e+00,1.126936733348225861e+00,9.712377462757300073e-01,8.527467833263873143e-01,6.903104934008702509e-01,5.752896935860134509e-01,4.401574353685368535e-01
1.335393741776319532e+00,1.222096244992650904e+00,1.128129098801899266e+00,9.721020586946561570e-01,8.533345814593363832e-01,6.904903880416964901e-01,5.751953630550570296e-01,4.398222173756466402e-01
1.336760414542150111e+00,1.223377944094619307e+00,1.129324799244016964e+00,9.729693093749633981e-01,8.539247630495397923e-01,6.906715500092585058e-01,5.751016164868499869e-01,4.394873496602735297e-01
1.338128769260304995e+00,1.224662156463358409e+00,1.130523848802473585e+00,9.738395110036704994e-01,8.545173382560034003e-01,6.908539838636831298e-01,5.750084549635139375e-01,4.391528318269343201e-01
1.339498808370964245e+00,1.225948889762396465e+00,1.131726261668242639e+00,9.747126763142045514e-01,8.551123172711996290e-01,6.910376941830503883e-01,5.749158795737748795e-01,4.388186634806966469e-01
1.340870534319194007e+00,1.227238151690635215e+00,1.132932052095417808e+00,9.755888180861865822e-01,8.557097103208175515e-01,6.912226855633348821e-01,5.748238914129710775e-01,4.384848442271782609e-01
1.342243949554961624e+00,1.228529949982523295e+00,1.134141234401246479e+00,9.764679491452105120e-01,8.563095276635059871e-01,6.914089626183451687e-01,5.747324915830607228e-01,4.381513736725459740e-01
1.343619056533148504e+00,1.229824292408230324e+00,1.135353822966159720e+00,9.773500823626151135e-01,8.569117795906100454e-01,6.915965299796613674e-01,5.746416811926298163e-01,4.378182514235155476e-01
1.344995857713565446e+00,1.231121186773821652e+00,1.136569832233801147e+00,9.782352306552491994e-01,8.575164764258993433e-01,6.917853922965696567e-01,5.745514613568992734e-01,4.374854770873512488e-01
1.346374355560967739e+00,1.232420640921432664e+00,1.137789276711047126e+00,9.791234069852258193e-01,8.581236285252902274e-01,6.919755542359953271e-01,5.744618331977331405e-01,4.371530502718653510e-01
1.347754552545069595e+00,1.233722662729447084e+00,1.139012170968022764e+00,9.800146243596700169e-01,8.587332462765605579e-01,6.921670204824340589e-01,5.743727978436453663e-01,4.368209705854171898e-01
1.349136451140558801e+00,1.235027260112673719e+00,1.140238529638115228e+00,9.809088958304591488e-01,8.593453400990550550e-01,6.923597957378798684e-01,5.742843564298066861e-01,4.364892376369127747e-01
1.350520053827112044e+00,1.236334441022524322e+00,1.141468367417980634e+00,9.818062344939527675e-01,8.599599204433860944e-01,6.925538847217509453e-01,5.741965100980521708e-01,4.361578510358046223e-01
1.351905363089409340e+00,1.237644213447191222e+00,1.142701699067546262e+00,9.827066534907159534e-01,8.605769977911245094e-01,6.927492921708137130e-01,5.741092599968878885e-01,4.358268103920905912e-01
1.353292381417149137e+00,1.238956585411827627e+00,1.143938539410008115e+00,9.836101660052347651e-01,8.611965826544821789e-01,6.929460228391035592e-01,5.740226072814980096e-01,4.354961153163138809e-01
1.354681111305063634e+00,1.240271564978729923e+00,1.145178903331822706e+00,9.845167852656198093e-01,8.618186855759899512e-01,6.931440814978436782e-01,5.739365531137512466e-01,4.351657654195624780e-01
1.356071555252932992e+00,1.241589160247516421e+00,1.146422805782694621e+00,9.854265245433044829e-01,8.624433171281634669e-01,6.933434729353619153e-01,5.738510986622072929e-01,4.348357603134686000e-01
1.357463715765600654e+00,1.242909379355309429e+00,1.147670261775557421e+00,9.863393971527332216e-01,8.630704879131627649e-01,6.935442019570047245e-01,5.737662451021237064e-01,4.345060996102085848e-01
1.358857595352988890e+00,1.244232230476919110e+00,1.148921286386548779e+00,9.872554164510369823e-01,8.637002085624466696e-01,6.937462733850496832e-01,5.736819936154621269e-01,4.341767829225020026e-01
1.360253196530114339e+00,1.245557721825027109e+00,1.150175894754983830e+00,9.881745958377059491e-01,8.643324897364124126e-01,6.939496920586124551e-01,5.735983453908940488e-01,4.338478098636114333e-01
1.361650521817102666e+00,1.246885861650370630e+00,1.151434102083318312e+00,9.890969487542500271e-01,8.649673421240304805e-01,6.941544628335536427e-01,5.735153016238068169e-01,4.335191800473418011e-01
1.363049573739203879e+00,1.248216658241927401e+00,1.152695923637106157e+00,9.900224886838474569e-01,8.656047764424732449e-01,6.943605905823831970e-01,5.734328635163101762e-01,4.331908930880403186e-01
1.364450354826808764e+00,1.249550119927102410e+00,1.153961374744957524e+00,9.909512291509883219e-01,8.662448034367296046e-01,6.945680801941606086e-01,5.733510322772420453e-01,4.328629486005959315e-01
1.365852867615462651e+00,1.250886255071914421e+00,1.155230470798483955e+00,9.918831837211049551e-01,8.668874338792145195e-01,6.947769365743940995e-01,5.732698091221730685e-01,4.325353462004387084e-01
1.367257114645881622e+00,1.252225072081183166e+00,1.156503227252238863e+00,9.928183660001946853e-01,8.675326785693685538e-01,6.949871646449355955e-01,5.731891952734130546e-01,4.322080855035398406e-01
1.368663098463969385e+00,1.253566579398718961e+00,1.157779659623655366e+00,9.937567896344315921e-01,8.681805483332482032e-01,6.951987693438737015e-01,5.731091919600163065e-01,4.318811661264111423e-01
1.370070821620829937e+00,1.254910785507511894e+00,1.159059783492974560e+00,9.946984683097667146e-01,8.688310540231084511e-01,6.954117556254240107e-01,5.730298004177863946e-01,4.315545876861048846e-01
1.371480286672785542e+00,1.256257698929921451e+00,1.160343614503168252e+00,9.956434157515214878e-01,8.694842065169742229e-01,6.956261284598167505e-01,5.729510218892814866e-01,4.312283498002129623e-01
1.372891496181392723e+00,1.257607328227869026e+00,1.161631168359855470e+00,9.965916457239689663e-01,8.701400167182035128e-01,6.958418928331798758e-01,5.728728576238191206e-01,4.309024520868667829e-01
1.374304452713456470e+00,1.258959682003028213e+00,1.162922460831213867e+00,9.975431720299039462e-01,8.707984955550407413e-01,6.960590537474213857e-01,5.727953088774807577e-01,4.305768941647372672e-01
1.375719158841047340e+00,1.260314768897017990e+00,1.164217507747882019e+00,9.984980085102032055e-01,8.714596539801600095e-01,6.962776162201079755e-01,5.727183769131164448e-01,4.302516756530344044e-01
1.377135617141516111e+00,1.261672597591597222e+00,1.165516325002856846e+00,9.994561690433753087e-01,8.721235029701996933e-01,6.964975852843400261e-01,5.726420630003496992e-01,4.299267961715066422e-01
1.378553830197510655e+00,1.263033176808858071e+00,1.166818928551382584e+00,1.000417667545098865e+00,8.727900535252874903e-01,6.967189659886243724e-01,5.725663684155813948e-01,4.296022553404411082e-01
1.379973800596992595e+00,1.264396515311422720e+00,1.168125334410834659e+00,1.001382517967750463e+00,8.734593166685530319e-01,6.969417633967428527e-01,5.724912944419936478e-01,4.292780527806630553e-01
1.381395530933251292e+00,1.265762621902638774e+00,1.169435558660597563e+00,1.002350734299921609e+00,8.741313034456328346e-01,6.971659825876197480e-01,5.724168423695539243e-01,4.289541881135357504e-01
1.382819023804921610e+00,1.267131505426776661e+00,1.170749617441928958e+00,1.003322330565922460e+00,8.748060249241660369e-01,6.973916286551853361e-01,5.723430134950189263e-01,4.286306609609601415e-01
1.384244281815999678e+00,1.268503174769226360e+00,1.172067526957823125e+00,1.004297320825275674e+00,8.754834921932764802e-01,6.976187067082346704e-01,5.722698091219383665e-01,4.283074709453746909e-01
1.385671307575859323e+00,1.269877638856698132e+00,1.173389303472867073e+00,1.005275719172199711e+00,8.761637163630462410e-01,6.978472218702839180e-01,5.721972305606578546e-01,4.279846176897552645e-01
1.387100103699268283e+00,1.271254906657421690e+00,1.174714963313085336e+00,1.006257539735079254e+00,8.768467085639787273e-01,6.980771792794253638e-01,5.721252791283221173e-01,4.276621008176149652e-01
1.388530672806403965e+00,1.272634987181346489e+00,1.176044522865778097e+00,1.007242796675922980e+00,8.775324799464505610e-01,6.983085840881767536e-01,5.720539561488781066e-01,4.273399199530039105e-01
1.389963017522870325e+00,1.274017889480342447e+00,1.177377998579352436e+00,1.008231504189809780e+00,8.782210416801534691e-01,6.985414414633286384e-01,5.719832629530786638e-01,4.270180747205091221e-01
1.391397140479714745e+00,1.275403622648403568e+00,1.178715406963146695e+00,1.009223676504324763e+00,8.789124049535245176e-01,6.987757565857872777e-01,5.719132008784847399e-01,4.266965647452543031e-01
1.392833044313444679e+00,1.276792195821851994e+00,1.180056764587245066e+00,1.010219327878981055e+00,8.796065809731660190e-01,6.990115346504142124e-01,5.718437712694672825e-01,4.263753896528996723e-01
1.394270731666042984e+00,1.278183618179539405e+00,1.181402088082283752e+00,1.011218472604628493e+00,8.803035809632534514e-01,6.992487808658640613e-01,5.717749754772100124e-01,4.260545490696425186e-01
1.395710205184985231e+00,1.279577898943054626e+00,1.182751394139251566e+00,1.012221125002851663e+00,8.810034161649323847e-01,6.994875004544165442e-01,5.717068148597114208e-01,4.257340426222162022e-01
1.397151467523257029e+00,1.280975047376929021e+00,1.184104699509279435e+00,1.013227299425356387e+00,8.817060978357044165e-01,6.997276986518061737e-01,5.716392907817867686e-01,4.254138699378904320e-01
1.398594521339370234e+00,1.282375072788842552e+00,1.185462021003420130e+00,1.014237010253339566e+00,8.824116372488016724e-01,6.999693807070485052e-01,5.715724046150697513e-01,4.250940306444715433e-01
1.400039369297380043e+00,1.283777984529832272e+00,1.186823375492423560e+00,1.015250271896847467e+00,8.831200456925495379e-01,7.002125518822622796e-01,5.715061577380143865e-01,4.247745243703021090e-01
1.401486014066901209e+00,1.285183791994501279e+00,1.188188779906502734e+00,1.016267098794124024e+00,8.838313344697165119e-01,7.004572174524871242e-01,5.714405515358956800e-01,4.244553507442612728e-01
1.402934458323126021e+00,1.286592504621228095e+00,1.189558251235086406e+00,1.017287505410943593e+00,8.845455148968536241e-01,7.007033827054991448e-01,5.713755874008106250e-01,4.241365093957643606e-01
1.404384704746840962e+00,1.288004131892376725e+00,1.190931806526565717e+00,1.018311506239927722e+00,8.852625983036235269e-01,7.009510529416224101e-01,5.713112667316795346e-01,4.238179999547629917e-01
1.405836756024443357e+00,1.289418683334508486e+00,1.192309462888032634e+00,1.019339115799852147e+00,8.859825960321134897e-01,7.012002334735351061e-01,5.712475909342467073e-01,4.234998220517458556e-01
1.407290614847958476e+00,1.290836168518594507e+00,1.193691237485007273e+00,1.020370348634940694e+00,8.867055194361381787e-01,7.014509296260738047e-01,5.711845614210804278e-01,4.231819753177379351e-01
1.408746283915057962e+00,1.292256597060229328e+00,1.195077147541157458e+00,1.021405219314143187e+00,8.874313798805303355e-01,7.017031467360318464e-01,5.711221796115729665e-01,4.228644593843003952e-01
1.410203765929075814e+00,1.293679978619844739e+00,1.196467210338005849e+00,1.022443742430399816e+00,8.881601887404193540e-01,7.019568901519557258e-01,5.710604469319413568e-01,4.225472738835319153e-01
1.411663063599025270e+00,1.295106322902924711e+00,1.197861443214630173e+00,1.023485932599890846e+00,8.888919574004983115e-01,7.022121652339367026e-01,5.709993648152268397e-01,4.222304184480681344e-01
1.413124179639618561e+00,1.296535639660223005e+00,1.199259863567352591e+00,1.024531804461275897e+00,8.896266972542742346e-01,7.024689773533974169e-01,5.709389347012933102e-01,4.219138927110812065e-01
1.414587116771282016e+00,1.297967938687978329e+00,1.200662488849418175e+00,1.025581372674914782e+00,8.903644197033093732e-01,7.027273318928767276e-01,5.708791580368277607e-01,4.215976963062809668e-01
1.416051877720174934e+00,1.299403229828133277e+00,1.202069336570664282e+00,1.026634651922075259e+00,8.911051361564489293e-01,7.029872342458076684e-01,5.708200362753388379e-01,4.212818288679147094e-01
1.417518465218206014e+00,1.300841522968553932e+00,1.203480424297178830e+00,1.027691656904129003e+00,8.918488580290355738e-01,7.032486898162926270e-01,5.707615708771557328e-01,4.209662900307674094e-01
1.418986882003051564e+00,1.302282828043249019e+00,1.204895769650950355e+00,1.028752402341728489e+00,8.925955967421108639e-01,7.035117040188748616e-01,5.707037633094260709e-01,4.206510794301622225e-01
1.420457130818174374e+00,1.303727155032590845e+00,1.206315390309503410e+00,1.029816902973972104e+00,8.933453637216018928e-01,7.037762822783049099e-01,5.706466150461143583e-01,4.203361967019606515e-01
1.421929214412839704e+00,1.305174513963537564e+00,1.207739304005526426e+00,1.030885173557555046e+00,8.940981703974989481e-01,7.040424300293032234e-01,5.705901275680007600e-01,4.200216414825626576e-01
1.423403135542133713e+00,1.306624914909856106e+00,1.209167528526489344e+00,1.031957228865902687e+00,8.948540282030162940e-01,7.043101527163174724e-01,5.705343023626774368e-01,4.197074134089071595e-01
1.424878896966981667e+00,1.308078367992346003e+00,1.210600081714246157e+00,1.033033083688291276e+00,8.956129485737379659e-01,7.045794557932761881e-01,5.704791409245465461e-01,4.193935121184724779e-01
1.426356501454166148e+00,1.309534883379063652e+00,1.212036981464628571e+00,1.034112752828952209e+00,8.963749429467556817e-01,7.048503447233382957e-01,5.704246447548172450e-01,4.190799372492767239e-01
1.427835951776343704e+00,1.310994471285547691e+00,1.213478245727029670e+00,1.035196251106161425e+00,8.971400227597889909e-01,7.051228249786378743e-01,5.703708153615022480e-01,4.187666884398780764e-01
1.429317250712065057e+00,1.312457141975047703e+00,1.214923892503974923e+00,1.036283593351314591e+00,8.979081994502917663e-01,7.053969020400243650e-01,5.703176542594142751e-01,4.184537653293750603e-01
1.430800401045791759e+00,1.313922905758751591e+00,1.216373939850680541e+00,1.037374794407986300e+00,8.986794844545463734e-01,7.056725813967971161e-01,5.702651629701630531e-01,4.181411675574076003e-01
1.432285405567914616e+00,1.315391772996011843e+00,1.217828405874600728e+00,1.038469869130972612e+00,8.994538892067442948e-01,7.059498685464371537e-01,5.702133430221504318e-01,4.178288947641570217e-01
1.433772267074771900e+00,1.316863754094577121e+00,1.219287308734964048e+00,1.039568832385319164e+00,9.002314251380511001e-01,7.062287689943337332e-01,5.701621959505656090e-01,4.175169465903468824e-01
1.435260988368667778e+00,1.318338859510824079e+00,1.220750666642295146e+00,1.040671699045334853e+00,9.010121036756577606e-01,7.065092882535055629e-01,5.701117232973811344e-01,4.172053226772434176e-01
1.436751572257892740e+00,1.319817099749986955e+00,1.222218497857925579e+00,1.041778483993586857e+00,9.017959362418207503e-01,7.067914318443171418e-01,5.700619266113476913e-01,4.168940226666559279e-01
1.438244021556738250e+00,1.321298485366391606e+00,1.223690820693493997e+00,1.042889202119883896e+00,9.025829342528838284e-01,7.070752052941909893e-01,5.700128074479882123e-01,4.165830462009379453e-01
1.439738339085518071e+00,1.322783026963689323e+00,1.225167653510430332e+00,1.044003868320241279e+00,9.033731091182881645e-01,7.073606141373154355e-01,5.699643673695922175e-01,4.162723929229874553e-01
1.441234527670585797e+00,1.324270735195090420e+00,1.226649014719427999e+00,1.045122497495829306e+00,9.041664722395684750e-01,7.076476639143469693e-01,5.699166079452101519e-01,4.159620624762478958e-01
1.442732590144353955e+00,1.325761620763601600e+00,1.228134922779905214e+00,1.046245104551908112e+00,9.049630350093339493e-01,7.079363601721068155e-01,5.698695307506459473e-01,4.156520545047086568e-01
1.444232529345313543e+00,1.327255694422262655e+00,1.229625396199451437e+00,1.047371704396746539e+00,9.057628088102351871e-01,7.082267084632732912e-01,5.698231373684506940e-01,4.153423686529057468e-01
1.445734348118051571e+00,1.328752966974382721e+00,1.231120453533260495e+00,1.048502311940524123e+00,9.065658050139167035e-01,7.085187143460703885e-01,5.697774293879158680e-01,4.150330045659231804e-01
1.447238049313270825e+00,1.330253449273780531e+00,1.232620113383550597e+00,1.049636942094216874e+00,9.073720349799556661e-01,7.088123833839492516e-01,5.697324084050648940e-01,4.147239618893934221e-01
1.448743635787807404e+00,1.331757152225023999e+00,1.234124394398970370e+00,1.050775609768468399e+00,9.081815100547860897e-01,7.091077211452654350e-01,5.696880760226452622e-01,4.144152402694980530e-01
1.450251110404651600e+00,1.333264086783671143e+00,1.235633315273992228e+00,1.051918329872444824e+00,9.089942415706091516e-01,7.094047332029512765e-01,5.696444338501202020e-01,4.141068393529691583e-01
1.451760476032966318e+00,1.334774263956512552e+00,1.237146894748289760e+00,1.053065117312674159e+00,9.098102408442884093e-01,7.097034251341829414e-01,5.696014835036599111e-01,4.137987587870902151e-01
1.453271735548105736e+00,1.336287694801813641e+00,1.238665151606102244e+00,1.054215986991868803e+00,9.106295191762310282e-01,7.100038025200428038e-01,5.695592266061321185e-01,4.134909982196970368e-01
1.454784891831635063e+00,1.337804390429559120e+00,1.240188104675585379e+00,1.055370953807733825e+00,9.114520878492544664e-01,7.103058709451754993e-01,5.695176647870925368e-01,4.131835572991788830e-01
1.456299947771349412e+00,1.339324362001698576e+00,1.241715772828145825e+00,1.056530032651759488e+00,9.122779581274399474e-01,7.106096359974384269e-01,5.694767996827745371e-01,4.128764356744797914e-01
1.457816906261293788e+00,1.340847620732392276e+00,1.243248174977762188e+00,1.057693238407997560e+00,9.131071412549705002e-01,7.109151032675484760e-01,5.694366329360781576e-01,4.125696329950991892e-01
1.459335770201782179e+00,1.342374177888257858e+00,1.244785330080291574e+00,1.058860585951820754e+00,9.139396484549572319e-01,7.112222783487230915e-01,5.693971661965598896e-01,4.122631489110936687e-01
1.460856542499416877e+00,1.343904044788619689e+00,1.246327257132760380e+00,1.060032090148670392e+00,9.147754909282485025e-01,7.115311668363147879e-01,5.693584011204201323e-01,4.119569830730779869e-01
1.462379226067108684e+00,1.345437232805758221e+00,1.247873975172638872e+00,1.061207765852786533e+00,9.156146798522252217e-01,7.118417743274413345e-01,5.693203393704916460e-01,4.116511351322262313e-01
1.463903823824096673e+00,1.346973753365160231e+00,1.249425503277102445e+00,1.062387627905922338e+00,9.164572263795860430e-01,7.121541064206096117e-01,5.692829826162270068e-01,4.113456047402736515e-01
1.465430338695967505e+00,1.348513617945769960e+00,1.250981860562276227e+00,1.063571691136046216e+00,9.173031416371150160e-01,7.124681687153353593e-01,5.692463325336848401e-01,4.110403915495176030e-01
1.466958773614674749e+00,1.350056838080241350e+00,1.252543066182463916e+00,1.064759970356025542e+00,9.181524367244378038e-01,7.127839668117567085e-01,5.692103908055172745e-01,4.107354952128195458e-01
1.468489131518558199e+00,1.351603425355193844e+00,1.254109139329361744e+00,1.065952480362298838e+00,9.190051227127635780e-01,7.131015063102406071e-01,5.691751591209549543e-01,4.104309153836062651e-01
1.470021415352365635e+00,1.353153391411466178e+00,1.255680099231254454e+00,1.067149235933533058e+00,9.198612106436131475e-01,7.134207928109866925e-01,5.691406391757922734e-01,4.101266517158715930e-01
1.471555628067272803e+00,1.354706747944370848e+00,1.257255965152197064e+00,1.068350251829264685e+00,9.207207115275347631e-01,7.137418319136237255e-01,5.691068326723722759e-01,4.098227038641780173e-01
1.473091772620901629e+00,1.356263506703953459e+00,1.258836756391177758e+00,1.069555542788531488e+00,9.215836363428048239e-01,7.140646292168003617e-01,5.690737413195703365e-01,4.095190714836580703e-01
1.474629851977341977e+00,1.357823679495249847e+00,1.260422492281267015e+00,1.070765123528485852e+00,9.224499960341198124e-01,7.143891903177707059e-01,5.690413668327781727e-01,4.092157542300167705e-01
1.476169869107172072e+00,1.359387278178544545e+00,1.262013192188749411e+00,1.071979008742997008e+00,9.233198015112736856e-01,7.147155208119737591e-01,5.690097109338865256e-01,4.089127517595335659e-01
1.477711826987477828e+00,1.360954314669632792e+00,1.263608875512235663e+00,1.073197213101240166e+00,9.241930636478218331e-01,7.150436262926093134e-01,5.689787753512665081e-01,4.086100637290636661e-01
1.479255728601873043e+00,1.362524800940081215e+00,1.265209561681760686e+00,1.074419751246272980e+00,9.250697932797344869e-01,7.153735123502055204e-01,5.689485618197521744e-01,4.083076897960403184e-01
1.480801576940520059e+00,1.364098749017489842e+00,1.266815270157863216e+00,1.075646637793602034e+00,9.259500012040371431e-01,7.157051845721806860e-01,5.689190720806209800e-01,4.080056296184773612e-01
1.482349375000151070e+00,1.365676170985756332e+00,1.268426020430647894e+00,1.076877887329732664e+00,9.268336981774416561e-01,7.160386485424021785e-01,5.688903078815733538e-01,4.077038828549707783e-01
1.483899125784088113e+00,1.367257078985341545e+00,1.270041832018829808e+00,1.078113514410713014e+00,9.277208949149643447e-01,7.163739098407381212e-01,5.688622709767128249e-01,4.074024491647012525e-01
1.485450832302263713e+00,1.368841485213534437e+00,1.271662724468761718e+00,1.079353533560663880e+00,9.286116020885345490e-01,7.167109740426020892e-01,5.688349631265238182e-01,4.071013282074365525e-01
1.487004497571242423e+00,1.370429401924719626e+00,1.273288717353443067e+00,1.080597959270299446e+00,9.295058303255921972e-01,7.170498467184930336e-01,5.688083860978494499e-01,4.068005196435338644e-01
1.488560124614241698e+00,1.372020841430647398e+00,1.274919830271510568e+00,1.081846805995438254e+00,9.304035902076761566e-01,7.173905334335307638e-01,5.687825416638695453e-01,4.065000231339426229e-01
1.490117716461150099e+00,1.373615816100699272e+00,1.276556082846210805e+00,1.083100088155504181e+00,9.313048922690032594e-01,7.177330397469847689e-01,5.687574316040763245e-01,4.061998383402068424e-01
1.491677276148551279e+00,1.375214338362161337e+00,1.278197494724354177e+00,1.084357820132020311e+00,9.322097469950367810e-01,7.180773712117964891e-01,5.687330577042493118e-01,4.058999649244676711e-01
1.493238806719745293e+00,1.376816420700496257e+00,1.279844085575250201e+00,1.085620016267094812e+00,9.331181648210494783e-01,7.184235333740967011e-01,5.687094217564302445e-01,4.056004025494668319e-01
1.494802311224766589e+00,1.378422075659615498e+00,1.281495875089625036e+00,1.086886690861899929e+00,9.340301561306760814e-01,7.187715317727176867e-01,5.686865255588960943e-01,4.053011508785494543e-01
1.496367792720407541e+00,1.380031315842153328e+00,1.283152882978518816e+00,1.088157858175142767e+00,9.349457312544594556e-01,7.191213719386998493e-01,5.686643709161322002e-01,4.050022095756665719e-01
1.497935254270239991e+00,1.381644153909740602e+00,1.284815128972164322e+00,1.089433532421532957e+00,9.358649004683915473e-01,7.194730593947918917e-01,5.686429596388041796e-01,4.047035783053788416e-01
1.499504698944635450e+00,1.383260602583283871e+00,1.286482632818847227e+00,1.090713727770245223e+00,9.367876739924460017e-01,7.198265996549453316e-01,5.686222935437276194e-01,4.044052567328596526e-01
1.501076129820786642e+00,1.384880674643241827e+00,1.288155414283746802e+00,1.091998458343378386e+00,9.377140619891067841e-01,7.201819982238039097e-01,5.686023744538380997e-01,4.041072445238987898e-01
1.502649549982730148e+00,1.386504382929903301e+00,1.289833493147756194e+00,1.093287738214410165e+00,9.386440745618928050e-01,7.205392605961880026e-01,5.685832041981601082e-01,4.038095413449058757e-01
1.504224962521367059e+00,1.388131740343668818e+00,1.291516889206283603e+00,1.094581581406652182e+00,9.395777217538776593e-01,7.208983922565732616e-01,5.685647846117737325e-01,4.035121468629135899e-01
1.505802370534484291e+00,1.389762759845330820e+00,1.293205622268035038e+00,1.095880001891704314e+00,9.405150135462070349e-01,7.212593986785632572e-01,5.685471175357815765e-01,4.032150607455820546e-01
1.507381777126777012e+00,1.391397454456355431e+00,1.294899712153774418e+00,1.097183013587908373e+00,9.414559598566156762e-01,7.216222853243576818e-01,5.685302048172735656e-01,4.029182826612026647e-01
1.508963185409870844e+00,1.393035837259168019e+00,1.296599178695066135e+00,1.098490630358805120e+00,9.424005705379410180e-01,7.219870576442143362e-01,5.685140483092905317e-01,4.026218122787021958e-01
1.510546598502342963e+00,1.394677921397435627e+00,1.298304041732997849e+00,1.099802866011594160e+00,9.433488553766364859e-01,7.223537210759056748e-01,5.684986498707877978e-01,4.023256492676471341e-01
1.512132019529744298e+00,1.396323720076354524e+00,1.300014321116881089e+00,1.101119734295597619e+00,9.443008240912890150e-01,7.227222810441721323e-01,5.684840113665952099e-01,4.020297932982478950e-01
1.513719451624621737e+00,1.397973246562937089e+00,1.301730036702932081e+00,1.102441248900730697e+00,9.452564863311362364e-01,7.230927429601687884e-01,5.684701346673778355e-01,4.017342440413636528e-01
1.515308897926539888e+00,1.399626514186299353e+00,1.303451208352933488e+00,1.103767423455979113e+00,9.462158516745879933e-01,7.234651122209067031e-01,5.684570216495946626e-01,4.014390011685070592e-01
1.516900361582103063e+00,1.401283536337951885e+00,1.305177855932875941e+00,1.105098271527886755e+00,9.471789296277521863e-01,7.238393942086904786e-01,5.684446741954550797e-01,4.011440643518492943e-01
1.518493845744979032e+00,1.402944326472090220e+00,1.306909999311575366e+00,1.106433806619051996e+00,9.481457296229661713e-01,7.242155942905510457e-01,5.684330941928750214e-01,4.008494332642251745e-01
1.520089353575920565e+00,1.404608898105887071e+00,1.308647658359273436e+00,1.107774042166638662e+00,9.491162610173362602e-01,7.245937178176731219e-01,5.684222835354305614e-01,4.005551075791384252e-01
1.521686888242786750e+00,1.406277264819785211e+00,1.310390852946217821e+00,1.109118991540903432e+00,9.500905330912842173e-01,7.249737701248171184e-01,5.684122441223105060e-01,4.002610869707673436e-01
1.523286452920566969e+00,1.407949440257793006e+00,1.312139602941218008e+00,1.110468668043735008e+00,9.510685550471074112e-01,7.253557565297393817e-01,5.684029778582672110e-01,3.999673711139705157e-01
1.524888050791403549e+00,1.409625438127779518e+00,1.313893928210183581e+00,1.111823084907214376e+00,9.520503360075487365e-01,7.257396823326061064e-01,5.683944866535655116e-01,3.996739596842927011e-01
1.526491685044614410e+00,1.411305272201771377e+00,1.315653848614640298e+00,1.113182255292196166e+00,9.530358850143780813e-01,7.261255528154026972e-01,5.683867724239297647e-01,3.993808523579710501e-01
1.528097358876713718e+00,1.412988956316252320e+00,1.317419384010224626e+00,1.114546192286913540e+00,9.540252110269936692e-01,7.265133732413416867e-01,5.683798370904894481e-01,3.990880488119419311e-01
1.529705075491437416e+00,1.414676504372461174e+00,1.319190554245159630e+00,1.115914908905606406e+00,9.550183229210390534e-01,7.269031488542644359e-01,5.683736825797225389e-01,3.987955487238474261e-01
1.531314838099766318e+00,1.416367930336693615e+00,1.320967379158708876e+00,1.117288418087181823e+00,9.560152294870349898e-01,7.272948848780390607e-01,5.683683108233966719e-01,3.985033517720421581e-01
1.532926649919946760e+00,1.418063248240605256e+00,1.322749878579608129e+00,1.118666732693900823e+00,9.570159394290406185e-01,7.276885865159570255e-01,5.683637237585087432e-01,3.982114576356006741e-01
1.534540514177515691e+00,1.419762472181514967e+00,1.324538072324478399e+00,1.120049865510100773e+00,9.580204613633326316e-01,7.280842589501250739e-01,5.683599233272216278e-01,3.979198659943248284e-01
1.536156434105322655e+00,1.421465616322708403e+00,1.326331980196217675e+00,1.121437829240957695e+00,9.590288038171095319e-01,7.284819073408537182e-01,5.683569114767995645e-01,3.976285765287518870e-01
1.537774412943552882e+00,1.423172694893742651e+00,1.328131621982370003e+00,1.122830636511279456e+00,9.600409752272307529e-01,7.288815368260445071e-01,5.683546901595410983e-01,3.973375889201621880e-01
1.539394453939753493e+00,1.424883722190757318e+00,1.329937017453475478e+00,1.124228299864351133e+00,9.610569839389782043e-01,7.292831525205731857e-01,5.683532613327081373e-01,3.970469028505877462e-01
1.541016560348853703e+00,1.426598712576781391e+00,1.331748186361400021e+00,1.125630831760823902e+00,9.620768382048562328e-01,7.296867595156713016e-01,5.683526269584542323e-01,3.967565180028212457e-01
1.542640735433189025e+00,1.428317680482042551e+00,1.333565148437644288e+00,1.127038244577651227e+00,9.631005461834271086e-01,7.300923628783059227e-01,5.683527890037497476e-01,3.964664340604251436e-01
1.544266982462526139e+00,1.430040640404279140e+00,1.335387923391631704e+00,1.128450550607082103e+00,9.641281159381844823e-01,7.304999676505571360e-01,5.683537494403038126e-01,3.961766507077408850e-01
1.545895304714085539e+00,1.431767606909051693e+00,1.337216530908976742e+00,1.129867762055710267e+00,9.651595554364702512e-01,7.309095788489943235e-01,5.683555102444844964e-01,3.958871676298985065e-01
1.547525705472565516e+00,1.433498594630057577e+00,1.339050990649732542e+00,1.131289891043585349e+00,9.661948725484356126e-01,7.313212014640517733e-01,5.683580733972354304e-01,3.955979845128275163e-01
1.549158188030165695e+00,1.435233618269447176e+00,1.340891322246618556e+00,1.132716949603391754e+00,9.672340750460513004e-01,7.317348404594029576e-01,5.683614408839885446e-01,3.953091010432669972e-01
1.550792755686612123e+00,1.436972692598139645e+00,1.342737545303227975e+00,1.134148949679697482e+00,9.682771706021708891e-01,7.321505007713347002e-01,5.683656146945750276e-01,3.950205169087767088e-01
1.552429411749180144e+00,1.438715832456139765e+00,1.344589679392218073e+00,1.135585903128276231e+00,9.693241667896498326e-01,7.325681873081216766e-01,5.683705968231325123e-01,3.947322317977487449e-01
1.554068159532718818e+00,1.440463052752857909e+00,1.346447744053479223e+00,1.137027821715514531e+00,9.703750710805215673e-01,7.329879049494002485e-01,5.683763892680090413e-01,3.944442453994192466e-01
1.555709002359675797e+00,1.442214368467430008e+00,1.348311758792283710e+00,1.138474717117902157e+00,9.714298908452407844e-01,7.334096585455442963e-01,5.683829940316633689e-01,3.941565574038810027e-01
1.557351943560120855e+00,1.443969794649040628e+00,1.350181743077418561e+00,1.139926600921612021e+00,9.724886333519942028e-01,7.338334529170414955e-01,5.683904131205608223e-01,3.938691675020962735e-01
1.558996986471770096e+00,1.445729346417245820e+00,1.352057716339297500e+00,1.141383484622178424e+00,9.735513057660838410e-01,7.342592928538713704e-01,5.683986485450667203e-01,3.935820753859102239e-01
1.560644134440011710e+00,1.447493038962297307e+00,1.353939697968056466e+00,1.142845379624279900e+00,9.746179151493855608e-01,7.346871831148867882e-01,5.684077023193351286e-01,3.932952807480647461e-01
1.562293390817929062e+00,1.449260887545468002e+00,1.355827707311630492e+00,1.144312297241631304e+00,9.756884684598904345e-01,7.351171284271964534e-01,5.684175764611931747e-01,3.930087832822128369e-01
1.563944758966326232e+00,1.451032907499379965e+00,1.357721763673812365e+00,1.145784248696987806e+00,9.767629725513351513e-01,7.355491334855512875e-01,5.684282729920215882e-01,3.927225826829339739e-01
1.565598242253752881e+00,1.452809114228334142e+00,1.359621886312297079e+00,1.147261245122276119e+00,9.778414341729222414e-01,7.359832029517355823e-01,5.684397939366309105e-01,3.924366786457498257e-01
1.567253844056527345e+00,1.454589523208638324e+00,1.361528094436708303e+00,1.148743297558851628e+00,9.789238599691411080e-01,7.364193414539618177e-01,5.684521413231320430e-01,3.921510708671403500e-01
1.568911567758763947e+00,1.456374149988938660e+00,1.363440407206605753e+00,1.150230416957895407e+00,9.800102564796893123e-01,7.368575535862701420e-01,5.684653171828032425e-01,3.918657590445607242e-01
1.570571416752396976e+00,1.458163010190554498e+00,1.365358843729481908e+00,1.151722614180956894e+00,9.811006301395058804e-01,7.372978439079349577e-01,5.684793235499515651e-01,3.915807428764592757e-01
1.572233394437204890e+00,1.459956119507811900e+00,1.367283423058742731e+00,1.153219900000648668e+00,9.821949872789199620e-01,7.377402169428763923e-01,5.684941624617683154e-01,3.912960220622957452e-01
1.573897504220837185e+00,1.461753493708378260e+00,1.369214164191673300e+00,1.154722285101503321e+00,9.832933341239227243e-01,7.381846771790796513e-01,5.685098359581806093e-01,3.910115963025602159e-01
1.575563749518839929e+00,1.463555148633600700e+00,1.371151086067389446e+00,1.156229780081000857e+00,9.843956767965699184e-01,7.386312290680228099e-01,5.685263460816959435e-01,3.907274652987929864e-01
1.577232133754678189e+00,1.465361100198843136e+00,1.373094207564775182e+00,1.157742395450777728e+00,9.855020213155205600e-01,7.390798770241130411e-01,5.685436948772414345e-01,3.904436287536054428e-01
1.578902660359764010e+00,1.467171364393827115e+00,1.375043547500412799e+00,1.159260141638025488e+00,9.866123735967192721e-01,7.395306254241321708e-01,5.685618843919972853e-01,3.901600863707017086e-01
1.580575332773481945e+00,1.468985957282973542e+00,1.376999124626496984e+00,1.160783028987090182e+00,9.877267394542321721e-01,7.399834786066926684e-01,5.685809166752234800e-01,3.898768378549009594e-01
1.582250154443213042e+00,1.470804895005743962e+00,1.378960957628740047e+00,1.162311067761282235e+00,9.888451246012445184e-01,7.404384408717059607e-01,5.686007937780793720e-01,3.895938829121603497e-01
1.583927128824362374e+00,1.472628193776985617e+00,1.380929065124268273e+00,1.163844268144910377e+00,9.899675346512252228e-01,7.408955164798615156e-01,5.686215177534365006e-01,3.893112212495994373e-01
1.585606259380383465e+00,1.474455869887277171e+00,1.382903465659507392e+00,1.165382640245546497e+00,9.910939751192732183e-01,7.413547096521214685e-01,5.686430906556855236e-01,3.890288525755258853e-01
1.587287549582805379e+00,1.476287939703275098e+00,1.384884177708062714e+00,1.166926194096539859e+00,9.922244514236483459e-01,7.418160245692279053e-01,5.686655145405348222e-01,3.887467765994613855e-01
1.588971002911258701e+00,1.478124419668063183e+00,1.386871219668592836e+00,1.168474939659789769e+00,9.933589688875020807e-01,7.422794653712254664e-01,5.686887914648006692e-01,3.884649930321691369e-01
1.590656622853500402e+00,1.479965326301502015e+00,1.388864609862674460e+00,1.170028886828787140e+00,9.944975327408178689e-01,7.427450361570037130e-01,5.687129234861892924e-01,3.881835015856819338e-01
1.592344412905440487e+00,1.481810676200578936e+00,1.390864366532666319e+00,1.171588045431947833e+00,9.956401481225646277e-01,7.432127409838533705e-01,5.687379126630721649e-01,3.879023019733322530e-01
1.594034376571168865e+00,1.483660486039762860e+00,1.392870507839569783e+00,1.173152425236244856e+00,9.967868200830856118e-01,7.436825838670435562e-01,5.687637610542510824e-01,3.876213939097833405e-01
1.595726517362981545e+00,1.485514772571358888e+00,1.394883051860885903e+00,1.174722035951152765e+00,9.979375535867287539e-01,7.441545687794220987e-01,5.687904707187142472e-01,3.873407771110606301e-01
1.597420838801406839e+00,1.487373552625862017e+00,1.396902016588473794e+00,1.176296887232928245e+00,9.990923535147261392e-01,7.446286996510330658e-01,5.688180437153836921e-01,3.870604512945856612e-01
1.599117344415232678e+00,1.489236843112315301e+00,1.398927419926408788e+00,1.177876988689238180e+00,1.000251224668345706e+00,7.451049803687609385e-01,5.688464821028511587e-01,3.867804161792109396e-01
1.600816037741532583e+00,1.491104661018669786e+00,1.400959279688845927e+00,1.179462349884151218e+00,1.001414171772321282e+00,7.455834147759994313e-01,5.688757879391054262e-01,3.865006714852560199e-01
1.602516922325692317e+00,1.492977023412144444e+00,1.402997613597885218e+00,1.181052980343515246e+00,1.002581199478573604e+00,7.460640066723456254e-01,5.689059632812484280e-01,3.862212169345453638e-01
1.604220001721436750e+00,1.494853947439586106e+00,1.405042439281444233e+00,1.182648889560735661e+00,1.003752312370242095e+00,7.465467598133229687e-01,5.689370101851993766e-01,3.859420522504474760e-01
1.605925279490857394e+00,1.496735450327833838e+00,1.407093774271137798e+00,1.184250087002974849e+00,1.004927514966041047e+00,7.470316779101349169e-01,5.689689307053874545e-01,3.856631771579158707e-01
1.607632759204438821e+00,1.498621549384085760e+00,1.409151636000167684e+00,1.185856582117797098e+00,1.006106811724953198e+00,7.475187646294485511e-01,5.690017268944337347e-01,3.853845913835321491e-01
1.609342444441085984e+00,1.500512261996262531e+00,1.411216041801227394e+00,1.187468384340276240e+00,1.007290207051277697e+00,7.480080235932131671e-01,5.690354008028193356e-01,3.851062946555500743e-01
1.611054338788153073e+00,1.502407605633375498e+00,1.413287008904416497e+00,1.189085503100585584e+00,1.008477705300056426e+00,7.484994583785151701e-01,5.690699544785401409e-01,3.848282867039415356e-01
1.612768445841468168e+00,1.504307597845897515e+00,1.415364554435172950e+00,1.190707947832101210e+00,1.009669310782884022e+00,7.489930725174682724e-01,5.691053899667489757e-01,3.845505672604449532e-01
1.614484769205360770e+00,1.506212256266132643e+00,1.417448695412224735e+00,1.192335727980036175e+00,1.010865027774130898e+00,7.494888694971458820e-01,5.691417093093826818e-01,3.842731360586156830e-01
1.616203312492691557e+00,1.508121598608588299e+00,1.419539448745560373e+00,1.193968853010633380e+00,1.012064860517596809e+00,7.499868527595544565e-01,5.691789145447746501e-01,3.839959928338779749e-01
1.617924079324880138e+00,1.510035642670350731e+00,1.421636831234427412e+00,1.195607332420949076e+00,1.013268813233607180e+00,7.504870257016513779e-01,5.692170077072516987e-01,3.837191373235789849e-01
1.619647073331930365e+00,1.511954406331460277e+00,1.423740859565353789e+00,1.197251175749240337e+00,1.014476890126586150e+00,7.509893916754095677e-01,5.692559908267154078e-01,3.834425692670460073e-01
1.621372298152459202e+00,1.513877907555287283e+00,1.425851550310197613e+00,1.198900392585995567e+00,1.015689095393120356e+00,7.514939539879325059e-01,5.692958659282069123e-01,3.831662884056452612e-01
1.623099757433725587e+00,1.515806164388910027e+00,1.427968919924232027e+00,1.200554992585642244e+00,1.016905433230534506e+00,7.520007159016199871e-01,5.693366350314532642e-01,3.828902944828431743e-01
1.624829454831656861e+00,1.517739194963497296e+00,1.430092984744264051e+00,1.202214985478949894e+00,1.018125907846009426e+00,7.525096806343894995e-01,5.693783001503956998e-01,3.826145872442707763e-01
1.626561394010878736e+00,1.519677017494689863e+00,1.432223760986791605e+00,1.203880381086170237e+00,1.019350523466263869e+00,7.530208513599563336e-01,5.694208632927002522e-01,3.823391664377899235e-01
1.628295578644742170e+00,1.521619650282982183e+00,1.434361264746203624e+00,1.205551189330947182e+00,1.020579284347825411e+00,7.535342312081729776e-01,5.694643264592481602e-01,3.820640318135627989e-01
1.630032012415351339e+00,1.523567111714107414e+00,1.436505511993025452e+00,1.207227420255026162e+00,1.021812194787920847e+00,7.540498232654331279e-01,5.695086916436051805e-01,3.817891831241244649e-01
1.631770699013593839e+00,1.525519420259425107e+00,1.438656518572212217e+00,1.208909084033808368e+00,1.023049259136009637e+00,7.545676305751429780e-01,5.695539608314703628e-01,3.815146201244580260e-01
1.633511642139167996e+00,1.527476594476309124e+00,1.440814300201497922e+00,1.210596190992782928e+00,1.024290481805993025e+00,7.550876561382637853e-01,5.696001360001023972e-01,3.812403425720732875e-01
1.635254845500611509e+00,1.529438653008536875e+00,1.442978872469801388e+00,1.212288751624876815e+00,1.025535867289129710e+00,7.556099029139284884e-01,5.696472191177223143e-01,3.809663502270880242e-01
1.637000312815330538e+00,1.531405614586681008e+00,1.445150250835692152e+00,1.213986776608765084e+00,1.026785420167689589e+00,7.561343738201360409e-01,5.696952121428927596e-01,3.806926428523133565e-01
1.638748047809627906e+00,1.533377498028501540e+00,1.447328450625923635e+00,1.215690276828185867e+00,1.028039145129378440e+00,7.566610717345275683e-01,5.697441170238721764e-01,3.804192202133426237e-01
1.640498054218733515e+00,1.535354322239342650e+00,1.449513487034040260e+00,1.217399263392304531e+00,1.029297046982566632e+00,7.571899994952487889e-01,5.697939356979422332e-01,3.801460820786432548e-01
1.642250335786832549e+00,1.537336106212527032e+00,1.451705375119057395e+00,1.219113747657173841e+00,1.030559130672360935e+00,7.577211599019034738e-01,5.698446700907090490e-01,3.798732282196533583e-01
1.644004896267093230e+00,1.539322869029752239e+00,1.453904129804220791e+00,1.220833741248337878e+00,1.031825401297560063e+00,7.582545557166013861e-01,5.698963221153762193e-01,3.796006584108821413e-01
1.645761739421698788e+00,1.541314629861493479e+00,1.456109765875857054e+00,1.222559256084634782e+00,1.033095864128522390e+00,7.587901896651038092e-01,5.699488936719868670e-01,3.793283724300137161e-01
1.647520869021875001e+00,1.543311407967403959e+00,1.458322297982315385e+00,1.224290304403249374e+00,1.034370524625995991e+00,7.593280644380746569e-01,5.700023866466361611e-01,3.790563700580162898e-01
1.649282288847919498e+00,1.545313222696716116e+00,1.460541740633004570e+00,1.226026898786069408e+00,1.035649388460954778e+00,7.598681826924404970e-01,5.700568029106521939e-01,3.787846510792552412e-01
1.651046002689232406e+00,1.547320093488646409e+00,1.462768108197536776e+00,1.227769052187404730e+00,1.036932461535478911e+00,7.604105470528650379e-01,5.701121443197426641e-01,3.785132152816107487e-01
1.652812014344345437e+00,1.549332039872801881e+00,1.465001414904981258e+00,1.229516777963131080e+00,1.038219750004726105e+00,7.609551601133430765e-01,5.701684127131079194e-01,3.782420624566014689e-01
1.654580327620952529e+00,1.551349081469588054e+00,1.467241674843235977e+00,1.231270089901322029e+00,1.039511260300045148e+00,7.615020244389179016e-01,5.702256099125175837e-01,3.779711923995123235e-01
1.656350946335938934e+00,1.553371237990617715e+00,1.469488901958526217e+00,1.233029002254429463e+00,1.040806999153284673e+00,7.620511425675325912e-01,5.702837377213487713e-01,3.777006049095272822e-01
1.658123874315409862e+00,1.555398529239123251e+00,1.471743110055029113e+00,1.234793529773084320e+00,1.042106973622340949e+00,7.626025170120179775e-01,5.703427979235863310e-01,3.774302997898688061e-01
1.659899115394721791e+00,1.557430975110368765e+00,1.474004312794641836e+00,1.236563687741587092e+00,1.043411191118006398e+00,7.631561502622236093e-01,5.704027922827824559e-01,3.771602768479426215e-01
1.661676673418514660e+00,1.559468595592063300e+00,1.476272523696898542e+00,1.238339492015166687e+00,1.044719659432169490e+00,7.637120447872981499e-01,5.704637225409732171e-01,3.768905358954880436e-01
1.663456552240740738e+00,1.561511410764779395e+00,1.478547756139040548e+00,1.240120959059078709e+00,1.046032386767429045e+00,7.642702030381280931e-01,5.705255904175511317e-01,3.766210767487349065e-01
1.665238755724693709e+00,1.563559440802369860e+00,1.480830023356251912e+00,1.241908105989620648e+00,1.047349381768188037e+00,7.648306274499419022e-01,5.705883976080928788e-01,3.763518992285674880e-01
1.667023287743039317e+00,1.565612705972386998e+00,1.483119338442069557e+00,1.243700950617159684e+00,1.048670653553277266e+00,7.653933204450839023e-01,5.706521457831378319e-01,3.760830031606949286e-01
1.668810152177848227e+00,1.567671226636504045e+00,1.485415714348977012e+00,1.245499511491248157e+00,1.049996211750189534e+00,7.659582844359685838e-01,5.707168365869171867e-01,3.758143883758279791e-01
1.670599352920626002e+00,1.569735023250938388e+00,1.487719163889190011e+00,1.247303807947921728e+00,1.051326066530987369e+00,7.665255218282231997e-01,5.707824716360319073e-01,3.755460547098642965e-01
1.672390893872341744e+00,1.571804116366878112e+00,1.490029699735645474e+00,1.249113860159272615e+00,1.052660228649956231e+00,7.670950350240265392e-01,5.708490525180762720e-01,3.752780020040812348e-01
1.674184778943461405e+00,1.573878526630905217e+00,1.492347334423205885e+00,1.250929689185398486e+00,1.053998709483078278e+00,7.676668264256516494e-01,5.709165807902055745e-01,3.750102301053355736e-01
1.675981012053978647e+00,1.575958274785425051e+00,1.494672080350089693e+00,1.252751317028830025e+00,1.055341521069405042e+00,7.682408984392232743e-01,5.709850579776452051e-01,3.747427388662726289e-01
1.677779597133445488e+00,1.578043381669097966e+00,1.497003949779537990e+00,1.254578766691535119e+00,1.056688676154414308e+00,7.688172534787000023e-01,5.710544855721384483e-01,3.744755281455440787e-01
1.679580538121004496e+00,1.580133868217271420e+00,1.499342954841731634e+00,1.256412062234621763e+00,1.058040188235424450e+00,7.693958939700885624e-01,5.711248650303315522e-01,3.742085978080339492e-01
1.681383838965419208e+00,1.582229755462410736e+00,1.501689107535969292e+00,1.258251228840846281e+00,1.059396071609168155e+00,7.699768223559021463e-01,5.711961977720937389e-01,3.739419477250950363e-01
1.683189503625104555e+00,1.584331064534534983e+00,1.504042419733122582e+00,1.260096292880050317e+00,1.060756341421607241e+00,7.705600410998734162e-01,5.712684851787668272e-01,3.736755777747944318e-01
1.684997536068160606e+00,1.586437816661656619e+00,1.506402903178379438e+00,1.261947281977652269e+00,1.062121013720084495e+00,7.711455526919339665e-01,5.713417285913441335e-01,3.734094878421693742e-01
1.686807940272403883e+00,1.588550033170217368e+00,1.508770569494291891e+00,1.263804225086314847e+00,1.063490105507922889e+00,7.717333596534715623e-01,5.714159293085760982e-01,3.731436778194941462e-01
1.688620720225398664e+00,1.590667735485531420e+00,1.511145430184143601e+00,1.265667152560939313e+00,1.064863634801555214e+00,7.723234645428742606e-01,5.714910885849968647e-01,3.728781476065572420e-01
1.690435879924489626e+00,1.592790945132225966e+00,1.513527496635650449e+00,1.267536096237111165e+00,1.066241620690308034e+00,7.729158699613781769e-01,5.715672076288714765e-01,3.726128971109510246e-01
1.692253423376832933e+00,1.594919683734686622e+00,1.515916780125013297e+00,1.269411089513148960e+00,1.067624083398948542e+00,7.735105785592318872e-01,5.716442876000594753e-01,3.723479262483722074e-01
1.694073354599429537e+00,1.597053973017503514e+00,1.518313291821338229e+00,1.271292167435915443e+00,1.069011044353103790e+00,7.741075930421870144e-01,5.717223296077902361e-01,3.720832349429354369e-01
1.695895677619157382e+00,1.599193834805918701e+00,1.520717042791442486e+00,1.273179366790540001e+00,1.070402526247677510e+00,7.747069161783317615e-01,5.718013347083483744e-01,3.718188231275006417e-01
1.697720396472802262e+00,1.601339291026276701e+00,1.523128044005065407e+00,1.275072726194221184e+00,1.071798553118390451e+00,7.753085508052834918e-01,5.718813039026647838e-01,3.715546907440124835e-01
1.699547515207091797e+00,1.603490363706474131e+00,1.525546306340501257e+00,1.276972286194276274e+00,1.073199150416578540e+00,7.759124998377537885e-01,5.719622381338085315e-01,3.712908377438543517e-01
1.701377037878729181e+00,1.605647074976416011e+00,1.527971840590675479e+00,1.278878089370627524e+00,1.074604345087372348e+00,7.765187662755007603e-01,5.720441382843775013e-01,3.710272640882175677e-01
1.703208968554424274e+00,1.607809447068468511e+00,1.530404657469687457e+00,1.280790180442900050e+00,1.076014165651413279e+00,7.771273532116879101e-01,5.721270051737820106e-01,3.707639697484852448e-01
1.705043311310925791e+00,1.609977502317917253e+00,1.532844767619838011e+00,1.282708606382322758e+00,1.077428642290249261e+00,7.777382638416655558e-01,5.722108395554175164e-01,3.705009547066320796e-01
1.706880070235056834e+00,1.612151263163427606e+00,1.535292181619165586e+00,1.284633416528647043e+00,1.078847806935554932e+00,7.783515014721908987e-01,5.722956421137229688e-01,3.702382189556408520e-01
1.708719249423745756e+00,1.614330752147501880e+00,1.537746909989514688e+00,1.286564662712278206e+00,1.080271693362347518e+00,7.789670695311090576e-01,5.723814134611180382e-01,3.699757624999362449e-01
1.710560852984059688e+00,1.616515991916944950e+00,1.540208963205161208e+00,1.288502399381840524e+00,1.081700337286357172e+00,7.795849715775113875e-01,5.724681541348161096e-01,3.697135853558359830e-01
1.712404885033240065e+00,1.618707005223329887e+00,1.542678351702018391e+00,1.290446683737406453e+00,1.083133776465723175e+00,7.802052113123925103e-01,5.725558645935078239e-01,3.694516875520207910e-01
1.714251349698733717e+00,1.620903814923460695e+00,1.545155085887454982e+00,1.292397575869620452e+00,1.084572050807200760e+00,7.808277925898264860e-01,5.726445452139090619e-01,3.691900691300243342e-01
1.716100251118227060e+00,1.623106443979842162e+00,1.547639176150749529e+00,1.294355138904965896e+00,1.086015202477055519e+00,7.814527194286827738e-01,5.727341962871682624e-01,3.689287301447424783e-01
1.717951593439680735e+00,1.625314915461152143e+00,1.550130632874205938e+00,1.296319439157425535e+00,1.087463276016846558e+00,7.820799960249081861e-01,5.728248180151275237e-01,3.686676706649641422e-01
1.719805380821363361e+00,1.627529252542711857e+00,1.552629466444968465e+00,1.298290546286803293e+00,1.088916318464297150e+00,7.827096267643931515e-01,5.729164105064317170e-01,3.684068907739234677e-01
1.721661617431883951e+00,1.629749478506961058e+00,1.555135687267562128e+00,1.300268533463976972e+00,1.090374379479464251e+00,7.833416162364514879e-01,5.730089737724799459e-01,3.681463905698752481e-01
1.723520307450225886e+00,1.631975616743932100e+00,1.557649305777191406e+00,1.302253477543378057e+00,1.091837511476416944e+00,7.839759692479364439e-01,5.731025077232106968e-01,3.678861701666935047e-01
1.725381455065783332e+00,1.634207690751729558e+00,1.560170332453833852e+00,1.304245459242989735e+00,1.093305769760656965e+00,7.846126908380182119e-01,5.731970121627169013e-01,3.676262296944944330e-01
1.727245064478394987e+00,1.636445724137010505e+00,1.562698777837158159e+00,1.306244563332166209e+00,1.094779212672520208e+00,7.852517862936549964e-01,5.732924867846832528e-01,3.673665693002864385e-01
1.729111139898378280e+00,1.638689740615465018e+00,1.565234652542308869e+00,1.308250878827610597e+00,1.096257901736789941e+00,7.858932611657809542e-01,5.733889311676363398e-01,3.671071891486449301e-01
1.730979685546563340e+00,1.640939764012300683e+00,1.567777967276593243e+00,1.310264499197832722e+00,1.097741901818788390e+00,7.865371212862436456e-01,5.734863447700033756e-01,3.668480894224155353e-01
1.732850705654326529e+00,1.643195818262727537e+00,1.570328732857109832e+00,1.312285522576443375e+00,1.099231281287205153e+00,7.871833727855191976e-01,5.735847269249699787e-01,3.665892703234469585e-01
1.734724204463628405e+00,1.645457927412447674e+00,1.572886960229361808e+00,1.314314051984641241e+00,1.100726112183938676e+00,7.878320221112402599e-01,5.736840768351286757e-01,3.663307320733521499e-01
1.736600186227046816e+00,1.647726115618142861e+00,1.575452660486892809e+00,1.316350195563265046e+00,1.102226470401235892e+00,7.884830760475691758e-01,5.737843935669110218e-01,3.660724749143020040e-01
1.738478655207811974e+00,1.650000407147966808e+00,1.578025844891997265e+00,1.318394066814817078e+00,1.103732435866425776e+00,7.891365417354480050e-01,5.738856760447940131e-01,3.658144991098511989e-01
1.740359615679841987e+00,1.652280826382039214e+00,1.580606524897545384e+00,1.320445784855849292e+00,1.105244092734557926e+00,7.897924266937650373e-01,5.739879230452717973e-01,3.655568049457976199e-01
1.742243071927777498e+00,1.654567397812940932e+00,1.583194712169972984e+00,1.322505474680137461e+00,1.106761529589264326e+00,7.904507388414727664e-01,5.740911331905822479e-01,3.652993927310768663e-01
1.744129028247018542e+00,1.656860146046212900e+00,1.585790418613487462e+00,1.324573267433094337e+00,1.108284839652173170e+00,7.911114865206954061e-01,5.741953049421798516e-01,3.650422627986931734e-01
1.746017488943758300e+00,1.659159095800854189e+00,1.588393656395539866e+00,1.326649300697862577e+00,1.109814121001232445e+00,7.917746785208691351e-01,5.743004365939450295e-01,3.647854155066889148e-01
1.747908458335019954e+00,1.661464271909823598e+00,1.591004437973618568e+00,1.328733718793570162e+00,1.111349476798293878e+00,7.924403241039552626e-01,5.744065262651186776e-01,3.645288512391529068e-01
1.749801940748692664e+00,1.663775699320544588e+00,1.593622776123420959e+00,1.330826673086243694e+00,1.112891015526330296e+00,7.931084330307672792e-01,5.745135718929502699e-01,3.642725704072700688e-01
1.751697940523567532e+00,1.666093403095410652e+00,1.596248683968461757e+00,1.332928322312888048e+00,1.114438851236683403e+00,7.937790155884599796e-01,5.746215712250494212e-01,3.640165734504142159e-01
1.753596462009372470e+00,1.668417408412292025e+00,1.598882175011177242e+00,1.335038832919269058e+00,1.115993103806737441e+00,7.944520826192271734e-01,5.747305218114290293e-01,3.637608608372847607e-01
1.755497509566808612e+00,1.670747740565046380e+00,1.601523263165590460e+00,1.337158379411952369e+00,1.117553899208439727e+00,7.951276455502549467e-01,5.748404209962254541e-01,3.635054330670897671e-01
1.757401087567588949e+00,1.673084424964031536e+00,1.604171962791602235e+00,1.339287144725170853e+00,1.119121369788111275e+00,7.958057164249823234e-01,5.749512659090859623e-01,3.632502906707772983e-01
1.759307200394472748e+00,1.675427487136617710e+00,1.606828288730977050e+00,1.341425320603123472e+00,1.120695654557991139e+00,7.964863079357212827e-01,5.750630534562088947e-01,3.629954342123170030e-01
1.761215852441301521e+00,1.677776952727703996e+00,1.609492256345093519e+00,1.343573107998328853e+00,1.122276899499987435e+00,7.971694334576902019e-01,5.751757803110219003e-01,3.627408642900328273e-01
1.763127048113037221e+00,1.680132847500237059e+00,1.612163881554534717e+00,1.345730717486675054e+00,1.123865257882129765e+00,7.978551070845180115e-01,5.752894429044856928e-01,3.624865815379902934e-01
1.765040791825797983e+00,1.682495197335730719e+00,1.614843180880596751e+00,1.347898369699843446e+00,1.125460890588224183e+00,7.985433436652773498e-01,5.754040374150060089e-01,3.622325866274406780e-01
1.766957088006895660e+00,1.684864028234787758e+00,1.617530171488789970e+00,1.350076295775797242e+00,1.127063966461243405e+00,7.992341588431086663e-01,5.755195597579400024e-01,3.619788802683225892e-01
1.768875941094873561e+00,1.687239366317624834e+00,1.620224871234420938e+00,1.352264737828069219e+00,1.128674662660994032e+00,7.999275690954962270e-01,5.756360055746813087e-01,3.617254632108247714e-01
1.770797355539543760e+00,1.689621237824599831e+00,1.622927298710341804e+00,1.354463949434594916e+00,1.130293165036641456e+00,8.006235917762637433e-01,5.757533702213060156e-01,3.614723362470123047e-01
1.772721335802023068e+00,1.692009669116739001e+00,1.625637473296949853e+00,1.356674196146877343e+00,1.131919668514674626e+00,8.013222451593589035e-01,5.758716487567621112e-01,3.612195002125185850e-01
1.774647886354769666e+00,1.694404686676267202e+00,1.628355415214537638e+00,1.358895756020298773e+00,1.133554377502927979e+00,8.020235484844948637e-01,5.759908359305848657e-01,3.609669559883051382e-01
1.776577011681624185e+00,1.696806317107142137e+00,1.631081145578088254e+00,1.361128920166424727e+00,1.135197506311299120e+00,8.027275220047229709e-01,5.761109261701193862e-01,3.607147045024928778e-01
1.778508716277845236e+00,1.699214587135589483e+00,1.633814686454612808e+00,1.363373993328174993e+00,1.136849279589829953e+00,8.034341870360169890e-01,5.762319135672306913e-01,3.604627467322671919e-01
1.780443004650148264e+00,1.701629523610639350e+00,1.636556060923141986e+00,1.365631294478778512e+00,1.138509932784835366e+00,8.041435660089424342e-01,5.763537918644806579e-01,3.602110837058596360e-01
1.782379881316741965e+00,1.704051153504663851e+00,1.639305293137472530e+00,1.367901157445462479e+00,1.140179712613791141e+00,8.048556825224959521e-01,5.764765544407521869e-01,3.599597165046098945e-01
1.784319350807367366e+00,1.706479503913920892e+00,1.642062408391783634e+00,1.370183931558851542e+00,1.141858877559736918e+00,8.055705614002025561e-01,5.766001942962972748e-01,3.597086462651103433e-01
1.786261417663336903e+00,1.708914602059096843e+00,1.644827433189243404e+00,1.372479982329110282e+00,1.143547698385956046e+00,8.062882287485563237e-01,5.767247040371866751e-01,3.594578741814368206e-01
1.788206086437571951e+00,1.711356475285852552e+00,1.647600395313723931e+00,1.374789692149889886e+00,1.145246458671734135e+00,8.070087120178969231e-01,5.768500758591385003e-01,3.592074015074695481e-01
1.790153361694641676e+00,1.713805151065371568e+00,1.650381323904752673e+00,1.377113461031179487e+00,1.146955455370033850e+00,8.077320400658190014e-01,5.769763015307002307e-01,3.589572295593069229e-01
1.792103248010801675e+00,1.716260656994908373e+00,1.653170249535830250e+00,1.379451707362212343e+00,1.148674999387949702e+00,8.084582432232141347e-01,5.771033723757584832e-01,3.587073597177760642e-01
1.794055749974033720e+00,1.718723020798343271e+00,1.655967204296251216e+00,1.381804868705617695e+00,1.150405416190836583e+00,8.091873533630465909e-01,5.772312792553513372e-01,3.584577934310445024e-01
1.796010872184082174e+00,1.721192270326734386e+00,1.658772221876570807e+00,1.384173402624055527e+00,1.152147046431051036e+00,8.099194039719718186e-01,5.773600125487561296e-01,3.582085322173362285e-01
1.797968619252495515e+00,1.723668433558876112e+00,1.661585337657864869e+00,1.386557787540624309e+00,1.153900246602264756e+00,8.106544302249063527e-01,5.774895621338219653e-01,3.579595776677566565e-01
1.799928995802666298e+00,1.726151538601859992e+00,1.664406588804933529e+00,1.388958523634370223e+00,1.155665389720363256e+00,8.113924690626659331e-01,5.776199173665192976e-01,3.577109314492309955e-01
1.801892006469868246e+00,1.728641613691631385e+00,1.667236014363607355e+00,1.391376133772284751e+00,1.157442866031976658e+00,8.121335592727929598e-01,5.777510670596762710e-01,3.574625953075594165e-01
1.803857655901295542e+00,1.731138687193555237e+00,1.670073655362322773e+00,1.393811164479235476e+00,1.159233083751713522e+00,8.128777415736944123e-01,5.778829994608677412e-01,3.572145710705947330e-01
1.805825948756104582e+00,1.733642787602982516e+00,1.672919554918139928e+00,1.396264186947327346e+00,1.161036469829231921e+00,8.136250587022202385e-01,5.780157022294263314e-01,3.569668606515472020e-01
1.807796889705453491e+00,1.736153943545816869e+00,1.675773758347373965e+00,1.398735798086240933e+00,1.162853470747320150e+00,8.143755555048176609e-01,5.781491624125396633e-01,3.567194660524209970e-01
1.809770483432540988e+00,1.738672183779085501e+00,1.678636313281026915e+00,1.401226621616159962e+00,1.164684553352193674e+00,8.151292790323970694e-01,5.782833664203983481e-01,3.564723893675878497e-01
1.811746734632646794e+00,1.741197537191511380e+00,1.681507269785217362e+00,1.403737309204971195e+00,1.166530205717268176e+00,8.158862786390551625e-01,5.784183000003587649e-01,3.562256327875031325e-01
1.813725648013172265e+00,1.743730032804088559e+00,1.684386680486800403e+00,1.406268541651471526e+00,1.168390938041717675e+00,8.166466060848055486e-01,5.785539482100804376e-01,3.559791986025696575e-01
1.815707228293680586e+00,1.746269699770658157e+00,1.687274600704385064e+00,1.408821030116387707e+00,1.170267283585178397e+00,8.174103156424696870e-01,5.786902953895994850e-01,3.557330892071555728e-01
1.817691480205936738e+00,1.748816567378488562e+00,1.690171088584967674e+00,1.411395517403082112e+00,1.172159799640004607e+00,8.181774642088907035e-01,5.788273251322958446e-01,3.554873071037721322e-01
1.819678408493949684e+00,1.751370665048856967e+00,1.693076205246397015e+00,1.413992779289896529e+00,1.174069068542536343e+00,8.189481114206380585e-01,5.789650202547121927e-01,3.552418549074170540e-01
1.821668017914011894e+00,1.753932022337633789e+00,1.695990014925911948e+00,1.416613625916155472e+00,1.175995698724901395e+00,8.197223197743709333e-01,5.791033627651781535e-01,3.549967353500909639e-01
1.823660313234739760e+00,1.756500668935868203e+00,1.698912585134982001e+00,1.419258903223920676e+00,1.177940325808930710e+00,8.205001547520461846e-01,5.792423338311958325e-01,3.547519512854924173e-01
1.825655299237116891e+00,1.759076634670376782e+00,1.701843986820705368e+00,1.421929494457685017e+00,1.179903613743817914e+00,8.212816849511548334e-01,5.793819137455374912e-01,3.545075056938996050e-01
1.827652980714533193e+00,1.761659949504334799e+00,1.704784294534022582e+00,1.424626321724263178e+00,1.181886255989223811e+00,8.220669822201793764e-01,5.795220818910039595e-01,3.542634016872454050e-01
1.829653362472826172e+00,1.764250643537869534e+00,1.707733586605011844e+00,1.427350347615230941e+00,1.183888976745584909e+00,8.228561217994737609e-01,5.796628167037932711e-01,3.540196425143929404e-01
1.831656449330324676e+00,1.766848747008655574e+00,1.710691945325549135e+00,1.430102576894349165e+00,1.185912532233462491e+00,8.236491824677735218e-01,5.798040956354266751e-01,3.537762315666208024e-01
1.833662246117889527e+00,1.769454290292513665e+00,1.713659457139615538e+00,1.432884058252503534e+00,1.187957712023825829e+00,8.244462466945514656e-01,5.799458951131746254e-01,3.535331723833242124e-01
1.835670757678954157e+00,1.772067303904011348e+00,1.716636212841560427e+00,1.435695886132790200e+00,1.190025340421240863e+00,8.252474007984450521e-01,5.800881904989250160e-01,3.532904686579417808e-01
1.837681988869567906e+00,1.774687818497063807e+00,1.719622307782622705e+00,1.438539202628475788e+00,1.192116277902011356e+00,8.260527351119862915e-01,5.802309560464338212e-01,3.530481242441165790e-01
1.839695944558438212e+00,1.777315864865540718e+00,1.722617842086043183e+00,1.441415199456660412e+00,1.194231422609390192e+00,8.268623441528711870e-01,5.803741648568951916e-01,3.528061431620999611e-01
1.841712629626971021e+00,1.779951473943873763e+00,1.725622920871098254e+00,1.444325120010579777e+00,1.196371711908073010e+00,8.276763268020275177e-01,5.805177888327670566e-01,3.525645296054079614e-01
1.843732048969316084e+00,1.782594676807666589e+00,1.728637654486400388e+00,1.447270261493608601e+00,1.198538124000246619e+00,8.284947864887313163e-01,5.806617986297839540e-01,3.523232879477395940e-01
1.845754207492407817e+00,1.785245504674307426e+00,1.731662158752835134e+00,1.450251977138121040e+00,1.200731679605574920e+00,8.293178313830447124e-01,5.808061636070878109e-01,3.520824227501682113e-01
1.847779110116006818e+00,1.787903988903582153e+00,1.734696555216501457e+00,1.453271678512493059e+00,1.202953443707581727e+00,8.301455745958565835e-01,5.809508517754042867e-01,3.518419387686151922e-01
1.849806761772744945e+00,1.790570160998294469e+00,1.737740971412051305e+00,1.456330837919669552e+00,1.205204527368976208e+00,8.309781343868077874e-01,5.810958297431894071e-01,3.516018409616173401e-01
1.851837167408168616e+00,1.793244052604883620e+00,1.740795541136828550e+00,1.459430990890826507e+00,1.207486089618580838e+00,8.318156343804083974e-01,5.812410626606676622e-01,3.513621344983998696e-01
1.853870331980780550e+00,1.795925695514045684e+00,1.743860404736226721e+00,1.462573738777804166e+00,1.209799339412604535e+00,8.326582037906526956e-01,5.813865141616815224e-01,3.511228247672659730e-01
1.855906260462082180e+00,1.798615121661362171e+00,1.746935709400702530e+00,1.465760751448124566e+00,1.212145537673118278e+00,8.335059776544577748e-01,5.815321463032687710e-01,3.508839173843155135e-01
1.857944957836619393e+00,1.801312363127923977e+00,1.750021609474893935e+00,1.468993770086550077e+00,1.214525999406690149e+00,8.343590970742590374e-01,5.816779195028789484e-01,3.506454182025053878e-01
1.859986429102025385e+00,1.804017452140960653e+00,1.753118266779313039e+00,1.472274610107291215e+00,1.216942095906249133e+00,8.352177094701066506e-01,5.818237924731398669e-01,3.504073333210644958e-01
1.862030679269063072e+00,1.806730421074473236e+00,1.756225850945097866e+00,1.475605164181120754e+00,1.219395257039366909e+00,8.360819688416266660e-01,5.819697221540793830e-01,3.501696690952777469e-01
1.864077713361671718e+00,1.809451302449870402e+00,1.759344539762329074e+00,1.478987405381814835e+00,1.221886973626262751e+00,8.369520360402176173e-01,5.821156636427052833e-01,3.499324321466524834e-01
1.866127536417009125e+00,1.812180128936604628e+00,1.762474519542432949e+00,1.482423390456516055e+00,1.224418799910954148e+00,8.378280790518685128e-01,5.822615701198431415e-01,3.496956293734820309e-01
1.868180153485494266e+00,1.814916933352810124e+00,1.765615985495213147e+00,1.485915263224774518e+00,1.226992356129115391e+00,8.387102732909994529e-01,5.824073927741260093e-01,3.494592679618219178e-01
1.870235569630855688e+00,1.817661748665946986e+00,1.768769142121074278e+00,1.489465258111199786e+00,1.229609331176339193e+00,8.395988019057445406e-01,5.825530807230281383e-01,3.492233553968941973e-01
1.872293789930173924e+00,1.820414607993444678e+00,1.771934203619023096e+00,1.493075703816863165e+00,1.232271485380611376e+00,8.404938560950988569e-01,5.826985809308286024e-01,3.489878994749368579e-01
1.874354819473925904e+00,1.823175544603349518e+00,1.775111394311048141e+00,1.496749027134758769e+00,1.234980653382985460e+00,8.413956354383839153e-01,5.828438381233896903e-01,3.487529083155149201e-01
1.876418663366030248e+00,1.825944591914975046e+00,1.778300949083511107e+00,1.500487756914835602e+00,1.237738747130574302e+00,8.423043482374937829e-01,5.829887946996277215e-01,3.485183903743104827e-01
1.878485326723891680e+00,1.828721783499553943e+00,1.781503113846198305e+00,1.504294528184338287e+00,1.240547758986116467e+00,8.432202118723973738e-01,5.831333906395496092e-01,3.482843544564104277e-01
1.880554814678447872e+00,1.831507153080893291e+00,1.784718146009708573e+00,1.508172086429384384e+00,1.243409764958560482e+00,8.441434531704000710e-01,5.832775634087259409e-01,3.480508097301111547e-01
1.882627132374213419e+00,1.834300734536031818e+00,1.787946314981881057e+00,1.512123292043937361e+00,1.246326928059262817e+00,8.450743087896771533e-01,5.834212478590631301e-01,3.478177657412596657e-01
1.884702284969324904e+00,1.837102561895900044e+00,1.791187902683985866e+00,1.516151124952574536e+00,1.249301501788558921e+00,8.460130256176154884e-01,5.835643761257368611e-01,3.475852324281513139e-01
1.886780277635587311e+00,1.839912669345982188e+00,1.794443204087434740e+00,1.520258689413674480e+00,1.252335833757651118e+00,8.469598611845160496e-01,5.837068775201388338e-01,3.473532201370051475e-01
1.888861115558520432e+00,1.842731091226981421e+00,1.797712527771792690e+00,1.524449219009902601e+00,1.255432369450945274e+00,8.479150840932345723e-01,5.838486784186855960e-01,3.471217396380393838e-01
1.890944803937404828e+00,1.845557862035489327e+00,1.800996196504904390e+00,1.528726081833127193e+00,1.258593656134148864e+00,8.488789744653539859e-01,5.839897021473338112e-01,3.468908021421699406e-01
1.893031347985326462e+00,1.848393016424655588e+00,1.804294547845970653e+00,1.533092785871166708e+00,1.261822346913644477e+00,8.498518244045063508e-01,5.841298688616386459e-01,3.466604193183552840e-01
1.895120752929223995e+00,1.851236589204860117e+00,1.807607934772452296e+00,1.537552984604047435e+00,1.265121204952859069e+00,8.508339384774857850e-01,5.842690954221869681e-01,3.464306033116120731e-01
1.897213024009935189e+00,1.854088615344390956e+00,1.810936726331705771e+00,1.542110482817728334e+00,1.268493107851556223e+00,8.518256342138129655e-01,5.844072952652281661e-01,3.462013667617268031e-01
1.899308166482243543e+00,1.856949129970120405e+00,1.814281308318284935e+00,1.546769242643554199e+00,1.271941052194198951e+00,8.528272426244409843e-01,5.845443782683255041e-01,3.459727228226910922e-01
1.901406185614925359e+00,1.859818168368187807e+00,1.817642083977885514e+00,1.551533389832002729e+00,1.275468158273762143e+00,8.538391087403133239e-01,5.846802506108360609e-01,3.457446851828863688e-01
1.903507086690795935e+00,1.862695765984683449e+00,1.821019474738940547e+00,1.556407220269608649e+00,1.279077674997602720e+00,8.548615921715134736e-01,5.848148146290249594e-01,3.455172680860473244e-01
1.905610875006756411e+00,1.865581958426332676e+00,1.824413920972911329e+00,1.561395206748276365e+00,1.282772984982246234e+00,8.558950676877721264e-01,5.849479686656128274e-01,3.452904863530338320e-01
1.907717555873843729e+00,1.868476781461188674e+00,1.827825882784358091e+00,1.566502005996534885e+00,1.286557609844195760e+00,8.569399258211217729e-01,5.850796069135444366e-01,3.450643554044404704e-01
1.909827134617275934e+00,1.871380271019322583e+00,1.831255840831916171e+00,1.571732465982652149e+00,1.290435215694129667e+00,8.579965734915235842e-01,5.852096192537634689e-01,3.448388912840767428e-01
1.911939616576497691e+00,1.874292463193516056e+00,1.834704297181341426e+00,1.577091633499878354e+00,1.294409618842140119e+00,8.590654346563170174e-01,5.853378910867659268e-01,3.446141106833504608e-01
1.914055007105232908e+00,1.877213394239961142e+00,1.838171776191837914e+00,1.582584762044476401e+00,1.298484791721922438e+00,8.601469509843747696e-01,5.854643031576984846e-01,3.443900309665879345e-01
1.916173311571529370e+00,1.880143100578960835e+00,1.841658825436916391e+00,1.588217319997596633e+00,1.302664869042130746e+00,8.612415825558775717e-01,5.855887313747595302e-01,3.441666701973262188e-01
1.918294535357806696e+00,1.883081618795628964e+00,1.845166016661084374e+00,1.593994999122447798e+00,1.306954154173427307e+00,8.623498085886553977e-01,5.857110466206516541e-01,3.439440471656152187e-01
1.920418683860907638e+00,1.886028985640599176e+00,1.848693946773714236e+00,1.599923723388654961e+00,1.311357125780036714e+00,8.634721281920774150e-01,5.858311145568242395e-01,3.437221814163661793e-01
1.922545762492142485e+00,1.888985238030731706e+00,1.852243238881487786e+00,1.606009658136122065e+00,1.315878444704967842e+00,8.646090611495080847e-01,5.859487954202359239e-01,3.435010932787859739e-01
1.924675776677338801e+00,1.891950413049822588e+00,1.855814543360861046e+00,1.612259219591176684e+00,1.320522961118390626e+00,8.657611487303852327e-01,5.860639438123572686e-01,3.432808038969395459e-01
1.926808731856893830e+00,1.894924547949320859e+00,1.859408538972053382e+00,1.618679084748253949e+00,1.325295721938990479e+00,8.669289545330075564e-01,5.861764084801208696e-01,3.430613352614810818e-01
1.928944633485820459e+00,1.897907680149042431e+00,1.863025934016113494e+00,1.625276201630841300e+00,1.330201978538511742e+00,8.681130653591654367e-01,5.862860320885210363e-01,3.428427102425986583e-01
1.931083487033795620e+00,1.900899847237890850e+00,1.866667467536675451e+00,1.632057799945934917e+00,1.335247194740049048e+00,8.693140921217891171e-01,5.863926509845479584e-01,3.426249526242179377e-01
1.933225297985209812e+00,1.903901086974579604e+00,1.870333910568077185e+00,1.639031402146777339e+00,1.340437055121037169e+00,8.705326707868251690e-01,5.864960949521329514e-01,3.424080871395116521e-01
1.935370071839218831e+00,1.906911437288357547e+00,1.874026067431568743e+00,1.646204834919175575e+00,1.345777473632306487e+00,8.717694633506016810e-01,5.865961869577710486e-01,3.421921395077637262e-01
1.937517814109792180e+00,1.909930936279736757e+00,1.877744777081413297e+00,1.653586241107279031e+00,1.351274602544956682e+00,8.730251588539829077e-01,5.866927428864701088e-01,3.419771364726389984e-01
1.939668530325760809e+00,1.912959622221220846e+00,1.881490914502735201e+00,1.661184092095267184e+00,1.356934841737257313e+00,8.743004744346655199e-01,5.867855712676686153e-01,3.417631058419112189e-01
1.941822226030871290e+00,1.915997533558041033e+00,1.885265392163047560e+00,1.669007200662006252e+00,1.362764848334219181e+00,8.755961564190152258e-01,5.868744729907464652e-01,3.415500765287037832e-01
1.943978906783833116e+00,1.919044708908893559e+00,1.889069161519453921e+00,1.677064734326363604e+00,1.368771546712924891e+00,8.769129814548898283e-01,5.869592410097416169e-01,3.413380785942989881e-01
1.946138578158367549e+00,1.922101187066676431e+00,1.892903214583599558e+00,1.685366229201496369e+00,1.374962138887222407e+00,8.782517576869532938e-01,5.870396600368711360e-01,3.411271432925748193e-01
1.948301245743261578e+00,1.925167006999232377e+00,1.896768585546517949e+00,1.693921604377134793e+00,1.381344115285837226e+00,8.796133259760304801e-01,5.871155062244405309e-01,3.409173031161303880e-01
1.950466915142418323e+00,1.928242207850095369e+00,1.900666352465597120e+00,1.702741176849549953e+00,1.387925265938486419e+00,8.809985611641154568e-01,5.871865468347104988e-01,3.407085918441622452e-01
1.952635591974906770e+00,1.931326828939237572e+00,1.904597639015971122e+00,1.711835677019613700e+00,1.394713692085132850e+00,8.824083733867020829e-01,5.872525398972722188e-01,3.405010445921570206e-01
1.954807281875011515e+00,1.934420909763820084e+00,1.908563616308723399e+00,1.721216264780132121e+00,1.401717818224025081e+00,8.838437094341609068e-01,5.873132338534686747e-01,3.402946978634675546e-01
1.956981990492285828e+00,1.937524489998947441e+00,1.912565504778382719e+00,1.730894546214380769e+00,1.408946404614748849e+00,8.853055541639534010e-01,5.873683671873822787e-01,3.400895896028433008e-01
1.959159723491604721e+00,1.940637609498423677e+00,1.916604576142274086e+00,1.740882590928576779e+00,1.416408560253131332e+00,8.867949319655352713e-01,5.874176680428907504e-01,3.398857592519872739e-01
1.961340486553211138e+00,1.943760308295512385e+00,1.920682155434385807e+00,1.751192950041857488e+00,1.424113756335420922e+00,8.883129082798681964e-01,5.874608538262742208e-01,3.396832478072142059e-01
1.963524285372772127e+00,1.946892626603700105e+00,1.924799623116500769e+00,1.761838674858187570e+00,1.432071840229796500e+00,8.898605911755267384e-01,5.874976307938402087e-01,3.394820978792886246e-01
1.965711125661431469e+00,1.950034604817461270e+00,1.928958417269450054e+00,1.772833336245509095e+00,1.440293049973930151e+00,8.914391329834598920e-01,5.875276936240128034e-01,3.392823537555232916e-01
1.967901013145858524e+00,1.953186283513025812e+00,1.933160035867449666e+00,1.784191044748373756e+00,1.448788029317983783e+00,8.930497319925370103e-01,5.875507249733108450e-01,3.390840614642214867e-01
1.970093953568302192e+00,1.956347703449152986e+00,1.937406039138578562e+00,1.795926471461241736e+00,1.457567843333142488e+00,8.946936342080844540e-01,5.875663950156210236e-01,3.388872688415509038e-01
1.972289952686644421e+00,1.959518905567905867e+00,1.941698052014572351e+00,1.808054869690621791e+00,1.466643994606503520e+00,8.963721351757015787e-01,5.875743609641495002e-01,3.386920256009377517e-01
1.974489016274451281e+00,1.962699930995426501e+00,1.946037766673223812e+00,1.820592097435257850e+00,1.476028440043870127e+00,8.980865818727193917e-01,5.875742665754131178e-01,3.384983834050749874e-01
1.976691150121025808e+00,1.965890821042717951e+00,1.950426945176799265e+00,1.833554640714623263e+00,1.485733608302812314e+00,8.998383746697548036e-01,5.875657416346083961e-01,3.383063959406412691e-01
1.978896360031461299e+00,1.969091617206429001e+00,1.954867422209995542e+00,1.846959637777072505e+00,1.495772417879146721e+00,9.016289693648973369e-01,5.875484014216730833e-01,3.381161189958302726e-01
1.981104651826695484e+00,1.972302361169640861e+00,1.959361107921098188e+00,1.860824904220147902e+00,1.506158295870806851e+00,9.034598792931545219e-01,5.875218461573303852e-01,3.379276105407947317e-01
1.983316031343564267e+00,1.975523094802655200e+00,1.963909990870126077e+00,1.875168959056711104e+00,1.516905197443958242e+00,9.053326775138806903e-01,5.874856604283776873e-01,3.377409308111114505e-01
1.985530504434853905e+00,1.978753860163787737e+00,1.968516141087888860e+00,1.890011051761787852e+00,1.528027626027096852e+00,9.072489990790016945e-01,5.874394125914591536e-01,3.375561423943798656e-01
1.987748076969354516e+00,1.981994699500164270e+00,1.973181713250023783e+00,1.905371190336274445e+00,1.539540654259797581e+00,9.092105433849531071e-01,5.873826541545322799e-01,3.373733103200691197e-01
1.989968754831913822e+00,1.985245655248520258e+00,1.977908949970219377e+00,1.921270170424962176e+00,1.551459945723737910e+00,9.112190766113543727e-01,5.873149191352090570e-01,3.371925021527327204e-01
1.992192543923493986e+00,1.988506770036002402e+00,1.982700185216987654e+00,1.937729605527691357e+00,1.563801777484598921e+00,9.132764342495428567e-01,5.872357233951233102e-01,3.370137880887141280e-01
1.994419450161225127e+00,1.991778086680973558e+00,1.987557847858504090e+00,1.954771958343840987e+00,1.576583063474489288e+00,9.153845237242047572e-01,5.871445639494469182e-01,3.368372410564730579e-01
1.996649479478457279e+00,1.995059648193821422e+00,1.992484465340198962e+00,1.972420573291820522e+00,1.589821378745602809e+00,9.175453271114530907e-01,5.870409182506457491e-01,3.366629368206647266e-01
1.998882637824816344e+00,1.998351497777769881e+00,1.997482667499942188e+00,1.990699710246716547e+00,1.603534984626891591e+00,9.197609039568230838e-01,5.869242434455297364e-01,3.364909540901085405e-01
