4.246898752507173747e+00,4.247127548297158661e+00,4.246905080783017539e+00,4.246549782147408081e+00,4.246267328524856666e+00,4.245872326720580681e+00,4.245575632777232045e+00,4.245168813186054990e+00,4.244865942581770746e+00,4.244447586653611992e+00,4.244139791693400277e+00,4.243738996662584029e+00,4.243467128697020030e+00,4.243158034664660683e+00,4.242997067728611071e+00,4.242957514778886718e+00
4.250787944037122124e+00,4.250223935771613171e+00,4.249596422548427732e+00,4.248718590122972927e+00,4.248049109336681894e+00,4.247127156790594604e+00,4.246438897986228866e+00,4.245494233786787142e+00,4.244797395766395809e+00,4.243855834116016190e+00,4.243160635424443328e+00,4.242196038305603878e+00,4.241463730436170643e+00,4.240476923967392509e+00,4.239795869416834506e+00,4.239327116963163000e+00
4.254856283220422419e+00,4.253736083995101502e+00,4.252690115644510271e+00,4.251249262311532107e+00,4.250156248029464123e+00,4.248654202344718023e+00,4.247533904375121239e+00,4.245996194056665729e+00,4.244847874117279041e+00,4.243257828424983558e+00,4.242081302270000798e+00,4.240508047939274050e+00,4.239359468987213830e+00,4.237777904947940932e+00,4.236526026705018211e+00,4.235210967077099653e+00
4.258955755582206848e+00,4.257317120747288186e+00,4.255851917241630922e+00,4.253842215696379547e+00,4.252320068091009375e+00,4.250229737130578833e+00,4.248671223119018237e+00,4.246532237079697403e+00,4.244952294906240375e+00,4.242799527997384246e+00,4.241184365277345769e+00,4.238921530941801130e+00,4.237226152919086886e+00,4.234991298539678262e+00,4.233313974252492784e+00,4.231215798987629562e+00
4.263068191076460955e+00,4.260922865775407686e+00,4.259037523117113366e+00,4.256456290242384810e+00,4.254502679641049667e+00,4.251820840918648869e+00,4.249821789873360345e+00,4.247078574206372359e+00,4.245031116716081243e+00,4.242213548862480366e+00,4.240149424194743943e+00,4.237359458862175465e+00,4.235237060124116937e+00,4.232262267740656725e+00,4.230033579634507213e+00,4.227291235666814195e+00
4.267188634551433601e+00,4.264541258359315634e+00,4.262234825818723039e+00,4.259080213920953817e+00,4.256693685151003770e+00,4.253418451609617179e+00,4.250977583596806220e+00,4.247628616187840933e+00,4.245154029562433706e+00,4.241760772389461920e+00,4.239199876040597559e+00,4.235684077008726511e+00,4.233124237303976578e+00,4.229613891808877923e+00,4.226816273465930252e+00,4.223360202300784572e+00
4.271315183359231327e+00,4.268167653472241696e+00,4.265439145326197057e+00,4.261709600681001575e+00,4.258889015602406403e+00,4.255018992712812143e+00,4.252135417290788588e+00,4.248179719423402112e+00,4.245229937646442409e+00,4.241193554161276857e+00,4.238237850754399183e+00,4.234148272638873500e+00,4.231027000948600403e+00,4.226857186839851899e+00,4.223648934723748027e+00,4.219444401202998129e+00
4.275446947930448438e+00,4.271799863223425753e+00,4.268648258417202079e+00,4.264342338984177694e+00,4.261086690543931965e+00,4.256620695763789541e+00,4.253293695227633009e+00,4.248730535868110003e+00,4.245357592331426844e+00,4.240714103792557310e+00,4.237226429387312976e+00,4.232515885272830403e+00,4.229016274226581551e+00,4.224124965152654454e+00,4.220417505199189456e+00,4.215569541541297482e+00
4.279583454443268487e+00,4.275436707148714710e+00,4.271860948346967390e+00,4.266977248895409858e+00,4.263285585009482404e+00,4.258222532925062254e+00,4.254451473473003453e+00,4.249280247858101767e+00,4.245428104600966535e+00,4.240173603024532056e+00,4.236298424455188893e+00,4.230906848195689740e+00,4.226898971568209262e+00,4.221458537627982288e+00,4.217188745521434967e+00,4.211695128177021630e+00
4.283724425611538322e+00,4.279077480924560639e+00,4.275076474105125257e+00,4.269613591221236959e+00,4.265484979142209809e+00,4.259823827585412559e+00,4.255608117547181379e+00,4.249828289928064606e+00,4.245554502959726584e+00,4.239663842459522769e+00,4.235275940873317602e+00,4.229333147356000744e+00,4.224839133520948309e+00,4.218719088565546116e+00,4.214008212071112425e+00,4.207812219458752168e+00
4.287869687007198394e+00,4.282721729526617338e+00,4.278294343993795934e+00,4.272250858201060097e+00,4.267684366195762635e+00,4.261424088422200107e+00,4.256763156609489229e+00,4.250374230453194180e+00,4.245620335204786322e+00,4.239141463963695955e+00,4.234331450102013505e+00,4.227693081551418430e+00,4.222784417362474230e+00,4.216009845631442765e+00,4.210795344703655019e+00,4.203950322174997645e+00
4.292019122346372839e+00,4.286369139002440320e+00,4.281514207635591873e+00,4.274888673667547323e+00,4.269883360933691918e+00,4.263022930212860828e+00,4.257916213862866783e+00,4.250917715162333188e+00,4.245741174332216872e+00,4.238611035102758606e+00,4.233328770534232177e+00,4.226116379876526885e+00,4.220685326729949338e+00,4.213316528722912402e+00,4.207587947455480482e+00,4.200090434764610414e+00
4.296172650267105375e+00,4.290019480268430385e+00,4.284735799887064545e+00,4.277526741162553492e+00,4.272081651998521856e+00,4.264620032621424528e+00,4.259066970308225564e+00,4.251458437693282022e+00,4.245803388103511544e+00,4.238093725250148935e+00,4.232354540300749868e+00,4.224490209944874231e+00,4.218635711147117995e+00,4.210589742301388938e+00,4.204398357455334967e+00,4.196230209627239027e+00
4.300330211436507177e+00,4.293672577899212861e+00,4.287958909677430874e+00,4.280164815078839169e+00,4.274278975392681978e+00,4.266215117217814878e+00,4.260215144508994634e+00,4.251996123124864191e+00,4.245915431672917961e+00,4.237552094765529631e+00,4.231367687330883420e+00,4.222889300425360481e+00,4.216547311170387502e+00,4.207894707787862565e+00,4.201191691681469109e+00,4.192381530104044352e+00
4.304491760993931493e+00,4.297328291824718427e+00,4.291183361718599265e+00,4.282802683694442614e+00,4.276475098866028723e+00,4.267807933919463892e+00,4.261360480631284808e+00,4.252530518217658262e+00,4.245974643451240205e+00,4.237030793366471038e+00,4.230373925760805065e+00,4.221276843408740653e+00,4.214478597530785464e+00,4.205180392648713017e+00,4.198000182966485028e+00,4.188531828352234143e+00
4.308657263917859304e+00,4.300986506099369500e+00,4.294409005268086332e+00,4.285440158726753879e+00,4.278669812285206930e+00,4.269398252604228006e+00,4.262502741028309394e+00,4.253061385341092127e+00,4.246075646460888642e+00,4.236482671282207235e+00,4.229389349848090340e+00,4.219660454889969436e+00,4.212401898873912920e+00,4.202474817559463283e+00,4.194803729575098394e+00,4.184688885229462585e+00
4.312826692075298674e+00,4.304647121741616012e+00,4.297635706952535273e+00,4.288077068643031176e+00,4.280862921451911163e+00,4.270985857707877642e+00,4.263641701449688348e+00,4.253588498532422157e+00,4.246131788033345345e+00,4.235953034735273626e+00,4.228386013732605697e+00,4.218049821293836210e+00,4.210322053904843820e+00,4.199768626594750920e+00,4.191610484269603809e+00,4.180849096795583364e+00
4.317000022280480742e+00,4.308310052015936975e+00,4.300863346029174750e+00,4.290713254228580631e+00,4.283054243995826127e+00,4.272570544619453514e+00,4.264777147833740401e+00,4.254111640843586173e+00,4.246220397056670315e+00,4.235399569184544966e+00,4.227395547234277906e+00,4.216426424978750198e+00,4.208246838394468448e+00,4.197059430223613496e+00,4.188419946464005506e+00,4.177012759679109344e+00
4.321177234981000481e+00,4.311975219233955769e+00,4.304091811164716397e+00,4.293348565562022934e+00,4.285243606562125329e+00,4.274152117200435974e+00,4.265908874090722946e+00,4.254630602496077607e+00,4.246272745298419693e+00,4.234859869681319999e+00,4.226386333681683816e+00,4.214811148403307506e+00,4.206162638359833394e+00,4.194354977988476563e+00,4.185228548660559156e+00,4.173180955240614942e+00
4.325358313346300498e+00,4.315642552530302822e+00,4.307320998188881589e+00,4.295982859895823402e+00,4.287430842833027889e+00,4.275730386029475305e+00,4.267036680526942405e+00,4.255145179559790769e+00,4.246348306143208795e+00,4.234300616518297922e+00,4.225387050890582863e+00,4.213183381933037097e+00,4.204084134914863213e+00,4.191645619517500698e+00,4.182041182674801405e+00,4.169351839080653654e+00
4.329543242621257448e+00,4.319311986281276106e+00,4.310550808491439234e+00,4.298616000135708326e+00,4.289615792102022596e+00,4.277305167129137331e+00,4.268160372695596116e+00,4.255655172981941625e+00,4.246395654296425626e+00,4.233750158474296477e+00,4.224372183940094061e+00,4.211561442257965027e+00,4.201997247161556537e+00,4.188940660730471777e+00,4.178852744634800942e+00,4.165527189113578999e+00
4.333732009658714190e+00,4.322983458957815550e+00,4.313781147854669484e+00,4.301247853726243520e+00,4.291798298223679531e+00,4.278876281021232408e+00,4.269279760539170354e+00,4.256160387856036564e+00,4.246457968397647775e+00,4.233184135267346271e+00,4.223363242647087290e+00,4.209929248580772665e+00,4.199914167395611742e+00,4.186231645126643919e+00,4.175667770814006197e+00,4.161705271427125652e+00
4.337924602575414568e+00,4.326656912278356693e+00,4.317011925586985654e+00,4.303878291818116431e+00,4.293978208824563048e+00,4.280443552011292674e+00,4.270394657735745447e+00,4.256660632859509796e+00,4.246498844367262215e+00,4.232622573027870594e+00,4.222341900845504092e+00,4.208300092921667179e+00,4.197824355104183169e+00,4.183525650014869868e+00,4.172482279493721080e+00,4.157887486362764839e+00
4.342121010494694566e+00,4.330332290572799891e+00,4.320243053869017302e+00,4.306507188634757455e+00,4.296155374699339724e+00,4.282006807636251189e+00,4.271504881191034997e+00,4.257155719812447003e+00,4.246547932929342295e+00,4.232048654944002841e+00,4.221322987675231175e+00,4.206662754235628299e+00,4.195736348291544182e+00,4.180816668661583968e+00,4.169299498348902233e+00,4.154072590219676897e+00
4.346321223351246488e+00,4.334009540297776297e+00,4.323474447252281472e+00,4.309134420982626779e+00,4.298329649340795200e+00,4.283565878230633395e+00,4.272610250636565965e+00,4.257645463325022916e+00,4.246580797104571481e+00,4.231475741740898577e+00,4.220294160687363849e+00,4.205026129200933660e+00,4.193643003169070127e+00,4.178109469154480671e+00,4.166116712762895524e+00,4.150261530480583438e+00
4.350525231740993704e+00,4.337688609662084360e+00,4.326706022269259044e+00,4.311759867866818752e+00,4.300500888568323354e+00,4.285120596580287433e+00,4.273710588306601998e+00,4.258129680511091308e+00,4.246616716237318734e+00,4.230892810577516094e+00,4.219265045805411951e+00,4.203382849747420380e+00,4.191549867859523992e+00,4.175400098981618235e+00,4.162936023342314940e+00,4.146453487086573908e+00
4.354733026804239238e+00,4.341369448333529668e+00,4.329937697126043261e+00,4.314383410185065770e+00,4.302668950229946887e+00,4.286670797641862762e+00,4.274805718674456578e+00,4.258608190752029010e+00,4.246640102367167380e+00,4.230308291845502389e+00,4.218227748700466684e+00,4.201738526340923485e+00,4.189452366056992894e+00,4.172691566954111586e+00,4.159755689269748480e+00,4.142649056993722212e+00
4.358944600133676239e+00,4.345052007206761324e+00,4.333169391457034614e+00,4.317004930480921487e+00,4.304833693960105734e+00,4.288216318312425557e+00,4.275895468234290675e+00,4.259080815499293848e+00,4.246662826812969804e+00,4.229715302378783015e+00,4.217188173521540406e+00,4.200088553118070500e+00,4.187353896153333643e+00,4.169981402017310934e+00,4.156576996451820882e+00,4.138847726275521666e+00
4.363159943701203858e+00,4.348736238217351335e+00,4.336401026126859293e+00,4.319624312742244676e+00,4.306994980980312526e+00,4.289756997237832437e+00,4.276979665318233259e+00,4.259547378107272131e+00,4.246675417672741482e+00,4.229118866388440701e+00,4.216141501512591816e+00,4.198436268359599488e+00,4.185251659865527607e+00,4.167271394528337503e+00,4.153398879489929918e+00,4.135049848664617222e+00
4.367379049799133384e+00,4.352422094191364721e+00,4.339632523068677195e+00,4.322241442234793674e+00,4.309152673933150268e+00,4.291292674651460359e+00,4.278058139941327553e+00,4.260007703690189551e+00,4.246684788592977711e+00,4.228514872017708370e+00,4.215091146695047364e+00,4.196778915817006350e+00,4.183147616922172851e+00,4.164560065910378306e+00,4.150222078901558476e+00,4.131255115407880041e+00
4.371601910992520601e+00,4.356109528722463153e+00,4.342863805150829926e+00,4.324856205363314388e+00,4.311306636742536114e+00,4.292823192237023022e+00,4.279130723668679970e+00,4.260461618998294675e+00,4.246685437241904282e+00,4.227906134369860069e+00,4.214034286544057650e+00,4.195118360365564847e+00,4.181040123280511445e+00,4.161848416420061092e+00,4.147045967844293024e+00,4.127463722667199519e+00
4.375828520080188966e+00,4.359798496070570017e+00,4.346094796065790078e+00,4.327468489554431308e+00,4.313456734494919509e+00,4.294348393010711362e+00,4.280197249500469425e+00,4.260908952309757858e+00,4.246681156877857077e+00,4.227290287046289841e+00,4.212972768512069699e+00,4.193453010774467415e+00,4.178930233799142080e+00,4.159135592664939374e+00,4.143870943881790225e+00,4.123675491157074546e+00
4.380058870062587317e+00,4.363488951077591160e+00,4.349325420236849205e+00,4.330078183156989446e+00,4.315602833337321087e+00,4.295868121218981983e+00,4.281257551771574299e+00,4.261349533335494932e+00,4.246668872530250383e+00,4.226668795922941868e+00,4.211904990956913508e+00,4.191783832300641777e+00,4.176817010491725490e+00,4.156422112579482686e+00,4.140696648513730871e+00,4.119890521118367843e+00
4.384292954115090346e+00,4.367180849096749640e+00,4.352555602739030860e+00,4.332685175356500551e+00,4.317744800389055726e+00,4.297382222249201078e+00,4.282311466063231542e+00,4.261783193134678349e+00,4.246650525502840168e+00,4.226040331885900336e+00,4.210831872196817649e+00,4.190109926177466804e+00,4.174700971749360612e+00,4.153707494425419533e+00,4.137523276068682421e+00,4.116108710510622437e+00
4.388530765565662684e+00,4.370874145932877930e+00,4.355785269231520651e+00,4.335289356101095670e+00,4.319882503664700835e+00,4.298890542550915406e+00,4.283358829124700229e+00,4.262209764039273985e+00,4.246624442683920364e+00,4.225405583196687687e+00,4.209752516005607070e+00,4.188431739418773780e+00,4.172581587696871708e+00,4.150991978372714719e+00,4.134350623234494648e+00,4.112330104625100624e+00
4.392772297876031296e+00,4.374568797791586583e+00,4.359014345899483445e+00,4.337890616036943037e+00,4.322015812006373636e+00,4.300392929565973965e+00,4.284399478803321948e+00,4.262629079586141678e+00,4.246591527096881258e+00,4.224763803731455880e+00,4.208667320350897967e+00,4.186748762608775820e+00,4.170459076487274430e+00,4.148275291720180391e+00,4.131178770688511470e+00,4.108554645146512918e+00
4.397017544625722252e+00,4.378264761235692859e+00,4.362242759403609504e+00,4.340488846451525440e+00,4.324144595023772908e+00,4.301889231666106816e+00,4.285433253981681290e+00,4.263040974455661214e+00,4.246550871773955294e+00,4.224115258338890122e+00,4.207575774930774948e+00,4.185061160804424141e+00,4.168333131693882976e+00,4.145557523600308159e+00,4.128007600171487823e+00,4.104782347760860262e+00
4.401266499498436957e+00,4.381961993147624135e+00,4.365470436836065282e+00,4.343083939223489232e+00,4.326268723040753272e+00,4.303379298096834837e+00,4.286459994520872563e+00,4.263445284415938730e+00,4.246502829285462965e+00,4.223459511462909433e+00,4.206478002367163960e+00,4.183368632189293557e+00,4.166203812799033734e+00,4.142838512842992316e+00,4.124837132386470984e+00,4.101013177735300275e+00
4.405519156270358394e+00,4.385660450696766688e+00,4.368697305681789267e+00,4.345675786778018690e+00,4.328388067047432841e+00,4.304862978926800920e+00,4.287479541208957023e+00,4.263841846271824387e+00,4.246446889634715838e+00,4.222796610106608561e+00,4.205373692762067073e+00,4.181671196975284666e+00,4.164070929595972359e+00,4.140118271073563783e+00,4.121667293395114839e+00,4.097247135808195218e+00
4.409775508800048982e+00,4.389360091310947176e+00,4.371923293784275799e+00,4.348264282046897300e+00,4.330502498657049060e+00,4.306340125001748120e+00,4.288491735713952480e+00,4.264230497818214616e+00,4.246383129372373944e+00,4.222126275950963681e+00,4.204262831171307724e+00,4.179968658651652902e+00,4.161934462495190168e+00,4.137396693773689016e+00,4.118498074098477346e+00,4.093484199444614724e+00
4.414035551019686032e+00,4.393060872651374460e+00,4.375148329315145190e+00,4.350849318432585378e+00,4.332611890066867311e+00,4.307810587902546118e+00,4.289496420540783284e+00,4.264611077796978122e+00,4.246311233947226427e+00,4.221448450258750817e+00,4.203145206824679292e+00,4.178260967344566978e+00,4.159794278969966896e+00,4.134673755148480012e+00,4.115329422635128687e+00,4.089724362379256739e+00
4.418299276927417196e+00,4.396762752590499090e+00,4.378372340746954805e+00,4.353430789775734056e+00,4.334716114022612921e+00,4.309274219906746417e+00,4.290493438991648922e+00,4.264983425857185040e+00,4.246231149155308415e+00,4.220762930701408955e+00,4.202020740105504970e+00,4.176547977644202270e+00,4.157650322461822867e+00,4.131949378249199611e+00,4.112161316055715332e+00,4.085967608197630163e+00
4.422566680580646725e+00,4.400465689192362362e+00,4.381595256828772378e+00,4.356008590325667562e+00,4.336815043785974488e+00,4.310730873953209752e+00,4.291482635129453271e+00,4.265347382518252850e+00,4.246142652214273561e+00,4.220069610374622471e+00,4.200889267255885073e+00,4.174829607974456458e+00,4.155502487994847449e+00,4.129223520438500827e+00,4.108993713120577596e+00,4.082213927666360931e+00
4.426837756090127307e+00,4.404169640695057453e+00,4.384817006564109221e+00,4.358582614713464309e+00,4.338908553104771748e+00,4.312180403609455759e+00,4.292463853743945457e+00,4.265702789135656481e+00,4.246045630652234948e+00,4.219368322312290864e+00,4.199750680331172603e+00,4.173105736916653541e+00,4.153350703025770585e+00,4.126496117789712592e+00,4.105826584973453208e+00,4.078463307412308225e+00
4.431112497614728696e+00,4.407874565494997121e+00,4.388037519190929991e+00,4.361152757927298396e+00,4.340996516185484211e+00,4.313622663041449812e+00,4.293436940320262352e+00,4.266049487868977863e+00,4.245939903083296940e+00,4.218658939323289836e+00,4.198604837247415844e+00,4.171376269771583267e+00,4.151194875474661039e+00,4.123767120780163609e+00,4.102659895418618419e+00,4.074715737150263806e+00
4.435390899356786321e+00,4.411580422132758805e+00,4.391256724163453029e+00,4.363718915289755529e+00,4.343078807667868801e+00,4.315057506985525038e+00,4.294401741009608031e+00,4.266387321652013398e+00,4.245825332903462090e+00,4.217941310586533987e+00,4.197451618822886310e+00,4.169641096283020154e+00,4.149034926673802914e+00,4.121036471618583441e+00,4.099493613419538107e+00,4.070971205057666964e+00
4.439672955557944611e+00,4.415287169280279755e+00,4.394474551135495233e+00,4.366280982436911096e+00,4.345155302601427572e+00,4.316484790722230791e+00,4.295358102601888106e+00,4.266716134164792784e+00,4.245701756962850126e+00,4.217215301357195578e+00,4.196290892978336018e+00,4.167900117106540847e+00,4.146870770683779739e+00,4.118304118437603023e+00,4.096327705247809092e+00,4.067229700640411671e+00
4.443958660495433755e+00,4.418994765729221896e+00,4.397690929945201610e+00,4.368838855298963431e+00,4.347225876423523871e+00,4.317904370051914853e+00,4.296305872500088441e+00,4.267035769807318246e+00,4.245569029698448738e+00,4.216480768335669538e+00,4.195122536869652308e+00,4.166153227385722246e+00,4.144702327075602710e+00,4.115570006485327781e+00,4.093162139330424054e+00,4.063491212928669327e+00
4.448248008478718596e+00,4.422703170380378523e+00,4.400905790600988965e+00,4.371392430082252645e+00,4.349290404938987109e+00,4.319316101271875041e+00,4.297244898696241933e+00,4.267346073674855411e+00,4.245426996092923844e+00,4.215737574698012580e+00,4.193946423312362448e+00,4.164400326769222005e+00,4.142529513085835724e+00,4.112834083495611637e+00,4.089996883270866412e+00,4.059755731554719027e+00
4.452540993846468176e+00,4.426412342233977171e+00,4.404119063268552736e+00,4.373941603252512245e+00,4.351348764301043559e+00,4.320719841154926577e+00,4.298175029748838583e+00,4.267646891534636389e+00,4.245275507979413554e+00,4.214985580976520652e+00,4.192762428952126363e+00,4.162641313328729886e+00,4.140352248333315721e+00,4.110096296425573392e+00,4.086831905636592488e+00,4.056023246078846789e+00
4.456837610963814811e+00,4.430122240380783616e+00,4.407330678258829515e+00,4.376486271519239857e+00,4.353400830993463089e+00,4.322115446929237770e+00,4.299096114761521648e+00,4.267938069803860479e+00,4.245114414271818681e+00,4.214224650469822642e+00,4.191570429355713223e+00,4.160876087162644232e+00,4.138170451980806241e+00,4.107356593386879418e+00,4.083667174880177164e+00,4.052293746371636196e+00
4.461137854219851206e+00,4.433832823993904881e+00,4.410540566016812214e+00,4.379026331821076923e+00,4.355446481813789461e+00,4.323502776259353197e+00,4.300008003363020137e+00,4.268219455528930339e+00,4.244943566692615633e+00,4.213454646020553973e+00,4.190370301875891101e+00,4.159104548245531774e+00,4.135984044387161163e+00,4.104614922491577111e+00,4.080502659964399648e+00,4.048567222370730079e+00
4.465441718025350504e+00,4.437544052321213961e+00,4.413748657111128182e+00,4.381561681312082790e+00,4.357485593857558293e+00,4.324881687228293359e+00,4.300910545688178210e+00,4.268490896365768172e+00,4.244762816404636929e+00,4.212675431862077602e+00,4.189161923954454636e+00,4.157326597656522793e+00,4.133792946124609458e+00,4.101871232509797238e+00,4.077338329987772347e+00,4.044843664206670297e+00
4.469749196810680836e+00,4.441255884678342980e+00,4.416954882224300327e+00,4.384092217348842802e+00,4.359518044503436940e+00,4.326252038320628657e+00,4.301803592359985551e+00,4.268752240561149769e+00,4.244572015919162666e+00,4.211886872527331072e+00,4.187945174071839638e+00,4.155542136849573076e+00,4.131597078524780642e+00,4.099125472477559207e+00,4.074174154390219904e+00,4.041123062116382947e+00
4.474060285023883310e+00,4.444968280442163966e+00,4.420159172143627302e+00,4.386617837478324233e+00,4.361543711399184176e+00,4.327613688406459325e+00,4.302686994472560755e+00,4.269003336935010218e+00,4.244371017983197270e+00,4.211088833441816170e+00,4.186719931182108390e+00,4.153751068046330985e+00,4.129396363349997046e+00,4.096377591906541937e+00,4.071010102827001376e+00,4.037405406479720682e+00
4.478374977128906309e+00,4.448681199044716372e+00,4.423361457752630344e+00,4.389138439426421456e+00,4.363562472448371921e+00,4.328966496726243562e+00,4.303560603575007804e+00,4.269244034863600490e+00,4.244159676177313933e+00,4.210281180565036863e+00,4.185486075006020101e+00,4.151953293994868233e+00,4.127190722960256686e+00,4.093627540653875130e+00,4.067846145230798349e+00,4.033690687787633955e+00
4.482693267603974796e+00,4.452394599967540501e+00,4.426561670022998385e+00,4.391653921087121937e+00,4.365574205797805085e+00,4.330310322876389506e+00,4.304424271656065670e+00,4.269474184263479799e+00,4.243937844558799632e+00,4.209463780564900226e+00,4.184243485845684951e+00,4.150148718083696231e+00,4.124980080203982880e+00,4.090875268982466118e+00,4.064682251769085930e+00,4.029978896649645037e+00
4.487015150940072417e+00,4.456108442736367969e+00,4.429759740007002122e+00,4.394164180512248663e+00,4.367578789825595109e+00,4.331645026795564846e+00,4.305277851129508448e+00,4.269693635576250479e+00,4.243705377832975856e+00,4.208636500699037164e+00,4.182992044664302078e+00,4.148337244260524415e+00,4.122764358461942003e+00,4.088120727516668218e+00,4.061518392859705173e+00,4.026270023780591956e+00
4.491340621639538178e+00,4.459822686916147028e+00,4.432955598830333521e+00,4.396669115901744362e+00,4.369576103129828581e+00,4.332970468751671689e+00,4.306121194820245357e+00,4.269902239754018503e+00,4.243462131237669688e+00,4.207799208856940254e+00,4.181731633022326200e+00,4.146518777058258109e+00,4.120543481608314629e+00,4.085363867255467518e+00,4.058354539155071272e+00,4.022564059999510278e+00
4.495669674214763489e+00,4.463537292106360965e+00,4.436149177685329903e+00,4.399168625594436222e+00,4.371566024517789195e+00,4.334286509329446702e+00,4.306954155951077112e+00,4.270099848245531682e+00,4.243207960583195160e+00,4.206951773516482085e+00,4.180462133091825905e+00,4.144693221564005547e+00,4.118317374016991828e+00,4.082604639555142079e+00,4.055190661543600861e+00,4.018860996222720416e+00
4.500002303186962926e+00,4.467252217936615644e+00,4.439340407824552415e+00,4.401662608059261572e+00,4.373548432995701951e+00,4.335593009418641230e+00,4.307776588130055373e+00,4.270286312982896071e+00,4.242942722210556461e+00,4.206094063746864009e+00,4.179183427630094982e+00,4.142860483419082307e+00,4.116085960544403122e+00,4.079842996128568267e+00,4.052026731142300164e+00,4.015160823460660389e+00
4.504338503085034695e+00,4.470967424062478379e+00,4.442529220554696678e+00,4.404150961886904803e+00,4.375523207758943656e+00,4.336889830202727225e+00,4.308588345338392855e+00,4.270461486368911430e+00,4.242666272993528942e+00,4.205225949188027279e+00,4.177895399975448676e+00,4.141020468803399801e+00,4.113849166525217704e+00,4.077078889036164888e+00,4.048862719294283430e+00,4.011463532813329458e+00
4.508678268444493042e+00,4.474682870161545978e+00,4.445715547230802756e+00,4.406633585781832174e+00,4.377490228182714382e+00,4.338176833148114753e+00,4.309389281918935666e+00,4.270625221264975124e+00,4.242378470318836747e+00,4.204347300043067115e+00,4.176597934032238335e+00,4.139173084428566796e+00,4.111606917761871038e+00,4.074312270681537562e+00,4.045698597563996302e+00,4.007769115466969012e+00
4.513021593806456622e+00,4.478398515929714385e+00,4.448899319250741335e+00,4.409110378554694343e+00,4.379449373813123714e+00,4.339453879993855345e+00,4.310179252565133901e+00,4.270777370979447873e+00,4.242079172078312865e+00,4.203457987064734169e+00,4.175290914262070885e+00,4.137318237527102482e+00,4.109359140517736542e+00,4.071543093805055413e+00,4.042534337733863836e+00,4.004077562690573799e+00
4.517368473716704358e+00,4.482114321077637520e+00,4.452080468049961048e+00,4.411581239115059283e+00,4.381400524358658011e+00,4.340720832741781443e+00,4.310958112310465218e+00,4.270917789256551522e+00,4.241768236655761193e+00,4.202557881545625484e+00,4.173974225672544947e+00,4.135455835844163097e+00,4.107105761508909048e+00,4.068771311478786679e+00,4.039369911800450907e+00,4.000388865832892549e+00
4.521718902724782829e+00,4.485830245327369070e+00,4.455258925096481804e+00,4.414046066464472062e+00,4.383343559682029600e+00,4.341977553647061505e+00,4.311725716518324703e+00,4.271046330265732216e+00,4.241445522917167921e+00,4.201646855307197725e+00,4.172647753807835258e+00,4.133585787628525132e+00,4.104846707897099378e+00,4.065996877101055063e+00,4.036205291971080911e+00,3.996703016319552937e+00
4.526072875383157168e+00,4.489546248409161500e+00,4.458434621886108395e+00,4.416504759689803272e+00,4.385278359792362579e+00,4.343223905209158353e+00,4.312481920872321517e+00,4.271162848591406380e+00,4.241110890199887962e+00,4.200724780689983007e+00,4.171311384738939587e+00,4.131708001624424753e+00,4.102581907282395690e+00,4.063219744391467714e+00,4.033040450660428711e+00,3.993020005650460114e+00
4.530430386246416141e+00,4.493262290058418706e+00,4.461607489937849280e+00,4.418957217956884342e+00,4.387204804837702810e+00,4.344459750163159661e+00,4.313226581366974344e+00,4.271267199223180988e+00,4.240764198302986898e+00,4.199791530543797613e+00,4.169965005054634410e+00,4.129822387063432743e+00,4.100311287696465357e+00,4.060439867385982282e+00,4.029875360487315206e+00,3.989339825397351547e+00
4.534791429870512758e+00,4.496978330012783687e+00,4.464777460789536967e+00,4.421403340504403978e+00,4.389122775097841433e+00,4.345684951471451285e+00,4.313959554298787857e+00,4.271359237546414001e+00,4.240405307477588259e+00,4.198846978218521819e+00,4.168608501852600234e+00,4.127928853656748664e+00,4.098034777595895406e+00,4.057657200432201350e+00,4.026709994271575610e+00,3.985662467201540604e+00
4.539156000812041292e+00,4.500694328009359424e+00,4.467944465993617165e+00,4.423843026638043519e+00,4.391032150977416393e+00,4.346899372315725429e+00,4.314680696257666703e+00,4.271438819333178039e+00,4.240034078417774133e+00,4.197890997555120407e+00,4.167241762730957255e+00,4.126027311587708191e+00,4.095752305855818065e+00,4.054871698184799200e+00,4.023544325031062741e+00,3.981987922771815569e+00
4.543524093627559601e+00,4.504410243782052348e+00,4.471108437113126222e+00,4.426276175724850326e+00,4.392932812999292835e+00,4.348102876089312119e+00,4.315389864118694518e+00,4.271505800733584657e+00,4.239650372251783317e+00,4.196923462877049538e+00,4.165864675780057702e+00,4.124117671504579086e+00,4.093463801763727261e+00,4.052083315601111124e+00,4.020378325978745337e+00,3.978316183882477652e+00
4.547895702872926549e+00,4.508126037059016156e+00,4.474269305717816891e+00,4.428702687187829667e+00,4.394824641798194875e+00,4.349295326389805538e+00,4.316086915034223814e+00,4.271560038267390169e+00,4.239254050533522999e+00,4.195944248981971825e+00,4.164477129574597924e+00,4.122199844513594336e+00,4.091169195013505622e+00,4.049292007936856841e+00,4.017211970519904973e+00,3.974647242371508238e+00
4.552270823102685604e+00,4.511841667560212876e+00,4.477427003380437753e+00,4.431122460500748872e+00,4.396707518114588709e+00,4.350476587011972818e+00,4.316771706426246524e+00,4.271601388815957634e+00,4.238844975234406398e+00,4.194953231133758287e+00,4.163079013166008480e+00,4.120273742172213538e+00,4.088868415699646874e+00,4.046497730742005139e+00,4.014045232249424444e+00,3.970981090138859582e+00
4.556649448869474206e+00,4.515557094995069853e+00,4.480581461673159183e+00,4.433535395183127115e+00,4.398581322788794878e+00,4.351646521940931045e+00,4.317444095979075414e+00,4.271629709614519932e+00,4.238423008735516362e+00,4.193950285054783400e+00,4.161670216075107120e+00,4.118339276482622324e+00,4.086561394311670092e+00,4.043700439856769080e+00,4.010878084949166755e+00,3.967317719144846322e+00
4.561031574723445559e+00,4.519272279060223774e+00,4.483732612164124554e+00,4.435941390795413497e+00,4.400445936755315479e+00,4.352804995345579187e+00,4.318103941632300824e+00,4.271644858244735055e+00,4.237988013820047861e+00,4.192935286918502591e+00,4.160250628284998697e+00,4.116396359885453826e+00,4.084248061728709800e+00,4.040900091407724659e+00,4.007710502585436707e+00,3.963657121408640016e+00
4.565417195211728618e+00,4.522987179437355287e+00,4.486880386414131117e+00,4.438340346934346314e+00,4.402301241037378077e+00,4.353951871572275145e+00,4.318751101574005880e+00,4.271646692627498076e+00,4.237539853666008938e+00,4.191908113342287301e+00,4.158820140234224638e+00,4.114444905253699325e+00,4.081928349214276608e+00,4.038096641804047593e+00,4.004542459306524194e+00,3.959999289006853829e+00
4.569806304877902292e+00,4.526701755791098236e+00,4.490024715973430780e+00,4.440732163228473972e+00,4.404147116741664369e+00,4.355087015138747297e+00,4.319385434234225940e+00,4.271635071016019580e+00,4.237078391839190772e+00,4.190868641380507853e+00,4.157378642810149572e+00,4.112484825886820516e+00,4.079602188411183938e+00,4.035290047733861130e+00,4.001373929440320332e+00,3.956344214072205379e+00
4.574198898261496282e+00,4.530415967767028818e+00,4.493165532378643690e+00,4.443116739333835774e+00,4.405983445053237801e+00,4.356210290728229850e+00,4.320006798278653193e+00,4.271609851989158990e+00,4.236603492286386441e+00,4.189816748517854350e+00,4.155926027342566442e+00,4.110516035505056287e+00,4.077269511336631069e+00,4.032480266160695770e+00,3.998204887492002424e+00,3.952691888792260855e+00
4.578594969897507028e+00,4.534129774989729356e+00,4.496302767149775725e+00,4.445493974929797254e+00,4.407810107230658581e+00,4.357321563183803370e+00,4.320615052602569506e+00,4.271570894445019917e+00,4.236115019328888565e+00,4.188752312662890276e+00,4.154462185597506796e+00,4.108538448243903574e+00,4.074930250377428287e+00,4.029667254320049352e+00,3.995035308141797081e+00,3.949042305408246190e+00
4.582994514315934076e+00,4.537843137060920462e+00,4.499436351787347022e+00,4.447863769715021398e+00,4.409626984601255906e+00,4.358420697502940477e+00,4.321210056324997772e+00,4.271518057594751561e+00,4.235612837656174356e+00,4.187675212141835246e+00,4.152987009771260674e+00,4.106551978648779411e+00,4.072584338285374805e+00,4.026850969716043949e+00,3.991865166242798857e+00,3.945395456213916408e+00
4.587397526041331552e+00,4.541556013557650928e+00,4.502566217769597756e+00,4.450226023403578424e+00,4.411433958556562729e+00,4.359507558832241614e+00,4.321791668783064644e+00,4.271451200956541072e+00,4.235096812319781634e+00,4.186585325692546711e+00,4.151500392484602564e+00,4.104556541669835745e+00,4.070231708172779683e+00,4.024031370118184903e+00,3.988694436818855493e+00,3.941751333554497361e+00
4.591803999592377394e+00,4.545268364030547126e+00,4.505692296549799636e+00,4.452580635721194113e+00,4.413230910547917496e+00,4.360582012462365320e+00,4.322359749526545336e+00,4.271370184349865262e+00,4.234566808727467269e+00,4.185482532458689953e+00,4.150002226777193215e+00,4.102552052656940340e+00,4.067872293508099979e+00,4.021208413558205130e+00,3.985523095062516230e+00,3.938109929825672761e+00
4.596213929481461236e+00,4.548980148002125468e+00,4.508814519553659750e+00,4.454927506401612725e+00,4.415017722082216878e+00,4.361643923823129931e+00,4.322914158312618937e+00,4.271274867889945703e+00,4.234022692637552154e+00,4.184366711984123022e+00,4.148492406102158192e+00,4.100538427354820215e+00,4.065506028111707693e+00,4.018382058327000905e+00,3.982351116333027186e+00,3.934471237472621841e+00
4.600627310214273180e+00,4.552691324965159048e+00,4.511932818176787485e+00,4.457266535183080691e+00,4.416794274717799063e+00,4.362693158478773370e+00,4.323454755100810232e+00,4.271165111982362816e+00,4.233464330153420718e+00,4.183237744207471742e+00,4.146970824320841409e+00,4.098515581898338311e+00,4.063132846151789934e+00,4.015552262971645803e+00,3.979178476154391575e+00,3.930835248989111630e+00
4.605044136289421886e+00,4.556401854381089578e+00,4.515047123782252925e+00,4.459597621804952006e+00,4.418560450060475375e+00,4.363729582123395900e+00,4.323981400048092283e+00,4.271040777317873349e+00,4.232891587718235371e+00,4.182095509456864590e+00,4.145437375697729188e+00,4.096483432807910496e+00,4.060752682140359227e+00,4.012718986292485468e+00,3.976005150213482775e+00,3.927201956916622549e+00
4.609464402198055311e+00,4.560111695678492616e+00,4.518157367698221627e+00,4.461920666004393077e+00,4.420316129759691570e+00,4.364753060576546773e+00,4.324493953504166655e+00,4.270901724867408156e+00,4.232304332109840139e+00,4.180939888444849650e+00,4.143891954895535079e+00,4.094441896985061113e+00,4.058365470929379271e+00,4.009882187340318538e+00,3.972831114358194249e+00,3.923571353843520182e+00
4.613888102423496562e+00,4.563820808251593419e+00,4.521263481215656022e+00,4.464235567513195946e+00,4.422061195504809028e+00,4.365763459778968070e+00,4.324992276006907943e+00,4.270747815877229847e+00,4.231702430435796636e+00,4.179770762263474992e+00,4.142334456970437451e+00,4.092390891708115319e+00,4.055971147706991964e+00,4.007041825413642400e+00,3.969656344595648534e+00,3.919943432404263461e+00
4.618315231440894841e+00,4.567529151458813885e+00,4.524365395586086080e+00,4.466542226054690978e+00,4.423795529021512962e+00,4.366760645788477113e+00,4.325476228277959301e+00,4.270578911864283178e+00,4.231085750128640299e+00,4.178588012379520045e+00,4.140764777367463623e+00,4.090330334628010434e+00,4.053569647993853664e+00,4.004197860055971780e+00,3.966480817090451971e+00,3.916318185278650166e+00
4.622745783716874612e+00,4.571236684621371893e+00,4.527463042019450157e+00,4.468840541340755479e+00,4.425519012068333424e+00,4.367744484775980318e+00,4.325945671218486055e+00,4.270394874611691094e+00,4.230454158941275189e+00,4.177391520629900157e+00,4.139182811916004567e+00,4.088260143764234300e+00,4.051160907639570929e+00,4.001350251053232832e+00,3.963304508162988959e+00,3.912695605191092163e+00
4.627179753709206977e+00,4.574943367021922391e+00,4.530556351681992666e+00,4.471130413068914677e+00,4.427231526433282660e+00,4.368714843021640704e+00,4.326400465905072323e+00,4.270195566164379564e+00,4.229807524942484243e+00,4.176181169217203504e+00,4.137588456825479710e+00,4.086180237500869339e+00,4.048744862819234847e+00,3.998498958431213612e+00,3.960127394287766389e+00,3.909075684909920412e+00
4.631617135866487267e+00,4.578649157903227795e+00,4.533645255694223053e+00,4.473411740919529755e+00,4.428932953930596383e+00,4.369671586911163530e+00,4.326840473585747304e+00,4.269980848824886266e+00,4.229145716512652697e+00,4.174956840705366545e+00,4.135981608681143840e+00,4.084090534582749399e+00,4.046321450030050393e+00,3.995643942453082964e+00,3.956949452091790054e+00,3.905458417246721048e+00
4.636057924627820626e+00,4.582354016466871904e+00,4.536729685128938705e+00,4.475684424553074692e+00,4.430623176397578966e+00,4.370614582932197401e+00,4.327265555676166109e+00,4.269750585149315825e+00,4.228468602339611415e+00,4.173718418015502252e+00,4.134362164439999709e+00,4.081990954111740955e+00,4.043890606088045736e+00,3.992785163616976885e+00,3.953770658352979694e+00,3.901843795055698116e+00
4.640502114422513813e+00,4.586057901872004905e+00,4.539809571009291389e+00,4.477948363607486826e+00,4.432302075691549881e+00,4.371543697670867701e+00,4.327675573755906946e+00,4.269504637943390080e+00,4.227776051414588565e+00,4.172465784421857116e+00,4.132730021426842093e+00,4.079881415543114898e+00,4.041452268124881009e+00,3.989922582653636418e+00,3.950590989998632896e+00,3.898231811233058508e+00
4.644949699669779442e+00,4.589760773234123015e+00,4.542884844306914083e+00,4.480203457695603575e+00,4.433969533686880737e+00,4.372458797808421949e+00,4.328070389564890874e+00,4.269242870258647571e+00,4.227067933028305191e+00,4.171198823547880963e+00,4.131085077330433286e+00,4.077761838682016027e+00,4.039006373584733467e+00,3.987056160524103721e+00,3.947410424103918736e+00,3.894622458716423985e+00
4.649400674778445541e+00,4.593462589623880987e+00,4.545955435940101985e+00,4.482449606402673759e+00,4.435625432272132684e+00,4.373359750117984390e+00,4.328449864999926788e+00,4.268965145388808224e+00,4.226344116767253745e+00,4.169917419362425548e+00,4.129427230199778087e+00,4.075632143680040009e+00,4.036552860221261696e+00,3.984185858417478521e+00,3.944228937890404296e+00,3.891015730484264079e+00
4.653855034146672232e+00,4.597163310065933928e+00,4.549021276772036160e+00,4.484686709283936423e+00,4.437269653347285292e+00,4.374246421461414513e+00,4.328813862111378974e+00,4.268671326866229521e+00,4.225604472510043230e+00,4.168621456176078155e+00,4.127756378440506246e+00,4.073492251031907152e+00,4.034091666094648865e+00,3.981311637748723431e+00,3.941046508724615371e+00,3.887411619555344533e+00
4.658312772161677273e+00,4.600862893537809306e+00,4.552082297609053363e+00,4.486914665862280494e+00,4.438902078821037378e+00,4.375118678786271254e+00,4.329162243099946572e+00,4.268361278458474573e+00,4.224848870423872249e+00,4.167310818637600889e+00,4.126072420811376595e+00,4.071342081572216109e+00,4.031622729568729468e+00,3.978433460156518109e+00,3.937863114116634922e+00,3.883810118988205051e+00
4.662773883199465175e+00,4.604561298968804728e+00,4.555138429198968275e+00,4.489133375625961264e+00,4.440522590608201092e+00,4.375976389122886445e+00,4.329494870313540744e+00,4.268034864165015208e+00,4.224077180961140598e+00,4.165985391730478327e+00,4.124375256420876212e+00,4.069181556472287298e+00,4.029145989308183573e+00,3.975551287501168929e+00,3.934678731718732614e+00,3.880211221880648154e+00
4.667238361624566956e+00,4.608258485238915902e+00,4.558189602229435700e+00,4.491342738026388837e+00,4.442131070627178602e+00,4.376819419581525317e+00,4.329811606244286182e+00,4.267691948214051401e+00,4.223289274856158571e+00,4.164645060769569973e+00,4.122664784723924392e+00,4.067010597237094238e+00,4.026661384275796784e+00,3.972665081862567948e+00,3.931493339324015679e+00,3.876614921369244460e+00
4.671706201789784352e+00,4.611954411177788593e+00,4.561235747326346512e+00,4.493542652475977839e+00,4.443727400797508054e+00,4.377647637349642906e+00,4.330112313525614098e+00,4.267332395059424854e+00,4.222485023121982373e+00,4.163289711397879955e+00,4.120940905518668984e+00,4.064829125702279278e+00,4.024168853729796602e+00,3.969774805538194506e+00,3.928306914865119737e+00,3.873021210628861510e+00
4.676177398035935795e+00,4.615649035563695435e+00,4.564276795052277791e+00,4.495733018346052212e+00,4.445311463037493915e+00,4.378460909689232849e+00,4.330396854929446704e+00,4.266956069377630278e+00,4.221664297047315273e+00,4.161919229583424418e+00,4.119203518943378661e+00,4.062637064031249245e+00,4.021668337221248279e+00,3.966880421041159899e+00,3.925119436412925822e+00,3.869430082872201915e+00
4.680651944691610389e+00,4.619342317122535846e+00,4.567312675904975805e+00,4.497913734964824606e+00,4.446883139261903928e+00,4.379259103934264097e+00,4.330665093363493590e+00,4.266562836064959896e+00,4.220826968193562401e+00,4.160533501616185070e+00,4.117452525473432878e+00,4.060434334712341276e+00,4.019159774591521739e+00,3.963981891098301791e+00,3.921930882175298727e+00,3.865841531349358373e+00
4.685129836072934317e+00,4.623034214526861696e+00,4.570343320315875424e+00,4.500084701615421068e+00,4.448442311379742442e+00,4.380042087488204672e+00,4.330916891868640484e+00,4.266152560234729663e+00,4.219972908391965483e+00,4.159132414105172870e+00,4.115687825918388221e+00,4.058220860556068565e+00,4.016643105969812666e+00,3.961079178648315491e+00,3.918741230495857319e+00,3.862255549347380246e+00
4.689611066483330148e+00,4.626724686394923403e+00,4.573368658648655938e+00,4.502245817533959915e+00,4.449988861292085041e+00,4.380809727821621813e+00,4.331152113616414390e+00,4.265725107214581868e+00,4.219101989740803305e+00,4.157715853975581410e+00,4.113909321419138898e+00,4.055996564692442519e+00,4.014118271770729329e+00,3.958172246839931407e+00,3.915550459852772391e+00,3.858672130189857441e+00
4.694095630213289461e+00,4.630413691289734679e+00,4.576388621197835072e+00,4.504396981907691000e+00,4.451522670889977995e+00,4.381561892469871822e+00,4.331370621906548202e+00,4.265280342543916525e+00,4.218214084602736058e+00,4.156283708466013138e+00,4.112116913445157174e+00,4.053761370568357947e+00,4.011585212691937130e+00,3.955261059030129367e+00,3.912358548857584051e+00,3.855091267236513186e+00
4.698583521540146357e+00,4.634101187718163040e+00,4.579403138187393196e+00,4.506538093873180273e+00,4.453043622052415884e+00,4.382298449030861853e+00,4.331572280164627031e+00,4.264818131971396475e+00,4.217309065602218077e+00,4.154835865125815708e+00,4.110310503791812842e+00,4.051515201945050215e+00,4.009043869711853780e+00,3.952345578782390234e+00,3.909165476254045757e+00,3.851512953882808343e+00
4.703074734727858086e+00,4.637787134130035405e+00,4.582412139769429515e+00,4.508669052514548525e+00,4.454551596644368061e+00,4.383019265162881872e+00,4.331756951939814471e+00,4.264338341452535097e+00,4.216386805622986955e+00,4.153372211812497383e+00,4.108489994577777082e+00,4.049257982895618113e+00,4.006494184087411092e+00,3.949425769864988833e+00,3.905971220916992781e+00,3.847937183559562158e+00
4.707569264026789213e+00,4.641471488917267685e+00,4.585415556022858219e+00,4.510789756861762534e+00,4.456046476514867294e+00,4.383724208582523652e+00,4.331924500902673003e+00,4.263840837147387042e+00,4.215447177805659251e+00,4.151892636689209937e+00,4.106655288242496482e+00,4.046989637802609785e+00,4.003936097351858514e+00,3.946501596249314847e+00,3.902775761851230651e+00,3.844363949732576113e+00
4.712067103673494906e+00,4.645154210413009466e+00,4.588413316952127730e+00,4.512900105888966173e+00,4.457528143495165018e+00,4.384413147062660165e+00,4.332074790843045697e+00,4.263325485418306471e+00,4.214490055545412339e+00,4.150397028222329254e+00,4.104806287543740773e+00,4.044710091355671722e+00,4.001369551312622619e+00,3.943573022108237236e+00,3.899579078190448467e+00,3.840793245902272446e+00
4.716568247890516652e+00,4.648835256890803791e+00,4.591405352485967484e+00,4.514999998512861268e+00,4.458996479396933665e+00,4.385085948430501368e+00,4.332207685668020503e+00,4.262792152827769243e+00,4.213515312489700015e+00,4.148885275179108767e+00,4.102942895555229619e+00,4.042419268549257261e+00,3.998794488049219442e+00,3.940640011814502408e+00,3.896381149196152194e+00,3.837225065603342866e+00
4.721072690886176204e+00,4.652514586563768262e+00,4.594391592476171127e+00,4.517089333591127520e+00,4.460451366010524943e+00,4.385742480565718360e+00,4.332323049399964709e+00,4.262240706136310564e+00,4.212522822536099554e+00,4.147357266625389727e+00,4.101065015664326019e+00,4.040117094680396370e+00,3.996210849911211671e+00,3.937702529939161256e+00,3.893181954256618393e+00,3.833659402404404393e+00
4.725580426854377514e+00,4.656192157583792124e+00,4.597371966696407242e+00,4.519168009920893070e+00,4.461892685103292955e+00,4.386382611398621734e+00,4.332420746174637571e+00,4.261671012300540795e+00,4.211512459830246691e+00,4.145812891923401189e+00,4.099172551569785661e+00,4.037803495346523164e+00,3.993618579516211131e+00,3.934760541250030386e+00,3.889981472885865710e+00,3.830096249907665840e+00
4.730091449974405116e+00,4.659867928040752005e+00,4.600346404841046066e+00,4.521235926237245906e+00,4.463320318417963506e+00,4.387006208908411864e+00,4.332500640239376644e+00,4.261082938471200343e+00,4.210484098763791039e+00,4.144252040729645259e+00,4.097265407279580884e+00,4.035478396443358484e+00,3.991017619747931455e+00,3.931814010710184437e+00,3.886779684722650341e+00,3.826535601748601412e+00
4.734605754410728728e+00,4.663541855961734761e+00,4.603314836524023512e+00,4.523292981211781694e+00,4.464734147671051367e+00,4.387613141121494920e+00,4.332562595951339190e+00,4.260476351991301591e+00,4.209437613972445646e+00,4.142674602992828525e+00,4.095343487108798364e+00,4.033141724162843111e+00,3.988407913754290046e+00,3.928862903476479929e+00,3.883576569529480604e+00,3.822977451595632736e+00
4.739123334312818514e+00,4.667213899310285186e+00,4.606277191277730054e+00,4.525339073451196903e+00,4.466134054551325505e+00,4.388203276109853057e+00,4.332606477775819087e+00,4.259851120394363200e+00,4.208372880334136035e+00,4.141080468951862770e+00,4.093406695677586526e+00,4.030793404991122486e+00,3.985789404945543790e+00,3.925907184898103530e+00,3.880372107191642606e+00,3.819421793149815780e+00
4.743644183814955007e+00,4.670884015985663495e+00,4.609233398551918270e+00,4.527374101495913905e+00,4.467519920718328486e+00,4.388776481989475009e+00,4.332632150284632999e+00,4.259207111402681711e+00,4.207289772967187425e+00,4.139469529133949166e+00,4.091454937909167811e+00,4.028433365706590052e+00,3.983162036992470068e+00,3.922946820515155864e+00,3.877166277716252107e+00,3.815868620144540202e+00
4.748168297036040819e+00,4.674552163822113471e+00,4.612183387712637916e+00,4.529397963818748707e+00,4.468891627800941180e+00,4.389332626918851510e+00,4.332639478154558077e+00,4.258544192925676874e+00,4.206188167228559927e+00,4.137841674352708665e+00,4.089488119027912205e+00,4.026061533377976787e+00,3.980525753824594837e+00,3.919981776057261946e+00,3.873959061231321055e+00,3.812317926345235808e+00
4.752695668079424784e+00,4.678218300588150136e+00,4.615127088041195869e+00,4.531410558823615098e+00,4.470249057395993653e+00,4.389871579097520460e+00,4.332628326165833599e+00,4.257862233058323120e+00,4.205067938712215181e+00,4.136196795706372775e+00,4.087506144557465859e+00,4.023677835362484245e+00,3.977880499628452249e+00,3.917012017442202509e+00,3.870750437984837866e+00,3.808769705549078122e+00
4.757226291032718990e+00,4.681882383985858098e+00,4.618064428733135607e+00,4.533411784844260772e+00,4.471592091066922237e+00,4.390393206764664491e+00,4.332598559200731003e+00,4.257161100079629001e+00,4.203928963247489214e+00,4.134534784576054278e+00,4.085508920318930315e+00,4.021282199303973570e+00,3.975226218845884230e+00,3.914037510774581730e+00,3.867540388343866820e+00,3.805223951584708164e+00
4.761760159967625583e+00,4.685544371650206763e+00,4.620995338897242455e+00,4.535401540143044308e+00,4.472920610342465686e+00,4.390897378197765377e+00,4.332550042242178989e+00,4.256440662451187684e+00,4.202771116897550563e+00,4.132855532624059691e+00,4.083496352429106580e+00,4.018874553131192684e+00,3.972562856172384915e+00,3.911058222344511393e+00,3.864328892793660319e+00,3.801680658311956229e+00
4.766297268939759135e+00,4.689204221148369101e+00,4.623919747554564808e+00,4.537379722909738788e+00,4.474234496715403964e+00,4.391383961711308181e+00,4.332482640372440130e+00,4.255700788815772739e+00,4.201594275957932112e+00,4.131158931792272782e+00,4.081468347298790711e+00,4.016454825056060329e+00,3.969890356555478395e+00,3.908074118626324367e+00,3.861115931936795143e+00,3.798139819621572322e+00
4.770837611988477001e+00,4.692861889979056400e+00,4.626837583637457563e+00,4.539346231260370956e+00,4.475533631641344101e+00,4.391852825655544024e+00,4.332396218771852325e+00,4.254941347995996992e+00,4.200398316955070932e+00,4.129444874300591373e+00,4.079424811631113812e+00,4.014022943571977642e+00,3.967208665193131978e+00,3.905085166277316944e+00,3.857901486492318011e+00,3.794601429434960149e+00
4.775381183136715890e+00,4.696517335571872565e+00,4.629748775988649534e+00,4.541300963236099442e+00,4.476817896537546915e+00,4.392303838415299033e+00,4.332290642717619100e+00,4.254162208993051308e+00,4.199183116644965352e+00,4.127713252645400566e+00,4.077365652419945086e+00,4.011578837452187685e+00,3.964517727532204994e+00,3.902091332136504054e+00,3.854685537294900932e+00,3.791065481703914664e+00
4.779927976390819566e+00,4.700170515286671069e+00,4.632653253360330403e+00,4.543243816802112534e+00,4.478087172781786585e+00,4.392736868408823270e+00,4.332165777582653199e+00,4.253363240985483351e+00,4.197948552011879109e+00,4.125963959598124120e+00,4.075290776948332194e+00,4.009122435748184721e+00,3.961817489266927783e+00,3.899092583223403796e+00,3.851468065294017862e+00,3.787531970410372040e+00
4.784477985740375416e+00,4.703821386412922578e+00,4.635550944413255436e+00,4.545174689846565919e+00,4.479341341711249314e+00,4.393151784086696487e+00,4.332021488834482348e+00,4.252544313328021630e+00,4.196694500267057926e+00,4.124196888203825573e+00,4.073200092786994908e+00,4.006653667788156348e+00,3.959107896337420218e+00,3.896088886736851720e+00,3.848249051553134237e+00,3.784000889566161430e+00
4.789031205158054583e+00,4.707469906169094997e+00,4.638441777715862635e+00,4.547093480179546177e+00,4.480580284621474618e+00,4.393548453930781861e+00,4.331857642034188771e+00,4.251705295550472385e+00,4.195420838847549128e+00,4.122411931779847549e+00,4.071093507792872046e+00,4.004172463175469154e+00,3.956388894928241307e+00,3.893080210053825763e+00,3.845028477248909393e+00,3.780472233212758493e+00
4.793587628599452977e+00,4.711116031702047735e+00,4.641325681743419196e+00,4.549000085532063586e+00,4.481803882765334812e+00,4.393926746453224119e+00,4.331674102835413542e+00,4.250846057356664431e+00,4.194127445415052335e+00,4.120608983914508805e+00,4.068970930107703055e+00,4.001678751787186350e+00,3.953660431466968106e+00,3.890066520728293398e+00,3.841806323670411416e+00,3.776945995421044255e+00
4.798147250002931408e+00,4.714759720086433070e+00,4.644202584877177742e+00,4.550894403555074241e+00,4.483012017352045575e+00,4.394286530195484097e+00,4.331470736983408898e+00,4.249966468623440186e+00,4.192814197854813685e+00,4.118787938465852783e+00,4.066832268156663766e+00,3.999172463772632025e+00,3.950922452622810166e+00,3.887047786490088530e+00,3.838582572218346201e+00,3.773422170291075517e+00
4.802710063289461928e+00,4.718400928324105514e+00,4.647072415403553869e+00,4.552776331818530586e+00,4.484204569546213826e+00,4.394627673727427464e+00,4.331247410314127855e+00,4.249066399399702654e+00,4.191480974274599092e+00,4.116948689560437913e+00,4.064677430647043010e+00,3.996653529551986495e+00,3.948174905305248394e+00,3.884023975243798166e+00,3.835357204404298503e+00,3.769900751951850815e+00
4.807276062362474178e+00,4.722039613343543607e+00,4.649935101513319680e+00,4.554645767810461265e+00,4.485381420466922009e+00,4.394950045646450754e+00,4.331003988753367118e+00,4.248145719905514817e+00,4.190127653003696828e+00,4.115091131592181206e+00,4.062506326566962755e+00,3.994121879814917175e+00,3.945417736662702346e+00,3.880995055067678834e+00,3.832130201849983653e+00,3.766381734561083050e+00
4.811845241107702620e+00,4.725675731999280593e+00,4.652790571300813305e+00,4.556502608936070509e+00,4.486542451186845248e+00,4.395253514576649145e+00,4.330740338315963278e+00,4.247204300531251420e+00,4.188754112591974277e+00,4.113215159221246253e+00,4.060318865184135539e+00,3.991577445519248535e+00,3.942650894081237034e+00,3.877960994212586776e+00,3.828901546286513913e+00,3.762865112304983217e+00
4.816417593393034657e+00,4.729309241071343095e+00,4.655638752763165300e+00,4.558346752516871270e+00,4.487687542731397805e+00,4.395537949168030423e+00,4.330456325105028981e+00,4.246242011836769414e+00,4.187360231808963995e+00,4.111320667372977411e+00,4.058114956044669874e+00,3.989020157889663576e+00,3.939874325183291504e+00,3.874921761100926787e+00,3.825671219553675950e+00,3.759350879398037915e+00
4.820993113068366753e+00,4.732940097264699553e+00,4.658479573799538365e+00,4.560178095789842345e+00,4.488816576077918619e+00,4.395803218095762688e+00,4.330151815311220176e+00,4.245258724550661888e+00,4.185945889643026163e+00,4.109407551236869516e+00,4.055894508971921830e+00,3.986449948416435074e+00,3.937087977826429608e+00,3.871877324325621927e+00,3.822439203599219404e+00,3.755839030082794405e+00
4.825571793965456990e+00,4.736568257208715771e+00,4.661312962210384825e+00,4.561996535906605033e+00,4.489929432154887934e+00,4.396049190059467371e+00,4.329826675212069098e+00,4.244254309569559069e+00,4.184510965300559882e+00,4.107475706265583781e+00,4.053657434065365273e+00,3.983866748854198114e+00,3.934291800102124981e+00,3.868827652649100113e+00,3.819205480478155224e+00,3.752329558629654116e+00
4.830153629897775858e+00,4.740193677456621124e+00,4.664138845696720104e+00,4.563801969932629987e+00,4.491025991841166132e+00,4.396275733782545991e+00,4.329480771171351883e+00,4.243228637957431992e+00,4.183055338205219797e+00,4.105525028174016988e+00,4.051403641699519831e+00,3.981270491220754160e+00,3.931485740334569101e+00,3.865772715002302906e+00,3.815970032352067776e+00,3.748822459336663915e+00
4.834738614660367695e+00,4.743816314484983643e+00,4.666957151859409514e+00,4.565594294846471612e+00,4.492106135965276081e+00,4.396482718011547774e+00,4.329113969638487269e+00,4.242181580944973440e+00,4.181578887997199345e+00,4.103555412938403535e+00,4.049133042522909065e+00,3.978661107795895102e+00,3.928669747079504670e+00,3.862712480483699640e+00,3.812732841488435831e+00,3.745317726529310942e+00
4.839326742029710360e+00,4.747436124693189541e+00,4.669767808198465708e+00,4.567373407539014885e+00,4.493169745304707696e+00,4.396670011515573684e+00,4.328726137147988595e+00,4.241113009929029509e+00,4.180081494532576158e+00,4.101566756795452129e+00,4.046845547457055048e+00,3.976038531120268171e+00,3.925843769123087856e+00,3.859646918358330847e+00,3.809493890259962434e+00,3.741815354560324547e+00
4.843918005763570456e+00,4.751053064402930737e+00,4.672570742112369224e+00,4.569139204812751487e+00,4.494216700585254465e+00,4.396837483085719533e+00,4.328317140318947764e+00,4.240022796472060485e+00,4.178563037882682352e+00,4.099558956241529550e+00,4.044541067695513803e+00,3.973402693994271040e+00,3.923007755480771852e+00,3.856575998056862353e+00,3.806253161143917207e+00,3.738315337809478667e+00
4.848512399600864775e+00,4.754667089857703921e+00,4.675365880897395243e+00,4.570891583381083478e+00,4.495246882480380179e+00,4.396985001534549298e+00,4.327886845854574283e+00,4.238910812301640796e+00,4.177023398333512105e+00,4.097531908031890602e+00,4.042219514702937389e+00,3.970753529476970023e+00,3.920161655396211753e+00,3.853499689174656684e+00,3.803010636721487980e+00,3.734817670683399093e+00
4.853109917261524409e+00,4.758278157222314064e+00,4.678153151746953675e+00,4.572630439867641172e+00,4.496260171610608758e+00,4.397112435695610166e+00,4.327435120541760050e+00,4.237776929309996277e+00,4.175462456385168331e+00,4.095485509179932038e+00,4.039880800214179501e+00,3.968090970885051583e+00,3.917305418340199186e+00,3.850417961470860906e+00,3.799766299677143966e+00,3.731322347615372070e+00
4.857710552446358854e+00,4.761886222582385031e+00,4.680932481750945229e+00,4.574355670805624996e+00,4.497256448542948704e+00,4.397219654422984014e+00,4.326961831250678792e+00,4.236621019553587608e+00,4.173880092751347526e+00,4.093419656956490904e+00,4.037524836233434833e+00,3.965414951791799592e+00,3.914438994009620032e+00,3.847330784867509124e+00,3.796520132798005154e+00,3.727829363065156443e+00
4.862314298836923676e+00,4.765491241943879963e+00,4.683703797895132581e+00,4.576067172637172220e+00,4.498235593790341547e+00,4.397306526590863740e+00,4.326466844934429012e+00,4.235442955252740838e+00,4.172276188358887694e+00,4.091334248889172187e+00,4.035151535033408621e+00,3.962725406026102348e+00,3.911562332326421920e+00,3.844238129448638741e+00,3.793272118973221474e+00,3.724338711518800693e+00
4.866921150095384618e+00,4.769093171232622552e+00,4.686467027060518653e+00,4.577764841712738786e+00,4.499197487811137819e+00,4.397372921093171350e+00,4.325950028628714250e+00,4.234242608791316087e+00,4.170650624347344682e+00,4.089229182761723536e+00,4.032760809154517290e+00,3.960022267671486684e+00,3.908675383436620798e+00,3.841139965459421379e+00,3.790022241193363062e+00,3.720850387488460420e+00
4.871531099864383485e+00,4.772691966293832522e+00,4.689222096022741759e+00,4.579448574290506002e+00,4.500142011008598786e+00,4.397418706843200020e+00,4.325411249451565077e+00,4.233019852716410902e+00,4.169003282068594274e+00,4.087104356613446399e+00,4.030352571404121953e+00,3.957305471065175606e+00,3.905778097709322161e+00,3.838036263305314666e+00,3.786770482549817629e+00,3.717364385512218039e+00
4.876144141766910245e+00,4.776287582891664663e+00,4.691968931451480529e+00,4.581118266535808559e+00,4.501069043730424823e+00,4.397443752773299686e+00,4.324850374603091296e+00,4.231774559738085806e+00,4.167334043086463602e+00,4.084959668738626704e+00,4.027926734855794777e+00,3.954574950797177024e+00,3.902870425735756044e+00,3.834926993551221575e+00,3.783516826234196717e+00,3.713880700153907366e+00
4.880760269406172469e+00,4.779879976708754086e+00,4.694707459909868597e+00,4.582773814520580302e+00,4.501978466268313106e+00,4.397447927834593706e+00,4.324267271365263454e+00,4.230506602729144916e+00,4.165642789176433602e+00,4.082795017686013495e+00,4.025483212848619097e+00,3.951830641709389802e+00,3.899952318328343992e+00,3.831812126920660866e+00,3.780261255537750387e+00,3.710399326002939535e+00
4.885379476365467433e+00,4.783469103345764140e+00,4.697437607853927943e+00,4.584415114222816889e+00,4.502870158857535721e+00,4.397431100996717745e+00,4.323661807101734311e+00,4.229215854724948542e+00,4.163929402325345919e+00,4.080610302258327771e+00,4.023021918986517065e+00,3.949072478894741778e+00,3.897023726519781128e+00,3.828691634294957069e+00,3.777003753850791679e+00,3.706920257674129804e+00
4.890001756208055106e+00,4.787054918320946761e+00,4.700159301632006681e+00,4.586042061526062419e+00,4.503744001676540876e+00,4.397393141247598614e+00,4.323033849257701178e+00,4.227902188923279958e+00,4.162193764731165757e+00,4.078405421511795304e+00,4.020542767137604834e+00,3.946300397696349549e+00,3.894084601562138204e+00,3.825565486712443786e+00,3.773744304662129956e+00,3.703443489807531019e+00
4.894627102477030256e+00,4.790637377069703717e+00,4.702872467484231933e+00,4.587654552218912940e+00,4.504599874846585195e+00,4.397333917593256203e+00,4.322383265359795779e+00,4.226565478684223720e+00,4.160435758802785600e+00,4.076180274755727417e+00,4.018045671433578825e+00,3.943514333706700903e+00,3.891134894925983190e+00,3.822433655367677652e+00,3.770482891558507799e+00,3.699969017068267974e+00
4.899255508695196326e+00,4.794216434944157612e+00,4.705577031541969824e+00,4.589252481994535948e+00,4.505437658431386438e+00,4.397253299057640064e+00,4.321709923016003430e+00,4.225205597530059975e+00,4.158655267159818258e+00,4.073934761552131079e+00,4.015530546269130419e+00,3.940714222766867891e+00,3.888174558299521522e+00,3.819296111610666067e+00,3.767219498224048557e+00,3.696496834146369981e+00
4.903886968364941978e+00,4.797792047212730893e+00,4.708272919827297898e+00,4.590835746450214749e+00,4.506257232436802873e+00,4.397151154682497953e+00,4.321013689915615963e+00,4.223822419145234264e+00,4.156852172632460984e+00,4.071668781715336749e+00,4.012997306301391731e+00,3.937900000965730118e+00,3.885203543587758102e+00,3.816152826946104248e+00,3.763954108439710566e+00,3.693026935756608786e+00
4.908521474968120302e+00,4.801364169059718634e+00,4.710960058252497085e+00,4.592404241086907923e+00,4.507058476810526848e+00,4.397027353527272808e+00,4.320294433829226399e+00,4.222415817376361069e+00,4.155026358261406649e+00,4.069382235311657325e+00,4.010445866449409813e+00,3.935071604639227782e+00,3.882221802911671737e+00,3.813003773032627830e+00,3.760686706082750685e+00,3.689559316638340025e+00
4.913159021965923579e+00,4.804932755584879089e+00,4.713638372619540995e+00,4.593957861308822999e+00,4.507841271441811237e+00,4.396881764669022807e+00,4.319552022608747599e+00,4.220985666232225597e+00,4.153177707297759369e+00,4.067075022659097705e+00,4.007876141893639499e+00,3.932228970369642695e+00,3.879229288607410897e+00,3.809848921682076561e+00,3.757417275126195388e+00,3.686093971555348681e+00
4.917799602798762493e+00,4.808497761803025128e+00,4.716307788619595875e+00,4.595496502423005225e+00,4.508605496161218973e+00,4.396714257202375187e+00,4.318786324187458447e+00,4.219531839883844171e+00,4.151306103202982989e+00,4.064747044327080339e+00,4.005288048075469121e+00,3.929372034984893958e+00,3.876225953225511667e+00,3.806688244858771775e+00,3.754145799638316294e+00,3.682630895295688767e+00
4.922443210886146225e+00,4.812059142643621001e+00,4.718968231832541882e+00,4.597020059638956546e+00,4.509351030740388566e+00,4.396524700239507588e+00,4.317997206580090896e+00,4.218054212664555713e+00,4.149411429648903749e+00,4.062398201136196541e+00,4.002681500696771977e+00,3.926500735557850952e+00,3.873211749530122372e+00,3.803521714678802734e+00,3.750872263782111915e+00,3.679170082671530118e+00
4.927089839626559886e+00,4.815616852950387994e+00,4.721619627726497015e+00,4.598528428068264340e+00,4.510077754891825386e+00,4.396312962910153388e+00,4.317184537882941875e+00,4.216552659070125664e+00,4.147493570517716499e+00,4.060028394157999543e+00,4.000056415719484448e+00,3.923615009405675202e+00,3.870186630498251290e+00,3.800349303409320090e+00,3.747596651814800062e+00,3.675711528519008287e+00
4.931739482397352603e+00,4.819170847480906517e+00,4.724261901657348162e+00,4.600021502724241707e+00,4.510785548268714251e+00,4.396078914361643442e+00,4.316348186274014509e+00,4.215027053758909403e+00,4.145552409902040658e+00,4.057637524714809985e+00,3.997412709365211647e+00,3.920714794089181332e+00,3.867150549319035235e+00,3.797170983467847982e+00,3.744318948087317800e+00,3.672255227698072222e+00
4.936392132554614065e+00,4.822721080906227975e+00,4.726894978868296349e+00,4.601499178521588185e+00,4.511474290464749792e+00,4.395822423758962927e+00,4.315488020013188653e+00,4.213477271552021897e+00,4.143587832104997482e+00,4.055225494379559592e+00,3.994750298114853049e+00,3.917800027412216668e+00,3.864103459393020579e+00,3.793986727421606808e+00,3.741039137043823626e+00,3.668801175092341715e+00
4.941047783433056395e+00,4.826267507810493740e+00,4.729518784489409100e+00,4.602961350276067343e+00,4.512143861013991675e+00,4.395543360284841938e+00,4.314603907442420727e+00,4.211903187433554407e+00,4.141599721640329079e+00,4.052792204975658841e+00,3.992069098708256547e+00,3.914870647421061278e+00,3.861045314331454481e+00,3.790796507986840425e+00,3.737757203221208080e+00,3.665349365608957743e+00
4.945706428345904015e+00,4.829810082690561224e+00,4.732133243537185230e+00,4.604407912704202133e+00,4.512794139390749137e+00,4.395241593139877168e+00,4.313695716985982642e+00,4.210304676550825853e+00,4.139587963232538748e+00,4.050337558576889485e+00,3.989369028143889828e+00,3.911926592403845326e+00,3.857976067955597443e+00,3.787600298028156676e+00,3.734473131248607913e+00,3.661899794178435030e+00
4.950368060584773744e+00,4.833348759955625518e+00,4.734738280914125852e+00,4.605838760422986233e+00,4.513425005009471747e+00,4.394916991542666018e+00,4.312763317150715814e+00,4.208681614214638600e+00,4.137552441817053506e+00,4.047861457507336169e+00,3.986650003678542387e+00,3.908967800889989075e+00,3.854895674296051844e+00,3.784398070557880356e+00,3.731186905846934909e+00,3.658452455754525268e+00
4.955032673419558442e+00,4.836883493926849020e+00,4.737333821408312495e+00,4.607253787949605162e+00,4.514036337224665907e+00,4.394569424729978024e+00,4.311806576526313606e+00,4.207033875899583109e+00,4.135493042540427489e+00,4.045363804341332248e+00,3.983911942827053299e+00,3.905994211649659764e+00,3.851804087592105574e+00,3.781189798735413721e+00,3.727898511828401595e+00,3.655007345314075895e+00
4.959700260098315105e+00,4.840414238837003502e+00,4.739919789692998542e+00,4.608652889701176036e+00,4.514628015330834465e+00,4.394198761956948474e+00,4.310825363785643738e+00,4.205361337244378106e+00,4.133409650760573761e+00,4.042844501903429588e+00,3.981154763362056315e+00,3.903005763693248031e+00,3.848701262291090330e+00,3.777975455866606325e+00,3.724607934096055839e+00,3.651564457856887103e+00
4.964370813847154729e+00,4.843940948830104176e+00,4.742496110326205105e+00,4.610035959994505994e+00,4.515199918562432302e+00,4.393804872497292457e+00,4.309819547685088459e+00,4.203663874052220528e+00,4.131302152047019227e+00,4.040303453268403899e+00,3.978378383313750266e+00,3.900002396270864313e+00,3.845587153047751894e+00,3.774755015403137737e+00,3.721315157643326099e+00,3.648123788405576828e+00
4.969044327870123290e+00,4.847463577961056203e+00,4.745062707750329345e+00,4.611402893045861262e+00,4.515751926093846791e+00,4.393387625643552674e+00,4.308788997064915804e+00,4.201941362291170989e+00,4.129170432181174633e+00,4.037740561761279601e+00,3.975582720969688122e+00,3.896984048871847239e+00,3.842461714723637289e+00,3.771528450941905142e+00,3.718020167553564903e+00,3.644685332005446199e+00
4.973720795349093393e+00,4.850982080195306523e+00,4.747619506291760771e+00,4.612753582970753996e+00,4.516283917039392470e+00,4.392946890707368546e+00,4.307733580849676613e+00,4.200193678094578331e+00,4.127014377156664082e+00,4.035155730957376008e+00,3.972767694874593136e+00,3.893950661224293786e+00,3.839324902386494376e+00,3.768295736224422487e+00,3.714722948999603425e+00,3.641249083724343194e+00
4.978400209443655022e+00,4.854496409408492141e+00,4.750166430160501108e+00,4.614087923783739775e+00,4.516795770453327918e+00,4.392482537019762212e+00,4.306653168048625524e+00,4.198420697761526377e+00,4.124833873179663435e+00,4.032548864682386380e+00,3.969933223830196312e+00,3.890902173294606747e+00,3.836176671309686093e+00,3.765056845136232067e+00,3.711423487243310060e+00,3.637815038652528088e+00
4.983082563291000966e+00,4.858006519386099065e+00,4.752703403449793917e+00,4.615405809398234638e+00,4.517287365329891280e+00,4.391994433931454722e+00,4.305547627756180162e+00,4.196622297757299336e+00,4.122628806669253798e+00,4.029919867012478285e+00,3.967079226895090738e+00,3.887838525287059976e+00,3.833016976971619361e+00,3.761811751706319207e+00,3.708121767635151222e+00,3.634383191902544663e+00
4.987767850005819348e+00,4.861512363823123017e+00,4.755230350135770223e+00,4.616707133626343662e+00,4.517758580603351781e+00,4.391482450813215088e+00,4.304416829152392765e+00,4.194798354713875632e+00,4.120399064257824762e+00,4.027268642274417054e+00,3.964205623384609911e+00,3.884759657643379160e+00,3.829845775055186419e+00,3.758560430106539840e+00,3.704817775613763686e+00,3.630953538609092757e+00
4.992456062680179940e+00,4.865013896323736375e+00,4.757747194077092345e+00,4.617991790178701983e+00,4.518209295148087001e+00,4.390946457056216445e+00,4.303260641503452000e+00,4.192948745430449264e+00,4.118144532791472301e+00,4.024595095045713222e+00,3.961312332870728703e+00,3.881665511042337258e+00,3.826663021447219926e+00,3.755302854651053401e+00,3.701511496705528703e+00,3.627526073928896810e+00
4.997147194383431135e+00,4.868511070400956875e+00,4.760253859014608402e+00,4.619259672664334460e+00,4.518639387778671690e+00,4.390386322072425074e+00,4.302078934162211432e+00,4.191073346873996464e+00,4.115865099330456189e+00,4.021899130154786839e+00,3.958399275181987420e+00,3.878556026399368584e+00,3.823468672237960053e+00,3.752038999795767271e+00,3.698202916524148343e+00,3.624100793040577084e+00
5.001841238162092473e+00,4.872003839476318987e+00,4.762750268571020129e+00,4.620510674590526889e+00,4.519048737249987013e+00,4.389801915295013401e+00,4.300871576568742860e+00,4.189172036179853009e+00,4.113560651149684055e+00,4.019180652681162869e+00,3.955466370403426968e+00,3.875431144866198885e+00,3.820262683720534458e+00,3.748768840137786995e+00,3.694892020770234708e+00,3.620677691144525756e+00
5.006538187039740961e+00,4.875492156879551509e+00,4.765236346250548927e+00,4.621744689362708769e+00,4.519437222257352893e+00,4.389193106178790771e+00,4.299638438250921624e+00,4.187244690652311085e+00,4.111231075739182117e+00,4.016439567955687906e+00,3.952513538876546662e+00,3.872290807830491843e+00,3.817045012390448466e+00,3.745492350414877158e+00,3.691578795230894716e+00,3.617256763462783908e+00
5.011238034016904486e+00,4.878975975848256041e+00,4.767712015438612561e+00,4.622961610284351153e+00,4.519804721436671002e+00,4.388559764200658186e+00,4.298379388825024350e+00,4.185291187765252552e+00,4.108876260804625424e+00,4.013675781560770872e+00,3.949540701199287351e+00,3.869134956915509349e+00,3.813815614945093024e+00,3.742209505504932032e+00,3.688263225779329524e+00,3.613838005238920292e+00
5.015940772070956122e+00,4.882455249527591690e+00,4.770177199401513413e+00,4.624161330556878724e+00,4.520151113364584639e+00,4.387901758860086154e+00,4.297094297996359558e+00,4.183311405162804419e+00,4.106496094267882313e+00,4.010889199330642363e+00,3.946547778226031866e+00,3.865963533979786426e+00,3.810574448283262861e+00,3.738920280425446219e+00,3.684945298374434408e+00,3.610421411737906094e+00
5.020646394156012882e+00,4.885929930969965973e+00,4.772631821286132059e+00,4.625343743279594300e+00,4.520476276558665241e+00,4.387218959679623609e+00,4.295783035559923135e+00,4.181305220660020083e+00,4.104090464267580174e+00,4.008079727351634425e+00,3.943534691067621445e+00,3.862776481116822147e+00,3.807321469504683087e+00,3.735624650332999064e+00,3.681624999060395975e+00,3.607006978245993256e+00
5.025354893202826467e+00,4.889399973134722188e+00,4.775075804119626177e+00,4.626508741449621098e+00,4.520780089477614005e+00,4.386511236205416608e+00,4.294445471401071579e+00,4.179272512243593418e+00,4.101659259159709414e+00,4.005247271962486089e+00,3.940501361091393040e+00,3.859573740654787866e+00,3.804056635909550010e+00,3.732322590522750616e+00,3.678302313966304915e+00,3.603594700070598567e+00
5.030066262118677578e+00,4.892865328887836540e+00,4.777509070809141001e+00,4.627656217961850338e+00,4.521062430521474163e+00,4.385778458007749236e+00,4.293081475496229871e+00,4.177213158072590637e+00,4.099202367518233636e+00,4.002391739754668443e+00,3.937447709921235273e+00,3.856355255156246553e+00,3.800779904998083492e+00,3.729014076427934476e+00,3.674977229305770532e+00,3.600184572540185979e+00
5.034780493787269329e+00,4.896325951001617049e+00,4.779931544141517996e+00,4.628786065608904821e+00,4.521323178031865453e+00,4.385020494681614700e+00,4.291690917913618897e+00,4.175127036479195475e+00,4.096719678135730014e+00,3.999513037572733243e+00,3.934373659437662596e+00,3.853120967417889453e+00,3.797491234470091737e+00,3.725699083619366636e+00,3.671649731376538828e+00,3.596776591004148926e+00
5.039497581068625998e+00,4.899781792154398907e+00,4.782343146783019527e+00,4.629898177081120281e+00,4.521562210292233708e+00,4.384237215847306857e+00,4.290273668814000629e+00,4.173014025969499663e+00,4.094211080024058980e+00,3.996611072514680174e+00,3.931279131777910774e+00,3.849870820470282951e+00,3.794190582224545416e+00,3.722377587804958310e+00,3.668319806560114138e+00,3.593370750832692195e+00
5.044217516798989109e+00,4.903232804930254929e+00,4.784743801279059738e+00,4.630992444966527621e+00,4.521779405528119078e+00,4.383428491151029505e+00,4.288829598451451730e+00,4.170874005224304959e+00,4.091676462415050786e+00,3.993685751932344541e+00,3.928164049336043462e+00,3.846604757577632316e+00,3.790877906359163330e+00,3.719049564829234544e+00,3.664987441321384321e+00,3.589967047416721346e+00
5.048940293790714406e+00,4.906678941818705120e+00,4.787133430053938099e+00,4.632068761750860020e+00,4.521974641907442916e+00,4.382594190265526102e+00,4.287358577174162022e+00,4.168706853099949150e+00,4.089115714761213383e+00,3.990736983431809382e+00,3.925028334763083659e+00,3.843322722237561440e+00,3.787553165170009173e+00,3.715714990672863483e+00,3.661652622208252605e+00,3.586565476167726807e+00
5.053665904832170597e+00,4.910120155214424464e+00,4.789511955410580057e+00,4.633127019817571579e+00,4.522147797540808867e+00,4.381734182890736129e+00,4.285860475425253391e+00,4.166512448629164922e+00,4.086528726736464279e+00,3.987764674873827353e+00,3.921871910967162922e+00,3.840024658180896555e+00,3.784216317151099407e+00,3.712373841452186962e+00,3.658315335851271666e+00,3.583166032517672850e+00
5.058394342687630996e+00,4.913556397416956933e+00,4.791879299530284797e+00,4.634167111447856868e+00,4.522298750481819063e+00,4.380848338754464777e+00,4.284335163743621777e+00,4.164290671021951162e+00,4.083915388236902366e+00,3.984768734374272370e+00,3.918694701113681678e+00,3.836710509371476618e+00,3.780867320994020897e+00,3.709026093418769765e+00,3.654975568963283905e+00,3.579768711918887902e+00
5.063125600097173162e+00,4.916987620630433931e+00,4.794235384472482764e+00,4.635188928820691778e+00,4.522427378727408076e+00,4.379936527613078390e+00,4.282782512764804039e+00,4.162041399666486008e+00,4.081275589381582414e+00,3.981749070304611227e+00,3.915496628625489084e+00,3.833380220005971672e+00,3.777506135587557434e+00,3.705671722958942205e+00,3.651633308339067518e+00,3.576373509843950860e+00
5.067859669776584752e+00,4.920413776963297181e+00,4.796580132174501188e+00,4.636192364012889477e+00,4.522533560218196413e+00,4.378998619252224778e+00,4.281202393221872349e+00,4.159764514130054991e+00,4.078609220513320643e+00,3.978705591292388100e+00,3.912277617183080647e+00,3.830033734513709209e+00,3.774132720017328246e+00,3.702310706593351597e+00,3.648288540854978557e+00,3.572980421785583616e+00
5.072596544417256048e+00,4.923834818428020732e+00,4.798913464451326050e+00,4.637177308999160807e+00,4.522617172838854671e+00,4.378034483487565964e+00,4.279594675946343685e+00,4.157459894159980074e+00,4.075916172199518961e+00,3.975638206221743687e+00,3.909037590724810940e+00,3.826670997556521847e+00,3.770747033565438500e+00,3.698943020976527940e+00,3.644941253468603648e+00,3.569589443256545369e+00
5.077336216686074266e+00,4.927250696940837393e+00,4.801235302995377374e+00,4.638143655652189778e+00,4.522678094418488115e+00,4.377043990165536691e+00,4.277959231869109757e+00,4.155127419684587764e+00,4.073196335232997178e+00,3.972546824233937901e+00,3.905776473447129860e+00,3.823291954028599005e+00,3.767349035710137350e+00,3.695568642896448264e+00,3.641591433218417606e+00,3.566200569789523822e+00
5.082078679225330298e+00,4.930661364321468731e+00,4.803545569376296065e+00,4.639091295742722387e+00,4.522716202731033697e+00,4.376027009164122461e+00,4.276295932021394464e+00,4.152766970814218084e+00,4.070449600632875864e+00,3.969431354727887662e+00,3.902494189804829983e+00,3.819896549056354118e+00,3.763938686125485322e+00,3.692187549274112079e+00,3.638239067223441037e+00,3.562813796937027710e+00
5.086823924652617457e+00,4.934066772292857728e+00,4.805844185040728078e+00,4.640020120939664316e+00,4.522731375495679274e+00,4.374983410393657124e+00,4.274604647535733548e+00,4.150378427842247753e+00,4.067675859645475178e+00,3.966291707360741103e+00,3.899190664511305471e+00,3.816484727998309623e+00,3.760515944681031453e+00,3.688799717163119940e+00,3.634884142682902830e+00,3.559429120271283775e+00
5.091571945560733781e+00,4.937466872480908542e+00,4.808131071312117477e+00,4.640930022810196398e+00,4.522723490377293487e+00,4.373913063797638223e+00,4.272885249646980022e+00,4.147961671246114257e+00,4.064875003745218152e+00,3.963127792048463327e+00,3.895865822538836731e+00,3.813056436444990371e+00,3.757080771441500211e+00,3.685405123749256440e+00,3.631526646875904429e+00,3.556046535384130625e+00
5.096322734517578112e+00,4.940861616414219171e+00,4.810406149390505703e+00,4.641820892819893629e+00,4.522692424986866300e+00,4.372815839353569878e+00,4.271137609693325565e+00,4.145516581688378999e+00,4.062046924635561496e+00,3.959939518966435035e+00,3.892519589118884848e+00,3.809611620218825934e+00,3.753633126666488629e+00,3.682003746350086093e+00,3.628166567161090761e+00,3.552666037886917927e+00
5.101076284066049737e+00,4.944250955523824764e+00,4.812669340352343283e+00,4.642692622332859287e+00,4.522638056881981505e+00,4.371691607073818986e+00,4.269361599117340589e+00,4.143043040017810874e+00,4.059191514249952171e+00,3.956726798550080471e+00,3.889151889742401558e+00,3.806150225374068441e+00,3.750172970810171869e+00,3.678595562414547437e+00,3.624803890976326937e+00,3.549287623410403381e+00
5.105832586723952460e+00,4.947634841142942719e+00,4.814920565150296206e+00,4.643545102611875919e+00,4.522560263567289240e+00,4.370540237006492745e+00,4.267557089467041820e+00,4.140540927270491167e+00,4.056308664752802606e+00,3.953489541495503801e+00,3.885762650160160536e+00,3.802672198196722420e+00,3.746700264521019452e+00,3.675180549522558682e+00,3.621438605838373626e+00,3.545911287604651463e+00
5.110591634983896903e+00,4.951013224506716881e+00,4.817159744613065619e+00,4.644378224818554557e+00,4.522458922494997147e+00,4.369361599236336602e+00,4.265723952396980323e+00,4.138010124670958412e+00,4.053398268540502336e+00,3.950227658760142369e+00,3.882351796383100240e+00,3.799177485204484839e+00,3.743214968641519036e+00,3.671758685384627352e+00,3.618070699342566421e+00,3.542537026138932177e+00
5.115353421313201032e+00,4.954386056751969747e+00,4.819386799445213754e+00,4.645191880013508801e+00,4.522333911065382850e+00,4.368155563885649073e+00,4.263862059669359716e+00,4.135450513633348812e+00,4.050460218242426969e+00,3.946941061563449704e+00,3.878919254682676065e+00,3.795666033146699814e+00,3.739717044207905960e+00,3.668329947841462157e+00,3.614700159162500537e+00,3.539164834701623796e+00
5.120117938153789794e+00,4.957753288916953771e+00,4.821601650226992497e+00,4.645985959156537781e+00,4.522185106627316209e+00,4.366922001115222329e+00,4.261971283155160606e+00,4.132861975762554430e+00,4.047494406721969362e+00,3.943629661387594076e+00,3.875464951591238272e+00,3.792137789004319970e+00,3.736206452449904791e+00,3.664894314863595515e+00,3.611326973049716393e+00,3.535794709000112945e+00
5.124885177922104518e+00,4.961114871941108895e+00,4.823804217414180862e+00,4.646760353106811792e+00,4.522012386478801993e+00,4.365660781125301426e+00,4.260051494835290775e+00,4.130244392855438207e+00,4.044500727077610769e+00,3.940293369978161930e+00,3.871988813902420556e+00,3.788592699989878021e+00,3.732683154790482849e+00,3.661451764551006072e+00,3.607951128833392751e+00,3.532426644760692902e+00
5.129655133008999002e+00,4.964470756664816520e+00,4.825994421337924223e+00,4.647514952623076567e+00,4.521815627867531440e+00,4.364371774156555084e+00,4.258102566801766464e+00,4.127597646902045447e+00,4.041479072644001747e+00,3.936932099344889746e+00,3.868490768671543290e+00,3.785030713547476555e+00,3.729147112845608625e+00,3.658002275132752334e+00,3.604572614420040289e+00,3.529060637728471228e+00
5.134427795779640924e+00,4.967820893829158813e+00,4.828172182204584217e+00,4.648249648363868225e+00,4.521594707991452466e+00,4.363054850491072223e+00,4.256124371258902528e+00,4.124921620086834828e+00,4.038429336993063501e+00,3.933545761762413662e+00,3.864970743216030513e+00,3.781451777352784926e+00,3.725598288424014637e+00,3.654545824966608514e+00,3.601191417793196958e+00,3.525696683667273845e+00
5.139203158573421248e+00,4.971165234075683337e+00,4.830337420095592194e+00,4.648964330887738861e+00,4.521349503999357644e+00,4.361709880453380705e+00,4.254116780524533681e+00,4.122216194789943167e+00,4.035351413935099885e+00,3.930134269771032418e+00,3.861428665115839376e+00,3.777855839313045028e+00,3.722036643526972721e+00,3.651082392538705257e+00,3.597807527013129114e+00,3.522334778359548224e+00
5.143981213703852973e+00,4.974503727946168574e+00,4.832490054967308879e+00,4.649658890653491028e+00,4.521079892991477500e+00,4.360336734411477622e+00,4.252079667031249954e+00,4.119481253588464398e+00,4.032245197519949365e+00,3.926697536177492953e+00,3.857864462213913548e+00,3.774242847567089942e+00,3.718462140348080869e+00,3.647611956463177041e+00,3.594420930216535748e+00,3.518974917606268349e+00
5.148761953458477869e+00,4.977836325882391222e+00,4.834630006650889378e+00,4.650333218020424653e+00,4.520785752020101356e+00,4.358935282777886222e+00,4.250012903327654357e+00,4.116716679257756084e+00,4.029110582038149424e+00,3.923235474055785765e+00,3.854278062616641076e+00,3.770612750485373699e+00,3.714874741273053615e+00,3.644134495481812230e+00,3.591031615616254058e+00,3.515617097226840571e+00
5.153545370098767897e+00,4.981162978225894378e+00,4.836757194852149944e+00,4.650987203248592827e+00,4.520466958090207044e+00,4.357505396010726173e+00,4.247916362079643626e+00,4.113922354772756584e+00,4.025947462022108958e+00,3.919747996747963370e+00,3.850669394694330894e+00,3.766965496670010349e+00,3.711274408879522202e+00,3.640649988463712461e+00,3.587639571500968572e+00,3.512261313059012124e+00
5.158331455860031056e+00,4.984483635217766384e+00,4.838871539151446299e+00,4.651620736499074482e+00,4.520123388160103062e+00,4.356046944614803351e+00,4.245789916071709413e+00,4.111098163309332421e+00,4.022755732247317084e+00,3.916235017864972967e+00,3.847038387081705757e+00,3.763301034954822377e+00,3.707661105936839174e+00,3.637158414404952023e+00,3.584244786234923374e+00,3.508907560958776983e+00
5.163120202951313686e+00,4.987798246998409901e+00,4.840972959003559062e+00,4.652233707834253273e+00,4.519754919142091154e+00,4.354559799142724508e+00,4.243633438208260777e+00,4.108243988245650513e+00,4.019535287733567941e+00,3.912696451287506427e+00,3.843384968678404068e+00,3.759619314405401980e+00,3.704034795405890979e+00,3.633659752428243905e+00,3.580847248257637006e+00,3.505555836800287928e+00
5.167911603555305433e+00,4.991106763607318086e+00,4.843061373737574726e+00,4.652826007218102689e+00,4.519361427903134221e+00,4.353043830196025255e+00,4.241446801514968001e+00,4.105359713163556634e+00,4.016286023746197031e+00,3.909132211166868931e+00,3.839709068649495460e+00,3.755920284319182123e+00,3.700395440438924766e+00,3.630153981782612949e+00,3.577446946083624013e+00,3.502206136475762843e+00
5.172705649828247765e+00,4.994409134982861431e+00,4.845136702556780861e+00,4.653397524516492467e+00,4.518942791265551762e+00,4.351498908426321144e+00,4.239229879140123280e+00,4.102445221849983170e+00,4.013007835797341549e+00,3.905542211925861817e+00,3.836010616426015041e+00,3.752203894225515590e+00,3.696743004379379638e+00,3.626641081843069436e+00,3.574043868302112514e+00,3.498858455895391906e+00
5.177502333899832720e+00,4.997705310962063940e+00,4.847198864538566632e+00,4.653948149497500353e+00,4.518498886007723314e+00,4.349924904536471182e+00,4.236982544356020952e+00,4.099500398298379089e+00,4.009700619647223796e+00,3.901926368259682754e+00,3.832289541705514058e+00,3.748470093885764243e+00,3.693077450761720559e+00,3.623121032110291129e+00,3.570638003576767083e+00,3.495512790987254537e+00
5.182301647873110539e+00,5.000995241280387305e+00,4.849247778634319772e+00,4.654477771831730948e+00,4.518029588864801660e+00,4.348321689281764435e+00,4.234704670560366147e+00,4.096525126710159448e+00,4.006364271305452363e+00,3.898284595136844111e+00,3.828545774452614125e+00,3.744718833293403382e+00,3.689398743311284701e+00,3.619593812210308403e+00,3.567229340645419633e+00,3.492169137697227477e+00
5.187103583824399955e+00,5.004278875571523955e+00,4.851283363669341320e+00,4.654986281092652334e+00,4.517534776529450902e+00,4.346689133471132394e+00,4.232396131277701201e+00,4.093519291496188650e+00,4.002998687032350844e+00,3.894616807800099334e+00,3.824779244899580988e+00,3.740950062674125665e+00,3.685706845944134002e+00,3.616059401894191172e+00,3.563817868319796300e+00,3.488827491988894636e+00
5.191908133803188719e+00,5.007556163367181234e+00,4.853305538342760350e+00,4.655473566756936243e+00,4.517014325652594309e+00,4.345027107968364888e+00,4.230056800160847175e+00,4.090482777278269033e+00,3.999603763340299878e+00,3.890922921767396403e+00,3.820989883546912047e+00,3.737163732485963230e+00,3.682001722766913065e+00,3.612517781037747788e+00,3.560403575485249217e+00,3.485487849843462271e+00
5.196715289832035900e+00,5.010827054096870015e+00,4.855314221227448712e+00,4.655939518204811556e+00,4.516468112844169269e+00,4.343335483693351762e+00,4.227686550992376446e+00,4.087415468890647219e+00,3.996179396995090283e+00,3.887202852832851274e+00,3.817177621163932333e+00,3.733359793419425365e+00,3.678283338076717257e+00,3.608968929641222623e+00,3.556986451100492275e+00,3.482150207259675501e+00
5.201525043906483958e+00,5.014091497087703964e+00,4.857309330769947309e+00,4.656384024720432890e+00,4.515896014673909775e+00,4.341614131623352080e+00,4.225285257686099527e+00,4.084317251381543556e+00,3.992725485017297959e+00,3.883456517067725766e+00,3.813342388789409121e+00,3.729538196397626848e+00,3.674551656360967034e+00,3.605412827828996747e+00,3.553566484197338227e+00,3.478814560253729038e+00
5.206337387994962818e+00,5.017349441564195267e+00,4.859290785290396819e+00,4.656806975492255418e+00,4.515297907672138678e+00,4.339862922794272215e+00,4.222852794288570522e+00,4.081188010014707324e+00,3.989241924683680551e+00,3.879683830821424984e+00,3.809484117732180319e+00,3.725698892576434496e+00,3.670806642297287148e+00,3.601849455849293502e+00,3.550143663880437561e+00,3.475480904859178377e+00
5.211152314038697497e+00,5.020600836648050347e+00,4.861258502982473750e+00,4.657208259613420331e+00,4.514673668330567935e+00,4.338081728301963480e+00,4.220389034980611243e+00,4.078027630271004789e+00,3.985728613528610520e+00,3.875884710722510729e+00,3.805602739571799731e+00,3.721841833344627926e+00,3.667048260753395184e+00,3.598278794073890285e+00,3.546717979327021819e+00,3.472149237126859855e+00
5.215969813951611300e+00,5.023845631357967356e+00,4.863212401913330929e+00,4.657587766082146530e+00,4.514023173103122843e+00,4.336270419303538404e+00,4.217893854078861082e+00,4.074835997850020597e+00,3.982185449345521100e+00,3.872059073679730457e+00,3.801698186159184534e+00,3.717966970324068754e+00,3.663276476786995861e+00,3.594700822997837886e+00,3.543289419786649574e+00,3.468819553124807609e+00
5.220789879620230778e+00,5.027083774609443445e+00,4.865152400023544210e+00,4.657945383802139183e+00,4.513346298406778700e+00,4.334428867018709219e+00,4.215367126037355305e+00,4.071612998671654715e+00,3.978612330188344259e+00,3.868206836883070654e+00,3.797770389617273867e+00,3.714074255369875566e+00,3.659491255645678454e+00,3.591115523239177154e+00,3.539857974580951083e+00,3.465491848938166530e+00
5.225612502903600465e+00,5.030315215214580249e+00,4.867078415127059188e+00,4.658281001583012504e+00,4.512642920622402798e+00,4.332556942731145000e+00,4.212808725449111336e+00,4.068358518877766450e+00,3.975009154372981968e+00,3.864327917804819545e+00,3.793819282341715837e+00,3.710163640570605992e+00,3.655692562766828857e+00,3.587522875538663225e+00,3.536423633103380482e+00,3.462166120669111002e+00
5.230437675633184291e+00,5.033539901881884937e+00,4.868990364911148561e+00,4.658594508140711632e+00,4.511912916095616843e+00,4.330654517789842117e+00,4.210218527047736359e+00,4.065072444833836229e+00,3.971375820478820540e+00,3.860422234200640901e+00,3.789844797001562515e+00,3.706235078248454329e+00,3.651880363777543881e+00,3.583922860759492846e+00,3.532986384818968872e+00,3.458842364436763184e+00
5.235265389612773212e+00,5.036757783216082807e+00,4.870888166936376606e+00,4.658885792097949619e+00,4.511156161137680698e+00,4.328721463610523124e+00,4.207596405709062459e+00,4.061754663130637155e+00,3.967712227350234322e+00,3.856489704110670935e+00,3.785846866539965827e+00,3.702288520959450491e+00,3.648054624494549536e+00,3.580315459887035257e+00,3.529546219264075191e+00,3.455520576377109965e+00
5.240095636618391062e+00,5.039968807717927213e+00,4.872771738636561878e+00,4.659154741984656845e+00,4.510372532026381442e+00,4.326757651677044514e+00,4.204942236452788862e+00,4.058405060585948299e+00,3.964018274098124461e+00,3.852530245860624092e+00,3.781825424174900530e+00,3.698323921493670063e+00,3.644215310924131312e+00,3.576700654028567516e+00,3.526103126046148617e+00,3.452200752642923032e+00
5.244928408398203956e+00,5.043172923784011275e+00,4.874640997318754110e+00,4.659401246238438432e+00,4.509561905006941096e+00,4.324762953542824029e+00,4.202255894444158812e+00,4.055023524246279543e+00,3.960293860101490093e+00,3.848543778062922804e+00,3.777780403399895182e+00,3.694341232875459902e+00,3.640362389262064013e+00,3.573078424413014709e+00,3.522657094843483883e+00,3.448882889403678931e+00
5.249763696672427926e+00,5.046370079706584910e+00,4.876495860163201357e+00,4.659625193205042315e+00,4.508724156292936769e+00,4.322737240832290162e+00,4.199537254995662217e+00,4.051609941388598202e+00,3.956538885008976436e+00,3.844530219617848132e+00,3.773711737984769332e+00,3.690340408363668168e+00,3.636495825893552691e+00,3.569448752390695034e+00,3.519208115404979687e+00,3.445566982845477799e+00
5.254601493133232104e+00,5.049560223673374537e+00,4.878336244223335783e+00,4.659826471138841519e+00,4.507859162067233250e+00,4.320680385242352095e+00,4.196786193568740941e+00,4.048164199522092943e+00,3.952753248740473513e+00,3.840489489714688620e+00,3.769619361976392913e+00,3.686321401451878810e+00,3.632615587393181578e+00,3.565811619433062685e+00,3.515756177549909989e+00,3.442253029170966094e+00
5.259441789444650794e+00,5.052743303767396554e+00,4.880162066425764777e+00,4.660004968203321774e+00,4.506966798482932468e+00,4.318592258543888285e+00,4.194002585775521652e+00,4.044686186389963467e+00,3.948936851488737076e+00,3.836421507832911804e+00,3.765503209699453180e+00,3.682284165868655812e+00,3.628721640524863457e+00,3.562167007132459595e+00,3.512301271167687311e+00,3.438941024599256657e+00
5.264284577242491991e+00,5.055919267966778818e+00,4.881973243570255860e+00,4.660160572471579776e+00,4.506046941664339833e+00,4.316472732583247485e+00,4.191186307380572629e+00,4.041175789971226173e+00,3.945089593721012644e+00,3.832326193743360143e+00,3.761363215757236311e+00,3.678228655577800765e+00,3.624813952241798365e+00,3.558514897201870752e+00,3.508843386217630478e+00,3.435630965365849665e+00
5.269129848134240568e+00,5.059088064144587449e+00,4.883769692329736678e+00,4.660293171926833011e+00,4.505099467707940342e+00,4.314321679283775524e+00,4.188337234302683676e+00,4.037632898482540256e+00,3.941211376180691950e+00,3.828203467509453617e+00,3.757199315032418774e+00,3.674154824778616213e+00,3.620892489686439841e+00,3.554855271474679945e+00,3.505382512728735023e+00,3.432322847722557579e+00
5.273977593698968569e+00,5.062249640068649192e+00,4.885551329250292341e+00,4.660402654462936667e+00,4.504124252683391560e+00,4.312138970647355407e+00,4.185455242616654914e+00,4.034057400380049785e+00,3.937302099888985385e+00,3.824053249488410966e+00,3.753011442687875565e+00,3.670062627906177877e+00,3.616957220190466060e+00,3.551188111904433509e+00,3.501918640799445370e+00,3.429016667937426099e+00
5.278827805487246394e+00,5.065403943401381781e+00,4.887318070751175192e+00,4.660488907884919207e+00,4.503121172634529046e+00,4.309924478755968735e+00,4.182540208555120209e+00,4.030449184361254211e+00,3.933361666146603763e+00,3.819875460332486039e+00,3.748799534167495562e+00,3.665952019631616654e+00,3.613008111274754075e+00,3.547513400564603625e+00,3.498451760597429683e+00,3.425712422294655557e+00
5.283680475021044209e+00,5.068550921699620737e+00,4.889069833124817244e+00,4.660551819909521498e+00,4.502090103580387748e+00,4.307678075773280213e+00,4.179592008510386592e+00,4.026808139366890416e+00,3.929389976535468065e+00,3.815670020990221900e+00,3.744563525197012854e+00,3.661822954862403723e+00,3.609045130649362054e+00,3.543831119648356509e+00,3.494981862359356484e+00,3.422410107094529419e+00
5.288535593793645795e+00,5.071690522414449731e+00,4.890806532536843498e+00,4.660591278165746587e+00,4.501030921516238514e+00,4.305399633946235483e+00,4.176610519036286995e+00,4.023134154582855615e+00,3.925386932920450711e+00,3.811436852707717371e+00,3.740303351784851849e+00,3.657675388742644085e+00,3.605068246213518623e+00,3.540141251468324590e+00,3.491508936390673501e+00,3.419109718653337460e+00
5.293393153269554396e+00,5.074822692891034492e+00,4.892528085026095042e+00,4.660607170195419258e+00,4.499943502414637031e+00,4.303089025606677609e+00,4.173595616850064971e+00,4.019427119442137375e+00,3.921352437451119943e+00,3.807175877029910893e+00,3.736018950222979029e+00,3.653509276653388316e+00,3.601077426055617536e+00,3.536443778456379583e+00,3.488032973065390063e+00,3.415811253303298489e+00
5.298253144884403021e+00,5.077947380368458496e+00,4.894234406504654800e+00,4.660599383453757127e+00,4.498827722226489634e+00,4.300746123172985769e+00,4.170547178834278057e+00,4.015686923626756943e+00,3.917286392563502417e+00,3.802887015801882598e+00,3.731710257087772042e+00,3.649324574212945649e+00,3.597072638453215454e+00,3.532738683163414439e+00,3.484553962825858164e+00,3.412514707392488411e+00
5.303115560044860288e+00,5.081064531979558652e+00,4.895925412757875073e+00,4.660567805309951517e+00,4.497683456882126229e+00,4.298370799151734367e+00,4.167465082038717128e+00,4.011913457069745448e+00,3.913188700981874657e+00,3.798570191170168364e+00,3.727377209240898104e+00,3.645121237277201498e+00,3.593053851873037718e+00,3.529025948259123524e+00,3.481071896182557079e+00,3.409220077284764727e+00
5.307980390128538950e+00,5.084174094750765427e+00,4.897601019444417503e+00,4.660512323047759864e+00,4.496510582292398972e+00,4.295962926139366367e+00,4.164349203682351508e+00,4.008106609957144073e+00,3.909059265720568277e+00,3.794225325584092090e+00,3.723019743830207950e+00,3.640899221939946528e+00,3.589021034970992563e+00,3.525305556531785456e+00,3.477586763713881979e+00,3.405927359359691931e+00
5.312847626483908847e+00,5.087276015601942092e+00,4.899261142096290378e+00,4.660432823866109686e+00,4.495308974349788933e+00,4.293522376823887043e+00,4.161199421155296285e+00,4.004266272730014009e+00,3.904897990085799631e+00,3.789852341797111279e+00,3.718637798290643559e+00,3.636658484533215052e+00,3.584974156592185768e+00,3.521577490888054829e+00,3.474098556065930765e+00,3.402636550012471339e+00
5.317717260430200099e+00,5.090370241346225733e+00,4.900905696118893928e+00,4.660329194879708758e+00,4.494078508929526983e+00,4.291049023986581723e+00,4.158015612020792950e+00,4.000392336086482814e+00,3.900704777677522994e+00,3.785451162868181285e+00,3.714231310345150749e+00,3.632398981627629642e+00,3.580913185770939755e+00,3.517841734352752159e+00,3.470607263952295796e+00,3.399347645653868266e+00
5.322589283257316950e+00,5.093456718689877150e+00,4.902534596791077171e+00,4.660201323119663286e+00,4.492819061890730659e+00,4.288542740503747730e+00,4.154797654017221120e+00,3.996484690983804100e+00,3.896479532391293521e+00,3.781021712163136872e+00,3.709800218005608219e+00,3.628120670032756401e+00,3.576838091730823788e+00,3.514098270068657381e+00,3.467112878153856492e+00,3.396060642710136968e+00
5.327463686225742734e+00,5.096535394232123650e+00,4.904147759265188533e+00,4.660049095534115615e+00,4.491530509077552580e+00,4.286003399348446763e+00,4.151545425060129801e+00,3.992543228640431430e+00,3.892222158420149736e+00,3.776563913356082658e+00,3.705344459573771676e+00,3.623823506797465122e+00,3.572748843884688164e+00,3.510347081296308236e+00,3.463615389518570620e+00,3.392775537622951365e+00
5.332340460566448392e+00,5.099606214465004506e+00,4.905745098567133589e+00,4.659872398988883724e+00,4.490212726320346626e+00,4.283430873592277699e+00,4.148258803244285531e+00,3.988567840538129960e+00,3.887932560256530667e+00,3.772077690430803099e+00,3.700863973642227744e+00,3.619507449210297878e+00,3.568645411834702408e+00,3.506588151413800425e+00,3.460114788961276222e+00,3.389492326849333548e+00
5.337219597480805433e+00,5.102669125773223513e+00,4.907326529596441667e+00,4.659671120268113143e+00,4.488865589436852765e+00,4.280825036407168938e+00,4.144937666845744495e+00,3.984558418424104076e+00,3.883610642694203641e+00,3.767562967682194230e+00,3.696358699095357636e+00,3.615172454799844282e+00,3.564527765372397017e+00,3.502821463916592215e+00,3.456611067463485121e+00,3.386211006861583162e+00
5.342101088140491782e+00,5.105724074434004223e+00,4.908891967126336020e+00,4.659445146074943978e+00,4.487488974233390771e+00,4.278185761067190285e+00,4.141581894323950408e+00,3.980514854313146333e+00,3.879256310830212051e+00,3.763019669717705185e+00,3.691828575110316368e+00,3.610818481335126950e+00,3.560395874478713196e+00,3.499047002417311258e+00,3.453104216073182631e+00,3.382931574147207243e+00
5.346984923687402080e+00,5.108771006616940724e+00,4.910441325803811097e+00,4.659194363032180597e+00,4.486082756506064584e+00,4.275512920950383489e+00,4.138191364323853705e+00,3.976437040489810393e+00,3.874869470066848898e+00,3.758447721458796131e+00,3.687273541158025747e+00,3.606445486825998525e+00,3.556249709324059260e+00,3.495264750645563190e+00,3.449594225904632161e+00,3.379654025208848722e+00
5.351871095233556197e+00,5.111809868383851985e+00,4.911974520149707146e+00,4.658918657682975528e+00,4.484646812041990671e+00,4.272806389540612315e+00,4.134765955678046723e+00,3.972324869510594603e+00,3.870450026113638753e+00,3.753847048142417098e+00,3.682693537004174456e+00,3.602053429523535577e+00,3.552089240268367476e+00,3.491474692447745998e+00,3.446081088138175819e+00,3.376378356564218919e+00
5.356759593861006863e+00,5.114840605688639741e+00,4.913491464558791932e+00,4.658617916491523125e+00,4.483181016620534365e+00,4.270066040429433052e+00,4.131305547408925527e+00,3.968178234206164223e+00,3.865997884989349931e+00,3.749217575322498774e+00,3.678088502710235463e+00,3.597642267920451609e+00,3.547914437861160675e+00,3.487676811786865283e+00,3.442564794020042562e+00,3.373104564746030487e+00
5.361650410621750851e+00,5.117863164377148166e+00,4.914992073299856656e+00,4.658292025843765671e+00,4.481685246014563972e+00,4.267291747317988104e+00,4.127810018730875719e+00,3.963997027683591856e+00,3.861512953024031969e+00,3.744559228871457535e+00,3.673458378634495425e+00,3.593211960751508727e+00,3.543725272841621976e+00,3.483871092742349962e+00,3.439045334862149250e+00,3.369832646301924139e+00
5.366543536537640158e+00,5.120877490187027981e+00,4.916476260515806551e+00,4.657940872048108361e+00,4.480159375991723536e+00,4.264483384018917356e+00,4.124279249052478669e+00,3.959781143328618747e+00,3.856995136861064211e+00,3.739871934981721768e+00,3.668803105433092071e+00,3.588762466993938638e+00,3.539521716138668062e+00,3.480057519509875075e+00,3.435522702041912790e+00,3.366562597794403366e+00
5.371438962600287859e+00,5.123883528747596117e+00,4.917943940223757693e+00,4.657564341336140501e+00,4.478603282315712697e+00,4.261640824458287291e+00,4.120713117978739071e+00,3.955530474807934294e+00,3.852444343459227483e+00,3.735155620167274648e+00,3.664122624061069367e+00,3.584293745867880521e+00,3.535303738871032664e+00,3.476236076401186370e+00,3.431996887002062291e+00,3.363294415800767378e+00
5.376336679770976623e+00,5.126881225579696277e+00,4.919395026315141806e+00,4.657162319863371813e+00,4.477016840747583437e+00,4.258763942677544989e+00,4.117111505313338249e+00,3.951244916071481761e+00,3.847860480094799307e+00,3.730410211265209330e+00,3.659416875773443767e+00,3.579805756836816233e+00,3.531071312347350943e+00,3.472406747843926222e+00,3.428467881250447657e+00,3.360028096913040940e+00
5.381236678980569899e+00,5.129870526095569261e+00,4.920829432555811955e+00,4.656734693709981165e+00,4.475399927047052806e+00,4.255852612835488102e+00,4.113474291060903454e+00,3.946924361354799959e+00,3.843243454363676648e+00,3.725635635437303250e+00,3.654685802126280247e+00,3.575298459608016621e+00,3.526824408066247862e+00,3.468569518381465766e+00,3.424935676359853964e+00,3.356763637737911754e+00
5.386138951129423980e+00,5.132851375598724175e+00,4.922247072586160677e+00,4.656281348881568860e+00,4.473752416973837853e+00,4.252906709210255265e+00,4.109801355429310021e+00,3.942568705181388022e+00,3.838593174183522194e+00,3.720831820171608406e+00,3.649929344977782542e+00,3.570771814132994049e+00,3.522562997716433220e+00,3.464724372672733477e+00,3.421400263967815381e+00,3.353501034896660293e+00
5.391043487087295638e+00,5.135823719283804323e+00,4.923647859921233660e+00,4.655802171309920467e+00,4.472074186288995890e+00,4.249926106201342257e+00,4.106092578832007511e+00,3.938177842365069292e+00,3.833909547795905759e+00,3.715998693284062959e+00,3.645147446489397591e+00,3.566225780607964690e+00,3.518287053176804235e+00,3.460871295492050859e+00,3.417861635776431761e+00,3.350240285025094522e+00
5.395950277693247088e+00,5.138787502236460192e+00,4.925031707950846105e+00,4.655297046853789311e+00,4.470365110756279847e+00,4.246910678331634159e+00,4.102347841890358282e+00,3.933751668012388070e+00,3.829192483768497635e+00,3.711136182920114379e+00,3.640340049126931543e+00,3.561660319474319714e+00,3.513996546516549468e+00,3.457010271728972572e+00,3.414319783552189680e+00,3.346981384773485946e+00
5.400859313755559832e+00,5.141742669433223334e+00,4.926398529939720383e+00,4.654765861299684282e+00,4.468625066143516733e+00,4.243860300249461481e+00,4.098567025436008926e+00,3.929290077525051217e+00,3.824441890997274385e+00,3.706244217556361242e+00,3.635507095661675514e+00,3.557075391419099120e+00,3.509691449995256729e+00,3.453141286388124342e+00,3.410774699125778131e+00,3.343724330806503886e+00
5.405770586051643178e+00,5.144689165741378467e+00,4.927748239027611277e+00,4.654208500362659429e+00,4.466853928223994075e+00,4.240774846730675840e+00,4.094750010513282135e+00,3.924792966602369759e+00,3.819657678708732185e+00,3.701322726002218122e+00,3.630648529171549121e+00,3.552470957375476690e+00,3.505371736063031207e+00,3.449264324589047082e+00,3.407226374391910895e+00,3.340469119803151088e+00
5.410684085327942761e+00,5.147626935918845348e+00,4.929080748229444531e+00,4.653624849687129306e+00,4.465051572777863242e+00,4.237654192680746945e+00,4.090896678381590768e+00,3.920260231243744453e+00,3.814839756462150344e+00,3.696371637401582699e+00,3.625764293042257336e+00,3.547846978523252925e+00,3.501037377360614933e+00,3.445379371566038795e+00,3.403674801309152009e+00,3.337215748456694886e+00
5.415599802299852605e+00,5.150555924614055314e+00,4.930395970435458963e+00,4.653014794847686986e+00,4.463217875593564088e+00,4.234498213136881795e+00,4.087006910517882119e+00,3.915691767751165564e+00,3.809988034151864600e+00,3.691390881234533516e+00,3.620854330968453105e+00,3.543203416289351093e+00,3.496688346719509344e+00,3.441486412668004480e+00,3.400119971899737248e+00,3.333964213474607696e+00
5.420517727651621875e+00,5.153476076365826941e+00,4.931693818411347685e+00,4.652378221349929177e+00,4.461352712469258464e+00,4.231306783270164296e+00,4.083080588619100837e+00,3.911087472731731740e+00,3.805102422009553287e+00,3.686380387319046381e+00,3.615918586954918190e+00,3.538540232348326597e+00,3.492324617162104516e+00,3.437585433358309128e+00,3.396561878249398703e+00,3.330714511578503956e+00
5.425437852036266051e+00,5.156387335603256794e+00,4.932974204798415307e+00,4.651715014631299994e+00,4.459455959214279730e+00,4.228079778387713539e+00,4.079117594604679375e+00,3.906447243100202638e+00,3.800182830606555040e+00,3.681340085812720098e+00,3.610957005317757318e+00,3.533857388622882567e+00,3.487946161901814168e+00,3.433676419214627185e+00,3.393000512507194255e+00,3.327466639504072177e+00
5.430360166075474559e+00,5.159289646645597749e+00,4.934237042113726268e+00,4.651025060061940053e+00,4.457527491650598250e+00,4.224817073934871381e+00,4.075117810619052428e+00,3.901770976081582631e+00,3.795229170856215806e+00,3.676269907214525734e+00,3.605969530685604774e+00,3.529154847284388996e+00,3.483552954343216435e+00,3.429759355928799103e+00,3.389435866885337489e+00,3.324220594001015883e+00
5.435284660359521069e+00,5.162182953702144417e+00,4.935482242750271809e+00,4.650308242945547121e+00,4.455567185614308201e+00,4.221518545497406905e+00,4.071081119034195339e+00,3.897058569213727175e+00,3.790241354016257613e+00,3.671169782366568324e+00,3.600956108000846090e+00,3.524432570753412985e+00,3.479144968082195977e+00,3.425834229306688350e+00,3.385867933659024942e+00,3.320976371832990548e+00
5.440211325447173785e+00,5.165067200872122122e+00,4.936709718977135175e+00,4.649564448520249194e+00,4.453574916957125929e+00,4.218184068803743081e+00,4.067007402452194498e+00,3.892309920349963370e+00,3.785219291691160226e+00,3.666039642455874326e+00,3.595916682520845953e+00,3.519690521700256980e+00,3.474722176906088755e+00,3.421901025268042851e+00,3.382296705166267348e+00,3.317733969777539205e+00
5.445140151865604849e+00,5.167942332144576767e+00,4.937919382939653268e+00,4.648793561959488230e+00,4.451550561547899854e+00,4.214813519727208302e+00,4.062896543707833708e+00,3.887524927661746066e+00,3.780162895834576542e+00,3.660879419016195069e+00,3.590851199819195205e+00,3.514928663045503221e+00,3.470284554793837017e+00,3.417959729846356876e+00,3.378722173807722662e+00,3.314493384626030714e+00
5.450071130110298867e+00,5.170808291398263812e+00,4.939111146659597829e+00,4.647995468372909222e+00,4.449493995274145242e+00,4.211406774288307453e+00,4.058748425871209875e+00,3.882703489641346817e+00,3.775072078751777305e+00,3.655689043929823967e+00,3.585759605786972060e+00,3.510146957960564862e+00,3.465832075916150501e+00,3.414010329188734261e+00,3.375144332046533080e+00,3.311254613183601592e+00
5.455004250644962305e+00,5.173665022401541691e+00,4.940284922035355741e+00,4.647170052807269691e+00,4.447405094043588747e+00,4.207963708657017854e+00,4.054562932250380669e+00,3.877845505104557500e+00,3.769946753102103809e+00,3.650468449429438600e+00,3.580641846634013525e+00,3.505345369868245964e+00,3.461364714635664086e+00,3.410052809555757847e+00,3.371563172408158060e+00,3.308017652269092057e+00
5.459939503901434676e+00,5.176512468812267898e+00,4.941440620842108444e+00,4.646317200247351842e+00,4.445283733785728941e+00,4.204484199155105628e+00,4.050339946394031720e+00,3.872950873193433452e+00,3.764786831901462794e+00,3.645217568099959671e+00,3.575497868890204156e+00,3.500523862443311263e+00,3.456882445507105217e+00,3.406087157321358472e+00,3.367978687480211342e+00,3.304782498714983419e+00
5.464876880279596172e+00,5.179350574177688848e+00,4.942578154732022000e+00,4.645436795616883607e+00,4.443129790453417272e+00,4.200968122258468718e+00,4.046079352094173132e+00,3.868019493379058815e+00,3.759592228524839097e+00,3.639936332880426395e+00,3.570327619406777231e+00,3.495682399613059932e+00,3.452385243277468874e+00,3.402113358972685297e+00,3.364390869912300630e+00,3.301549149367340785e+00
5.469816370147278839e+00,5.182179281934342185e+00,4.943697435234443383e+00,4.644528723779485446e+00,4.440943140024453228e+00,4.197415354599502990e+00,4.041781033388860855e+00,3.863051265464324757e+00,3.754362856708828300e+00,3.634624677065896314e+00,3.565131045357624373e+00,3.490820945557906896e+00,3.447873082886190321e+00,3.398131401109980576e+00,3.360799712415867280e+00,3.298317601085752226e+00
5.474757963840171548e+00,5.184998535407956410e+00,4.944798373756097654e+00,4.643592869539614476e+00,4.438723658503195502e+00,4.193825772969486110e+00,4.037444874564945607e+00,3.858046089586760985e+00,3.749098630554204892e+00,3.629282534309363317e+00,3.559908094240629151e+00,3.485939464711976132e+00,3.443345939465325412e+00,3.394141270446457526e+00,3.357205207764025090e+00,3.295087850743268820e+00
5.479701651661734729e+00,5.187808277813349633e+00,4.945880881581289579e+00,4.642629117643519265e+00,4.436471221922193564e+00,4.190199254320992495e+00,4.033070760160854640e+00,3.853003866221390794e+00,3.743799464528514420e+00,3.623909838623690316e+00,3.554658713879009113e+00,3.481037921763695309e+00,3.438803788339738432e+00,3.390142953808176873e+00,3.353607348791403986e+00,3.291859895226343813e+00
5.484647423883108885e+00,5.190608452254333649e+00,4.946944869872112349e+00,4.641637352780214165e+00,4.434185706343829025e+00,4.186535675770332254e+00,4.028658574969396611e+00,3.847924496183600329e+00,3.738465273468688288e+00,3.618506524383564571e+00,3.549382852422669377e+00,3.476116281656404183e+00,3.434246605027291288e+00,3.386136438133927395e+00,3.350006128393995031e+00,3.288633731434773999e+00
5.489595270743020450e+00,5.193399001723618014e+00,4.947990249668664298e+00,4.640617459582460747e+00,4.431866987861978302e+00,4.182834914600007892e+00,4.024208204040594872e+00,3.842807880632051809e+00,3.733095972583691857e+00,3.613072526327474776e+00,3.544080458349577967e+00,3.471174509588968782e+00,3.429674365239034017e+00,3.382121710475110010e+00,3.346401539528991886e+00,3.285409356281641102e+00
5.494545182447694742e+00,5.196179869102715010e+00,4.949016931889261173e+00,4.639569322627756343e+00,4.429514942603693939e+00,4.179096848261197650e+00,4.019719532684548291e+00,3.837653921071616292e+00,3.727691477457193869e+00,3.607607779559715677e+00,3.538751480467146937e+00,3.466212571016401345e+00,3.425087044879407294e+00,3.378098757995620982e+00,3.342793575214640267e+00,3.282186766693252711e+00
5.499497149170762711e+00,5.198950997161847276e+00,4.950024827330659072e+00,4.638492826439339467e+00,4.427129446730896589e+00,4.175321354376266392e+00,4.015192446474323162e+00,3.832462519356346409e+00,3.722251704050259846e+00,3.602112219552399797e+00,3.533395867913635691e+00,3.461230431650490491e+00,3.420484620046445823e+00,3.374067567971741788e+00,3.339182228530082508e+00,3.278965959609085878e+00
5.504451161053172115e+00,5.201712328559861653e+00,4.951013846668285368e+00,4.637387855487205890e+00,4.424710376442091864e+00,4.171508310741301351e+00,4.010626831248877089e+00,3.827233577692479294e+00,3.716776568704088568e+00,3.596585782147492694e+00,3.528013570159569401e+00,3.456228057460437153e+00,3.415867067031984394e+00,3.370028127792026318e+00,3.335567492615205243e+00,3.275746931981726284e+00
5.509407208203098705e+00,5.204463805844135926e+00,4.951983900456467858e+00,4.636254294189135372e+00,4.422257607974101390e+00,4.167657595328670084e+00,4.006022573116007734e+00,3.821966998641454616e+00,3.711265988142764538e+00,3.591028403558879756e+00,3.522604537009162318e+00,3.451205414673501171e+00,3.411234362321870606e+00,3.365980424957190742e+00,3.331949360670492855e+00,3.272529680776811833e+00
5.514365280695849414e+00,5.207205371450488229e+00,4.952934899128671908e+00,4.635092026911728169e+00,4.419771017603806307e+00,4.163769086289610399e+00,4.001379558455331775e+00,3.816662685122979681e+00,3.705719879476038425e+00,3.585440020374446313e+00,3.517168718601765054e+00,3.446162469775654991e+00,3.406586482596183352e+00,3.361924447080010925e+00,3.328327825956876929e+00,3.269314202972976702e+00
5.519325368573775314e+00,5.209936967703099775e+00,4.953866752997742928e+00,4.633900937971448641e+00,4.417250481649918292e+00,4.159842661956839827e+00,3.996697673921294491e+00,3.811320540418125624e+00,3.700138160202141258e+00,3.579820569558179955e+00,3.511706065413327416e+00,3.441099189512242251e+00,3.401923404729454425e+00,3.357860181885212736e+00,3.324702881795587484e+00,3.266100495561792272e+00
5.524287461846180136e+00,5.212658536814428700e+00,4.954779372256153280e+00,4.632680911635692844e+00,4.414695876474760361e+00,4.155878200847186399e+00,3.991976806446213111e+00,3.805940468172451130e+00,3.694520748210627037e+00,3.574169988452295055e+00,3.506216528257876330e+00,3.436015540888646136e+00,3.397245105790892783e+00,3.353787617209374794e+00,3.321074521568006865e+00,3.262888555547711178e+00
5.529251550489230560e+00,5.215370020885123026e+00,4.955672666976252749e+00,4.631431832123861447e+00,4.412107078486067202e+00,4.151875581664258519e+00,3.987216843243348130e+00,3.800522372399164794e+00,3.688867561785254878e+00,3.568488214779380385e+00,3.500700058289002659e+00,3.430911491170967942e+00,3.392551563044614582e+00,3.349706741000825883e+00,3.317442738715524975e+00,3.259678379948010463e+00
5.534217624445864736e+00,5.218071361903942496e+00,4.956546547110526113e+00,4.630153583608437984e+00,4.409483964138808609e+00,4.147834683301137915e+00,3.982417671810010606e+00,3.795066157482310576e+00,3.683178519606886248e+00,3.562775186644571601e+00,3.495156607001370208e+00,3.425787007886712754e+00,3.387842753949879437e+00,3.345617541319542365e+00,3.313807526739393605e+00,3.256469965792736954e+00
5.539185673625699025e+00,5.220762501747682194e+00,4.957400922491852491e+00,4.628846050216088415e+00,4.406826409937021793e+00,4.143755384843091250e+00,3.977579179930694764e+00,3.789571728179990551e+00,3.677453540756409289e+00,3.557030842537746373e+00,3.489586126232242513e+00,3.420642058825483556e+00,3.383118656161329785e+00,3.341520006337058479e+00,3.310168879200582559e+00,3.253263310124649532e+00
5.544155687904942731e+00,5.223443382181096162e+00,4.958235702833774461e+00,4.627509116028767799e+00,4.404134292435671227e+00,4.139637565570319033e+00,3.972701255680247900e+00,3.784038989627631633e+00,3.671692544717720885e+00,3.551255121335736842e+00,3.483988568163016275e+00,3.415476612039679782e+00,3.378379247529232021e+00,3.337414124336366417e+00,3.306526789719638870e+00,3.250058409999163178e+00
5.549127657126300406e+00,5.226113944856816573e+00,4.959050797730766291e+00,4.626142665084838512e+00,4.401407488242523591e+00,4.135481104960728516e+00,3.967783787427070497e+00,3.778467847341274499e+00,3.665895451380717596e+00,3.545447962304574041e+00,3.478363885320781890e+00,3.410290635845207863e+00,3.373624506099729636e+00,3.333299883711824396e+00,3.302881251976545585e+00,3.246855262484296123e+00
5.554101571098883028e+00,5.228774131315282681e+00,4.959846116658510162e+00,4.624746581380202670e+00,4.398645874020038704e+00,4.131285882692729672e+00,3.962826663836350516e+00,3.772858207220910920e+00,3.660062181044323015e+00,3.539609305101751424e+00,3.472712030579898634e+00,3.405084098822200644e+00,3.368854410115094566e+00,3.329177272969068735e+00,3.299232259710582316e+00,3.243653864660613451e+00
5.559077419598120073e+00,5.231423882984671536e+00,4.960621568974178608e+00,4.623320748869441665e+00,4.395849326487283548e+00,4.127051778648069380e+00,3.957829773873337675e+00,3.767209975553841073e+00,3.654192654419555542e+00,3.533739089778508813e+00,3.467032957163580509e+00,3.399856969815742591e+00,3.364068938013981214e+00,3.325046280724923697e+00,3.295579806720185356e+00,3.240454213621172030e+00
5.564055192365662705e+00,5.234063141180822498e+00,4.961377063916717844e+00,4.621865051466973462e+00,4.393017722421860505e+00,4.122778672914690468e+00,3.952793006806640363e+00,3.761523059018074822e+00,3.648286792632623232e+00,3.527837256782154540e+00,3.461326618645499842e+00,3.394609217936605638e+00,3.359268068431694232e+00,3.320906895707312234e+00,3.291923886862811344e+00,3.237256306471465894e+00
5.569034879109295844e+00,5.236691847107170616e+00,4.962112510607142646e+00,4.620379373048221439e+00,4.390150938661856905e+00,4.118466445789611186e+00,3.947716252211563859e+00,3.755797364685774298e+00,3.642344517228053302e+00,3.521903746958401804e+00,3.455592968951416655e+00,3.389340812561994376e+00,3.354451780200450539e+00,3.316759106755172049e+00,3.288264494054799592e+00,3.234060140329373390e+00
5.574016469502847571e+00,5.239309941854680908e+00,4.962827818048827666e+00,4.618863597450792113e+00,4.387248852107817676e+00,4.114114977781848204e+00,3.942599399973486296e+00,3.750032800026729340e+00,3.636365750171850486e+00,3.515938501553728113e+00,3.449831962360819571e+00,3.384051723336294337e+00,3.349620052349652433e+00,3.312602902818374773e+00,3.284601622271236199e+00,3.230865712325103889e+00
5.578999953186096761e+00,5.241917366401783518e+00,4.963522895127809420e+00,4.617317608475669743e+00,4.384311339724740186e+00,4.109724149615362698e+00,3.937442340291265719e+00,3.744229272911877793e+00,3.630350413854709135e+00,3.509941462217767594e+00,3.444043553508583155e+00,3.378741920171830948e+00,3.344772864106162924e+00,3.308438272957640702e+00,3.280935265545820378e+00,3.227673019601139170e+00
5.583985319764679822e+00,5.244514061614306222e+00,4.964197650613092705e+00,4.615741289888416254e+00,4.381338278544072651e+00,4.105293842232032198e+00,3.932244963680683547e+00,3.738386691616855106e+00,3.624298431095253292e+00,3.503912571005729060e+00,3.438227697386644799e+00,3.373411373249646239e+00,3.339910194894582851e+00,3.304265206344461525e+00,3.277265417970730788e+00,3.224482059312185900e+00
5.588972558810005431e+00,5.247099968245414914e+00,4.964851993156962351e+00,4.614134525420388933e+00,4.378329545665747169e+00,4.100823936794665947e+00,3.927007160977932454e+00,3.732504964825591021e+00,3.618209725143295863e+00,3.497851770380839831e+00,3.432384349345697583e+00,3.368060053020274669e+00,3.335032024337540424e+00,3.300083692261021717e+00,3.273592073696492299e+00,3.221292828625120119e+00
5.593961659859157720e+00,5.249675026935553213e+00,4.965485831295296748e+00,4.612497198769972329e+00,4.375285018260233194e+00,4.096314314690035374e+00,3.921728823343133552e+00,3.726584001633928889e+00,3.612084219683141306e+00,3.491759003216818424e+00,3.426513465096908906e+00,3.362687930204526943e+00,3.330138332255976330e+00,3.295893720100121271e+00,3.269915226931845442e+00,3.218105324718933957e+00
5.598952612414799468e+00,5.252239178212382953e+00,4.966099073447884926e+00,4.610829193603819043e+00,4.372204573570598996e+00,4.091764857531944521e+00,3.916409842263892660e+00,3.720623711553307178e+00,3.605921838836938953e+00,3.485634212800366782e+00,3.420615000713652432e+00,3.357294975794289815e+00,3.325229098669440386e+00,3.291695279365104199e+00,3.266234871943616280e+00,3.214919544784685002e+00
5.603945405945092162e+00,5.254792362490728230e+00,4.966691627918759622e+00,4.609130393558105609e+00,4.369088088914607759e+00,4.087175447164340447e+00,3.911050109558896981e+00,3.714624004514490707e+00,3.599722507168079844e+00,3.479477342833695364e+00,3.414688912633259577e+00,3.351881161053328118e+00,3.320304303796390410e+00,3.287488359669783478e+00,3.262551003056586296e+00,3.211735486025441233e+00
5.608940029883596523e+00,5.257334520072517670e+00,4.967263402896527680e+00,4.607400682239796375e+00,4.365935441686830565e+00,4.082545965664439613e+00,3.905649517381551306e+00,3.708584790871316095e+00,3.593486149684614883e+00,3.473288337437083317e+00,3.408735157658788761e+00,3.346446457518100548e+00,3.315363928054491094e+00,3.283272950738371776e+00,3.258863614653362717e+00,3.208553145656231731e+00
5.613936473629182800e+00,5.259865591146732910e+00,4.967814306454696904e+00,4.605639943227924249e+00,4.362746509360770908e+00,4.077876295345895130e+00,3.900207958223658622e+00,3.702505981404490054e+00,3.587212691842707635e+00,3.467067141151461751e+00,3.402753692960815535e+00,3.340990836998587010e+00,3.310407952060927528e+00,3.279049042405413950e+00,3.255172701174254168e+00,3.205372520903992495e+00
5.618934726545944613e+00,5.262385515789357093e+00,4.968344246552024224e+00,4.603848060074889226e+00,4.359521169491022086e+00,4.073166318762001303e+00,3.894725324919131815e+00,3.696387487325440091e+00,3.580902059550143068e+00,3.460813698941023198e+00,3.396744476079244013e+00,3.335514271579116841e+00,3.305436356632713846e+00,3.274816624615715543e+00,3.251478257117141002e+00,3.202193609007514041e+00
5.623934777963095932e+00,5.264894233963323344e+00,4.968853131032862969e+00,4.602024916307760449e+00,4.356259299715444122e+00,4.068415918708926604e+00,3.889201510647753324e+00,3.690229220280196731e+00,3.574554179169866952e+00,3.454527956195867056e+00,3.390707464925137860e+00,3.330016733619213909e+00,3.300449122787008083e+00,3.270575687424278843e+00,3.247780277037349617e+00,3.199016407217393887e+00
5.628936617174885804e+00,5.267391685518465927e+00,4.969340867627507485e+00,4.600170395429597825e+00,4.352960777757356681e+00,4.063624978228984830e+00,3.883636408938975659e+00,3.684031092353336145e+00,3.568168977523577645e+00,3.448209858734672117e+00,3.384642617782571250e+00,3.324498195754448382e+00,3.295446231741440357e+00,3.266326220996239371e+00,3.244078755547532555e+00,3.195840912795983257e+00
5.633940233440505096e+00,5.269877810191474055e+00,4.969807363952556400e+00,4.598284380920783398e+00,4.349625481427759510e+00,4.058793380613934687e+00,3.878029913675758777e+00,3.677793016071964960e+00,3.561746381895362301e+00,3.441859352807401073e+00,3.378549893310504260e+00,3.318958630897297812e+00,3.290427664914434835e+00,3.262068215606803712e+00,3.240373687317540607e+00,3.192667123017336905e+00
5.638945615983994131e+00,5.272352547605844819e+00,4.970252527511269669e+00,4.596366756240370499e+00,4.346253288627575095e+00,4.053921009408318454e+00,3.872381919098463410e+00,3.671514904409736602e+00,3.555286320035354386e+00,3.435476385098037877e+00,3.372429250544672019e+00,3.313398012238021106e+00,3.285393403925540134e+00,3.257801661641189561e+00,3.236665067074300683e+00,3.189495035167163817e+00
5.643952753994153859e+00,5.274815837271844110e+00,4.970676265693932727e+00,4.594417404827446205e+00,4.342844077349909071e+00,4.049007748412839724e+00,3.866692319808779921e+00,3.665196670790929367e+00,3.548788720163444932e+00,3.429060902727357973e+00,3.366280648899499184e+00,3.307816313245536044e+00,3.280343430595768162e+00,3.253526549594565331e+00,3.232952889601693691e+00,3.186324646542770811e+00
5.648961636624446392e+00,5.277267618586460429e+00,4.971078485778232192e+00,4.592436210102497363e+00,4.339397725682334617e+00,4.044053481687774010e+00,3.860961010773697133e+00,3.658838229094570238e+00,3.542253510973051966e+00,3.422612853255726950e+00,3.360104048170041935e+00,3.302213507668313675e+00,3.275277726947935619e+00,3.249242870071993305e+00,3.229237149740435520e+00,3.183155954453019465e+00
5.653972252992909731e+00,5.279707830833365811e+00,4.971459094929635114e+00,4.590423055468805913e+00,4.335914111809204385e+00,4.039058093556421092e+00,3.855187887329528884e+00,3.652439493658613756e+00,3.535680621634923693e+00,3.416132184685930717e+00,3.353899408533941973e+00,3.296589569535280262e+00,3.270196275207005510e+00,3.244950613788372351e+00,3.225517842387955358e+00,3.179988956218273266e+00
5.658984592182064510e+00,5.282136413182876744e+00,4.971818000201762899e+00,4.588377824313845998e+00,4.332393114013979307e+00,4.034021468608584016e+00,3.849372845185976111e+00,3.646000379284167536e+00,3.529069981800992739e+00,3.409618845466050541e+00,3.347666690553412483e+00,3.290944473156727668e+00,3.265099057800441074e+00,3.240649771568387738e+00,3.221794962498278014e+00,3.176823649170347430e+00
5.663998643238818076e+00,5.284553304691917752e+00,4.972155108536784773e+00,4.586300400010701495e+00,4.328834610681592920e+00,4.028943491704096047e+00,3.843515780430240447e+00,3.639520801239763959e+00,3.522421521608280592e+00,3.403072784492362945e+00,3.341405855177240536e+00,3.285278193125237056e+00,3.259986057358560174e+00,3.236340334346456515e+00,3.218068505081905339e+00,3.173660030652460051e+00
5.669014395174374776e+00,5.286958444303988536e+00,4.972470326765812132e+00,4.584190665919498642e+00,4.325238480300825472e+00,4.023824047976385820e+00,3.837616589531192002e+00,3.633000675265685597e+00,3.515735171682830007e+00,3.396493951112280030e+00,3.335116863742814353e+00,3.279590704316611482e+00,3.254857256714893232e+00,3.232022293166674665e+00,3.214338465205696327e+00,3.170498098019182809e+00
5.674031836964139153e+00,5.289351770849126666e+00,4.972763561609289340e+00,4.582048505388844895e+00,4.321604601466706441e+00,4.018663022836076237e+00,3.831675169343576215e+00,3.626439917578348826e+00,3.509010863143708914e+00,3.389882295127321310e+00,3.328799677978179439e+00,3.273881981890819581e+00,3.249712638906551820e+00,3.227695639182770027e+00,3.210604837992754312e+00,3.167337848636396558e+00
5.679050957547626233e+00,5.291733223043881829e+00,4.973034719677403181e+00,4.579873801757291751e+00,4.317932852882947259e+00,4.013460301974629552e+00,3.825691417112273562e+00,3.619838444874740713e+00,3.502248527607061401e+00,3.383237766796122425e+00,3.322454260004110260e+00,3.268152001292949471e+00,3.244552187174596813e+00,3.223360363658052563e+00,3.206867618622309291e+00,3.164179279881234930e+00
5.684071745828371824e+00,5.294102739491280296e+00,4.973283707470487869e+00,4.577666438354805578e+00,4.314223113364390905e+00,4.008215771368028868e+00,3.819665230476612550e+00,3.613196174336907873e+00,3.495448097190195558e+00,3.376560316837485143e+00,3.316080572336213894e+00,3.262400738254175980e+00,3.239375884964415420e+00,3.219016457965370837e+00,3.203126802329604672e+00,3.161022389142037703e+00
5.689094190673835705e+00,5.296460258680796507e+00,4.973510431379436270e+00,4.575426298504252642e+00,4.310475261839490813e+00,4.002929317280504939e+00,3.813596507474732000e+00,3.606513023636505721e+00,3.488609504515741033e+00,3.369849896433462000e+00,3.309678577887057660e+00,3.256628168792737643e+00,3.234183715926101321e+00,3.214663913587066268e+00,3.199382384405782709e+00,3.157867173818306394e+00
5.694118280915309249e+00,5.298805718988329971e+00,4.973714797686123568e+00,4.573153265522904576e+00,4.306689177352814646e+00,3.997600826268299379e+00,3.807485146547993971e+00,3.599788910939399678e+00,3.481732682715852345e+00,3.363106457232480029e+00,3.303248239968316735e+00,3.250834269214920802e+00,3.228975663914838368e+00,3.210302722114929619e+00,3.195634360197770363e+00,3.154713631320654521e+00
5.699144005347824837e+00,5.301139058676180404e+00,4.973896712563832700e+00,4.570847222723962489e+00,4.302864739067579158e+00,3.992230185183475388e+00,3.801331046545452619e+00,3.593023754910332102e+00,3.474817565436457922e+00,3.356329951352503560e+00,3.296789522292952856e+00,3.245019016116060140e+00,3.223751712991290486e+00,3.205932875250158798e+00,3.191882725108166508e+00,3.151561759070756086e+00
5.704171352730056377e+00,5.303460215893021079e+00,4.974056082077679797e+00,4.568508053418078418e+00,4.299001826268200155e+00,3.986817281177771566e+00,3.795134106728379475e+00,3.586217474717648290e+00,3.467864086841578874e+00,3.349520331384236549e+00,3.290302388977419668e+00,3.239182386381551648e+00,3.218511847421999583e+00,3.201554364803318897e+00,3.188127474595134014e+00,3.148411554501303389e+00
5.709200311784229598e+00,5.305769128673875734e+00,4.974192812185051160e+00,4.566135640914908755e+00,4.295100318362878866e+00,3.981362001706495679e+00,3.788894226774836671e+00,3.579369990038074878e+00,3.460872181617701049e+00,3.342677550394367980e+00,3.283786804543894711e+00,3.233324357187874032e+00,3.213256051679786562e+00,3.197167182694304444e+00,3.184368604172289619e+00,3.145263015055958178e+00
5.714230871196035899e+00,5.308065734940107028e+00,4.974306808736044694e+00,4.563729868524680100e+00,4.291160094886208753e+00,3.975864234532466845e+00,3.782611306784316785e+00,3.572481221061564405e+00,3.453841784978181284e+00,3.335801561928857240e+00,3.277242733922533180e+00,3.227444906003625213e+00,3.207984310444154996e+00,3.192771320952301650e+00,3.180606109408587123e+00,3.142116138189301022e+00
5.719263019614528432e+00,5.310349972499395221e+00,4.974397977473914878e+00,4.561290619559762227e+00,4.287181035501806292e+00,3.970323867730005230e+00,3.776285247282433755e+00,3.565551088496206056e+00,3.446772832667741149e+00,3.328892320016260786e+00,3.270670142453757201e+00,3.221544010590565943e+00,3.202696608601705908e+00,3.188366771715752446e+00,3.176839985928213927e+00,3.138970921366787792e+00
5.724296745652032392e+00,5.312621779045716863e+00,4.974466224035523076e+00,4.558817777336266808e+00,4.283163020004984389e+00,3.964740789688963041e+00,3.769915949225667084e+00,3.558579513573196351e+00,3.439665260967015303e+00,3.321949779171103234e+00,3.264068995890572644e+00,3.215621649004679394e+00,3.197392931246553882e+00,3.183953527232321612e+00,3.173070229410484444e+00,3.135827362064702584e+00
5.729332037884052653e+00,5.314881092159337683e+00,4.974511453951798501e+00,4.556311225175657675e+00,4.279105928325442676e+00,3.959114889118807934e+00,3.763503314006174882e+00,3.551566418051881335e+00,3.432519006697146491e+00,3.314973894397293286e+00,3.257439260400906811e+00,3.209677799597242753e+00,3.192073263680746287e+00,3.179531579858862589e+00,3.169296835589729522e+00,3.132685457770110204e+00
5.734368884849180503e+00,5.317127849306794829e+00,4.974533572648199176e+00,4.553770846406377970e+00,4.275009640529980892e+00,3.953446055052748598e+00,3.757047243456663299e+00,3.544511724224870708e+00,3.425334007224459576e+00,3.307964621191582300e+00,3.250780902569986086e+00,3.203712441015912127e+00,3.186737591414697146e+00,3.175100922061385944e+00,3.165519800255189420e+00,3.129545205980808209e+00
5.739407275049000390e+00,5.319361987840886208e+00,4.974532485445180008e+00,4.551196524365487939e+00,4.270874036825254016e+00,3.947734176851915411e+00,3.750547639855320803e+00,3.537415354923204358e+00,3.418110200465183102e+00,3.300921915547069041e+00,3.244093889402738462e+00,3.197725552205820332e+00,3.181385900167615244e+00,3.170661546415029619e+00,3.161739119250907670e+00,3.126406604205282935e+00
5.744447196947990442e+00,5.321583445000665158e+00,4.974508097558667075e+00,4.548588142400330270e+00,4.266698997560549600e+00,3.941979144209584618e+00,3.744004405930811075e+00,3.530277233521584179e+00,3.410847524890239235e+00,3.293845733956756838e+00,3.237378188326225370e+00,3.191717112410684898e+00,3.176018175867941995e+00,3.166213445604032284e+00,3.157954788475628494e+00,3.123269649962665095e+00
5.749488638973432764e+00,5.323792157911428014e+00,4.974460314100531910e+00,4.545945583870205198e+00,4.262484403230592633e+00,3.936180847155457130e+00,3.737417444867334737e+00,3.523097283943703140e+00,3.403545919530100772e+00,3.286736033417147596e+00,3.230633767192105488e+00,3.185687101173933389e+00,3.170634404653802640e+00,3.161756612421706247e+00,3.154166803882692438e+00,3.120134340782681370e+00
5.754531589515320178e+00,5.325988063584712329e+00,4.974389040079080893e+00,4.543268732148057154e+00,4.258230134478381501e+00,3.930339176059990614e+00,3.730786660309747038e+00,3.515875430667628088e+00,3.396205323979719637e+00,3.279592771431891318e+00,3.223860594279134073e+00,3.179635498339839383e+00,3.165234572873453445e+00,3.157291039770409480e+00,3.150375161479932018e+00,3.117000674205606892e+00
5.759576036926261189e+00,5.328171098918287107e+00,4.974294180399548182e+00,4.540557470622189840e+00,4.253936072098061238e+00,3.924454021638779988e+00,3.724111956368747922e+00,3.508611598731264269e+00,3.388825678403527775e+00,3.272415906015482268e+00,3.217058638295692052e+00,3.173562284054670446e+00,3.159818667085736443e+00,3.152816720661522076e+00,3.146579857329568686e+00,3.113868647782224830e+00
5.764621969521384948e+00,5.330341200696153692e+00,4.974175639864589549e+00,4.537811682697991955e+00,4.249602097037820769e+00,3.918525274956989879e+00,3.717393237626148039e+00,3.501305713737896674e+00,3.381406923540494880e+00,3.265205395697008850e+00,3.210227868382343974e+00,3.167467438767855192e+00,3.154386674060542184e+00,3.148333648215425828e+00,3.142780887548109803e+00,3.110738259073779766e+00
5.769669375578250659e+00,5.332498305588553755e+00,4.974033323174785082e+00,4.535031251799680696e+00,4.245228090402823007e+00,3.912552827433843472e+00,3.710630409140192487e+00,3.493957701861787779e+00,3.373949000709254520e+00,3.257961199523955909e+00,3.203368254114434599e+00,3.161350943233163235e+00,3.148938580779276464e+00,3.143841815661481132e+00,3.138978248306245611e+00,3.107609505651929727e+00
5.774718243336747214e+00,5.334642350151956869e+00,4.973867134929144562e+00,4.532216061372063898e+00,4.240813933458166929e+00,3.906536570847171763e+00,3.703823376450958715e+00,3.486567489853875657e+00,3.366451851813311968e+00,3.250683277066050980e+00,3.196479765504717019e+00,3.155212778509894900e+00,3.143474374435335505e+00,3.139341216338005669e+00,3.135171935828754197e+00,3.104482385098704000e+00
5.779768560998999938e+00,5.336773270829067606e+00,4.973676979625623495e+00,4.529365994882316393e+00,4.236359507631875410e+00,3.900476397338009438e+00,3.696972045585823707e+00,3.479135005047543583e+00,3.358915419346330644e+00,3.243371588419173612e+00,3.189562373006019413e+00,3.149052925964090921e+00,3.137994042434586461e+00,3.134831843692258868e+00,3.131361946394398910e+00,3.101356895006458725e+00
5.784820316729280876e+00,5.338891003948835312e+00,4.973462761661641807e+00,4.526480935821781237e+00,4.231864694517930126e+00,3.894372199415253810e+00,3.690076323065007546e+00,3.471660175364472245e+00,3.351339646397478944e+00,3.236026094209312198e+00,3.182616047513945112e+00,3.142871367269753247e+00,3.132497572395853247e+00,3.130313691280422805e+00,3.127548276335826660e+00,3.098233032977829815e+00
5.789873498653909323e+00,5.340995485726456771e+00,4.973224385334607867e+00,4.523560767707781594e+00,4.227329375879329554e+00,3.888223869960382828e+00,3.683136115907191588e+00,3.464142929320583431e+00,3.343724476656871225e+00,3.228646755596574991e+00,3.175640760369606852e+00,3.136668084410081381e+00,3.126984952151407260e+00,3.125786752767585330e+00,3.123730922039472890e+00,3.095110796625691219e+00
5.794928094861158563e+00,5.343086652263384195e+00,4.972961754842453175e+00,4.520605374085453043e+00,4.222753433651182497e+00,3.882031302232227254e+00,3.676151331635208130e+00,3.456583196032053884e+00,3.336069854421077174e+00,3.221233534279268618e+00,3.168636483362397893e+00,3.130443059678729156e+00,3.121456169747466092e+00,3.121251021927728075e+00,3.119909879945460762e+00,3.091990183573112727e+00
5.799984093401159946e+00,5.345164439547335888e+00,4.972674774284164378e+00,4.517614638529598992e+00,4.218136749943837138e+00,3.875794389871806356e+00,3.669121878281814020e+00,3.448980905221420645e+00,3.328375724598707119e+00,3.213786392498028111e+00,3.161603188732803105e+00,3.124196275681072166e+00,3.115911213444700678e+00,3.116706492643712689e+00,3.116085146547506124e+00,3.088871191453312015e+00
5.805041482285810517e+00,5.347228783452308676e+00,4.972363347660328614e+00,4.514588444646561172e+00,4.213479207046041175e+00,3.869513026907225761e+00,3.662047664395540636e+00,3.441335987223777426e+00,3.320642032716085712e+00,3.206305293040002891e+00,3.154540849175248685e+00,3.117927715335488514e+00,3.110350071718742893e+00,3.112153158907267514e+00,3.112256718392820254e+00,3.085753817909611119e+00
5.810100249488676205e+00,5.349279619738595670e+00,4.972027378873682402e+00,4.511526676076106135e+00,4.208780687428141931e+00,3.863187107758635719e+00,3.654928599046621152e+00,3.433648372993054032e+00,3.312868724923004216e+00,3.198790199243105370e+00,3.147449437840989628e+00,3.111637361874661334e+00,3.104772733260706907e+00,3.107591014818978259e+00,3.108424592082014382e+00,3.082638060595396468e+00
5.815160382944893236e+00,5.351316884052793377e+00,4.971666771729663203e+00,4.508429216493337499e+00,4.204041073745322876e+00,3.856816527243257742e+00,3.647764591833001280e+00,3.425917994108403697e+00,3.305055747998566051e+00,3.191241075000318617e+00,3.140328928341037606e+00,3.105325198846896839e+00,3.099179186977710554e+00,3.103020054588279564e+00,3.104588764269005985e+00,3.079523917174073588e+00
5.820221870551077537e+00,5.353340511927821233e+00,4.971281429936978746e+00,4.505295949610625073e+00,4.199260248840871235e+00,3.850401180580469429e+00,3.640555552886433954e+00,3.418144782780662805e+00,3.297203049357112725e+00,3.183657884764072410e+00,3.133179294749125710e+00,3.098991210117456152e+00,3.093569421993406010e+00,3.098440272533445228e+00,3.100749231660919758e+00,3.076411385319021807e+00
5.825284700165227925e+00,5.355350438782946476e+00,4.970871257108163910e+00,4.502126759179550852e+00,4.194438095749486450e+00,3.843940963396957677e+00,3.633301392878662828e+00,3.410328671858916749e+00,3.289310577054231466e+00,3.176040593550678359e+00,3.126000511604719367e+00,3.092635379869907108e+00,3.087943427648520700e+00,3.093851663081582881e+00,3.096905991017998794e+00,3.073300462713556502e+00
5.830348859606628409e+00,5.357346599923798358e+00,4.970436156760155377e+00,4.498921528992877228e+00,4.189574497700622402e+00,3.837435771731941614e+00,3.626002023027686150e+00,3.402469594837166156e+00,3.281378279792868113e+00,3.168389166944832525e+00,3.118792553916070798e+00,3.086257692607492054e+00,3.082301193501398640e+00,3.089254220768631765e+00,3.093059039153510881e+00,3.070191147050882918e+00
5.835414336655757594e+00,5.359328930542396563e+00,4.969976032314877834e+00,4.495680142886536501e+00,4.184669338121877580e+00,3.830885502042463475e+00,3.618657355104112572e+00,3.394567485861085032e+00,3.273406106929521275e+00,3.160703571104181098e+00,3.111555397163310310e+00,3.079858133154511179e+00,3.076642709328554659e+00,3.084647940239353403e+00,3.089208372933651692e+00,3.067083436034051314e+00
5.840481119054187431e+00,5.361297365717173413e+00,4.969490787099823947e+00,4.492402484741639057e+00,4.179722500642412797e+00,3.824290051208747432e+00,3.611267301437607991e+00,3.386622279734891272e+00,3.265394008480529298e+00,3.152983772763954029e+00,3.104289017301585130e+00,3.073436686657727179e+00,3.070967965125231292e+00,3.080032816247330274e+00,3.085353989277457742e+00,3.063977327375918325e+00
5.845549194504488177e+00,5.363251840412996074e+00,4.968980324348642341e+00,4.489088438486501076e+00,4.174733869096409755e+00,3.817649316539628579e+00,3.603831774923431652e+00,3.378633911928308198e+00,3.257341935128473143e+00,3.145229739241672373e+00,3.096993390764243070e+00,3.066993338587788553e+00,3.065276951105964098e+00,3.075408843654968916e+00,3.081495885156713577e+00,3.060872818799104778e+00
5.850618550670136919e+00,5.365192289481199417e+00,4.968444547201740669e+00,4.485737888098699777e+00,4.169703327526582015e+00,3.810963195778058754e+00,3.596350689029071290e+00,3.370602318583638013e+00,3.249249838228648546e+00,3.137441438441923580e+00,3.089668494466057957e+00,3.060528074740668458e+00,3.059569657705155876e+00,3.070776017433496818e+00,3.077634057595860728e+00,3.057769908035952167e+00
5.855689175175416317e+00,5.367118647659618880e+00,4.967883358706890462e+00,4.482350717607141100e+00,4.164630760187711722e+00,3.804231587106680301e+00,3.588823957800967523e+00,3.362527436522932067e+00,3.241117669815639868e+00,3.129618838861211394e+00,3.082314305806506116e+00,3.054040881239122207e+00,3.053846075577655750e+00,3.066134332662961981e+00,3.073768503671907570e+00,3.054668592828480023e+00
5.860761055605316017e+00,5.369030849572616226e+00,4.967296661819828429e+00,4.478926811094154026e+00,4.159516051550231630e+00,3.797454389153479770e+00,3.581251495871337287e+00,3.354409203255281913e+00,3.232945382610017848e+00,3.121761909592870143e+00,3.074930802673091268e+00,3.047531744534168308e+00,3.048106195599348922e+00,3.061483784532240904e+00,3.069899220514341831e+00,3.051568870928346389e+00
5.865834179505443835e+00,5.370928829731114185e+00,4.966684359404882620e+00,4.475466052697607999e+00,4.154359086303854198e+00,3.790631500997518000e+00,3.573633218465098516e+00,3.346247556984234262e+00,3.224732930025131061e+00,3.113870620332059413e+00,3.067517963444713835e+00,3.041000651406584598e+00,3.042350008867750422e+00,3.056824368339037701e+00,3.066026205305040886e+00,3.048470740096803855e+00
5.870908534381927169e+00,5.372812522532636414e+00,4.966046354235590599e+00,4.471968326613046329e+00,4.149159749361242433e+00,3.783762822174734364e+00,3.565969041406896967e+00,3.338042436615291209e+00,3.216480266173995961e+00,3.105944941380838653e+00,3.060075766995087321e+00,3.034447588968422593e+00,3.036577506702607288e+00,3.052156079489889873e+00,3.062149455278179833e+00,3.045374198104659591e+00
5.875984107701311743e+00,5.374681862261340370e+00,4.965382548995327383e+00,4.468433517095848018e+00,4.143917925861717144e+00,3.776848252683834506e+00,3.558258881128236517e+00,3.329793781763541016e+00,3.208187345876296170e+00,3.097984843653315501e+00,3.052604192696211083e+00,3.027872544664553356e+00,3.030788680646511413e+00,3.047478913500178077e+00,3.058268967720150222e+00,3.042279242732235822e+00
5.881060886890469241e+00,5.376536783088058158e+00,4.964692846277944049e+00,4.464861508463411788e+00,4.138633501175015716e+00,3.769887692992255346e+00,3.550502654674708047e+00,3.321501532761414133e+00,3.199854124665497679e+00,3.089990298680872716e+00,3.045103220421891521e+00,3.021275506274220035e+00,3.024983522465516828e+00,3.042792865994130569e+00,3.054384739969471241e+00,3.039185871769323644e+00
5.886138859336499607e+00,5.378377219070340054e+00,4.963977148588408994e+00,4.461252185097360545e+00,4.133306360905094401e+00,3.762881044042216683e+00,3.542700279713335565e+00,3.313165630666552897e+00,3.191480558796081279e+00,3.081961278617474154e+00,3.037572830551314329e+00,3.014656461912616159e+00,3.019162024149765422e+00,3.038097932704834747e+00,3.050496769416701337e+00,3.036094083015145717e+00
5.891218012386632452e+00,5.380203104152492699e+00,4.963235358343456305e+00,4.457605431445767152e+00,4.127936390893975016e+00,3.755828207256853180e+00,3.534851674540025801e+00,3.304786017269801146e+00,3.183066605250872705e+00,3.073897756245060897e+00,3.030013003972671370e+00,3.008015400032493680e+00,3.013324177914123769e+00,3.033394109474245592e+00,3.046605053504354732e+00,3.033003874278316747e+00
5.896298333348132026e+00,5.382014372165629723e+00,4.962467377872240348e+00,4.453921132025410401e+00,4.122523477225638722e+00,3.748729084546433832e+00,3.526956758087126165e+00,3.296362635103327499e+00,3.174612221748500218e+00,3.065799704979026874e+00,3.022423722086839071e+00,3.001352309425779463e+00,3.007469976198826611e+00,3.028681392253196769e+00,3.042709589726813046e+00,3.029915243376799516e+00
5.901379809488200401e+00,5.383810956827714378e+00,4.961673109416998351e+00,4.450199171424048750e+00,4.117067506229965979e+00,3.741583578314668479e+00,3.519015449931107931e+00,3.287895427448878305e+00,3.166117366750976991e+00,3.057667098873776634e+00,3.014804966811117204e+00,2.994667179225220188e+00,3.001599411670126560e+00,3.023959777101415725e+00,3.038810375630244476e+00,3.026828188137867137e+00
5.906462428033876222e+00,5.385592791743608387e+00,4.960852455133717420e+00,4.446439434302723370e+00,4.111568364486728022e+00,3.734391591465101801e+00,3.511027670300357784e+00,3.279384338346147842e+00,3.157581999471392287e+00,3.049499912628377718e+00,3.007156720583018750e+00,2.987959998906054349e+00,2.995712477220953129e+00,3.019229260187537900e+00,3.034907408812519414e+00,3.023742706398062641e+00
5.911546176171937894e+00,5.387359810405125238e+00,4.960005317092811339e+00,4.442641805398084287e+00,4.106025938829620081e+00,3.727153027407597463e+00,3.502993340083085272e+00,3.270829312601296390e+00,3.149006079881730091e+00,3.041298121592296955e+00,2.999478966364121035e+00,2.981230758287701121e+00,2.989809165971584193e+00,3.014489837789121385e+00,3.031000686923126075e+00,3.020658796003157232e+00
5.916631041048812101e+00,5.389111946191079916e+00,4.959131597279804460e+00,4.438806169524737832e+00,4.100440116350349662e+00,3.719867790064918189e+00,3.494912380835354604e+00,3.262230295795598423e+00,3.140389568720819646e+00,3.033061701771230467e+00,2.991771687643973276e+00,2.974479447535472332e+00,2.983889471270321891e+00,3.009741506292662017e+00,3.027090207663086563e+00,3.017576454808110320e+00
5.921717009770471662e+00,5.390849132367345753e+00,4.958231197596017381e+00,4.434932411577625189e+00,4.094810784402776349e+00,3.712535783879401752e+00,3.486784714789243012e+00,3.253587234294233355e+00,3.131732427502412541e+00,3.024790629833026046e+00,2.984034868444062738e+00,2.967706057162310618e+00,2.977953386694178750e+00,3.004984262193611588e+00,3.023175968784874268e+00,3.014495680677029998e+00
5.926804069402334285e+00,5.392571302086909490e+00,4.957304019859261501e+00,4.431020416534417805e+00,4.089137830607100454e+00,3.705156913819720010e+00,3.478610264861119905e+00,3.244900075255212624e+00,3.123034618523387707e+00,3.016484883113697890e+00,2.976268493321847508e+00,2.960910578030553797e+00,2.972000906049575342e+00,3.000218102096400052e+00,3.019257968092336153e+00,3.011416471483136181e+00
5.931892206969167525e+00,5.394278388389928125e+00,4.956349965804541569e+00,4.427070069457952783e+00,4.083421142854105845e+00,3.697731085387748085e+00,3.470388954660051262e+00,3.236168766638449767e+00,3.114296104872092741e+00,3.008144439623542610e+00,2.968472547374844339e+00,2.954093001353720993e+00,2.966032023373041060e+00,2.995443022714455950e+00,3.015336203440608820e+00,3.008338825108717973e+00
5.936981409454993752e+00,5.395970324203791968e+00,4.955368937084768888e+00,4.423081255498684250e+00,4.077660609309450734e+00,3.690258204625531668e+00,3.462120708496337240e+00,3.227393257214991706e+00,3.105516850436825571e+00,2.999769278053349364e+00,2.960647016244783103e+00,2.947253318698321412e+00,2.960046732931930435e+00,2.990659020870222840e+00,3.011410672736035021e+00,3.005262739445094144e+00
5.942071663802991566e+00,5.397647042343187707e+00,4.954360835271478081e+00,4.419053859897162262e+00,4.071856118418020642e+00,3.682738178122349382e+00,3.453805451390185244e+00,3.218573496576392134e+00,3.096696819914452892e+00,2.991359377780711259e+00,2.952791886121826526e+00,2.940391521985694645e+00,2.954045029225146113e+00,2.985866093495184614e+00,3.007481373936088165e+00,3.002188212392575828e+00
5.947162956915392762e+00,5.399308475510156136e+00,4.953325561855543846e+00,4.414987767986542799e+00,4.066007558908331987e+00,3.675170913021883035e+00,3.445443109080519761e+00,3.209709435144230127e+00,3.087835978819170712e+00,2.982914718876439775e+00,2.944907143748852540e+00,2.933507603493875848e+00,2.948026906983872930e+00,2.981064237629894365e+00,3.003548305049291045e+00,2.999115241860426551e+00
5.952255275653384636e+00,5.400954556294162323e+00,4.952263018247914594e+00,4.410882865195119962e+00,4.060114819796988073e+00,3.667556317029491808e+00,3.437033608033921883e+00,3.200801024179789955e+00,3.078934293491404350e+00,2.974435282111086210e+00,2.936992776425806362e+00,2.926601555859483561e+00,2.941992361172319992e+00,2.976253450423995250e+00,2.999611464135136352e+00,2.996043825766824042e+00
5.957348606837013172e+00,5.402585217172165777e+00,4.951173105780353190e+00,4.406739037048896357e+00,4.054177790393200809e+00,3.659894298419592573e+00,3.428576875453716255e+00,3.191848215793907428e+00,3.069991731106858524e+00,2.965921048961566164e+00,2.929048772014120949e+00,2.919673372079638174e+00,2.935941386988472956e+00,2.971433729136247148e+00,2.995670849304010286e+00,2.992973962038819824e+00
5.962442937245085339e+00,5.404200390508686169e+00,4.950055725706177689e+00,4.402556169174169476e+00,4.048196360303359498e+00,3.652184766043152564e+00,3.420072839289199695e+00,3.182850962956969898e+00,3.061008259685731758e+00,2.957372001617889268e+00,2.921075118941206306e+00,2.912723045513908371e+00,2.929873979864859201e+00,2.966605071134557292e+00,2.991726458717111292e+00,2.989905648612301903e+00
5.967538253615069621e+00,5.405800008555877945e+00,4.948910779201014520e+00,4.398334147300153596e+00,4.042170419435668016e+00,3.644427629335292185e+00,3.411521428245015475e+00,3.173809219509088564e+00,3.051983848102066688e+00,2.948788122990006144e+00,2.913071806205008496e+00,2.905750569886281554e+00,2.923790135469318763e+00,2.961767473896006919e+00,2.987778290586374119e+00,2.986838883431956582e+00
5.972634542642995648e+00,5.407384003453604038e+00,4.947738167363558759e+00,4.394072857261633658e+00,4.036099858004839724e+00,3.636622798322998396e+00,3.402922571790679918e+00,3.164722940170441756e+00,3.042918466093269103e+00,2.940169396714765071e+00,2.905038823378646828e+00,2.898755939287166683e+00,2.917689849705789928e+00,2.956920935006881912e+00,2.983826343174393436e+00,2.983773664451230268e+00
5.977731790983356497e+00,5.408952307229507817e+00,4.946537791216339741e+00,4.389772185001639571e+00,4.029984566536846557e+00,3.628770183632955337e+00,3.394276200170256885e+00,3.155592080551777645e+00,3.033812084269785103e+00,2.931515807162983211e+00,2.896976160615114537e+00,2.891739148175427765e+00,2.911573118715103714e+00,2.952065452162707437e+00,2.979870614794346118e+00,2.980709989632289503e+00
5.982829985249007443e+00,5.410504851799095682e+00,4.945309551706494666e+00,4.385432016574160485e+00,4.023824435873743610e+00,3.620869696499493529e+00,3.385582244412191244e+00,3.146416597165095475e+00,3.024664674124918573e+00,2.922827339446637751e+00,2.888883808652060292e+00,2.884700191380442647e+00,2.905439938875787220e+00,2.947201023168279921e+00,2.975911103809915748e+00,2.977647856945984106e+00
5.987929112011065591e+00,5.412041568965817007e+00,4.944053349706549305e+00,4.381052238146887490e+00,4.017619357178542572e+00,3.612921248772659855e+00,3.376840636339294655e+00,3.137196447434515978e+00,3.015476208044847617e+00,2.914103979426172497e+00,2.880761758816651419e+00,2.877639064104192901e+00,2.899290306804881645e+00,2.942327645937698133e+00,2.971947808635218014e+00,2.974587264371810758e+00
5.993029157798814843e+00,5.413562390421139625e+00,4.942769086015210256e+00,4.376632736003978508e+00,4.011369221940153551e+00,3.604924752926407461e+00,3.368051308578895231e+00,3.127931589707336535e+00,3.006246659318805747e+00,2.905345713717927492e+00,2.872610003030507730e+00,2.870555761923387461e+00,2.893124219358772731e+00,2.937445318494400937e+00,2.967980727734725654e+00,2.971528209897873918e+00
5.998130109099604645e+00,5.415067247744639545e+00,4.941456661358158975e+00,4.372173396548867608e+00,4.005073921978403284e+00,3.596880122066909991e+00,3.359214194573155510e+00,3.118621983265255082e+00,2.996976002149414064e+00,2.896552529701693413e+00,2.864428533814717071e+00,2.863450280791615565e+00,2.886941673634024763e+00,2.932554038971205923e+00,2.964009859623192078e+00,2.968470691520847193e+00
6.003231952358746071e+00,5.416556072404087097e+00,4.940115976388857355e+00,4.367674106307100956e+00,3.998733349449106189e+00,3.588787269941002833e+00,3.350329228589550290e+00,3.109267588335790311e+00,2.987664211663201730e+00,2.887724415528392541e+00,2.856217344294933014e+00,2.856322617041531231e+00,2.880742666968231003e+00,2.927653805610345383e+00,2.960035202865578530e+00,2.965414707245936032e+00
6.008334673979416785e+00,5.418028795755533089e+00,4.938746931689358632e+00,4.363134751929201194e+00,3.992347396849206032e+00,3.580646110944758931e+00,3.341396345731522111e+00,3.099868366103905704e+00,2.978311263921307628e+00,2.878861360127890290e+00,2.847976428206554278e+00,2.849172767387071481e+00,2.874527196940880991e+00,2.922744616763504499e+00,2.956056756076982595e+00,2.962360255086842642e+00
6.013438260322559792e+00,5.419485349043395850e+00,4.937349427771125399e+00,4.358555220193570889e+00,3.985915957021990863e+00,3.572456560132188930e+00,3.332415481949303260e+00,3.090424278723815199e+00,2.968917135930363216e+00,2.869963353216932855e+00,2.839705779899987181e+00,2.842000728925707431e+00,2.868295261374231853e+00,2.917826470891864865e+00,2.952074517922562702e+00,2.959307333065728240e+00
6.018542697706779521e+00,5.420925663400555372e+00,4.935923365075858271e+00,4.353935398009425306e+00,3.979438923162375019e+00,3.564218533224075891e+00,3.323386574050916753e+00,3.080935289330994031e+00,2.959481805653561448e+00,2.861030385307222978e+00,2.831405394345997806e+00,2.834806499140728686e+00,2.862046858334193367e+00,2.912899366566146675e+00,2.948088487117464407e+00,2.956255939213173978e+00
6.023647972408245899e+00,5.422349669848448350e+00,4.934468643976331670e+00,4.349275172419764246e+00,3.972916188822256167e+00,3.555931946616954775e+00,3.314309559713364717e+00,3.071401362054408501e+00,2.950005252021911772e+00,2.852062447713632043e+00,2.823075267141147204e+00,2.827590075903562816e+00,2.855781986131229466e+00,2.907963302466648692e+00,2.944098662426752000e+00,2.953206071568145408e+00
6.028754070660593101e+00,5.423757299297162326e+00,4.932985164777238474e+00,4.344574430604374982e+00,3.966347647915936747e+00,3.547596717392222043e+00,3.305184377493989079e+00,3.061822462028933600e+00,2.940487454945696300e+00,2.843059532562547620e+00,2.814715394513319424e+00,2.820351457476128587e+00,2.849500643321268178e+00,2.903018277383292656e+00,2.940105042665334789e+00,2.950157728177955185e+00
6.033860978654819185e+00,5.425148482545536943e+00,4.931472827716040896e+00,4.339833059882867161e+00,3.959733194725628014e+00,3.539212763325390920e+00,3.296010966842027656e+00,3.052198555407991787e+00,2.930928395326116043e+00,2.834021632800366675e+00,2.806325773327336570e+00,2.813090642513226047e+00,2.843202828706625329e+00,2.898064290215671690e+00,2.936107626697894712e+00,2.947110907098227539e+00
6.038968682539179511e+00,5.426523150281258090e+00,4.929931532963825802e+00,4.335050947717748571e+00,3.953072723907026464e+00,3.530780002895492320e+00,3.286789268110360762e+00,3.042529609376403599e+00,2.921328055067133889e+00,2.824948742202131324e+00,2.797906401090668904e+00,2.805807630064963920e+00,2.836888541336944680e+00,2.893101339973098707e+00,2.932106413438818393e+00,2.944065606392861856e+00
6.044077168419090818e+00,5.427881233080964485e+00,4.928361180626172455e+00,4.330227981717536423e+00,3.946366130494963986e+00,3.522298355294618322e+00,3.277519222567445212e+00,3.032815592163469187e+00,2.911686417087533840e+00,2.815840855380311591e+00,2.789457275959240867e+00,2.798502419579221634e+00,2.830557780510146504e+00,2.888129425774650372e+00,2.928101401852125196e+00,2.941021824133994933e+00
6.049186422357034409e+00,5.429222661410353368e+00,4.926761670744034483e+00,4.325364049639907726e+00,3.939613309909141048e+00,3.513767740437621079e+00,3.268200772409452171e+00,3.023056473056269233e+00,2.902003465333186760e+00,2.806697967793737369e+00,2.780978396743326808e+00,2.791175010904149545e+00,2.824210545773389924e+00,2.883148546849218619e+00,2.924092590951396176e+00,2.937979558401965452e+00
6.054296430372449578e+00,5.430547365624281753e+00,4.925132903294621833e+00,4.320459039394881628e+00,3.932814157959932722e+00,3.505188078971964494e+00,3.258833860772611057e+00,3.013252222413186576e+00,2.892279184789517732e+00,2.797520075756684932e+00,2.772469762913550184e+00,2.783825404290709127e+00,2.817846836924051246e+00,2.878158702535561719e+00,2.920079979799707459e+00,2.934938807285277118e+00
6.059407178441628794e+00,5.431855275966877450e+00,4.923474778192288959e+00,4.315512839048036398e+00,3.925968570854280415e+00,3.496559292287725995e+00,3.249418431745747959e+00,3.003402811677670314e+00,2.882513561494196352e+00,2.788307176448115765e+00,2.763931374606980462e+00,2.776453600395252685e+00,2.811466654010718269e+00,2.873159892282356687e+00,2.916063567509560084e+00,2.931899568880563578e+00
6.064518652497620899e+00,5.433146322571649200e+00,4.921787195289434536e+00,4.310525336823773479e+00,3.919076445201665759e+00,3.487881302527759075e+00,3.239954430383039874e+00,2.993508213392235717e+00,2.872706582550049514e+00,2.779059267921075271e+00,2.755363232633332160e+00,2.769059600282139488e+00,2.805069997334196596e+00,2.868152115648252121e+00,2.912043353242812493e+00,2.928861841292552892e+00
6.069630838430129849e+00,5.434420435461597698e+00,4.920070054377415403e+00,4.305496421108622407e+00,3.912137678020166653e+00,3.479154032598021473e+00,3.230441802716986555e+00,2.983568401212704391e+00,2.862858236138190460e+00,2.769776349112255343e+00,2.746765338481266472e+00,2.761643405426393638e+00,2.798656867448526153e+00,2.863135372301924608e+00,2.908019336210610817e+00,2.925825622634032008e+00
6.074743722085412578e+00,5.435677544549336382e+00,4.918323255187464937e+00,4.300425980454582131e+00,3.905152166742597242e+00,3.470377406178063229e+00,3.220880495771588858e+00,2.973583349922685581e+00,2.852968511531388529e+00,2.760458419851715917e+00,2.738137694324799032e+00,2.754205017716406800e+00,2.792227265162015470e+00,2.858109662022133790e+00,2.903991515673319590e+00,2.922790911025809013e+00
6.079857289266175968e+00,5.436917579637202458e+00,4.916546697391617649e+00,4.295313903582496096e+00,3.898119809222734489e+00,3.461551347731683492e+00,3.211270457575757575e+00,2.963553035448324380e+00,2.843037399107664953e+00,2.751105480872774844e+00,2.729480303029811150e+00,2.746744439456677345e+00,2.785781191538295953e+00,2.853074984697777428e+00,2.899959890940458695e+00,2.919757704596678938e+00
6.084971525731471154e+00,5.438140470417371475e+00,4.914740280603642653e+00,4.290160079385470837e+00,3.891040503741637568e+00,3.452675782517756087e+00,3.201611637176942526e+00,2.953477434873284846e+00,2.833064890364118238e+00,2.741717533822072728e+00,2.720793168160672959e+00,2.739261673370595229e+00,2.779318647897385475e+00,2.848031340327955352e+00,2.895924461370636749e+00,2.916726001483390451e+00
6.090086417196596713e+00,5.439346146471986110e+00,4.912903904379988695e+00,4.284964396932348762e+00,3.883914149014051187e+00,3.443750636601233595e+00,3.191903984654994364e+00,2.943356526454001365e+00,2.823050977930992467e+00,2.732294581269808731e+00,2.712076293986982023e+00,2.731756722603273957e+00,2.772839635816767068e+00,2.842978729022026307e+00,2.891885226371481821e+00,2.913695799830608113e+00
6.095201949332994751e+00,5.440534537273280513e+00,4.911037468220736280e+00,4.279726745471210236e+00,3.876740644194900831e+00,3.434775836864326415e+00,3.182147451136257299e+00,2.933190289635204895e+00,2.812995655586009836e+00,2.722836626720146480e+00,2.703329685490409862e+00,2.724229590724418504e+00,2.766344157132488490e+00,2.837917150999670568e+00,2.887842185399574824e+00,2.910667097790878177e+00
6.100318107768150533e+00,5.441705572183700212e+00,4.909140871570561337e+00,4.274447014432918301e+00,3.869519888885885717e+00,3.425751311017856349e+00,3.172341988807899416e+00,2.922978705065712557e+00,2.802898918268942552e+00,2.713343674621807367e+00,2.694553348371662160e+00,2.716680281731242541e+00,2.759832213940271561e+00,2.832846606590952110e+00,2.883795337960386007e+00,2.907639893524593067e+00
6.105434878085486794e+00,5.442859180456030010e+00,4.907214013819706899e+00,4.269125093434718465e+00,3.862251783142163220e+00,3.416676987612799810e+00,3.162487550932493008e+00,2.912721754614489011e+00,2.792760762096424543e+00,2.703815730378847260e+00,2.685747289057560661e+00,2.709108800051437171e+00,2.753303808596640589e+00,2.827767096236383448e+00,2.879744683608210121e+00,2.904614185199955845e+00
6.110552245824258044e+00,5.443995291233526324e+00,4.905256794304960088e+00,4.263760872283871350e+00,3.854936227479127453e+00,3.407552796052015776e+00,3.152584091862834725e+00,2.902419421386983611e+00,2.782581184377038497e+00,2.694252800361613964e+00,2.676911514708242734e+00,2.701515150546179189e+00,2.746758943720069901e+00,2.822678620486990475e+00,2.875690221946101133e+00,2.901589970992948242e+00
6.115670196479451093e+00,5.445113833550047744e+00,4.903269112310643330e+00,4.258354240981335970e+00,3.847573122879288210e+00,3.398378666602165143e+00,3.142631567057016628e+00,2.892071689741755325e+00,2.772360183626664920e+00,2.684654891917900077e+00,2.668046033224479530e+00,2.693899338513188191e+00,2.740197622192144244e+00,2.817581180004380403e+00,2.871631952625807394e+00,2.898567249087294240e+00
6.120788715501680244e+00,5.446214736330188266e+00,4.901250867069612660e+00,4.252905089725500964e+00,3.840162370799249381e+00,3.389154530405822818e+00,3.132629933093757035e+00,2.881678545307394756e+00,2.762097759584092316e+00,2.675022013384285469e+00,2.659150853255125124e+00,2.686261369689833867e+00,2.733619847158736960e+00,2.812474775560811935e+00,2.867569875347709019e+00,2.895546017674426764e+00
6.125907788297087819e+00,5.447297928389413180e+00,4.899201957764264925e+00,4.247413308915959362e+00,3.832703873176788179e+00,3.379880319493790086e+00,3.122579147687989387e+00,2.871239974999736155e+00,2.751793913226911581e+00,2.665354174097675610e+00,2.650225984204686469e+00,2.678601250256291255e+00,2.727025622031206797e+00,2.807359408039260984e+00,2.863503989860752164e+00,2.892526274953452159e+00
6.131027400227240243e+00,5.448363338434202063e+00,4.897122283527555631e+00,4.241878789157330409e+00,3.825197532438038728e+00,3.370555966797599279e+00,3.112479169706714011e+00,2.860755967039368297e+00,2.741448646787687071e+00,2.655651384407041515e+00,2.641271436241020343e+00,2.670918986838747511e+00,2.720414950487612948e+00,2.802235078433493509e+00,2.859434295962386852e+00,2.889508019131114214e+00
6.136147536609021458e+00,5.449410895062183791e+00,4.895011743444027452e+00,4.236301421263129363e+00,3.817643251504782231e+00,3.361181406162229823e+00,3.102329959185130104e+00,2.850226510969454452e+00,2.731061963770394119e+00,2.645913655685362187e+00,2.632287220303163089e+00,2.663214586512660187e+00,2.713787836473947390e+00,2.797101787848140564e+00,2.855360793498505689e+00,2.886491248421763522e+00
6.141268182714525459e+00,5.450440526762277749e+00,4.892870236550844076e+00,4.230681096259687912e+00,3.810040933801835727e+00,3.351756572359033459e+00,3.092131477343032842e+00,2.839651597673854333e+00,2.720633868967162972e+00,2.636141000341778451e+00,2.623273348109297576e+00,2.655488056806067032e+00,2.707144284205385443e+00,2.791959537498770239e+00,2.851283482363380362e+00,2.883475961047323288e+00
6.146389323770957702e+00,5.451452161914847494e+00,4.890697661838837362e+00,4.225017705390126110e+00,3.802390483264560306e+00,3.342281401098864180e+00,3.081883686601488925e+00,2.829031219395568453e+00,2.710164368475316277e+00,2.626333431833951959e+00,2.614229832164847167e+00,2.647739405702946414e+00,2.700484298167554087e+00,2.786808328711961824e+00,2.847202362499599460e+00,2.880462155237252464e+00
6.151510944960534744e+00,5.452445728791841084e+00,4.888493918253566051e+00,4.219311140118374048e+00,3.794691804346476793e+00,3.332755829045433771e+00,3.071586550599805676e+00,2.818365369755514660e+00,2.699653469714685894e+00,2.616490964680637799e+00,2.605156685770710467e+00,2.639968641646634140e+00,2.693807883117819379e+00,2.781648162925385748e+00,2.843117433898006308e+00,2.877449829228513778e+00
6.156633031420370550e+00,5.453421155556938515e+00,4.886258904696381578e+00,4.213561292133242375e+00,3.786944802026988466e+00,3.323179793828880069e+00,3.061240034212785677e+00,2.807654043771617314e+00,2.689101181445256561e+00,2.606613614474481366e+00,2.596053923031640398e+00,2.632175773543295350e+00,2.687115044086596072e+00,2.776479041687879956e+00,2.839028696597639456e+00,2.874438981265541759e+00
6.161755568242377024e+00,5.454378370265708931e+00,4.883992520025500994e+00,4.207768053352542559e+00,3.779149381819225884e+00,3.313553234059557706e+00,3.050844103568271848e+00,2.796897237878237519e+00,2.678507513785111538e+00,2.596701397895032848e+00,2.586921558864758719e+00,2.624360810765451024e+00,2.680405786378675437e+00,2.771300966659531184e+00,2.834936150685670508e+00,2.871429609600206323e+00
6.166878540473162751e+00,5.455317300865763386e+00,4.881694663057097650e+00,4.201931315927269317e+00,3.771305449778004082e+00,3.303876089342057121e+00,3.040398726064999391e+00,2.786094949945940424e+00,2.667872478228681121e+00,2.586754332721988181e+00,2.577759609008220654e+00,2.616523763155562676e+00,2.673680115574569527e+00,2.766113939611756667e+00,2.830839796297343280e+00,2.868421712491780795e+00
6.172001933113921979e+00,5.456237875196911169e+00,4.879365232566394539e+00,4.196050972245832789e+00,3.763412912507900554e+00,3.294148300289458042e+00,3.029903870390751042e+00,2.775247179301604028e+00,2.657196087665320228e+00,2.576772437848662278e+00,2.568568090030024287e+00,2.608664641029673881e+00,2.666938037531880301e+00,2.760917962427384520e+00,2.826739633615915626e+00,2.865415288206909050e+00
6.177125731120334251e+00,5.457140020991317897e+00,4.877004127288775415e+00,4.190126914938344882e+00,3.755471677171453582e+00,3.284369808537818791e+00,3.019359506540822302e+00,2.764353926748894796e+00,2.646478356398211496e+00,2.566755733295692288e+00,2.559347019336970508e+00,2.600783455181110426e+00,2.660179558386686516e+00,2.755713037100739449e+00,2.822635662872595930e+00,2.862410335019570429e+00
6.182249919402457827e+00,5.458023665873661834e+00,4.874611245920903002e+00,4.184159036880958027e+00,3.747481651497481359e+00,3.274540556760900945e+00,3.008765605836805523e+00,2.753415194589083903e+00,2.635719300163601453e+00,2.556704240224979774e+00,2.550096415183777054e+00,2.592880216884241751e+00,2.653404684554954152e+00,2.750499165737729346e+00,2.818527884346487600e+00,2.859406851211049094e+00
6.187374482824622213e+00,5.458888737361299981e+00,4.872186487121841658e+00,4.178147231200266098e+00,3.739442743789530788e+00,3.264660488685140027e+00,2.998122140945693737e+00,2.742430986642224955e+00,2.624918936150358206e+00,2.546617980953875371e+00,2.540816296682344877e+00,2.584954937898301441e+00,2.646613422733966381e+00,2.745276350555933220e+00,2.814416298364529556e+00,2.856404835069901615e+00
6.192499406205324242e+00,5.459735162864439495e+00,4.869729749514201345e+00,4.172091391277768402e+00,3.731354862934451511e+00,3.254729549104864450e+00,2.987429085899313996e+00,2.731401308268708306e+00,2.614077283019878628e+00,2.536496978969611238e+00,2.531506683811184821e+00,2.577007630471270794e+00,2.639805779903775296e+00,2.740044593884689128e+00,2.810300905301433616e+00,2.853404284891920106e+00
6.197624674317123272e+00,5.460562869686299337e+00,4.867240931685282490e+00,4.165991410754377178e+00,3.723217918411093397e+00,3.244747683897766688e+00,2.976686416114084022e+00,2.720326166391193290e+00,2.603194360926359696e+00,2.526341258943979096e+00,2.522167597425006846e+00,2.569038307343825434e+00,2.632981763328678504e+00,2.734803898165184322e+00,2.806181705579629426e+00,2.850405198980102917e+00
6.202750271886539046e+00,5.461371785023276360e+00,4.864719932188243057e+00,4.159847183534993498e+00,3.715031820299144361e+00,3.234714840040635586e+00,2.965894108411119223e+00,2.709205569516923706e+00,2.592270191537403790e+00,2.516150846748261394e+00,2.512799059264466450e+00,2.561046981753344998e+00,2.626141380558713490e+00,2.729554265950548952e+00,2.802058699669207176e+00,2.847407575644622213e+00
6.207876183593935338e+00,5.462161835965122947e+00,4.862166649543269159e+00,4.153658603793146220e+00,3.706796479288102741e+00,3.224630965625341794e+00,2.955052141036683899e+00,2.698039527760423884e+00,2.581304798054976590e+00,2.505925769468429376e+00,2.503401091966081626e+00,2.553033667437990317e+00,2.619284639431179063e+00,2.724295699905948442e+00,2.797931888087858088e+00,2.844411413202790229e+00
6.213002394073424917e+00,5.462932949495124646e+00,4.859580982238754565e+00,4.147425565975691342e+00,3.698511806686378023e+00,3.214496009875095428e+00,2.944160493682984381e+00,2.686828052866593985e+00,2.570298205236758005e+00,2.495666055420594276e+00,2.493973719072319462e+00,2.544998378640843217e+00,2.612411548072178569e+00,2.719028202808678074e+00,2.793801271400817576e+00,2.841416709979026400e+00
6.218128887912761193e+00,5.463685052490269811e+00,4.856962828732497961e+00,4.141147964807565529e+00,3.690177714430534106e+00,3.204309923160972406e+00,2.933219147509324110e+00,2.675571158234203661e+00,2.559250439417846135e+00,2.485371734166729851e+00,2.484516965041851488e+00,2.536941130114119147e+00,2.605522114898186192e+00,2.713751777548262911e+00,2.789666850220808403e+00,2.838423464304825394e+00
6.223255649653225419e+00,5.464418071721433456e+00,4.854312087452907321e+00,4.134825695296616033e+00,3.681794115094680464e+00,3.194072657018716566e+00,2.922228085163622868e+00,2.664268858939797813e+00,2.548161528532828068e+00,2.475042836530667145e+00,2.475030855259983564e+00,2.528861937123444203e+00,2.598616348617635463e+00,2.708466427126554610e+00,2.785528625207981168e+00,2.835431674518725575e+00
6.228382663789528095e+00,5.465131933853558444e+00,4.851628656800217598e+00,4.128458652738490109e+00,3.673360921899995635e+00,3.183784164165821551e+00,2.911187290804298833e+00,2.652921171762014474e+00,2.537031502138259675e+00,2.464679394614364139e+00,2.465515416049266051e+00,2.520760815452201875e+00,2.591694258232539294e+00,2.703172154657830450e+00,2.781386597069862798e+00,2.832441338966276589e+00
6.233509914769696181e+00,5.465826565445834895e+00,4.848912435147720856e+00,4.122046732721583062e+00,3.664878048724401260e+00,3.173444398518896481e+00,2.900096750122527212e+00,2.641528115206333904e+00,2.525860391435524210e+00,2.454281441814455178e+00,2.455970674680285182e+00,2.512637781405954396e+00,2.584755853040129558e+00,2.697868963368897699e+00,2.777240766561298368e+00,2.829452456000010052e+00
6.238637386994970946e+00,5.466501892951892927e+00,4.846163320843009714e+00,4.115589831132065335e+00,3.656345410112392891e+00,3.163053315211323380e+00,2.888956450364886130e+00,2.630089709530246012e+00,2.514648229294081716e+00,2.443849012839083290e+00,2.446396659382632066e+00,2.504492851816930266e+00,2.577801142634517095e+00,2.692556856599196191e+00,2.773091134484393372e+00,2.826465023979402247e+00
6.243765064819696953e+00,5.467157842719989169e+00,4.843381212209225239e+00,4.109087844158969105e+00,3.647762921285008009e+00,3.152610870611201488e+00,2.877766380356382214e+00,2.618605976768840993e+00,2.503395050275122102e+00,2.433382143725029589e+00,2.436793399356062206e+00,2.496326044048593928e+00,2.570830136908388130e+00,2.687235837800904026e+00,2.768937701688461317e+00,2.823479041270846590e+00
6.248892932551213697e+00,5.467794340993195057e+00,4.840566007546319938e+00,4.102540668299348603e+00,3.639130498149954374e+00,3.142117022339605548e+00,2.866526530523871408e+00,2.607076940760866712e+00,2.492100890655631229e+00,2.422880871855130458e+00,2.427160924781843754e+00,2.488137376000286061e+00,2.563842846054722457e+00,2.681905910539043703e+00,2.764780469069967328e+00,2.820494506247622102e+00
6.254020974449756132e+00,5.468411313909594007e+00,4.837717605132342058e+00,4.095948200363509706e+00,3.630448057311901344e+00,3.131571729289138961e+00,2.855236892919882585e+00,2.595502627175229726e+00,2.480765788452871767e+00,2.412345235975994040e+00,2.417499266834301164e+00,2.479926866111933137e+00,2.556839280568534267e+00,2.676567078491591811e+00,2.760619437572472190e+00,2.817511417289858766e+00
6.259149174728342757e+00,5.469008687502475929e+00,4.834835903224720788e+00,4.089310337480307034e+00,3.621715516082919528e+00,3.120974951642794704e+00,2.843897461246844394e+00,2.583883063537941283e+00,2.469389783449281950e+00,2.401775276216021826e+00,2.407808457692549808e+00,2.471694533368843150e+00,2.549819451248645397e+00,2.671219345449590943e+00,2.756454608186578614e+00,2.814529772784509998e+00
6.264277517552664598e+00,5.469586387700537067e+00,4.831920800061569210e+00,4.082626977102519206e+00,3.612932792493087408e+00,3.110326650893140865e+00,2.832508230881729538e+00,2.572218279259538498e+00,2.457972917217810416e+00,2.391171034103737991e+00,2.398088530552430875e+00,2.463440397306575935e+00,2.542783369199484333e+00,2.665862715317258491e+00,2.752285981949877058e+00,2.811549571125318892e+00
6.269405987040981287e+00,5.470144340328078059e+00,4.828972193863000584e+00,4.075898017012295149e+00,3.604099805301264503e+00,3.099626789861814835e+00,2.821069198901116071e+00,2.560508305662978490e+00,2.446515233147683599e+00,2.380532552586433592e+00,2.388339519638652764e+00,2.455164478015894769e+00,2.535731045832911867e+00,2.660497192112103448e+00,2.748113559946893325e+00,2.808570810712788024e+00
6.274534567264012708e+00,5.470682471105208222e+00,4.825989982832450842e+00,4.069123355326675018e+00,3.595216474006025287e+00,3.088875332719347000e+00,2.809580364106675887e+00,2.548753176011992139e+00,2.435016776470610544e+00,2.369859876049128289e+00,2.378561460217130996e+00,2.446866796147799228e+00,2.528662492870076495e+00,2.655122779965043645e+00,2.743937343309033938e+00,2.805593489954146591e+00
6.279663242244828858e+00,5.471200705648053386e+00,4.822974065158023294e+00,4.062302890503188380e+00,3.586282718856769858e+00,3.078072245005324614e+00,2.798041727051100214e+00,2.536952925539952108e+00,2.423477594287437142e+00,2.359153050333853585e+00,2.368754388607538175e+00,2.438547372918637546e+00,2.521577722343300465e+00,2.649739483120520767e+00,2.739757333214531965e+00,2.802617607263320654e+00
6.284791995958745048e+00,5.471698969468959284e+00,4.819924339013842207e+00,4.055436521345531453e+00,3.577298460865009577e+00,3.067217493648881632e+00,2.786453290064462074e+00,2.525107591479224034e+00,2.411897735595266656e+00,2.348412122759267806e+00,2.358918342196071105e+00,2.430206230115306898e+00,2.514476746597992030e+00,2.644347305936621595e+00,2.735573530888395055e+00,2.799643161060904273e+00
6.289920812333209987e+00,5.472177187976707380e+00,4.816840702561418830e+00,4.048524147009319840e+00,3.568263621815821018e+00,3.056311046989530045e+00,2.774815057281029951e+00,2.513217213091001323e+00,2.400277251315030558e+00,2.337637142140601032e+00,2.349053359448427969e+00,2.421843390100532734e+00,2.507359578294586999e+00,2.638946252885198351e+00,2.731385937602351266e+00,2.796670149774126646e+00
6.295049675247696541e+00,5.472635286476724481e+00,4.813723053951030728e+00,4.041565667007922968e+00,3.559178124279479327e+00,3.045352874798343823e+00,2.763127034666532644e+00,2.501281831695668867e+00,2.388616194319530539e+00,2.326828158809941094e+00,2.339159479923004437e+00,2.413458875818243587e+00,2.500226230410525829e+00,2.633536328551993932e+00,2.727194554674798876e+00,2.793698571836821465e+00
6.300178568533596035e+00,5.473073190171297675e+00,4.810571291323115339e+00,4.034560981218382913e+00,3.550041891623283874e+00,3.034342948299498133e+00,2.751389230045888645e+00,2.489301490703689446e+00,2.376914619461969469e+00,2.315985224636861517e+00,2.329236744284314486e+00,2.405052710799028048e+00,2.493076716242256907e+00,2.628117537636767587e+00,2.722999383470751766e+00,2.790728425689397163e+00
6.305307475974109011e+00,5.473490824159796375e+00,4.807385312809680400e+00,4.027509989887409603e+00,3.540854848023562873e+00,3.023281240192162045e+00,2.739601653131408021e+00,2.477276235646999947e+00,2.365172583604957524e+00,2.305108393049396298e+00,2.319285194316633270e+00,2.396624919165679213e+00,2.485911049407273143e+00,2.622689884953421480e+00,2.718800425401788345e+00,2.787759709778804496e+00
6.310436381304131537e+00,5.473888113438890812e+00,4.804165016535721477e+00,4.020412593637463061e+00,3.531616918477858302e+00,3.012167724672752733e+00,2.727764315551464591e+00,2.465206114210935606e+00,2.353390145650006371e+00,2.294197719055376172e+00,2.309304872937871789e+00,2.388175525638835506e+00,2.478729243846180541e+00,2.617253375430129925e+00,2.714597681926000483e+00,2.784792422558508118e+00
6.315565268210151295e+00,5.474264982902772303e+00,4.800910300620659044e+00,4.013268693472924475e+00,3.522328028817314216e+00,3.001002377457572035e+00,2.715877230879656601e+00,2.453091176266712026e+00,2.341567366567522068e+00,2.283253259264118373e+00,2.299295824213682060e+00,2.379704555542710764e+00,2.471531313824797405e+00,2.611808014109471721e+00,2.710391154547942438e+00,2.781826562488458610e+00
6.320694120330133892e+00,5.474621357343383288e+00,4.797621063179789758e+00,4.006078190786354298e+00,3.512988105719259124e+00,2.989785175805815598e+00,2.703940414664461223e+00,2.440931473904457416e+00,2.329704309427315323e+00,2.272275071908478772e+00,2.289258093371801639e+00,2.371212034810917579e+00,2.464317273936289521e+00,2.606353806148563823e+00,2.706180844818579345e+00,2.778862128035058277e+00
6.325822921253415387e+00,5.474957161450642928e+00,4.794297202325749296e+00,3.998840987364830735e+00,3.503597076719976666e+00,2.978516098542955071e+00,2.691953884459380664e+00,2.428727061466783521e+00,2.317801039429626453e+00,2.261263216867277936e+00,2.279191726816632624e+00,2.362697989992386560e+00,2.457087139103336870e+00,2.600890756819195015e+00,2.701966754335236587e+00,2.775899117671130512e+00
6.330951654520597494e+00,5.475272319812677146e+00,4.790938616169989395e+00,3.991556985396382817e+00,3.494154870227684562e+00,2.967195126084521295e+00,2.679917659853604750e+00,2.416477995582928084e+00,2.305857623936645950e+00,2.250217755688106003e+00,2.269096772144064467e+00,2.354162448257385520e+00,2.449840924580333201e+00,2.595418871507966685e+00,2.697748884741548281e+00,2.772937529875893148e+00
6.336080303623424115e+00,5.475566756916054878e+00,4.787545202824274426e+00,3.984226087476521627e+00,3.484661415535719620e+00,2.955822240460280526e+00,2.667831762503184212e+00,2.404184335203483958e+00,2.293874132504582608e+00,2.239138751610502798e+00,2.258973278156549913e+00,2.345605437403631477e+00,2.442578645955624683e+00,2.589938155716431378e+00,2.693527237727405765e+00,2.769977363134929593e+00
6.341208852004681873e+00,5.475840397146022553e+00,4.784116860402189531e+00,3.976848196614853670e+00,3.475116642835924807e+00,2.944397425338804997e+00,2.655696216162722667e+00,2.391846141635698864e+00,2.281850636916278319e+00,2.228026269589524766e+00,2.248821294878425636e+00,2.337026985862504791e+00,2.435300319153779647e+00,2.584448615061233134e+00,2.689301815028911413e+00,2.767018615940154636e+00
6.346337283058089973e+00,5.476093164786741241e+00,4.780653487020662951e+00,3.969423216241793728e+00,3.465520483232252591e+00,2.932920666052456049e+00,2.643511046717603730e+00,2.379463478579362246e+00,2.269787211214346012e+00,2.216880376319710244e+00,2.238640873571488665e+00,2.328427122705367225e+00,2.428005960437893851e+00,2.578950255274252257e+00,2.685072618428325786e+00,2.764061286789787797e+00
6.351465580128179411e+00,5.476324984021525566e+00,4.777154980801506134e+00,3.961951050215371417e+00,3.455872868754577887e+00,2.921391949622781148e+00,2.631276282216756801e+00,2.367036412163293857e+00,2.257683931734861815e+00,2.205701140259436865e+00,2.228432066750830831e+00,2.319805877649982140e+00,2.420695586411936162e+00,2.573443082202753196e+00,2.680839649754019671e+00,2.761105374188324024e+00
6.356593726510193498e+00,5.476535778933092402e+00,4.773621239872967159e+00,3.954431602828140324e+00,3.446173732372733500e+00,2.909811264786333673e+00,2.618991952905968645e+00,2.354565010982444750e+00,2.245540877141622094e+00,2.194488631655683530e+00,2.218194928200934335e+00,2.311163281067035058e+00,2.413369214023127096e+00,2.567927101809533763e+00,2.676602910880424346e+00,2.758150876646502159e+00
6.361721705449972397e+00,5.476725473503803343e+00,4.770052162371300142e+00,3.946864778814180408e+00,3.436423008010769387e+00,2.898178602020915040e+00,2.606658091261745192e+00,2.342049346135612886e+00,2.233358128460970704e+00,2.183242922569203159e+00,2.207929512992037324e+00,2.302499363986763470e+00,2.406026860564356884e+00,2.562402320173074344e+00,2.672362403727980062e+00,2.755197792681278290e+00
6.366849500143842100e+00,5.476893991615917834e+00,4.766447646442355079e+00,3.939250483356202093e+00,3.426620630561432179e+00,2.886493953572253801e+00,2.594274732025741326e+00,2.329489491263782242e+00,2.221135769117203118e+00,2.171964086900103563e+00,2.197635877496763257e+00,2.293814158105697221e+00,2.398668543676642173e+00,2.556868743487690665e+00,2.668118130263090748e+00,2.752246120815794228e+00
6.371977093738504294e+00,5.477041257051839196e+00,4.762807590243183675e+00,3.931588622092757390e+00,3.416766535900876534e+00,2.874757313481122623e+00,2.581841912239762227e+00,2.316885522589094304e+00,2.208873884968538981e+00,2.160652200413860857e+00,2.187314079407025602e+00,2.285107695793505034e+00,2.391294281351617368e+00,2.551326378063690115e+00,2.663870092498075159e+00,2.749295859579348633e+00
6.377104469330920899e+00,5.477167193494366870e+00,4.759131891943646941e+00,3.923879101125545610e+00,3.406860660903606508e+00,2.862968677610900681e+00,2.569359671281339352e+00,2.304237518954457720e+00,2.196572564343691969e+00,2.149307340767754759e+00,2.176964177751213647e+00,2.276380010099954276e+00,2.383904091934070379e+00,2.545775230327530281e+00,2.659618292491116698e+00,2.746347007507369486e+00
6.382231609968207486e+00,5.477271724526961982e+00,4.755420449728056553e+00,3.916121827026832314e+00,3.396902943457658974e+00,2.851128043675595691e+00,2.556828050899896176e+00,2.291545561863814306e+00,2.184231898079046275e+00,2.137929587537728882e+00,2.166586232911653642e+00,2.267631134761983080e+00,2.376497994124517898e+00,2.540215306821977492e+00,2.655362732346213672e+00,2.743399563141384778e+00
6.387358498647516925e+00,5.477354773633998697e+00,4.751673161796832190e+00,3.908316706846978406e+00,3.386893322480025503e+00,2.839235411268323350e+00,2.544247095253515223e+00,2.278809735523062319e+00,2.171851979556424617e+00,2.126519022245699553e+00,2.156180306642358158e+00,2.258861104210886150e+00,2.369076006981817084e+00,2.534646614206272019e+00,2.651103414213136222e+00,2.740453525028993642e+00
6.392485118315931025e+00,5.477416264201029783e+00,4.747889926368163316e+00,3.900463648122069138e+00,3.376831737932314947e+00,2.827290781890253513e+00,2.531616850946301067e+00,2.266030126881647622e+00,2.159432904741480197e+00,2.115075728387304288e+00,2.145746462087066320e+00,2.250069953579616477e+00,2.361638149925821217e+00,2.529069159256292831e+00,2.646840340287375692e+00,2.737508891723836157e+00
6.397611451870346855e+00,5.477456119515053068e+00,4.744070641679696720e+00,3.892562558881659918e+00,3.366718130836667378e+00,2.815294158980031547e+00,2.518937367066357957e+00,2.253206825674832547e+00,2.146974772222716155e+00,2.103599791460100121e+00,2.135284763797576257e+00,2.241257718710207847e+00,2.354184442740077987e+00,2.523482948864723685e+00,2.642573512810095337e+00,2.734565661785566260e+00
6.402737482157363935e+00,5.477474262764774338e+00,4.740215205990244485e+00,3.884613347656635352e+00,3.356552443291922927e+00,2.803245547943684191e+00,2.506208695224397598e+00,2.240339924466657973e+00,2.134477683251124525e+00,2.092091298992218018e+00,2.124795277752375089e+00,2.232424436161317249e+00,2.346714905574569965e+00,2.517887990041224988e+00,2.638302934068086802e+00,2.731623833779823762e+00
6.407863191973172334e+00,5.477470617040878231e+00,4.736323517581502607e+00,3.876615923487176651e+00,3.346334618490038881e+00,2.791144956185008574e+00,2.493430889592966881e+00,2.227429518693592403e+00,2.121941741780474011e+00,2.080550340571481360e+00,2.114278071375570889e+00,2.223570143215885864e+00,2.339229558948497267e+00,2.512284289912604329e+00,2.634028606393721272e+00,2.728683406278204604e+00
6.412988564063438979e+00,5.477445105336303577e+00,4.732395474759792720e+00,3.868570195930852051e+00,3.336064600732773666e+00,2.778992393136463512e+00,2.480604006946320883e+00,2.214475706708889824e+00,2.109367054508241246e+00,2.068977007874993390e+00,2.103733213556128412e+00,2.214694877888924829e+00,2.331728423753104629e+00,2.506671855722994557e+00,2.629750532164901955e+00,2.725744377858232870e+00
6.418113581123193079e+00,5.477397650546514285e+00,4.728430975857817131e+00,3.860476075070824020e+00,3.325742335448636400e+00,2.766787870290560392e+00,2.467728106700944224e+00,2.201478589827660759e+00,2.096753730917194858e+00,2.057371394699194944e+00,2.093160774667417012e+00,2.205798678935429802e+00,2.324211521254552437e+00,2.501050694834033195e+00,2.625468713805019227e+00,2.722806747103333258e+00
6.423238225796717771e+00,5.477328175469782678e+00,4.724429919236436071e+00,3.852333471524175046e+00,3.315367769210099791e+00,2.754531401231765209e+00,2.454803250956726579e+00,2.188438272372667193e+00,2.084101883317650117e+00,2.045733596990406244e+00,2.082560826587073866e+00,2.196881585858418973e+00,2.316678873096834401e+00,2.495420814725038738e+00,2.621183153782902675e+00,2.719870512602802215e+00
6.428362480677437318e+00,5.477236602807469268e+00,4.720392203286466248e+00,3.844142296450354657e+00,3.304940849751086596e+00,2.742223001668919302e+00,2.441829504538806983e+00,2.175354861720848465e+00,2.071411626890387492e+00,2.034063712875855856e+00,2.071933442717182050e+00,2.187943638917101197e+00,2.309130501304739180e+00,2.489782222993197180e+00,2.616893854612774017e+00,2.716935672951779068e+00
6.433486328307797208e+00,5.477122855164301640e+00,4.716317726430489188e+00,3.835902461559755228e+00,3.294461525984738515e+00,2.729862689468186776e+00,2.428806935040090487e+00,2.162228468350585242e+00,2.058683079730253773e+00,2.022361842695200806e+00,2.061278698004773702e+00,2.178984879135176467e+00,2.301566428286859534e+00,2.484134927353748967e+00,2.612600818854202700e+00,2.714002226751220714e+00
6.438609751179153129e+00,5.476986855048669334e+00,4.712206387124687090e+00,3.827613879122406804e+00,3.283929748021461315e+00,2.717450484686535273e+00,2.415735612864450488e+00,2.149059205889723323e+00,2.045916362890459972e+00,2.010628089032544974e+00,2.050596668962660463e+00,2.170005348309266502e+00,2.293986676838652539e+00,2.478478935640176850e+00,2.608304049112059708e+00,2.711070172607871864e+00
6.443732731731659058e+00,5.476828524872905390e+00,4.708058083860694687e+00,3.819276461976803816e+00,3.273345467187255498e+00,2.704986409605751874e+00,2.402615611270625173e+00,2.135847191164347070e+00,2.033111600427568000e+00,1.998862556748967068e+00,2.039887433690592555e+00,2.161005089017484337e+00,2.286391270145541554e+00,2.472814255804399064e+00,2.604003548036471827e+00,2.708139509134237510e+00
6.448855252354150913e+00,5.476647786953582120e+00,4.703872715167469742e+00,3.810890123538865470e+00,3.262708636042340515e+00,2.692470488767015446e+00,2.389447006416812513e+00,2.122592544248328217e+00,2.020268919447179901e+00,1.987065353015555980e+00,2.029151071896756697e+00,2.151984144628135365e+00,2.278780231786071031e+00,2.467140895916963395e+00,2.599699318322775010e+00,2.705210234948556280e+00
6.453977295384031088e+00,5.476444563511803310e+00,4.699650179613189316e+00,3.802454777811019593e+00,3.252019208400070305e+00,2.679902749006022766e+00,2.376229877405978463e+00,2.109295388513660274e+00,2.007388450150353165e+00,1.975236587346962391e+00,2.018387664919614632e+00,2.142942559308560480e+00,2.271153585735110170e+00,2.461458864167245242e+00,2.595391362711471750e+00,2.702282348674772017e+00
6.459098843107161869e+00,5.476218776673505317e+00,4.695390375807162009e+00,3.793970339391430358e+00,3.241277139346152580e+00,2.667283219488676860e+00,2.362964306331889919e+00,2.095955850681568755e+00,1.994470325880732364e+00,1.963376371635478179e+00,2.007597295750081390e+00,2.133880378034121339e+00,2.263511356367104543e+00,2.455768168863648793e+00,2.591079683988182669e+00,2.699355848942505798e+00
6.464219877757742871e+00,5.475970348469756388e+00,4.691093202401757090e+00,3.785436723483355692e+00,3.230482385258167444e+00,2.654611931747345555e+00,2.349650378325869315e+00,2.082574060874415878e+00,1.981514683172405533e+00,1.951484820185648061e+00,1.996780049054053707e+00,2.124797646597325063e+00,2.255853568459383229e+00,2.450068818433812190e+00,2.586764284983602558e+00,2.696430734387029737e+00
6.469340381518196459e+00,5.475699200837055081e+00,4.686758558094358484e+00,3.776853845904641460e+00,3.219634903825395966e+00,2.641888919717704898e+00,2.336288181604295744e+00,2.069150152668433051e+00,1.968521661798507072e+00,1.939562049749414152e+00,1.985936011195296169e+00,2.115694411617095927e+00,2.248180247195515680e+00,2.444360821424813590e+00,2.582445168573457295e+00,2.693507003649240339e+00
6.474460336519055836e+00,5.475405255617642020e+00,4.682386341629343640e+00,3.768221623097364859e+00,3.208734654068963188e+00,2.629114219776167438e+00,2.322877807516852577e+00,2.055684263147250057e+00,1.955491404820567380e+00,1.927608179561802082e+00,1.975065270258680172e+00,2.106570720548192721e+00,2.240491418168718774e+00,2.438644186503381217e+00,2.578122337678457221e+00,2.690584655375630518e+00
6.479579724838848698e+00,5.475088434559807204e+00,4.677976451800077484e+00,3.759539972137614594e+00,3.197781596362296863e+00,2.616287870777905589e+00,2.309419350595531828e+00,2.042176532956252011e+00,1.942424058638612561e+00,1.915623331377160676e+00,1.964167916073784381e+00,2.097426621690774873e+00,2.232787107385320713e+00,2.432918922456106525e+00,2.573795795264252284e+00,2.687663688218262514e+00
6.484698528503984427e+00,5.474748659318204425e+00,4.673528787450930366e+00,3.750808810745416277e+00,3.186775692451910391e+00,2.603409914095479838e+00,2.295912908604405889e+00,2.028627106357780985e+00,1.929319773042035058e+00,1.903607629505956300e+00,1.953244040238866441e+00,2.088262164200119564e+00,2.225067341268279097e+00,2.427185038189662691e+00,2.569465544341388075e+00,2.684744100834739911e+00
6.489816729488633307e+00,5.474385851454161234e+00,4.669043247479321757e+00,3.742028057294809695e+00,3.175716905478513485e+00,2.590480393658080693e+00,2.282358582590178653e+00,2.015036131287179177e+00,1.916178701261235240e+00,1.891561200852126756e+00,1.942293736145203287e+00,2.079077398096493834e+00,2.217332146660752290e+00,2.421442542731023995e+00,2.565131587965263638e+00,2.681825891888181435e+00
6.494934309714613718e+00,5.473999932435996030e+00,4.664519730837778155e+00,3.733197630824069524e+00,3.164605199998455021e+00,2.577499355991387464e+00,2.268756476933520894e+00,2.001403759409677185e+00,1.903001000020043687e+00,1.879484174951003395e+00,1.931317099001804705e+00,2.069872374275177229e+00,2.209581550829725849e+00,2.415691445227688305e+00,2.560793929236085731e+00,2.678909060047196533e+00
6.500051251051275791e+00,5.473590823639339575e+00,4.659958136536017648e+00,3.724317451046081029e+00,3.153440542005501168e+00,2.564466850258056319e+00,2.255106699401201453e+00,1.987730146178144031e+00,1.889786829588924855e+00,1.867376684007812537e+00,1.920314225860508817e+00,2.060647144516646545e+00,2.201815581469697580e+00,2.409931754947904459e+00,2.556452571298824861e+00,2.675993603985857394e+00
6.505167535315382388e+00,5.473158446347463624e+00,4.655358363643060216e+00,3.715387438358873862e+00,3.142222898952958587e+00,2.551382928298850494e+00,2.241409361199024008e+00,1.974015450891729584e+00,1.876536353838989424e+00,1.855238862936752886e+00,1.909285215641464362e+00,2.051401761496919107e+00,2.194034266706422542e+00,2.404163481280904069e+00,2.552107517343171317e+00,2.673079522383670970e+00
6.510283144271001632e+00,5.472702721751605992e+00,4.650720311289362030e+00,3.706407513856307734e+00,3.130952239776146229e+00,2.538247644674406889e+00,2.227664577025577408e+00,1.960259836755374963e+00,1.863249740296817780e+00,1.843070849400659350e+00,1.898230169158999781e+00,2.042136278798051485e+00,2.186237635100709120e+00,2.398386633737132456e+00,2.547758770603490319e+00,2.670166813925552773e+00
6.515398059629386118e+00,5.472223570951291194e+00,4.646043878668969285e+00,3.697377599338920184e+00,3.119628534915214857e+00,2.525061056707661233e+00,2.213872465126816458e+00,1.946463470940209550e+00,1.849927160200078191e+00,1.830872783851265950e+00,1.887149189147884432e+00,2.032850750918809624e+00,2.178425715652279937e+00,2.392601221948487122e+00,2.543406334358781606e+00,2.667255477301801569e+00
6.520512263048847679e+00,5.471720914954667059e+00,4.641328965041691568e+00,3.688297617324933331e+00,3.108251756338329397e+00,2.511823224526936293e+00,2.200033147351468266e+00,1.932626524644856403e+00,1.836568788553978537e+00,1.818644809570064691e+00,1.876042380289991263e+00,2.023545233285503286e+00,2.170598537803694050e+00,2.386807255668561112e+00,2.539050211932634138e+00,2.664345511208074502e+00
6.525625736134649912e+00,5.471194674678843128e+00,4.636575469735311650e+00,3.679167491061426709e+00,3.096821877565212322e+00,2.498534211109696201e+00,2.186146749207287687e+00,1.918749173157644261e+00,1.823174804188553599e+00,1.806387072709768837e+00,1.864909849241361384e+00,2.014219782262985259e+00,2.162756131444324659e+00,2.381004744772884596e+00,2.534690406693183462e+00,2.661436914345359117e+00
6.530738460438890947e+00,5.470644770950224611e+00,4.631783292147811260e+00,3.669987144535679313e+00,3.085338873691054751e+00,2.485194082326981135e+00,2.172213399918164978e+00,1.904831595919732834e+00,1.809745389816777683e+00,1.794099722336394587e+00,1.853751704659674093e+00,2.004874455165821967e+00,2.154898526914400758e+00,2.375193699259175784e+00,2.530326922053068195e+00,2.658529685419947608e+00
6.535850417460383532e+00,5.470071124504858773e+00,4.626952331749623504e+00,3.660756502486679498e+00,3.073802721410802352e+00,2.471802906988532555e+00,2.158233232482094088e+00,1.890873976589176664e+00,1.796280732093531451e+00,1.781782910471954251e+00,1.842568057232132128e+00,1.995509310269638625e+00,2.147025755009113190e+00,2.369374129247590943e+00,2.525959761469383835e+00,2.655623823143410167e+00
6.540961588644537805e+00,5.469473655988773331e+00,4.622082488085915486e+00,3.651475490416804970e+00,3.062213399043822282e+00,2.458360756888616105e+00,2.144206383730018928e+00,1.876876503105924909e+00,1.782781021675427624e+00,1.769436792137775827e+00,1.831359019703761914e+00,1.986124406822637800e+00,2.139137846982785085e+00,2.363546044980982863e+00,2.521588928443645017e+00,2.652719326232570562e+00
6.546071955383241381e+00,5.468852285958323733e+00,4.617173660778886912e+00,3.642144034603675085e+00,3.050570886558948036e+00,2.444867706852538625e+00,2.130132994385552259e+00,1.862839367757747500e+00,1.769246453281491105e+00,1.757061525398458501e+00,1.820124706906132817e+00,1.976719805057294721e+00,2.131234834553103141e+00,2.357709456825160643e+00,2.517214426521741544e+00,2.649816193409479936e+00
6.551181499014744780e+00,5.468206934880546655e+00,4.612225749530102448e+00,3.632762062112188772e+00,3.038875165599916883e+00,2.431323834783885474e+00,2.116013209125591654e+00,1.848762767247136063e+00,1.755677225754710191e+00,1.744657271406460541e+00,1.808865235786505599e+00,1.967295566202232671e+00,2.123316749905415524e+00,2.351864375269151264e+00,2.512836259293892649e+00,2.646914423401390604e+00
6.556290200823541525e+00,5.467537523133509048e+00,4.607238654122849830e+00,3.623329500806737880e+00,3.027126219511210969e+00,2.417729221712486165e+00,2.101847176641838733e+00,1.834646902759172526e+00,1.742073542124471075e+00,1.732224194447328225e+00,1.797580725437410765e+00,1.957851752494277786e+00,2.115383625697098147e+00,2.346010810925471368e+00,2.508454430394607026e+00,2.644014014940732071e+00
6.561398042040250900e+00,5.466843971006667857e+00,4.602212274424527294e+00,3.613846279363601699e+00,3.015324033364290113e+00,2.404083951843102085e+00,2.087635049703223888e+00,1.820491980030355172e+00,1.728435609669878970e+00,1.719762461985576918e+00,1.786271297126660329e+00,1.948388427190700822e+00,2.107435495061985797e+00,2.340148774530397269e+00,2.504068943502640643e+00,2.641114966765084837e+00
6.566505003841499821e+00,5.466126198701227068e+00,4.597146510389047869e+00,3.604312327283528461e+00,3.003468593984232271e+00,2.390388112604852733e+00,2.073376985219253843e+00,1.806298209418405909e+00,1.714763639983965859e+00,1.707272244711230069e+00,1.774937074327799014e+00,1.938905654581644322e+00,2.099472391614872979e+00,2.334278276944242947e+00,2.499679802340952328e+00,2.638217277617154188e+00
6.571611067349802937e+00,5.465384126330499193e+00,4.592041262059280982e+00,3.594727574904507339e+00,2.991559889976789677e+00,2.376641794701397359e+00,2.059073144304286451e+00,1.792065805973078740e+00,1.701057849038801528e+00,1.694753716587013903e+00,1.763578182750999757e+00,1.929403500002736749e+00,2.091494349456083146e+00,2.328399329151641606e+00,2.495287010676660699e+00,2.635320946244745333e+00
6.576716213633448049e+00,5.464617673920270313e+00,4.586896429569523370e+00,3.585091953414727417e+00,2.979597911755861528e+00,2.362845092161870664e+00,2.044723692342746979e+00,1.777794989507953449e+00,1.687318457251511195e+00,1.682207054896222909e+00,1.752194750374408194e+00,1.919882029847901128e+00,2.083501403176108102e+00,2.322511942261829443e+00,2.490890572321004193e+00,2.632425971400740305e+00
6.581820423706369994e+00,5.463826761409173116e+00,4.581711913147988646e+00,3.575405394865735165e+00,2.967582651571393448e+00,2.348998102392582776e+00,2.030328799055290734e+00,1.763485984673242912e+00,1.673545689551211302e+00,1.669632440291256126e+00,1.740786907475941003e+00,1.910341311582351542e+00,2.075493587860318456e+00,2.316616127508934753e+00,2.486490491129298874e+00,2.629532351843070437e+00
6.586923678528032511e+00,5.463011308649054598e+00,4.576487613119335940e+00,3.565667832185785091e+00,2.955514103537702386e+00,2.335100926229494611e+00,2.015888638565920044e+00,1.749139021029618490e+00,1.659739775446874566e+00,1.657030056842830001e+00,1.729354786665540988e+00,1.900781413755788574e+00,2.067470939093746907e+00,2.310711896252272357e+00,2.482086771000893588e+00,2.626640086334692814e+00
6.592025959003314561e+00,5.462171235405346437e+00,4.571223429907224300e+00,3.555879199193393791e+00,2.943392263662239827e+00,2.321153667991478375e+00,2.001403389470073790e+00,1.734754333123050607e+00,1.645900949096112509e+00,1.644400092089881360e+00,1.717898522917894244e+00,1.891202406015795257e+00,2.059433492965944357e+00,2.304799259976645587e+00,2.477679415879130431e+00,2.623749173643564969e+00
6.597127245982387755e+00,5.461306461357447795e+00,4.565919264036892855e+00,3.546039430611094723e+00,2.931217129874796434e+00,2.307156435534370775e+00,1.986873234903690166e+00,1.720332160560682722e+00,1.632029449374896579e+00,1.631742737090156936e+00,1.706418253605614055e+00,1.881604359121428427e+00,2.051381286075908417e+00,2.298878230292647817e+00,2.473268429751302566e+00,2.620859612542620010e+00
6.602227520260592009e+00,5.460416906099107237e+00,4.560575016137777382e+00,3.536148462079397259e+00,2.918988702057154327e+00,2.293109340305825583e+00,1.972298362613254197e+00,1.705872748087743140e+00,1.618125519948231616e+00,1.619058186471496130e+00,1.694914118532895753e+00,1.871987344957016353e+00,2.043314355537090510e+00,2.292948818936969779e+00,2.468853816648609811e+00,2.617971401809743970e+00
6.607326762578319190e+00,5.459502489138803760e+00,4.555190586946158859e+00,3.526206230170960243e+00,2.906706982073194556e+00,2.279012497400978443e+00,1.957678965026837137e+00,1.691376345665507985e+00,1.604189409341774342e+00,1.606346638483816980e+00,1.683386259969647414e+00,1.862351436546159977e+00,2.035232738982475809e+00,2.287011037772712196e+00,2.464435580646118229e+00,2.615084540227748722e+00
6.612424953620898549e+00,5.458563129900134037e+00,4.549765877307835993e+00,3.516212672404974260e+00,2.894371973799461539e+00,2.264866025618929690e+00,1.943015239326142396e+00,1.676843208550316211e+00,1.590221371014404639e+00,1.593608295051810231e+00,1.671834822686100619e+00,1.852696708065942666e+00,2.027136474569739999e+00,2.281064898789704198e+00,2.460013725862718825e+00,2.612199026584347994e+00
6.617522074018467038e+00,5.457598747722203214e+00,4.544300788180831496e+00,3.506167727261757072e+00,2.881983683156198239e+00,2.250670047520055395e+00,1.928307387519563321e+00,1.662273597373644884e+00,1.576221663431766951e+00,1.580843361828343507e+00,1.660259953987906378e+00,1.843023234861351112e+00,2.019025600986489088e+00,2.275110414104828838e+00,2.455588256461085361e+00,2.609314859672135611e+00
6.622618104345852075e+00,5.456609261860017490e+00,4.538795220638133898e+00,3.496071334197569325e+00,2.869542118138847631e+00,2.236424689484152850e+00,1.913555616516257274e+00,1.647667778223249613e+00,1.562190550140778900e+00,1.568052048248581132e+00,1.648661803751717114e+00,1.833331093459907191e+00,2.010900157455572046e+00,2.269147595962347719e+00,2.451159176647630833e+00,2.606432038288559738e+00
6.627713025122451640e+00,5.455594591484880240e+00,4.533249075870472211e+00,3.485923433659655402e+00,2.857047288850036448e+00,2.222130081769433829e+00,1.898760138201255554e+00,1.633026022725381887e+00,1.548128299845106026e+00,1.555234567584828254e+00,1.637040524461262692e+00,1.823620361586515859e+00,2.002760183740476485e+00,2.263176456734235842e+00,2.446726490672467058e+00,2.603550561235898009e+00
6.632806816812110817e+00,5.454554655684792586e+00,4.527662255189119023e+00,3.475723967101503220e+00,2.844499207532046103e+00,2.207786358572375818e+00,1.883921169511608040e+00,1.618348608128092447e+00,1.534035186481619961e+00,1.542391137002103063e+00,1.625396271243925383e+00,1.813891118178530215e+00,1.994605720150807837e+00,2.257197008920522219e+00,2.442290202829363377e+00,2.600670427321235323e+00
6.637899459823004555e+00,5.453489373464861067e+00,4.522034660028730890e+00,3.465472876998338059e+00,2.831897888599768098e+00,2.193393658088432563e+00,1.869038932513573226e+00,1.603635817385624662e+00,1.519911489297853135e+00,1.529521977614435091e+00,1.613729201907816213e+00,1.804143443401036606e+00,1.986436807547848238e+00,2.251209265149629157e+00,2.437850317455703131e+00,2.597791635356437645e+00
6.642990934507511547e+00,5.452398663747698215e+00,4.516366191950224263e+00,3.455170106862841983e+00,2.819243348674161709e+00,2.178952122573614592e+00,1.854113654480862738e+00,1.588887939243899483e+00,1.505757492930444918e+00,1.516627314541903804e+00,1.602039476979355559e+00,1.794377418662362889e+00,1.978253487350199347e+00,2.245213238178723536e+00,2.433406838932443250e+00,2.594914184158130244e+00
6.648081221162095211e+00,5.451282445373828445e+00,4.510656752643678047e+00,3.444815601261108196e+00,2.806535606616215262e+00,2.164461898406952134e+00,1.839145567973948570e+00,1.574105268327101292e+00,1.491573487484571636e+00,1.503707376968421716e+00,1.590327259741363575e+00,1.784593126629811399e+00,1.970055801539509099e+00,2.239208940894072963e+00,2.428959771684072511e+00,2.592038072547675931e+00
6.653170300027182904e+00,5.450140637102108165e+00,4.504906243931281473e+00,3.434409305828842296e+00,2.793774683561416783e+00,2.149923136153851111e+00,1.824134910920448993e+00,1.559288105225377086e+00,1.477359768614379787e+00,1.490762398200258243e+00,1.578592716271665086e+00,1.774790651245618855e+00,1.961843792666285724e+00,2.233196386311403714e+00,2.424509120178568011e+00,2.589163299351147529e+00
6.658258151287041571e+00,5.448973157610143225e+00,4.499114567770316597e+00,3.423951167287797581e+00,2.780960602954744232e+00,2.135335990630347514e+00,1.809081926696589404e+00,1.544436756583651649e+00,1.463116637604437775e+00,1.477792615725314951e+00,1.566836015482213851e+00,1.764970077743148069e+00,1.953617503855799242e+00,2.227175587576268434e+00,2.420054888927353876e+00,2.586289863399305222e+00
6.663344755069656067e+00,5.447779925494698361e+00,4.493281626256165673e+00,3.413441133462451482e+00,2.768093390586172653e+00,2.120700620968259287e+00,1.793986864209740739e+00,1.529551535191542522e+00,1.448844401452193509e+00,1.464798271273157093e+00,1.555057329158736623e+00,1.755131492663310144e+00,1.945376978814067792e+00,2.221146557964418289e+00,2.415597082485261282e+00,2.583417763527577460e+00
6.668430091446606589e+00,5.446560859272127963e+00,4.487407321625370038e+00,3.402879153296942683e+00,2.755173074626719121e+00,2.106017190681262807e+00,1.778849977982065900e+00,1.514632760074420048e+00,1.434543372951438078e+00,1.451779610875802762e+00,1.543256832000904355e+00,1.745274983871223373e+00,1.937122261833934322e+00,2.215109310882179106e+00,2.411135705450484945e+00,2.580546998576033868e+00
6.673514140432946995e+00,5.445315877378801517e+00,4.481491556258719200e+00,3.392265176872252486e+00,2.742199685665022812e+00,2.091285867731891290e+00,1.763671528235262853e+00,1.499680756585589192e+00,1.420213870776795728e+00,1.438736884929273652e+00,1.531434701663032971e+00,1.735400640573109499e+00,1.928853397801235214e+00,2.209063859866836843e+00,2.406670762464540037e+00,2.577677567389362157e+00
6.678596881987077793e+00,5.444044898171527258e+00,4.475534232684372782e+00,3.381599155423638869e+00,2.729173256744461096e+00,2.076506824599462675e+00,1.748451780976414183e+00,1.484695856499597122e+00,1.405856219569236121e+00,1.425670348255912545e+00,1.519591118795316831e+00,1.725508553333428452e+00,1.920570432201057942e+00,2.203010218587027946e+00,2.402202258212222219e+00,2.574809468816848135e+00
6.683678296010626241e+00,5.442747839927989162e+00,4.469535253581033984e+00,3.370881041358339214e+00,2.716093823400825613e+00,2.061680238348953420e+00,1.733191008084958629e+00,1.469678398106697204e+00,1.391470750022615110e+00,1.412580260167470403e+00,1.507726267085602423e+00,1.715598814092258673e+00,1.912273411124092659e+00,2.196948400843134142e+00,2.397730197421566789e+00,2.571942701712350843e+00
6.688758362348327324e+00,5.441424620847183036e+00,4.463494521781154134e+00,3.360110788273527938e+00,2.702961423700550814e+00,2.046806290700817321e+00,1.717889487400782178e+00,1.454628726308435205e+00,1.377057798971235814e+00,1.399466884528967059e+00,1.495840333301699632e+00,1.705671516182920122e+00,1.903962381273076598e+00,2.190878420567685225e+00,2.393254584863802936e+00,2.569077264934279903e+00
6.693837060787893201e+00,5.440075159049854392e+00,4.457411940274176310e+00,3.349288350974545470e+00,2.689776098279504701e+00,2.031885168101764005e+00,1.702547502813441582e+00,1.439547192714393908e+00,1.362617709478443295e+00,1.386330489823326628e+00,1.483933507334240121e+00,1.695726754349845988e+00,1.895637389969333064e+00,2.184800291825769403e+00,2.388775425353313331e+00,2.566213157345572871e+00
6.698914371059890627e+00,5.438699372578941649e+00,4.451287412209817163e+00,3.338413685493395011e+00,2.676537890382353346e+00,2.016917061796499322e+00,1.687165344352522300e+00,1.424434155740082586e+00,1.348150830926264421e+00,1.373171349216793624e+00,1.472005982240082389e+00,1.685764624766705744e+00,1.887298485159407013e+00,2.178714028815448067e+00,2.384292723747592380e+00,2.563350377813674807e+00
6.703990272837621944e+00,5.437297179400021108e+00,4.445120840901398473e+00,3.327486749107513297e+00,2.663246845902499160e+00,2.001902167900443619e+00,1.671743308279137974e+00,1.409289980705973777e+00,1.333657519106069111e+00,1.359989740625132004e+00,1.460057954286267279e+00,1.675785225054779337e+00,1.878945715421797891e+00,2.172619645868177241e+00,2.379806484947203149e+00,2.560488925210514299e+00
6.709064745736995405e+00,5.435868497401756372e+00,4.438912129829219566e+00,3.316507500358825133e+00,2.649903013422607145e+00,1.986840687473433009e+00,1.656281697178585421e+00,1.394115039937706468e+00,1.319138136310269882e+00,1.346785946780606702e+00,1.448089622994531256e+00,1.665788654301587401e+00,1.870579129973791055e+00,2.166517157449237452e+00,2.375316713895736953e+00,2.557628798412480364e+00
6.714137769316402604e+00,5.434413244396352205e+00,4.432661182643959918e+00,3.305475899073071044e+00,2.636506444255721338e+00,1.971732826594404298e+00,1.640780820054148048e+00,1.378909712867430803e+00,1.304593051425068095e+00,1.333560255299754083e+00,1.436101191186375248e+00,1.655775013079778590e+00,1.862198778678388456e+00,2.160406578158170721e+00,2.370823415579768945e+00,2.554769996300403800e+00
6.719209323076594131e+00,5.432931338120012832e+00,4.426367903170133289e+00,3.294391906379425805e+00,2.623057192486974998e+00,1.956578796437082657e+00,1.625240992422058994e+00,1.363674386136316974e+00,1.290022640024233835e+00,1.320312958751940435e+00,1.424092865028695254e+00,1.645744403466278483e+00,1.853804712051338566e+00,2.154287922729223315e+00,2.366326595028815483e+00,2.551912517759531873e+00
6.724279386460551677e+00,5.431422696233397573e+00,4.420032195409588915e+00,3.283255484730406959e+00,2.609555315015907428e+00,1.941378813346673171e+00,1.609662536407631572e+00,1.348409453698233840e+00,1.275427284463932054e+00,1.307044354728710722e+00,1.412064854079979170e+00,1.635696929061701832e+00,1.845396981268271563e+00,2.148161206031794279e+00,2.361826257315291944e+00,2.549056361679507887e+00
6.729347938853369904e+00,5.429887236322083588e+00,4.413653963545055348e+00,3.272066597922075548e+00,2.596000871599398074e+00,1.926133098917565345e+00,1.594045780842558546e+00,1.333115316924581073e+00,1.260807373978586776e+00,1.293754745913931137e+00,1.400017371337066496e+00,1.625632695010027495e+00,1.836975638171934433e+00,2.142026443070891961e+00,2.357322407554470978e+00,2.546201526954350314e+00
6.734414959582129434e+00,5.428324875897036605e+00,4.407233111943723358e+00,3.260825211114535271e+00,2.582393924895217019e+00,1.910841880072056354e+00,1.578391061363392245e+00,1.317792384710274822e+00,1.246163304777774039e+00,1.280444440154727914e+00,1.387950633282481139e+00,1.615551808018544255e+00,1.828540735279532869e+00,2.135883648987602967e+00,2.352815050904438099e+00,2.543348012482429699e+00
6.739480427915765404e+00,5.426735532395079886e+00,4.400769545160873264e+00,3.249531290852730070e+00,2.568734540506194985e+00,1.895505389140100361e+00,1.562698720511193518e+00,1.302441073580896891e+00,1.231495480144164434e+00,1.267113750533219285e+00,1.375864859932335316e+00,1.605454376378065984e+00,1.820092325790178212e+00,2.129732839059564675e+00,2.348304192566048609e+00,2.540495817166449122e+00
6.744544323064943114e+00,5.425119123179363179e+00,4.394263167943558202e+00,3.238184805087551243e+00,2.555022787025033271e+00,1.880123863940098561e+00,1.546969107832367518e+00,1.287061807801017865e+00,1.216804310532504374e+00,1.253762995439041017e+00,1.363760274884808332e+00,1.595340509983418809e+00,1.811630463592440288e+00,2.123574028701441296e+00,2.343789837782887631e+00,2.537644939913421993e+00
6.749606624181939907e+00,5.423475565539845000e+00,4.387713885234332700e+00,3.226785723197256317e+00,2.541258736079754943e+00,1.864697547860727722e+00,1.531202579980692535e+00,1.271655019483670213e+00,1.202090213669626984e+00,1.240392498642673313e+00,1.351637105369206004e+00,1.585210320354205393e+00,1.803155203272011509e+00,2.117407233465413263e+00,2.339271991841222587e+00,2.534795379634649848e+00
6.754667310360511934e+00,5.421804776693774919e+00,4.381121602175023000e+00,3.215334016009197438e+00,2.527442462379796861e+00,1.849226689943816559e+00,1.515399500820530543e+00,1.256221148700977341e+00,1.187353614655502820e+00,1.227002589369561081e+00,1.339495582295596288e+00,1.575063920655845218e+00,1.794666600119476874e+00,2.111232469041674609e+00,2.334750660069960126e+00,2.531947135245703251e+00
6.759726360635767151e+00,5.420106673786172280e+00,4.374486224110551547e+00,3.203829655821868627e+00,2.513574043762759835e+00,1.833711544968277929e+00,1.499560241531232796e+00,1.240760643595948176e+00,1.172594946065321997e+00,1.213593602375030445e+00,1.327335940305027995e+00,1.564901425720895967e+00,1.786164710138196776e+00,2.105049751258934787e+00,2.330225847840605713e+00,2.529100205666400925e+00
6.764783753984046299e+00,5.418381173890313818e+00,4.367807656592805010e+00,3.192272616427277665e+00,2.499653561241820476e+00,1.818152373535102173e+00,1.483685180712742913e+00,1.225273960495414816e+00,1.157814648052597706e+00,1.200165878020005961e+00,1.315158417820331715e+00,1.554722952070658470e+00,1.777649590052299944e+00,2.098859096084932485e+00,2.325697560567218769e+00,2.526254589820786212e+00
6.769839469322787906e+00,5.416628194008226593e+00,4.361085805384556480e+00,3.180662873133643487e+00,2.485681099053808740e+00,1.802549442153419834e+00,1.467774704492397664e+00,1.209761564024122826e+00,1.143013168453290707e+00,1.186719762347521412e+00,1.302963257097509153e+00,1.544528617937066306e+00,1.769121297314792729e+00,2.092660519626957427e+00,2.321165803706368269e+00,2.523410286637109312e+00
6.774893485510405711e+00,5.414847651071187151e+00,4.354320576463440062e+00,3.169000402788424875e+00,2.471656744707965370e+00,1.786903023327640172e+00,1.451829206632924807e+00,1.194223927219977055e+00,1.128190962890964322e+00,1.173255607160023528e+00,1.290750704277711547e+00,1.534318543284862946e+00,1.760579890115782309e+00,2.086454038132377953e+00,2.316630582757086554e+00,2.520567295047808187e+00
6.779945781346160771e+00,5.413039461940214458e+00,4.347511876025974331e+00,3.157285183801683104e+00,2.457580589035377905e+00,1.771213395645666155e+00,1.435849088641639959e+00,1.178661531650419203e+00,1.113348494882950623e+00,1.159773770097470180e+00,1.278521009439801848e+00,1.524092849834067120e+00,1.752025427390812906e+00,2.080239667989177477e+00,2.312091903260826253e+00,2.517725613989485023e+00
6.784996335570033565e+00,5.411203543406575278e+00,4.340659610491639953e+00,3.145517196169789642e+00,2.443452726239109474e+00,1.755480843868201024e+00,1.419834759880852948e+00,1.163074867529949596e+00,1.098486235947519374e+00,1.146274614716220164e+00,1.266274426653510643e+00,1.513851661082733724e+00,1.743457968829322358e+00,2.074017425726502051e+00,2.307549770801418099e+00,2.514885242402886245e+00
6.790045126862596980e+00,5.409339812192285102e+00,4.333763686507007939e+00,3.133696421499472695e+00,2.429273253945020805e+00,1.739705659019142869e+00,1.403786637679465654e+00,1.147464433838780939e+00,1.083604665712060156e+00,1.132758510568711241e+00,1.254011214033183830e+00,1.503595102330008038e+00,1.734877574883216589e+00,2.067787328015217696e+00,2.303004191005024293e+00,2.512046179232884757e+00
6.795092133844888416e+00,5.407448184950622405e+00,4.326824010949928301e+00,3.121822843032211914e+00,2.415042273253300120e+00,1.723888138477074117e+00,1.387705147445777554e+00,1.131830738442613393e+00,1.068704272022253043e+00,1.119225833283928218e+00,1.241731633792121370e+00,1.493323300699476608e+00,1.726284306775563326e+00,2.061549391668472619e+00,2.298455169540091880e+00,2.509208423428459511e+00
6.800137335078281886e+00,5.405528578266639350e+00,4.319840490933765764e+00,3.109896445668989706e+00,2.400759888790704011e+00,1.708028586067857457e+00,1.371590722781493410e+00,1.116174298213529203e+00,1.053785551052228042e+00,1.105676964648652172e+00,1.229435952297510459e+00,1.483036385162818105e+00,1.717678226509406603e+00,2.055303633642273198e+00,2.293902712117309672e+00,2.506371973942675080e+00
6.805180709064354794e+00,5.403580908657675153e+00,4.312813033811695007e+00,3.097917215995398266e+00,2.386426208763513301e+00,1.692127312158335339e+00,1.355443805596928453e+00,1.100495639151996663e+00,1.038849007415705961e+00,1.092112292689489950e+00,1.217124440125953777e+00,1.472734486563754830e+00,1.709059396876705383e+00,2.049050071036067955e+00,2.289346824489564725e+00,2.503536829732662117e+00
6.810222234244768913e+00,5.401605092573884548e+00,4.305741547181055395e+00,3.085885142307113416e+00,2.372041345011219882e+00,1.676184633751144570e+00,1.339264846227415262e+00,1.084795296509980744e+00,1.023895154278110287e+00,1.078532211755682368e+00,1.204797372119589483e+00,1.462417737642310644e+00,1.700427881467395652e+00,2.042788721093338644e+00,2.284787512451892155e+00,2.500702989759599149e+00
6.815261889001137163e+00,5.399601046398756488e+00,4.298625938887757236e+00,3.073800214635727723e+00,2.357605413060936517e+00,1.660200874580642250e+00,1.323054303550899702e+00,1.069073814915141529e+00,1.008924513469644735e+00,1.064937122602681807e+00,1.192455027442806959e+00,1.452086273059371768e+00,1.691783744678575729e+00,2.036519601202203322e+00,2.280224781841428960e+00,2.497870452988691703e+00
6.820299651654889495e+00,5.397568686449640829e+00,4.291466117030756422e+00,3.061662424774960201e+00,2.343118532182557612e+00,1.644176365209955692e+00,1.306812645106740112e+00,1.053331748496126208e+00,9.939376155993231432e-01,1.051327432476500290e+00,1.180097689639560521e+00,1.441740229421558439e+00,1.683127051723821932e+00,2.030242728896030968e+00,2.275658638537372713e+00,2.495039218389154545e+00
6.825335500467152094e+00,5.395507928978283019e+00,4.284261989966580586e+00,3.049471766307243037e+00,2.328580825444662050e+00,1.628111443129153457e+00,1.290540347215692663e+00,1.037569661008924005e+00,9.789350001699385073e-01,1.037703555198819183e+00,1.167725646691271990e+00,1.431379745306405882e+00,1.674457868642628133e+00,2.023958121854062320e+00,2.271089088460931826e+00,2.492209284934192581e+00
6.830369413638618603e+00,5.393418690171356111e+00,4.277013466313915657e+00,3.037228234630685808e+00,2.313992419771164766e+00,1.612006452854540139e+00,1.274237895101081541e+00,1.021788125964277150e+00,9.639172156939561642e-01,1.024065911252856287e+00,1.155339191075331229e+00,1.421004961287859691e+00,1.665776262309975886e+00,2.017665797902044922e+00,2.266516137575278034e+00,2.489380651600980432e+00
6.835401369309411557e+00,5.391300886150999006e+00,4.269720454958254585e+00,3.024931826986424266e+00,2.299353445998734813e+00,1.595861746029083816e+00,1.257905783011155521e+00,1.005987726756145895e+00,9.488848198103247977e-01,1.010414927869984769e+00,1.142938619824188429e+00,1.410616019962084966e+00,1.657082300446037770e+00,2.011365775012878387e+00,2.261939791885500650e+00,2.486553317370647331e+00
6.840431345558956266e+00,5.389154432975361786e+00,4.262382865056610903e+00,3.012582542486365700e+00,2.284664038934979491e+00,1.579677681523978805e+00,1.241544514342618921e+00,9.901690567912105889e-01,9.338383794021944961e-01,9.967510391170942841e-01,1.130524234585038590e+00,1.400213065973590743e+00,1.648376051626009975e+00,2.005058071307266321e+00,2.257360057438558165e+00,2.483727281228257144e+00
6.845459320405855586e+00,5.386979246639153729e+00,4.255000606042301570e+00,3.000180382141327762e+00,2.269924337417405624e+00,1.563454625541341514e+00,1.225154601765334306e+00,9.743327196193934947e-01,9.187784707155227659e-01,9.830746859846897223e-01,1.118096341680099082e+00,1.389796246041676842e+00,1.639657585290077657e+00,1.998742705054382007e+00,2.252776940323230281e+00,2.480902542162787494e+00
6.850485271807753129e+00,5.384775243074189532e+00,4.247573587629778658e+00,2.987725348889571197e+00,2.255134484373155779e+00,1.547192951718038501e+00,1.208736567348188684e+00,9.584793290653770281e-01,9.037056794785515157e-01,9.693863164757199335e-01,1.105655252167475622e+00,1.379365708987199346e+00,1.630926971753517751e+00,1.992419694672547648e+00,2.248190446670070397e+00,2.478079099167114663e+00
6.855509177661208042e+00,5.382542338149945316e+00,4.240101719819539206e+00,2.975217447625746914e+00,2.240294626879538509e+00,1.530893041230660057e+00,1.192290942686119237e+00,9.426095093611186471e-01,8.886206010221410212e-01,9.556863856951276492e-01,1.093201281902615118e+00,1.368921605759659599e+00,1.622184282216935225e+00,1.986089058729919810e+00,2.243600582651356756e+00,2.475256951237996272e+00
6.860531015801562660e+00,5.380280447674116395e+00,4.232584912903096352e+00,2.962656685230245390e+00,2.225404916225351748e+00,1.514555282901630440e+00,1.175818269028288343e+00,9.267238952793328544e-01,8.735238404009421087e-01,9.419753559401108367e-01,1.080734751600345600e+00,1.358464089464618718e+00,1.613429588776639001e+00,1.979750815945188203e+00,2.239007354481044043e+00,2.472436097376051301e+00
6.865550764002809281e+00,5.377989487393174173e+00,4.225023077468017085e+00,2.950043070598964867e+00,2.210465507973007337e+00,1.498180073306459414e+00,1.159319097407398358e+00,9.108231322679274378e-01,8.584160125153935672e-01,9.282536967910872683e-01,1.068255986897501009e+00,1.347993315391438074e+00,1.604662964435156658e+00,1.973404985188289107e+00,2.234410768414713200e+00,2.469616536585744981e+00
6.870568399977458718e+00,5.375669372992940787e+00,4.217416124403039035e+00,2.937376614673500974e+00,2.195476562021466460e+00,1.481767816882136879e+00,1.142793988770139046e+00,8.949078765853745177e-01,8.432977422345224738e-01,9.145218852033514256e-01,1.055765318416126419e+00,1.337509441041347946e+00,1.595884483111885688e+00,1.967051585481127018e+00,2.229810830749520356e+00,2.466798267875369710e+00
6.875583901376413287e+00,5.373320020099153993e+00,4.209763964903237898e+00,2.924657330471756467e+00,2.180438242669989535e+00,1.465318926036665470e+00,1.126243514108754562e+00,8.789787954369954193e-01,8.281696645195285589e-01,9.007804055994123038e-01,1.043263081827261463e+00,1.327012626155848585e+00,1.587094219653892191e+00,1.960690635998310727e+00,2.225207547824148424e+00,2.463981290257027723e+00
6.880597245788835359e+00,5.370941344278036489e+00,4.202066510475280126e+00,2.911885233118982619e+00,2.165350718682705011e+00,1.448833821259734700e+00,1.109668254593720205e+00,8.630365671121328353e-01,8.130324245481275192e-01,8.870297499620025672e-01,1.030749617915296401e+00,1.316503032745441670e+00,1.578292249846848128e+00,1.954322156067898053e+00,2.220600926018756915e+00,2.461165602746614667e+00
6.885608410742009688e+00,5.368533261036878557e+00,4.194323672942747550e+00,2.899060339879256709e+00,2.150214163354009944e+00,1.432312931234539066e+00,1.093068801707521409e+00,8.470818811221954014e-01,7.978866778396334070e-01,8.732704179277490653e-01,1.018225272642903301e+00,1.305980825118695732e+00,1.569478650426115118e+00,1.947946165172158350e+00,2.215990971754930872e+00,2.458351204363803166e+00
6.890617373701218185e+00,5.366095685824618933e+00,4.186535364451527741e+00,2.886182670187403154e+00,2.135028754574808563e+00,1.415756692950733697e+00,1.076445757379517865e+00,8.311154383395490397e-01,7.827330903807609985e-01,8.595029168814861675e-01,1.005690397216534304e+00,1.295446169911648182e+00,1.560653499087973239e+00,1.941562682948343888e+00,2.211377691495627129e+00,2.455538094132026838e+00
6.895624112069602241e+00,5.363628534032426565e+00,4.178701497475282522e+00,2.873252245681352068e+00,2.119794674899584397e+00,1.399165551818522868e+00,1.059799734121874337e+00,8.151379511372200959e-01,7.675723387521170560e-01,8.457277620512004823e-01,9.931453481524805671e-01,1.284899236117543309e+00,1.551816874500996590e+00,1.935171729189474110e+00,2.206761091745125025e+00,2.452726271078462528e+00
6.900628603188031285e+00,5.361131720994289473e+00,4.170821984820990203e+00,2.860269090234953904e+00,2.104512111614324610e+00,1.382539961783889160e+00,1.043131355166553309e+00,7.991501435294003919e-01,7.524051102553585002e-01,8.319454766035980775e-01,9.805904873434935221e-01,1.274340195116909769e+00,1.542968856317579629e+00,1.928773323845137444e+00,2.202141179048972663e+00,2.449915734234014320e+00
6.905630824334972218e+00,5.358605161987611609e+00,4.162896739634567744e+00,2.847233229991248837e+00,2.089181256805297870e+00,1.365880385444949496e+00,1.026441254603345898e+00,7.831527513127150009e-01,7.372321030409938469e-01,8.181565917402712218e-01,9.680261821259582566e-01,1.263769220707976926e+00,1.534109525185610057e+00,1.922367487022301757e+00,2.197517959993932735e+00,2.447106482633297997e+00
6.910630752726353521e+00,5.356048772233805266e+00,4.154925675406567542e+00,2.834144693396193571e+00,2.073802307428691094e+00,1.349187294169442497e+00,1.009730077518931068e+00,7.671465222082264335e-01,7.220540262367932671e-01,8.043616467944547654e-01,9.554528053476146754e-01,1.253186489137432469e+00,1.525238962760295802e+00,1.915954238986140812e+00,2.192891441207931447e+00,2.444298515314626385e+00
6.915628365515436471e+00,5.353462466898894156e+00,4.146908705977954135e+00,2.821003511232861971e+00,2.058375465381113489e+00,1.332461168213344260e+00,9.929984801369429182e-01,7.511322160041503659e-01,7.068716000767830687e-01,7.905611893283555069e-01,9.428707354358248915e-01,1.242592179131524199e+00,1.516357251716144328e+00,1.909533600160873368e+00,2.188261629360002569e+00,2.441491831319992034e+00
6.920623639792677473e+00,5.350846161094119147e+00,4.138845745545963517e+00,2.807809716656106680e+00,2.042900937570972797e+00,1.315702496840595481e+00,9.762471299590215201e-01,7.351106046992399445e-01,6.916855560307930695e-01,7.767557752310325636e-01,9.302803564663737479e-01,1.231986471927505100e+00,1.507464475759095590e+00,1.903105591130616503e+00,2.183628531160234587e+00,2.438686429695053004e+00
6.925616552585596608e+00,5.348199769876547549e+00,4.130736708670039725e+00,2.794563345227704776e+00,2.027378935990729492e+00,1.298911778443950560e+00,9.594767059068400883e-01,7.190824726468174610e-01,6.764966369345222219e-01,7.629459688168173104e-01,9.176820582328022446e-01,1.221369551305422796e+00,1.498560719638809546e+00,1.896670232640255138e+00,2.178992153359713413e+00,2.435882309489115993e+00
6.930607080858644409e+00,5.345523208249683300e+00,4.122581510277854910e+00,2.781264434951984388e+00,2.011809677790031614e+00,1.282089520666934268e+00,9.426878984650776117e-01,7.030486166994116548e-01,6.613055971200945127e-01,7.491323429242489063e-01,9.050762363162648816e-01,1.210741603620256068e+00,1.489646069161112418e+00,1.890227545596324887e+00,2.174352502750468208e+00,2.433079469755123014e+00
6.935595201513065078e+00,5.342816391164083356e+00,4.114380065671417341e+00,2.767913026311934921e+00,1.996193385349741334e+00,1.265236240526900424e+00,9.258814098253178582e-01,6.870098463539653366e-01,6.461132025470661677e-01,7.353154790155077558e-01,8.924632921559000343e-01,1.200102817834398650e+00,1.480720611200600612e+00,1.883777551067910228e+00,2.169709586165415427e+00,2.430277909549637627e+00
6.940580891386763263e+00,5.340079233517981194e+00,4.106132290533262896e+00,2.754509162305815995e+00,1.980530286356857905e+00,1.248352464539189022e+00,9.090579540308533213e-01,6.709669838975794720e-01,6.309202309338504122e-01,7.214959672763271437e-01,8.798436331197111437e-01,1.189453385550490516e+00,1.471784433713403395e+00,1.877320270287557324e+00,2.165063410478300199e+00,2.427477627932828508e+00
6.945564127254169939e+00,5.337311650157912979e+00,4.097838100932733596e+00,2.741052888484260208e+00,1.964820613880338129e+00,1.231438728842370045e+00,8.922182571223694625e-01,6.549208645537539786e-01,6.157274718895229260e-01,7.076744067163600604e-01,8.672176725759487281e-01,1.178793501044599790e+00,1.462837625750107895e+00,1.870855724652202179e+00,2.160413982603639482e+00,2.424678623968456126e+00
6.950544885826111852e+00,5.334513555879346391e+00,4.089497413332344067e+00,2.727544252987877726e+00,1.949064606447821424e+00,1.214495579324566865e+00,8.753630572844812718e-01,6.388723366290797179e-01,6.005357270459664720e-01,6.938514052699785717e-01,8.545858299649817802e-01,1.168123361299752805e+00,1.453880277468845517e+00,1.864383935724115204e+00,2.155761309496664335e+00,2.421880896723858090e+00
6.955523143749667625e+00,5.331684865427307685e+00,4.081110144594234157e+00,2.713983306585371125e+00,1.933262508123266832e+00,1.197523571750851668e+00,8.584931049930984992e-01,6.228222616603374950e-01,5.853458101903138422e-01,6.800275798974835251e-01,8.419485308716517791e-01,1.157443166039814342e+00,1.444912480148543343e+00,1.857904925231862459e+00,2.151105398153260850e+00,2.419084445269936712e+00
6.960498877608037205e+00,5.328825493497026500e+00,4.072676211986716588e+00,2.700370102712169373e+00,1.917414568585507517e+00,1.180523271891705805e+00,8.416091631635932435e-01,6.067715145619789752e-01,5.701585473976555907e-01,6.662035566867010594e-01,8.293062070981019884e-01,1.146753117763721797e+00,1.435934326202340072e+00,1.851418715071280863e+00,2.146446255609909315e+00,2.416289268681144797e+00
6.965472063920408630e+00,5.325935354734576244e+00,4.064195533190922305e+00,2.686704697509575190e+00,1.901521043207722084e+00,1.163495255652524873e+00,8.247120072997341511e-01,5.907209837739212377e-01,5.549747771639594873e-01,6.523799709549364945e-01,8.166592967370662759e-01,1.136053421780068406e+00,1.426945909191167150e+00,1.844925327306471852e+00,2.141783888943625591e+00,2.413495366035471879e+00
6.970442679141815923e+00,5.323014363737515353e+00,4.055668026307528429e+00,2.672987149864439527e+00,1.885582193137829821e+00,1.146440109204164726e+00,8.078024256433619099e-01,5.746715714096115590e-01,5.397953505391571705e-01,6.385574673512626198e-01,8.040082442456103484e-01,1.125344286242040193e+00,1.417947323837499329e+00,1.838424784170811899e+00,2.137118305271899832e+00,2.410702736414432223e+00
6.975410699663011194e+00,5.320062435055542771e+00,4.047093609863588348e+00,2.659217521449370736e+00,1.869598285379820091e+00,1.129358429114520446e+00,7.908812193247733990e-01,5.586241934043308932e-01,5.246211312603596966e-01,6.247366999591156267e-01,7.913535005193149674e-01,1.114625922182703066e+00,1.408938666039275311e+00,1.831917108067978361e+00,2.132449511752633420e+00,2.407911378903051514e+00
6.980376101810326084e+00,5.317079483191151645e+00,4.038472202819463952e+00,2.645395876763471321e+00,1.853569592876011418e+00,1.112250822481113177e+00,7.739492025137795217e-01,5.425797796636613324e-01,5.094529958851430340e-01,6.109183323991673742e-01,7.786955229668857115e-01,1.103898543550643652e+00,1.399920032883985810e+00,1.825402321572995090e+00,2.127777515584076795e+00,2.405121292589852633e+00
6.985338861845529657e+00,5.314065422600283028e+00,4.029803724575842239e+00,2.631522283173622245e+00,1.837496394590250048e+00,1.095117907064680152e+00,7.570072025714049690e-01,5.265392742120746927e-01,4.942918339248568160e-01,5.971030379324474557e-01,7.660347755851809604e-01,1.093162367245966493e+00,1.390891522662936364e+00,1.818880447433295577e+00,2.123102324004767727e+00,2.402332476566847230e+00
6.990298955965693395e+00,5.311020167692988458e+00,4.021088094980861172e+00,2.617596810956315245e+00,1.821378975592047755e+00,1.077960311423752149e+00,7.400560602021879486e-01,5.105036353415932648e-01,4.791385479779080581e-01,5.832914995636797606e-01,7.533717290346432227e-01,1.082417613156636982e+00,1.381853234885683124e+00,1.812351508569803205e+00,2.118423944293465588e+00,2.399544929929521508e+00
6.995256360303062415e+00,5.307943632834103198e+00,4.012325234337341229e+00,2.603619533340034486e+00,1.805217627141669112e+00,1.060778675050200848e+00,7.230966296070473476e-01,4.944738357604575030e-01,4.639940538629613864e-01,5.694844101448053308e-01,7.407068607151198192e-01,1.071664504195179779e+00,1.372805270294639834e+00,1.805815528078027477e+00,2.113742383769085631e+00,2.396758651776823346e+00
7.000211050924910694e+00,5.304835732343913257e+00,4.003515063410109320e+00,2.589590526548198657e+00,1.789012646776165782e+00,1.043573648505740303e+00,7.061297786366772522e-01,4.784508627417436433e-01,4.488592807520033201e-01,5.556824724786596503e-01,7.280406548420608193e-01,1.060903266335733175e+00,1.363747730879865561e+00,1.799272529229185569e+00,2.109057649790634592e+00,2.393973641211154746e+00
7.005163003833406066e+00,5.301696380498831296e+00,3.994657503433437729e+00,2.575509869842664834e+00,1.772764338396359163e+00,1.026345893559364564e+00,6.891563889454233038e-01,4.624357182718711323e-01,4.337351713032110978e-01,5.418863994227639536e-01,7.153736025230773565e-01,1.050134128651450061e+00,1.354680719894026053e+00,1.792722535471336975e+00,2.104369749757143193e+00,2.391189897338356296e+00
7.010112194965472554e+00,5.298525491532074305e+00,3.985752476118585630e+00,2.561377645567802563e+00,1.756473012354785368e+00,1.009096083325704551e+00,6.721773561456039214e-01,4.464294191989332528e-01,4.186226817935607136e-01,5.280969139932023548e-01,7.027062018348463335e-01,1.039357323352253060e+00,1.345604341867534304e+00,1.786165570430538585e+00,2.099678691107599082e+00,2.388407419267698284e+00
7.015058600192650928e+00,5.295322979634348393e+00,3.976799903661445867e+00,2.547193939195144363e+00,1.740138985544594341e+00,9.918249024042843365e-01,6.551935899622290949e-01,4.304329973807865528e-01,4.035227822511195384e-01,5.143147494685434973e-01,6.900389579003438634e-01,1.028573085822939603e+00,1.336518702623871624e+00,1.779601657912023294e+00,2.094984481320877556e+00,2.385626206111871372e+00
7.020002195320960148e+00,5.292088758954538896e+00,3.967799708750304966e+00,2.532958839368613990e+00,1.723762581489409085e+00,9.745330470196565953e-01,6.382060143880693426e-01,4.144474998328409598e-01,3.884364565869644070e-01,5.005406494937677531e-01,6.773723829663951257e-01,1.017781654661637170e+00,1.327423909295088800e+00,1.773030821901393939e+00,2.090287127915672727e+00,2.382846256986975053e+00
7.024942956090763246e+00,5.288822743600401388e+00,3.958751814573715944e+00,2.518672437950340015e+00,1.707344130434149898e+00,9.572212251623937185e-01,6.212155678390289815e-01,3.984739888754665893e-01,3.733647027266467910e-01,4.867753681841641145e-01,6.647069964815180976e-01,1.006983271718607797e+00,1.318320070337489547e+00,1.766453086565839214e+00,2.085586638450426911e+00,2.380067571012506988e+00
7.029880858176628777e+00,5.285524847639259782e+00,3.949656144828483928e+00,2.504334830067064477e+00,1.690883969436824508e+00,9.398901567309171368e-01,6.042232033097770794e-01,3.825135422809474162e-01,3.583085327411394960e-01,4.730196702291551980e-01,6.520433251740450631e-01,9.961781821354002142e-01,1.309207295547496708e+00,1.759868476255372238e+00,2.080883020523258242e+00,2.377290147311354129e+00
7.034815877187183375e+00,5.282194985098707107e+00,3.940512623727764119e+00,2.489946114157147505e+00,1.674382442461282539e+00,9.225405736741361107e-01,5.872298885295759163e-01,3.665672534199189703e-01,3.432689729772070986e-01,4.592743309960045650e-01,6.393819031305064682e-01,9.853666343843501263e-01,1.300085696077705411e+00,1.753277015504088210e+00,2.076176281771889620e+00,2.374513985009784722e+00
7.039747988664982081e+00,5.278833069967312497e+00,3.931321176009282770e+00,2.475506392018172352e+00,1.657839900470942318e+00,9.051732201348726692e-01,5.702366061182592150e-01,3.506362314072061226e-01,3.282470641871195194e-01,4.455401366333648361e-01,6.267232718742524744e-01,9.745488803084240148e-01,1.290955384453119636e+00,1.746678729031442945e+00,2.071466429873574100e+00,2.371739083237437207e+00
7.044677168086365349e+00,5.275439016195324626e+00,3.922081726943667412e+00,2.461015768855154384e+00,1.641256701523484685e+00,8.877888525940462738e-01,5.532443537423046287e-01,3.347216012469701463e-01,3.132438616576250778e-01,4.318178841746244112e-01,6.140679804442926715e-01,9.637251751614082096e-01,1.281816474587577082e+00,1.740073641743556943e+00,2.066753472545020287e+00,2.368965441127313998e+00
7.049603390861320484e+00,5.272012737695392026e+00,3.912794202342908090e+00,2.446474353329370910e+00,1.624633210866518684e+00,8.703882400155958932e-01,5.362541442709458650e-01,3.188245039770966627e-01,2.982604353381145268e-01,4.181083816410046117e-01,6.014165854743371842e-01,9.528957776484410225e-01,1.272669081800360757e+00,1.733461778734537440e+00,2.062037417542316398e+00,2.366193057815769940e+00
7.054526632333343095e+00,5.268554148343286059e+00,3.903458528568942043e+00,2.431882257607810516e+00,1.607969801034221602e+00,8.529721639921065135e-01,5.192670059322594955e-01,3.029460968127368758e-01,2.832978699678989076e-01,4.044124481443569508e-01,5.887696512720149711e-01,9.420609499668850528e-01,1.263513322833001107e+00,1.726843165287825332e+00,2.057318272660854319e+00,2.363421932442506090e+00
7.059446867779293200e+00,5.265063161978617678e+00,3.894074632542349423e+00,2.417239597413241015e+00,1.591266851944946881e+00,8.355414188911075568e-01,5.022839824691621713e-01,2.870875532889131110e-01,2.683572652025184024e-01,3.907309139896105732e-01,5.761277498982447787e-01,9.312209578475373339e-01,1.254349315866269299e+00,1.720217826877565859e+00,2.052596045735251007e+00,2.360652064150562168e+00
7.064364072409258455e+00,5.261539692405564850e+00,3.884642441751189779e+00,2.402546492074910223e+00,1.574524750999808376e+00,8.180968120020222223e-01,4.853061332952672835e-01,2.712500634021005608e-01,2.534397357389920891e-01,3.770646207768243996e-01,5.634914612467398776e-01,9.203760705961778754e-01,1.245177180537362149e+00,1.713585789170001039e+00,2.047870744639269436e+00,2.357883452086309006e+00
7.069278221366410264e+00,5.257983653393608847e+00,3.875161884259962886e+00,2.387803064579879564e+00,1.557743893182233164e+00,8.006391636837258963e-01,4.683345336505203571e-01,2.554348337506865962e-01,2.385464114399257762e-01,3.634144215027840796e-01,5.508613731236173816e-01,9.095265611354496071e-01,1.235997037957277112e+00,1.706947078024887210e+00,2.043142377285738220e+00,2.355116095399444109e+00
7.074189289726865226e+00,5.254394958678270555e+00,3.865632888718698368e+00,2.373009441625003380e+00,1.540924681158487797e+00,7.831693075126849868e-01,4.513702747565553897e-01,2.396430876742214888e-01,2.236784374563904609e-01,3.497811806620934605e-01,5.382380813270908337e-01,8.986727060470717232e-01,1.226809010728383109e+00,1.700301719496934982e+00,2.038410951626469014e+00,2.352349993242979664e+00
7.079097252499549242e+00,5.250773521961852097e+00,3.856055384372179873e+00,2.358165753669549503e+00,1.524067525379173560e+00,7.656880904316396563e-01,4.344144639716979173e-01,2.238760653913532128e-01,2.088369743494734865e-01,3.361657743477043936e-01,5.256221897272187471e-01,8.878147856143827621e-01,1.217613222962187658e+00,1.693649739837276735e+00,2.033676475652175686e+00,2.349585144773239431e+00
7.084002084626048301e+00,5.247119256914178465e+00,3.846429301069300255e+00,2.343272134988470867e+00,1.507172844181690285e+00,7.481963728987947038e-01,4.174682249455417549e-01,2.081350241363463249e-01,1.940231982104091424e-01,3.225690903508259821e-01,5.130143103456824560e-01,8.769530838652090932e-01,1.208409800297297165e+00,1.686991165494958755e+00,2.028938957392388609e+00,2.346821549149855191e+00
7.088903760980467261e+00,5.243432077173351580e+00,3.836754569272563309e+00,2.328328723726341032e+00,1.490241063893672058e+00,7.306950290374841783e-01,4.005326977730275240e-01,1.924212382940855837e-01,1.792383007791938931e-01,3.089920282601545942e-01,5.004150634355657434e-01,8.660878886150560341e-01,1.199198869917575072e+00,1.680326023118455359e+00,2.024198404915366734e+00,2.344059205535756085e+00
7.093802256369290404e+00,5.239711896346507913e+00,3.827031120067716508e+00,2.313335661951943401e+00,1.473272618937380818e+00,7.131849467862625414e-01,3.836090391479376471e-01,1.767359995334539524e-01,1.644834895615880643e-01,2.954354995603595824e-01,4.878250775611071566e-01,8.552194915106187123e-01,1.189980560570499168e+00,1.673654339557213211e+00,2.019454826328015429e+00,2.341298113097168621e+00
7.098697545531244657e+00,5.235958628010574323e+00,3.817258885173524519e+00,2.298293095713531464e+00,1.456267951935066529e+00,6.956670280493886249e-01,3.666984225157373101e-01,1.610806169389727982e-01,1.497599879443924920e-01,2.819004277297670891e-01,4.752449896773959237e-01,8.443481880736096734e-01,1.180755002585716085e+00,1.666976141863221628e+00,2.014708229775795889e+00,2.338538271003610003e+00
7.103589603137150377e+00,5.232172185713031887e+00,3.807437796951690601e+00,2.283201175094761393e+00,1.439227513815287463e+00,6.781421888476563131e-01,3.498020382256741279e-01,1.454564171405879625e-01,1.350690353088961349e-01,2.683877483371746586e-01,4.626754452099803294e-01,8.334742777448997941e-01,1.171522327893796067e+00,1.660291457292609074e+00,2.009958623442634096e+00,2.335779678427881034e+00
7.108478403789778355e+00,5.228352482972687731e+00,3.797567788416921886e+00,2.268060054271303194e+00,1.422151763920184608e+00,6.606113594695294244e-01,3.329210936820495292e-01,1.298647444414924301e-01,1.204118871423921072e-01,2.548984091377276551e-01,4.501170981343581845e-01,8.225980639289666163e-01,1.162282670045189370e+00,1.653600313307265424e+00,2.005206015550831111e+00,2.333022334546068333e+00
7.113363922023715702e+00,5.224499433280449523e+00,3.787648793247146539e+00,2.252869891568135774e+00,1.405041170113711324e+00,6.430754846225390509e-01,3.160568134945792029e-01,1.143069609438624179e-01,1.057898151476457105e-01,2.414333701677919275e-01,4.375706110553156392e-01,8.117198540386477701e-01,1.153036164229383376e+00,1.646902737576493303e+00,2.000450414360969820e+00,2.330266238537535450e+00
7.118246132305213969e+00,5.220612950100097294e+00,3.777680745793873474e+00,2.237630849517523224e+00,1.387896208890805783e+00,6.255355235848857332e-01,2.992104396277464051e-01,9.878444667237472332e-02,9.120410735019376935e-02,2.279936038387490871e-01,4.250366552860802560e-01,8.008399595401949345e-01,1.143782947294262664e+00,1.640198757978690303e+00,1.995691828171821669e+00,2.327511389584922430e+00
7.123125009032046151e+00,5.216692946869069480e+00,3.767663581092711045e+00,2.222343094917692330e+00,1.370717365487511996e+00,6.079924503572070593e-01,2.823832315490596434e-01,8.329859969538902509e-02,7.665606820336473559e-02,2.145800950296437026e-01,4.125159109272557023e-01,7.899586959986230061e-01,1.134523157765672696e+00,1.633488402603057610e+00,1.990930265320249415e+00,2.324757786874144916e+00
7.128000526533371684e+00,5.212739336999256068e+00,3.757597234874040737e+00,2.207006798892205079e+00,1.353505133992036757e+00,5.904472538144573956e-01,2.655764663761159827e-01,6.785083624365775834e-02,6.214701869089224451e-02,2.011938411786063086e-01,4.000090669454999248e-01,7.790763831233505909e-01,1.125256935867186447e+00,1.626771699751337508e+00,1.986165734181110087e+00,2.322005429594386605e+00
7.132872659069589005e+00,5.208752033877785514e+00,3.747481643573843613e+00,2.191622136950033717e+00,1.336260017456737836e+00,5.729009378578450162e-01,2.487914390223707195e-01,5.244259082643106668e-02,4.767829642699984716e-02,1.878358523729750096e-01,3.875168212519122246e-01,7.681933448141248233e-01,1.115984423540075987e+00,1.620048677939581960e+00,1.981398243167155515e+00,2.319254316938101912e+00
7.137741380832182791e+00,5.204730950867820560e+00,3.737316744344695962e+00,2.176189289046345454e+00,1.318982528011040989e+00,5.553545215667760049e-01,2.320294623415143087e-01,3.707531634482314625e-02,3.325125575383188620e-02,1.745071514380382993e-01,3.750398807800911505e-01,7.573099092072286265e-01,1.106705764463492114e+00,1.613319365899951841e+00,1.976627800728932183e+00,2.316504448101016411e+00
7.142606665943584510e+00,5.200676001309363805e+00,3.727102475066916831e+00,2.160708439643995060e+00,1.301673186975270236e+00,5.378090393507436451e-01,2.152918672703453273e-01,2.175048420229358515e-02,1.886726783609454783e-02,1.612087740243132727e-01,3.625789615638205787e-01,7.464264087219607546e-01,1.097421104074848053e+00,1.606583792582545911e+00,1.971854415354679091e+00,2.313755822282122843e+00
7.147468488457037417e+00,5.196587098520063286e+00,3.716838774359888742e+00,2.145179777775743535e+00,1.284332524975397627e+00,5.202655411011126718e-01,1.985800029700404978e-01,6.469584412103588679e-03,4.527720752776747890e-03,1.479417686932824327e-01,3.501347888143492293e-01,7.355431801073860631e-01,1.088130589590410535e+00,1.599841987157262446e+00,1.967078095570222507e+00,2.311008438683680222e+00
7.152326822356450009e+00,5.192464155796022496e+00,3.706525581593546281e+00,2.129603497107191323e+00,1.266961082058691623e+00,5.027250923427273310e-01,1.818952369657049484e-01,-8.765874298420482658e-03,-9.765980414204920856e-03,1.347071970014998288e-01,3.377080969972158231e-01,7.246605644893477916e-01,1.078834370026098055e+00,1.593093979015693273e+00,1.962298849938869383e+00,2.308262296511215617e+00
7.157181641556239704e+00,5.188307086412618396e+00,3.696162836900024118e+00,2.113979796000440281e+00,1.249559407810261424e+00,4.851887743852904000e-01,1.652389552840897724e-01,-2.395436438695057457e-02,-2.401241349456142982e-02,1.215061335829785705e-01,3.252996299085826326e-01,7.137789074177379733e-01,1.069532596218488507e+00,1.586339797773050231e+00,1.957516687061301441e+00,2.305517394973525924e+00
7.162032919901188066e+00,5.184115803625319430e+00,3.685750481185491978e+00,2.098308877578489717e+00,1.232128061470487701e+00,4.676576844744483319e-01,1.486125625893560953e-01,-3.909433939869898234e-02,-3.821013914752683510e-02,1.083396662297664848e-01,3.129101407510319621e-01,7.028985589140150925e-01,1.060225420846035549e+00,1.579579473270122048e+00,1.952731615575464819e+00,2.302773733282679203e+00
7.166880631166307580e+00,5.179890220670515077e+00,3.675288456142160154e+00,2.082590949790366075e+00,1.214667612053330403e+00,4.501329359425120802e-01,1.320174823167704348e-01,-5.418423387261862845e-02,-5.235770078326179577e-02,9.520889597062241749e-02,3.005403922087789281e-01,6.920198735189646566e-01,1.050912998450492797e+00,1.572813035575267859e+00,1.947943644156457044e+00,2.300031310654015115e+00
7.171724749056689774e+00,5.175630250766346308e+00,3.664776704260460427e+00,2.066826225476993351e+00,1.197178638465502321e+00,4.326156583587459914e-01,1.154551568042040122e-01,-6.922246325141907797e-02,-6.645362448791085341e-02,8.211493714769559082e-02,2.881911565222545213e-01,6.811432103406964700e-01,1.041595485458548742e+00,1.566040514986444920e+00,1.943152781516413130e+00,2.297290126306145819e+00
7.176565247207359555e+00,5.171335807113539573e+00,3.654215168841413952e+00,2.051014922437809584e+00,1.179661729626498623e+00,4.151069976791574856e-01,9.892704742130982443e-02,-8.420742379556447887e-02,-8.049641895246661960e-02,6.905891749111102429e-02,2.758632155620127091e-01,6.702689331028697239e-01,1.032273040203672165e+00,1.559261942033270287e+00,1.938359036404391222e+00,2.294550179460960404e+00
7.181402099183126886e+00,5.167006802896245254e+00,3.643603794009178110e+00,2.035157263498128533e+00,1.162117484589469285e+00,3.976081163957116971e-01,8.243463469624597029e-02,-9.913749250143343017e-02,-9.448457540560888102e-02,5.604197819136078756e-02,2.635573609019107311e-01,6.593974101931385778e-01,1.022945822948168493e+00,1.552477347479119585e+00,1.933562417606255357e+00,2.291811469343630669e+00
7.186235278478441124e+00,5.162643151282887644e+00,3.632942524723783873e+00,2.019253476577257622e+00,1.144546512662919957e+00,3.801201936848941365e-01,6.597941843980643928e-02,-1.140110270238158113e-01,-1.084165675506797849e-01,4.306527396939532210e-02,2.512743938915107389e-01,6.485290147118061288e-01,1.013613995905444876e+00,1.545686762323258856e+00,1.928762933944553115e+00,2.289073995182613341e+00
7.191064758517246247e+00,5.158244765427013157e+00,3.622231306794059691e+00,2.003303794757371303e+00,1.126949433533233957e+00,3.626444255555508756e-01,4.956291786682881506e-02,-1.288263656029246251e-01,-1.222908515069596469e-01,3.012997314431530363e-02,2.390151257276556251e-01,6.376641245206848829e-01,1.004277723262488653e+00,1.538890217803015936e+00,1.923960594278396163e+00,2.286337756209653627e+00
7.195890512652829862e+00,5.153811558468143872e+00,3.611470086890750775e+00,1.987308456353144903e+00,1.109326877387999177e+00,3.451820249959214881e-01,3.318667171473225347e-02,-1.435818269961132987e-01,-1.361058657554201912e-01,1.723725769855301293e-02,2.267803775251624465e-01,6.268031222921512935e-01,9.949371712025568693e-01,1.532087745395989575e+00,1.919155407503335464e+00,2.283602751659790986e+00
7.200712514167686429e+00,5.149343443532642617e+00,3.600658812559835553e+00,1.971267704982156754e+00,1.091679485040123243e+00,3.277342221197802608e-01,1.685223835903900541e-02,-1.582757104144938975e-01,-1.498600310891360365e-01,4.388323340431645944e-03,2.145709803865768206e-01,6.159463955583831529e-01,9.855925079280756229e-01,1.525279376822293420e+00,1.914347382551232490e+00,2.280868980771364019e+00
7.205530736273360937e+00,5.144840333734573612e+00,3.589797432236039754e+00,1.955181789636052603e+00,1.074007908052722504e+00,3.103022643116058465e-01,5.611959257344479842e-04,-1.729062954646514438e-01,-1.635517505685343265e-01,-8.415620436006836930e-03,2.023877754709351717e-01,6.050943367607749535e-01,9.762439036837536888e-01,1.518465144046841075e+00,1.909536528390132881e+00,2.278136442786018012e+00
7.210345152110297917e+00,5.140302142176573774e+00,3.578885895256549432e+00,1.939050964752485395e+00,1.056312808864770192e+00,2.928874163706907674e-01,-1.568485759969205640e-02,-1.874718420956497100e-01,-1.771794094816636633e-01,-2.117335029402514848e-02,1.902316140614768170e-01,5.942473432995176719e-01,9.668915307799067493e-01,1.511645079281672244e+00,1.904722854024134993e+00,2.275405136948712492e+00
7.215155734747698446e+00,5.135728781950730237e+00,3.567924151874930949e+00,1.922875490287831113e+00,1.038594860917485985e+00,2.754909606541000588e-01,-3.188430426668284468e-02,-2.019705905515324085e-01,-1.907413753096693365e-01,-3.388362900018416363e-02,1.781033576322459122e-01,5.834058175833325421e-01,9.575355636159931239e-01,1.504819214988315057e+00,1.899906368493256226e+00,2.272675062507727883e+00
7.219962457183374482e+00,5.131120166139460537e+00,3.556912153275264110e+00,1.906655631790683536e+00,1.020854748781452104e+00,2.581141972183885747e-01,-4.803550605768139303e-02,-2.164007613295340637e-01,-2.042359976976737268e-01,-4.654520537342433234e-02,1.660038779135229459e-01,5.725701670793514886e-01,9.481761787043618828e-01,1.497987583880190154e+00,1.895087080873296692e+00,2.269946218714673503e+00
7.224765292343596101e+00,5.126476207816393682e+00,3.545849851586480472e+00,1.890391660476127500e+00,1.003093168284430847e+00,2.407584439599772252e-01,-6.413680479000576085e-02,-2.307605551442205027e-01,-2.176616084312657795e-01,-5.915681423736342953e-02,1.539340569560209981e-01,5.617408043631297865e-01,9.388135546942134591e-01,1.491150218925058724e+00,1.890265000275699991e+00,2.267218604824497330e+00
7.229564213082941393e+00,5.121796820047266330e+00,3.534737199896917925e+00,1.874083853300800184e+00,9.853108266398700188e-01,2.234250367540957238e-01,-8.018652202169243570e-02,-2.450481528977694334e-01,-2.310165214187911709e-01,-7.171717637593578998e-02,1.418947871937862870e-01,5.509181471687811804e-01,9.294478723957710908e-01,1.484307153347510289e+00,1.885440135847413767e+00,2.264492220095494002e+00
7.234359192184157017e+00,5.117081915890815402e+00,3.523574152269096427e+00,1.857732493038739108e+00,9.675084425760749340e-01,2.061153295921880346e-01,-9.618295896148620905e-02,-2.592617156566219827e-01,-2.442990326796585510e-01,-8.422499849250462967e-02,1.298869715057345553e-01,5.401026184392234697e-01,9.200793148046624292e-01,1.477458420631494240e+00,1.880612496770744935e+00,2.261767063789316801e+00
7.239150202357999220e+00,5.112331408399678701e+00,3.512360663754712231e+00,1.841337868358021046e+00,9.496867464660253555e-01,1.888306947176795203e-01,-1.121243963831511092e-01,-2.733993846347361201e-01,-2.575074203388729166e-01,-9.667897317257825862e-02,1.179115232757583925e-01,5.292946463765220155e-01,9.107080671265153082e-01,1.470604054522895110e+00,1.875782092263214240e+00,2.259043135170988315e+00
7.243937216243082844e+00,5.107545210621300846e+00,3.501096690409856826e+00,1.824900273898194092e+00,9.318464804578129312e-01,1.715725227599955716e-01,-1.280090945442913242e-01,-2.874592811836719219e-01,-2.706399446280094434e-01,-1.090777788502722973e-01,1.059693664513337713e-01,5.184946644923174031e-01,9.013343168017617923e-01,1.463744089032151585e+00,1.870948931577407048e+00,2.256320433508910650e+00
7.248720206405744548e+00,5.102723235598846330e+00,3.489782189310468130e+00,1.808420010348505746e+00,9.139883986056808185e-01,1.543422228667262752e-01,-1.438352931098632326e-01,-3.014395067897540081e-01,-2.836948478928525974e-01,-1.214200797786522817e-01,9.406143560055696407e-02,5.077031116583262671e-01,8.919582535306532778e-01,1.456878558436920823e+00,1.866113024000819687e+00,2.253598958074878755e+00
7.253499145339878496e+00,5.097865396372114333e+00,3.478417118568008171e+00,1.791897384526927706e+00,8.961132670016386248e-01,1.371412228338243777e-01,-1.596012110805698214e-01,-3.153381430785567874e-01,-2.966703546079270115e-01,-1.337045260040996553e-01,8.218867596753981486e-02,4.969204321569015703e-01,8.825800692984873130e-01,1.450007497284789171e+00,1.861274378855707123e+00,2.250878708144094187e+00
7.258274005466790690e+00,5.092971605978459770e+00,3.467001437345380577e+00,1.775332709459982450e+00,8.782218639076251332e-01,1.199709692337181111e-01,-1.753050467263400358e-01,-3.291532518269586483e-01,-3.095646713981470288e-01,-1.459297533448522810e-01,7.035204352608694089e-02,4.861470757316348479e-01,8.731999584010405879e-01,1.443130940396030182e+00,1.856433005498923761e+00,2.248159682995177544e+00
7.263044759135054207e+00,5.088041777453722325e+00,3.455535105873085655e+00,1.758726304463370083e+00,8.603149798881986055e-01,1.028329275412240423e-01,-1.909449775250867398e-01,-3.428828749830262201e-01,-3.223759870678247208e-01,-1.580943833738628623e-01,5.855250503158065944e-02,4.753834976379909261e-01,8.638181174702144194e-01,1.436248922866408817e+00,1.851588913321763785e+00,2.245441881910184900e+00
7.267811378620347540e+00,5.083075823833154594e+00,3.444018085465618828e+00,1.742078495223400525e+00,8.423934179437239100e-01,8.572858225713625435e-02,-2.065191601069516492e-01,-3.565250346939898285e-01,-3.351024726372764384e-01,-1.701970234061304654e-01,4.679103807099484202e-02,4.646301586939573514e-01,8.544347454998864055e-01,1.429361480070033386e+00,1.846742111749797521e+00,2.242725304174621570e+00
7.272573836125312496e+00,5.078073658152361780e+00,3.432450338538113765e+00,1.725389613879230177e+00,8.244579936440292744e-01,6.865943702936770643e-02,-2.220257302042470127e-01,-3.700777333425775417e-01,-3.477422813872744767e-01,-1.822362664906601315e-01,3.506863111095804425e-02,4.538875253306925428e-01,8.450500438719688034e-01,1.422468647662259222e+00,1.841892610242704231e+00,2.240009949077458096e+00
7.277332103779402317e+00,5.073035193448244051e+00,3.420831828623236870e+00,1.708659999105903715e+00,8.065095352625021308e-01,5.162701477151480228e-02,-2.374628026073097031e-01,-3.835389535919817017e-01,-3.602935489115946521e-01,-1.942106914072108115e-01,2.338628354378407062e-02,4.431560696431592339e-01,8.356642163826752956e-01,1.415570461582640549e+00,1.837040418294102251e+00,2.237295815911148900e+00
7.282086153638726245e+00,5.067960342759944226e+00,3.409162520388340223e+00,1.691889996198208790e+00,7.885488839105978531e-01,3.463285777871639992e-02,-2.528284711264852658e-01,-3.969066584397356046e-01,-3.727543931779141451e-01,-2.061188626679917868e-01,1.174500573138775525e-02,4.324362694407264396e-01,8.262774692689929257e-01,1.408666958057932739e+00,1.832185545431375573e+00,2.234582903971647383e+00
7.286835957685895870e+00,5.062849019129799011e+00,3.397442379652864108e+00,1.675079957155332533e+00,7.705768936727219742e-01,1.767852784066743788e-02,-2.681208085604710467e-01,-4.101787912807859926e-01,-3.851229145973263934e-01,-2.179593305244778845e-01,1.458190469974895260e-04,4.217286082977198536e-01,8.168900112353585374e-01,1.401758173605148095e+00,1.827328001215498654e+00,2.231871212558428130e+00
7.291581487829876806e+00,5.057701135604301790e+00,3.385671373406009987e+00,1.658230240766332519e+00,7.525944317414609008e-01,7.656063516542193628e-04,-2.833378666712458860e-01,-4.233532759800464063e-01,-3.973971961027263355e-01,-2.297306309795099366e-01,-1.141024408541952036e-02,4.110335756039061317e-01,8.075020534805387173e-01,1.394844145034662475e+00,1.822467795240855448e+00,2.229160740974505117e+00
7.296322715905840361e+00,5.052516605235062741e+00,3.373849469824673264e+00,1.641341212696416862e+00,7.346023785531250461e-01,-1.610430558253446442e-02,-2.984776761658203825e-01,-4.364280169547367638e-01,-4.095753032363538826e-01,-2.414312858048526800e-01,-2.292214015411194947e-02,4.003516666148937975e-01,7.981138097247123531e-01,1.387924909453376765e+00,1.817604937135055776e+00,2.226451488526449030e+00
7.301059613675003668e+00,5.047295341079774289e+00,3.361976638291649611e+00,1.624413245574032771e+00,7.166016279235669639e-01,-3.292958704096515116e-02,-3.135382466850490379e-01,-4.494008992668095948e-01,-4.216552842467707896e-01,-2.530598025643889248e-01,-3.438881452496971719e-02,3.896833825024305642e-01,7.887254962367542532e-01,1.381000504267932305e+00,1.812739436558749695e+00,2.223743454524412577e+00
7.305792152824476915e+00,5.042037256203196094e+00,3.350052849414115741e+00,1.607446719078766240e+00,6.985930871842406242e-01,-4.970859718733231652e-02,-3.285175667997505267e-01,-4.622697887257617433e-01,-4.336351701955374893e-01,-2.646146746431298769e-01,-4.580920140951125902e-02,3.790292304045787541e-01,7.793373318617198287e-01,1.374070967187980941e+00,1.807871303205437652e+00,2.221036638282150921e+00
7.310520304967115912e+00,5.036742263678127607e+00,3.338078075042387294e+00,1.590442020030054859e+00,6.805776773184644135e-01,-6.643967517330200134e-02,-3.434136040143870305e-01,-4.750325320021530628e-01,-4.455129750738914263e-01,-2.760943812822246324e-01,-5.718222383553141219e-02,3.683897234757492201e-01,7.699495380485271712e-01,1.367136336229512583e+00,1.803000546801275084e+00,2.218331039117043879e+00
7.315244041641364880e+00,5.031410276586391284e+00,3.326052288288959602e+00,1.573399542476705548e+00,6.625563330978436749e-01,-8.312114004558598945e-02,-3.582243047785587109e-01,-4.876869567521591731e-01,-4.572866959297282041e-01,-2.874973876201578071e-01,-6.850679362050976495e-02,3.577653809365721749e-01,7.605623388778350868e-01,1.360196649718239614e+00,1.798127177104874574e+00,2.215626656350123014e+00
7.319963334311102798e+00,5.026041208019832673e+00,3.313975463547834899e+00,1.556319687787222739e+00,6.445300032188191475e-01,-9.975129065689876395e-02,-3.729475945065733877e-01,-5.002308717534715843e-01,-4.689543130051629927e-01,-2.988221447403249242e-01,-7.978181134787355744e-02,3.471567281235873326e-01,7.511759610901187489e-01,1.353251946293038355e+00,1.793251203907104907e+00,2.212923489306092506e+00
7.324678154365486193e+00,5.020634971081308962e+00,3.301847576514143956e+00,1.539202864740948362e+00,6.264996504392998933e-01,-1.163284055809638146e-01,-3.875813776053594895e-01,-5.126620670528777568e-01,-4.805137898849858313e-01,-3.100670897251807667e-01,-9.100616634621948309e-02,3.365642965387317109e-01,7.417906341139391957e-01,1.346302264909452040e+00,1.788372637030885892e+00,2.210221537313358020e+00
7.329388473118799929e+00,5.015191478885690834e+00,3.289668604204058600e+00,1.522049489620000973e+00,6.084662517153264227e-01,-1.328507430317474036e-01,-4.021235375109996069e-01,-5.249783141258704822e-01,-4.919630736563314066e-01,-3.212306457171645313e-01,-1.021787366716052498e-01,3.259886238985971740e-01,7.324065900944013441e-01,1.339347644843252860e+00,1.783491486330978537e+00,2.207520799704054681e+00
7.334094261810303550e+00,5.009710644560876780e+00,3.277438524975010647e+00,1.504859986302027997e+00,5.904307983377357072e-01,-1.493165407870774564e-01,-4.165719367341546575e-01,-5.371773660486238722e-01,-5.033000950798585116e-01,-3.323112219865958505e-01,-1.132983890930079895e-01,3.154302541834432261e-01,7.230240639218051824e-01,1.332388125694063952e+00,1.778607761693770772e+00,2.204821275814071058e+00
7.338795491604073185e+00,5.004192381248800281e+00,3.265157318546211052e+00,1.487634786353755345e+00,5.723942960687695702e-01,-1.657240161168337111e-01,-4.309244169146688730e-01,-5.492569576826898947e-01,-5.145227687727783605e-01,-3.433072140067544575e-01,-1.243639790810655843e-01,3.048897376859381336e-01,7.136432932604832580e-01,1.325423747389046003e+00,1.773721473037060958e+00,2.202122964983080244e+00
7.343492133588846116e+00,4.998636602106444116e+00,3.252824966019477237e+00,1.470374329125339274e+00,5.543577652785837140e-01,-1.820713657158870291e-01,-4.451787988856431566e-01,-5.612148058727745026e-01,-5.256289934040551115e-01,-3.542170035363512715e-01,-1.353743508002102358e-01,2.943676310596047840e-01,7.042645185778243500e-01,1.318454550186646479e+00,1.768832630309835841e+00,2.199425866554572284e+00
7.348184158777864461e+00,4.993043220306875973e+00,3.240441449900382409e+00,1.453079061845521380e+00,5.363222410816097518e-01,-1.983567656419691350e-01,-4.593328827472744069e-01,-5.730486096579474609e-01,-5.366166519020960646e-01,-3.650389587096077304e-01,-1.463283371043050396e-01,2.838644973669467442e-01,6.948879831734813273e-01,1.311480574680412126e+00,1.763941243492043176e+00,2.196729979875881700e+00
7.352871538108724181e+00,4.987412149040271636e+00,3.228006754119717492e+00,1.435749439717573406e+00,5.182887734727135154e-01,-2.145783712586681602e-01,-4.733844479507620662e-01,-5.847560504966642370e-01,-5.474836116752833659e-01,-3.757714341341618636e-01,-1.572247595359052008e-01,2.733809061272279295e-01,6.855139332087585302e-01,1.304501861802867646e+00,1.759047322594363250e+00,2.194035304298220357e+00
7.357554242443216985e+00,4.981743301514946154e+00,3.215520864055275929e+00,1.418385926016038523e+00,5.002584274631058925e-01,-2.307343171837372142e-01,-4.873312533925850398e-01,-5.963347925059777621e-01,-5.582277248456921637e-01,-3.864127709970171520e-01,-1.680624283292579957e-01,2.629174333638851779e-01,6.761426177361802292e-01,1.297518452829462987e+00,1.754150877657971730e+00,2.191341839176713435e+00
7.362232242567175788e+00,4.976036590958403671e+00,3.202983766553973766e+00,1.400988992184260429e+00,4.822322832159450789e-01,-2.468227172429183769e-01,-5.011710375194687872e-01,-6.077824827153205378e-01,-5.688468284963401622e-01,-3.969612971787685463e-01,-1.788401424171651710e-01,2.524746616515414210e-01,6.667742887292322784e-01,1.290530389382586129e+00,1.749251918754299862e+00,2.188649583870431403e+00
7.366905509190310397e+00,4.970291930618375709e+00,3.190395449954297025e+00,1.383559117932695814e+00,4.642114361815763424e-01,-2.628416644294817583e-01,-5.149015184443586080e-01,-6.190967513352437779e-01,-5.793387449323229577e-01,-4.074153273763342908e-01,-1.895566894418304338e-01,2.420531801625938617e-01,6.574092011122784074e-01,1.283537713435644489e+00,1.744350455984792658e+00,2.185958537742427321e+00
7.371574012946059185e+00,4.964509233763878981e+00,3.177755904109089258e+00,1.366096791338012872e+00,4.461969972323562850e-01,-2.787892308696829358e-01,-5.285203940737243089e-01,-6.302752120415069381e-01,-5.897012819561902042e-01,-4.177731632344234280e-01,-2.002108457698144606e-01,2.316535847133521786e-01,6.480476127906488193e-01,1.276540467317218264e+00,1.739446499480656882e+00,2.183268700159772369e+00
7.376237724391433659e+00,4.958688413686274110e+00,3.165065120408687260e+00,1.348602508942964073e+00,4.281900927969977122e-01,-2.946634677943564817e-01,-5.420253422465295401e-01,-6.413154622749299705e-01,-5.999322331579406420e-01,-4.280330934859802872e-01,-2.108013765112313198e-01,2.212764778096950324e-01,6.386897846808938795e-01,1.269538693715284161e+00,1.734540059402607248e+00,2.180580070493594480e+00
7.380896614006852374e+00,4.952829383700323440e+00,3.152323091804401844e+00,1.331076775857027883e+00,4.101918649943734341e-01,-3.104624055168598296e-01,-5.554140208852041960e-01,-6.522150835574094252e-01,-6.100293782200083559e-01,-4.381933941018516521e-01,-2.213270355433167025e-01,2.109224686922149539e-01,6.293359807412022278e-01,1.262532435681511300e+00,1.729631145940609294e+00,2.177892648119118313e+00
7.385550652195989052e+00,4.946932057145264849e+00,3.139529812832352551e+00,1.313520105857821862e+00,3.922034717667220449e-01,-3.261840534175824979e-01,-5.686840681589593327e-01,-6.629716418245117371e-01,-6.199904832376054165e-01,-4.482523284499181915e-01,-2.317865655384964418e-01,2.005921733808241902e-01,6.199864680019816499e-01,1.255521736635631491e+00,1.724719769313614037e+00,2.175206432415704327e+00
7.390199809285616261e+00,4.940996347385885556e+00,3.126685279637662518e+00,1.295933021493274939e+00,3.742260870121867367e-01,-3.418263999352505467e-01,-5.818331026597998168e-01,-6.735826877750682451e-01,-6.298133010548114807e-01,-4.582081474639428942e-01,-2.421786979970950160e-01,1.902862147187893427e-01,6.106415165965974889e-01,1.248506640369884790e+00,1.719805939769288194e+00,2.172521422766892307e+00
7.394844055525445548e+00,4.935022167813603922e+00,3.113789489999020166e+00,1.278316054184550854e+00,3.562609007166195885e-01,-3.573874125652578559e-01,-5.948587235915909766e-01,-6.840457572382008244e-01,-6.394955716168042592e-01,-4.680590898223931373e-01,-2.525021532848246153e-01,1.800052224161612091e-01,6.013013997922644904e-01,1.241487191053539441e+00,1.714889667583739952e+00,2.169837618560443104e+00
7.399483361087964894e+00,4.929009431847558353e+00,3.100842443353614364e+00,1.260669744329725006e+00,3.383091190845889940e-01,-3.728650378652528796e-01,-6.077585109725371915e-01,-6.943583715582080096e-01,-6.490350223386180950e-01,-4.778033821374920720e-01,-2.627556406751914708e-01,1.697498330925706900e-01,5.919663940210900810e-01,1.234463433237492191e+00,1.709970963061239413e+00,2.167155019188384379e+00
7.404117696068284182e+00,4.922958052935694440e+00,3.087844140822437744e+00,1.242994641408199374e+00,3.203719646695125656e-01,-3.882572014682269534e-01,-6.205300258514473422e-01,-7.045180379977523666e-01,-6.584293684908345545e-01,-4.874392391547663350e-01,-2.729378583969675476e-01,1.595206903193541748e-01,5.826367789112641971e-01,1.227435411858945447e+00,1.705049836533932828e+00,2.164473624047056788e+00
7.408747030483980645e+00,4.916867944555868064e+00,3.074794585235974598e+00,1.225291304085848632e+00,3.024506765028463495e-01,-4.035618081033470750e-01,-6.331708105381584906e-01,-7.145222501598003095e-01,-6.676763136026117040e-01,-4.969648639633552634e-01,-2.830474936868733193e-01,1.493184446609752969e-01,5.733128373183913329e-01,1.220403172246164347e+00,1.700126298361551269e+00,2.161793432537159276e+00
7.413371334274928337e+00,4.910739020216948525e+00,3.061693781160280459e+00,1.207560300320897007e+00,2.845465102222599074e-01,-4.187767416247780150e-01,-6.456783888485009282e-01,-7.243684884287602266e-01,-6.767735498824559714e-01,-5.063784482173512291e-01,-2.930832228476181189e-01,1.391437537157102777e-01,5.639948553569638090e-01,1.213366760123317789e+00,1.695200358931114426e+00,2.159114444063800153e+00
7.417990577303148036e+00,4.904571193459926093e+00,3.048541734923453816e+00,1.189802207470511242e+00,2.666607381987143310e-01,-4.338998650487558284e-01,-6.580502663641932815e-01,-7.340542204312838770e-01,-6.857187586571626969e-01,-5.156781723684492613e-01,-3.030437113114544112e-01,1.289972821555573912e-01,5.546831224319671572e-01,1.206326221615398930e+00,1.690272028656627068e+00,2.156436658036545495e+00
7.422604729352646480e+00,4.898364377859034668e+00,3.035338454642502182e+00,1.172017612398098318e+00,2.487946496623664738e-01,-4.489290205991700589e-01,-6.702839307080610265e-01,-7.435769015171943552e-01,-6.945096108293479231e-01,-5.248622059101861748e-01,-3.129276137093998655e-01,1.188797017653352717e-01,5.453779312706160676e-01,1.199281603253233186e+00,1.685341317978770403e+00,2.153760073869469771e+00
7.427213760129254716e+00,4.892118487022869111e+00,3.022083950250618045e+00,1.154207111581306178e+00,2.309495508272205733e-01,-4.638620297619177602e-01,-6.823768518349804246e-01,-7.529339752610076930e-01,-7.031437673539880917e-01,-5.339287076340506477e-01,-3.227335739462830477e-01,1.087916914809326646e-01,5.360795779542172346e-01,1.192232951978570155e+00,1.680408237364587443e+00,2.151084690981210912e+00
7.431817639260467345e+00,4.885833434595515001e+00,3.008778233524865620e+00,1.136371311220711888e+00,2.131267650144429704e-01,-4.786966933483015052e-01,-6.943264823389533325e-01,-7.621228739845296030e-01,-7.116188797344100703e-01,-5.428758258977540718e-01,-3.324602252817752124e-01,9.873393742667056772e-02,5.267883619501516623e-01,1.185180315149263031e+00,1.675472797307163031e+00,2.148410508795024931e+00
7.436416336295281759e+00,4.879509134257681069e+00,2.995421318114281473e+00,1.118510827349188386e+00,1.953276327742539953e-01,-4.934307915677478840e-01,-7.061302577767286648e-01,-7.711410193010098668e-01,-7.199325905381644963e-01,-5.517016989059524423e-01,-3.421061904175701218e-01,8.870713295173733581e-02,5.175045861439737660e-01,1.178123740544537057e+00,1.670535008325295445e+00,2.145737526738842327e+00
7.441009820704040045e+00,4.873145499727838725e+00,2.982013219568402373e+00,1.100626285941940230e+00,1.775535120063098382e-01,-5.080620841101263219e-01,-7.177855970083891757e-01,-7.799858226813444206e-01,-7.280825339332290813e-01,-5.604044550037159400e-01,-3.516700815908802014e-01,7.871197866565610157e-02,5.082285568716206070e-01,1.171063276370347239e+00,1.665594880963162661e+00,2.143065744245324034e+00
7.445598061878259344e+00,4.866742444763371367e+00,2.968553955366224351e+00,1.082718323027196172e+00,1.598057780784861159e-01,-5.225883102379533796e-01,-7.292899025553295500e-01,-7.886546860428139682e-01,-7.360663362449841873e-01,-5.689822129830467423e-01,-3.611505006744148982e-01,6.874918247274394711e-02,4.989605839517275432e-01,1.163998971264829319e+00,1.660652425789983067e+00,2.140395160751922710e+00
7.450181029130482635e+00,4.860299883161727230e+00,2.955043544945593847e+00,1.064787584797544540e+00,1.420858239439660164e-01,-5.370071888887784084e-01,-7.406405609760612352e-01,-7.971450023608591673e-01,-7.438816165344156461e-01,-5.774330824027494868e-01,-3.705460392830157157e-01,5.881945960551773767e-02,4.897009807180432439e-01,1.156930874303842227e+00,1.655707653399665746e+00,2.137725775700941355e+00
7.454758691694110873e+00,4.853817728761574912e+00,2.941482009733042080e+00,1.046834727721900782e+00,1.243950602565436631e-01,-5.513164187880434941e-01,-7.518349432602784432e-01,-8.054541563044068653e-01,-7.515259871980021211e-01,-5.857551639219604755e-01,-3.798552788871217833e-01,4.892353265700657983e-02,4.804500640519400734e-01,1.149859035006606689e+00,1.650760574410459647e+00,2.135057588539597706e+00
7.459331018723236006e+00,4.847295895443963332e+00,2.927869373174071921e+00,1.028860418658094078e+00,1.067349154840424308e-01,-5.655136785727234994e-01,-7.628704052416340753e-01,-8.135795248952493175e-01,-7.589970545897497534e-01,-5.939465496476481476e-01,-3.890767909332439878e-01,3.906213161192444161e-02,4.712081544150120149e-01,1.142783503341439078e+00,1.645811199464592756e+00,2.132390598720089958e+00
7.463897979292489993e+00,4.840734297133502118e+00,2.914205660763898198e+00,1.010865334966057905e+00,8.910683601974815626e-02,-5.795966269260535153e-01,-7.737442880296758752e-01,-8.215184781919933066e-01,-7.662924196658388309e-01,-6.020053234964015676e-01,-3.982091369716275198e-01,2.923599387665757818e-02,4.619755758817559732e-01,1.135704329731583861e+00,1.640859539227901287e+00,2.129724805699660273e+00
7.468459542396877815e+00,4.834132847799533117e+00,2.900490900078652512e+00,9.928501646216123522e-01,7.151228629175736262e-02,-5.935629027236571931e-01,-7.844539184613993354e-01,-8.292683799991051874e-01,-7.734096786523516620e-01,-6.099295615708234530e-01,-4.072508687912857472e-01,1.944586430802132046e-02,4.527526561723299592e-01,1.128621565061145304e+00,1.635905604389455981e+00,2.127060208940663610e+00
7.473015676951610509e+00,4.827491461457312560e+00,2.886725120807056566e+00,9.748156063308209829e-01,5.395274887013273846e-02,-6.074101251913960331e-01,-7.949966095728823179e-01,-8.368265886015716637e-01,-7.803464237365580480e-01,-6.177173325508541479e-01,-4.162005285625932638e-01,9.692495240737494799e-03,4.435397266853811082e-01,1.121535260681121304e+00,1.630949405661179519e+00,2.124396807910637452e+00
7.477566351791942623e+00,4.820810052169200333e+00,2.872908354782571561e+00,9.567623696449043535e-01,3.642972457175609052e-02,-6.211358940752668145e-01,-8.053696610914726772e-01,-8.441904575257060950e-01,-7.871002437822360864e-01,-6.253666981003542791e-01,-4.250566489876279053e-01,-2.335348641756974767e-05,4.343371225309358707e-01,1.114445468415538931e+00,1.625990953777455950e+00,2.121734602082374632e+00
7.482111535673012348e+00,4.814088534045856349e+00,2.859040636016032089e+00,9.386911750757006567e-01,1.894473256277501988e-02,-6.347377898236739036e-01,-8.155703599490010669e-01,-8.513573363266372374e-01,-7.936687250695058093e-01,-6.328757132892712800e-01,-4.338177534584503614e-01,-9.700914505840520230e-03,4.251451825633488224e-01,1.107352240567695434e+00,1.621030259494732118e+00,2.119073590933994833e+00
7.486651197269678981e+00,4.807326821247440485e+00,2.845122000728772083e+00,9.206027542116519413e-01,1.499310458525736703e-03,-6.482133737824163910e-01,-8.255959808165025393e-01,-8.583245714030192097e-01,-8.000494520596658221e-01,-6.402424270317270683e-01,-4.424823562235190022e-01,-1.933941289775709810e-02,4.159642494143004354e-01,1.100255629926506495e+00,1.616067333591113320e+00,2.116413773949022303e+00
7.491185305176354170e+00,4.800524827984820497e+00,2.831152487386247696e+00,9.024978498342949296e-01,-1.590498557918634120e-02,-6.615601884027336732e-01,-8.354437866609345509e-01,-8.650895068395099141e-01,-8.062400081855245482e-01,-6.474648825403643837e-01,-4.510489625624397036e-01,-2.893806616836003265e-02,4.067946695258358170e-01,1.093155689772959516e+00,1.611102186865948305e+00,2.113755150616461354e+00
7.495713827906839377e+00,4.793682468520788831e+00,2.817132136732164227e+00,8.843772160352461054e-01,-3.326658074756076722e-02,-6.747757574627508692e-01,-8.451110293243824234e-01,-8.716494852775520386e-01,-8.122379766677076951e-01,-6.545411177972915162e-01,-4.595160689692469047e-01,-3.849608422947887326e-02,3.976367931834411396e-01,1.086052473886681691e+00,1.606134830139407166e+00,2.111097720430875846e+00
7.500236733894165120e+00,4.786799657171277644e+00,2.803060991823116410e+00,8.662416183336526521e-01,-5.058388151116145065e-02,-6.878575863026876736e-01,-8.545949501262550818e-01,-8.780018488150135303e-01,-8.180409413574477595e-01,-6.614691660419715902e-01,-4.678821633444249506e-01,-4.801266937984072225e-02,3.884909745491442745e-01,1.078946036552618004e+00,1.601165274252051240e+00,2.108441482892472241e+00
7.504753991490421328e+00,4.779876308306590715e+00,2.788939098063751842e+00,8.480918337940971385e-01,-6.785527551327714957e-02,-7.008031620741826950e-01,-8.638927804889702244e-01,-8.841439399352465367e-01,-8.236464876063405161e-01,-6.682470562763985766e-01,-4.761457251958710613e-01,-5.748701628797225904e-02,3.793575716946366860e-01,1.071836432567819797e+00,1.596193530064393462e+00,2.105786437507180864e+00
7.509265568966592141e+00,4.772912336352634455e+00,2.774766503242457105e+00,8.299286511449316395e-01,-8.507913149041615442e-02,-7.136099540041000999e-01,-8.730017425876421822e-01,-8.900731024661053814e-01,-8.290522031635727540e-01,-6.748728137879148603e-01,-4.843052258490129769e-01,-6.691831197680289667e-02,3.702369466344064275e-01,1.064723717248353907e+00,1.591219608456452050e+00,2.103132583786742060e+00
7.513771434512395153e+00,4.765907655792155140e+00,2.760543257567584785e+00,8.117528708970176421e-01,-1.022537991900670379e-01,-7.262754136731940369e-01,-8.819190500242855002e-01,-8.957866825694936752e-01,-8.342556791011256356e-01,-6.813444606900206368e-01,-4.923591286662940547e-01,-7.630573581002758621e-02,3.611294653588728032e-01,1.057607946436327273e+00,1.586243520327293099e+00,2.100479921248795012e+00
7.518271556236110875e+00,4.758862181165985916e+00,2.746269413704222284e+00,7.935653054628531988e-01,-1.193776092918557852e-01,-7.387969753100032122e-01,-8.906419085270533831e-01,-9.012820297619993370e-01,-8.392545107674518334e-01,-6.876600164815308558e-01,-5.003058892762393128e-01,-8.564845948028651512e-02,3.520354978675154789e-01,1.050489176507030553e+00,1.581265276594566282e+00,2.097828449416968333e+00
7.522765902164419316e+00,4.751775827074298242e+00,2.731945026811511301e+00,7.753667792760624566e-01,-1.364488733322398173e-01,-7.511720561003611962e-01,-8.991675166750372483e-01,-9.065564979671751900e-01,-8.440462987701308206e-01,-6.938174986244391995e-01,-5.081439558123210798e-01,-9.494564699922378170e-02,3.429554182019886044e-01,1.043367464376203868e+00,1.576284888194028122e+00,2.095178167820969772e+00
7.527254440242238331e+00,4.744648508177863988e+00,2.717570154580528641e+00,7.571581289112251367e-01,-1.534658836328765263e-01,-7.633980565129092621e-01,-9.074930666491539677e-01,-9.116074466000322341e-01,-8.486286499880052459e-01,-6.998149231408468118e-01,-5.158717691618450729e-01,-1.041964546894855737e-01,3.338896044792123430e-01,1.036242867507426668e+00,1.571302366079058377e+00,2.092529075996681698e+00
7.531737138332546877e+00,4.737480139199315765e+00,2.703144857272731016e+00,7.389402032040154333e-01,-1.704269132328141978e-01,-7.754723606410069969e-01,-9.156157450096571448e-01,-9.164322416843070362e-01,-8.529991786133062082e-01,-7.056503052293225942e-01,-5.234877632250826140e-01,-1.134000311787235343e-01,3.248384389244289849e-01,1.029115443919632833e+00,1.566317721220168435e+00,2.089881173486259680e+00
7.536213964216219807e+00,4.730270634924417905e+00,2.688669197758983831e+00,7.207138633716319021e-01,-1.873302158246493432e-01,-7.873923365614411418e-01,-9.235327335008105543e-01,-9.210282570030677851e-01,-8.571555072242666995e-01,-7.113216599010581120e-01,-5.309903651848714157e-01,-1.225555173956654892e-01,3.158023079042168169e-01,1.021985252194752558e+00,1.561330964604496607e+00,2.087234459838229306e+00
7.540684885591872444e+00,4.723019910203350769e+00,2.674143241559166828e+00,7.024799831334889166e-01,-2.041740256948002818e-01,-7.991553367103384486e-01,-9.312412098832614227e-01,-9.253928752832325522e-01,-8.610952678887344725e-01,-7.168270026361809322e-01,-5.383779957869178068e-01,-1.316620465683189523e-01,3.067816019594519217e-01,1.014852351485486359e+00,1.556342107235294092e+00,2.084588934607587429e+00
7.545149870075683829e+00,4.715727879951989721e+00,2.659567056882374381e+00,6.842394488321379420e-01,-2.209565576680551091e-01,-8.107586982766942230e-01,-9.387383487946634464e-01,-9.295234894145562032e-01,-8.648161032992902619e-01,-7.221643500605989807e-01,-5.456490696310327682e-01,-1.407187442243776065e-01,2.977767158382048640e-01,1.007716801523209860e+00,1.551351160131402063e+00,2.081944597355909199e+00
7.549608885201225306e+00,4.708394459153194767e+00,2.644940714667719295e+00,6.659931595543970850e-01,-2.376760070565478444e-01,-8.221997436139323323e-01,-9.460213226390985497e-01,-9.334175037036485101e-01,-8.683156679403615241e-01,-7.273317206437465154e-01,-5.528019954735317043e-01,-1.497247281938970387e-01,2.887880485285647114e-01,1.000578662626012250e+00,1.546358134326718314e+00,2.079301447651453305e+00
7.554061898419299759e+00,4.701019562858113510e+00,2.630264288625748126e+00,6.477420272526540623e-01,-2.543305496133260735e-01,-8.334757806699215621e-01,-9.530873025058499426e-01,-9.370723351635924514e-01,-8.715916292878388427e-01,-7.323271354175993064e-01,-5.598351765410394254e-01,-1.586791086143105600e-01,2.798160032913786233e-01,9.934379957068711908e-01,1.541363040869651480e+00,2.076659485069269895e+00
7.558508877097771972e+00,4.693603106187483220e+00,2.615537855280475110e+00,6.294869768663154952e-01,-2.709183414906722320e-01,-8.445841034358737565e-01,-9.599334591180785914e-01,-9.404854148397191471e-01,-8.746416690416957129e-01,-7.371486187173320603e-01,-5.667470108559387043e-01,-1.675809879378558631e-01,2.708609876928961824e-01,9.862948622819683875e-01,1.536365890822568359e+00,2.074018709191313814e+00
7.562949788521398986e+00,4.686145004332940012e+00,2.600761494012040931e+00,6.112289464433668940e-01,-2.874375192033504223e-01,-8.555219924145620602e-01,-9.665569638119652085e-01,-9.436541891721006436e-01,-8.774634843921110816e-01,-7.417941989439938988e-01,-5.735358915737053254e-01,-1.764294609414869541e-01,2.619234136373052579e-01,9.791493244791447115e-01,1.531366695261225930e+00,2.071379119606559183e+00
7.567384599891659569e+00,4.678645172558339560e+00,2.585935287100010527e+00,5.929688872620135776e-01,-3.038861995969501795e-01,-8.662867151082959127e-01,-9.729549895468802001e-01,-9.465761213953098885e-01,-8.800547893195719285e-01,-7.462619093495745926e-01,-5.802002073323728748e-01,-1.852236147393456211e-01,2.530036973991494631e-01,9.720014450464977696e-01,1.526365465274193589e+00,2.068740715911115302e+00
7.571813278326589902e+00,4.671103526201078715e+00,2.571059319767323270e+00,5.747077639523723303e-01,-3.202624798214984136e-01,-8.768755265270954391e-01,-9.791247119471369054e-01,-9.492486929760066694e-01,-8.824133159294536011e-01,-7.505497888448314781e-01,-5.867383426143741865e-01,-1.939625287978654355e-01,2.441022596556169377e-01,9.648512873611280183e-01,1.521362211962266064e+00,2.066103497708346559e+00
7.576235790860609498e+00,4.663519980673424215e+00,2.556133680224892402e+00,5.564465546181688316e-01,-3.365644373105272091e-01,-8.872856697175198759e-01,-9.850633103758981157e-01,-9.516694050888917511e-01,-8.845368158215719534e-01,-7.546558828302555311e-01,-5.931486781210127956e-01,-2.026452749535905262e-01,2.352195255186833867e-01,9.576989154380314284e-01,1.516356946437862119e+00,2.063467464608997659e+00
7.580652104444349781e+00,4.655894451463855610e+00,2.541158459716871487e+00,5.381862509584173226e-01,-3.527901297657736746e-01,-8.975143763126006702e-01,-9.907679690418018659e-01,-9.538357801315686668e-01,-8.864230614951584819e-01,-7.585782440505496327e-01,-5.994295911598092053e-01,-2.112709174337843443e-01,2.263559245671014353e-01,9.505443939391425845e-01,1.511349679824413483e+00,2.060832616231317971e+00
7.585062185944495106e+00,4.648226854138407305e+00,2.526133752566598112e+00,5.199278583890359906e-01,-3.689375951477054105e-01,-9.075588671033441024e-01,-9.962358781388693796e-01,-9.557453632788556197e-01,-8.880698477897561727e-01,-7.623149334729889537e-01,-6.055794560449824226e-01,-2.198385128799109356e-01,2.175118908782200378e-01,9.433877881825313283e-01,1.506340423255738692e+00,2.058198952201187648e+00
7.589466002143598899e+00,4.640517104342015919e+00,2.511059656223219250e+00,5.016723961643624330e-01,-3.850048516720609992e-01,-9.174163526322648421e-01,-1.001464235020262272e+00,-9.573957240770725186e-01,-8.894749933624948035e-01,-7.658640211900379358e-01,-6.115966445113200090e-01,-2.283471103740711550e-01,2.086878630596220030e-01,9.362291641517563878e-01,1.501329187875407811e+00,2.055566472152252189e+00
7.593863519739917578e+00,4.632765117799885424e+00,2.495936271309016963e+00,4.834208974985359508e-01,-4.009898978125984170e-01,-9.270840338094215038e-01,-1.006450245406460997e+00,-9.587844580788197346e-01,-8.906363422021872367e-01,-7.692235873465933516e-01,-6.174795261416908820e-01,-2.367957514684751741e-01,1.998842842805676201e-01,9.290685885053749926e-01,1.496315984836093405e+00,2.052935175726056993e+00
7.598254705347246230e+00,4.624970810318848713e+00,2.480763701667434429e+00,4.651744096866978206e-01,-4.168907123102555401e-01,-9.365591025514306001e-01,-1.011191124628424198e+00,-9.599091885187719386e-01,-8.915517651807182142e-01,-7.723917230922209276e-01,-6.232264688084673265e-01,-2.451834702180393233e-01,1.911016023032271194e-01,9.219061285866149147e-01,1.491300825298908173e+00,2.050305062572183701e+00
7.602639525494738315e+00,4.617134097788734515e+00,2.465542054411816952e+00,4.469339942259697440e-01,-4.327052541889254700e-01,-9.458387424439379521e-01,-1.015684098906296962e+00,-9.607675680309885058e-01,-8.922191616421609739e-01,-7.753665315587537910e-01,-6.288358391291145599e-01,-2.535092932161937540e-01,1.823402695136891738e-01,9.147418524332107115e-01,1.486283720432730382e+00,2.047676132348392741e+00
7.607017946626736027e+00,4.609254896183750283e+00,2.450271439974879950e+00,4.287007269361717277e-01,-4.484314627780542906e-01,-9.549201294280310615e-01,-1.019926406664232843e+00,-9.613572804082252121e-01,-8.926364610300439040e-01,-7.781461288636168927e-01,-6.343060029362095342e-01,-2.617722396339889901e-01,1.736007429527315626e-01,9.075758287874055030e-01,1.481264681413514639e+00,2.045048384720766332e+00
7.611389935102605087e+00,4.601333121563869533e+00,2.434951972158912792e+00,4.104756980802305444e-01,-4.640672577422737533e-01,-9.638004325110798298e-01,-1.023915299881889895e+00,-9.616760424037410493e-01,-8.928016245531936734e-01,-7.807286451392373428e-01,-6.396353257621566479e-01,-2.699713212625922676e-01,1.648834843463380384e-01,9.004081271061213920e-01,1.476243719423590450e+00,2.042421819363855917e+00
7.615755457196558886e+00,4.593368690076220950e+00,2.419583768186727379e+00,3.922600124842349767e-01,-4.796105391182871047e-01,-9.724768145025012300e-01,-1.027648045483159800e+00,-9.617216055760698934e-01,-8.927126468905645096e-01,-7.831122255888987027e-01,-6.448221733388656007e-01,-2.781055425592658947e-01,1.561889601359454927e-01,8.932388175713025236e-01,1.471220845650945908e+00,2.039796435960834042e+00
7.620114479097477300e+00,4.585361517956487276e+00,2.404166948753365229e+00,3.740547896570927122e-01,-4.950591873592272152e-01,-9.809464327749410906e-01,-1.031121926762684327e+00,-9.614917581772081112e-01,-8.923675579354427567e-01,-7.852950315693925099e-01,-6.498649121126579553e-01,-2.861739006969206689e-01,1.475176415084070991e-01,8.860679711004345593e-01,1.466196071288499159e+00,2.037172234203648014e+00
7.624466966908744148e+00,4.577311521530312177e+00,2.388701638078571055e+00,3.558611639097348789e-01,-5.104110633867164903e-01,-9.892064400513750355e-01,-1.034334244850715789e+00,-9.609843270846629704e-01,-8.917644245794141833e-01,-7.872752417008188619e-01,-6.547619097746735228e-01,-2.941753856173424109e-01,1.388700044256533928e-01,8.788956593572380127e-01,1.461169407533353892e+00,2.034549213793177991e+00
7.628812886648078440e+00,4.569218617214713341e+00,2.373187963960047053e+00,3.376802844738245879e-01,-5.256640086508544973e-01,-9.972539852186328435e-01,-1.037282320216862619e+00,-9.601971797778005024e-01,-8.909013525364647412e-01,-7.890510530038764569e-01,-6.595115358070455791e-01,-3.021089800881860965e-01,1.302465296540358530e-01,8.717219547625452147e-01,1.456140865586038169e+00,2.031927374439398193e+00
7.633152204247347861e+00,4.561082721519503558e+00,2.357626057827492794e+00,3.195133156199156943e-01,-5.408158451983714476e-01,-1.005086214167853598e+00,-1.039963494213265172e+00,-9.591282263588920554e-01,-8.897764882075540616e-01,-7.906206820649843703e-01,-6.641121620451144736e-01,-3.099736597638387825e-01,1.216477027933357269e-01,8.645469305053606890e-01,1.451110456649732594e+00,2.029306715861542099e+00
7.637484885552400016e+00,4.552903751048716252e+00,2.342016054797452007e+00,3.013614367750090395e-01,-5.558643757491866788e-01,-1.012700270662378665e+00,-1.042375130657738680e+00,-9.577754216192531089e-01,-8.883880205860021917e-01,-7.919823662295698563e-01,-6.685621632559517469e-01,-3.177683932502522457e-01,1.130740143054208419e-01,8.573706605541072667e-01,1.446078191929481394e+00,2.026687237788270757e+00
7.641810896322891900e+00,4.544681622502038998e+00,2.326358093728968512e+00,2.832258426394512751e-01,-5.708073837816147744e-01,-1.020093297233599205e+00,-1.044514617457408256e+00,-9.561367671508559374e-01,-8.867341832040114280e-01,-7.931343648238453614e-01,-6.728599177334695369e-01,-3.254921421738481424e-01,1.045259595425318266e-01,8.501932196680624942e-01,1.441044082631385947e+00,2.024068939957845981e+00
7.646130202232116702e+00,4.536416252676260363e+00,2.310652317280068591e+00,2.651077433031240882e-01,-5.856426336264687338e-01,-1.027262436105275567e+00,-1.046379368273362864e+00,-9.542103135037712791e-01,-8.848132561206063507e-01,-7.940749604053948252e-01,-6.770038079103835038e-01,-3.331438612545992717e-01,9.600403877518051687e-02,8.430146834089878860e-01,1.436008139961784558e+00,2.021451822118306207e+00
7.650442768866824395e+00,4.528107558466711424e+00,2.294898871965078246e+00,2.470083643608627921e-01,-6.003678705703150431e-01,-1.034204830146842058e+00,-1.047966824226835403e+00,-9.519941623897677507e-01,-8.826235679512833832e-01,-7.948024600428826858e-01,-6.809922209873054966e-01,-3.407224983833954113e-01,8.750875721964075649e-02,8.358351281529551313e-01,1.430970375126416672e+00,2.018835884027647687e+00
7.654748561727045875e+00,4.519755456868724153e+00,2.279097908212784684e+00,2.289289470270458593e-01,-6.149808209681402182e-01,-1.040917623856220553e+00,-1.049274455647416726e+00,-9.494864689323750939e-01,-8.801634979396155689e-01,-7.953151966251884586e-01,-6.848235495792375227e-01,-3.482269947038024172e-01,7.904062506501281782e-02,8.286546311023703648e-01,1.425930799329568233e+00,2.016221125454007890e+00
7.659047546225926872e+00,4.511359864979096912e+00,2.263249580425463758e+00,2.108707482492982455e-01,-6.294791923656886112e-01,-1.047397964372664525e+00,-1.050299763863797420e+00,-9.466854439637012453e-01,-8.774314780710380512e-01,-7.956115302002599865e-01,-6.884961923797376926e-01,-3.556562846983236104e-01,7.060015749984269173e-02,8.214732702982023849e-01,1.420889423773200821e+00,2.013607546175853802e+00
7.663339687689542323e+00,4.502920699997559062e+00,2.247354047038776503e+00,1.928350408212418932e-01,-6.438606736317433743e-01,-1.053643002520155081e+00,-1.051040283037515177e+00,-9.435893563682583585e-01,-8.744259952290316384e-01,-7.956898493439706899e-01,-6.920085548430352507e-01,-3.630092962792782485e-01,6.218787473827433465e-02,8.142911246324163743e-01,1.415846259656066586e+00,2.010995145982176435e+00
7.667624951356724061e+00,4.494437879228250665e+00,2.231411470582551626e+00,1.748231134942343779e-01,-6.581229351006222528e-01,-1.059649893881876803e+00,-1.051493582040184283e+00,-9.401965354740315917e-01,-8.711455933938707652e-01,-7.955485725592533752e-01,-6.953590498843594814e-01,-3.702849508844087700e-01,5.380430204571646363e-02,8.071082738606174534e-01,1.410801318172801855e+00,2.008383924672685783e+00
7.671903302378889400e+00,4.485911320081209297e+00,2.215422017742460614e+00,1.568362710880278343e-01,-6.722636287251667619e-01,-1.065415799906294980e+00,-1.051657266374656841e+00,-9.365053734909896122e-01,-8.675888758840994974e-01,-7.951861497057741701e-01,-6.985460985987589355e-01,-3.774821635773351614e-01,4.544996976400168115e-02,7.999247986149072842e-01,1.405754610513003877e+00,2.005773882058012880e+00
7.676174705819856392e+00,4.477340940073858633e+00,2.199385859422607226e+00,1.388758346002779698e-01,-6.862803882405108524e-01,-1.070937889045361802e+00,-1.051528980140565173e+00,-9.325143279972003540e-01,-8.637545076408497113e-01,-7.946010634603953848e-01,-7.015681309986786518e-01,-3.845998431529761286e-01,3.712541333601535737e-02,7.927407804169568362e-01,1.400706147860290463e+00,2.003165017959916305e+00
7.680439126655675075e+00,4.468726656832507693e+00,2.183303170809042903e+00,1.209431413148422257e-01,-7.001708293389118376e-01,-1.076213337925377322e+00,-1.051106408044669926e+00,-9.282219244727021312e-01,-8.596412175550909307e-01,-7.937918308086648889e-01,-7.044235867705603837e-01,-3.916368922480537584e-01,2.883117332977551753e-02,7.855563016913001961e-01,1.395655941391340304e+00,2.000557332211490902e+00
7.684696529774444507e+00,4.460068388093860747e+00,2.167174131434209450e+00,1.030395449087880416e-01,-7.139325498559444538e-01,-1.081239332551026999e+00,-1.050387277456421353e+00,-9.236267588812163698e-01,-8.552478008378798791e-01,-7.927570045675558230e-01,-7.071109160507382807e-01,-3.985922074568087337e-01,2.056779546193774136e-02,7.783714457788513119e-01,1.390604002274914430e+00,1.997950824657383828e+00
7.688946879976139570e+00,4.451366051706526328e+00,2.150998925242331161e+00,8.516641555803902697e-02,-7.275631299683552600e-01,-1.086013069543123599e+00,-1.049369360509132543e+00,-9.187275002997701279e-01,-8.505731214336180734e-01,-7.914951749396659242e-01,-7.096285802208894822e-01,-4.054646794520497810e-01,1.233583062070253179e-02,7.711862969506487753e-01,1.385550341670857666e+00,1.995345495154014159e+00
7.693190141972432450e+00,4.442619565632539569e+00,2.134777740655775968e+00,6.732514004159340093e-02,-7.410601324038755822e-01,-1.090531757410574176e+00,-1.048050476247132767e+00,-9.135228935962650398e-01,-8.456161144763139070e-01,-7.900049710990673102e-01,-7.119750527233031923e-01,-4.122531931116603099e-01,4.135834888104965128e-03,7.640009404218321976e-01,1.380494970729082116e+00,1.992741343569796264e+00
7.697426280386509667e+00,4.433828847948889873e+00,2.118510770642386909e+00,4.951712184422753238e-02,-7.544211026633111938e-01,-1.094792617857089700e+00,-1.046428492819256206e+00,-9.080117621549621543e-01,-8.403757887887983724e-01,-7.882850628089820288e-01,-7.141488198962308021e-01,-4.189566276506967446e-01,-4.031630438341841580e-03,7.568154623658533975e-01,1.375437900588528661e+00,1.990138369785370953e+00
7.701655259752903326e+00,4.424993816849058348e+00,2.102198212783807474e+00,3.174378125761299213e-02,-7.676435692552185941e-01,-1.098792887123158923e+00,-1.044501329719003335e+00,-9.021930106498333712e-01,-8.348512294247949495e-01,-7.863341620714452418e-01,-7.161483818295694137e-01,-4.255738567592055599e-01,-1.216599882467085149e-02,7.496299499289273971e-01,1.370379142376108472e+00,1.987536573693838848e+00
7.705877044517304597e+00,4.416114390644562349e+00,2.085840269344805264e+00,1.400655547976137165e-02,-7.807250439434910705e-01,-1.102529817363803399e+00,-1.042266960071672743e+00,-8.960656278656680129e-01,-8.290416002537159823e-01,-7.841510248090937107e-01,-7.179722532411342284e-01,-4.321037487458940229e-01,-2.026669848018064490e-02,7.424444912447253353e-01,1.365318707205624538e+00,1.984935955200999080e+00
7.710091599036387855e+00,4.407190487766502685e+00,2.069437147343615280e+00,-3.693101287281704784e-03,-7.936630220081778431e-01,-1.106000678062618592e+00,-1.039723412968753369e+00,-8.896286895667884220e-01,-8.229461465880032467e-01,-7.817344525791986021e-01,-7.196189643737715969e-01,-4.385451666877909216e-01,-2.833315233787416995e-02,7.352591754493159604e-01,1.360256606176670546e+00,1.982336514225595092e+00
7.714298887577633046e+00,4.398222026767125037e+00,2.052989058623315710e+00,-2.135371774157818897e-02,-8.064549825198690236e-01,-1.109202757482611323e+00,-1.036868775849837387e+00,-8.828813614131711951e-01,-8.165641978527853340e-01,-7.790832943200435290e-01,-7.210870619135560933e-01,-4.448969685860323930e-01,-3.636477803564309302e-02,7.280740926963583659e-01,1.355192850373508451e+00,1.979738250699565549e+00
7.718498874319144498e+00,4.389208926321386706e+00,2.036496219924248674e+00,-3.897380538736557043e-02,-8.190983886279841197e-01,-1.112133364154339388e+00,-1.033701196932277133e+00,-8.758229019237140367e-01,-8.098951702975782929e-01,-7.761964481297235485e-01,-7.223751099293137523e-01,-4.511580075279141844e-01,-4.436098789822647687e-02,7.208893341725488568e-01,1.350127450863923828e+00,1.977141164568297471e+00
7.722691523349472398e+00,4.380151105228525132e+00,2.019958852957505435e+00,-5.655185844313592725e-02,-8.315906878633022581e-01,-1.114789828401844707e+00,-1.030218887688789886e+00,-8.684526654863448103e-01,-8.029385697497081198e-01,-7.730728630774187371e-01,-7.234816908337103891e-01,-4.573271318553528975e-01,-5.232118891996945242e-02,7.137049921133288288e-01,1.345060418698058813e+00,1.974545255790888021e+00
7.726876798667427160e+00,4.371048482413639746e+00,2.003377184479479656e+00,-7.408635375181991944e-02,-8.439293124550870662e-01,-1.117169503906872530e+00,-1.026420125373178838e+00,-8.607701054146033037e-01,-7.956939944090681838e-01,-7.697115410471716546e-01,-7.244054063661352627e-01,-4.634031853398991041e-01,-6.024478274841103126e-02,7.065211598188574360e-01,1.339991764907222160e+00,1.971950524340413846e+00
7.731054664181908898e+00,4.361900976929285356e+00,1.986751446367519769e+00,-9.157575069316649385e-02,-8.561116796631557113e-01,-1.119269769311864504e+00,-1.022303255594309235e+00,-8.527747770502670521e-01,-7.881611376837753813e-01,-7.661115386141708061e-01,-7.251448785976037925e-01,-4.693850073644486032e-01,-6.813116566872862157e-02,6.993379316702512671e-01,1.334921500502673997e+00,1.969356970204199975e+00
7.735225083711720018e+00,4.352708507957065542e+00,1.970081875696682916e+00,-1.090184910984187266e-01,-8.681351921252532522e-01,-1.121088029862196800e+00,-1.017866694938436289e+00,-8.444663409115298336e-01,-7.803397910662398518e-01,-7.622719689535173426e-01,-7.256987509579050366e-01,-4.752714331118028657e-01,-7.597972858907094118e-02,6.921554031460978029e-01,1.329849636474388141e+00,1.966764593384100257e+00
7.739388020985381367e+00,4.343470994809235819e+00,1.953368714817608209e+00,-1.264129991673789699e-01,-8.799972382200951238e-01,-1.122621719088133574e+00,-1.013108933639954135e+00,-8.358445658861737293e-01,-7.722298470490787103e-01,-7.581920037814228186e-01,-7.260656892852027644e-01,-4.810612937602273820e-01,-8.378985702680673275e-02,6.849736708392476503e-01,1.324776183789789785e+00,1.964173393896781805e+00
7.743543439640961701e+00,4.334188356930315678e+00,1.936612211435531306e+00,-1.437576813879682669e-01,-8.916951924464492363e-01,-1.123868300526952524e+00,-1.008028538300589583e+00,-8.269093324691079161e-01,-7.638313020802606212e-01,-7.538708753287541864e-01,-7.262443828982974026e-01,-4.867534166861622880e-01,-9.156093109572215061e-02,6.777928324738869970e-01,1.319701153392466519e+00,1.961583371774014317e+00
7.747691303225885839e+00,4.324860513898705960e+00,1.919812618690449169e+00,-1.610509264583796230e-01,-9.032264158186319447e-01,-1.124825269485694834e+00,-1.002624154657026034e+00,-8.176606360435810794e-01,-7.551442595567960936e-01,-7.493078783468125614e-01,-7.262335456917495824e-01,-4.923466256742399794e-01,-9.929232549419676757e-02,6.706129869228989460e-01,1.314624556200856276e+00,1.958994527062968727e+00
7.751831575196754365e+00,4.315487385428321332e+00,1.902970195238457674e+00,-1.782911052119307282e-01,-9.145882562787996939e-01,-1.125490154844977164e+00,-9.968945103969049093e-01,-8.080985902052874037e-01,-7.461689328562097767e-01,-7.445023721451987653e-01,-7.260319172540544708e-01,-4.978397411347677548e-01,-1.069834094943900443e-01,6.634342342255163949e-01,1.309546403106906398e+00,1.956406859826519851e+00
7.755964218919169539e+00,4.306068891370221863e+00,1.886085205334268267e+00,-1.954765705447286117e-01,-9.257780491264241407e-01,-1.125860520904285567e+00,-9.908384180230972449e-01,-7.982234301285126010e-01,-7.369056484049694156e-01,-7.394537826615835696e-01,-7.256382640090499603e-01,-5.032315803288369693e-01,-1.146335469324729905e-01,6.562566756052714556e-01,1.304466704974707181e+00,1.953820370143555918e+00
7.760089197667542571e+00,4.296604951714252607e+00,1.869157918914928551e+00,-2.126056573462531130e-01,-9.367931174653416626e-01,-1.125933969269172330e+00,-9.844547777660966892e-01,-7.880355159733892778e-01,-7.273548487829659681e-01,-7.341616045631669252e-01,-7.250513803807313584e-01,-5.085209576012202914e-01,-1.222420961999370059e-01,6.490804134882469656e-01,1.299385472639099648e+00,1.951235058109295872e+00
7.764206474624908871e+00,4.287095486590698279e+00,1.852188611684762565e+00,-2.296766824329718737e-01,-9.476307726687768218e-01,-1.125708140780750544e+00,-9.777425805443387130e-01,-7.775353363332343504e-01,-7.175170958630515683e-01,-7.286254033795697138e-01,-7.242700899816348903e-01,-5.137066846212214877e-01,-1.298084102360134440e-01,6.419055515216345320e-01,1.294302716904253359e+00,1.948650923835613114e+00
7.768316012882759303e+00,4.277540416271941481e+00,1.835177565201543848e+00,-2.466879444851068637e-01,-9.582883148627436842e-01,-1.125180717487872295e+00,-9.707009109721919105e-01,-7.667235117208633932e-01,-7.073930739845767368e-01,-7.228448176668613723e-01,-7.232932468249448910e-01,-5.187875706316456004e-01,-1.373318365212407299e-01,6.347321945926046594e-01,1.289218448542215567e+00,1.946067967451364344e+00
7.772417775440848331e+00,4.267939661174125376e+00,1.818125066963922176e+00,-2.636377239866668498e-01,-9.687630334282312239e-01,-1.124349424662361319e+00,-9.633289504153156324e-01,-7.556007980926858769e-01,-6.969835931597790912e-01,-7.168195612023887664e-01,-7.221197365604647977e-01,-5.237624227060573290e-01,-1.448117170722133251e-01,6.275604488474959552e-01,1.284132678291433072e+00,1.943486189102728412e+00
7.776511725207003067e+00,4.258293141858830566e+00,1.801031410500116836e+00,-2.805242831688694038e-01,-9.790522075225911447e-01,-1.123212032857648479e+00,-9.556259800930270165e-01,-7.441680904092735638e-01,-6.862895923117673380e-01,-7.105494252100268415e-01,-7.207484777345821714e-01,-5.286300460145019198e-01,-1.522473884375488695e-01,6.203904217113256347e-01,1.279045416855244310e+00,1.940905588953552474e+00
7.780597824996948297e+00,4.248600779034759967e+00,1.783896895457902421e+00,-2.973458659570766272e-01,-9.891531066205477840e-01,-1.121766360011144048e+00,-9.475913842272517540e-01,-7.324264262309980733e-01,-6.753121425427686120e-01,-7.040342806154271660e-01,-7.191784230743445416e-01,-5.333892440978617033e-01,-1.596381816951111809e-01,6.132222219076282066e-01,1.273956674900340369e+00,1.938326167185703053e+00
7.784676037534121740e+00,4.238862493559421019e+00,1.766721827695894476e+00,-3.141006979213754602e-01,-9.990629910752555354e-01,-1.120010273590663630e+00,-9.392246532375705392e-01,-7.203769893472441455e-01,-6.640524504312196319e-01,-6.972740803307890811e-01,-7.174085607957521038e-01,-5.380388191510239171e-01,-1.669834224505288289e-01,6.060559594786284476e-01,1.268866463055194238e+00,1.935747923999425746e+00
7.788746325449486640e+00,4.229078206440830101e+00,1.749506519376157865e+00,-3.307869862309261721e-01,-1.008779112699834224e+00,-1.117941692785201280e+00,-9.305253869818197465e-01,-7.080211134375934412e-01,-6.525118613561653458e-01,-6.902688615686356499e-01,-7.154379159363578600e-01,-5.425775723150387808e-01,-1.742824308370448938e-01,5.988917458057547716e-01,1.263774791908460315e+00,1.933170859613713821e+00
7.792808651281344368e+00,4.219247838839217835e+00,1.732251289058157395e+00,-3.474029196122156993e-01,-1.018298715369820417e+00,-1.115558590740318046e+00,-9.214932980416246089e-01,-6.953602857632330547e-01,-6.406918628473240451e-01,-6.830187481840246377e-01,-7.132655517122481470e-01,-5.470043039784502348e-01,-1.815345215167389059e-01,5.917296936304973221e-01,1.258681672007342378e+00,1.930594974266684138e+00
7.796862977475152334e+00,4.209371312068739712e+00,1.714956461794065801e+00,-3.639466683113550260e-01,-1.027619035646976986e+00,-1.112858996838397507e+00,-9.121282150521767829e-01,-6.823961508867605330e-01,-6.285940879590816710e-01,-6.755239530445664720e-01,-7.108905708994674999e-01,-5.513178140879815281e-01,-1.887390036831630702e-01,5.845699170756167851e-01,1.253587113855925139e+00,1.928020268215961952e+00
7.800909266383339258e+00,4.199448547599203607e+00,1.697622369225453287e+00,-3.804163840605559455e-01,-1.036737303424907886e+00,-1.109840999023992580e+00,-9.024300860754936870e-01,-6.691305144184249709e-01,-6.162203186665650145e-01,-6.677847804275677257e-01,-7.083121172399299281e-01,-5.555169024687609536e-01,-1.958951810654321890e-01,5.774125316667111374e-01,1.248491127913474497e+00,1.925446741739071932e+00
7.804947480265114201e+00,4.189479467057795503e+00,1.680249349681370630e+00,-3.968102000489328041e-01,-1.045650742596932137e+00,-1.106502746174458318e+00,-8.923989820163190645e-01,-6.555653467867077477e-01,-6.035724892818218335e-01,-6.598016284435654910e-01,-7.055293768718440273e-01,-5.596003691542774661e-01,-2.030023519338104432e-01,5.702576543541454379e-01,1.243393724592704475e+00,1.922874395133838954e+00
7.808977581286283609e+00,4.179463992230818548e+00,1.662837748277850691e+00,-4.131262308977705078e-01,-1.054356571746671412e+00,-1.102842450516043904e+00,-8.820351000797481689e-01,-6.417027870310308968e-01,-5.906526898880153365e-01,-6.515749914854551683e-01,-7.025415797846618071e-01,-5.635670147262542562e-01,-2.100598091068365814e-01,5.631054035353526555e-01,1.238294914258007084e+00,1.920303228718799549e+00
7.812999531519065677e+00,4.169402045065439211e+00,1.645387917018840351e+00,-4.293625726404181053e-01,-1.062852004861819077e+00,-1.098858390085583059e+00,-8.713387672695628305e-01,-6.275451466142292212e-01,-5.774631697894251348e-01,-6.431054627023455872e-01,-6.993480012985410221e-01,-5.674156406646354567e-01,-2.170668399600359788e-01,5.559558990775083087e-01,1.233194707223646658e+00,1.917733242833619345e+00
7.817013292941902058e+00,4.159293547671446767e+00,1.627900214898591491e+00,-4.455173027069493918e-01,-1.071134252071556325e+00,-1.094548911237895439e+00,-8.603104439261963776e-01,-6.130949132523050293e-01,-5.640063409749100920e-01,-6.343937364972225268e-01,-6.959479635682902510e-01,-5.711450497078776056e-01,-2.240227264362590620e-01,5.488092623405893544e-01,1.228093113751917986e+00,1.915164437839519840e+00
7.821018827439269572e+00,4.149138422323013664e+00,1.610375008005529684e+00,-4.615884799137501826e-01,-1.079200520408086783e+00,-1.089912431198974296e+00,-8.489507273031418055e-01,-5.983547547588164983e-01,-5.502847815923550545e-01,-6.254406110474270974e-01,-6.923408371117477644e-01,-5.747540462237445968e-01,-2.309267450576942826e-01,5.416656162008223196e-01,1.222990144051266936e+00,1.912596814119716715e+00
7.825016096801491905e+00,4.138936591460462111e+00,1.592812669627609701e+00,-4.775741444581987349e-01,-1.087048014592771228e+00,-1.084947440665003482e+00,-8.372603551805174460e-01,-5.833275229011074536e-01,-5.363012394314919939e-01,-6.162469908468846125e-01,-6.885260423625207959e-01,-5.782414365908070675e-01,-2.377781669396051845e-01,5.345250850745256743e-01,1.217885808274373316e+00,1.910030372079866812e+00
7.829005062724552211e+00,4.128687977692048428e+00,1.575213580359189347e+00,-4.934723179185950825e-01,-1.094673937847344680e+00,-1.079652506447213334e+00,-8.252402095144236727e-01,-5.680162572654394726e-01,-5.220586354123363249e-01,-6.068138892689504127e-01,-6.845030512469904016e-01,-5.816060295908442868e-01,-2.445762578058360559e-01,5.273877949423555478e-01,1.212780116516191997e+00,1.907465112148524433e+00
7.832985686809905701e+00,4.118392503795752724e+00,1.557578128209446300e+00,-5.092810032595029845e-01,-1.102075492730697714e+00,-1.074026274162548589e+00,-8.128913201206150463e-01,-5.524241891279260130e-01,-5.075600670763379396e-01,-5.971424311486658310e-01,-6.802713887854638930e-01,-5.848466368123524939e-01,-2.513202780061342123e-01,5.202538733739631160e-01,1.207673078811957401e+00,1.904901034777606528e+00
7.836957930564292241e+00,4.108050092721068580e+00,1.539906708712341032e+00,-5.249981848426878983e-01,-1.109249882001720255e+00,-1.068067470970071930e+00,-8.002148683908880678e-01,-5.365547453279813084e-01,-4.928088120771955682e-01,-5.872338553831306651e-01,-6.758306347173290707e-01,-5.879620730653677407e-01,-2.580094825353442256e-01,5.131234495530669903e-01,1.202564705135145129e+00,1.902338140442870307e+00
7.840921755399544502e+00,4.097660667590814931e+00,1.522199725038164697e+00,-5.406218284438120136e-01,-1.116194309508700577e+00,-1.061774908352996150e+00,-7.872121910405055489e-01,-5.204115521408569922e-01,-4.778083316681178694e-01,-5.770895175486289164e-01,-6.711804251500416152e-01,-5.909511568078082977e-01,-2.646431210545193702e-01,5.059966543029501551e-01,1.197455005395391847e+00,1.899776429644400411e+00
7.844877122632395228e+00,4.087224151702946173e+00,1.504457588106685950e+00,-5.561498812750707010e-01,-1.122905981105779993e+00,-1.055147484946187930e+00,-7.738847838848436078e-01,-5.039984391456345802e-01,-4.625622741821521777e-01,-5.667108925330551772e-01,-6.663204542317469059e-01,-5.938127105835483421e-01,-2.712204379140052968e-01,4.988736201123891711e-01,1.192343989436373874e+00,1.897215902907106733e+00
7.848823993484296047e+00,4.076740468532365824e+00,1.486680716701911598e+00,-5.715802720139574467e-01,-1.129382105596971053e+00,-1.048184189408940759e+00,-7.602343056433258361e-01,-4.873194430848664660e-01,-4.470744785020463463e-01,-5.560995771820981259e-01,-6.612504758473092270e-01,-5.965455614724338718e-01,-2.777406721785506960e-01,4.917544811620207512e-01,1.187231667033638027e+00,1.894656560781233345e+00
7.852762329081226511e+00,4.066209541732769495e+00,1.468869537588502805e+00,-5.869109108383278040e-01,-1.135619895708237959e+00,-1.040884103342777811e+00,-7.462625817686093788e-01,-4.703788117119016565e-01,-4.313489775159355388e-01,-5.452572929575600913e-01,-6.559703053374971171e-01,-5.991485415524515634e-01,-2.842030576544928300e-01,4.846393733511584756e-01,1.182118047892391832e+00,1.892098403842878529e+00
7.856692090453494259e+00,4.055631295138477199e+00,1.451024485629847316e+00,-6.021396894679693634e-01,-1.141616569088161448e+00,-1.033246404253971740e+00,-7.319716082988296790e-01,-4.531810076216727379e-01,-4.153900015549468194e-01,-5.341858886060851797e-01,-6.504798212410333180e-01,-6.016204883742716225e-01,-2.906068229190815200e-01,4.775284343250624230e-01,1.177003141645246220e+00,1.889541432694527012e+00
7.860613238535550273e+00,4.045005652766277215e+00,1.433146003907819876e+00,-6.172644812128627034e-01,-1.147369349337699962e+00,-1.025270368560437184e+00,-7.173635557306019539e-01,-4.357307120605729001e-01,-3.992019818086506855e-01,-5.228873428364829712e-01,-6.447789670591901334e-01,-6.039602454483785632e-01,-2.969511913519928825e-01,4.704218035026718203e-01,1.171886957849911370e+00,1.886985647965593760e+00
7.864525734165805027e+00,4.034332538817286817e+00,1.415234543844259063e+00,-6.322831410283324960e-01,-1.152875467069561344e+00,-1.016955374642592558e+00,-7.024407729103316900e-01,-4.180328287108378005e-01,-3.827895537141048909e-01,-5.113637670037296523e-01,-6.388677530425808104e-01,-6.061666627450075229e-01,-3.032353811690917667e-01,4.633196221048098695e-01,1.166769505986843702e+00,1.884431050312978861e+00
7.868429538086425090e+00,4.023611877678812121e+00,1.397290565324172507e+00,-6.471935055772949363e-01,-1.158132160997712656e+00,-1.008300905937718150e+00,-6.872057909412404575e-01,-4.000924874446071811e-01,-3.661575603140186375e-01,-4.996174077976262562e-01,-6.327462579997554792e-01,-6.082385972071105984e-01,-3.094586054585037327e-01,4.562220331828672482e-01,1.161650795456844243e+00,1.881877640421636411e+00
7.872324610943143064e+00,4.012843593926220365e+00,1.379314536820698933e+00,-6.619933932998045556e-01,-1.163136679057547918e+00,-9.993065540772942956e-01,-6.716613271033768928e-01,-3.819150480426460881e-01,-3.493110555793801364e-01,-4.876506499339942069e-01,-6.264146311271774348e-01,-6.101749132765742489e-01,-3.156200722190543040e-01,4.491291816479736632e-01,1.156530835578608585e+00,1.879325419005154929e+00
7.876210913285077275e+00,4.002027612324826400e+00,1.361306935521857442e+00,-6.766806044901123585e-01,-1.167886279557242668e+00,-9.899720220667334036e-01,-6.558102887837291561e-01,-3.635061038724835547e-01,-3.322553076916914261e-01,-4.754660188461707349e-01,-6.198730938601187956e-01,-6.119744834339090334e-01,-3.217189844011374422e-01,4.420412143006680061e-01,1.151409635586221780e+00,1.876774386806351336e+00
7.880088405564529275e+00,3.991163857831778294e+00,1.343268247459096232e+00,-6.912529213814541107e-01,-1.172378232360824279e+00,-9.802971275068479429e-01,-6.396557774133866392e-01,-3.448714855204690344e-01,-3.149958022797251234e-01,-4.630661833744559308e-01,-6.131219417439720543e-01,-6.136361887516410540e-01,-3.277545399500780832e-01,4.349582798610737711e-01,1.146287204626602385e+00,1.874224544597878905e+00
7.883957048136786661e+00,3.980252255597954925e+00,1.325198967637667424e+00,-7.057081082387886006e-01,-1.176609820103488246e+00,-9.702818058563379422e-01,-6.232010924085500392e-01,-3.260172643720192220e-01,-2.975382456055030156e-01,-4.504539584510511840e-01,-6.061615463254319547e-01,-6.151589194616314815e-01,-3.337259318520521822e-01,4.278805289995877836e-01,1.141163551756892991e+00,1.871675893182847439e+00
7.887816801259944555e+00,3.969292730969876004e+00,1.307099600168863285e+00,-7.200439114597059209e-01,-1.180578339439694036e+00,-9.599261137345120876e-01,-6.064497351120256008e-01,-3.069497561341079095e-01,-2.798885676939912859e-01,-4.376323077779068482e-01,-5.989923570629644978e-01,-6.165415755365482031e-01,-3.396323481826266644e-01,4.208081143680962866e-01,1.136038685941793691e+00,1.869128433395459865e+00
7.891667625094702210e+00,3.958285209491617884e+00,1.288970658404126501e+00,-7.342580596837419149e-01,-1.184281102324573842e+00,-9.492302322633731082e-01,-5.894054127316490366e-01,-2.876755242937608092e-01,-2.620529254007595288e-01,-4.246043464947693580e-01,-5.916149032559311349e-01,-6.177830672857235195e-01,-3.454729721579904989e-01,4.137411906317239874e-01,1.130912616050840258e+00,1.866582166101660833e+00
7.895509479704166722e+00,3.947229616906736904e+00,1.270812665071063163e+00,-7.483482639103312684e-01,-1.187715437329188717e+00,-9.381944704481263164e-01,-5.720720422719204334e-01,-2.682013835060714224e-01,-2.440377054116125155e-01,-4.113733438345946736e-01,-5.840297959916906922e-01,-6.188823159656274830e-01,-3.512469821889436794e-01,4.066799145011263938e-01,1.125785350855624367e+00,1.864037092199801293e+00
7.899342325053670955e+00,3.936125879160202512e+00,1.252626152411385529e+00,-7.623122176256400540e-01,-1.190878690990168742e+00,-9.268192685950915610e-01,-5.544537544549427155e-01,-2.485344029050032266e-01,-2.258495271679787642e-01,-3.979427257633608717e-01,-5.762377301099544935e-01,-6.198382544051859178e-01,-3.569535519377132204e-01,3.996244447653355958e-01,1.120656899026951869e+00,1.861493212621318394e+00
7.903166121010568368e+00,3.924973922400341930e+00,1.234411662320811232e+00,-7.761475969385189799e-01,-1.193768229194273056e+00,-9.151052017659175863e-01,-5.365548976265754888e-01,-2.286819093299599648e-01,-2.074952457115829541e-01,-3.843160776011838586e-01,-5.682394861836214117e-01,-6.206498276461770436e-01,-3.625918503776671131e-01,3.925749423251717052e-01,1.115527269131941779e+00,1.858950528331430485e+00
7.906980827344039398e+00,3.913773672980791041e+00,1.216169746490944226e+00,-7.898520607258276982e-01,-1.196381438598404401e+00,-9.030529832669051959e-01,-5.183800416435104808e-01,-2.086514904608184895e-01,-1.889819544416702635e-01,-3.704971466214939113e-01,-5.600359325152660661e-01,-6.213159935989400751e-01,-3.681610418559997933e-01,3.855315702272286149e-01,1.110396469631064198e+00,1.856409040329849214e+00
7.910786403724903160e+00,3.902525057462452374e+00,1.197900966553159252e+00,-8.034232507873910745e-01,-1.198715728085614884e+00,-8.906634681721583569e-01,-4.999339817367701722e-01,-1.884509978538407016e-01,-1.703169877777981622e-01,-3.564898446248868646e-01,-5.516280271483990916e-01,-6.218357237136290516e-01,-3.736602861594649494e-01,3.784944936984429020e-01,1.105264508875111407e+00,1.853868749651507164e+00
7.914582809725417611e+00,3.891228002615467307e+00,1.179605894224523777e+00,-8.168587920108395517e-01,-1.200768530257634303e+00,-8.779376568791938951e-01,-4.812217423469452027e-01,-1.680885498706007342e-01,-1.515079237209499274e-01,-3.422982504841269868e-01,-5.430168198925704459e-01,-6.222080036672453796e-01,-3.790887385832280576e-01,3.714638801812617519e-01,1.100131395102103449e+00,1.851329657367302373e+00
7.918370004819085040e+00,3.879882435421190934e+00,1.161285111455778951e+00,-8.301562925466060561e-01,-1.202537302964456822e+00,-8.648766986955340741e-01,-4.622485809262483758e-01,-1.475725344917363235e-01,-1.325625863054367137e-01,-3.279266126566134365e-01,-5.342034543613176645e-01,-6.224318340666838978e-01,-3.844455500029195227e-01,3.644398993694157873e-01,1.094997136434127105e+00,1.848791764584860609e+00
7.922147948380452220e+00,3.868488283074182910e+00,1.142939210581412457e+00,-8.433133439933440112e-01,-1.204019530871515142e+00,-8.514818954547191954e-01,-4.430199917022658029e-01,-1.269116120070525044e-01,-1.134890479337926222e-01,-3.133793516604816976e-01,-5.251891700219112336e-01,-6.225062311680263916e-01,-3.897298669499646429e-01,3.574227232443121238e-01,1.089861740874105589e+00,1.846255072449315637e+00
7.925916599684915020e+00,3.857045472984200085e+00,1.124568794471844102e+00,-8.563275215940472362e-01,-1.205212727064968847e+00,-8.377547051600584549e-01,-4.235417093980435865e-01,-1.061147175731705639e-01,-9.429563158656877053e-02,-2.986610625103403582e-01,-5.159753042557841951e-01,-6.224302276123185873e-01,-3.949408316902739413e-01,3.504125261120573653e-01,1.084725216302496298e+00,1.843719582144107694e+00
7.929675917908525662e+00,3.845553932778204675e+00,1.106174476687760366e+00,-8.691963844431529473e-01,-1.206114434695635618e+00,-8.236967456543433652e-01,-4.038197129029285626e-01,-8.519106362961628709e-02,-7.499091289865847387e-02,-2.837765171084861704e-01,-5.065632944284700345e-01,-6.222028731780634425e-01,-4.000775823063741909e-01,3.434094846411233082e-01,1.079587570473917291e+00,1.841185294891800162e+00
7.933425862127793771e+00,3.834013590302377317e+00,1.087756881636617878e+00,-8.819174757049165203e-01,-1.206722228662082674e+00,-8.093097983136237072e-01,-3.838602288883343205e-01,-6.415014216389869350e-02,-5.558372209347640924e-02,-2.687306665872681855e-01,-4.969546799678064564e-01,-6.218232355506644327e-01,-4.051392527830667278e-01,3.364137779006670104e-01,1.074448811013697158e+00,1.838652211954917126e+00
7.937166391319490977e+00,3.822424373624139449e+00,1.069316644731351129e+00,-8.944883228433503364e-01,-1.207033717333396927e+00,-7.945958117630400608e-01,-3.636697353623687956e-01,-4.300172681580823747e-02,-3.608314576602322798e-02,-2.535286435981055075e-01,-4.871511044490973719e-01,-6.212904011090537582e-01,-4.101249730966977092e-01,3.294255873995189932e-01,1.069308945414347845e+00,1.836120334636799578e+00
7.940897464360451075e+00,3.810786211034187687e+00,1.050854412551311290e+00,-9.069064378640262492e-01,-1.207046544312146086e+00,-7.795569056125821739e-01,-3.432549651570055427e-01,-2.175587481081812241e-02,-1.649852850555269881e-02,-2.381757645424839864e-01,-4.771543176858529800e-01,-6.206034757297360649e-01,-4.150338693081280228e-01,3.224450971258518428e-01,1.064167981031960419e+00,1.833589664282482268e+00
7.944619040027369294e+00,3.799099031048533970e+00,1.032370843005463668e+00,-9.191693175680505368e-01,-1.206758390238040546e+00,-7.641953742105171976e-01,-3.226229093412211757e-01,-4.229287121183344478e-04,3.160525651758549440e-03,-2.226775317400759291e-01,-4.669661778246532724e-01,-6.197615856084797148e-01,-4.198650636594946639e-01,3.154724935875414249e-01,1.059025925082518693e+00,1.831060202279592763e+00
7.948331076996605127e+00,3.787362762410559913e+00,1.013866605497878437e+00,-9.312744438185187601e-01,-1.206166974632790767e+00,-7.485136904121080237e-01,-3.017808205532646060e-01,2.098648201952418510e-02,2.288415195004498207e-02,-2.070396355289452761e-01,-4.565886534426110144e-01,-6.187638780998878651e-01,-4.246176746748532294e-01,3.085079658532356439e-01,1.053882784638129344e+00,1.828531950059270716e+00
7.952033533843987811e+00,3.775577334093072057e+00,9.953423810955372986e-01,-9.432192838197734908e-01,-1.205270057786656412e+00,-7.325145093611021840e-01,-2.807362162449436593e-01,4.246143966925633451e-02,4.266222383112833194e-02,-1.912679562926064836e-01,-4.460238256458285422e-01,-6.176095225750748430e-01,-4.292908172647980081e-01,3.015517055941435154e-01,1.048738566623166113e+00,1.826004909097110662e+00
7.955726369044616497e+00,3.763742675300376206e+00,9.767988626984994704e-01,-9.550012904097839872e-01,-1.204065442687176635e+00,-7.162006722813485382e-01,-2.594968818305551927e-01,6.399073712650457657e-02,6.248435205258902336e-02,-1.753685664085221363e-01,-4.352738901671679983e-01,-6.162977112976758542e-01,-4.338836028351524265e-01,2.946039071265615927e-01,1.043593277810327846e+00,1.823479080914126804e+00
7.959409540972653296e+00,3.751858715470353101e+00,9.582367552124418930e-01,-9.666179023659843272e-01,-1.202550976990549136e+00,-6.995752102757334390e-01,-2.380708737327779378e-01,8.556287697014171301e-02,8.233988401744871122e-02,-1.593477321124116552e-01,-4.243411594615636440e-01,-6.148276603184166245e-01,-4.383951393998314905e-01,2.876647674551476852e-01,1.038446924816605499e+00,1.820954467077743111e+00
7.963083007901129662e+00,3.739925384276546527e+00,9.396567757236162777e-01,-9.780665447249045075e-01,-1.200724555036137842e+00,-6.826413481295051655e-01,-2.164665223175836206e-01,1.071660707927242773e-01,1.022179033266879117e-01,-1.432119152725594424e-01,-4.132280647970289489e-01,-6.131986103884630168e-01,-4.428245316979737556e-01,2.807344863169604077e-01,1.033299514099154770e+00,1.818431069202806283e+00
7.966746728001750988e+00,3.727942611630263414e+00,9.210596536762539754e-01,-9.893446291159389006e-01,-1.198584119904558376e+00,-6.654025081148944309e-01,-1.946924347099104058e-01,1.287882387764577030e-01,1.221072295661721208e-01,-1.269677750680934802e-01,-4.019371583394213965e-01,-6.114098278917718954e-01,-4.471708813154464113e-01,2.738132662262796058e-01,1.028151051951074590e+00,1.815908888952623590e+00
7.970400659344685224e+00,3.715910327682677039e+00,9.024461310524412028e-01,-1.000449554109605899e+00,-1.196127665519788108e+00,-6.478623137937723486e-01,-1.727574974815365705e-01,1.504170095339502911e-01,1.419964183399256008e-01,-1.106221695649939746e-01,-3.904711152289324083e-01,-6.094606057966601709e-01,-4.514332868108290597e-01,2.669013125202203129e-01,1.023001544497087467e+00,1.813387928040028685e+00
7.974044759898367474e+00,3.703828462826947998e+00,8.838169625545132524e-01,-1.011378705580650461e+00,-1.193353238795741289e+00,-6.300245938149524605e-01,-1.506708792023119525e-01,1.720397202271763959e-01,1.618737615620090553e-01,-9.418215718339689735e-02,-3.788327356461890227e-01,-6.073502646268056360e-01,-4.556108438459796073e-01,2.599988334051621663e-01,1.017850997689119019e+00,1.810868188228472064e+00
7.977678987529301047e+00,3.691696947700348286e+00,8.651729157899865630e-01,-1.022129457086361937e+00,-1.190258941827723183e+00,-6.118933857025478096e-01,-1.284420328455492255e-01,1.936434169784884418e-01,1.817272880196418861e-01,-7.765499804951055129e-02,-3.670249468657436620e-01,-6.050781534518893112e-01,-4.597026453212966768e-01,2.531060400040054947e-01,1.012699417301772931e+00,1.808349671333139508e+00
7.981303300001852286e+00,3.679515713186394255e+00,8.465147714590645078e-01,-1.032699170260478194e+00,-1.186842934129173965e+00,-5.934729396316368311e-01,-1.060806980380819275e-01,2.152148555879014602e-01,2.015447642205498435e-01,-6.104815522526099714e-02,-3.550508052946407811e-01,-6.026436508980853590e-01,-4.637077815157880090e-01,2.462231464042720364e-01,1.007546808927698434e+00,1.805832379222098938e+00
7.984917654978048951e+00,3.667284690416995563e+00,8.278433235447605343e-01,-1.043085195223048656e+00,-1.183103434914095420e+00,-5.747677221873278564e-01,-8.359690314517934095e-02,2.367405025712655264e-01,2.213136955378667281e-01,-4.436929580856281696e-02,-3.429134984936496600e-01,-6.000461661786004042e-01,-4.676253402320572072e-01,2.393503697070726299e-01,1.002393177972849658e+00,1.803316313817477701e+00
7.988522010017378605e+00,3.655003810774606787e+00,8.091593795056579719e-01,-1.053284871006650691e+00,-1.179038725425530565e+00,-5.557824201030996392e-01,-6.100096718013894859e-02,2.582065365343728103e-01,2.410213276663151216e-01,-2.762629189685794975e-02,-3.306163471786351393e-01,-5.972851401444588815e-01,-4.714544069463302289e-01,2.324879300769527868e-01,9.972385296516299569e-01,1.800801477096668046e+00
7.992116322576589660e+00,3.642673005894390581e+00,7.904637604713514731e-01,-1.063295525999352842e+00,-1.174647151310457938e+00,-5.365219439741352181e-01,-3.830350152807141667e-02,2.795988498984153248e-01,2.606546484037126632e-01,-1.082722140635478114e-02,-3.181628071994475060e-01,-5.943600463557262570e-01,-4.751940649636379188e-01,2.256360507926392922e-01,9.920828689819199964e-01,1.798287871093565249e+00
7.995700550009483543e+00,3.630292207666394599e+00,7.717573014406041709e-01,-1.073114478404823213e+00,-1.169927125041440252e+00,-5.169914319411665904e-01,-1.551541147303987095e-02,3.009030509926349239e-01,2.802003897722318837e-01,6.019631260841066742e-03,-3.055564714935955495e-01,-5.912703921733551971e-01,-4.788433955782772644e-01,2.187949582987068209e-01,9.869262007799862735e-01,1.795775497899836814e+00
7.999274649566710416e+00,3.617861348237734642e+00,7.530408514822498622e-01,-1.082739036719995385e+00,-1.164877128385342742e+00,-4.971962533401382833e-01,7.352102482644422808e-03,3.221044665304222954e-01,2.996450304942198661e-01,2.290577470975930369e-02,-2.928010720118496835e-01,-5.880157198718353184e-01,-4.824014782396788825e-01,2.119648822581810810e-01,9.817685296552651764e-01,1.793264359666224994e+00
8.002838578395570224e+00,3.605380360014786678e+00,7.343152739388796313e-01,-1.092166500230710602e+00,-1.159495714919419829e+00,-4.771420123128075064e-01,3.028754351851287857e-02,3.431881444855088281e-01,3.189747988377200638e-01,3.982251021405215641e-02,-2.799004816128138895e-01,-5.845956077728192701e-01,-4.858673907238055256e-01,2.051460556061010521e-01,9.766098600050192591e-01,1.790754458603883936e+00
8.006392293539805749e+00,3.592849175665387751e+00,7.155814466333542123e-01,-1.101394159525759475e+00,-1.153781512595045466e+00,-4.568345513731912888e-01,5.327911762731626921e-02,3.641388573853037158e-01,3.381756758472045377e-01,5.676093155446865213e-02,-2.668587159233882788e-01,-5.810096713998909035e-01,-4.892402093102140026e-01,1.983387146040617166e-01,9.714501960088633981e-01,1.788245796985751479e+00
8.009935751939400106e+00,3.580267728121051984e+00,6.968402620781712908e-01,-1.110419297029759500e+00,-1.147733226349335833e+00,-4.362799549245400810e-01,7.631473298996495347e-02,3.849411060388488459e-01,3.572333989754030159e-01,7.371192504310625226e-02,-2.536799351619115073e-01,-5.772575646546331818e-01,-4.925190089649154612e-01,1.915430988957562142e-01,9.662895416231549461e-01,1.785738377147959133e+00
8.013468910430372460e+00,3.567635950579191917e+00,6.780926276877223824e-01,-1.119239187555310489e+00,-1.141349640764885764e+00,-4.154845527213038014e-01,9.938199960667369603e-02,4.055791237172551300e-01,3.761334661324639006e-01,9.066616974247693195e-02,-2.403684459206528734e-01,-5.733389810141458209e-01,-4.957028635291706453e-01,1.847594515635391788e-01,9.611279005752425553e-01,1.783232201491276703e+00
8.016991725744571085e+00,3.554953776505350937e+00,6.593394659934901370e-01,-1.127851098874875335e+00,-1.134629622777821867e+00,-3.944549232703452590e-01,1.224682291973082371e-01,4.260368808048762834e-01,3.948611401690144684e-01,1.076141378886631417e-01,-2.269287029042059145e-01,-5.692536547501547695e-01,-4.987908459143590156e-01,1.779880191860373495e-01,9.559652763575728907e-01,1.780727272482596879e+00
8.020504154509467298e+00,3.542221139635444160e+00,6.405817148622103829e-01,-1.136252292312850631e+00,-1.127572124434332856e+00,-3.731978971653959198e-01,1.455604353843354126e-01,4.462980899398860668e-01,4.134014538100728720e-01,1.245460955281145615e-01,-2.133653106201856275e-01,-5.650013621698433131e-01,-5.017820283030673956e-01,1.712290518968267727e-01,9.508016722216495742e-01,1.778223592656463126e+00
8.024006153247949413e+00,3.529437973978009069e+00,6.218203277170438747e-01,-1.144440023358292313e+00,-1.120176185695816340e+00,-3.517205603485298870e-01,1.686453341721403099e-01,4.663462116633003696e-01,4.317392150570804610e-01,1.414521033778778636e-01,-1.996830250185106792e-01,-5.605819228785270392e-01,-5.046754823565439141e-01,1.644828034442022135e-01,9.456370911718364747e-01,1.775721164616635539e+00
8.027497678378120227e+00,3.516604213816472591e+00,6.030562737617989333e-01,-1.152411542298772407e+00,-1.112440937292747067e+00,-3.300302572921848809e-01,1.917093447368566350e-01,4.861644605958738707e-01,4.498590130756640604e-01,1.583220179193079447e-01,-1.858867550754129683e-01,-5.559952010642826847e-01,-5.074702794286662932e-01,1.577495312520640902e-01,9.404715359590034574e-01,1.773219991037699783e+00
8.030978686213087414e+00,3.503719793711419950e+00,5.842905382082358434e-01,-1.160164094875855811e+00,-1.104365603627329939e+00,-3.081345940949965501e-01,2.147385905412547979e-01,5.057358121626686076e-01,4.677452245870810654e-01,1.751454927355776958e-01,-1.719815643181686893e-01,-5.512411068046296769e-01,-5.101654907865829092e-01,1.510294964819460795e-01,9.353050090740108180e-01,1.770720074666721766e+00
8.034449132960759243e+00,3.490784648502875509e+00,5.655241225064971955e-01,-1.167694922962689841e+00,-1.095949505724975293e+00,-2.860414414844689168e-01,2.377189007896051698e-01,5.250430098854624861e-01,4.853820207815990884e-01,1.919119801035496786e-01,-1.579726722864090993e-01,-5.463195973953498541e-01,-5.127601878381818912e-01,1.443229640962104265e-01,9.301375127410224097e-01,1.768221418324948058e+00
8.037908974723634969e+00,3.477798713312598267e+00,5.467580445787134646e-01,-1.175001265264210337e+00,-1.087192064234590916e+00,-2.637589377192469664e-01,2.606358122378158448e-01,5.440685732635145433e-01,5.027533747723729185e-01,2.086107328508248482e-01,-1.438654559257254162e-01,-5.412306787015211951e-01,-5.152534423665473540e-01,1.376302029224407975e-01,9.249690489106477953e-01,1.765724024909553602e+00
8.041358167498593446e+00,3.464761923546379130e+00,5.279933390558075867e-01,-1.182080358040482393e+00,-1.078092802477634393e+00,-2.412954913834604032e-01,2.834745713745617235e-01,5.627948062635487192e-01,5.198430696087025238e-01,2.252308064890641559e-01,-1.296654509091159091e-01,-5.359744065308222893e-01,-5.176443267715726826e-01,1.309514857190549886e-01,9.197996192529023229e-01,1.763227897395437616e+00
8.044796667176697724e+00,3.451674214896357284e+00,5.092310575175521548e-01,-1.188929435853694816e+00,-1.068651349545847173e+00,-2.186597840653664304e-01,3.062201369894781422e-01,5.812038064401329196e-01,5.366347068678000154e-01,2.417610616349095687e-01,-1.153783528816900300e-01,-5.305508880291530671e-01,-5.199319143188979586e-01,1.242870892421700790e-01,9.146292251499823500e-01,1.760733038837071884e+00
8.048224429542980118e+00,3.438535523343342337e+00,4.904722687359206468e-01,-1.195545732339343248e+00,-1.058867443447528922e+00,-1.958607729122240348e-01,3.288571831448910965e-01,5.992774747079460118e-01,5.531117158444806003e-01,2.581901667300940950e-01,-1.010100186238786502e-01,-5.249602830986013213e-01,-5.221152793963449446e-01,1.176372943137499877e-01,9.094578676888500635e-01,1.758239452370401690e+00
8.051641410276223709e+00,3.425345785159141787e+00,4.717180589217623843e-01,-1.201926481002147051e+00,-1.048740934302165417e+00,-1.729076930530316081e-01,3.513701025679534240e-01,6.169975257877348129e-01,5.692573633584629977e-01,2.745066010725911720e-01,-8.656646712823129475e-02,-5.192028058377653466e-01,-5.241934977780303706e-01,1.110023858910610534e-01,9.042855476536179049e-01,1.755747141214800688e+00
8.055047564948765171e+00,3.412104936908908925e+00,4.529695319748632820e-01,-1.208068916037249529e+00,-1.038271787583185723e+00,-1.498100598805031103e-01,3.737430104804109754e-01,6.343454993480041049e-01,5.850547641991470371e-01,2.906986581708800865e-01,-7.205388058474133939e-02,-5.132787260044298083e-01,-5.261656468963367139e-01,1.043826531374730110e-01,8.991122655177302692e-01,1.753256108675080416e+00
8.058442849026283383e+00,3.398812915453494732e+00,4.342278097374208112e-01,-1.213970273177268133e+00,-1.027460087408554656e+00,-1.265776711833246637e-01,3.959597488836341661e-01,6.513027718647526054e-01,6.004868922279883448e-01,3.067544494336737482e-01,-5.747860526945280241e-02,-5.071883705005684195e-01,-5.280308061219282090e-01,9.777838949463406315e-02,8.939380214359323729e-01,1.750766358143560630e+00
8.061827217867591600e+00,3.385469657951808653e+00,4.154940322509819706e-01,-1.219627790565768422e+00,-1.016306039878861256e+00,-1.032206091194486086e-01,4.180038913169034087e-01,6.678505692217850953e-01,6.155365921587563349e-01,3.226619082076809253e-01,-4.284715233094581882e-02,-5.009321248796299031e-01,-5.297880570520049348e-01,9.118989275605453304e-02,8.887628152360197431e-01,1.748277893102200276e+00
8.065200626724422506e+00,3.372075101863195812e+00,3.967693580168912271e-01,-1.225038709657744640e+00,-1.004809976462505805e+00,-7.974924202087194103e-02,4.398587481073074068e-01,6.839699800743298530e-01,6.301865920361267026e-01,3.384087941762111695e-01,-2.816619846912606084e-02,-4.945104348760446800e-01,-5.314364838069909336e-01,8.461746514213477899e-02,8.835866464103632190e-01,1.745790717124790392e+00
8.068563030741216835e+00,3.358629184949818658e+00,3.780549642602858973e-01,-1.230200276147704663e+00,-9.929723574275187703e-01,-5.617422602001717613e-02,4.615073721299904896e-01,6.996419699988718488e-01,6.444195164332032766e-01,3.539826981316682719e-01,-1.344258650056033566e-02,-4.879238079568616882e-01,-5.329751733358573107e-01,7.806141337667019120e-02,8.784095141071982527e-01,1.743304833879211424e+00
8.071914384954919086e+00,3.345131845279051053e+00,3.593520471976917041e-01,-1.235109740925965260e+00,-9.807937753194914121e-01,-3.250650648753372618e-02,4.829325650978225082e-01,7.148473964522252810e-01,6.582179003886445834e-01,3.693710471351905333e-01,1.316674195562685720e-03,-4.811728148954073636e-01,-5.344032157302875952e-01,7.152204876487275320e-02,8.732314171216714049e-01,1.740820247129758025e+00
8.075254644294760809e+00,3.331583021225885233e+00,3.406618223082640284e-01,-1.239764361063771636e+00,-9.682749584850252056e-01,-8.757319271002079672e-03,5.041168843999125349e-01,7.295670245629820583e-01,6.715642041041579580e-01,3.845611100769138480e-01,1.610440735695397446e-02,-4.742580913668334452e-01,-5.357197045478967468e-01,6.499968727294773430e-02,8.680523538866383726e-01,1.738336960739535142e+00
8.078583763582050992e+00,3.317982651475342326e+00,3.219855246087110490e-01,-1.244161400827875852e+00,-9.554167746400289429e-01,1.506180827632169067e-02,5.250426505087383289e-01,7.437815437785419981e-01,6.844408284231667805e-01,3.995400036505498687e-01,3.091326964952606851e-02,-4.671803395653886248e-01,-5.369237371447220797e-01,5.849464960926067936e-02,8.628723224632000033e-01,1.735854978672925153e+00
8.081901697529966455e+00,3.304330675024902852e+00,3.033244089319611647e-01,-1.248298132725211174e+00,-9.422202344821390962e-01,3.893905648788530127e-02,5.456919549759580157e-01,7.574715853909365082e-01,6.968301311114153407e-01,4.142946987561434979e-01,4.573575061693643112e-02,-4.599403298432307441e-01,-5.380144150172079254e-01,5.200726130714069390e-02,8.576913205309705246e-01,1.733374304998130278e+00
8.085208400743333357e+00,3.290627031186941664e+00,2.846797502096130583e-01,-1.252171838578312713e+00,-9.286864953464383232e-01,6.286231280887798201e-02,5.660466690372989440e-01,7.706177409646414178e-01,7.087144439602648394e-01,4.288120273450801712e-01,6.056417277503953200e-02,-4.525389023705607139e-01,-5.389908441539140727e-01,4.553785280935961771e-02,8.525093453780687724e-01,1.730894943889793369e+00
8.088503827718424688e+00,3.276871659591173103e+00,2.660528437582149186e-01,-1.255779810632150717e+00,-9.148168649035796074e-01,8.681917146579848366e-02,5.860884528472091182e-01,7.832005816894985761e-01,7.200760907333298988e-01,4.430786897215783782e-01,7.539069185809851859e-02,-4.449769688168295212e-01,-5.398521353971827974e-01,3.908675955432951155e-02,8.473263938908199844e-01,1.728416899631698422e+00
8.091787932842741782e+00,3.263064500187109473e+00,2.474450055694250583e-01,-1.259119352693054195e+00,-9.006128048993333746e-01,1.107969333927666805e-01,6.057987653642226133e-01,7.952006786817368278e-01,7.308974059769518528e-01,4.570812623150571352e-01,9.020729722379376703e-02,-4.372555140527407125e-01,-5.405974048150052891e-01,3.265432206406459342e-02,8.421424625431581656e-01,1.725940176619555899e+00
8.095060670394790492e+00,3.249205493246525744e+00,2.288575726041051084e-01,-1.262187781300408096e+00,-8.860759349344912161e-01,1.347826064271458735e-01,6.251588749082463980e-01,8.065986242559078923e-01,7.411607547148226782e-01,4.708062059379091724e-01,1.050058124242597285e-01,-4.293755978727377687e-01,-5.412257740833356090e-01,2.624088603395529490e-02,8.369575473857220338e-01,1.723464779363876653e+00
8.098321994543884017e+00,3.235294579365943779e+00,2.102919030903932507e-01,-1.264982426931825721e+00,-8.712080362839624836e-01,1.587629057874057337e-01,6.441498704112214035e-01,8.173750541903000988e-01,7.508485530468183011e-01,4.842398745433423302e-01,1.197778959505793189e-01,-4.213383567376252636e-01,-5.417363708791049781e-01,1.984680242440147943e-02,8.317716440346287765e-01,1.720990712492931785e+00
8.101571859349924409e+00,3.221331699469118792e+00,1.917493768258027864e-01,-1.267500635242513551e+00,-8.560110557537965459e-01,1.827242548465170813e-01,6.627526733828149608e-01,8.275106710080754047e-01,7.599432896717870367e-01,4.973685244980650677e-01,1.345150421583622413e-01,-4.131450055369380037e-01,-5.421283292842005164e-01,1.347242755435320433e-02,8.265847476599144095e-01,1.718517980755808638e+00
8.104810218763180529e+00,3.207316794809539573e+00,1.732313954834093228e-01,-1.269739768339549046e+00,-8.404871095747807885e-01,2.066527862145127181e-01,6.809480506129741428e-01,8.369862682960101941e-01,7.684275483536519014e-01,5.101783243846589322e-01,1.492085823822188739e-01,-4.047968393706393719e-01,-5.424007902006743320e-01,7.118123196814474078e-03,8.213968529736335178e-01,1.716046589025566727e+00
8.108037026624080212e+00,3.193249806972938032e+00,1.547393829221619110e-01,-1.271697206091813914e+00,-8.246384873311316532e-01,2.305343431442467284e-01,6.987166276333534043e-01,8.457827560822516189e-01,7.762840313497579858e-01,5.226553653485734863e-01,1.638496862471604254e-01,-3.962952353496755897e-01,-5.425529017774584073e-01,7.842566763581763824e-04,8.162079542175983971e-01,1.713576542302489347e+00
8.111252236662998882e+00,3.179130677879812072e+00,1.362747855013857756e-01,-1.273370347476334263e+00,-8.084676559227136350e-01,2.543544812747097206e-01,7.160389029597238331e-01,8.538811872939606751e-01,7.834955838198349731e-01,5.347856720046973988e-01,1.784293631851289197e-01,-3.876416544148841847e-01,-5.425838198488714959e-01,-5.528799031286963511e-03,8.110180451507502664e-01,1.711107845717444009e+00
8.114455802500035730e+00,3.164959349787961340e+00,1.178390723995231121e-01,-1.274756611961790798e+00,-7.919772635590843768e-01,2.780984707266569989e-01,7.328952631375833526e-01,8.612627853150912616e-01,7.900452192333790036e-01,5.465552139184883806e-01,1.929384641650802867e-01,-3.788376431737017769e-01,-5.424927083852049137e-01,-1.182066519752288276e-02,8.058271190361461223e-01,1.708640504535351212e+00
8.117647677644793447e+00,3.150735765295022972e+00,9.943373593715668091e-02,-1.275853440929981764e+00,-7.751701437835428754e-01,3.017512985656754521e-01,7.492659986132392813e-01,8.679089726638395952e-01,7.959161457925590932e-01,5.579499176766410384e-01,2.073676836452428285e-01,-3.698848357540648890e-01,-5.422787399556899812e-01,-1.809095723698528335e-02,8.006351686275465784e-01,1.706174524158766470e+00
8.120827815496177493e+00,3.136459867341031327e+00,8.106029190438940324e-02,-1.276658299136030683e+00,-7.580493195252556715e-01,3.252976716481475461e-01,7.651313204526331013e-01,8.738014008084731277e-01,8.010917938869352994e-01,5.689556795622070506e-01,2.217075617563488976e-01,-3.607849556748610742e-01,-5.419410962041539825e-01,-2.433928460139521063e-02,7.954421861555928119e-01,1.703709910131578908e+00
8.123996169342168727e+00,3.122131599210983488e+00,6.272027989261529102e-02,-1.277168676208143783e+00,-7.406180071773671436e-01,3.487220198659897741e-01,7.804713779301777343e-01,8.789219811393196302e-01,8.055558445954472679e-01,5.795583788490369370e-01,2.359484867248699824e-01,-3.515398177322189843e-01,-5.414789683376786122e-01,-3.056525067110220720e-02,7.902481633135512995e-01,1.701246668142831098e+00
8.127152692359608466e+00,3.107750904537414094e+00,4.441526363074885936e-02,-1.277382088187742237e+00,-7.228796206988949979e-01,3.720084998063701298e-01,7.952662770097723710e-01,8.832529171136740409e-01,8.092922592501129442e-01,5.897438917302825212e-01,2.500806975454566428e-01,-3.421513299008840936e-01,-5.408915576285897586e-01,-3.676845264424868920e-02,7.850530912426169072e-01,1.698784804030670559e+00
8.130297337613981767e+00,3.093317727302980824e+00,2.614683132596448342e-02,-1.277296079110802118e+00,-7.048377757380495101e-01,3.951409988429943065e-01,8.094960997400517666e-01,8.867767375892073867e-01,8.122853100747995381e-01,5.994981058955666242e-01,2.640942869119941583e-01,-3.326214952498625643e-01,-5.401780759301126889e-01,-4.294848142348860198e-02,7.798569605167529062e-01,1.696324323786430499e+00
8.133430058059193613e+00,3.078832011843065430e+00,7.916596009002340242e-03,-1.276908222631254475e+00,-6.864962937744736315e-01,4.181031396759087304e-01,8.231409245857451706e-01,8.894763313601955490e-01,8.145196119112061428e-01,6.088069357712346807e-01,2.779792044168753473e-01,-3.229524138714557346e-01,-5.393377462060342520e-01,-4.910492150018933022e-02,7.746597611270504835e-01,1.693865233558845995e+00
8.136550806537364622e+00,3.064293702848384093e+00,-1.027380411589721466e-02,-1.276216123687310411e+00,-6.678592062777456428e-01,4.408782853371205346e-01,8.361808477167763654e-01,8.913349829094461274e-01,8.159801550428603667e-01,6.176563384378748189e-01,2.917252600282806418e-01,-3.131462848227490325e-01,-5.383698030747297025e-01,-5.523735083604153218e-02,7.694614824655920948e-01,1.691407539658416948e+00
8.139659535778600130e+00,3.049702745367603995e+00,-2.842270531638469225e-02,-1.275217420211593344e+00,-6.489307588793090664e-01,4.634495446797096130e-01,8.485960052764439654e-01,8.923364093872375724e-01,8.166523391264792764e-01,6.260323302390281563e-01,3.053221278554590357e-01,-3.032054080785438477e-01,-5.372734933679181868e-01,-6.134534074200455323e-02,7.642621133087962315e-01,1.688951248561917362e+00
8.142756198400771694e+00,3.035059084809978991e+00,-4.652841797264409968e-02,-1.273909784885973728e+00,-6.297154155548542187e-01,4.857997783684248061e-01,8.603665966496406581e-01,8.924647988268945564e-01,8.165220082384044842e-01,6.339210040946653413e-01,3.187593502121675026e-01,-2.931321864946638267e-01,-5.360480767045210371e-01,-6.742845575450288897e-02,7.590616418002262833e-01,1.686496366917057621e+00
8.145840746909305707e+00,3.020362666947988828e+00,-6.458922621323909263e-02,-1.272290926942015954e+00,-6.102178628139673933e-01,5.079116053901285843e-01,8.714729087516448480e-01,8.917048496046958705e-01,8.155754870420852676e-01,6.413085475326523177e-01,3.320263419886284040e-01,-2.829291277804824589e-01,-5.346928260800121180e-01,-7.348625350879518792e-02,7.538600554328411807e-01,1.684042901547311732e+00
8.148913133696961353e+00,3.005613437919995246e+00,-8.260338754609991563e-02,-1.270358594007970687e+00,-5.904430138936995753e-01,5.297674101027756155e-01,8.818953413574933675e-01,8.900418111497920837e-01,8.137996180806499336e-01,6.481812614509820936e-01,3.451123953425319635e-01,-2.725988464794478761e-01,-5.332070284716560193e-01,-7.951828460942951537e-02,7.486573410306657239e-01,1.681590859456908449e+00
8.151973311043603232e+00,2.990811344232912727e+00,-1.005691324845833234e-01,-1.268110574003254332e+00,-5.703960129525188494e-01,5.513493498419299588e-01,8.916144334913399527e-01,8.874615259075776530e-01,8.111818001965328540e-01,6.545255796230521339e-01,3.580066847197824753e-01,-2.621440659563064601e-01,-5.315899854600454333e-01,-8.552409249769378496e-02,7.434534847298605031e-01,1.679140247835997357e+00
8.155021231115988201e+00,2.975956332764875700e+00,-1.184846641685626117e-01,-1.265544697081372405e+00,-5.500822392608797351e-01,5.726393631041687415e-01,9.006108908945313907e-01,8.839504725574939270e-01,8.077100280778605201e-01,6.603280889577296531e-01,3.706982722158686516e-01,-2.515676203896265450e-01,-5.298410138673605996e-01,-9.150321331597564833e-02,7.382484719591626554e-01,1.676691074065995712e+00
8.158056845967543325e+00,2.961048350767931492e+00,-1.363481579804639854e-01,-1.262658837622269603e+00,-5.295073113844832591e-01,5.936191783269822997e-01,9.088656145903379890e-01,8.794958104836605450e-01,8.033729329288241683e-01,6.655755505252953785e-01,3.831761132888693022e-01,-2.408724567681579110e-01,-5.279594464127856934e-01,-9.745517576892878675e-02,7.330422874196782512e-01,1.674243345725123788e+00
8.161080107538142059e+00,2.946087345870742613e+00,-1.541577611561974204e-01,-1.259450916275101084e+00,-5.086770913560491048e-01,6.142703232851054462e-01,9.163597305624014977e-01,8.740854254938441592e-01,7.981598242586626091e-01,6.702549213596771249e-01,3.954290628352852832e-01,-2.300616368894563002e-01,-5.259446323855313521e-01,-1.033795009813502641e-01,7.278349150639981113e-01,1.671797070594137402e+00
8.164090967653885755e+00,2.931073266081293038e+00,-1.719115923909244337e-01,-1.255918902052427732e+00,-4.875976888312008595e-01,6.345741351234853722e-01,9.230746205629762891e-01,8.677079767792074128e-01,7.920607327809950915e-01,6.743533770466092481e-01,4.074458816400265970e-01,-2.191383393591061768e-01,-5.237959383359261922e-01,-1.092757023526678833e-01,7.226263380746088538e-01,1.669352256662262501e+00
8.167089378026878066e+00,2.916006059789612692e+00,-1.896077414395848648e-01,-1.252060814476872119e+00,-4.662754652238541575e-01,6.545117710473316031e-01,9.289919540659339336e-01,8.603529451039836351e-01,7.850664544121664923e-01,6.778583351064837448e-01,4.192152432120033745e-01,-2.081058615887869390e-01,-5.215127487850543808e-01,-1.151432854079258716e-01,7.174165388415744138e-01,1.666908912133343579e+00
8.170075290255008227e+00,2.900885675770513927e+00,-2.072442687121260341e-01,-1.247874725781284333e+00,-4.447170378162299542e-01,6.740642196899572225e-01,9.340937213782886106e-01,8.520106822106253697e-01,7.771685953539738678e-01,6.807574791797299518e-01,4.307257410169116896e-01,-1.969676217913102767e-01,-5.190944669534302003e-01,-1.209817476451601898e-01,7.122054989394561719e-01,1.664467045432214354e+00
8.173048655821721908e+00,2.885712063186335108e+00,-2.248192048633703422e-01,-1.243358763163472158e+00,-4.229292838383688635e-01,6.932123131793350712e-01,9.383622679226439889e-01,8.426724614221529075e-01,7.683596182425822541e-01,6.830387840215190742e-01,4.419658961189144586e-01,-1.857271609706505899e-01,-5.165405155092179790e-01,-1.267905783790489738e-01,7.069931991034411611e-01,1.662026665211296717e+00
8.176009426095802723e+00,2.870485171589695295e+00,-2.423305503774523251e-01,-1.238511111096583628e+00,-4.009193445117650301e-01,7.119367399244886929e-01,9.417803297014802899e-01,8.323305294193031889e-01,7.586328893416297570e-01,6.846905413114565686e-01,4.529241652430134879e-01,-1.743881449048781396e-01,-5.138503373365214122e-01,-1.325692585807169976e-01,7.017796192046477088e-01,1.659587780357440590e+00
8.178957552331150183e+00,2.855204950926267138e+00,-2.597762751467516673e-01,-1.233330013696247285e+00,-3.786946290514704438e-01,7.302180581430087747e-01,9.443310699525728769e-01,8.209781591656808430e-01,7.479827267534348012e-01,6.857013862826880635e-01,4.635889492699964420e-01,-1.629543661197870308e-01,-5.110233963242817312e-01,-1.383172607135668419e-01,6.965647382245765407e-01,1.657150399999015367e+00
8.181892985666546991e+00,2.839871351537555544e+00,-2.771543180452670230e-01,-1.227813777145583485e+00,-3.562628186207104641e-01,7.480367101511521399e-01,9.459981170030535846e-01,8.086097039493628236e-01,7.364044496178684396e-01,6.860603251735016839e-01,4.739486021759274914e-01,-1.514297458508735428e-01,-5.080591781763412751e-01,-1.440340485650118407e-01,6.913485342286680435e-01,1.654714533513259811e+00
8.184815677125442335e+00,2.824484324163689219e+00,-2.944625864963552608e-01,-1.221960772179227606e+00,-3.336318702317828677e-01,7.653730374380842694e-01,9.467656033276773409e-01,7.952206525043663543e-01,7.238944282637785888e-01,6.857567635030489273e-01,4.839914404281943083e-01,-1.398183359912004153e-01,-5.049571912432493370e-01,-1.497190770739733612e-01,6.861309843389333807e-01,1.652280190533902848e+00
8.187725577615728056e+00,2.809043819946227316e+00,-3.116989560347612209e-01,-1.215769436627528677e+00,-3.108100205867025401e-01,7.822072965459112570e-01,9.466182058147486478e-01,7.808076851700014309e-01,7.104501352728709307e-01,6.847805351712210609e-01,4.937057528501661019e-01,-1.281243210225456730e-01,-5.017169673764042548e-01,-1.553717921540000713e-01,6.809120647056216002e-01,1.649847380959067911e+00
8.190622637929507732e+00,2.793549790430974067e+00,-3.288612698628776698e-01,-1.209238278022094271e+00,-2.878057898507151990e-01,7.985196757772187182e-01,9.455411872408671092e-01,7.653687310403475275e-01,6.960701974106574541e-01,6.831219323810076016e-01,5.030798109665466367e-01,-1.163520199270815236e-01,-4.983380628051447547e-01,-1.609916305118672120e-01,6.756917504778814365e-01,1.647416114959475042e+00
8.193506808742876402e+00,2.778002187570804526e+00,-3.459473384011610420e-01,-1.202365876263885136e+00,-2.646279853514908464e-01,8.142903127518429374e-01,9.435204389531609559e-01,7.489030260499671687e-01,6.807544483734189189e-01,6.807717363798158061e-01,5.121018798414999074e-01,-1.045058880766876752e-01,-4.948200590374246532e-01,-1.665780194615025522e-01,6.704700157733770594e-01,1.644986402986943874e+00
8.196378040615694971e+00,2.762400963728507186e+00,-3.629549388326267501e-01,-1.195150886355077491e+00,-2.412857051964624189e-01,8.294993128345652389e-01,9.405425247549966672e-01,7.314111719354371433e-01,6.645039822941086749e-01,6.777212490142393575e-01,5.207602294216046035e-01,-9.259051909684662407e-02,-4.911625637847255588e-01,-1.721303767330796541e-01,6.652468336468149168e-01,1.642558255783219900e+00
8.199236283991359286e+00,2.746746071679631918e+00,-3.798818146413590613e-01,-1.187592041195927761e+00,-2.177883418004049332e-01,8.441267684553753758e-01,9.365947259882477782e-01,7.128951960053153680e-01,6.473212079437393740e-01,6.739623250906197072e-01,5.290431463956536406e-01,-8.061064670190003223e-02,-4.873652119118834225e-01,-1.776481102771167164e-01,6.600221760573368179e-01,1.640131684389134925e+00
8.202081489196574537e+00,2.731037464615355681e+00,-3.967256751449550478e-01,-1.179688154447908088e+00,-1.941455853149979538e-01,8.581527793438222806e-01,9.316650878020829030e-01,6.933586116437916447e-01,6.292099035580028810e-01,6.694874055314415928e-01,5.369389465832390407e-01,-6.857114649828278952e-02,-4.834276664125288780e-01,-1.831306180634076353e-01,6.547960138347324044e-01,1.637706700154112349e+00
8.204913606441127882e+00,2.715275096145358891e+00,-4.134841950208301142e-01,-1.171438123464386916e+00,-1.703674269517125306e-01,8.715574736988067617e-01,9.257424665948698062e-01,6.728064794654060599e-01,6.101752722116611238e-01,6.642895513151400033e-01,5.444359878639704053e-01,-5.647703775216527528e-02,-4.793496194108643471e-01,-1.885772878746086734e-01,6.495683166444222723e-01,1.635283314746039496e+00
8.207732585817669957e+00,2.699458920300711551e+00,-4.301550138263150469e-01,-1.162840932290159390e+00,-1.464641621889649914e-01,8.843210303149645624e-01,9.188165786121845757e-01,6.512454690299004367e-01,5.902239976555961887e-01,6.583624781842443152e-01,5.515226836590443327e-01,-4.433348511774869855e-02,-4.751307931905237592e-01,-1.939874970942956633e-01,6.443390529511584530e-01,1.632861540161512526e+00
8.210538377301478619e+00,2.683588891536770937e+00,-4.467357355124626506e-01,-1.153895654731152076e+00,-1.224463938540766988e-01,8.964237016864995411e-01,9.108780496800380488e-01,6.286839210174669512e-01,5.693643005233368637e-01,6.517005921039584759e-01,5.581875169767256395e-01,-3.214580032227052492e-02,-4.707709412512892100e-01,-1.993606124892982612e-01,6.391081899813912948e-01,1.630441388736478148e+00
8.213330930750226244e+00,2.667664964736094824e+00,-4.632239279314870894e-01,-1.144601457495651786e+00,-9.832503507014096755e-02,9.078458381089973273e-01,9.019184660482864047e-01,6.051319097553247151e-01,5.476059948053064730e-01,6.442990254502470870e-01,5.644190550331060763e-01,-1.991944380356968150e-02,-4.662698493944630873e-01,-2.046959899861100218e-01,6.338756936842462331e-01,1.628022873157288108e+00
8.216110195903761237e+00,2.651687095211367140e+00,-4.796171223377639903e-01,-1.134957603408424331e+00,-7.411131205744118933e-02,9.185679127993436888e-01,8.919304263147487255e-01,5.806013059766512718e-01,5.249605444799723131e-01,6.361536739032674914e-01,5.702059644592817333e-01,-7.660026295844654665e-03,-4.616273368377214470e-01,-2.099929744411660471e-01,6.286415286910490563e-01,1.625606006472178233e+00
8.218876122383878879e+00,2.635655238708329406e+00,-4.959128128823080406e-01,-1.124963454699114296e+00,-4.981676677861307523e-02,9.285705480533897882e-01,8.809075943958140087e-01,5.551058396824753993e-01,5.014411201815215380e-01,6.272612340185504953e-01,5.755370271058224407e-01,4.626689640977393360e-03,-4.568432573603066760e-01,-2.152508994047708513e-01,6.234056582733431551e-01,1.623190802103197328e+00
8.221628659694085073e+00,2.619569351408732594e+00,-5.121084561006470359e-01,-1.114618476366347810e+00,-2.545325941626393543e-02,9.378345424604627167e-01,8.688447535042610470e-01,5.286611629661307488e-01,4.770626557735905826e-01,6.176192414446517454e-01,5.804011564550909386e-01,1.693478815307314714e-02,-4.519175004794431794e-01,-2.204690868784469071e-01,6.181680442993321423e-01,1.620777273858601486e+00
8.224367757219368968e+00,2.603429389933295646e+00,-5.282014703940178801e-01,-1.103922239618970513e+00,-1.032970671244939215e-03,9.463408991931808734e-01,8.557378610896031468e-01,5.012849126481973006e-01,4.518419046879218470e-01,6.072261097520970097e-01,5.847874146516279792e-01,2.925819869081970961e-02,-4.468499926588928028e-01,-2.256468470654701131e-01,6.129286471886801202e-01,1.618365435945735786e+00
8.227093364225970262e+00,2.587235311344679545e+00,-5.441892355037964979e-01,-1.092874425395888416e+00,2.343159613072540864e-02,9.540708553903129996e-01,8.415841046905351286e-01,4.729967725576316728e-01,4.257974958756030603e-01,5.960811698342970422e-01,5.886850301604102942e-01,4.159069467845988993e-02,-4.416406985506013405e-01,-2.307834781143439651e-01,6.076874258656043137e-01,1.615955302984425357e+00
8.229805429861158927e+00,2.570987073150472035e+00,-5.600690919790873856e-01,-1.081474827965993590e+00,4.792761313694722525e-02,9.610059126496055537e-01,8.263819586429275166e-01,4.438185352818292961e-01,3.989499892067142062e-01,5.841847098366883539e-01,5.920834160623438258e-01,5.392589226091504262e-02,-4.362896222704160665e-01,-2.358782658549568312e-01,6.024443377101805774e-01,1.613546890020891578e+00
8.232503903152997182e+00,2.554684633306183450e+00,-5.758383406373821511e-01,-1.069723358609690145e+00,7.244192628353317287e-02,9.671278686465863972e-01,8.101312415803187950e-01,4.137741631947952081e-01,3.713219301417960416e-01,5.715380155656886174e-01,5.949721889958483612e-01,6.625724913358918555e-02,-4.307968087088950848e-01,-2.409304835271534329e-01,5.971993385077900562e-01,1.611140212542225170e+00
8.235188733010101458e+00,2.538327950218260742e+00,-5.914942420182047744e-01,-1.057620049383560801e+00,9.696105384309471054e-02,9.724188498943426850e-01,7.928331746569512450e-01,3.828898485583036027e-01,3.429379034854877495e-01,5.581434113240848482e-01,5.973411887528277120e-01,7.857806346129833641e-02,-4.251623448782635428e-01,-2.459393915014408960e-01,5.919523823966273968e-01,1.608735286491437488e+00
8.237859868221425685e+00,2.521916982747104630e+00,-6.070340158296653188e-01,-1.045165056969724393e+00,1.214711852189197805e-01,9.768613456581300980e-01,7.744904404160540823e-01,3.511940724758597088e-01,3.138245860189394776e-01,5.440043011142194906e-01,5.991804985367037428e-01,9.088147289276793384e-02,-4.193863612966078347e-01,-2.509042369915409076e-01,5.867034218131831347e-01,1.606332128283111560e+00
8.240517257456014377e+00,2.505451690210104054e+00,-6.224548403878281677e-01,-1.032358666611482123e+00,1.459581800008368790e-01,9.804382430374245505e-01,7.551072422183308097e-01,3.187176624635587596e-01,2.840107977932374017e-01,5.291252101447858625e-01,6.004804658894994374e-01,1.031604536774402281e-01,-4.134690334104432208e-01,-2.558242537584808352e-01,5.814524074356157701e-01,1.603930754819683502e+00
8.243160849262778811e+00,2.488932032384691073e+00,-6.377538520488051921e-01,-1.019201296136869717e+00,1.704075672986121726e-01,9.831328632266508327e-01,7.346893641373801742e-01,2.854938483853967091e-01,2.535275518509920167e-01,5.135118265711572372e-01,6.012317242942053497e-01,1.154078198916633907e-01,-4.074105830568320319e-01,-2.606986618059066174e-01,5.761992881249230480e-01,1.601531183508381639e+00
8.245790592070269653e+00,2.472357969511394860e+00,-6.529281446335002403e-01,-1.005693500071741520e+00,1.948045453694238482e-01,9.849289989643046361e-01,7.132442312200522050e-01,2.515583164831959873e-01,2.224081021273972836e-01,4.971710433929537598e-01,6.014252154578402232e-01,1.276162227816917683e-01,-4.012112799662660434e-01,-2.655266670662915218e-01,5.709440108638129674e-01,1.599133432278851075e+00
8.248406434186428271e+00,2.455729462296914356e+00,-6.679747688449044762e-01,-9.918359738440630791e-01,2.191339815566084037e-01,9.858109531785380630e-01,6.907809700005742570e-01,2.169492612132581655e-01,1.906879892655948261e-01,4.801110004260044639e-01,6.010522122797051781e-01,1.397781502312606117e-01,-3.948714433075810604e-01,-2.703074610776912134e-01,5.656865206931768197e-01,1.596737519601495237e+00
8.251008323798359356e+00,2.439046471917206915e+00,-6.828907316778505265e-01,-9.776295580811094066e-01,2.433804125576060629e-01,9.857635788354639494e-01,6.673104691475553185e-01,1.817074345828664506e-01,1.584050840638860924e-01,4.623411262589384729e-01,6.001043425083472105e-01,1.518859263618778654e-01,-3.883914432762155533e-01,-2.750402206506847858e-01,5.604267606460604512e-01,1.594343464506567276e+00
8.253596208972100001e+00,2.422308960020583601e+00,-6.976729958211468352e-01,-9.630752430012828880e-01,2.675280450397989340e-01,9.847723199944675709e-01,6.428454401127055018e-01,1.458761926599088932e-01,1.255996282542651832e-01,4.438721800973392528e-01,5.985736130896753826e-01,1.639317112743761684e-01,-3.817717027271716468e-01,-2.797241075251284403e-01,5.551646716790202829e-01,1.591951286604041060e+00
8.256170037652386995e+00,2.405516888730819147e+00,-7.123184790519898613e-01,-9.481741729023059895e-01,2.915607566236738113e-01,9.828232540726771216e-01,6.174004776393203775e-01,1.095015389082828472e-01,9.231427229297770043e-02,4.247162933907304705e-01,5.964524352075046831e-01,1.759075009406574353e-01,-3.750126988540943840e-01,-2.843582680163268539e-01,5.499001926007511809e-01,1.589561006104300622e+00
8.258729757662418791e+00,2.388670220650280562e+00,-7.268240536225624160e-01,-9.329276507475692259e-01,3.154620972535550627e-01,9.799031353184248783e-01,5.909921199771823730e-01,7.263216398018193520e-02,5.859410982421045522e-02,4.048870111295762575e-01,5.937336500165404374e-01,1.878051272549920436e-01,-3.681149649159358161e-01,-2.889418326502113388e-01,5.446332599978656042e-01,1.587172643839685149e+00
8.261275316703617477e+00,2.371768918863059294e+00,-7.411865456387322082e-01,-9.173371428524320637e-01,3.392152909769914904e-01,9.759994394910150861e-01,5.636389086385221736e-01,3.531948157392777315e-02,2.448670845761487247e-02,3.843993326909746489e-01,5.904105550664479063e-01,1.996162582546842090e-01,-3.610790920127252557e-01,-2.934739157870989157e-01,5.393638081576959120e-01,1.584786221286925034e+00
8.263806662355394295e+00,2.354812946938120266e+00,-7.554027344307456815e-01,-9.014042836723258345e-01,3.628032381547100504e-01,9.711004097414106528e-01,5.353614475171184495e-01,-2.382340057261156472e-03,-9.957863520775678615e-03,3.632697521028271925e-01,5.864769314141728973e-01,2.113323985203618693e-01,-3.539057309120330896e-01,-2.979536152335806598e-01,5.340917689879896013e-01,1.582401760590512296e+00
8.266323742074915160e+00,2.337802268932467786e+00,-7.694693519158246620e-01,-8.851308806945193952e-01,3.862085181239627296e-01,9.651951036855141997e-01,5.061824611793359630e-01,-4.041635138441044411e-02,-4.468701490668279541e-02,3.415162975868840101e-01,5.819270714200860395e-01,2.229448897666436169e-01,-3.465955939277705067e-01,-3.023800118420719718e-01,5.288170719333570302e-01,1.580019284587045325e+00
8.268826503196864408e+00,2.320736849394315460e+00,-7.833830819525748890e-01,-8.685189194354380193e-01,4.094133923390125274e-01,9.582734416585638737e-01,4.761268521219961247e-01,-7.872280013378314678e-02,-7.964561422999291707e-02,3.191585702312466633e-01,5.767558072218074150e-01,2.344449116344408945e-01,-3.391494568530329379e-01,-3.067521690975369975e-01,5.235396438883236359e-01,1.577638816830594370e+00
8.271314892933208540e+00,2.303616653366280076e+00,-7.971405596870960730e-01,-8.515705685454787455e-01,4.323998080134261457e-01,9.503262561357824767e-01,4.452217567774337525e-01,-1.172391155595920997e-01,-1.147759777501708017e-01,2.962177816326542201e-01,5.709585398777197174e-01,2.458234826966629316e-01,-3.315681609487713399e-01,-3.110691326908710530e-01,5.182594091068379871e-01,1.575260381619137062e+00
8.273788858372956412e+00,2.286441646388580384e+00,-8.107383708907072162e-01,-8.342881850232619634e-01,4.551494022898721625e-01,9.413453423007559495e-01,4.134966000307558343e-01,-1.558998989752165831e-01,-1.500178632678013380e-01,2.727167903380764424e-01,5.645312691701918073e-01,2.570714616896637716e-01,-3.238526149901332363e-01,-3.153299300784082604e-01,5.129762891080705822e-01,1.572884004022107485e+00
8.276248346481922979e+00,2.269211794502252300e+00,-8.241730512891779492e-01,-8.166743195413219691e-01,4.776435069641084552e-01,9.313235097391192596e-01,3.809831479983822322e-01,-1.946369210873539479e-01,-1.853084702504156356e-01,2.486801369039174370e-01,5.574706240564045734e-01,2.681795489833272428e-01,-3.160037973724016402e-01,-3.195335700269910650e-01,5.076902025783378569e-01,1.570509709909113871e+00
8.278693304102493045e+00,2.251927064252376098e+00,-8.374410858833678528e-01,-7.987317218852522105e-01,4.998631537909193900e-01,9.202546352309156630e-01,3.477155588001967779e-01,-2.333791267060943975e-01,-2.205824467966067681e-01,2.241340773793653041e-01,5.497738937523840574e-01,2.791382883032957340e-01,-3.080227582785318163e-01,-3.236790421440157162e-01,5.024010652689724354e-01,1.568137525979880431e+00
8.281123677953374340e+00,2.234587422691315606e+00,-8.505389082611714002e-01,-7.804633465083610222e-01,5.217890804008515904e-01,9.081337166105158953e-01,3.137304310401814456e-01,-2.720526474332132238e-01,-2.557719039889281287e-01,1.991066150081591823e-01,5.414390594333994278e-01,2.899380687194704209e-01,-2.999106219103707671e-01,-3.277653163918375911e-01,4.971087898899537172e-01,1.565767479795469264e+00
8.283539414629363051e+00,2.217192837381972481e+00,-8.634628999006644934e-01,-7.618723582039240716e-01,5.434017368577330753e-01,8.949569276581705868e-01,2.790668496921811514e-01,-3.105808229610450000e-01,-2.908064382132362624e-01,1.736275299302605934e-01,5.324648265312589279e-01,3.005691269155669199e-01,-2.916685887857282111e-01,-3.317913425858928789e-01,4.918132859991026784e-01,1.563399599810840979e+00
8.285940460601112889e+00,2.199743276401058267e+00,-8.762093894643464553e-01,-7.429621378971570378e-01,5.646812928881305149e-01,8.807216739821306373e-01,2.437664290684621038e-01,-3.488842316450539993e-01,-3.256131620498912138e-01,1.477284066516154071e-01,5.228506576062377231e-01,3.110215497551949149e-01,-2.832979381035612421e-01,-3.357560498758594414e-01,4.865144598866355530e-01,1.561033915408818862e+00
8.288326762214886401e+00,2.182238708342371325e+00,-8.887746520843736731e-01,-7.237362885590563621e-01,5.856076458151227015e-01,8.654266498447770184e-01,2.078733525289350736e-01,-3.868807310446104042e-01,-3.601167443705346471e-01,1.214426590363316405e-01,5.125968057683668588e-01,3.212852771606485303e-01,-2.748000301796258982e-01,-3.396583462091510297e-01,4.812122144548595659e-01,1.558670456935525639e+00
8.290698265692315161e+00,2.164679102320088866e+00,-9.011549086386788643e-01,-7.041986412442990950e-01,6.061604292300162289e-01,8.490718958803575855e-01,1.714344085683781327e-01,-4.244855091583858431e-01,-3.942394603028909761e-01,9.480555256123743280e-02,5.017043486196197666e-01,3.313501053213386838e-01,-2.661763089550517325e-01,-3.434971177760019478e-01,4.759064490927816804e-01,1.556309255737357899e+00
8.293054917130165293e+00,2.147064427972078082e+00,-9.133463250178613935e-01,-6.843532612554321659e-01,6.263190224369257209e-01,8.316588576456833692e-01,1.344990228976573055e-01,-4.616111471131324473e-01,-4.279012517551363248e-01,6.785422355787497362e-02,4.901752226851169847e-01,3.412056902495776423e-01,-2.574283045804037218e-01,-3.472712284353606238e-01,4.705970595453932148e-01,1.553950344199577449e+00
8.295396662500087004e+00,2.129394655463213937e+00,-9.253450113827474954e-01,-6.642044544355956148e-01,6.460625607065123566e-01,8.131904449384680378e-01,9.711928611277323431e-02,-4.981676940973397971e-01,-4.610197992207846762e-01,4.062769515151047617e-02,4.780122582978166279e-01,3.508415517022565044e-01,-2.485576360778955773e-01,-3.509795191207783494e-01,4.652839377773728691e-01,1.551593755786595086e+00
8.297723447648372996e+00,2.111669755488716049e+00,-9.371470214125038334e-01,-6.437567735920858292e-01,6.653699463765376798e-01,7.936710918109380897e-01,5.934997652269876495e-02,-5.340627553640985292e-01,-4.935106056144729636e-01,1.316688959079629663e-02,4.652192148972873476e-01,3.602470774877980508e-01,-2.395660140845469743e-01,-3.546208072254318222e-01,4.599669718309454258e-01,1.549239525084028735e+00
8.300035218295729322e+00,2.093889699277495797e+00,-9.487483515431952563e-01,-6.230150250530848144e-01,6.842198608383514014e-01,7.731068171987872661e-01,2.124857768326014404e-02,-5.692015941604496865e-01,-5.252870929185308180e-01,-1.448536335479716150e-02,4.518008166990134522e-01,3.694115281786715665e-01,-2.304552436791941772e-01,-3.581938859653782115e-01,4.546460456776135195e-01,1.546887687842623427e+00
8.302331920037024915e+00,2.076054458595517183e+00,-9.601449401966726249e-01,-6.019842753599221608e-01,7.025907774499151603e-01,7.515052860775461863e-01,-1.712470984011395594e-02,-6.034872484732477504e-01,-5.562607124494837185e-01,-4.228432226966535173e-02,4.377627886862801021e-01,3.783240422506913836e-01,-2.212272272963931030e-01,-3.616975237200949489e-01,4.493210390634654328e-01,1.544538281024126825e+00
8.304613498341046451e+00,2.058164005749172354e+00,-9.713326669996766860e-01,-5.806698580972757817e-01,7.204609754175107517e-01,7.288758710499281257e-01,-5.570696298312699524e-02,-6.368206635139739280e-01,-5.863410695825078678e-01,-7.018333459626022175e-02,4.231118928719979633e-01,3.869736416713000504e-01,-2.118839677303911151e-01,-3.651304633493072660e-01,4.439918273477462263e-01,1.542191342849216440e+00
8.306879898550262098e+00,2.040218313588670895e+00,-9.823073519930428654e-01,-5.590773808637548026e-01,7.378085546898782709e-01,7.052297142586668732e-01,-9.443253749505682582e-02,-6.691008408967517029e-01,-6.154360638001393768e-01,-9.813384214414955231e-02,4.078559647728366433e-01,3.953492379600648254e-01,-2.024275712324880849e-01,-3.684914214850555370e-01,4.386582813343619658e-01,1.539846912847578242e+00
8.309131065880572820e+00,2.022217355511439774e+00,-9.930647548308892958e-01,-5.372127323853425063e-01,7.546114519101773110e-01,6.805797895097712713e-01,-1.332330766076734452e-01,-7.002250054947445346e-01,-6.434520449589404834e-01,-1.260853919977270865e-01,3.920039500327320847e-01,4.034396387456944399e-01,-1.928602507052592507e-01,-3.717790877978977004e-01,4.333202670959669933e-01,1.537505031910250564e+00
8.311366945421065466e+00,2.004161105465542825e+00,-1.003600573969669840e+00,-5.150820897742245386e-01,7.708474574728778617e-01,6.549409644809517372e-01,-1.720375276425537281e-01,-7.300887909898556849e-01,-6.702939866940350599e-01,-1.539856532351804308e-01,3.755659411271964898e-01,4.112335548450046785e-01,-1.831843289972742983e-01,-3.749921242360842455e-01,4.279776457902640385e-01,1.535165742344344997e+00
8.313587482133774742e+00,1.986049537953111788e+00,-1.013910445846973651e+00,-4.926919259355576064e-01,7.864942337344531520e-01,6.283300628791735898e-01,-2.107721671664465612e-01,-7.585864451588506530e-01,-6.958656779061935804e-01,-1.817804398905281948e-01,3.585532140738647011e-01,4.187196078904468766e-01,-1.734022423021160109e-01,-3.781291642364821848e-01,4.226302734681272044e-01,1.532829087930265732e+00
8.315792620853438066e+00,1.967882628033785775e+00,-1.023989944049952028e+00,-4.700490171247753701e-01,8.015293344285755461e-01,6.007659263998585963e-01,-2.493606353325523162e-01,-7.856110559652695891e-01,-7.200699332990109225e-01,-2.094137406100566035e-01,3.409782650683459981e-01,4.258863385340510566e-01,-1.635165436656811355e-01,-3.811888119059564928e-01,4.172780008731322154e-01,1.530495113981559463e+00
8.317982306287245109e+00,1.949660351328169172e+00,-1.033834578473247001e+00,-4.471604506580790783e-01,8.159302253384018710e-01,5.722694763281638286e-01,-2.877239800741822062e-01,-8.110547995503180063e-01,-7.428088239542544047e-01,-2.368277554742503066e-01,3.228548469576996705e-01,4.327222152569276115e-01,-1.535299066059419570e-01,-3.841696411718455995e-01,4.119206732320566666e-01,1.528163867407529075e+00
8.320156483014597981e+00,1.931382684021307083e+00,-1.043439794466298753e+00,-4.240336327787949666e-01,8.296743062804916580e-01,5.428637746099358452e-01,-3.257807118462047180e-01,-8.348092112368453721e-01,-7.639839289512811993e-01,-2.639629404762904863e-01,3.041980054566743585e-01,4.392156438148385744e-01,-1.434451288495470767e-01,-3.870701949000935893e-01,4.065581300358845351e-01,1.525835396778760122e+00
8.322315095486862546e+00,1.913049602866171428e+00,-1.052800971969910515e+00,-4.006762966823138594e-01,8.427389344569290452e-01,5.125740842063645220e-01,-3.634468696388203912e-01,-8.567654806779183563e-01,-7.834966090509094538e-01,-2.907580601682856480e-01,2.850241150042304161e-01,4.453549773517782029e-01,-1.332651361898514186e-01,-3.898889839795217083e-01,4.011902048108212937e-01,1.523509752395714179e+00
8.324458088027125058e+00,1.894661085187156147e+00,-1.061913424641943493e+00,-3.770965107023778740e-01,8.551014492343040896e-01,4.814279285320175461e-01,-4.006360990173786774e-01,-8.768147722947342571e-01,-8.012483034746625821e-01,-3.171502490064893598e-01,2.653509141497910062e-01,4.511285272150001302e-01,-1.229929864711966497e-01,-3.926244863706335186e-01,3.958167248787946568e-01,1.521186986360549831e+00
8.326585404829938142e+00,1.876217108883592832e+00,-1.070772398972012596e+00,-3.533026866615348593e-01,8.667391984103637315e-01,4.494551497607842117e-01,-4.372597429710212702e-01,-8.948485721569567897e-01,-8.171408508162418816e-01,-3.430750819467535129e-01,2.451975403501066575e-01,4.565245745065007466e-01,-1.126318737045107904e-01,-3.952751461172551162e-01,3.904375111068862370e-01,1.518867152652349617e+00
8.328696989961077435e+00,1.857717652433281463e+00,-1.079373073385054616e+00,-3.293035883886043513e-01,8.776295660313886415e-01,4.166879657681971105e-01,-4.732269463817805888e-01,-9.107590624611846541e-01,-8.310768351227063588e-01,-3.684666548612800518e-01,2.245845640485111538e-01,4.615313824076282545e-01,-1.021851323195464567e-01,-3.978393723192162335e-01,3.850523776451014180e-01,1.516550307205938974e+00
8.330792787357300000e+00,1.839162694896030237e+00,-1.087710557333641415e+00,-3.051083404060485615e-01,8.877500018256576642e-01,3.831610254616643618e-01,-5.084447749540867978e-01,-9.244395247592465115e-01,-8.429599581772053707e-01,-3.932576753671612746e-01,2.035340218987131411e-01,4.661372093152257312e-01,-9.165624155935403472e-02,-4.003155380641695293e-01,3.796611316518467838e-01,1.514236507994493941e+00
8.332872740826086755e+00,1.820552215917209837e+00,-1.095779890378905552e+00,-2.807264367901928792e-01,8.970780523207453339e-01,3.489114622322684878e-01,-5.428183494722582658e-01,-9.357847730763102501e-01,-8.526954390022806196e-01,-4.173795646761085942e-01,1.820694489850505082e-01,4.703303228295405702e-01,-8.104883002288058857e-02,-4.027019793165319550e-01,3.742635730064456934e-01,1.511925815116149208e+00
8.334936794045393782e+00,1.801886195731326357e+00,-1.103576041259942242e+00,-2.561677502072855495e-01,9.055913937148692971e-01,3.139789452428997651e-01,-5.762509962801900532e-01,-9.446916180382908257e-01,-8.601904415817401839e-01,-4.407625710929781726e-01,1.602159098802988790e-01,4.740990146360593571e-01,-7.036668036189869246e-02,-4.049969937614112947e-01,3.688594940079777951e-01,1.509618290884831460e+00
8.336984890563412520e+00,1.783164615165609312e+00,-1.111093906951556187e+00,-2.314425411284309342e-01,9.132678665750562086e-01,2.784057282475581041e-01,-6.086444149028226169e-01,-9.510593630974097934e-01,-8.653545317686638372e-01,-4.633358958079943912e-01,1.380000283706354636e-01,4.774316163254548329e-01,-5.961373413880172861e-02,-4.071988396012482525e-01,3.634486790596806460e-01,1.507313999925561365e+00
8.339016973798317522e+00,1.764387455643606328e+00,-1.118328311710217182e+00,-2.065614672264612650e-01,9.200855124375314498e-01,2.422366956156123963e-01,-6.398988637527281975e-01,-9.547903339025880509e-01,-8.681001643058973150e-01,-4.850278316437340309e-01,1.154500156651738774e-01,4.803165161979633391e-01,-4.879409685215119197e-02,-4.093057343027674544e-01,3.580309043380981437e-01,1.505013009274480007e+00
8.341032987038007107e+00,1.745554699188796466e+00,-1.125274006108087921e+00,-1.815355929578870431e-01,9.260226123884611749e-01,2.055194052126699533e-01,-6.699133648868401680e-01,-9.557904418060494400e-01,-8.683432008319572626e-01,-5.057659154326298312e-01,9.259569689460349362e-02,4.827421771007553430e-01,-3.791204313725366620e-02,-4.113158532916747490e-01,3.526059374461103513e-01,1.502715388483873982e+00
8.343032873439861774e+00,1.726666328428219543e+00,-1.131925666054983459e+00,-1.563763993331002133e-01,9.310577277059931545e-01,1.683041277663109014e-01,-6.985859287976449172e-01,-9.539697824272903581e-01,-8.660034596780252780e-01,-5.254770947137624715e-01,6.946853568977491566e-02,4.846971553492343543e-01,-2.697202214944676227e-02,-4.132273285923782624e-01,3.471735370489151262e-01,1.500421209732495154e+00
8.345016576030491962e+00,1.707722326596121221e+00,-1.138277891808120890e+00,-1.310957938780509535e-01,9.351697426474542274e-01,1.306438823202998034e-01,-7.258138002394843857e-01,-9.492432701084800861e-01,-8.610052981787660320e-01,-5.440879094486581469e-01,4.610165661657751601e-02,4.861701207856983231e-01,-1.597866313820851467e-02,-4.150382474098344709e-01,3.417334524919691807e-01,1.498130547941490143e+00
8.346984037705485804e+00,1.688722677537607186e+00,-1.144325206969521336e+00,-1.057061207906653533e-01,9.383379094685679878e-01,9.259446735492359026e-02,-7.514937261034523308e-01,-9.415313089891519382e-01,-8.532782281190689488e-01,-5.615246894643073361e-01,2.252986522808918951e-02,4.871498780314370558e-01,-4.936781220670460532e-03,-4.167466506504311496e-01,3.362854233998244236e-01,1.495843480896278832e+00
8.348935201229165770e+00,1.669667365712316220e+00,-1.150062057470919497e+00,-8.022017129533680346e-02,9.405418957646666245e-01,5.421448712378198337e-02,-7.755222463630689900e-01,-9.307605013003672489e-01,-8.427575648182296097e-01,-5.777137683372410848e-01,-1.210334521290644090e-03,4.876253889911233985e-01,6.148616636377391732e-03,-4.183505313786147206e-01,3.308291792547222721e-01,1.493560089374743827e+00
8.350870009234323987e+00,1.650556376198105024e+00,-1.155482810546034189e+00,-5.465119419885494656e-02,9.417618342270782650e-01,1.556537272853281313e-02,-7.977960091168374568e-01,-9.168643933266010793e-01,-8.293851102100863182e-01,-5.925817144348038967e-01,-2.508072577228932440e-02,4.875857966713033620e-01,1.727232541637228197e-02,-4.198478332057498097e-01,3.253644389537233561e-01,1.491280457282120997e+00
8.352788404221973551e+00,1.631389694694749259e+00,-1.160581753690053786e+00,-2.901290665120544870e-02,9.419783749111921844e-01,-2.328860257719035654e-02,-8.182121107520808900e-01,-8.997842593044943493e-01,-8.131098701094398029e-01,-6.060555798281554996e-01,-4.904136745863022645e-02,4.870204503779020921e-01,2.842893562455147544e-02,-4.212364486074596237e-01,3.198909103430628842e-01,1.489004671793011658e+00
8.354690328561099832e+00,1.612167307527663462e+00,-1.165353093606189550e+00,-3.319505114719560179e-03,9.411727401161319451e-01,-6.228031439538760095e-02,-8.366684622463103072e-01,-8.794699233179597009e-01,-7.938888056586491659e-01,-6.180631677854669936e-01,-7.305058651656282098e-02,4.859189323609600097e-01,3.961282662038975028e-02,-4.225142171654377443e-01,3.144082897283257960e-01,1.486732823500964473e+00
8.356575724488399359e+00,1.592889201651624953e+00,-1.169790955139149213e+00,2.241432345491676734e-02,9.393267819795035889e-01,-1.013397850771258074e-01,-8.530641826068051659e-01,-8.558806190052439256e-01,-7.716876187202332815e-01,-6.285333195425855113e-01,-9.706497393686698560e-02,4.842710859783051491e-01,5.081815969942034272e-02,-4.236789237294456556e-01,3.089162613589243045e-01,1.484465006576112689e+00
8.358444534108040003e+00,1.573555364654524169e+00,-1.173889380195377141e+00,4.817339021218285805e-02,9.364230428943519646e-01,-1.403941891113323626e-01,-8.673000204249525780e-01,-8.289858866114863112e-01,-7.464815707178771298e-01,-6.373962210313116605e-01,-1.210393850118983983e-01,4.820670454535617711e-01,6.203887091221677724e-02,-4.247282964949044004e-01,3.034144968852555690e-01,1.482201318931390288e+00
8.360296699391396302e+00,1.554165784761124547e+00,-1.177642326649906979e+00,7.394199280614824343e-02,9.324448188592282527e-01,-1.793678666556824397e-01,-8.792788044880944787e-01,-7.987665065953574173e-01,-7.182563341253149769e-01,-6.445837302216640419e-01,-1.449269441533942715e-01,4.792972673078207402e-01,7.326866360755421304e-02,-4.256600049911649641e-01,2.979026547867861252e-01,1.479941862397890162e+00
8.362132162176786565e+00,1.534720450836833949e+00,-1.181043667239675132e+00,9.970390354211777773e-02,9.273762258761772959e-01,-2.181823458953448258e-01,-8.889059243467396509e-01,-7.652154686257225391e-01,-6.870088754555090382e-01,-6.500297257030778209e-01,-1.686790546812628189e-01,4.759525635484570527e-01,8.450100068593023594e-02,-4.264716579751863246e-01,2.923803797691744144e-01,1.477686742909970041e+00
8.363950864169240162e+00,1.515219352391498076e+00,-1.184087188443140093e+00,1.254423573167299522e-01,9.212022695154922225e-01,-2.567563749563557263e-01,-8.960898416775331388e-01,-7.283389743784605130e-01,-6.527483682064221249e-01,-6.536704770893891903e-01,-1.922454140095629371e-01,4.720241367030034163e-01,9.572909654870789820e-02,-4.271608012249627495e-01,2.868473021283993174e-01,1.475436070700761881e+00
8.365752746940229301e+00,1.495662479583205862e+00,-1.186766589346045286e+00,1.511400393227125827e-01,9.139089177702380828e-01,-2.950059641435566204e-01,-9.007426332107265621e-01,-6.881574720583344407e-01,-6.154971337687966670e-01,-6.554450377826311902e-01,-2.155740346834934817e-01,4.675036167906833628e-01,1.069459087271801556e-01,-4.277249152266274779e-01,2.813030370796981150e-01,1.473189960508797025e+00
8.367537751927406120e+00,1.476049823222108204e+00,-1.189075480493169135e+00,1.767790725194376966e-01,9.054831773278505525e-01,-3.328444393183369043e-01,-9.027805659031618024e-01,-6.447067200196385794e-01,-5.752916077895897651e-01,-6.552956605697773940e-01,-2.386112717504812741e-01,4.623831003292042663e-01,1.181441291747967887e-01,-4.281614127487032850e-01,2.757471840489432169e-01,1.470948531796507419e+00
8.369305820434359333e+00,1.456381374774252668e+00,-1.191007382725902897e+00,2.023410048653454529e-01,8.959131733905577599e-01,-3.701825072790028703e-01,-9.021247049319444100e-01,-5.980388762348323173e-01,-5.321833289053651272e-01,-6.531682364532458429e-01,-2.613018569795254042e-01,4.566551914797349343e-01,1.293161752046453616e-01,-4.284676362964769947e-01,2.701793259238968736e-01,1.468711908981436665e+00
8.371056893630353102e+00,1.436657126365435078e+00,-1.192555726005490202e+00,2.278067963082617275e-01,8.851882331809590720e-01,-4.069283340566030027e-01,-8.987015549577910267e-01,-5.482236096542825177e-01,-4.862399461054101035e-01,-6.490127570286965408e-01,-2.835889404759628363e-01,4.503130454386542469e-01,1.404541800530471063e-01,-4.286408554389382064e-01,2.645990282625736434e-01,1.466480221681055518e+00
8.372790912550064135e+00,1.416877070785065085e+00,-1.193713848221765073e+00,2.531568055295701503e-01,8.732989732738305477e-01,-4.429876370915197259e-01,-8.924437349579397161e-01,-4.953492287037108421e-01,-4.375462402464773692e-01,-6.427838006206745280e-01,-3.054141402738594357e-01,4.433504141907015361e-01,1.515499830487859467e-01,-4.286782640001364775e-01,2.590058384557127336e-01,1.464253604972154843e+00
8.374507818093331224e+00,1.397041201490049289e+00,-1.194474993987223455e+00,2.783707764381327388e-01,8.602373909001173047e-01,-4.782637923112294520e-01,-8.832906867537734241e-01,-4.395238212691120472e-01,-3.862051544108153212e-01,-6.344410422660927695e-01,-3.267176005254561755e-01,4.357616947446116273e-01,1.625951193660315763e-01,-4.285769771061758715e-01,2.533992848401155351e-01,1.462032199665870724e+00
8.376207551024897668e+00,1.377149512608682347e+00,-1.194832313416257730e+00,3.034278244098108090e-01,8.459969593741180072e-01,-5.126579571874919639e-01,-8.711894171547940324e-01,-3.808763995108543354e-01,-3.323388268665031231e-01,-6.239497874953061629e-01,-3.474380589466831704e-01,4.275419799791980724e-01,1.735808093374481831e-01,-4.283340280783686782e-01,2.477788757593268332e-01,1.459816152599484385e+00
8.377890051974144825e+00,1.357201998944560506e+00,-1.194778860889386340e+00,3.283064222683462763e-01,8.305727278000921698e-01,-5.460692109118718829e-01,-8.560952734049528390e-01,-3.195580417176917543e-01,-2.760896193432857415e-01,-6.112815296982930802e-01,-3.675129242197869850e-01,4.186871122352180397e-01,1.844979473022525795e-01,-4.279463651623133802e-01,2.421440985678471325e-01,1.457605616946240801e+00
8.379555261434843416e+00,1.337198655980514683e+00,-1.194307593802307110e+00,3.529843860033186620e-01,8.139614252198946742e-01,-5.783947128921900216e-01,-8.379727513457648769e-01,-2.557430221442121288e-01,-2.176211321659662357e-01,-5.964145306766455157e-01,-3.868783640988700534e-01,4.091937397962276401e-01,1.953370899621302004e-01,-4.274108480818348821e-01,2.364944185747347438e-01,1.455400752544534049e+00
8.381203119764887077e+00,1.317139479882543096e+00,-1.193411371299598178e+00,3.774388602208492149e-01,7.961615693687866813e-01,-6.095298808393141421e-01,-8.167963353989602382e-01,-1.896299183576460046e-01,-1.571191964779178052e-01,-5.793344237678438313e-01,-4.054694050117512161e-01,3.990593764100668350e-01,2.060884442158988084e-01,-4.267242444058207407e-01,2.308292779220942614e-01,1.453201726247927539e+00
8.382833567186029455e+00,1.297024467503774092e+00,-1.192082952992896683e+00,4.016463033226027046e-01,7.771735802123449499e-01,-6.393685897836655085e-01,-7.925513691151249152e-01,-1.214426840365389060e-01,-9.479283232525864689e-02,-5.600348386835553027e-01,-4.232200440021668397e-01,3.882824640116741000e-01,2.167418544415753157e-01,-4.258832257149977041e-01,2.251480943935689760e-01,1.451008712297608083e+00
8.384446543783633743e+00,1.276853616388443191e+00,-1.190314997663372898e+00,4.255824724086222921e-01,7.569998984432807498e-01,-6.678033934343311495e-01,-7.652349546286282278e-01,-5.143167339699959706e-02,-3.087515974169506225e-02,-5.385180469249041257e-01,-4.400633739103291253e-01,3.768624388176256002e-01,2.272867891921177275e-01,-4.248843635546110664e-01,2.194502601475138426e-01,1.448821892719009297e+00
8.386041989506406225e+00,1.256626924775875009e+00,-1.188100061948321517e+00,4.492224078994619396e-01,7.356451091230941097e-01,-6.947257693706592185e-01,-7.348568788976400645e-01,2.012539854606612555e-02,3.437575184173526088e-02,-5.147956263210539118e-01,-4.559317227473321799e-01,3.647998009732169589e-01,2.377123272684844857e-01,-4.237241251577836265e-01,2.137351403690559148e-01,1.446641457744501702e+00
8.387619844166131600e+00,1.236344391604492055e+00,-1.185430599011692454e+00,4.725404178729762927e-01,7.131160706598281829e-01,-7.200263896368839234e-01,-7.014405640850135404e-01,9.292257786538314634e-02,1.006761125572792070e-01,-4.888891428787898730e-01,-4.707568082801487086e-01,3.520961879441376619e-01,2.480071431307669938e-01,-4.223988689230307458e-01,2.080020718347364295e-01,1.444467606264219439e+00
8.389180047437422516e+00,1.216006016515836174e+00,-1.182298957198377520e+00,4.955100621110977710e-01,6.894220493196731026e-01,-7.435954183949593510e-01,-6.650240388443017236e-01,1.666248961719893062e-01,1.677157383701542159e-01,-4.608308477253429403e-01,-4.844699089093583710e-01,3.387544518568478824e-01,2.581594916050291566e-01,-4.209048396279772009e-01,2.022503613828484925e-01,1.442300546307276887e+00
8.390722538857451340e+00,1.195611799858603108e+00,-1.178697378672065588e+00,5.181041358518495565e-01,6.645748594768979833e-01,-7.653228383794004053e-01,-6.256609266077882703e-01,2.408677207478066296e-01,2.351574960846735396e-01,-4.306643864693837087e-01,-4.970020519915140933e-01,3.247787410047885404e-01,2.681571918400439958e-01,-4.192381633597503932e-01,1.964792842819560736e-01,1.440140495555846556e+00
8.392247257825676598e+00,1.175161742692692801e+00,-1.174617998036480593e+00,5.402946532417671754e-01,6.385890098135348358e-01,-7.850988079907843531e-01,-5.834214462217784947e-01,3.152562564712693693e-01,3.026368912712182335e-01,-3.984455177901747303e-01,-5.082842208325847322e-01,3.101745857516161609e-01,2.779876104643416168e-01,-4.173948421407921994e-01,1.906880824893824877e-01,1.437987681894796976e+00
8.393754143603596063e+00,1.154655846793279705e+00,-1.170052840939818095e+00,5.620528304838320333e-01,6.114818556873999889e-01,-8.028140509618482135e-01,-5.383934194293823472e-01,3.893652289600831873e-01,3.697618263483999912e-01,-3.642428374860098295e-01,-5.182475816585979667e-01,2.949489890778527745e-01,2.876376438898352039e-01,-4.153707482269168860e-01,1.848759627906823855e-01,1.435842343999844894e+00
8.395243135314478522e+00,1.134094114654898400e+00,-1.164993822662184764e+00,5.833490686759523758e-01,5.832737578944179324e-01,-8.183602806319987266e-01,-4.906832787525167161e-01,4.627387820159403198e-01,4.361125594235345515e-01,-3.281385035633015979e-01,-5.268237319548745301e-01,2.791105220338002124e-01,2.970936997037273986e-01,-4.131616180523257631e-01,1.790420948102512677e-01,1.433704731967467394e+00
8.396714171943099103e+00,1.113476549495539869e+00,-1.159432746685850057e+00,6.041529363349571469e-01,5.539882480588418368e-01,-8.316306609727404098e-01,-4.404170682617855048e-01,5.348906264942380195e-01,5.012418982090806052e-01,-2.902289572192985334e-01,-5.339449716565758397e-01,2.626694243794329697e-01,3.063416770853560345e-01,-4.107630457939366875e-01,1.731856088822670559e-01,1.431575107990138429e+00
8.398167192335474596e+00,1.092803155260767545e+00,-1.153361303248114700e+00,6.244331516009812288e-01,5.236522008928434779e-01,-8.425203066182284095e-01,-3.877414285330660348e-01,6.053044821681122789e-01,5.646756674207016324e-01,-2.506256337558777081e-01,-5.395445987712200742e-01,2.456377107114223746e-01,3.153669461790476469e-01,-4.081704765247708422e-01,1.673055937700907159e-01,1.429453747080809078e+00
8.399602135198595221e+00,1.072073936627851110e+00,-1.146771067876603212e+00,6.441575641170568245e-01,4.922960135750526489e-01,-8.509268242721012010e-01,-3.328245557594921578e-01,6.734348590414396263e-01,6.259134925521044890e-01,-2.094556565496543121e-01,-5.435572311189931227e-01,2.280292823986205530e-01,3.241543263478511294e-01,-4.053791989232139459e-01,1.614010942210477029e-01,1.427340937850952729e+00
8.401018939100168836e+00,1.051288899009913402e+00,-1.139653499906777556e+00,6.632931365786465250e-01,4.599537925060145915e-01,-8.567508979841541583e-01,-2.758571235023437040e-01,7.387082299199894120e-01,6.844299478398504499e-01,-1.668625061842925195e-01,-5.459191559897738077e-01,2.098600456704935446e-01,3.326880632261051129e-01,-4.023843375016872281e-01,1.554711083421558560e-01,1.425236983346956476e+00
8.402417542468345601e+00,1.030448048560093754e+00,-1.131999940981470720e+00,6.818059259477745604e-01,4.266635477071717975e-01,-8.598969209185219897e-01,-2.170531539078045247e-01,8.005246519021844698e-01,7.396761216033178599e-01,-1.230066557126802823e-01,-5.465687096376267151e-01,1.911480362283919932e-01,3.409518044810523896e-01,-3.991808443145644092e-01,1.495145847808283246e-01,1.423142201950153396e+00
8.403797883591453299e+00,1.009551392175729312e+00,-1.123801613532243282e+00,6.996610643263384555e-01,3.924673951388996107e-01,-8.602736763690936872e-01,-1.566508233707045450e-01,8.582599008257015827e-01,7.910816579926321923e-01,-7.806616174652064588e-02,-5.454466886650263246e-01,1.719135507775004235e-01,3.489285741850051692e-01,-3.957634901009762229e-01,1.435304196928251508e-01,1.421056928346374537e+00
8.405159900617736213e+00,9.885989375025525661e-01,-1.115049619242353351e+00,7.168227394830976040e-01,3.574117672223322550e-01,-8.577950709181448863e-01,-9.491318557151687263e-02,9.112681896220485855e-01,8.380573405164073453e-01,-3.223719965436221135e-02,-5.424967954913701984e-01,1.521792859082096439e-01,3.566007456897131722e-01,-3.921268548133630127e-01,1.375174534777154900e-01,1.418981514571590719e+00
8.406503531555085118e+00,9.675906929389019862e-01,-1.105734937491130943e+00,7.332541750287657756e-01,3.215476318591901084e-01,-8.523809227808989419e-01,-3.212879252730366925e-02,9.588855489974682511e-01,8.799982895582100229e-01,1.426547043018099037e-02,-5.376661202547139418e-01,1.319704847899599298e-01,3.639500128833797477e-01,-3.882653174771434901e-01,1.314744672597801534e-01,1.416916331140990915e+00
8.407828714270769055e+00,9.465266676399520795e-01,-1.095848423779553604e+00,7.489176102335423080e-01,2.849307202536398576e-01,-8.439578085322136936e-01,3.138780824271560077e-02,1.000433956869828611e+00,9.162878534186317259e-01,6.120812184847022885e-02,-5.309056616636810277e-01,1.113150921789268916e-01,3.709573596979170995e-01,-3.841730453205176588e-01,1.254001790895747925e-01,1.414861768269764841e+00
8.409135386491170649e+00,9.254068715219622154e-01,-1.085380808136809705e+00,7.637742794813370262e-01,2.476217638503082352e-01,-8.324599715721031634e-01,9.529572515709446023e-02,1.035226311521953768e+00,9.463022802121791033e-01,1.083377809254315316e-01,-5.221708895000469752e-01,9.024391828395482429e-02,3.776030277192061191e-01,-3.798439821060176080e-01,1.192932398381829351e-01,1.412818237194946258e+00
8.410423485801512555e+00,9.042313152665338860e-01,-1.074322693507630877e+00,7.777843913548712074e-01,2.096867407129757443e-01,-8.178302958546588286e-01,1.592275504680129294e-01,1.062572352427207045e+00,9.694162661504364120e-01,1.553820669537541999e-01,-5.114223516738667374e-01,6.879081208380866119e-02,3.838664817358666270e-01,-3.752718355867076805e-01,1.131522287524028003e-01,1.410786171608956474e+00
8.411692949645587447e+00,8.830000103248902832e-01,-1.062664554120184235e+00,7.909071073457348833e-01,1.711971316792628983e-01,-8.000213485804528180e-01,2.227893959347997110e-01,1.081785642067429665e+00,9.850094842619642188e-01,2.020491742989197481e-01,-4.986263289550459943e-01,4.699284474430748954e-02,3.897263730417692140e-01,-3.704500639996057276e-01,1.069756486345923019e-01,1.408766029217031202e+00
8.412943715325500449e+00,8.617129689221755262e-01,-1.050396733834308094e+00,8.031005201834046092e-01,1.322301866376902335e-01,-7.789964957359899467e-01,2.855611714441342874e-01,1.092191731644837516e+00,9.924742062890250516e-01,2.480280209903461819e-01,-4.837555407514584349e-01,2.489050384763307963e-02,3.951605002835179015e-01,-3.653718614965202893e-01,1.007619206054279765e-01,1.406758293432589291e+00
8.414175720001386694e+00,8.403702040617615499e-01,-1.037509444469860931e+00,8.143216317771446722e-01,9.286920128490909476e-02,-7.547310945555626427e-01,3.470971460071976544e-01,1.093137643159231009e+00,9.912241391420915093e-01,2.929885912008027837e-01,-4.667899055784869300e-01,2.527899219987828853e-03,4.001457676154250298e-01,-3.600301423975376669e-01,9.450937840116890865e-02,1.404763475226889824e+00
8.415388900691141316e+00,8.189717295295807498e-01,-1.023992764114971532e+00,8.245263307646137907e-01,5.320380473274469169e-02,-7.272137671813672100e-01,4.069268352810671563e-01,1.084002809546378954e+00,9.807046055668814377e-01,3.365825024103824559e-01,-4.477173601738230202e-01,-2.004701876971757765e-02,4.046581398898342896e-01,-3.544175241341466776e-01,8.821626214883018791e-02,1.402782115152135134e+00
8.416583194270160106e+00,7.975175598984703962e-01,-1.009836635413958739e+00,8.336693696609214221e-01,1.333025834680974346e-02,-6.964477600072140895e-01,4.645562649806979638e-01,1.064211622977324634e+00,9.604042061332700442e-01,3.784438318502844623e-01,-4.265347415615193816e-01,-4.278222746528892451e-02,4.086725945684248629e-01,-3.485263087265129123e-01,8.188071155249829203e-02,1.400814785560689169e+00
8.417758537471057068e+00,7.760077105325313696e-01,-9.950308638346951895e-01,8.417043416017808699e-01,-2.664823378897797010e-02,-6.624523934101131939e-01,5.194696653190956637e-01,1.033247748335487159e+00,9.298681056582049909e-01,4.181902410810303672e-01,-4.032487367697826230e-01,-6.562138563589912932e-02,4.121630699881941307e-01,-3.423484626115237406e-01,7.550075841131370646e-02,1.398862093047476440e+00
8.418914866883401515e+00,7.544421975915122092e-01,-9.795651159151914644e-01,8.485836566743147902e-01,-6.662120237469483508e-02,-6.252646068027573056e-01,5.711316579923234604e-01,9.906703633960494138e-01,8.887130908510849636e-01,4.554244423458672086e-01,-3.778769053694335800e-01,-8.850357140193898520e-02,4.151024095513982659e-01,-3.358755946032980777e-01,6.907431837362686122e-02,1.396924681148170588e+00
8.420052118953442744e+00,7.328210380352015996e-01,-9.634289174891589314e-01,8.542585178289833214e-01,-1.064705779429464400e-01,-5.849406041788607347e-01,6.189900042736323771e-01,9.361324880642212243e-01,8.366445461214228052e-01,4.897360557324136887e-01,-3.504487805394201350e-01,-1.113630029508618224e-01,4.174623013281707484e-01,-3.290989317238057765e-01,6.259918181150107841e-02,1.395003233332836379e+00
8.421170229983825806e+00,7.111442496278413961e-01,-9.466116518903229249e-01,8.586788963660029195e-01,-1.460703430192517305e-01,-5.415576055729661720e-01,6.624789905637363807e-01,8.694015604609909298e-01,7.734754894836798345e-01,5.207039122698134959e-01,-3.210070550018264690e-01,-1.341287403994275707e-01,4.192132124590035591e-01,-3.220092925853225152e-01,5.607300367379444705e-02,1.393098476343708425e+00
8.422269136133335721e+00,6.894118509425595231e-01,-9.291025581352522211e-01,8.617935069895328315e-01,-1.852861709457203632e-01,-4.952157101170410747e-01,7.010235363355032945e-01,7.903824053405166250e-01,6.991477981250067142e-01,5.478988650019016582e-01,-2.896088589268824842e-01,-1.567243668853190997e-01,4.203243176154596306e-01,-3.145970579349932073e-01,4.949329214273776034e-02,1.391211183937383966e+00
8.423348773416620361e+00,6.676238613658121990e-01,-9.108907290844552307e-01,8.635497824228087760e-01,-2.239750509048583083e-01,-4.460398766484396371e-01,7.340441188912010251e-01,6.991427171318522760e-01,6.137557304925930213e-01,5.708871779528597035e-01,-2.563271378217421570e-01,-1.790676466289271851e-01,4.207634206130164145e-01,-3.068521378800078692e-01,4.285739587595650824e-02,1.389342181106676399e+00
8.424409077703911564e+00,6.457803011018509176e-01,-8.919651095815139819e-01,8.638938475773071390e-01,-2.619848986652066891e-01,-3.941820281081954702e-01,7.609626198069214809e-01,5.959411415866896489e-01,5.175718147128057778e-01,5.892345719187330744e-01,-2.212521395287825876e-01,-2.010701572745393628e-01,4.204968680588182517e-01,-2.987639351934818222e-01,3.616248956024339933e-02,1.387492348876797399e+00
8.425449984720749796e+00,6.238811911772048635e-01,-8.723144945700058717e-01,8.627704932689209683e-01,-2.991541525550044933e-01,-3.398232862654369524e-01,7.812092094685364474e-01,4.812579809136119380e-01,4.110751164237635424e-01,6.025110163988316447e-01,-1.844930208266992722e-01,-2.226368932721864702e-01,4.194894536448139366e-01,-2.903213039476869595e-01,2.940555743104684983e-02,1.385662629795791467e+00
8.426471430047714151e+00,6.019265534451743171e-01,-8.519275271879610534e-01,8.601231494740342320e-01,-3.353113541540330145e-01,-2.831763436136612855e-01,7.942303988122350056e-01,3.558284598116514541e-01,2.949818155399826503e-01,6.102963690055274171e-01,-1.461795858255688363e-01,-2.436658363611915457e-01,4.177043113440995770e-01,-2.815125025217813937e-01,2.258337431733685799e-02,1.383854034272094635e+00
8.427473349120143453e+00,5.799164105903521493e-01,-8.307926968396214251e-01,8.558938581182740091e-01,-3.702747131772209377e-01,-2.244879796082187573e-01,7.994984013863241090e-01,2.206783638781153467e-01,1.702779015450300026e-01,6.121869777141411006e-01,-1.064641704735696109e-01,-2.640474883169076081e-01,4.151027953099656886e-01,-2.723251397710485522e-01,1.569248364825931788e-02,1.382067647955208312e+00
8.428455677227860932e+00,5.578507861331537532e-01,-8.088983372442325459e-01,8.500232453906185759e-01,-4.038516560066117700e-01,-1.640417287519939371e-01,7.965219642768130992e-01,7.716168400703297958e-02,3.825362794578174297e-02,6.078033777886265865e-01,-6.552369017729028911e-02,-2.836643599611741728e-01,4.116443436797216915e-01,-2.627461128045681105e-01,8.729171696534110750e-03,1.380304640411963435e+00
8.429418349514900655e+00,5.357297044343648507e-01,-7.862326244616215654e-01,8.424504935754375534e-01,-4.358383573106802134e-01,-1.021607083888174672e-01,7.848588434265438840e-01,-7.300034726336988855e-02,-9.946086833068742972e-02,5.967992347223315397e-01,-2.356187094988509978e-02,-3.023904089325381017e-01,4.072863227046880641e-01,-2.527615343727800945e-01,1.689437121732725476e-03,1.378566275425000986e+00
8.430361300979230421e+00,5.135531906997167217e-01,-7.627835748943162519e-01,8.331133123949368002e-01,-4.660192541718687909e-01,-3.921061443200204305e-02,7.641301175790730094e-01,-2.276797826907638878e-01,-2.408596999275927353e-01,5.788717078109473224e-01,1.918831113420646148e-02,-3.200904167561504088e-01,4.019838466054850845e-01,-2.423566472819021211e-01,-5.431045401758699022e-03,1.376853923337582941e+00
8.431284466472476424e+00,4.913212709844671511e-01,-7.385390432659215687e-01,8.219479098543633899e-01,-4.941665421245938217e-01,2.439710636085140258e-02,7.340365556613857034e-01,-3.843034720065566234e-01,-3.835264727962242604e-01,5.537734369884389496e-01,6.246195178723095570e-02,-3.366192932026378370e-01,3.956895672108489692e-01,-2.315157224841376538e-01,-1.263696905343169447e-02,1.375169075997115797e+00
8.432187780699639035e+00,4.690339721979985277e-01,-7.134867205755039965e-01,8.088889625822268670e-01,-5.200396524866749415e-01,8.820189855504417809e-02,6.943772750671873828e-01,-5.398176127265380542e-01,-5.246025972834336137e-01,5.213263895524167246e-01,1.059592640186887424e-01,-3.518212925915205624e-01,3.883534256769362036e-01,-2.202219364823956305e-01,-1.993344829541846691e-02,1.373513365018711241e+00
8.433071178218813913e+00,4.466913221084458652e-01,-6.876141320277323610e-01,7.938695856576889476e-01,-5.433847103473103957e-01,1.516905452184068304e-01,6.450709532157152815e-01,-6.906582493929156463e-01,-6.607614306438679419e-01,4.814378450025096901e-01,1.493423002681723566e-01,-3.655291223290990654e-01,3.799223562680263400e-01,-2.084572223582087935e-01,-2.732608455995492319e-02,1.371888584312767723e+00
8.433934593440918448e+00,4.242933493473333706e-01,-6.609086349384852843e-01,7.768213019171460454e-01,-5.639339725543091042e-01,2.142934102480092973e-01,5.861798821596038156e-01,-8.327317804743950003e-01,-7.881921005657575030e-01,4.341188475234948330e-01,1.922312918914452773e-01,-3.775629182446075816e-01,3.703399291312228225e-01,-1.962020869792296951e-01,-3.482104773163555850e-02,1.370296718114166534e+00
8.434777960629412874e+00,4.018400834142278888e-01,-6.333574166156633600e-01,7.576740107319284157e-01,-5.814052450221808277e-01,2.753804655238752397e-01,5.179371861402717325e-01,-9.614110737094704318e-01,-9.025983138238997672e-01,3.795055194182418989e-01,2.342005307796470315e-01,-3.877290537681091220e-01,3.595459149828679202e-01,-1.834353846328398152e-01,-4.242517806509190498e-02,1.368739976137989922e+00
8.435601213900021378e+00,3.793315546814148842e-01,-6.049474922149389311e-01,7.363559562489250254e-01,-5.955012786609765740e-01,3.342570920954385238e-01,4.407775551042178996e-01,-1.071554851526780316e+00,-9.992193979092549583e-01,3.178837086349284302e-01,2.747736970393197531e-01,-3.958187401068284372e-01,3.474757493335529079e-01,-1.701340342863528476e-01,-5.014611463600643360e-02,1.367220837997738414e+00
8.436404287220453213e+00,3.567677943985863576e-01,-5.756657025701568120e-01,7.127936950858190235e-01,-6.059091432033889557e-01,3.901596441119755121e-01,3.553718835872550774e-01,-1.157560756921469425e+00,-1.072883415169792354e+00,2.497175441534777163e-01,3.134185093526752341e-01,-4.016063615680975363e-01,3.340598669034895440e-01,-1.562726636562372096e-01,-5.799245834643387137e-02,1.365742109696527207e+00
8.437187114410113153e+00,3.341488346975544088e-01,-5.454987119981224986e-01,6.869120634725227603e-01,-6.122995781845465002e-01,4.422507636924984942e-01,2.626662443623439813e-01,-1.213466169390943428e+00,-1.118105638169391014e+00,1.756826005785177558e-01,3.495405388223066789e-01,-4.048474730503271446e-01,3.192228676817651101e-01,-1.418231579675383047e-01,-6.597398004343170419e-02,1.364306995892023977e+00
8.437949629139827934e+00,3.114747085969783447e-01,-5.144330060774832125e-01,6.586341438302543150e-01,-6.143263203051673171e-01,4.896144343929317300e-01,1.639256701761142021e-01,-1.233115703949365205e+00,-1.129250258105534810e+00,9.670453593916208956e-02,3.824759800780774266e-01,-4.052763641638983394e-01,3.028824639506150773e-01,-1.267540842895767961e-01,-7.410188765990487203e-02,1.362919192811052227e+00
8.438691764931565586e+00,2.887454500071051644e-01,-4.824548894014151212e-01,6.278812307795914593e-01,-6.116254063842325728e-01,5.312507603677345536e-01,6.078326514843204742e-02,-1.210420781261313028e+00,-1.100779279869991578e+00,1.400427506632801605e-02,4.114831116200630134e-01,-4.026030647177785693e-01,2.849481415914926208e-01,-1.110299531033878545e-01,-8.238917070804563370e-02,1.361583008240971449e+00
8.439413455158149446e+00,2.659610937345388004e-01,-4.495504833038502235e-01,5.945727965687359617e-01,-6.038144510820898647e-01,5.660704577386350689e-01,-4.470477960705878523e-02,-1.139745214376458371e+00,-1.027620618450915568e+00,-7.084892100813593163e-02,4.357320960889996542e-01,-3.965096271287457119e-01,2.653194478765017461e-01,-9.461026657580257071e-02,-9.085104629136706023e-02,1.360303517072362522e+00
8.440114633042977488e+00,2.431216754870188790e-01,-4.157057235589292077e-01,5.586264559130574847e-01,-5.904918985488861738e-01,5.928890440739469359e-01,-1.499976334122212762e-01,-1.016462090689746134e+00,-9.056980854814055126e-01,-1.558748130297367418e-01,4.542926641979772584e-01,-3.866454696641736799e-01,2.438837900958085725e-01,-7.744828694249963896e-02,-9.950553850280378920e-02,1.359086763569720802e+00
8.440795231659738107e+00,2.202272318782189930e-01,-3.809063580533979532e-01,5.199579302368952938e-01,-5.712362471264194053e-01,6.104207112468238439e-01,-2.520010399184981487e-01,-8.377422237103121505e-01,-7.326800766386593056e-01,-2.386078338743711502e-01,4.661190852593365963e-01,-3.726214963434254512e-01,2.205135926292372539e-01,-5.948943719602350216e-02,-1.083742332391111479e-01,1.357940025112768678e+00
8.441455183932127682e+00,1.972778004325669576e-01,-3.451379444316565737e-01,4.784810113084630445e-01,-5.456052462038755158e-01,6.172718662789361543e-01,-3.469905307976554054e-01,-6.036542764767930391e-01,-5.090224397857540106e-01,-3.160083138567858496e-01,4.700316418387034401e-01,-3.540026195615052496e-01,1.950626116051404069e-01,-4.066921829798735705e-02,-1.174832638706610477e-01,1.356872156856040013e+00
8.442094422633568129e+00,1.742734195900793315e-01,-3.083858477131513065e-01,4.341075242585581972e-01,-5.131350642994546574e-01,6.119343240862751276e-01,-4.305257956565011757e-01,-3.186828556031409687e-01,-2.394056678892437229e-01,-3.843558053656415119e-01,4.646935818889263436e-01,-3.302981931640256996e-01,1.673611423688962929e-01,-2.091049023104415636e-02,-1.268646008947636183e-01,1.355894042961477197e+00
8.442712880386924468e+00,1.512141287112174770e-01,-2.706352378818173698e-01,3.867472899736721370e-01,-4.733394274105755528e-01,5.927781353249613749e-01,-4.973552802267657835e-01,6.194532695005992851e-03,6.530087465667867852e-02,-4.391200422512132606e-01,4.485822000916311336e-01,-3.009497077093322703e-01,1.372097706898770808e-01,-1.199155351342197530e-04,-1.365577420319959712e-01,1.355019188245965456e+00
8.443310489664215268e+00,1.280999680817612729e-01,-2.318710874472622863e-01,3.363080868539459201e-01,-4.257087266451241581e-01,5.580440317859440835e-01,-5.413099923230592081e-01,3.506851204197692917e-01,3.853720112233658401e-01,-4.748037774548319323e-01,4.199522764815141751e-01,-2.653148940376111042e-01,1.043712074938768913e-01,2.181670020695470127e-02,-1.466119299926385844e-01,1.354264494882572611e+00
8.443887182786323109e+00,1.049309789176965380e-01,-1.920781689773740364e-01,2.826956119262823419e-01,-3.697090941150820709e-01,5.058354710070877003e-01,-5.551853935438050280e-01,6.813663456909500038e-01,6.886247378492125204e-01,-4.847500524178657844e-01,3.767895423883497741e-01,-2.226471102768518007e-01,6.855960039221309366e-02,4.504052108286459716e-02,-1.570890657061257967e-01,1.353651283029683183e+00
8.444442891922722794e+00,8.170720337012724044e-02,-1.512410526020628587e-01,2.258134413028237697e-01,-3.047814460418365456e-01,4.341102609581541927e-01,-5.306101433622039121e-01,9.465529891187263178e-01,9.255740512033765466e-01,-4.609042388900831400e-01,3.167511087146621107e-01,-1.720685303199560312e-01,2.942652216714406258e-02,6.972770844094451637e-02,-1.680675382794123152e-01,1.353206633027341343e+00
8.444977549091184699e+00,5.842868453020642200e-02,-1.093441034878105400e-01,1.655629899748313760e-01,-2.303404919894055103e-01,3.406717448072230647e-01,-4.579003401871108991e-01,1.069415177652474958e+00,1.022941066910123320e+00,-3.935182935804955040e-01,2.370888235341290229e-01,-1.125351813256295214e-01,-1.345741810135257094e-02,9.609997201400934108e-02,-1.796472634216814135e-01,1.352965151530788779e+00
8.445491086157485228e+00,3.509546643407840394e-02,-6.637147928269714059e-02,1.018434709318590814e-01,-1.457737091077700164e-01,2.231595248948479160e-01,-3.258977701507113078e-01,9.387786039972920715e-01,8.749781621945355026e-01,-2.707808626685880848e-01,1.345502512292603425e-01,-4.279125803943005513e-02,-6.062673084751910718e-02,1.244384468836736285e-01,-1.919563149254872592e-01,1.352971296536442214e+00
8.445983434835129700e+00,1.170759406784865897e-02,-2.230712753161429029e-02,3.455185359603412526e-02,-5.044028023352052637e-02,7.903970412343470919e-02,-1.217905276901534023e-01,3.968567738828592262e-01,3.319050701977829254e-01,-7.835188260933412252e-02,5.250286936768684166e-03,3.869067450073444825e-02,-1.127527999583901319e-01,1.551019536779251196e-01,-2.051596561079392367e-01,1.353282439180092167e+00
