R,LDG,LDGQ,LDP,LDPQ,WD
0.0001,2.63E-04,3.69E-05,1.15E-02,4.56E-05,3.95E-05
0.0003,2.36E-04,1.35E-05,1.15E-02,3.37E-05,2.32E-05
0.0005,2.30E-04,8.00E-06,1.14E-02,4.14E-05,2.48E-05
0.0007,2.27E-04,5.68E-06,1.14E-02,5.24E-05,2.96E-05
0.0009,2.25E-04,4.41E-06,1.13E-02,6.44E-05,3.53E-05
0.0011,2.25E-04,3.61E-06,1.13E-02,7.69E-05,4.15E-05
0.0013,2.24E-04,3.05E-06,1.13E-02,8.96E-05,4.78E-05
0.0015,2.23E-04,2.64E-06,1.12E-02,1.02E-04,5.43E-05
0.0017,2.23E-04,2.33E-06,1.12E-02,1.15E-04,6.08E-05
0.0019,2.23E-04,2.09E-06,1.11E-02,1.28E-04,6.73E-05
0.0021,2.23E-04,1.89E-06,1.11E-02,1.41E-04,7.39E-05
0.0023,2.22E-04,1.72E-06,1.11E-02,1.54E-04,8.05E-05
0.0025,2.22E-04,1.59E-06,1.10E-02,1.67E-04,8.71E-05
0.0027,2.22E-04,1.47E-06,1.10E-02,1.80E-04,9.36E-05
0.0029,2.22E-04,1.37E-06,1.10E-02,1.93E-04,1.00E-04
0.0031,2.22E-04,1.28E-06,1.09E-02,2.06E-04,1.07E-04
0.0033,2.22E-04,1.21E-06,1.09E-02,2.19E-04,1.13E-04
0.0035,2.22E-04,1.14E-06,1.09E-02,2.32E-04,1.20E-04
0.0037,2.21E-04,1.08E-06,1.08E-02,2.45E-04,1.26E-04
0.0039,2.21E-04,1.02E-06,1.08E-02,2.58E-04,1.33E-04
0.0041,2.21E-04,9.74E-07,1.08E-02,2.71E-04,1.39E-04
0.0043,2.21E-04,9.30E-07,1.07E-02,2.83E-04,1.45E-04
0.0045,2.21E-04,8.90E-07,1.07E-02,2.96E-04,1.52E-04
0.0047,2.21E-04,8.53E-07,1.07E-02,3.09E-04,1.58E-04
0.0049,2.21E-04,8.20E-07,1.06E-02,3.22E-04,1.65E-04
0.0051,2.21E-04,7.89E-07,1.06E-02,3.35E-04,1.71E-04
0.0053,2.21E-04,7.61E-07,1.06E-02,3.47E-04,1.77E-04
0.0055,2.21E-04,7.34E-07,1.05E-02,3.60E-04,1.83E-04
0.0057,2.21E-04,7.10E-07,1.05E-02,3.73E-04,1.90E-04
0.0059,2.21E-04,6.87E-07,1.05E-02,3.85E-04,1.96E-04
0.0061,2.21E-04,6.66E-07,1.04E-02,3.98E-04,2.02E-04
0.0063,2.20E-04,6.47E-07,1.04E-02,4.11E-04,2.08E-04
0.0065,2.20E-04,6.29E-07,1.04E-02,4.23E-04,2.14E-04
0.0067,2.20E-04,6.12E-07,1.03E-02,4.36E-04,2.21E-04
0.0069,2.20E-04,5.96E-07,1.03E-02,4.48E-04,2.27E-04
0.0071,2.20E-04,5.81E-07,1.03E-02,4.61E-04,2.33E-04
0.0073,2.20E-04,5.66E-07,1.02E-02,4.73E-04,2.39E-04
0.0075,2.20E-04,5.53E-07,1.02E-02,4.86E-04,2.45E-04
0.0077,2.20E-04,5.41E-07,1.02E-02,4.98E-04,2.51E-04
0.0079,2.20E-04,5.29E-07,1.02E-02,5.10E-04,2.57E-04
0.0081,2.20E-04,5.18E-07,1.01E-02,5.23E-04,2.63E-04
0.0083,2.20E-04,5.08E-07,1.01E-02,5.35E-04,2.69E-04
0.0085,2.20E-04,4.98E-07,1.01E-02,5.47E-04,2.75E-04
0.0087,2.20E-04,4.88E-07,1.00E-02,5.60E-04,2.80E-04
0.0089,2.20E-04,4.80E-07,1.00E-02,5.72E-04,2.86E-04
0.0091,2.19E-04,4.71E-07,9.97E-03,5.84E-04,2.92E-04
0.0093,2.19E-04,4.64E-07,9.94E-03,5.96E-04,2.98E-04
0.0095,2.19E-04,4.56E-07,9.91E-03,6.08E-04,3.04E-04
0.0097,2.19E-04,4.49E-07,9.88E-03,6.20E-04,3.09E-04
0.0099,2.19E-04,4.43E-07,9.86E-03,6.32E-04,3.15E-04
0.0101,2.19E-04,4.37E-07,9.83E-03,6.44E-04,3.21E-04
0.0103,2.19E-04,4.31E-07,9.80E-03,6.56E-04,3.27E-04
0.0105,2.19E-04,4.25E-07,9.77E-03,6.68E-04,3.32E-04
0.0107,2.19E-04,4.20E-07,9.74E-03,6.80E-04,3.38E-04
0.0109,2.19E-04,4.15E-07,9.71E-03,6.92E-04,3.43E-04
0.0111,2.19E-04,4.10E-07,9.68E-03,7.04E-04,3.49E-04
0.0113,2.19E-04,4.06E-07,9.66E-03,7.15E-04,3.55E-04
0.0115,2.19E-04,4.02E-07,9.63E-03,7.27E-04,3.60E-04
0.0117,2.18E-04,3.98E-07,9.60E-03,7.39E-04,3.66E-04
0.0119,2.18E-04,3.95E-07,9.57E-03,7.50E-04,3.71E-04
0.0121,2.18E-04,3.91E-07,9.55E-03,7.62E-04,3.77E-04
0.0123,2.18E-04,3.88E-07,9.52E-03,7.74E-04,3.82E-04
0.0125,2.18E-04,3.85E-07,9.49E-03,7.85E-04,3.87E-04
0.0127,2.18E-04,3.83E-07,9.46E-03,7.97E-04,3.93E-04
0.0129,2.18E-04,3.80E-07,9.44E-03,8.08E-04,3.98E-04
0.0131,2.18E-04,3.78E-07,9.41E-03,8.19E-04,4.04E-04
0.0133,2.18E-04,3.76E-07,9.38E-03,8.31E-04,4.09E-04
0.0135,2.18E-04,3.74E-07,9.36E-03,8.42E-04,4.14E-04
0.0137,2.18E-04,3.72E-07,9.33E-03,8.53E-04,4.19E-04
0.0139,2.17E-04,3.70E-07,9.30E-03,8.65E-04,4.25E-04
0.0141,2.17E-04,3.69E-07,9.28E-03,8.76E-04,4.30E-04
0.0143,2.17E-04,3.68E-07,9.25E-03,8.87E-04,4.35E-04
0.0145,2.17E-04,3.67E-07,9.22E-03,8.98E-04,4.40E-04
0.0147,2.17E-04,3.66E-07,9.20E-03,9.09E-04,4.45E-04
0.0149,2.17E-04,3.65E-07,9.17E-03,9.20E-04,4.51E-04
0.0151,2.17E-04,3.64E-07,9.14E-03,9.31E-04,4.56E-04
0.0153,2.17E-04,3.64E-07,9.12E-03,9.42E-04,4.61E-04
0.0155,2.17E-04,3.63E-07,9.09E-03,9.53E-04,4.66E-04
0.0157,2.16E-04,3.63E-07,9.07E-03,9.64E-04,4.71E-04
0.0159,2.16E-04,3.63E-07,9.04E-03,9.75E-04,4.76E-04
0.0161,2.16E-04,3.63E-07,9.02E-03,9.85E-04,4.81E-04
0.0163,2.16E-04,3.63E-07,8.99E-03,9.96E-04,4.86E-04
0.0165,2.16E-04,3.64E-07,8.97E-03,1.01E-03,4.91E-04
0.0167,2.16E-04,3.64E-07,8.94E-03,1.02E-03,4.96E-04
0.0169,2.16E-04,3.65E-07,8.92E-03,1.03E-03,5.01E-04
0.0171,2.16E-04,3.65E-07,8.89E-03,1.04E-03,5.06E-04
0.0173,2.16E-04,3.66E-07,8.87E-03,1.05E-03,5.10E-04
0.0175,2.15E-04,3.67E-07,8.84E-03,1.06E-03,5.15E-04
0.0177,2.15E-04,3.68E-07,8.82E-03,1.07E-03,5.20E-04
0.0179,2.15E-04,3.69E-07,8.79E-03,1.08E-03,5.25E-04
0.0181,2.15E-04,3.70E-07,8.77E-03,1.09E-03,5.30E-04
0.0183,2.15E-04,3.72E-07,8.74E-03,1.10E-03,5.34E-04
0.0185,2.15E-04,3.73E-07,8.72E-03,1.11E-03,5.39E-04
0.0187,2.15E-04,3.75E-07,8.69E-03,1.12E-03,5.44E-04
0.0189,2.15E-04,3.76E-07,8.67E-03,1.13E-03,5.49E-04
0.0191,2.14E-04,3.78E-07,8.65E-03,1.14E-03,5.53E-04
0.0193,2.14E-04,3.80E-07,8.62E-03,1.15E-03,5.58E-04
0.0195,2.14E-04,3.82E-07,8.60E-03,1.16E-03,5.63E-04
0.0197,2.14E-04,3.84E-07,8.57E-03,1.17E-03,5.67E-04
0.0199,2.14E-04,3.86E-07,8.55E-03,1.18E-03,5.72E-04
0.0201,2.14E-04,3.88E-07,8.53E-03,1.19E-03,5.76E-04
0.0203,2.14E-04,3.91E-07,8.50E-03,1.20E-03,5.81E-04
0.0205,2.14E-04,3.93E-07,8.48E-03,1.21E-03,5.85E-04
0.0207,2.13E-04,3.96E-07,8.46E-03,1.22E-03,5.90E-04
0.0209,2.13E-04,3.98E-07,8.43E-03,1.23E-03,5.94E-04
0.0211,2.13E-04,4.01E-07,8.41E-03,1.24E-03,5.99E-04
0.0213,2.13E-04,4.04E-07,8.39E-03,1.25E-03,6.03E-04
0.0215,2.13E-04,4.07E-07,8.36E-03,1.26E-03,6.08E-04
0.0217,2.13E-04,4.10E-07,8.34E-03,1.27E-03,6.12E-04
0.0219,2.13E-04,4.13E-07,8.32E-03,1.28E-03,6.16E-04
0.0221,2.12E-04,4.16E-07,8.30E-03,1.29E-03,6.21E-04
0.0223,2.12E-04,4.19E-07,8.27E-03,1.30E-03,6.25E-04
0.0225,2.12E-04,4.23E-07,8.25E-03,1.31E-03,6.29E-04
0.0227,2.12E-04,4.26E-07,8.23E-03,1.32E-03,6.34E-04
0.0229,2.12E-04,4.29E-07,8.21E-03,1.32E-03,6.38E-04
0.0231,2.12E-04,4.33E-07,8.18E-03,1.33E-03,6.42E-04
0.0233,2.11E-04,4.37E-07,8.16E-03,1.34E-03,6.46E-04
0.0235,2.11E-04,4.40E-07,8.14E-03,1.35E-03,6.51E-04
0.0237,2.11E-04,4.44E-07,8.12E-03,1.36E-03,6.55E-04
0.0239,2.11E-04,4.48E-07,8.09E-03,1.37E-03,6.59E-04
0.0241,2.11E-04,4.52E-07,8.07E-03,1.38E-03,6.63E-04
0.0243,2.11E-04,4.56E-07,8.05E-03,1.39E-03,6.67E-04
0.0245,2.11E-04,4.60E-07,8.03E-03,1.40E-03,6.71E-04
0.0247,2.10E-04,4.64E-07,8.01E-03,1.41E-03,6.75E-04
0.0249,2.10E-04,4.69E-07,7.99E-03,1.41E-03,6.79E-04
0.0251,2.10E-04,4.73E-07,7.96E-03,1.42E-03,6.83E-04
0.0253,2.10E-04,4.77E-07,7.94E-03,1.43E-03,6.87E-04
0.0255,2.10E-04,4.82E-07,7.92E-03,1.44E-03,6.91E-04
0.0257,2.10E-04,4.86E-07,7.90E-03,1.45E-03,6.95E-04
0.0259,2.09E-04,4.91E-07,7.88E-03,1.46E-03,6.99E-04
0.0261,2.09E-04,4.96E-07,7.86E-03,1.47E-03,7.03E-04
0.0263,2.09E-04,5.01E-07,7.84E-03,1.47E-03,7.07E-04
0.0265,2.09E-04,5.05E-07,7.81E-03,1.48E-03,7.11E-04
0.0267,2.09E-04,5.10E-07,7.79E-03,1.49E-03,7.15E-04
0.0269,2.09E-04,5.15E-07,7.77E-03,1.50E-03,7.19E-04
0.0271,2.08E-04,5.20E-07,7.75E-03,1.51E-03,7.23E-04
0.0273,2.08E-04,5.26E-07,7.73E-03,1.52E-03,7.27E-04
0.0275,2.08E-04,5.31E-07,7.71E-03,1.52E-03,7.30E-04
0.0277,2.08E-04,5.36E-07,7.69E-03,1.53E-03,7.34E-04
0.0279,2.08E-04,5.41E-07,7.67E-03,1.54E-03,7.38E-04
0.0281,2.08E-04,5.47E-07,7.65E-03,1.55E-03,7.42E-04
0.0283,2.07E-04,5.52E-07,7.63E-03,1.56E-03,7.45E-04
0.0285,2.07E-04,5.58E-07,7.61E-03,1.56E-03,7.49E-04
0.0287,2.07E-04,5.64E-07,7.59E-03,1.57E-03,7.53E-04
0.0289,2.07E-04,5.69E-07,7.57E-03,1.58E-03,7.56E-04
0.0291,2.07E-04,5.75E-07,7.55E-03,1.59E-03,7.60E-04
0.0293,2.06E-04,5.81E-07,7.53E-03,1.60E-03,7.64E-04
0.0295,2.06E-04,5.87E-07,7.51E-03,1.60E-03,7.67E-04
0.0297,2.06E-04,5.93E-07,7.49E-03,1.61E-03,7.71E-04
0.0299,2.06E-04,5.99E-07,7.47E-03,1.62E-03,7.74E-04
0.0301,2.06E-04,6.05E-07,7.45E-03,1.63E-03,7.78E-04
0.0303,2.06E-04,6.11E-07,7.43E-03,1.63E-03,7.81E-04
0.0305,2.05E-04,6.17E-07,7.41E-03,1.64E-03,7.85E-04
0.0307,2.05E-04,6.24E-07,7.39E-03,1.65E-03,7.88E-04
0.0309,2.05E-04,6.30E-07,7.37E-03,1.66E-03,7.92E-04
0.0311,2.05E-04,6.36E-07,7.35E-03,1.66E-03,7.95E-04
0.0313,2.05E-04,6.43E-07,7.33E-03,1.67E-03,7.99E-04
0.0315,2.04E-04,6.49E-07,7.31E-03,1.68E-03,8.02E-04
0.0317,2.04E-04,6.56E-07,7.29E-03,1.68E-03,8.06E-04
0.0319,2.04E-04,6.63E-07,7.27E-03,1.69E-03,8.09E-04
0.0321,2.04E-04,6.70E-07,7.25E-03,1.70E-03,8.12E-04
0.0323,2.04E-04,6.76E-07,7.23E-03,1.71E-03,8.16E-04
0.0325,2.03E-04,6.83E-07,7.21E-03,1.71E-03,8.19E-04
0.0327,2.03E-04,6.90E-07,7.19E-03,1.72E-03,8.22E-04
0.0329,2.03E-04,6.97E-07,7.18E-03,1.73E-03,8.26E-04
0.0331,2.03E-04,7.04E-07,7.16E-03,1.73E-03,8.29E-04
0.0333,2.03E-04,7.11E-07,7.14E-03,1.74E-03,8.32E-04
0.0335,2.02E-04,7.19E-07,7.12E-03,1.75E-03,8.35E-04
0.0337,2.02E-04,7.26E-07,7.10E-03,1.75E-03,8.39E-04
0.0339,2.02E-04,7.33E-07,7.08E-03,1.76E-03,8.42E-04
0.0341,2.02E-04,7.41E-07,7.06E-03,1.77E-03,8.45E-04
0.0343,2.02E-04,7.48E-07,7.04E-03,1.77E-03,8.48E-04
0.0345,2.01E-04,7.56E-07,7.03E-03,1.78E-03,8.51E-04
0.0347,2.01E-04,7.63E-07,7.01E-03,1.79E-03,8.54E-04
0.0349,2.01E-04,7.71E-07,6.99E-03,1.79E-03,8.57E-04
0.0351,2.01E-04,7.79E-07,6.97E-03,1.80E-03,8.61E-04
0.0353,2.01E-04,7.86E-07,6.95E-03,1.81E-03,8.64E-04
0.0355,2.00E-04,7.94E-07,6.93E-03,1.81E-03,8.67E-04
0.0357,2.00E-04,8.02E-07,6.92E-03,1.82E-03,8.70E-04
0.0359,2.00E-04,8.10E-07,6.90E-03,1.83E-03,8.73E-04
0.0361,2.00E-04,8.18E-07,6.88E-03,1.83E-03,8.76E-04
0.0363,2.00E-04,8.26E-07,6.86E-03,1.84E-03,8.79E-04
0.0365,1.99E-04,8.34E-07,6.84E-03,1.84E-03,8.82E-04
0.0367,1.99E-04,8.43E-07,6.83E-03,1.85E-03,8.85E-04
0.0369,1.99E-04,8.51E-07,6.81E-03,1.86E-03,8.88E-04
0.0371,1.99E-04,8.59E-07,6.79E-03,1.86E-03,8.90E-04
0.0373,1.99E-04,8.68E-07,6.77E-03,1.87E-03,8.93E-04
0.0375,1.98E-04,8.76E-07,6.75E-03,1.87E-03,8.96E-04
0.0377,1.98E-04,8.85E-07,6.74E-03,1.88E-03,8.99E-04
0.0379,1.98E-04,8.93E-07,6.72E-03,1.89E-03,9.02E-04
0.0381,1.98E-04,9.02E-07,6.70E-03,1.89E-03,9.05E-04
0.0383,1.97E-04,9.11E-07,6.68E-03,1.90E-03,9.08E-04
0.0385,1.97E-04,9.19E-07,6.67E-03,1.90E-03,9.10E-04
0.0387,1.97E-04,9.28E-07,6.65E-03,1.91E-03,9.13E-04
0.0389,1.97E-04,9.37E-07,6.63E-03,1.91E-03,9.16E-04
0.0391,1.97E-04,9.46E-07,6.62E-03,1.92E-03,9.19E-04
0.0393,1.96E-04,9.55E-07,6.60E-03,1.93E-03,9.21E-04
0.0395,1.96E-04,9.64E-07,6.58E-03,1.93E-03,9.24E-04
0.0397,1.96E-04,9.73E-07,6.56E-03,1.94E-03,9.27E-04
0.0399,1.96E-04,9.83E-07,6.55E-03,1.94E-03,9.29E-04
0.0401,1.95E-04,9.92E-07,6.53E-03,1.95E-03,9.32E-04
0.0403,1.95E-04,1.00E-06,6.51E-03,1.95E-03,9.35E-04
0.0405,1.95E-04,1.01E-06,6.50E-03,1.96E-03,9.37E-04
0.0407,1.95E-04,1.02E-06,6.48E-03,1.96E-03,9.40E-04
0.0409,1.95E-04,1.03E-06,6.46E-03,1.97E-03,9.42E-04
0.0411,1.94E-04,1.04E-06,6.45E-03,1.97E-03,9.45E-04
0.0413,1.94E-04,1.05E-06,6.43E-03,1.98E-03,9.48E-04
0.0415,1.94E-04,1.06E-06,6.41E-03,1.98E-03,9.50E-04
0.0417,1.94E-04,1.07E-06,6.40E-03,1.99E-03,9.53E-04
0.0419,1.93E-04,1.08E-06,6.38E-03,1.99E-03,9.55E-04
0.0421,1.93E-04,1.09E-06,6.36E-03,2.00E-03,9.58E-04
0.0423,1.93E-04,1.10E-06,6.35E-03,2.00E-03,9.60E-04
0.0425,1.93E-04,1.11E-06,6.33E-03,2.01E-03,9.63E-04
0.0427,1.92E-04,1.12E-06,6.31E-03,2.01E-03,9.65E-04
0.0429,1.92E-04,1.13E-06,6.30E-03,2.02E-03,9.67E-04
0.0431,1.92E-04,1.14E-06,6.28E-03,2.02E-03,9.70E-04
0.0433,1.92E-04,1.15E-06,6.27E-03,2.03E-03,9.72E-04
0.0435,1.91E-04,1.16E-06,6.25E-03,2.03E-03,9.75E-04
0.0437,1.91E-04,1.17E-06,6.23E-03,2.04E-03,9.77E-04
0.0439,1.91E-04,1.18E-06,6.22E-03,2.04E-03,9.79E-04
0.0441,1.91E-04,1.19E-06,6.20E-03,2.05E-03,9.82E-04
0.0443,1.91E-04,1.20E-06,6.19E-03,2.05E-03,9.84E-04
0.0445,1.90E-04,1.21E-06,6.17E-03,2.05E-03,9.86E-04
0.0447,1.90E-04,1.22E-06,6.15E-03,2.06E-03,9.88E-04
0.0449,1.90E-04,1.23E-06,6.14E-03,2.06E-03,9.91E-04
0.0451,1.90E-04,1.24E-06,6.12E-03,2.07E-03,9.93E-04
0.0453,1.89E-04,1.25E-06,6.11E-03,2.07E-03,9.95E-04
0.0455,1.89E-04,1.27E-06,6.09E-03,2.08E-03,9.97E-04
0.0457,1.89E-04,1.28E-06,6.08E-03,2.08E-03,1.00E-03
0.0459,1.89E-04,1.29E-06,6.06E-03,2.08E-03,1.00E-03
0.0461,1.88E-04,1.30E-06,6.05E-03,2.09E-03,1.00E-03
0.0463,1.88E-04,1.31E-06,6.03E-03,2.09E-03,1.01E-03
0.0465,1.88E-04,1.32E-06,6.01E-03,2.10E-03,1.01E-03
0.0467,1.88E-04,1.33E-06,6.00E-03,2.10E-03,1.01E-03
0.0469,1.87E-04,1.34E-06,5.98E-03,2.11E-03,1.01E-03
0.0471,1.87E-04,1.35E-06,5.97E-03,2.11E-03,1.01E-03
0.0473,1.87E-04,1.37E-06,5.95E-03,2.11E-03,1.02E-03
0.0475,1.87E-04,1.38E-06,5.94E-03,2.12E-03,1.02E-03
0.0477,1.86E-04,1.39E-06,5.92E-03,2.12E-03,1.02E-03
0.0479,1.86E-04,1.40E-06,5.91E-03,2.12E-03,1.02E-03
0.0481,1.86E-04,1.41E-06,5.89E-03,2.13E-03,1.02E-03
0.0483,1.86E-04,1.42E-06,5.88E-03,2.13E-03,1.03E-03
0.0485,1.85E-04,1.44E-06,5.86E-03,2.14E-03,1.03E-03
0.0487,1.85E-04,1.45E-06,5.85E-03,2.14E-03,1.03E-03
0.0489,1.85E-04,1.46E-06,5.83E-03,2.14E-03,1.03E-03
0.0491,1.85E-04,1.47E-06,5.82E-03,2.15E-03,1.03E-03
0.0493,1.84E-04,1.48E-06,5.80E-03,2.15E-03,1.04E-03
0.0495,1.84E-04,1.50E-06,5.79E-03,2.15E-03,1.04E-03
0.0497,1.84E-04,1.51E-06,5.77E-03,2.16E-03,1.04E-03
0.0499,1.84E-04,1.52E-06,5.76E-03,2.16E-03,1.04E-03
0.0501,1.83E-04,1.53E-06,5.75E-03,2.16E-03,1.04E-03
0.0503,1.83E-04,1.54E-06,5.73E-03,2.17E-03,1.05E-03
0.0505,1.83E-04,1.56E-06,5.72E-03,2.17E-03,1.05E-03
0.0507,1.83E-04,1.57E-06,5.70E-03,2.17E-03,1.05E-03
0.0509,1.82E-04,1.58E-06,5.69E-03,2.18E-03,1.05E-03
0.0511,1.82E-04,1.59E-06,5.67E-03,2.18E-03,1.05E-03
0.0513,1.82E-04,1.61E-06,5.66E-03,2.18E-03,1.06E-03
0.0515,1.82E-04,1.62E-06,5.64E-03,2.19E-03,1.06E-03
0.0517,1.81E-04,1.63E-06,5.63E-03,2.19E-03,1.06E-03
0.0519,1.81E-04,1.65E-06,5.62E-03,2.19E-03,1.06E-03
0.0521,1.81E-04,1.66E-06,5.60E-03,2.20E-03,1.06E-03
0.0523,1.80E-04,1.67E-06,5.59E-03,2.20E-03,1.06E-03
0.0525,1.80E-04,1.68E-06,5.57E-03,2.20E-03,1.07E-03
0.0527,1.80E-04,1.70E-06,5.56E-03,2.21E-03,1.07E-03
0.0529,1.80E-04,1.71E-06,5.55E-03,2.21E-03,1.07E-03
0.0531,1.79E-04,1.72E-06,5.53E-03,2.21E-03,1.07E-03
0.0533,1.79E-04,1.74E-06,5.52E-03,2.21E-03,1.07E-03
0.0535,1.79E-04,1.75E-06,5.50E-03,2.22E-03,1.07E-03
0.0537,1.79E-04,1.76E-06,5.49E-03,2.22E-03,1.08E-03
0.0539,1.78E-04,1.78E-06,5.48E-03,2.22E-03,1.08E-03
0.0541,1.78E-04,1.79E-06,5.46E-03,2.23E-03,1.08E-03
0.0543,1.78E-04,1.80E-06,5.45E-03,2.23E-03,1.08E-03
0.0545,1.78E-04,1.82E-06,5.44E-03,2.23E-03,1.08E-03
0.0547,1.77E-04,1.83E-06,5.42E-03,2.23E-03,1.08E-03
0.0549,1.77E-04,1.85E-06,5.41E-03,2.24E-03,1.08E-03
0.0551,1.77E-04,1.86E-06,5.40E-03,2.24E-03,1.09E-03
0.0553,1.77E-04,1.87E-06,5.38E-03,2.24E-03,1.09E-03
0.0555,1.76E-04,1.89E-06,5.37E-03,2.24E-03,1.09E-03
0.0557,1.76E-04,1.90E-06,5.36E-03,2.25E-03,1.09E-03
0.0559,1.76E-04,1.91E-06,5.34E-03,2.25E-03,1.09E-03
0.0561,1.75E-04,1.93E-06,5.33E-03,2.25E-03,1.09E-03
0.0563,1.75E-04,1.94E-06,5.32E-03,2.25E-03,1.10E-03
0.0565,1.75E-04,1.96E-06,5.30E-03,2.25E-03,1.10E-03
0.0567,1.75E-04,1.97E-06,5.29E-03,2.26E-03,1.10E-03
0.0569,1.74E-04,1.99E-06,5.28E-03,2.26E-03,1.10E-03
0.0571,1.74E-04,2.00E-06,5.26E-03,2.26E-03,1.10E-03
0.0573,1.74E-04,2.01E-06,5.25E-03,2.26E-03,1.10E-03
0.0575,1.74E-04,2.03E-06,5.24E-03,2.27E-03,1.10E-03
0.0577,1.73E-04,2.04E-06,5.22E-03,2.27E-03,1.10E-03
0.0579,1.73E-04,2.06E-06,5.21E-03,2.27E-03,1.11E-03
0.0581,1.73E-04,2.07E-06,5.20E-03,2.27E-03,1.11E-03
0.0583,1.72E-04,2.09E-06,5.19E-03,2.27E-03,1.11E-03
0.0585,1.72E-04,2.10E-06,5.17E-03,2.28E-03,1.11E-03
0.0587,1.72E-04,2.12E-06,5.16E-03,2.28E-03,1.11E-03
0.0589,1.72E-04,2.13E-06,5.15E-03,2.28E-03,1.11E-03
0.0591,1.71E-04,2.15E-06,5.13E-03,2.28E-03,1.11E-03
0.0593,1.71E-04,2.16E-06,5.12E-03,2.28E-03,1.11E-03
0.0595,1.71E-04,2.18E-06,5.11E-03,2.29E-03,1.12E-03
0.0597,1.71E-04,2.19E-06,5.10E-03,2.29E-03,1.12E-03
0.0599,1.70E-04,2.21E-06,5.08E-03,2.29E-03,1.12E-03
0.0601,1.70E-04,2.22E-06,5.07E-03,2.29E-03,1.12E-03
0.0603,1.70E-04,2.24E-06,5.06E-03,2.29E-03,1.12E-03
0.0605,1.69E-04,2.25E-06,5.05E-03,2.29E-03,1.12E-03
0.0607,1.69E-04,2.27E-06,5.03E-03,2.30E-03,1.12E-03
0.0609,1.69E-04,2.29E-06,5.02E-03,2.30E-03,1.12E-03
0.0611,1.69E-04,2.30E-06,5.01E-03,2.30E-03,1.13E-03
0.0613,1.68E-04,2.32E-06,5.00E-03,2.30E-03,1.13E-03
0.0615,1.68E-04,2.33E-06,4.98E-03,2.30E-03,1.13E-03
0.0617,1.68E-04,2.35E-06,4.97E-03,2.30E-03,1.13E-03
0.0619,1.68E-04,2.36E-06,4.96E-03,2.31E-03,1.13E-03
0.0621,1.67E-04,2.38E-06,4.95E-03,2.31E-03,1.13E-03
0.0623,1.67E-04,2.40E-06,4.94E-03,2.31E-03,1.13E-03
0.0625,1.67E-04,2.41E-06,4.92E-03,2.31E-03,1.13E-03
0.0627,1.66E-04,2.43E-06,4.91E-03,2.31E-03,1.13E-03
0.0629,1.66E-04,2.44E-06,4.90E-03,2.31E-03,1.14E-03
0.0631,1.66E-04,2.46E-06,4.89E-03,2.31E-03,1.14E-03
0.0633,1.66E-04,2.48E-06,4.88E-03,2.32E-03,1.14E-03
0.0635,1.65E-04,2.49E-06,4.86E-03,2.32E-03,1.14E-03
0.0637,1.65E-04,2.51E-06,4.85E-03,2.32E-03,1.14E-03
0.0639,1.65E-04,2.53E-06,4.84E-03,2.32E-03,1.14E-03
0.0641,1.64E-04,2.54E-06,4.83E-03,2.32E-03,1.14E-03
0.0643,1.64E-04,2.56E-06,4.82E-03,2.32E-03,1.14E-03
0.0645,1.64E-04,2.58E-06,4.81E-03,2.32E-03,1.14E-03
0.0647,1.64E-04,2.59E-06,4.79E-03,2.32E-03,1.14E-03
0.0649,1.63E-04,2.61E-06,4.78E-03,2.32E-03,1.14E-03
0.0651,1.63E-04,2.63E-06,4.77E-03,2.33E-03,1.15E-03
0.0653,1.63E-04,2.64E-06,4.76E-03,2.33E-03,1.15E-03
0.0655,1.63E-04,2.66E-06,4.75E-03,2.33E-03,1.15E-03
0.0657,1.62E-04,2.68E-06,4.74E-03,2.33E-03,1.15E-03
0.0659,1.62E-04,2.69E-06,4.72E-03,2.33E-03,1.15E-03
0.0661,1.62E-04,2.71E-06,4.71E-03,2.33E-03,1.15E-03
0.0663,1.61E-04,2.73E-06,4.70E-03,2.33E-03,1.15E-03
0.0665,1.61E-04,2.75E-06,4.69E-03,2.33E-03,1.15E-03
0.0667,1.61E-04,2.76E-06,4.68E-03,2.33E-03,1.15E-03
0.0669,1.61E-04,2.78E-06,4.67E-03,2.33E-03,1.15E-03
0.0671,1.60E-04,2.80E-06,4.66E-03,2.33E-03,1.15E-03
0.0673,1.60E-04,2.82E-06,4.65E-03,2.34E-03,1.15E-03
0.0675,1.60E-04,2.83E-06,4.63E-03,2.34E-03,1.16E-03
0.0677,1.59E-04,2.85E-06,4.62E-03,2.34E-03,1.16E-03
0.0679,1.59E-04,2.87E-06,4.61E-03,2.34E-03,1.16E-03
0.0681,1.59E-04,2.89E-06,4.60E-03,2.34E-03,1.16E-03
0.0683,1.59E-04,2.90E-06,4.59E-03,2.34E-03,1.16E-03
0.0685,1.58E-04,2.92E-06,4.58E-03,2.34E-03,1.16E-03
0.0687,1.58E-04,2.94E-06,4.57E-03,2.34E-03,1.16E-03
0.0689,1.58E-04,2.96E-06,4.56E-03,2.34E-03,1.16E-03
0.0691,1.57E-04,2.98E-06,4.55E-03,2.34E-03,1.16E-03
0.0693,1.57E-04,2.99E-06,4.54E-03,2.34E-03,1.16E-03
0.0695,1.57E-04,3.01E-06,4.52E-03,2.34E-03,1.16E-03
0.0697,1.57E-04,3.03E-06,4.51E-03,2.34E-03,1.16E-03
0.0699,1.56E-04,3.05E-06,4.50E-03,2.34E-03,1.16E-03
0.0701,1.56E-04,3.07E-06,4.49E-03,2.34E-03,1.16E-03
0.0703,1.56E-04,3.09E-06,4.48E-03,2.34E-03,1.16E-03
0.0705,1.55E-04,3.10E-06,4.47E-03,2.34E-03,1.16E-03
0.0707,1.55E-04,3.12E-06,4.46E-03,2.34E-03,1.17E-03
0.0709,1.55E-04,3.14E-06,4.45E-03,2.34E-03,1.17E-03
0.0711,1.55E-04,3.16E-06,4.44E-03,2.35E-03,1.17E-03
0.0713,1.54E-04,3.18E-06,4.43E-03,2.35E-03,1.17E-03
0.0715,1.54E-04,3.20E-06,4.42E-03,2.35E-03,1.17E-03
0.0717,1.54E-04,3.22E-06,4.41E-03,2.35E-03,1.17E-03
0.0719,1.53E-04,3.24E-06,4.40E-03,2.35E-03,1.17E-03
0.0721,1.53E-04,3.26E-06,4.39E-03,2.35E-03,1.17E-03
0.0723,1.53E-04,3.27E-06,4.38E-03,2.35E-03,1.17E-03
0.0725,1.53E-04,3.29E-06,4.37E-03,2.35E-03,1.17E-03
0.0727,1.52E-04,3.31E-06,4.36E-03,2.35E-03,1.17E-03
0.0729,1.52E-04,3.33E-06,4.35E-03,2.35E-03,1.17E-03
0.0731,1.52E-04,3.35E-06,4.34E-03,2.35E-03,1.17E-03
0.0733,1.51E-04,3.37E-06,4.32E-03,2.35E-03,1.17E-03
0.0735,1.51E-04,3.39E-06,4.31E-03,2.35E-03,1.17E-03
0.0737,1.51E-04,3.41E-06,4.30E-03,2.35E-03,1.17E-03
0.0739,1.51E-04,3.43E-06,4.29E-03,2.35E-03,1.17E-03
0.0741,1.50E-04,3.45E-06,4.28E-03,2.35E-03,1.17E-03
0.0743,1.50E-04,3.47E-06,4.27E-03,2.35E-03,1.17E-03
0.0745,1.50E-04,3.49E-06,4.26E-03,2.35E-03,1.17E-03
0.0747,1.50E-04,3.51E-06,4.25E-03,2.35E-03,1.17E-03
0.0749,1.49E-04,3.53E-06,4.24E-03,2.35E-03,1.17E-03
0.0751,1.49E-04,3.55E-06,4.23E-03,2.35E-03,1.18E-03
0.0753,1.49E-04,3.57E-06,4.22E-03,2.35E-03,1.18E-03
0.0755,1.48E-04,3.59E-06,4.21E-03,2.35E-03,1.18E-03
0.0757,1.48E-04,3.61E-06,4.20E-03,2.35E-03,1.18E-03
0.0759,1.48E-04,3.63E-06,4.19E-03,2.35E-03,1.18E-03
0.0761,1.48E-04,3.65E-06,4.19E-03,2.35E-03,1.18E-03
0.0763,1.47E-04,3.67E-06,4.18E-03,2.35E-03,1.18E-03
0.0765,1.47E-04,3.69E-06,4.17E-03,2.34E-03,1.18E-03
0.0767,1.47E-04,3.71E-06,4.16E-03,2.34E-03,1.18E-03
0.0769,1.46E-04,3.73E-06,4.15E-03,2.34E-03,1.18E-03
0.0771,1.46E-04,3.75E-06,4.14E-03,2.34E-03,1.18E-03
0.0773,1.46E-04,3.77E-06,4.13E-03,2.34E-03,1.18E-03
0.0775,1.46E-04,3.79E-06,4.12E-03,2.34E-03,1.18E-03
0.0777,1.45E-04,3.81E-06,4.11E-03,2.34E-03,1.18E-03
0.0779,1.45E-04,3.83E-06,4.10E-03,2.34E-03,1.18E-03
0.0781,1.45E-04,3.86E-06,4.09E-03,2.34E-03,1.18E-03
0.0783,1.44E-04,3.88E-06,4.08E-03,2.34E-03,1.18E-03
0.0785,1.44E-04,3.90E-06,4.07E-03,2.34E-03,1.18E-03
0.0787,1.44E-04,3.92E-06,4.06E-03,2.34E-03,1.18E-03
0.0789,1.44E-04,3.94E-06,4.05E-03,2.34E-03,1.18E-03
0.0791,1.43E-04,3.96E-06,4.04E-03,2.34E-03,1.18E-03
0.0793,1.43E-04,3.98E-06,4.03E-03,2.34E-03,1.18E-03
0.0795,1.43E-04,4.00E-06,4.02E-03,2.34E-03,1.18E-03
0.0797,1.42E-04,4.03E-06,4.01E-03,2.34E-03,1.18E-03
0.0799,1.42E-04,4.05E-06,4.00E-03,2.34E-03,1.18E-03
0.0801,1.42E-04,4.07E-06,4.00E-03,2.34E-03,1.18E-03
0.0803,1.42E-04,4.09E-06,3.99E-03,2.34E-03,1.18E-03
0.0805,1.41E-04,4.11E-06,3.98E-03,2.33E-03,1.18E-03
0.0807,1.41E-04,4.13E-06,3.97E-03,2.33E-03,1.18E-03
0.0809,1.41E-04,4.16E-06,3.96E-03,2.33E-03,1.18E-03
0.0811,1.40E-04,4.18E-06,3.95E-03,2.33E-03,1.18E-03
0.0813,1.40E-04,4.20E-06,3.94E-03,2.33E-03,1.18E-03
0.0815,1.40E-04,4.22E-06,3.93E-03,2.33E-03,1.18E-03
0.0817,1.40E-04,4.24E-06,3.92E-03,2.33E-03,1.18E-03
0.0819,1.39E-04,4.27E-06,3.91E-03,2.33E-03,1.18E-03
0.0821,1.39E-04,4.29E-06,3.91E-03,2.33E-03,1.18E-03
0.0823,1.39E-04,4.31E-06,3.90E-03,2.33E-03,1.18E-03
0.0825,1.39E-04,4.33E-06,3.89E-03,2.33E-03,1.18E-03
0.0827,1.38E-04,4.35E-06,3.88E-03,2.33E-03,1.18E-03
0.0829,1.38E-04,4.38E-06,3.87E-03,2.33E-03,1.18E-03
0.0831,1.38E-04,4.40E-06,3.86E-03,2.32E-03,1.18E-03
0.0833,1.37E-04,4.42E-06,3.85E-03,2.32E-03,1.18E-03
0.0835,1.37E-04,4.45E-06,3.84E-03,2.32E-03,1.18E-03
0.0837,1.37E-04,4.47E-06,3.84E-03,2.32E-03,1.18E-03
0.0839,1.37E-04,4.49E-06,3.83E-03,2.32E-03,1.18E-03
0.0841,1.36E-04,4.51E-06,3.82E-03,2.32E-03,1.18E-03
0.0843,1.36E-04,4.54E-06,3.81E-03,2.32E-03,1.18E-03
0.0845,1.36E-04,4.56E-06,3.80E-03,2.32E-03,1.18E-03
0.0847,1.35E-04,4.58E-06,3.79E-03,2.32E-03,1.18E-03
0.0849,1.35E-04,4.61E-06,3.78E-03,2.32E-03,1.18E-03
0.0851,1.35E-04,4.63E-06,3.78E-03,2.31E-03,1.18E-03
0.0853,1.35E-04,4.65E-06,3.77E-03,2.31E-03,1.18E-03
0.0855,1.34E-04,4.68E-06,3.76E-03,2.31E-03,1.18E-03
0.0857,1.34E-04,4.70E-06,3.75E-03,2.31E-03,1.18E-03
0.0859,1.34E-04,4.72E-06,3.74E-03,2.31E-03,1.18E-03
0.0861,1.34E-04,4.75E-06,3.73E-03,2.31E-03,1.18E-03
0.0863,1.33E-04,4.77E-06,3.72E-03,2.31E-03,1.18E-03
0.0865,1.33E-04,4.79E-06,3.72E-03,2.31E-03,1.18E-03
0.0867,1.33E-04,4.82E-06,3.71E-03,2.31E-03,1.18E-03
0.0869,1.32E-04,4.84E-06,3.70E-03,2.30E-03,1.18E-03
0.0871,1.32E-04,4.86E-06,3.69E-03,2.30E-03,1.18E-03
0.0873,1.32E-04,4.89E-06,3.68E-03,2.30E-03,1.18E-03
0.0875,1.32E-04,4.91E-06,3.68E-03,2.30E-03,1.18E-03
0.0877,1.31E-04,4.94E-06,3.67E-03,2.30E-03,1.18E-03
0.0879,1.31E-04,4.96E-06,3.66E-03,2.30E-03,1.18E-03
0.0881,1.31E-04,4.98E-06,3.65E-03,2.30E-03,1.18E-03
0.0883,1.31E-04,5.01E-06,3.64E-03,2.30E-03,1.18E-03
0.0885,1.30E-04,5.03E-06,3.63E-03,2.29E-03,1.18E-03
0.0887,1.30E-04,5.06E-06,3.63E-03,2.29E-03,1.18E-03
0.0889,1.30E-04,5.08E-06,3.62E-03,2.29E-03,1.18E-03
0.0891,1.29E-04,5.11E-06,3.61E-03,2.29E-03,1.18E-03
0.0893,1.29E-04,5.13E-06,3.60E-03,2.29E-03,1.18E-03
0.0895,1.29E-04,5.16E-06,3.59E-03,2.29E-03,1.18E-03
0.0897,1.29E-04,5.18E-06,3.59E-03,2.29E-03,1.18E-03
0.0899,1.28E-04,5.21E-06,3.58E-03,2.29E-03,1.18E-03
0.0901,1.28E-04,5.23E-06,3.57E-03,2.28E-03,1.18E-03
0.0903,1.28E-04,5.26E-06,3.56E-03,2.28E-03,1.17E-03
0.0905,1.28E-04,5.28E-06,3.56E-03,2.28E-03,1.17E-03
0.0907,1.27E-04,5.31E-06,3.55E-03,2.28E-03,1.17E-03
0.0909,1.27E-04,5.33E-06,3.54E-03,2.28E-03,1.17E-03
0.0911,1.27E-04,5.36E-06,3.53E-03,2.28E-03,1.17E-03
0.0913,1.26E-04,5.38E-06,3.52E-03,2.28E-03,1.17E-03
0.0915,1.26E-04,5.41E-06,3.52E-03,2.27E-03,1.17E-03
0.0917,1.26E-04,5.43E-06,3.51E-03,2.27E-03,1.17E-03
0.0919,1.26E-04,5.46E-06,3.50E-03,2.27E-03,1.17E-03
0.0921,1.25E-04,5.48E-06,3.49E-03,2.27E-03,1.17E-03
0.0923,1.25E-04,5.51E-06,3.49E-03,2.27E-03,1.17E-03
0.0925,1.25E-04,5.53E-06,3.48E-03,2.27E-03,1.17E-03
0.0927,1.25E-04,5.56E-06,3.47E-03,2.26E-03,1.17E-03
0.0929,1.24E-04,5.58E-06,3.46E-03,2.26E-03,1.17E-03
0.0931,1.24E-04,5.61E-06,3.46E-03,2.26E-03,1.17E-03
0.0933,1.24E-04,5.64E-06,3.45E-03,2.26E-03,1.17E-03
0.0935,1.24E-04,5.66E-06,3.44E-03,2.26E-03,1.17E-03
0.0937,1.23E-04,5.69E-06,3.43E-03,2.26E-03,1.17E-03
0.0939,1.23E-04,5.71E-06,3.43E-03,2.25E-03,1.17E-03
0.0941,1.23E-04,5.74E-06,3.42E-03,2.25E-03,1.17E-03
0.0943,1.22E-04,5.77E-06,3.41E-03,2.25E-03,1.17E-03
0.0945,1.22E-04,5.79E-06,3.41E-03,2.25E-03,1.17E-03
0.0947,1.22E-04,5.82E-06,3.40E-03,2.25E-03,1.17E-03
0.0949,1.22E-04,5.85E-06,3.39E-03,2.25E-03,1.17E-03
0.0951,1.21E-04,5.87E-06,3.38E-03,2.24E-03,1.17E-03
0.0953,1.21E-04,5.90E-06,3.38E-03,2.24E-03,1.16E-03
0.0955,1.21E-04,5.93E-06,3.37E-03,2.24E-03,1.16E-03
0.0957,1.21E-04,5.95E-06,3.36E-03,2.24E-03,1.16E-03
0.0959,1.20E-04,5.98E-06,3.35E-03,2.24E-03,1.16E-03
0.0961,1.20E-04,6.01E-06,3.35E-03,2.24E-03,1.16E-03
0.0963,1.20E-04,6.03E-06,3.34E-03,2.23E-03,1.16E-03
0.0965,1.20E-04,6.06E-06,3.33E-03,2.23E-03,1.16E-03
0.0967,1.19E-04,6.09E-06,3.33E-03,2.23E-03,1.16E-03
0.0969,1.19E-04,6.11E-06,3.32E-03,2.23E-03,1.16E-03
0.0971,1.19E-04,6.14E-06,3.31E-03,2.23E-03,1.16E-03
0.0973,1.19E-04,6.17E-06,3.31E-03,2.23E-03,1.16E-03
0.0975,1.18E-04,6.19E-06,3.30E-03,2.22E-03,1.16E-03
0.0977,1.18E-04,6.22E-06,3.29E-03,2.22E-03,1.16E-03
0.0979,1.18E-04,6.25E-06,3.28E-03,2.22E-03,1.16E-03
0.0981,1.18E-04,6.28E-06,3.28E-03,2.22E-03,1.16E-03
0.0983,1.17E-04,6.30E-06,3.27E-03,2.22E-03,1.16E-03
0.0985,1.17E-04,6.33E-06,3.26E-03,2.21E-03,1.16E-03
0.0987,1.17E-04,6.36E-06,3.26E-03,2.21E-03,1.16E-03
0.0989,1.17E-04,6.39E-06,3.25E-03,2.21E-03,1.15E-03
0.0991,1.16E-04,6.41E-06,3.24E-03,2.21E-03,1.15E-03
0.0993,1.16E-04,6.44E-06,3.24E-03,2.21E-03,1.15E-03
0.0995,1.16E-04,6.47E-06,3.23E-03,2.20E-03,1.15E-03
0.0997,1.16E-04,6.50E-06,3.22E-03,2.20E-03,1.15E-03
0.0999,1.15E-04,6.53E-06,3.22E-03,2.20E-03,1.15E-03
0.1001,1.15E-04,6.55E-06,3.21E-03,2.20E-03,1.15E-03
0.1003,1.15E-04,6.58E-06,3.20E-03,2.20E-03,1.15E-03
0.1005,1.15E-04,6.61E-06,3.20E-03,2.20E-03,1.15E-03
0.1007,1.14E-04,6.64E-06,3.19E-03,2.19E-03,1.15E-03
0.1009,1.14E-04,6.67E-06,3.18E-03,2.19E-03,1.15E-03
0.1011,1.14E-04,6.70E-06,3.18E-03,2.19E-03,1.15E-03
0.1013,1.14E-04,6.72E-06,3.17E-03,2.19E-03,1.15E-03
0.1015,1.13E-04,6.75E-06,3.16E-03,2.19E-03,1.15E-03
0.1017,1.13E-04,6.78E-06,3.16E-03,2.18E-03,1.15E-03
0.1019,1.13E-04,6.81E-06,3.15E-03,2.18E-03,1.14E-03
0.1021,1.13E-04,6.84E-06,3.14E-03,2.18E-03,1.14E-03
0.1023,1.12E-04,6.87E-06,3.14E-03,2.18E-03,1.14E-03
0.1025,1.12E-04,6.90E-06,3.13E-03,2.18E-03,1.14E-03
0.1027,1.12E-04,6.92E-06,3.12E-03,2.17E-03,1.14E-03
0.1029,1.12E-04,6.95E-06,3.12E-03,2.17E-03,1.14E-03
0.1031,1.11E-04,6.98E-06,3.11E-03,2.17E-03,1.14E-03
0.1033,1.11E-04,7.01E-06,3.11E-03,2.17E-03,1.14E-03
0.1035,1.11E-04,7.04E-06,3.10E-03,2.16E-03,1.14E-03
0.1037,1.11E-04,7.07E-06,3.09E-03,2.16E-03,1.14E-03
0.1039,1.10E-04,7.10E-06,3.09E-03,2.16E-03,1.14E-03
0.1041,1.10E-04,7.13E-06,3.08E-03,2.16E-03,1.14E-03
0.1043,1.10E-04,7.16E-06,3.07E-03,2.16E-03,1.14E-03
0.1045,1.10E-04,7.19E-06,3.07E-03,2.15E-03,1.14E-03
0.1047,1.10E-04,7.22E-06,3.06E-03,2.15E-03,1.13E-03
0.1049,1.09E-04,7.25E-06,3.06E-03,2.15E-03,1.13E-03
0.1051,1.09E-04,7.28E-06,3.05E-03,2.15E-03,1.13E-03
0.1053,1.09E-04,7.31E-06,3.04E-03,2.15E-03,1.13E-03
0.1055,1.09E-04,7.33E-06,3.04E-03,2.14E-03,1.13E-03
0.1057,1.08E-04,7.36E-06,3.03E-03,2.14E-03,1.13E-03
0.1059,1.08E-04,7.39E-06,3.03E-03,2.14E-03,1.13E-03
0.1061,1.08E-04,7.42E-06,3.02E-03,2.14E-03,1.13E-03
0.1063,1.08E-04,7.45E-06,3.01E-03,2.14E-03,1.13E-03
0.1065,1.07E-04,7.48E-06,3.01E-03,2.13E-03,1.13E-03
0.1067,1.07E-04,7.51E-06,3.00E-03,2.13E-03,1.13E-03
0.1069,1.07E-04,7.54E-06,3.00E-03,2.13E-03,1.13E-03
0.1071,1.07E-04,7.57E-06,2.99E-03,2.13E-03,1.13E-03
0.1073,1.07E-04,7.60E-06,2.98E-03,2.12E-03,1.12E-03
0.1075,1.06E-04,7.64E-06,2.98E-03,2.12E-03,1.12E-03
0.1077,1.06E-04,7.67E-06,2.97E-03,2.12E-03,1.12E-03
0.1079,1.06E-04,7.70E-06,2.97E-03,2.12E-03,1.12E-03
0.1081,1.06E-04,7.73E-06,2.96E-03,2.12E-03,1.12E-03
0.1083,1.05E-04,7.76E-06,2.95E-03,2.11E-03,1.12E-03
0.1085,1.05E-04,7.79E-06,2.95E-03,2.11E-03,1.12E-03
0.1087,1.05E-04,7.82E-06,2.94E-03,2.11E-03,1.12E-03
0.1089,1.05E-04,7.85E-06,2.94E-03,2.11E-03,1.12E-03
0.1091,1.04E-04,7.88E-06,2.93E-03,2.10E-03,1.12E-03
0.1093,1.04E-04,7.91E-06,2.92E-03,2.10E-03,1.12E-03
0.1095,1.04E-04,7.94E-06,2.92E-03,2.10E-03,1.11E-03
0.1097,1.04E-04,7.97E-06,2.91E-03,2.10E-03,1.11E-03
0.1099,1.04E-04,8.00E-06,2.91E-03,2.10E-03,1.11E-03
0.1101,1.03E-04,8.03E-06,2.90E-03,2.09E-03,1.11E-03
0.1103,1.03E-04,8.07E-06,2.90E-03,2.09E-03,1.11E-03
0.1105,1.03E-04,8.10E-06,2.89E-03,2.09E-03,1.11E-03
0.1107,1.03E-04,8.13E-06,2.89E-03,2.09E-03,1.11E-03
0.1109,1.02E-04,8.16E-06,2.88E-03,2.08E-03,1.11E-03
0.1111,1.02E-04,8.19E-06,2.87E-03,2.08E-03,1.11E-03
0.1113,1.02E-04,8.22E-06,2.87E-03,2.08E-03,1.11E-03
0.1115,1.02E-04,8.25E-06,2.86E-03,2.08E-03,1.11E-03
0.1117,1.02E-04,8.28E-06,2.86E-03,2.07E-03,1.10E-03
0.1119,1.01E-04,8.32E-06,2.85E-03,2.07E-03,1.10E-03
0.1121,1.01E-04,8.35E-06,2.85E-03,2.07E-03,1.10E-03
0.1123,1.01E-04,8.38E-06,2.84E-03,2.07E-03,1.10E-03
0.1125,1.01E-04,8.41E-06,2.84E-03,2.07E-03,1.10E-03
0.1127,1.01E-04,8.44E-06,2.83E-03,2.06E-03,1.10E-03
0.1129,1.00E-04,8.47E-06,2.82E-03,2.06E-03,1.10E-03
0.1131,1.00E-04,8.51E-06,2.82E-03,2.06E-03,1.10E-03
0.1133,9.99E-05,8.54E-06,2.81E-03,2.06E-03,1.10E-03
0.1135,9.97E-05,8.57E-06,2.81E-03,2.05E-03,1.10E-03
0.1137,9.95E-05,8.60E-06,2.80E-03,2.05E-03,1.10E-03
0.1139,9.93E-05,8.63E-06,2.80E-03,2.05E-03,1.09E-03
0.1141,9.91E-05,8.67E-06,2.79E-03,2.05E-03,1.09E-03
0.1143,9.89E-05,8.70E-06,2.79E-03,2.04E-03,1.09E-03
0.1145,9.87E-05,8.73E-06,2.78E-03,2.04E-03,1.09E-03
0.1147,9.85E-05,8.76E-06,2.78E-03,2.04E-03,1.09E-03
0.1149,9.83E-05,8.80E-06,2.77E-03,2.04E-03,1.09E-03
0.1151,9.81E-05,8.83E-06,2.77E-03,2.04E-03,1.09E-03
0.1153,9.79E-05,8.86E-06,2.76E-03,2.03E-03,1.09E-03
0.1155,9.77E-05,8.89E-06,2.76E-03,2.03E-03,1.09E-03
0.1157,9.75E-05,8.93E-06,2.75E-03,2.03E-03,1.09E-03
0.1159,9.73E-05,8.96E-06,2.75E-03,2.03E-03,1.08E-03
0.1161,9.71E-05,8.99E-06,2.74E-03,2.02E-03,1.08E-03
0.1163,9.69E-05,9.02E-06,2.74E-03,2.02E-03,1.08E-03
0.1165,9.67E-05,9.06E-06,2.73E-03,2.02E-03,1.08E-03
0.1167,9.65E-05,9.09E-06,2.73E-03,2.02E-03,1.08E-03
0.1169,9.63E-05,9.12E-06,2.72E-03,2.01E-03,1.08E-03
0.1171,9.61E-05,9.16E-06,2.71E-03,2.01E-03,1.08E-03
0.1173,9.59E-05,9.19E-06,2.71E-03,2.01E-03,1.08E-03
0.1175,9.57E-05,9.22E-06,2.70E-03,2.01E-03,1.08E-03
0.1177,9.55E-05,9.25E-06,2.70E-03,2.00E-03,1.08E-03
0.1179,9.53E-05,9.29E-06,2.69E-03,2.00E-03,1.07E-03
0.1181,9.51E-05,9.32E-06,2.69E-03,2.00E-03,1.07E-03
0.1183,9.49E-05,9.35E-06,2.68E-03,2.00E-03,1.07E-03
0.1185,9.47E-05,9.39E-06,2.68E-03,1.99E-03,1.07E-03
0.1187,9.45E-05,9.42E-06,2.67E-03,1.99E-03,1.07E-03
0.1189,9.43E-05,9.45E-06,2.67E-03,1.99E-03,1.07E-03
0.1191,9.41E-05,9.49E-06,2.67E-03,1.99E-03,1.07E-03
0.1193,9.39E-05,9.52E-06,2.66E-03,1.99E-03,1.07E-03
0.1195,9.37E-05,9.55E-06,2.66E-03,1.98E-03,1.07E-03
0.1197,9.36E-05,9.59E-06,2.65E-03,1.98E-03,1.06E-03
0.1199,9.34E-05,9.62E-06,2.65E-03,1.98E-03,1.06E-03
0.1201,9.32E-05,9.66E-06,2.64E-03,1.98E-03,1.06E-03
0.1203,9.30E-05,9.69E-06,2.64E-03,1.97E-03,1.06E-03
0.1205,9.28E-05,9.72E-06,2.63E-03,1.97E-03,1.06E-03
0.1207,9.26E-05,9.76E-06,2.63E-03,1.97E-03,1.06E-03
0.1209,9.24E-05,9.79E-06,2.62E-03,1.97E-03,1.06E-03
0.1211,9.23E-05,9.82E-06,2.62E-03,1.96E-03,1.06E-03
0.1213,9.21E-05,9.86E-06,2.61E-03,1.96E-03,1.06E-03
0.1215,9.19E-05,9.89E-06,2.61E-03,1.96E-03,1.05E-03
0.1217,9.17E-05,9.93E-06,2.60E-03,1.96E-03,1.05E-03
0.1219,9.15E-05,9.96E-06,2.60E-03,1.95E-03,1.05E-03
0.1221,9.13E-05,9.99E-06,2.59E-03,1.95E-03,1.05E-03
0.1223,9.12E-05,1.00E-05,2.59E-03,1.95E-03,1.05E-03
0.1225,9.10E-05,1.01E-05,2.58E-03,1.95E-03,1.05E-03
0.1227,9.08E-05,1.01E-05,2.58E-03,1.94E-03,1.05E-03
0.1229,9.06E-05,1.01E-05,2.58E-03,1.94E-03,1.05E-03
0.1231,9.05E-05,1.02E-05,2.57E-03,1.94E-03,1.05E-03
0.1233,9.03E-05,1.02E-05,2.57E-03,1.94E-03,1.04E-03
0.1235,9.01E-05,1.02E-05,2.56E-03,1.93E-03,1.04E-03
0.1237,8.99E-05,1.03E-05,2.56E-03,1.93E-03,1.04E-03
0.1239,8.98E-05,1.03E-05,2.55E-03,1.93E-03,1.04E-03
0.1241,8.96E-05,1.03E-05,2.55E-03,1.93E-03,1.04E-03
0.1243,8.94E-05,1.04E-05,2.54E-03,1.92E-03,1.04E-03
0.1245,8.92E-05,1.04E-05,2.54E-03,1.92E-03,1.04E-03
0.1247,8.91E-05,1.04E-05,2.53E-03,1.92E-03,1.04E-03
0.1249,8.89E-05,1.05E-05,2.53E-03,1.92E-03,1.04E-03
0.1251,8.87E-05,1.05E-05,2.53E-03,1.91E-03,1.03E-03
0.1253,8.86E-05,1.05E-05,2.52E-03,1.91E-03,1.03E-03
0.1255,8.84E-05,1.06E-05,2.52E-03,1.91E-03,1.03E-03
0.1257,8.82E-05,1.06E-05,2.51E-03,1.91E-03,1.03E-03
0.1259,8.81E-05,1.06E-05,2.51E-03,1.90E-03,1.03E-03
0.1261,8.79E-05,1.07E-05,2.50E-03,1.90E-03,1.03E-03
0.1263,8.77E-05,1.07E-05,2.50E-03,1.90E-03,1.03E-03
0.1265,8.76E-05,1.08E-05,2.49E-03,1.90E-03,1.03E-03
0.1267,8.74E-05,1.08E-05,2.49E-03,1.89E-03,1.03E-03
0.1269,8.72E-05,1.08E-05,2.49E-03,1.89E-03,1.02E-03
0.1271,8.71E-05,1.09E-05,2.48E-03,1.89E-03,1.02E-03
0.1273,8.69E-05,1.09E-05,2.48E-03,1.89E-03,1.02E-03
0.1275,8.67E-05,1.09E-05,2.47E-03,1.88E-03,1.02E-03
0.1277,8.66E-05,1.10E-05,2.47E-03,1.88E-03,1.02E-03
0.1279,8.64E-05,1.10E-05,2.46E-03,1.88E-03,1.02E-03
0.1281,8.63E-05,1.10E-05,2.46E-03,1.88E-03,1.02E-03
0.1283,8.61E-05,1.11E-05,2.46E-03,1.88E-03,1.02E-03
0.1285,8.59E-05,1.11E-05,2.45E-03,1.87E-03,1.01E-03
0.1287,8.58E-05,1.11E-05,2.45E-03,1.87E-03,1.01E-03
0.1289,8.56E-05,1.12E-05,2.44E-03,1.87E-03,1.01E-03
0.1291,8.55E-05,1.12E-05,2.44E-03,1.87E-03,1.01E-03
0.1293,8.53E-05,1.12E-05,2.44E-03,1.86E-03,1.01E-03
0.1295,8.52E-05,1.13E-05,2.43E-03,1.86E-03,1.01E-03
0.1297,8.50E-05,1.13E-05,2.43E-03,1.86E-03,1.01E-03
0.1299,8.49E-05,1.14E-05,2.42E-03,1.86E-03,1.01E-03
0.1301,8.47E-05,1.14E-05,2.42E-03,1.85E-03,1.01E-03
0.1303,8.46E-05,1.14E-05,2.41E-03,1.85E-03,1.00E-03
0.1305,8.44E-05,1.15E-05,2.41E-03,1.85E-03,1.00E-03
0.1307,8.43E-05,1.15E-05,2.41E-03,1.85E-03,1.00E-03
0.1309,8.41E-05,1.15E-05,2.40E-03,1.84E-03,1.00E-03
0.1311,8.40E-05,1.16E-05,2.40E-03,1.84E-03,9.99E-04
0.1313,8.38E-05,1.16E-05,2.39E-03,1.84E-03,9.98E-04
0.1315,8.37E-05,1.16E-05,2.39E-03,1.84E-03,9.97E-04
0.1317,8.35E-05,1.17E-05,2.39E-03,1.83E-03,9.96E-04
0.1319,8.34E-05,1.17E-05,2.38E-03,1.83E-03,9.94E-04
0.1321,8.32E-05,1.17E-05,2.38E-03,1.83E-03,9.93E-04
0.1323,8.31E-05,1.18E-05,2.37E-03,1.83E-03,9.92E-04
0.1325,8.29E-05,1.18E-05,2.37E-03,1.82E-03,9.91E-04
0.1327,8.28E-05,1.19E-05,2.37E-03,1.82E-03,9.89E-04
0.1329,8.26E-05,1.19E-05,2.36E-03,1.82E-03,9.88E-04
0.1331,8.25E-05,1.19E-05,2.36E-03,1.82E-03,9.87E-04
0.1333,8.24E-05,1.20E-05,2.35E-03,1.81E-03,9.86E-04
0.1335,8.22E-05,1.20E-05,2.35E-03,1.81E-03,9.85E-04
0.1337,8.21E-05,1.20E-05,2.35E-03,1.81E-03,9.83E-04
0.1339,8.19E-05,1.21E-05,2.34E-03,1.81E-03,9.82E-04
0.1341,8.18E-05,1.21E-05,2.34E-03,1.80E-03,9.81E-04
0.1343,8.17E-05,1.21E-05,2.34E-03,1.80E-03,9.80E-04
0.1345,8.15E-05,1.22E-05,2.33E-03,1.80E-03,9.78E-04
0.1347,8.14E-05,1.22E-05,2.33E-03,1.80E-03,9.77E-04
0.1349,8.12E-05,1.23E-05,2.32E-03,1.79E-03,9.76E-04
0.1351,8.11E-05,1.23E-05,2.32E-03,1.79E-03,9.75E-04
0.1353,8.10E-05,1.23E-05,2.32E-03,1.79E-03,9.73E-04
0.1355,8.08E-05,1.24E-05,2.31E-03,1.79E-03,9.72E-04
0.1357,8.07E-05,1.24E-05,2.31E-03,1.78E-03,9.71E-04
0.1359,8.06E-05,1.24E-05,2.30E-03,1.78E-03,9.70E-04
0.1361,8.04E-05,1.25E-05,2.30E-03,1.78E-03,9.69E-04
0.1363,8.03E-05,1.25E-05,2.30E-03,1.78E-03,9.67E-04
0.1365,8.02E-05,1.25E-05,2.29E-03,1.77E-03,9.66E-04
0.1367,8.00E-05,1.26E-05,2.29E-03,1.77E-03,9.65E-04
0.1369,7.99E-05,1.26E-05,2.29E-03,1.77E-03,9.64E-04
0.1371,7.98E-05,1.27E-05,2.28E-03,1.77E-03,9.62E-04
0.1373,7.97E-05,1.27E-05,2.28E-03,1.77E-03,9.61E-04
0.1375,7.95E-05,1.27E-05,2.28E-03,1.76E-03,9.60E-04
0.1377,7.94E-05,1.28E-05,2.27E-03,1.76E-03,9.59E-04
0.1379,7.93E-05,1.28E-05,2.27E-03,1.76E-03,9.57E-04
0.1381,7.92E-05,1.28E-05,2.26E-03,1.76E-03,9.56E-04
0.1383,7.90E-05,1.29E-05,2.26E-03,1.75E-03,9.55E-04
0.1385,7.89E-05,1.29E-05,2.26E-03,1.75E-03,9.54E-04
0.1387,7.88E-05,1.29E-05,2.25E-03,1.75E-03,9.52E-04
0.1389,7.87E-05,1.30E-05,2.25E-03,1.75E-03,9.51E-04
0.1391,7.85E-05,1.30E-05,2.25E-03,1.74E-03,9.50E-04
0.1393,7.84E-05,1.31E-05,2.24E-03,1.74E-03,9.49E-04
0.1395,7.83E-05,1.31E-05,2.24E-03,1.74E-03,9.47E-04
0.1397,7.82E-05,1.31E-05,2.24E-03,1.74E-03,9.46E-04
0.1399,7.80E-05,1.32E-05,2.23E-03,1.73E-03,9.45E-04
0.1401,7.79E-05,1.32E-05,2.23E-03,1.73E-03,9.44E-04
0.1403,7.78E-05,1.32E-05,2.23E-03,1.73E-03,9.42E-04
0.1405,7.77E-05,1.33E-05,2.22E-03,1.73E-03,9.41E-04
0.1407,7.76E-05,1.33E-05,2.22E-03,1.72E-03,9.40E-04
0.1409,7.75E-05,1.33E-05,2.21E-03,1.72E-03,9.38E-04
0.1411,7.73E-05,1.34E-05,2.21E-03,1.72E-03,9.37E-04
0.1413,7.72E-05,1.34E-05,2.21E-03,1.72E-03,9.36E-04
0.1415,7.71E-05,1.35E-05,2.20E-03,1.71E-03,9.35E-04
0.1417,7.70E-05,1.35E-05,2.20E-03,1.71E-03,9.33E-04
0.1419,7.69E-05,1.35E-05,2.20E-03,1.71E-03,9.32E-04
0.1421,7.68E-05,1.36E-05,2.19E-03,1.71E-03,9.31E-04
0.1423,7.67E-05,1.36E-05,2.19E-03,1.71E-03,9.30E-04
0.1425,7.65E-05,1.36E-05,2.19E-03,1.70E-03,9.28E-04
0.1427,7.64E-05,1.37E-05,2.18E-03,1.70E-03,9.27E-04
0.1429,7.63E-05,1.37E-05,2.18E-03,1.70E-03,9.26E-04
0.1431,7.62E-05,1.37E-05,2.18E-03,1.70E-03,9.25E-04
0.1433,7.61E-05,1.38E-05,2.17E-03,1.69E-03,9.23E-04
0.1435,7.60E-05,1.38E-05,2.17E-03,1.69E-03,9.22E-04
0.1437,7.59E-05,1.39E-05,2.17E-03,1.69E-03,9.21E-04
0.1439,7.58E-05,1.39E-05,2.16E-03,1.69E-03,9.20E-04
0.1441,7.57E-05,1.39E-05,2.16E-03,1.68E-03,9.18E-04
0.1443,7.56E-05,1.40E-05,2.16E-03,1.68E-03,9.17E-04
0.1445,7.54E-05,1.40E-05,2.15E-03,1.68E-03,9.16E-04
0.1447,7.53E-05,1.40E-05,2.15E-03,1.68E-03,9.14E-04
0.1449,7.52E-05,1.41E-05,2.15E-03,1.67E-03,9.13E-04
0.1451,7.51E-05,1.41E-05,2.14E-03,1.67E-03,9.12E-04
0.1453,7.50E-05,1.42E-05,2.14E-03,1.67E-03,9.11E-04
0.1455,7.49E-05,1.42E-05,2.14E-03,1.67E-03,9.09E-04
0.1457,7.48E-05,1.42E-05,2.13E-03,1.67E-03,9.08E-04
0.1459,7.47E-05,1.43E-05,2.13E-03,1.66E-03,9.07E-04
0.1461,7.46E-05,1.43E-05,2.13E-03,1.66E-03,9.06E-04
0.1463,7.45E-05,1.43E-05,2.12E-03,1.66E-03,9.04E-04
0.1465,7.44E-05,1.44E-05,2.12E-03,1.66E-03,9.03E-04
0.1467,7.43E-05,1.44E-05,2.12E-03,1.65E-03,9.02E-04
0.1469,7.42E-05,1.44E-05,2.12E-03,1.65E-03,9.01E-04
0.1471,7.41E-05,1.45E-05,2.11E-03,1.65E-03,8.99E-04
0.1473,7.40E-05,1.45E-05,2.11E-03,1.65E-03,8.98E-04
0.1475,7.39E-05,1.46E-05,2.11E-03,1.64E-03,8.97E-04
0.1477,7.38E-05,1.46E-05,2.10E-03,1.64E-03,8.96E-04
0.1479,7.37E-05,1.46E-05,2.10E-03,1.64E-03,8.94E-04
0.1481,7.36E-05,1.47E-05,2.10E-03,1.64E-03,8.93E-04
0.1483,7.35E-05,1.47E-05,2.09E-03,1.64E-03,8.92E-04
0.1485,7.34E-05,1.47E-05,2.09E-03,1.63E-03,8.90E-04
0.1487,7.33E-05,1.48E-05,2.09E-03,1.63E-03,8.89E-04
0.1489,7.32E-05,1.48E-05,2.08E-03,1.63E-03,8.88E-04
0.1491,7.31E-05,1.48E-05,2.08E-03,1.63E-03,8.87E-04
0.1493,7.30E-05,1.49E-05,2.08E-03,1.62E-03,8.85E-04
0.1495,7.30E-05,1.49E-05,2.07E-03,1.62E-03,8.84E-04
0.1497,7.29E-05,1.50E-05,2.07E-03,1.62E-03,8.83E-04
0.1499,7.28E-05,1.50E-05,2.07E-03,1.62E-03,8.82E-04
0.1501,7.27E-05,1.50E-05,2.07E-03,1.62E-03,8.80E-04
0.1503,7.26E-05,1.51E-05,2.06E-03,1.61E-03,8.79E-04
0.1505,7.25E-05,1.51E-05,2.06E-03,1.61E-03,8.78E-04
0.1507,7.24E-05,1.51E-05,2.06E-03,1.61E-03,8.77E-04
0.1509,7.23E-05,1.52E-05,2.05E-03,1.61E-03,8.75E-04
0.1511,7.22E-05,1.52E-05,2.05E-03,1.60E-03,8.74E-04
0.1513,7.21E-05,1.53E-05,2.05E-03,1.60E-03,8.73E-04
0.1515,7.20E-05,1.53E-05,2.04E-03,1.60E-03,8.72E-04
0.1517,7.20E-05,1.53E-05,2.04E-03,1.60E-03,8.70E-04
0.1519,7.19E-05,1.54E-05,2.04E-03,1.59E-03,8.69E-04
0.1521,7.18E-05,1.54E-05,2.04E-03,1.59E-03,8.68E-04
0.1523,7.17E-05,1.54E-05,2.03E-03,1.59E-03,8.67E-04
0.1525,7.16E-05,1.55E-05,2.03E-03,1.59E-03,8.65E-04
0.1527,7.15E-05,1.55E-05,2.03E-03,1.59E-03,8.64E-04
0.1529,7.14E-05,1.55E-05,2.02E-03,1.58E-03,8.63E-04
0.1531,7.13E-05,1.56E-05,2.02E-03,1.58E-03,8.62E-04
0.1533,7.13E-05,1.56E-05,2.02E-03,1.58E-03,8.60E-04
0.1535,7.12E-05,1.57E-05,2.02E-03,1.58E-03,8.59E-04
0.1537,7.11E-05,1.57E-05,2.01E-03,1.57E-03,8.58E-04
0.1539,7.10E-05,1.57E-05,2.01E-03,1.57E-03,8.57E-04
0.1541,7.09E-05,1.58E-05,2.01E-03,1.57E-03,8.55E-04
0.1543,7.08E-05,1.58E-05,2.00E-03,1.57E-03,8.54E-04
0.1545,7.08E-05,1.58E-05,2.00E-03,1.57E-03,8.53E-04
0.1547,7.07E-05,1.59E-05,2.00E-03,1.56E-03,8.52E-04
0.1549,7.06E-05,1.59E-05,1.99E-03,1.56E-03,8.50E-04
0.1551,7.05E-05,1.59E-05,1.99E-03,1.56E-03,8.49E-04
0.1553,7.04E-05,1.60E-05,1.99E-03,1.56E-03,8.48E-04
0.1555,7.04E-05,1.60E-05,1.99E-03,1.56E-03,8.47E-04
0.1557,7.03E-05,1.60E-05,1.98E-03,1.55E-03,8.45E-04
0.1559,7.02E-05,1.61E-05,1.98E-03,1.55E-03,8.44E-04
0.1561,7.01E-05,1.61E-05,1.98E-03,1.55E-03,8.43E-04
0.1563,7.00E-05,1.62E-05,1.98E-03,1.55E-03,8.42E-04
0.1565,7.00E-05,1.62E-05,1.97E-03,1.54E-03,8.40E-04
0.1567,6.99E-05,1.62E-05,1.97E-03,1.54E-03,8.39E-04
0.1569,6.98E-05,1.63E-05,1.97E-03,1.54E-03,8.38E-04
0.1571,6.97E-05,1.63E-05,1.96E-03,1.54E-03,8.37E-04
0.1573,6.97E-05,1.63E-05,1.96E-03,1.54E-03,8.35E-04
0.1575,6.96E-05,1.64E-05,1.96E-03,1.53E-03,8.34E-04
0.1577,6.95E-05,1.64E-05,1.96E-03,1.53E-03,8.33E-04
0.1579,6.94E-05,1.64E-05,1.95E-03,1.53E-03,8.32E-04
0.1581,6.94E-05,1.65E-05,1.95E-03,1.53E-03,8.31E-04
0.1583,6.93E-05,1.65E-05,1.95E-03,1.53E-03,8.29E-04
0.1585,6.92E-05,1.65E-05,1.95E-03,1.52E-03,8.28E-04
0.1587,6.91E-05,1.66E-05,1.94E-03,1.52E-03,8.27E-04
0.1589,6.91E-05,1.66E-05,1.94E-03,1.52E-03,8.26E-04
0.1591,6.90E-05,1.67E-05,1.94E-03,1.52E-03,8.24E-04
0.1593,6.89E-05,1.67E-05,1.93E-03,1.51E-03,8.23E-04
0.1595,6.88E-05,1.67E-05,1.93E-03,1.51E-03,8.22E-04
0.1597,6.88E-05,1.68E-05,1.93E-03,1.51E-03,8.21E-04
0.1599,6.87E-05,1.68E-05,1.93E-03,1.51E-03,8.20E-04
0.1601,6.86E-05,1.68E-05,1.92E-03,1.51E-03,8.18E-04
0.1603,6.86E-05,1.69E-05,1.92E-03,1.50E-03,8.17E-04
0.1605,6.85E-05,1.69E-05,1.92E-03,1.50E-03,8.16E-04
0.1607,6.84E-05,1.69E-05,1.92E-03,1.50E-03,8.15E-04
0.1609,6.83E-05,1.70E-05,1.91E-03,1.50E-03,8.14E-04
0.1611,6.83E-05,1.70E-05,1.91E-03,1.50E-03,8.12E-04
0.1613,6.82E-05,1.70E-05,1.91E-03,1.49E-03,8.11E-04
0.1615,6.81E-05,1.71E-05,1.91E-03,1.49E-03,8.10E-04
0.1617,6.81E-05,1.71E-05,1.90E-03,1.49E-03,8.09E-04
0.1619,6.80E-05,1.71E-05,1.90E-03,1.49E-03,8.08E-04
0.1621,6.79E-05,1.72E-05,1.90E-03,1.49E-03,8.06E-04
0.1623,6.79E-05,1.72E-05,1.90E-03,1.48E-03,8.05E-04
0.1625,6.78E-05,1.72E-05,1.89E-03,1.48E-03,8.04E-04
0.1627,6.77E-05,1.73E-05,1.89E-03,1.48E-03,8.03E-04
0.1629,6.77E-05,1.73E-05,1.89E-03,1.48E-03,8.02E-04
0.1631,6.76E-05,1.74E-05,1.88E-03,1.48E-03,8.00E-04
0.1633,6.75E-05,1.74E-05,1.88E-03,1.47E-03,7.99E-04
0.1635,6.75E-05,1.74E-05,1.88E-03,1.47E-03,7.98E-04
0.1637,6.74E-05,1.75E-05,1.88E-03,1.47E-03,7.97E-04
0.1639,6.73E-05,1.75E-05,1.87E-03,1.47E-03,7.96E-04
0.1641,6.73E-05,1.75E-05,1.87E-03,1.46E-03,7.94E-04
0.1643,6.72E-05,1.76E-05,1.87E-03,1.46E-03,7.93E-04
0.1645,6.71E-05,1.76E-05,1.87E-03,1.46E-03,7.92E-04
0.1647,6.71E-05,1.76E-05,1.86E-03,1.46E-03,7.91E-04
0.1649,6.70E-05,1.77E-05,1.86E-03,1.46E-03,7.90E-04
0.1651,6.69E-05,1.77E-05,1.86E-03,1.45E-03,7.89E-04
0.1653,6.69E-05,1.77E-05,1.86E-03,1.45E-03,7.87E-04
0.1655,6.68E-05,1.78E-05,1.85E-03,1.45E-03,7.86E-04
0.1657,6.67E-05,1.78E-05,1.85E-03,1.45E-03,7.85E-04
0.1659,6.67E-05,1.78E-05,1.85E-03,1.45E-03,7.84E-04
0.1661,6.66E-05,1.79E-05,1.85E-03,1.44E-03,7.83E-04
0.1663,6.66E-05,1.79E-05,1.85E-03,1.44E-03,7.82E-04
0.1665,6.65E-05,1.79E-05,1.84E-03,1.44E-03,7.80E-04
0.1667,6.64E-05,1.80E-05,1.84E-03,1.44E-03,7.79E-04
0.1669,6.64E-05,1.80E-05,1.84E-03,1.44E-03,7.78E-04
0.1671,6.63E-05,1.80E-05,1.84E-03,1.44E-03,7.77E-04
0.1673,6.62E-05,1.81E-05,1.83E-03,1.43E-03,7.76E-04
0.1675,6.62E-05,1.81E-05,1.83E-03,1.43E-03,7.75E-04
0.1677,6.61E-05,1.81E-05,1.83E-03,1.43E-03,7.73E-04
0.1679,6.61E-05,1.82E-05,1.83E-03,1.43E-03,7.72E-04
0.1681,6.60E-05,1.82E-05,1.82E-03,1.43E-03,7.71E-04
0.1683,6.59E-05,1.82E-05,1.82E-03,1.42E-03,7.70E-04
0.1685,6.59E-05,1.83E-05,1.82E-03,1.42E-03,7.69E-04
0.1687,6.58E-05,1.83E-05,1.82E-03,1.42E-03,7.68E-04
0.1689,6.58E-05,1.83E-05,1.81E-03,1.42E-03,7.67E-04
0.1691,6.57E-05,1.84E-05,1.81E-03,1.42E-03,7.65E-04
0.1693,6.56E-05,1.84E-05,1.81E-03,1.41E-03,7.64E-04
0.1695,6.56E-05,1.84E-05,1.81E-03,1.41E-03,7.63E-04
0.1697,6.55E-05,1.85E-05,1.80E-03,1.41E-03,7.62E-04
0.1699,6.55E-05,1.85E-05,1.80E-03,1.41E-03,7.61E-04
0.1701,6.54E-05,1.85E-05,1.80E-03,1.41E-03,7.60E-04
0.1703,6.54E-05,1.86E-05,1.80E-03,1.40E-03,7.59E-04
0.1705,6.53E-05,1.86E-05,1.80E-03,1.40E-03,7.58E-04
0.1707,6.52E-05,1.86E-05,1.79E-03,1.40E-03,7.56E-04
0.1709,6.52E-05,1.87E-05,1.79E-03,1.40E-03,7.55E-04
0.1711,6.51E-05,1.87E-05,1.79E-03,1.40E-03,7.54E-04
0.1713,6.51E-05,1.87E-05,1.79E-03,1.39E-03,7.53E-04
0.1715,6.50E-05,1.88E-05,1.78E-03,1.39E-03,7.52E-04
0.1717,6.49E-05,1.88E-05,1.78E-03,1.39E-03,7.51E-04
0.1719,6.49E-05,1.88E-05,1.78E-03,1.39E-03,7.50E-04
0.1721,6.48E-05,1.88E-05,1.78E-03,1.39E-03,7.49E-04
0.1723,6.48E-05,1.89E-05,1.77E-03,1.39E-03,7.48E-04
0.1725,6.47E-05,1.89E-05,1.77E-03,1.38E-03,7.46E-04
0.1727,6.47E-05,1.89E-05,1.77E-03,1.38E-03,7.45E-04
0.1729,6.46E-05,1.90E-05,1.77E-03,1.38E-03,7.44E-04
0.1731,6.46E-05,1.90E-05,1.77E-03,1.38E-03,7.43E-04
0.1733,6.45E-05,1.90E-05,1.76E-03,1.38E-03,7.42E-04
0.1735,6.44E-05,1.91E-05,1.76E-03,1.37E-03,7.41E-04
0.1737,6.44E-05,1.91E-05,1.76E-03,1.37E-03,7.40E-04
0.1739,6.43E-05,1.91E-05,1.76E-03,1.37E-03,7.39E-04
0.1741,6.43E-05,1.92E-05,1.75E-03,1.37E-03,7.38E-04
0.1743,6.42E-05,1.92E-05,1.75E-03,1.37E-03,7.37E-04
0.1745,6.42E-05,1.92E-05,1.75E-03,1.37E-03,7.36E-04
0.1747,6.41E-05,1.93E-05,1.75E-03,1.36E-03,7.34E-04
0.1749,6.41E-05,1.93E-05,1.75E-03,1.36E-03,7.33E-04
0.1751,6.40E-05,1.93E-05,1.74E-03,1.36E-03,7.32E-04
0.1753,6.40E-05,1.93E-05,1.74E-03,1.36E-03,7.31E-04
0.1755,6.39E-05,1.94E-05,1.74E-03,1.36E-03,7.30E-04
0.1757,6.38E-05,1.94E-05,1.74E-03,1.35E-03,7.29E-04
0.1759,6.38E-05,1.94E-05,1.73E-03,1.35E-03,7.28E-04
0.1761,6.37E-05,1.95E-05,1.73E-03,1.35E-03,7.27E-04
0.1763,6.37E-05,1.95E-05,1.73E-03,1.35E-03,7.26E-04
0.1765,6.36E-05,1.95E-05,1.73E-03,1.35E-03,7.25E-04
0.1767,6.36E-05,1.96E-05,1.73E-03,1.35E-03,7.24E-04
0.1769,6.35E-05,1.96E-05,1.72E-03,1.34E-03,7.23E-04
0.1771,6.35E-05,1.96E-05,1.72E-03,1.34E-03,7.22E-04
0.1773,6.34E-05,1.96E-05,1.72E-03,1.34E-03,7.21E-04
0.1775,6.34E-05,1.97E-05,1.72E-03,1.34E-03,7.20E-04
0.1777,6.33E-05,1.97E-05,1.72E-03,1.34E-03,7.19E-04
0.1779,6.33E-05,1.97E-05,1.71E-03,1.33E-03,7.18E-04
0.1781,6.32E-05,1.98E-05,1.71E-03,1.33E-03,7.17E-04
0.1783,6.32E-05,1.98E-05,1.71E-03,1.33E-03,7.15E-04
0.1785,6.31E-05,1.98E-05,1.71E-03,1.33E-03,7.14E-04
0.1787,6.31E-05,1.99E-05,1.70E-03,1.33E-03,7.13E-04
0.1789,6.30E-05,1.99E-05,1.70E-03,1.33E-03,7.12E-04
0.1791,6.29E-05,1.99E-05,1.70E-03,1.32E-03,7.11E-04
0.1793,6.29E-05,1.99E-05,1.70E-03,1.32E-03,7.10E-04
0.1795,6.28E-05,2.00E-05,1.70E-03,1.32E-03,7.09E-04
0.1797,6.28E-05,2.00E-05,1.69E-03,1.32E-03,7.08E-04
0.1799,6.27E-05,2.00E-05,1.69E-03,1.32E-03,7.07E-04
0.1801,6.27E-05,2.01E-05,1.69E-03,1.32E-03,7.06E-04
0.1803,6.26E-05,2.01E-05,1.69E-03,1.31E-03,7.05E-04
0.1805,6.26E-05,2.01E-05,1.69E-03,1.31E-03,7.04E-04
0.1807,6.25E-05,2.01E-05,1.68E-03,1.31E-03,7.03E-04
0.1809,6.25E-05,2.02E-05,1.68E-03,1.31E-03,7.02E-04
0.1811,6.24E-05,2.02E-05,1.68E-03,1.31E-03,7.01E-04
0.1813,6.24E-05,2.02E-05,1.68E-03,1.31E-03,7.00E-04
0.1815,6.23E-05,2.03E-05,1.68E-03,1.30E-03,6.99E-04
0.1817,6.23E-05,2.03E-05,1.67E-03,1.30E-03,6.98E-04
0.1819,6.22E-05,2.03E-05,1.67E-03,1.30E-03,6.97E-04
0.1821,6.22E-05,2.03E-05,1.67E-03,1.30E-03,6.96E-04
0.1823,6.21E-05,2.04E-05,1.67E-03,1.30E-03,6.95E-04
0.1825,6.21E-05,2.04E-05,1.67E-03,1.30E-03,6.94E-04
0.1827,6.20E-05,2.04E-05,1.66E-03,1.29E-03,6.93E-04
0.1829,6.20E-05,2.04E-05,1.66E-03,1.29E-03,6.92E-04
0.1831,6.19E-05,2.05E-05,1.66E-03,1.29E-03,6.91E-04
0.1833,6.19E-05,2.05E-05,1.66E-03,1.29E-03,6.90E-04
0.1835,6.18E-05,2.05E-05,1.66E-03,1.29E-03,6.90E-04
0.1837,6.18E-05,2.06E-05,1.65E-03,1.29E-03,6.89E-04
0.1839,6.17E-05,2.06E-05,1.65E-03,1.28E-03,6.88E-04
0.1841,6.17E-05,2.06E-05,1.65E-03,1.28E-03,6.87E-04
0.1843,6.16E-05,2.06E-05,1.65E-03,1.28E-03,6.86E-04
0.1845,6.16E-05,2.07E-05,1.65E-03,1.28E-03,6.85E-04
0.1847,6.15E-05,2.07E-05,1.64E-03,1.28E-03,6.84E-04
0.1849,6.15E-05,2.07E-05,1.64E-03,1.28E-03,6.83E-04
0.1851,6.14E-05,2.07E-05,1.64E-03,1.27E-03,6.82E-04
0.1853,6.14E-05,2.08E-05,1.64E-03,1.27E-03,6.81E-04
0.1855,6.13E-05,2.08E-05,1.64E-03,1.27E-03,6.80E-04
0.1857,6.13E-05,2.08E-05,1.63E-03,1.27E-03,6.79E-04
0.1859,6.12E-05,2.08E-05,1.63E-03,1.27E-03,6.78E-04
0.1861,6.12E-05,2.09E-05,1.63E-03,1.27E-03,6.77E-04
0.1863,6.11E-05,2.09E-05,1.63E-03,1.26E-03,6.76E-04
0.1865,6.11E-05,2.09E-05,1.63E-03,1.26E-03,6.75E-04
0.1867,6.10E-05,2.09E-05,1.62E-03,1.26E-03,6.74E-04
0.1869,6.10E-05,2.10E-05,1.62E-03,1.26E-03,6.74E-04
0.1871,6.09E-05,2.10E-05,1.62E-03,1.26E-03,6.73E-04
0.1873,6.09E-05,2.10E-05,1.62E-03,1.26E-03,6.72E-04
0.1875,6.08E-05,2.10E-05,1.62E-03,1.25E-03,6.71E-04
0.1877,6.08E-05,2.11E-05,1.61E-03,1.25E-03,6.70E-04
0.1879,6.07E-05,2.11E-05,1.61E-03,1.25E-03,6.69E-04
0.1881,6.07E-05,2.11E-05,1.61E-03,1.25E-03,6.68E-04
0.1883,6.06E-05,2.11E-05,1.61E-03,1.25E-03,6.67E-04
0.1885,6.06E-05,2.12E-05,1.61E-03,1.25E-03,6.66E-04
0.1887,6.05E-05,2.12E-05,1.61E-03,1.25E-03,6.65E-04
0.1889,6.05E-05,2.12E-05,1.60E-03,1.24E-03,6.65E-04
0.1891,6.04E-05,2.12E-05,1.60E-03,1.24E-03,6.64E-04
0.1893,6.04E-05,2.13E-05,1.60E-03,1.24E-03,6.63E-04
0.1895,6.03E-05,2.13E-05,1.60E-03,1.24E-03,6.62E-04
0.1897,6.03E-05,2.13E-05,1.60E-03,1.24E-03,6.61E-04
0.1899,6.03E-05,2.13E-05,1.59E-03,1.24E-03,6.60E-04
0.1901,6.02E-05,2.14E-05,1.59E-03,1.23E-03,6.59E-04
0.1903,6.02E-05,2.14E-05,1.59E-03,1.23E-03,6.58E-04
0.1905,6.01E-05,2.14E-05,1.59E-03,1.23E-03,6.58E-04
0.1907,6.01E-05,2.14E-05,1.59E-03,1.23E-03,6.57E-04
0.1909,6.00E-05,2.14E-05,1.59E-03,1.23E-03,6.56E-04
0.1911,6.00E-05,2.15E-05,1.58E-03,1.23E-03,6.55E-04
0.1913,5.99E-05,2.15E-05,1.58E-03,1.23E-03,6.54E-04
0.1915,5.99E-05,2.15E-05,1.58E-03,1.22E-03,6.53E-04
0.1917,5.98E-05,2.15E-05,1.58E-03,1.22E-03,6.52E-04
0.1919,5.98E-05,2.16E-05,1.58E-03,1.22E-03,6.52E-04
0.1921,5.97E-05,2.16E-05,1.57E-03,1.22E-03,6.51E-04
0.1923,5.97E-05,2.16E-05,1.57E-03,1.22E-03,6.50E-04
0.1925,5.96E-05,2.16E-05,1.57E-03,1.22E-03,6.49E-04
0.1927,5.96E-05,2.16E-05,1.57E-03,1.21E-03,6.48E-04
0.1929,5.95E-05,2.17E-05,1.57E-03,1.21E-03,6.47E-04
0.1931,5.95E-05,2.17E-05,1.57E-03,1.21E-03,6.46E-04
0.1933,5.94E-05,2.17E-05,1.56E-03,1.21E-03,6.46E-04
0.1935,5.94E-05,2.17E-05,1.56E-03,1.21E-03,6.45E-04
0.1937,5.93E-05,2.18E-05,1.56E-03,1.21E-03,6.44E-04
0.1939,5.93E-05,2.18E-05,1.56E-03,1.21E-03,6.43E-04
0.1941,5.92E-05,2.18E-05,1.56E-03,1.20E-03,6.42E-04
0.1943,5.92E-05,2.18E-05,1.55E-03,1.20E-03,6.42E-04
0.1945,5.91E-05,2.18E-05,1.55E-03,1.20E-03,6.41E-04
0.1947,5.91E-05,2.19E-05,1.55E-03,1.20E-03,6.40E-04
0.1949,5.90E-05,2.19E-05,1.55E-03,1.20E-03,6.39E-04
0.1951,5.90E-05,2.19E-05,1.55E-03,1.20E-03,6.38E-04
0.1953,5.89E-05,2.19E-05,1.55E-03,1.20E-03,6.38E-04
0.1955,5.89E-05,2.19E-05,1.54E-03,1.19E-03,6.37E-04
0.1957,5.88E-05,2.20E-05,1.54E-03,1.19E-03,6.36E-04
0.1959,5.88E-05,2.20E-05,1.54E-03,1.19E-03,6.35E-04
0.1961,5.87E-05,2.20E-05,1.54E-03,1.19E-03,6.34E-04
0.1963,5.87E-05,2.20E-05,1.54E-03,1.19E-03,6.34E-04
0.1965,5.87E-05,2.20E-05,1.54E-03,1.19E-03,6.33E-04
0.1967,5.86E-05,2.21E-05,1.53E-03,1.19E-03,6.32E-04
0.1969,5.86E-05,2.21E-05,1.53E-03,1.18E-03,6.31E-04
0.1971,5.85E-05,2.21E-05,1.53E-03,1.18E-03,6.30E-04
0.1973,5.85E-05,2.21E-05,1.53E-03,1.18E-03,6.30E-04
0.1975,5.84E-05,2.21E-05,1.53E-03,1.18E-03,6.29E-04
0.1977,5.84E-05,2.22E-05,1.52E-03,1.18E-03,6.28E-04
0.1979,5.83E-05,2.22E-05,1.52E-03,1.18E-03,6.27E-04
0.1981,5.83E-05,2.22E-05,1.52E-03,1.18E-03,6.27E-04
0.1983,5.82E-05,2.22E-05,1.52E-03,1.17E-03,6.26E-04
0.1985,5.82E-05,2.22E-05,1.52E-03,1.17E-03,6.25E-04
0.1987,5.81E-05,2.22E-05,1.52E-03,1.17E-03,6.24E-04
0.1989,5.81E-05,2.23E-05,1.51E-03,1.17E-03,6.24E-04
0.1991,5.80E-05,2.23E-05,1.51E-03,1.17E-03,6.23E-04
0.1993,5.80E-05,2.23E-05,1.51E-03,1.17E-03,6.22E-04
0.1995,5.79E-05,2.23E-05,1.51E-03,1.17E-03,6.21E-04
0.1997,5.79E-05,2.23E-05,1.51E-03,1.16E-03,6.21E-04
0.1999,5.78E-05,2.23E-05,1.51E-03,1.16E-03,6.20E-04
0.2001,5.78E-05,2.24E-05,1.50E-03,1.16E-03,6.19E-04
0.2003,5.77E-05,2.24E-05,1.50E-03,1.16E-03,6.18E-04
0.2005,5.77E-05,2.24E-05,1.50E-03,1.16E-03,6.18E-04
0.2007,5.76E-05,2.24E-05,1.50E-03,1.16E-03,6.17E-04
0.2009,5.76E-05,2.24E-05,1.50E-03,1.16E-03,6.16E-04
0.2011,5.75E-05,2.25E-05,1.50E-03,1.16E-03,6.16E-04
0.2013,5.75E-05,2.25E-05,1.49E-03,1.15E-03,6.15E-04
0.2015,5.74E-05,2.25E-05,1.49E-03,1.15E-03,6.14E-04
0.2017,5.74E-05,2.25E-05,1.49E-03,1.15E-03,6.13E-04
0.2019,5.74E-05,2.25E-05,1.49E-03,1.15E-03,6.13E-04
0.2021,5.73E-05,2.25E-05,1.49E-03,1.15E-03,6.12E-04
0.2023,5.73E-05,2.25E-05,1.49E-03,1.15E-03,6.11E-04
0.2025,5.72E-05,2.26E-05,1.48E-03,1.15E-03,6.11E-04
0.2027,5.72E-05,2.26E-05,1.48E-03,1.14E-03,6.10E-04
0.2029,5.71E-05,2.26E-05,1.48E-03,1.14E-03,6.09E-04
0.2031,5.71E-05,2.26E-05,1.48E-03,1.14E-03,6.09E-04
0.2033,5.70E-05,2.26E-05,1.48E-03,1.14E-03,6.08E-04
0.2035,5.70E-05,2.26E-05,1.48E-03,1.14E-03,6.07E-04
0.2037,5.69E-05,2.27E-05,1.47E-03,1.14E-03,6.07E-04
0.2039,5.69E-05,2.27E-05,1.47E-03,1.14E-03,6.06E-04
0.2041,5.68E-05,2.27E-05,1.47E-03,1.14E-03,6.05E-04
0.2043,5.68E-05,2.27E-05,1.47E-03,1.13E-03,6.05E-04
0.2045,5.67E-05,2.27E-05,1.47E-03,1.13E-03,6.04E-04
0.2047,5.67E-05,2.27E-05,1.47E-03,1.13E-03,6.03E-04
0.2049,5.66E-05,2.27E-05,1.46E-03,1.13E-03,6.03E-04
0.2051,5.66E-05,2.28E-05,1.46E-03,1.13E-03,6.02E-04
0.2053,5.65E-05,2.28E-05,1.46E-03,1.13E-03,6.01E-04
0.2055,5.65E-05,2.28E-05,1.46E-03,1.13E-03,6.01E-04
0.2057,5.64E-05,2.28E-05,1.46E-03,1.12E-03,6.00E-04
0.2059,5.64E-05,2.28E-05,1.46E-03,1.12E-03,5.99E-04
0.2061,5.63E-05,2.28E-05,1.46E-03,1.12E-03,5.99E-04
0.2063,5.63E-05,2.28E-05,1.45E-03,1.12E-03,5.98E-04
0.2065,5.62E-05,2.28E-05,1.45E-03,1.12E-03,5.97E-04
0.2067,5.62E-05,2.29E-05,1.45E-03,1.12E-03,5.97E-04
0.2069,5.61E-05,2.29E-05,1.45E-03,1.12E-03,5.96E-04
0.2071,5.61E-05,2.29E-05,1.45E-03,1.12E-03,5.95E-04
0.2073,5.61E-05,2.29E-05,1.45E-03,1.11E-03,5.95E-04
0.2075,5.60E-05,2.29E-05,1.44E-03,1.11E-03,5.94E-04
0.2077,5.60E-05,2.29E-05,1.44E-03,1.11E-03,5.93E-04
0.2079,5.59E-05,2.29E-05,1.44E-03,1.11E-03,5.93E-04
0.2081,5.59E-05,2.29E-05,1.44E-03,1.11E-03,5.92E-04
0.2083,5.58E-05,2.30E-05,1.44E-03,1.11E-03,5.92E-04
0.2085,5.58E-05,2.30E-05,1.44E-03,1.11E-03,5.91E-04
0.2087,5.57E-05,2.30E-05,1.44E-03,1.11E-03,5.90E-04
0.2089,5.57E-05,2.30E-05,1.43E-03,1.10E-03,5.90E-04
0.2091,5.56E-05,2.30E-05,1.43E-03,1.10E-03,5.89E-04
0.2093,5.56E-05,2.30E-05,1.43E-03,1.10E-03,5.89E-04
0.2095,5.55E-05,2.30E-05,1.43E-03,1.10E-03,5.88E-04
0.2097,5.55E-05,2.30E-05,1.43E-03,1.10E-03,5.87E-04
0.2099,5.54E-05,2.30E-05,1.43E-03,1.10E-03,5.87E-04
0.2101,5.54E-05,2.30E-05,1.42E-03,1.10E-03,5.86E-04
0.2103,5.53E-05,2.31E-05,1.42E-03,1.10E-03,5.86E-04
0.2105,5.53E-05,2.31E-05,1.42E-03,1.09E-03,5.85E-04
0.2107,5.52E-05,2.31E-05,1.42E-03,1.09E-03,5.84E-04
0.2109,5.52E-05,2.31E-05,1.42E-03,1.09E-03,5.84E-04
0.2111,5.51E-05,2.31E-05,1.42E-03,1.09E-03,5.83E-04
0.2113,5.51E-05,2.31E-05,1.42E-03,1.09E-03,5.83E-04
0.2115,5.50E-05,2.31E-05,1.41E-03,1.09E-03,5.82E-04
0.2117,5.50E-05,2.31E-05,1.41E-03,1.09E-03,5.81E-04
0.2119,5.49E-05,2.31E-05,1.41E-03,1.09E-03,5.81E-04
0.2121,5.49E-05,2.31E-05,1.41E-03,1.09E-03,5.80E-04
0.2123,5.48E-05,2.32E-05,1.41E-03,1.08E-03,5.80E-04
0.2125,5.48E-05,2.32E-05,1.41E-03,1.08E-03,5.79E-04
0.2127,5.48E-05,2.32E-05,1.40E-03,1.08E-03,5.79E-04
0.2129,5.47E-05,2.32E-05,1.40E-03,1.08E-03,5.78E-04
0.2131,5.47E-05,2.32E-05,1.40E-03,1.08E-03,5.78E-04
0.2133,5.46E-05,2.32E-05,1.40E-03,1.08E-03,5.77E-04
0.2135,5.46E-05,2.32E-05,1.40E-03,1.08E-03,5.76E-04
0.2137,5.45E-05,2.32E-05,1.40E-03,1.08E-03,5.76E-04
0.2139,5.45E-05,2.32E-05,1.40E-03,1.07E-03,5.75E-04
0.2141,5.44E-05,2.32E-05,1.39E-03,1.07E-03,5.75E-04
0.2143,5.44E-05,2.32E-05,1.39E-03,1.07E-03,5.74E-04
0.2145,5.43E-05,2.32E-05,1.39E-03,1.07E-03,5.74E-04
0.2147,5.43E-05,2.32E-05,1.39E-03,1.07E-03,5.73E-04
0.2149,5.42E-05,2.32E-05,1.39E-03,1.07E-03,5.73E-04
0.2151,5.42E-05,2.33E-05,1.39E-03,1.07E-03,5.72E-04
0.2153,5.41E-05,2.33E-05,1.39E-03,1.07E-03,5.72E-04
0.2155,5.41E-05,2.33E-05,1.38E-03,1.07E-03,5.71E-04
0.2157,5.40E-05,2.33E-05,1.38E-03,1.06E-03,5.70E-04
0.2159,5.40E-05,2.33E-05,1.38E-03,1.06E-03,5.70E-04
0.2161,5.39E-05,2.33E-05,1.38E-03,1.06E-03,5.69E-04
0.2163,5.39E-05,2.33E-05,1.38E-03,1.06E-03,5.69E-04
0.2165,5.38E-05,2.33E-05,1.38E-03,1.06E-03,5.68E-04
0.2167,5.38E-05,2.33E-05,1.38E-03,1.06E-03,5.68E-04
0.2169,5.37E-05,2.33E-05,1.37E-03,1.06E-03,5.67E-04
0.2171,5.37E-05,2.33E-05,1.37E-03,1.06E-03,5.67E-04
0.2173,5.36E-05,2.33E-05,1.37E-03,1.05E-03,5.66E-04
0.2175,5.36E-05,2.33E-05,1.37E-03,1.05E-03,5.66E-04
0.2177,5.36E-05,2.33E-05,1.37E-03,1.05E-03,5.65E-04
0.2179,5.35E-05,2.33E-05,1.37E-03,1.05E-03,5.65E-04
0.2181,5.35E-05,2.33E-05,1.37E-03,1.05E-03,5.64E-04
0.2183,5.34E-05,2.33E-05,1.36E-03,1.05E-03,5.64E-04
0.2185,5.34E-05,2.33E-05,1.36E-03,1.05E-03,5.63E-04
0.2187,5.33E-05,2.34E-05,1.36E-03,1.05E-03,5.63E-04
0.2189,5.33E-05,2.34E-05,1.36E-03,1.05E-03,5.62E-04
0.2191,5.32E-05,2.34E-05,1.36E-03,1.04E-03,5.62E-04
0.2193,5.32E-05,2.34E-05,1.36E-03,1.04E-03,5.61E-04
0.2195,5.31E-05,2.34E-05,1.36E-03,1.04E-03,5.61E-04
0.2197,5.31E-05,2.34E-05,1.35E-03,1.04E-03,5.60E-04
0.2199,5.30E-05,2.34E-05,1.35E-03,1.04E-03,5.60E-04
0.2201,5.30E-05,2.34E-05,1.35E-03,1.04E-03,5.59E-04
0.2203,5.29E-05,2.34E-05,1.35E-03,1.04E-03,5.59E-04
0.2205,5.29E-05,2.34E-05,1.35E-03,1.04E-03,5.58E-04
0.2207,5.28E-05,2.34E-05,1.35E-03,1.04E-03,5.58E-04
0.2209,5.28E-05,2.34E-05,1.35E-03,1.03E-03,5.57E-04
0.2211,5.27E-05,2.34E-05,1.34E-03,1.03E-03,5.57E-04
0.2213,5.27E-05,2.34E-05,1.34E-03,1.03E-03,5.57E-04
0.2215,5.26E-05,2.34E-05,1.34E-03,1.03E-03,5.56E-04
0.2217,5.26E-05,2.34E-05,1.34E-03,1.03E-03,5.56E-04
0.2219,5.26E-05,2.34E-05,1.34E-03,1.03E-03,5.55E-04
0.2221,5.25E-05,2.34E-05,1.34E-03,1.03E-03,5.55E-04
0.2223,5.25E-05,2.34E-05,1.34E-03,1.03E-03,5.54E-04
0.2225,5.24E-05,2.34E-05,1.33E-03,1.03E-03,5.54E-04
0.2227,5.24E-05,2.34E-05,1.33E-03,1.03E-03,5.53E-04
0.2229,5.23E-05,2.34E-05,1.33E-03,1.02E-03,5.53E-04
0.2231,5.23E-05,2.34E-05,1.33E-03,1.02E-03,5.52E-04
0.2233,5.22E-05,2.34E-05,1.33E-03,1.02E-03,5.52E-04
0.2235,5.22E-05,2.34E-05,1.33E-03,1.02E-03,5.52E-04
0.2237,5.21E-05,2.34E-05,1.33E-03,1.02E-03,5.51E-04
0.2239,5.21E-05,2.34E-05,1.32E-03,1.02E-03,5.51E-04
0.2241,5.20E-05,2.34E-05,1.32E-03,1.02E-03,5.50E-04
0.2243,5.20E-05,2.34E-05,1.32E-03,1.02E-03,5.50E-04
0.2245,5.19E-05,2.34E-05,1.32E-03,1.02E-03,5.49E-04
0.2247,5.19E-05,2.34E-05,1.32E-03,1.01E-03,5.49E-04
0.2249,5.18E-05,2.34E-05,1.32E-03,1.01E-03,5.48E-04
0.2251,5.18E-05,2.34E-05,1.32E-03,1.01E-03,5.48E-04
0.2253,5.18E-05,2.34E-05,1.32E-03,1.01E-03,5.48E-04
0.2255,5.17E-05,2.34E-05,1.31E-03,1.01E-03,5.47E-04
0.2257,5.17E-05,2.34E-05,1.31E-03,1.01E-03,5.47E-04
0.2259,5.16E-05,2.34E-05,1.31E-03,1.01E-03,5.46E-04
0.2261,5.16E-05,2.34E-05,1.31E-03,1.01E-03,5.46E-04
0.2263,5.15E-05,2.34E-05,1.31E-03,1.01E-03,5.45E-04
0.2265,5.15E-05,2.34E-05,1.31E-03,1.01E-03,5.45E-04
0.2267,5.14E-05,2.34E-05,1.31E-03,1.00E-03,5.45E-04
0.2269,5.14E-05,2.34E-05,1.30E-03,1.00E-03,5.44E-04
0.2271,5.13E-05,2.34E-05,1.30E-03,1.00E-03,5.44E-04
0.2273,5.13E-05,2.34E-05,1.30E-03,1.00E-03,5.43E-04
0.2275,5.12E-05,2.34E-05,1.30E-03,1.00E-03,5.43E-04
0.2277,5.12E-05,2.34E-05,1.30E-03,9.99E-04,5.43E-04
0.2279,5.11E-05,2.34E-05,1.30E-03,9.98E-04,5.42E-04
0.2281,5.11E-05,2.34E-05,1.30E-03,9.97E-04,5.42E-04
0.2283,5.11E-05,2.34E-05,1.30E-03,9.96E-04,5.41E-04
0.2285,5.10E-05,2.34E-05,1.29E-03,9.95E-04,5.41E-04
0.2287,5.10E-05,2.34E-05,1.29E-03,9.94E-04,5.41E-04
0.2289,5.09E-05,2.34E-05,1.29E-03,9.93E-04,5.40E-04
0.2291,5.09E-05,2.34E-05,1.29E-03,9.92E-04,5.40E-04
0.2293,5.08E-05,2.34E-05,1.29E-03,9.91E-04,5.39E-04
0.2295,5.08E-05,2.34E-05,1.29E-03,9.90E-04,5.39E-04
0.2297,5.07E-05,2.34E-05,1.29E-03,9.89E-04,5.39E-04
0.2299,5.07E-05,2.33E-05,1.29E-03,9.88E-04,5.38E-04
0.2301,5.06E-05,2.33E-05,1.28E-03,9.87E-04,5.38E-04
0.2303,5.06E-05,2.33E-05,1.28E-03,9.86E-04,5.37E-04
0.2305,5.05E-05,2.33E-05,1.28E-03,9.85E-04,5.37E-04
0.2307,5.05E-05,2.33E-05,1.28E-03,9.84E-04,5.37E-04
0.2309,5.05E-05,2.33E-05,1.28E-03,9.83E-04,5.36E-04
0.2311,5.04E-05,2.33E-05,1.28E-03,9.82E-04,5.36E-04
0.2313,5.04E-05,2.33E-05,1.28E-03,9.81E-04,5.35E-04
0.2315,5.03E-05,2.33E-05,1.27E-03,9.80E-04,5.35E-04
0.2317,5.03E-05,2.33E-05,1.27E-03,9.79E-04,5.35E-04
0.2319,5.02E-05,2.33E-05,1.27E-03,9.78E-04,5.34E-04
0.2321,5.02E-05,2.33E-05,1.27E-03,9.77E-04,5.34E-04
0.2323,5.01E-05,2.33E-05,1.27E-03,9.76E-04,5.34E-04
0.2325,5.01E-05,2.33E-05,1.27E-03,9.75E-04,5.33E-04
0.2327,5.00E-05,2.33E-05,1.27E-03,9.74E-04,5.33E-04
0.2329,5.00E-05,2.33E-05,1.27E-03,9.73E-04,5.32E-04
0.2331,5.00E-05,2.33E-05,1.26E-03,9.72E-04,5.32E-04
0.2333,4.99E-05,2.33E-05,1.26E-03,9.71E-04,5.32E-04
0.2335,4.99E-05,2.33E-05,1.26E-03,9.71E-04,5.31E-04
0.2337,4.98E-05,2.32E-05,1.26E-03,9.70E-04,5.31E-04
0.2339,4.98E-05,2.32E-05,1.26E-03,9.69E-04,5.31E-04
0.2341,4.97E-05,2.32E-05,1.26E-03,9.68E-04,5.30E-04
0.2343,4.97E-05,2.32E-05,1.26E-03,9.67E-04,5.30E-04
0.2345,4.96E-05,2.32E-05,1.26E-03,9.66E-04,5.29E-04
0.2347,4.96E-05,2.32E-05,1.25E-03,9.65E-04,5.29E-04
0.2349,4.96E-05,2.32E-05,1.25E-03,9.64E-04,5.29E-04
0.2351,4.95E-05,2.32E-05,1.25E-03,9.63E-04,5.28E-04
0.2353,4.95E-05,2.32E-05,1.25E-03,9.62E-04,5.28E-04
0.2355,4.94E-05,2.32E-05,1.25E-03,9.61E-04,5.28E-04
0.2357,4.94E-05,2.32E-05,1.25E-03,9.60E-04,5.27E-04
0.2359,4.93E-05,2.32E-05,1.25E-03,9.59E-04,5.27E-04
0.2361,4.93E-05,2.32E-05,1.25E-03,9.58E-04,5.27E-04
0.2363,4.92E-05,2.32E-05,1.24E-03,9.57E-04,5.26E-04
0.2365,4.92E-05,2.31E-05,1.24E-03,9.56E-04,5.26E-04
0.2367,4.92E-05,2.31E-05,1.24E-03,9.55E-04,5.26E-04
0.2369,4.91E-05,2.31E-05,1.24E-03,9.54E-04,5.25E-04
0.2371,4.91E-05,2.31E-05,1.24E-03,9.54E-04,5.25E-04
0.2373,4.90E-05,2.31E-05,1.24E-03,9.53E-04,5.25E-04
0.2375,4.90E-05,2.31E-05,1.24E-03,9.52E-04,5.24E-04
0.2377,4.89E-05,2.31E-05,1.24E-03,9.51E-04,5.24E-04
0.2379,4.89E-05,2.31E-05,1.23E-03,9.50E-04,5.24E-04
0.2381,4.88E-05,2.31E-05,1.23E-03,9.49E-04,5.23E-04
0.2383,4.88E-05,2.31E-05,1.23E-03,9.48E-04,5.23E-04
0.2385,4.88E-05,2.31E-05,1.23E-03,9.47E-04,5.22E-04
0.2387,4.87E-05,2.30E-05,1.23E-03,9.46E-04,5.22E-04
0.2389,4.87E-05,2.30E-05,1.23E-03,9.45E-04,5.22E-04
0.2391,4.86E-05,2.30E-05,1.23E-03,9.44E-04,5.21E-04
0.2393,4.86E-05,2.30E-05,1.23E-03,9.43E-04,5.21E-04
0.2395,4.85E-05,2.30E-05,1.23E-03,9.43E-04,5.21E-04
0.2397,4.85E-05,2.30E-05,1.22E-03,9.42E-04,5.20E-04
0.2399,4.85E-05,2.30E-05,1.22E-03,9.41E-04,5.20E-04
0.2401,4.84E-05,2.30E-05,1.22E-03,9.40E-04,5.20E-04
0.2403,4.84E-05,2.30E-05,1.22E-03,9.39E-04,5.19E-04
0.2405,4.83E-05,2.30E-05,1.22E-03,9.38E-04,5.19E-04
0.2407,4.83E-05,2.29E-05,1.22E-03,9.37E-04,5.19E-04
0.2409,4.82E-05,2.29E-05,1.22E-03,9.36E-04,5.19E-04
0.2411,4.82E-05,2.29E-05,1.22E-03,9.35E-04,5.18E-04
0.2413,4.82E-05,2.29E-05,1.21E-03,9.34E-04,5.18E-04
0.2415,4.81E-05,2.29E-05,1.21E-03,9.34E-04,5.18E-04
0.2417,4.81E-05,2.29E-05,1.21E-03,9.33E-04,5.17E-04
0.2419,4.80E-05,2.29E-05,1.21E-03,9.32E-04,5.17E-04
0.2421,4.80E-05,2.29E-05,1.21E-03,9.31E-04,5.17E-04
0.2423,4.79E-05,2.29E-05,1.21E-03,9.30E-04,5.16E-04
0.2425,4.79E-05,2.28E-05,1.21E-03,9.29E-04,5.16E-04
0.2427,4.79E-05,2.28E-05,1.21E-03,9.28E-04,5.16E-04
0.2429,4.78E-05,2.28E-05,1.20E-03,9.27E-04,5.15E-04
0.2431,4.78E-05,2.28E-05,1.20E-03,9.26E-04,5.15E-04
0.2433,4.77E-05,2.28E-05,1.20E-03,9.26E-04,5.15E-04
0.2435,4.77E-05,2.28E-05,1.20E-03,9.25E-04,5.14E-04
0.2437,4.77E-05,2.28E-05,1.20E-03,9.24E-04,5.14E-04
0.2439,4.76E-05,2.28E-05,1.20E-03,9.23E-04,5.14E-04
0.2441,4.76E-05,2.27E-05,1.20E-03,9.22E-04,5.13E-04
0.2443,4.75E-05,2.27E-05,1.20E-03,9.21E-04,5.13E-04
0.2445,4.75E-05,2.27E-05,1.20E-03,9.20E-04,5.13E-04
0.2447,4.74E-05,2.27E-05,1.19E-03,9.19E-04,5.12E-04
0.2449,4.74E-05,2.27E-05,1.19E-03,9.19E-04,5.12E-04
0.2451,4.74E-05,2.27E-05,1.19E-03,9.18E-04,5.12E-04
0.2453,4.73E-05,2.27E-05,1.19E-03,9.17E-04,5.12E-04
0.2455,4.73E-05,2.27E-05,1.19E-03,9.16E-04,5.11E-04
0.2457,4.72E-05,2.26E-05,1.19E-03,9.15E-04,5.11E-04
0.2459,4.72E-05,2.26E-05,1.19E-03,9.14E-04,5.11E-04
0.2461,4.72E-05,2.26E-05,1.19E-03,9.13E-04,5.10E-04
0.2463,4.71E-05,2.26E-05,1.19E-03,9.13E-04,5.10E-04
0.2465,4.71E-05,2.26E-05,1.18E-03,9.12E-04,5.10E-04
0.2467,4.70E-05,2.26E-05,1.18E-03,9.11E-04,5.09E-04
0.2469,4.70E-05,2.26E-05,1.18E-03,9.10E-04,5.09E-04
0.2471,4.70E-05,2.25E-05,1.18E-03,9.09E-04,5.09E-04
0.2473,4.69E-05,2.25E-05,1.18E-03,9.08E-04,5.08E-04
0.2475,4.69E-05,2.25E-05,1.18E-03,9.07E-04,5.08E-04
0.2477,4.68E-05,2.25E-05,1.18E-03,9.07E-04,5.08E-04
0.2479,4.68E-05,2.25E-05,1.18E-03,9.06E-04,5.08E-04
0.2481,4.68E-05,2.25E-05,1.18E-03,9.05E-04,5.07E-04
0.2483,4.67E-05,2.25E-05,1.17E-03,9.04E-04,5.07E-04
0.2485,4.67E-05,2.24E-05,1.17E-03,9.03E-04,5.07E-04
0.2487,4.66E-05,2.24E-05,1.17E-03,9.02E-04,5.06E-04
0.2489,4.66E-05,2.24E-05,1.17E-03,9.02E-04,5.06E-04
0.2491,4.66E-05,2.24E-05,1.17E-03,9.01E-04,5.06E-04
0.2493,4.65E-05,2.24E-05,1.17E-03,9.00E-04,5.05E-04
0.2495,4.65E-05,2.24E-05,1.17E-03,8.99E-04,5.05E-04
0.2497,4.64E-05,2.23E-05,1.17E-03,8.98E-04,5.05E-04
0.2499,4.64E-05,2.23E-05,1.16E-03,8.97E-04,5.05E-04
0.2501,4.64E-05,2.23E-05,1.16E-03,8.97E-04,5.04E-04
0.2503,4.63E-05,2.23E-05,1.16E-03,8.96E-04,5.04E-04
0.2505,4.63E-05,2.23E-05,1.16E-03,8.95E-04,5.04E-04
0.2507,4.62E-05,2.23E-05,1.16E-03,8.94E-04,5.03E-04
0.2509,4.62E-05,2.23E-05,1.16E-03,8.93E-04,5.03E-04
0.2511,4.62E-05,2.22E-05,1.16E-03,8.92E-04,5.03E-04
0.2513,4.61E-05,2.22E-05,1.16E-03,8.92E-04,5.02E-04
0.2515,4.61E-05,2.22E-05,1.16E-03,8.91E-04,5.02E-04
0.2517,4.61E-05,2.22E-05,1.15E-03,8.90E-04,5.02E-04
0.2519,4.60E-05,2.22E-05,1.15E-03,8.89E-04,5.02E-04
0.2521,4.60E-05,2.22E-05,1.15E-03,8.88E-04,5.01E-04
0.2523,4.59E-05,2.21E-05,1.15E-03,8.87E-04,5.01E-04
0.2525,4.59E-05,2.21E-05,1.15E-03,8.87E-04,5.01E-04
0.2527,4.59E-05,2.21E-05,1.15E-03,8.86E-04,5.00E-04
0.2529,4.58E-05,2.21E-05,1.15E-03,8.85E-04,5.00E-04
0.2531,4.58E-05,2.21E-05,1.15E-03,8.84E-04,5.00E-04
0.2533,4.57E-05,2.21E-05,1.15E-03,8.83E-04,5.00E-04
0.2535,4.57E-05,2.20E-05,1.15E-03,8.83E-04,4.99E-04
0.2537,4.57E-05,2.20E-05,1.14E-03,8.82E-04,4.99E-04
0.2539,4.56E-05,2.20E-05,1.14E-03,8.81E-04,4.99E-04
0.2541,4.56E-05,2.20E-05,1.14E-03,8.80E-04,4.98E-04
0.2543,4.56E-05,2.20E-05,1.14E-03,8.79E-04,4.98E-04
0.2545,4.55E-05,2.20E-05,1.14E-03,8.79E-04,4.98E-04
0.2547,4.55E-05,2.19E-05,1.14E-03,8.78E-04,4.98E-04
0.2549,4.54E-05,2.19E-05,1.14E-03,8.77E-04,4.97E-04
0.2551,4.54E-05,2.19E-05,1.14E-03,8.76E-04,4.97E-04
0.2553,4.54E-05,2.19E-05,1.14E-03,8.75E-04,4.97E-04
0.2555,4.53E-05,2.19E-05,1.13E-03,8.75E-04,4.96E-04
0.2557,4.53E-05,2.19E-05,1.13E-03,8.74E-04,4.96E-04
0.2559,4.53E-05,2.18E-05,1.13E-03,8.73E-04,4.96E-04
0.2561,4.52E-05,2.18E-05,1.13E-03,8.72E-04,4.95E-04
0.2563,4.52E-05,2.18E-05,1.13E-03,8.71E-04,4.95E-04
0.2565,4.52E-05,2.18E-05,1.13E-03,8.71E-04,4.95E-04
0.2567,4.51E-05,2.18E-05,1.13E-03,8.70E-04,4.95E-04
0.2569,4.51E-05,2.17E-05,1.13E-03,8.69E-04,4.94E-04
0.2571,4.50E-05,2.17E-05,1.13E-03,8.68E-04,4.94E-04
0.2573,4.50E-05,2.17E-05,1.12E-03,8.68E-04,4.94E-04
0.2575,4.50E-05,2.17E-05,1.12E-03,8.67E-04,4.93E-04
0.2577,4.49E-05,2.17E-05,1.12E-03,8.66E-04,4.93E-04
0.2579,4.49E-05,2.17E-05,1.12E-03,8.65E-04,4.93E-04
0.2581,4.49E-05,2.16E-05,1.12E-03,8.64E-04,4.93E-04
0.2583,4.48E-05,2.16E-05,1.12E-03,8.64E-04,4.92E-04
0.2585,4.48E-05,2.16E-05,1.12E-03,8.63E-04,4.92E-04
0.2587,4.48E-05,2.16E-05,1.12E-03,8.62E-04,4.92E-04
0.2589,4.47E-05,2.16E-05,1.12E-03,8.61E-04,4.91E-04
0.2591,4.47E-05,2.15E-05,1.12E-03,8.60E-04,4.91E-04
0.2593,4.47E-05,2.15E-05,1.11E-03,8.60E-04,4.91E-04
0.2595,4.46E-05,2.15E-05,1.11E-03,8.59E-04,4.91E-04
0.2597,4.46E-05,2.15E-05,1.11E-03,8.58E-04,4.90E-04
0.2599,4.45E-05,2.15E-05,1.11E-03,8.57E-04,4.90E-04
0.2601,4.45E-05,2.14E-05,1.11E-03,8.57E-04,4.90E-04
0.2603,4.45E-05,2.14E-05,1.11E-03,8.56E-04,4.89E-04
0.2605,4.44E-05,2.14E-05,1.11E-03,8.55E-04,4.89E-04
0.2607,4.44E-05,2.14E-05,1.11E-03,8.54E-04,4.89E-04
0.2609,4.44E-05,2.14E-05,1.11E-03,8.54E-04,4.89E-04
0.2611,4.43E-05,2.14E-05,1.10E-03,8.53E-04,4.88E-04
0.2613,4.43E-05,2.13E-05,1.10E-03,8.52E-04,4.88E-04
0.2615,4.43E-05,2.13E-05,1.10E-03,8.51E-04,4.88E-04
0.2617,4.42E-05,2.13E-05,1.10E-03,8.51E-04,4.87E-04
0.2619,4.42E-05,2.13E-05,1.10E-03,8.50E-04,4.87E-04
0.2621,4.42E-05,2.13E-05,1.10E-03,8.49E-04,4.87E-04
0.2623,4.41E-05,2.12E-05,1.10E-03,8.48E-04,4.87E-04
0.2625,4.41E-05,2.12E-05,1.10E-03,8.48E-04,4.86E-04
0.2627,4.41E-05,2.12E-05,1.10E-03,8.47E-04,4.86E-04
0.2629,4.40E-05,2.12E-05,1.10E-03,8.46E-04,4.86E-04
0.2631,4.40E-05,2.12E-05,1.09E-03,8.45E-04,4.85E-04
0.2633,4.40E-05,2.11E-05,1.09E-03,8.45E-04,4.85E-04
0.2635,4.39E-05,2.11E-05,1.09E-03,8.44E-04,4.85E-04
0.2637,4.39E-05,2.11E-05,1.09E-03,8.43E-04,4.85E-04
0.2639,4.39E-05,2.11E-05,1.09E-03,8.42E-04,4.84E-04
0.2641,4.38E-05,2.11E-05,1.09E-03,8.42E-04,4.84E-04
0.2643,4.38E-05,2.10E-05,1.09E-03,8.41E-04,4.84E-04
0.2645,4.38E-05,2.10E-05,1.09E-03,8.40E-04,4.83E-04
0.2647,4.37E-05,2.10E-05,1.09E-03,8.39E-04,4.83E-04
0.2649,4.37E-05,2.10E-05,1.09E-03,8.39E-04,4.83E-04
0.2651,4.37E-05,2.10E-05,1.08E-03,8.38E-04,4.83E-04
0.2653,4.36E-05,2.09E-05,1.08E-03,8.37E-04,4.82E-04
0.2655,4.36E-05,2.09E-05,1.08E-03,8.36E-04,4.82E-04
0.2657,4.36E-05,2.09E-05,1.08E-03,8.36E-04,4.82E-04
0.2659,4.35E-05,2.09E-05,1.08E-03,8.35E-04,4.81E-04
0.2661,4.35E-05,2.09E-05,1.08E-03,8.34E-04,4.81E-04
0.2663,4.35E-05,2.08E-05,1.08E-03,8.33E-04,4.81E-04
0.2665,4.34E-05,2.08E-05,1.08E-03,8.33E-04,4.81E-04
0.2667,4.34E-05,2.08E-05,1.08E-03,8.32E-04,4.80E-04
0.2669,4.34E-05,2.08E-05,1.08E-03,8.31E-04,4.80E-04
0.2671,4.33E-05,2.08E-05,1.07E-03,8.30E-04,4.80E-04
0.2673,4.33E-05,2.07E-05,1.07E-03,8.30E-04,4.79E-04
0.2675,4.33E-05,2.07E-05,1.07E-03,8.29E-04,4.79E-04
0.2677,4.32E-05,2.07E-05,1.07E-03,8.28E-04,4.79E-04
0.2679,4.32E-05,2.07E-05,1.07E-03,8.28E-04,4.79E-04
0.2681,4.32E-05,2.07E-05,1.07E-03,8.27E-04,4.78E-04
0.2683,4.31E-05,2.06E-05,1.07E-03,8.26E-04,4.78E-04
0.2685,4.31E-05,2.06E-05,1.07E-03,8.25E-04,4.78E-04
0.2687,4.31E-05,2.06E-05,1.07E-03,8.25E-04,4.77E-04
0.2689,4.31E-05,2.06E-05,1.07E-03,8.24E-04,4.77E-04
0.2691,4.30E-05,2.06E-05,1.06E-03,8.23E-04,4.77E-04
0.2693,4.30E-05,2.05E-05,1.06E-03,8.22E-04,4.77E-04
0.2695,4.30E-05,2.05E-05,1.06E-03,8.22E-04,4.76E-04
0.2697,4.29E-05,2.05E-05,1.06E-03,8.21E-04,4.76E-04
0.2699,4.29E-05,2.05E-05,1.06E-03,8.20E-04,4.76E-04
0.2701,4.29E-05,2.05E-05,1.06E-03,8.20E-04,4.75E-04
0.2703,4.28E-05,2.04E-05,1.06E-03,8.19E-04,4.75E-04
0.2705,4.28E-05,2.04E-05,1.06E-03,8.18E-04,4.75E-04
0.2707,4.28E-05,2.04E-05,1.06E-03,8.17E-04,4.75E-04
0.2709,4.27E-05,2.04E-05,1.06E-03,8.17E-04,4.74E-04
0.2711,4.27E-05,2.04E-05,1.05E-03,8.16E-04,4.74E-04
0.2713,4.27E-05,2.03E-05,1.05E-03,8.15E-04,4.74E-04
0.2715,4.27E-05,2.03E-05,1.05E-03,8.15E-04,4.73E-04
0.2717,4.26E-05,2.03E-05,1.05E-03,8.14E-04,4.73E-04
0.2719,4.26E-05,2.03E-05,1.05E-03,8.13E-04,4.73E-04
0.2721,4.26E-05,2.03E-05,1.05E-03,8.12E-04,4.73E-04
0.2723,4.25E-05,2.02E-05,1.05E-03,8.12E-04,4.72E-04
0.2725,4.25E-05,2.02E-05,1.05E-03,8.11E-04,4.72E-04
0.2727,4.25E-05,2.02E-05,1.05E-03,8.10E-04,4.72E-04
0.2729,4.24E-05,2.02E-05,1.05E-03,8.10E-04,4.71E-04
0.2731,4.24E-05,2.02E-05,1.05E-03,8.09E-04,4.71E-04
0.2733,4.24E-05,2.01E-05,1.04E-03,8.08E-04,4.71E-04
0.2735,4.24E-05,2.01E-05,1.04E-03,8.08E-04,4.71E-04
0.2737,4.23E-05,2.01E-05,1.04E-03,8.07E-04,4.70E-04
0.2739,4.23E-05,2.01E-05,1.04E-03,8.06E-04,4.70E-04
0.2741,4.23E-05,2.01E-05,1.04E-03,8.05E-04,4.70E-04
0.2743,4.22E-05,2.00E-05,1.04E-03,8.05E-04,4.69E-04
0.2745,4.22E-05,2.00E-05,1.04E-03,8.04E-04,4.69E-04
0.2747,4.22E-05,2.00E-05,1.04E-03,8.03E-04,4.69E-04
0.2749,4.21E-05,2.00E-05,1.04E-03,8.03E-04,4.68E-04
0.2751,4.21E-05,2.00E-05,1.04E-03,8.02E-04,4.68E-04
0.2753,4.21E-05,1.99E-05,1.03E-03,8.01E-04,4.68E-04
0.2755,4.21E-05,1.99E-05,1.03E-03,8.01E-04,4.68E-04
0.2757,4.20E-05,1.99E-05,1.03E-03,8.00E-04,4.67E-04
0.2759,4.20E-05,1.99E-05,1.03E-03,7.99E-04,4.67E-04
0.2761,4.20E-05,1.99E-05,1.03E-03,7.99E-04,4.67E-04
0.2763,4.19E-05,1.98E-05,1.03E-03,7.98E-04,4.66E-04
0.2765,4.19E-05,1.98E-05,1.03E-03,7.97E-04,4.66E-04
0.2767,4.19E-05,1.98E-05,1.03E-03,7.96E-04,4.66E-04
0.2769,4.19E-05,1.98E-05,1.03E-03,7.96E-04,4.65E-04
0.2771,4.18E-05,1.98E-05,1.03E-03,7.95E-04,4.65E-04
0.2773,4.18E-05,1.97E-05,1.03E-03,7.94E-04,4.65E-04
0.2775,4.18E-05,1.97E-05,1.02E-03,7.94E-04,4.65E-04
0.2777,4.17E-05,1.97E-05,1.02E-03,7.93E-04,4.64E-04
0.2779,4.17E-05,1.97E-05,1.02E-03,7.92E-04,4.64E-04
0.2781,4.17E-05,1.97E-05,1.02E-03,7.92E-04,4.64E-04
0.2783,4.17E-05,1.96E-05,1.02E-03,7.91E-04,4.63E-04
0.2785,4.16E-05,1.96E-05,1.02E-03,7.90E-04,4.63E-04
0.2787,4.16E-05,1.96E-05,1.02E-03,7.90E-04,4.63E-04
0.2789,4.16E-05,1.96E-05,1.02E-03,7.89E-04,4.63E-04
0.2791,4.15E-05,1.96E-05,1.02E-03,7.88E-04,4.62E-04
0.2793,4.15E-05,1.95E-05,1.02E-03,7.88E-04,4.62E-04
0.2795,4.15E-05,1.95E-05,1.02E-03,7.87E-04,4.62E-04
0.2797,4.15E-05,1.95E-05,1.01E-03,7.86E-04,4.61E-04
0.2799,4.14E-05,1.95E-05,1.01E-03,7.86E-04,4.61E-04
0.2801,4.14E-05,1.95E-05,1.01E-03,7.85E-04,4.61E-04
0.2803,4.14E-05,1.94E-05,1.01E-03,7.84E-04,4.60E-04
0.2805,4.14E-05,1.94E-05,1.01E-03,7.84E-04,4.60E-04
0.2807,4.13E-05,1.94E-05,1.01E-03,7.83E-04,4.60E-04
0.2809,4.13E-05,1.94E-05,1.01E-03,7.82E-04,4.60E-04
0.2811,4.13E-05,1.94E-05,1.01E-03,7.82E-04,4.59E-04
0.2813,4.12E-05,1.93E-05,1.01E-03,7.81E-04,4.59E-04
0.2815,4.12E-05,1.93E-05,1.01E-03,7.80E-04,4.59E-04
0.2817,4.12E-05,1.93E-05,1.01E-03,7.80E-04,4.58E-04
0.2819,4.12E-05,1.93E-05,1.00E-03,7.79E-04,4.58E-04
0.2821,4.11E-05,1.93E-05,1.00E-03,7.78E-04,4.58E-04
0.2823,4.11E-05,1.93E-05,1.00E-03,7.78E-04,4.57E-04
0.2825,4.11E-05,1.92E-05,1.00E-03,7.77E-04,4.57E-04
0.2827,4.11E-05,1.92E-05,1.00E-03,7.76E-04,4.57E-04
0.2829,4.10E-05,1.92E-05,1.00E-03,7.76E-04,4.56E-04
0.2831,4.10E-05,1.92E-05,9.99E-04,7.75E-04,4.56E-04
0.2833,4.10E-05,1.92E-05,9.98E-04,7.74E-04,4.56E-04
0.2835,4.09E-05,1.91E-05,9.97E-04,7.74E-04,4.56E-04
0.2837,4.09E-05,1.91E-05,9.96E-04,7.73E-04,4.55E-04
0.2839,4.09E-05,1.91E-05,9.95E-04,7.72E-04,4.55E-04
0.2841,4.09E-05,1.91E-05,9.94E-04,7.72E-04,4.55E-04
0.2843,4.08E-05,1.91E-05,9.93E-04,7.71E-04,4.54E-04
0.2845,4.08E-05,1.91E-05,9.93E-04,7.70E-04,4.54E-04
0.2847,4.08E-05,1.90E-05,9.92E-04,7.70E-04,4.54E-04
0.2849,4.08E-05,1.90E-05,9.91E-04,7.69E-04,4.53E-04
0.2851,4.07E-05,1.90E-05,9.90E-04,7.68E-04,4.53E-04
0.2853,4.07E-05,1.90E-05,9.89E-04,7.68E-04,4.53E-04
0.2855,4.07E-05,1.90E-05,9.88E-04,7.67E-04,4.52E-04
0.2857,4.07E-05,1.89E-05,9.87E-04,7.66E-04,4.52E-04
0.2859,4.06E-05,1.89E-05,9.86E-04,7.66E-04,4.52E-04
0.2861,4.06E-05,1.89E-05,9.85E-04,7.65E-04,4.52E-04
0.2863,4.06E-05,1.89E-05,9.85E-04,7.65E-04,4.51E-04
0.2865,4.06E-05,1.89E-05,9.84E-04,7.64E-04,4.51E-04
0.2867,4.05E-05,1.89E-05,9.83E-04,7.63E-04,4.51E-04
0.2869,4.05E-05,1.88E-05,9.82E-04,7.63E-04,4.50E-04
0.2871,4.05E-05,1.88E-05,9.81E-04,7.62E-04,4.50E-04
0.2873,4.05E-05,1.88E-05,9.80E-04,7.61E-04,4.50E-04
0.2875,4.04E-05,1.88E-05,9.79E-04,7.61E-04,4.49E-04
0.2877,4.04E-05,1.88E-05,9.78E-04,7.60E-04,4.49E-04
0.2879,4.04E-05,1.88E-05,9.78E-04,7.59E-04,4.49E-04
0.2881,4.03E-05,1.87E-05,9.77E-04,7.59E-04,4.48E-04
0.2883,4.03E-05,1.87E-05,9.76E-04,7.58E-04,4.48E-04
0.2885,4.03E-05,1.87E-05,9.75E-04,7.57E-04,4.48E-04
0.2887,4.03E-05,1.87E-05,9.74E-04,7.57E-04,4.48E-04
0.2889,4.02E-05,1.87E-05,9.73E-04,7.56E-04,4.47E-04
0.2891,4.02E-05,1.87E-05,9.72E-04,7.56E-04,4.47E-04
0.2893,4.02E-05,1.86E-05,9.71E-04,7.55E-04,4.47E-04
0.2895,4.02E-05,1.86E-05,9.71E-04,7.54E-04,4.46E-04
0.2897,4.01E-05,1.86E-05,9.70E-04,7.54E-04,4.46E-04
0.2899,4.01E-05,1.86E-05,9.69E-04,7.53E-04,4.46E-04
0.2901,4.01E-05,1.86E-05,9.68E-04,7.52E-04,4.45E-04
0.2903,4.01E-05,1.86E-05,9.67E-04,7.52E-04,4.45E-04
0.2905,4.00E-05,1.85E-05,9.66E-04,7.51E-04,4.45E-04
0.2907,4.00E-05,1.85E-05,9.65E-04,7.50E-04,4.44E-04
0.2909,4.00E-05,1.85E-05,9.65E-04,7.50E-04,4.44E-04
0.2911,4.00E-05,1.85E-05,9.64E-04,7.49E-04,4.44E-04
0.2913,4.00E-05,1.85E-05,9.63E-04,7.49E-04,4.43E-04
0.2915,3.99E-05,1.85E-05,9.62E-04,7.48E-04,4.43E-04
0.2917,3.99E-05,1.84E-05,9.61E-04,7.47E-04,4.43E-04
0.2919,3.99E-05,1.84E-05,9.60E-04,7.47E-04,4.42E-04
0.2921,3.99E-05,1.84E-05,9.59E-04,7.46E-04,4.42E-04
0.2923,3.98E-05,1.84E-05,9.59E-04,7.45E-04,4.42E-04
0.2925,3.98E-05,1.84E-05,9.58E-04,7.45E-04,4.42E-04
0.2927,3.98E-05,1.84E-05,9.57E-04,7.44E-04,4.41E-04
0.2929,3.98E-05,1.84E-05,9.56E-04,7.44E-04,4.41E-04
0.2931,3.97E-05,1.83E-05,9.55E-04,7.43E-04,4.41E-04
0.2933,3.97E-05,1.83E-05,9.54E-04,7.42E-04,4.40E-04
0.2935,3.97E-05,1.83E-05,9.53E-04,7.42E-04,4.40E-04
0.2937,3.97E-05,1.83E-05,9.53E-04,7.41E-04,4.40E-04
0.2939,3.96E-05,1.83E-05,9.52E-04,7.40E-04,4.39E-04
0.2941,3.96E-05,1.83E-05,9.51E-04,7.40E-04,4.39E-04
0.2943,3.96E-05,1.83E-05,9.50E-04,7.39E-04,4.39E-04
0.2945,3.96E-05,1.82E-05,9.49E-04,7.39E-04,4.38E-04
0.2947,3.95E-05,1.82E-05,9.48E-04,7.38E-04,4.38E-04
0.2949,3.95E-05,1.82E-05,9.48E-04,7.37E-04,4.38E-04
0.2951,3.95E-05,1.82E-05,9.47E-04,7.37E-04,4.37E-04
0.2953,3.95E-05,1.82E-05,9.46E-04,7.36E-04,4.37E-04
0.2955,3.94E-05,1.82E-05,9.45E-04,7.36E-04,4.37E-04
0.2957,3.94E-05,1.82E-05,9.44E-04,7.35E-04,4.36E-04
0.2959,3.94E-05,1.81E-05,9.43E-04,7.34E-04,4.36E-04
0.2961,3.94E-05,1.81E-05,9.43E-04,7.34E-04,4.36E-04
0.2963,3.93E-05,1.81E-05,9.42E-04,7.33E-04,4.35E-04
0.2965,3.93E-05,1.81E-05,9.41E-04,7.32E-04,4.35E-04
0.2967,3.93E-05,1.81E-05,9.40E-04,7.32E-04,4.35E-04
0.2969,3.93E-05,1.81E-05,9.39E-04,7.31E-04,4.34E-04
0.2971,3.93E-05,1.81E-05,9.38E-04,7.31E-04,4.34E-04
0.2973,3.92E-05,1.80E-05,9.38E-04,7.30E-04,4.34E-04
0.2975,3.92E-05,1.80E-05,9.37E-04,7.29E-04,4.33E-04
0.2977,3.92E-05,1.80E-05,9.36E-04,7.29E-04,4.33E-04
0.2979,3.92E-05,1.80E-05,9.35E-04,7.28E-04,4.33E-04
0.2981,3.91E-05,1.80E-05,9.34E-04,7.28E-04,4.33E-04
0.2983,3.91E-05,1.80E-05,9.33E-04,7.27E-04,4.32E-04
0.2985,3.91E-05,1.80E-05,9.33E-04,7.26E-04,4.32E-04
0.2987,3.91E-05,1.80E-05,9.32E-04,7.26E-04,4.32E-04
0.2989,3.90E-05,1.79E-05,9.31E-04,7.25E-04,4.31E-04
0.2991,3.90E-05,1.79E-05,9.30E-04,7.25E-04,4.31E-04
0.2993,3.90E-05,1.79E-05,9.29E-04,7.24E-04,4.31E-04
0.2995,3.90E-05,1.79E-05,9.28E-04,7.23E-04,4.30E-04
0.2997,3.90E-05,1.79E-05,9.28E-04,7.23E-04,4.30E-04
0.2999,3.89E-05,1.79E-05,9.27E-04,7.22E-04,4.30E-04
0.3001,3.89E-05,1.79E-05,9.26E-04,7.22E-04,4.29E-04
0.3003,3.89E-05,1.79E-05,9.25E-04,7.21E-04,4.29E-04
0.3005,3.89E-05,1.79E-05,9.24E-04,7.20E-04,4.29E-04
0.3007,3.88E-05,1.78E-05,9.24E-04,7.20E-04,4.28E-04
0.3009,3.88E-05,1.78E-05,9.23E-04,7.19E-04,4.28E-04
0.3011,3.88E-05,1.78E-05,9.22E-04,7.19E-04,4.28E-04
0.3013,3.88E-05,1.78E-05,9.21E-04,7.18E-04,4.27E-04
0.3015,3.88E-05,1.78E-05,9.20E-04,7.17E-04,4.27E-04
0.3017,3.87E-05,1.78E-05,9.20E-04,7.17E-04,4.27E-04
0.3019,3.87E-05,1.78E-05,9.19E-04,7.16E-04,4.26E-04
0.3021,3.87E-05,1.78E-05,9.18E-04,7.16E-04,4.26E-04
0.3023,3.87E-05,1.78E-05,9.17E-04,7.15E-04,4.26E-04
0.3025,3.86E-05,1.77E-05,9.16E-04,7.14E-04,4.25E-04
0.3027,3.86E-05,1.77E-05,9.16E-04,7.14E-04,4.25E-04
0.3029,3.86E-05,1.77E-05,9.15E-04,7.13E-04,4.25E-04
0.3031,3.86E-05,1.77E-05,9.14E-04,7.13E-04,4.24E-04
0.3033,3.85E-05,1.77E-05,9.13E-04,7.12E-04,4.24E-04
0.3035,3.85E-05,1.77E-05,9.12E-04,7.11E-04,4.24E-04
0.3037,3.85E-05,1.77E-05,9.12E-04,7.11E-04,4.23E-04
0.3039,3.85E-05,1.77E-05,9.11E-04,7.10E-04,4.23E-04
0.3041,3.85E-05,1.77E-05,9.10E-04,7.10E-04,4.23E-04
0.3043,3.84E-05,1.77E-05,9.09E-04,7.09E-04,4.22E-04
0.3045,3.84E-05,1.77E-05,9.08E-04,7.09E-04,4.22E-04
0.3047,3.84E-05,1.76E-05,9.08E-04,7.08E-04,4.22E-04
0.3049,3.84E-05,1.76E-05,9.07E-04,7.07E-04,4.21E-04
0.3051,3.84E-05,1.76E-05,9.06E-04,7.07E-04,4.21E-04
0.3053,3.83E-05,1.76E-05,9.05E-04,7.06E-04,4.21E-04
0.3055,3.83E-05,1.76E-05,9.04E-04,7.06E-04,4.20E-04
0.3057,3.83E-05,1.76E-05,9.04E-04,7.05E-04,4.20E-04
0.3059,3.83E-05,1.76E-05,9.03E-04,7.04E-04,4.20E-04
0.3061,3.82E-05,1.76E-05,9.02E-04,7.04E-04,4.19E-04
0.3063,3.82E-05,1.76E-05,9.01E-04,7.03E-04,4.19E-04
0.3065,3.82E-05,1.76E-05,9.00E-04,7.03E-04,4.19E-04
0.3067,3.82E-05,1.76E-05,9.00E-04,7.02E-04,4.18E-04
0.3069,3.82E-05,1.76E-05,8.99E-04,7.02E-04,4.18E-04
0.3071,3.81E-05,1.75E-05,8.98E-04,7.01E-04,4.18E-04
0.3073,3.81E-05,1.75E-05,8.97E-04,7.00E-04,4.17E-04
0.3075,3.81E-05,1.75E-05,8.97E-04,7.00E-04,4.17E-04
0.3077,3.81E-05,1.75E-05,8.96E-04,6.99E-04,4.17E-04
0.3079,3.80E-05,1.75E-05,8.95E-04,6.99E-04,4.16E-04
0.3081,3.80E-05,1.75E-05,8.94E-04,6.98E-04,4.16E-04
0.3083,3.80E-05,1.75E-05,8.93E-04,6.98E-04,4.16E-04
0.3085,3.80E-05,1.75E-05,8.93E-04,6.97E-04,4.15E-04
0.3087,3.80E-05,1.75E-05,8.92E-04,6.96E-04,4.15E-04
0.3089,3.79E-05,1.75E-05,8.91E-04,6.96E-04,4.15E-04
0.3091,3.79E-05,1.75E-05,8.90E-04,6.95E-04,4.14E-04
0.3093,3.79E-05,1.75E-05,8.90E-04,6.95E-04,4.14E-04
0.3095,3.79E-05,1.75E-05,8.89E-04,6.94E-04,4.14E-04
0.3097,3.79E-05,1.75E-05,8.88E-04,6.94E-04,4.13E-04
0.3099,3.78E-05,1.74E-05,8.87E-04,6.93E-04,4.13E-04
0.3101,3.78E-05,1.74E-05,8.86E-04,6.92E-04,4.13E-04
0.3103,3.78E-05,1.74E-05,8.86E-04,6.92E-04,4.12E-04
0.3105,3.78E-05,1.74E-05,8.85E-04,6.91E-04,4.12E-04
0.3107,3.77E-05,1.74E-05,8.84E-04,6.91E-04,4.12E-04
0.3109,3.77E-05,1.74E-05,8.83E-04,6.90E-04,4.11E-04
0.3111,3.77E-05,1.74E-05,8.83E-04,6.90E-04,4.11E-04
0.3113,3.77E-05,1.74E-05,8.82E-04,6.89E-04,4.11E-04
0.3115,3.77E-05,1.74E-05,8.81E-04,6.88E-04,4.10E-04
0.3117,3.76E-05,1.74E-05,8.80E-04,6.88E-04,4.10E-04
0.3119,3.76E-05,1.74E-05,8.80E-04,6.87E-04,4.10E-04
0.3121,3.76E-05,1.74E-05,8.79E-04,6.87E-04,4.09E-04
0.3123,3.76E-05,1.74E-05,8.78E-04,6.86E-04,4.09E-04
0.3125,3.76E-05,1.74E-05,8.77E-04,6.86E-04,4.09E-04
0.3127,3.75E-05,1.74E-05,8.76E-04,6.85E-04,4.08E-04
0.3129,3.75E-05,1.74E-05,8.76E-04,6.84E-04,4.08E-04
0.3131,3.75E-05,1.74E-05,8.75E-04,6.84E-04,4.08E-04
0.3133,3.75E-05,1.74E-05,8.74E-04,6.83E-04,4.07E-04
0.3135,3.75E-05,1.74E-05,8.73E-04,6.83E-04,4.07E-04
0.3137,3.74E-05,1.73E-05,8.73E-04,6.82E-04,4.07E-04
0.3139,3.74E-05,1.73E-05,8.72E-04,6.82E-04,4.06E-04
0.3141,3.74E-05,1.73E-05,8.71E-04,6.81E-04,4.06E-04
0.3143,3.74E-05,1.73E-05,8.70E-04,6.81E-04,4.06E-04
0.3145,3.73E-05,1.73E-05,8.70E-04,6.80E-04,4.06E-04
0.3147,3.73E-05,1.73E-05,8.69E-04,6.79E-04,4.05E-04
0.3149,3.73E-05,1.73E-05,8.68E-04,6.79E-04,4.05E-04
0.3151,3.73E-05,1.73E-05,8.67E-04,6.78E-04,4.05E-04
0.3153,3.73E-05,1.73E-05,8.67E-04,6.78E-04,4.04E-04
0.3155,3.72E-05,1.73E-05,8.66E-04,6.77E-04,4.04E-04
0.3157,3.72E-05,1.73E-05,8.65E-04,6.77E-04,4.04E-04
0.3159,3.72E-05,1.73E-05,8.64E-04,6.76E-04,4.03E-04
0.3161,3.72E-05,1.73E-05,8.64E-04,6.76E-04,4.03E-04
0.3163,3.72E-05,1.73E-05,8.63E-04,6.75E-04,4.03E-04
0.3165,3.71E-05,1.73E-05,8.62E-04,6.74E-04,4.02E-04
0.3167,3.71E-05,1.73E-05,8.61E-04,6.74E-04,4.02E-04
0.3169,3.71E-05,1.73E-05,8.61E-04,6.73E-04,4.02E-04
0.3171,3.71E-05,1.73E-05,8.60E-04,6.73E-04,4.01E-04
0.3173,3.71E-05,1.73E-05,8.59E-04,6.72E-04,4.01E-04
0.3175,3.70E-05,1.73E-05,8.58E-04,6.72E-04,4.01E-04
0.3177,3.70E-05,1.73E-05,8.58E-04,6.71E-04,4.00E-04
0.3179,3.70E-05,1.73E-05,8.57E-04,6.71E-04,4.00E-04
0.3181,3.70E-05,1.73E-05,8.56E-04,6.70E-04,4.00E-04
0.3183,3.70E-05,1.73E-05,8.55E-04,6.70E-04,3.99E-04
0.3185,3.69E-05,1.73E-05,8.55E-04,6.69E-04,3.99E-04
0.3187,3.69E-05,1.73E-05,8.54E-04,6.68E-04,3.99E-04
0.3189,3.69E-05,1.73E-05,8.53E-04,6.68E-04,3.98E-04
0.3191,3.69E-05,1.73E-05,8.53E-04,6.67E-04,3.98E-04
0.3193,3.69E-05,1.73E-05,8.52E-04,6.67E-04,3.98E-04
0.3195,3.68E-05,1.73E-05,8.51E-04,6.66E-04,3.97E-04
0.3197,3.68E-05,1.73E-05,8.50E-04,6.66E-04,3.97E-04
0.3199,3.68E-05,1.73E-05,8.50E-04,6.65E-04,3.97E-04
0.3201,3.68E-05,1.73E-05,8.49E-04,6.65E-04,3.96E-04
0.3203,3.68E-05,1.73E-05,8.48E-04,6.64E-04,3.96E-04
0.3205,3.67E-05,1.73E-05,8.47E-04,6.64E-04,3.96E-04
0.3207,3.67E-05,1.73E-05,8.47E-04,6.63E-04,3.95E-04
0.3209,3.67E-05,1.73E-05,8.46E-04,6.62E-04,3.95E-04
0.3211,3.67E-05,1.73E-05,8.45E-04,6.62E-04,3.95E-04
0.3213,3.67E-05,1.73E-05,8.44E-04,6.61E-04,3.94E-04
0.3215,3.66E-05,1.73E-05,8.44E-04,6.61E-04,3.94E-04
0.3217,3.66E-05,1.73E-05,8.43E-04,6.60E-04,3.94E-04
0.3219,3.66E-05,1.73E-05,8.42E-04,6.60E-04,3.93E-04
0.3221,3.66E-05,1.73E-05,8.42E-04,6.59E-04,3.93E-04
0.3223,3.66E-05,1.73E-05,8.41E-04,6.59E-04,3.93E-04
0.3225,3.65E-05,1.73E-05,8.40E-04,6.58E-04,3.92E-04
0.3227,3.65E-05,1.73E-05,8.39E-04,6.58E-04,3.92E-04
0.3229,3.65E-05,1.73E-05,8.39E-04,6.57E-04,3.92E-04
0.3231,3.65E-05,1.73E-05,8.38E-04,6.57E-04,3.91E-04
0.3233,3.65E-05,1.73E-05,8.37E-04,6.56E-04,3.91E-04
0.3235,3.64E-05,1.73E-05,8.37E-04,6.56E-04,3.91E-04
0.3237,3.64E-05,1.73E-05,8.36E-04,6.55E-04,3.90E-04
0.3239,3.64E-05,1.73E-05,8.35E-04,6.54E-04,3.90E-04
0.3241,3.64E-05,1.73E-05,8.34E-04,6.54E-04,3.90E-04
0.3243,3.64E-05,1.73E-05,8.34E-04,6.53E-04,3.89E-04
0.3245,3.63E-05,1.73E-05,8.33E-04,6.53E-04,3.89E-04
0.3247,3.63E-05,1.73E-05,8.32E-04,6.52E-04,3.89E-04
0.3249,3.63E-05,1.73E-05,8.32E-04,6.52E-04,3.88E-04
0.3251,3.63E-05,1.73E-05,8.31E-04,6.51E-04,3.88E-04
0.3253,3.63E-05,1.73E-05,8.30E-04,6.51E-04,3.88E-04
0.3255,3.63E-05,1.73E-05,8.29E-04,6.50E-04,3.87E-04
0.3257,3.62E-05,1.73E-05,8.29E-04,6.50E-04,3.87E-04
0.3259,3.62E-05,1.73E-05,8.28E-04,6.49E-04,3.87E-04
0.3261,3.62E-05,1.73E-05,8.27E-04,6.49E-04,3.86E-04
0.3263,3.62E-05,1.73E-05,8.27E-04,6.48E-04,3.86E-04
0.3265,3.62E-05,1.73E-05,8.26E-04,6.48E-04,3.86E-04
0.3267,3.61E-05,1.73E-05,8.25E-04,6.47E-04,3.85E-04
0.3269,3.61E-05,1.73E-05,8.24E-04,6.47E-04,3.85E-04
0.3271,3.61E-05,1.73E-05,8.24E-04,6.46E-04,3.85E-04
0.3273,3.61E-05,1.73E-05,8.23E-04,6.45E-04,3.84E-04
0.3275,3.61E-05,1.73E-05,8.22E-04,6.45E-04,3.84E-04
0.3277,3.60E-05,1.73E-05,8.22E-04,6.44E-04,3.84E-04
0.3279,3.60E-05,1.73E-05,8.21E-04,6.44E-04,3.84E-04
0.3281,3.60E-05,1.73E-05,8.20E-04,6.43E-04,3.83E-04
0.3283,3.60E-05,1.73E-05,8.20E-04,6.43E-04,3.83E-04
0.3285,3.60E-05,1.73E-05,8.19E-04,6.42E-04,3.83E-04
0.3287,3.59E-05,1.73E-05,8.18E-04,6.42E-04,3.82E-04
0.3289,3.59E-05,1.73E-05,8.17E-04,6.41E-04,3.82E-04
0.3291,3.59E-05,1.73E-05,8.17E-04,6.41E-04,3.82E-04
0.3293,3.59E-05,1.73E-05,8.16E-04,6.40E-04,3.81E-04
0.3295,3.59E-05,1.73E-05,8.15E-04,6.40E-04,3.81E-04
0.3297,3.59E-05,1.73E-05,8.15E-04,6.39E-04,3.81E-04
0.3299,3.58E-05,1.73E-05,8.14E-04,6.39E-04,3.80E-04
0.3301,3.58E-05,1.73E-05,8.13E-04,6.38E-04,3.80E-04
0.3303,3.58E-05,1.73E-05,8.13E-04,6.38E-04,3.80E-04
0.3305,3.58E-05,1.73E-05,8.12E-04,6.37E-04,3.79E-04
0.3307,3.58E-05,1.73E-05,8.11E-04,6.37E-04,3.79E-04
0.3309,3.57E-05,1.73E-05,8.10E-04,6.36E-04,3.79E-04
0.3311,3.57E-05,1.73E-05,8.10E-04,6.36E-04,3.78E-04
0.3313,3.57E-05,1.73E-05,8.09E-04,6.35E-04,3.78E-04
0.3315,3.57E-05,1.73E-05,8.08E-04,6.35E-04,3.78E-04
0.3317,3.57E-05,1.73E-05,8.08E-04,6.34E-04,3.77E-04
0.3319,3.57E-05,1.73E-05,8.07E-04,6.34E-04,3.77E-04
0.3321,3.56E-05,1.73E-05,8.06E-04,6.33E-04,3.77E-04
0.3323,3.56E-05,1.73E-05,8.06E-04,6.33E-04,3.76E-04
0.3325,3.56E-05,1.73E-05,8.05E-04,6.32E-04,3.76E-04
0.3327,3.56E-05,1.73E-05,8.04E-04,6.32E-04,3.76E-04
0.3329,3.56E-05,1.73E-05,8.04E-04,6.31E-04,3.76E-04
0.3331,3.55E-05,1.73E-05,8.03E-04,6.30E-04,3.75E-04
0.3333,3.55E-05,1.73E-05,8.02E-04,6.30E-04,3.75E-04
0.3335,3.55E-05,1.73E-05,8.02E-04,6.29E-04,3.75E-04
0.3337,3.55E-05,1.73E-05,8.01E-04,6.29E-04,3.74E-04
0.3339,3.55E-05,1.74E-05,8.00E-04,6.28E-04,3.74E-04
0.3341,3.55E-05,1.74E-05,7.99E-04,6.28E-04,3.74E-04
0.3343,3.54E-05,1.74E-05,7.99E-04,6.27E-04,3.73E-04
0.3345,3.54E-05,1.74E-05,7.98E-04,6.27E-04,3.73E-04
0.3347,3.54E-05,1.74E-05,7.97E-04,6.26E-04,3.73E-04
0.3349,3.54E-05,1.74E-05,7.97E-04,6.26E-04,3.72E-04
0.3351,3.54E-05,1.74E-05,7.96E-04,6.25E-04,3.72E-04
0.3353,3.53E-05,1.74E-05,7.95E-04,6.25E-04,3.72E-04
0.3355,3.53E-05,1.74E-05,7.95E-04,6.24E-04,3.71E-04
0.3357,3.53E-05,1.74E-05,7.94E-04,6.24E-04,3.71E-04
0.3359,3.53E-05,1.74E-05,7.93E-04,6.23E-04,3.71E-04
0.3361,3.53E-05,1.74E-05,7.93E-04,6.23E-04,3.70E-04
0.3363,3.53E-05,1.74E-05,7.92E-04,6.22E-04,3.70E-04
0.3365,3.52E-05,1.74E-05,7.91E-04,6.22E-04,3.70E-04
0.3367,3.52E-05,1.74E-05,7.91E-04,6.21E-04,3.70E-04
0.3369,3.52E-05,1.74E-05,7.90E-04,6.21E-04,3.69E-04
0.3371,3.52E-05,1.74E-05,7.89E-04,6.20E-04,3.69E-04
0.3373,3.52E-05,1.74E-05,7.89E-04,6.20E-04,3.69E-04
0.3375,3.51E-05,1.74E-05,7.88E-04,6.19E-04,3.68E-04
0.3377,3.51E-05,1.74E-05,7.87E-04,6.19E-04,3.68E-04
0.3379,3.51E-05,1.74E-05,7.87E-04,6.18E-04,3.68E-04
0.3381,3.51E-05,1.74E-05,7.86E-04,6.18E-04,3.67E-04
0.3383,3.51E-05,1.74E-05,7.85E-04,6.17E-04,3.67E-04
0.3385,3.51E-05,1.74E-05,7.85E-04,6.17E-04,3.67E-04
0.3387,3.50E-05,1.74E-05,7.84E-04,6.16E-04,3.66E-04
0.3389,3.50E-05,1.74E-05,7.83E-04,6.16E-04,3.66E-04
0.3391,3.50E-05,1.75E-05,7.83E-04,6.15E-04,3.66E-04
0.3393,3.50E-05,1.75E-05,7.82E-04,6.15E-04,3.66E-04
0.3395,3.50E-05,1.75E-05,7.81E-04,6.14E-04,3.65E-04
0.3397,3.50E-05,1.75E-05,7.81E-04,6.14E-04,3.65E-04
0.3399,3.49E-05,1.75E-05,7.80E-04,6.13E-04,3.65E-04
0.3401,3.49E-05,1.75E-05,7.79E-04,6.13E-04,3.64E-04
0.3403,3.49E-05,1.75E-05,7.79E-04,6.12E-04,3.64E-04
0.3405,3.49E-05,1.75E-05,7.78E-04,6.12E-04,3.64E-04
0.3407,3.49E-05,1.75E-05,7.77E-04,6.11E-04,3.63E-04
0.3409,3.49E-05,1.75E-05,7.77E-04,6.11E-04,3.63E-04
0.3411,3.48E-05,1.75E-05,7.76E-04,6.10E-04,3.63E-04
0.3413,3.48E-05,1.75E-05,7.75E-04,6.10E-04,3.62E-04
0.3415,3.48E-05,1.75E-05,7.75E-04,6.10E-04,3.62E-04
0.3417,3.48E-05,1.75E-05,7.74E-04,6.09E-04,3.62E-04
0.3419,3.48E-05,1.75E-05,7.73E-04,6.09E-04,3.62E-04
0.3421,3.48E-05,1.75E-05,7.73E-04,6.08E-04,3.61E-04
0.3423,3.47E-05,1.75E-05,7.72E-04,6.08E-04,3.61E-04
0.3425,3.47E-05,1.75E-05,7.71E-04,6.07E-04,3.61E-04
0.3427,3.47E-05,1.75E-05,7.71E-04,6.07E-04,3.60E-04
0.3429,3.47E-05,1.75E-05,7.70E-04,6.06E-04,3.60E-04
0.3431,3.47E-05,1.75E-05,7.70E-04,6.06E-04,3.60E-04
0.3433,3.47E-05,1.75E-05,7.69E-04,6.05E-04,3.59E-04
0.3435,3.46E-05,1.76E-05,7.68E-04,6.05E-04,3.59E-04
0.3437,3.46E-05,1.76E-05,7.68E-04,6.04E-04,3.59E-04
0.3439,3.46E-05,1.76E-05,7.67E-04,6.04E-04,3.59E-04
0.3441,3.46E-05,1.76E-05,7.66E-04,6.03E-04,3.58E-04
0.3443,3.46E-05,1.76E-05,7.66E-04,6.03E-04,3.58E-04
0.3445,3.46E-05,1.76E-05,7.65E-04,6.02E-04,3.58E-04
0.3447,3.45E-05,1.76E-05,7.64E-04,6.02E-04,3.57E-04
0.3449,3.45E-05,1.76E-05,7.64E-04,6.01E-04,3.57E-04
0.3451,3.45E-05,1.76E-05,7.63E-04,6.01E-04,3.57E-04
0.3453,3.45E-05,1.76E-05,7.62E-04,6.00E-04,3.56E-04
0.3455,3.45E-05,1.76E-05,7.62E-04,6.00E-04,3.56E-04
0.3457,3.45E-05,1.76E-05,7.61E-04,5.99E-04,3.56E-04
0.3459,3.44E-05,1.76E-05,7.60E-04,5.99E-04,3.56E-04
0.3461,3.44E-05,1.76E-05,7.60E-04,5.98E-04,3.55E-04
0.3463,3.44E-05,1.76E-05,7.59E-04,5.98E-04,3.55E-04
0.3465,3.44E-05,1.76E-05,7.59E-04,5.97E-04,3.55E-04
0.3467,3.44E-05,1.76E-05,7.58E-04,5.97E-04,3.54E-04
0.3469,3.44E-05,1.76E-05,7.57E-04,5.96E-04,3.54E-04
0.3471,3.43E-05,1.76E-05,7.57E-04,5.96E-04,3.54E-04
0.3473,3.43E-05,1.76E-05,7.56E-04,5.95E-04,3.54E-04
0.3475,3.43E-05,1.76E-05,7.55E-04,5.95E-04,3.53E-04
0.3477,3.43E-05,1.77E-05,7.55E-04,5.95E-04,3.53E-04
0.3479,3.43E-05,1.77E-05,7.54E-04,5.94E-04,3.53E-04
0.3481,3.43E-05,1.77E-05,7.53E-04,5.94E-04,3.52E-04
0.3483,3.42E-05,1.77E-05,7.53E-04,5.93E-04,3.52E-04
0.3485,3.42E-05,1.77E-05,7.52E-04,5.93E-04,3.52E-04
0.3487,3.42E-05,1.77E-05,7.52E-04,5.92E-04,3.51E-04
0.3489,3.42E-05,1.77E-05,7.51E-04,5.92E-04,3.51E-04
0.3491,3.42E-05,1.77E-05,7.50E-04,5.91E-04,3.51E-04
0.3493,3.42E-05,1.77E-05,7.50E-04,5.91E-04,3.51E-04
0.3495,3.41E-05,1.77E-05,7.49E-04,5.90E-04,3.50E-04
0.3497,3.41E-05,1.77E-05,7.48E-04,5.90E-04,3.50E-04
0.3499,3.41E-05,1.77E-05,7.48E-04,5.89E-04,3.50E-04
0.3501,3.41E-05,1.77E-05,7.47E-04,5.89E-04,3.49E-04
0.3503,3.41E-05,1.77E-05,7.46E-04,5.88E-04,3.49E-04
0.3505,3.41E-05,1.77E-05,7.46E-04,5.88E-04,3.49E-04
0.3507,3.41E-05,1.77E-05,7.45E-04,5.87E-04,3.49E-04
0.3509,3.40E-05,1.77E-05,7.45E-04,5.87E-04,3.48E-04
0.3511,3.40E-05,1.77E-05,7.44E-04,5.86E-04,3.48E-04
0.3513,3.40E-05,1.77E-05,7.43E-04,5.86E-04,3.48E-04
0.3515,3.40E-05,1.78E-05,7.43E-04,5.86E-04,3.47E-04
0.3517,3.40E-05,1.78E-05,7.42E-04,5.85E-04,3.47E-04
0.3519,3.40E-05,1.78E-05,7.41E-04,5.85E-04,3.47E-04
0.3521,3.39E-05,1.78E-05,7.41E-04,5.84E-04,3.47E-04
0.3523,3.39E-05,1.78E-05,7.40E-04,5.84E-04,3.46E-04
0.3525,3.39E-05,1.78E-05,7.40E-04,5.83E-04,3.46E-04
0.3527,3.39E-05,1.78E-05,7.39E-04,5.83E-04,3.46E-04
0.3529,3.39E-05,1.78E-05,7.38E-04,5.82E-04,3.45E-04
0.3531,3.39E-05,1.78E-05,7.38E-04,5.82E-04,3.45E-04
0.3533,3.39E-05,1.78E-05,7.37E-04,5.81E-04,3.45E-04
0.3535,3.38E-05,1.78E-05,7.36E-04,5.81E-04,3.45E-04
0.3537,3.38E-05,1.78E-05,7.36E-04,5.80E-04,3.44E-04
0.3539,3.38E-05,1.78E-05,7.35E-04,5.80E-04,3.44E-04
0.3541,3.38E-05,1.78E-05,7.35E-04,5.79E-04,3.44E-04
0.3543,3.38E-05,1.78E-05,7.34E-04,5.79E-04,3.43E-04
0.3545,3.38E-05,1.78E-05,7.33E-04,5.79E-04,3.43E-04
0.3547,3.37E-05,1.78E-05,7.33E-04,5.78E-04,3.43E-04
0.3549,3.37E-05,1.78E-05,7.32E-04,5.78E-04,3.43E-04
0.3551,3.37E-05,1.78E-05,7.32E-04,5.77E-04,3.42E-04
0.3553,3.37E-05,1.78E-05,7.31E-04,5.77E-04,3.42E-04
0.3555,3.37E-05,1.79E-05,7.30E-04,5.76E-04,3.42E-04
0.3557,3.37E-05,1.79E-05,7.30E-04,5.76E-04,3.42E-04
0.3559,3.37E-05,1.79E-05,7.29E-04,5.75E-04,3.41E-04
0.3561,3.36E-05,1.79E-05,7.28E-04,5.75E-04,3.41E-04
0.3563,3.36E-05,1.79E-05,7.28E-04,5.74E-04,3.41E-04
0.3565,3.36E-05,1.79E-05,7.27E-04,5.74E-04,3.40E-04
0.3567,3.36E-05,1.79E-05,7.27E-04,5.73E-04,3.40E-04
0.3569,3.36E-05,1.79E-05,7.26E-04,5.73E-04,3.40E-04
0.3571,3.36E-05,1.79E-05,7.25E-04,5.73E-04,3.40E-04
0.3573,3.36E-05,1.79E-05,7.25E-04,5.72E-04,3.39E-04
0.3575,3.35E-05,1.79E-05,7.24E-04,5.72E-04,3.39E-04
0.3577,3.35E-05,1.79E-05,7.24E-04,5.71E-04,3.39E-04
0.3579,3.35E-05,1.79E-05,7.23E-04,5.71E-04,3.39E-04
0.3581,3.35E-05,1.79E-05,7.22E-04,5.70E-04,3.38E-04
0.3583,3.35E-05,1.79E-05,7.22E-04,5.70E-04,3.38E-04
0.3585,3.35E-05,1.79E-05,7.21E-04,5.69E-04,3.38E-04
0.3587,3.35E-05,1.79E-05,7.21E-04,5.69E-04,3.37E-04
0.3589,3.34E-05,1.79E-05,7.20E-04,5.68E-04,3.37E-04
0.3591,3.34E-05,1.79E-05,7.19E-04,5.68E-04,3.37E-04
0.3593,3.34E-05,1.80E-05,7.19E-04,5.68E-04,3.37E-04
0.3595,3.34E-05,1.80E-05,7.18E-04,5.67E-04,3.36E-04
0.3597,3.34E-05,1.80E-05,7.18E-04,5.67E-04,3.36E-04
0.3599,3.34E-05,1.80E-05,7.17E-04,5.66E-04,3.36E-04
0.3601,3.34E-05,1.80E-05,7.16E-04,5.66E-04,3.36E-04
0.3603,3.33E-05,1.80E-05,7.16E-04,5.65E-04,3.35E-04
0.3605,3.33E-05,1.80E-05,7.15E-04,5.65E-04,3.35E-04
0.3607,3.33E-05,1.80E-05,7.15E-04,5.64E-04,3.35E-04
0.3609,3.33E-05,1.80E-05,7.14E-04,5.64E-04,3.34E-04
0.3611,3.33E-05,1.80E-05,7.13E-04,5.63E-04,3.34E-04
0.3613,3.33E-05,1.80E-05,7.13E-04,5.63E-04,3.34E-04
0.3615,3.33E-05,1.80E-05,7.12E-04,5.63E-04,3.34E-04
0.3617,3.32E-05,1.80E-05,7.12E-04,5.62E-04,3.33E-04
0.3619,3.32E-05,1.80E-05,7.11E-04,5.62E-04,3.33E-04
0.3621,3.32E-05,1.80E-05,7.10E-04,5.61E-04,3.33E-04
0.3623,3.32E-05,1.80E-05,7.10E-04,5.61E-04,3.33E-04
0.3625,3.32E-05,1.80E-05,7.09E-04,5.60E-04,3.32E-04
0.3627,3.32E-05,1.80E-05,7.09E-04,5.60E-04,3.32E-04
0.3629,3.32E-05,1.80E-05,7.08E-04,5.59E-04,3.32E-04
0.3631,3.32E-05,1.80E-05,7.07E-04,5.59E-04,3.32E-04
0.3633,3.31E-05,1.80E-05,7.07E-04,5.59E-04,3.31E-04
0.3635,3.31E-05,1.81E-05,7.06E-04,5.58E-04,3.31E-04
0.3637,3.31E-05,1.81E-05,7.06E-04,5.58E-04,3.31E-04
0.3639,3.31E-05,1.81E-05,7.05E-04,5.57E-04,3.30E-04
0.3641,3.31E-05,1.81E-05,7.04E-04,5.57E-04,3.30E-04
0.3643,3.31E-05,1.81E-05,7.04E-04,5.56E-04,3.30E-04
0.3645,3.31E-05,1.81E-05,7.03E-04,5.56E-04,3.30E-04
0.3647,3.30E-05,1.81E-05,7.03E-04,5.55E-04,3.29E-04
0.3649,3.30E-05,1.81E-05,7.02E-04,5.55E-04,3.29E-04
0.3651,3.30E-05,1.81E-05,7.02E-04,5.55E-04,3.29E-04
0.3653,3.30E-05,1.81E-05,7.01E-04,5.54E-04,3.29E-04
0.3655,3.30E-05,1.81E-05,7.00E-04,5.54E-04,3.28E-04
0.3657,3.30E-05,1.81E-05,7.00E-04,5.53E-04,3.28E-04
0.3659,3.30E-05,1.81E-05,6.99E-04,5.53E-04,3.28E-04
0.3661,3.30E-05,1.81E-05,6.99E-04,5.52E-04,3.28E-04
0.3663,3.29E-05,1.81E-05,6.98E-04,5.52E-04,3.27E-04
0.3665,3.29E-05,1.81E-05,6.97E-04,5.51E-04,3.27E-04
0.3667,3.29E-05,1.81E-05,6.97E-04,5.51E-04,3.27E-04
0.3669,3.29E-05,1.81E-05,6.96E-04,5.51E-04,3.27E-04
0.3671,3.29E-05,1.81E-05,6.96E-04,5.50E-04,3.26E-04
0.3673,3.29E-05,1.81E-05,6.95E-04,5.50E-04,3.26E-04
0.3675,3.29E-05,1.81E-05,6.95E-04,5.49E-04,3.26E-04
0.3677,3.29E-05,1.82E-05,6.94E-04,5.49E-04,3.26E-04
0.3679,3.28E-05,1.82E-05,6.93E-04,5.48E-04,3.25E-04
0.3681,3.28E-05,1.82E-05,6.93E-04,5.48E-04,3.25E-04
0.3683,3.28E-05,1.82E-05,6.92E-04,5.48E-04,3.25E-04
0.3685,3.28E-05,1.82E-05,6.92E-04,5.47E-04,3.25E-04
0.3687,3.28E-05,1.82E-05,6.91E-04,5.47E-04,3.24E-04
0.3689,3.28E-05,1.82E-05,6.91E-04,5.46E-04,3.24E-04
0.3691,3.28E-05,1.82E-05,6.90E-04,5.46E-04,3.24E-04
0.3693,3.28E-05,1.82E-05,6.89E-04,5.45E-04,3.24E-04
0.3695,3.27E-05,1.82E-05,6.89E-04,5.45E-04,3.23E-04
0.3697,3.27E-05,1.82E-05,6.88E-04,5.45E-04,3.23E-04
0.3699,3.27E-05,1.82E-05,6.88E-04,5.44E-04,3.23E-04
0.3701,3.27E-05,1.82E-05,6.87E-04,5.44E-04,3.23E-04
0.3703,3.27E-05,1.82E-05,6.86E-04,5.43E-04,3.22E-04
0.3705,3.27E-05,1.82E-05,6.86E-04,5.43E-04,3.22E-04
0.3707,3.27E-05,1.82E-05,6.85E-04,5.42E-04,3.22E-04
0.3709,3.27E-05,1.82E-05,6.85E-04,5.42E-04,3.21E-04
0.3711,3.26E-05,1.82E-05,6.84E-04,5.41E-04,3.21E-04
0.3713,3.26E-05,1.82E-05,6.84E-04,5.41E-04,3.21E-04
0.3715,3.26E-05,1.82E-05,6.83E-04,5.41E-04,3.21E-04
0.3717,3.26E-05,1.82E-05,6.83E-04,5.40E-04,3.20E-04
0.3719,3.26E-05,1.82E-05,6.82E-04,5.40E-04,3.20E-04
0.3721,3.26E-05,1.83E-05,6.81E-04,5.39E-04,3.20E-04
0.3723,3.26E-05,1.83E-05,6.81E-04,5.39E-04,3.20E-04
0.3725,3.26E-05,1.83E-05,6.80E-04,5.38E-04,3.20E-04
0.3727,3.25E-05,1.83E-05,6.80E-04,5.38E-04,3.19E-04
0.3729,3.25E-05,1.83E-05,6.79E-04,5.38E-04,3.19E-04
0.3731,3.25E-05,1.83E-05,6.79E-04,5.37E-04,3.19E-04
0.3733,3.25E-05,1.83E-05,6.78E-04,5.37E-04,3.19E-04
0.3735,3.25E-05,1.83E-05,6.77E-04,5.36E-04,3.18E-04
0.3737,3.25E-05,1.83E-05,6.77E-04,5.36E-04,3.18E-04
0.3739,3.25E-05,1.83E-05,6.76E-04,5.35E-04,3.18E-04
0.3741,3.25E-05,1.83E-05,6.76E-04,5.35E-04,3.18E-04
0.3743,3.25E-05,1.83E-05,6.75E-04,5.35E-04,3.17E-04
0.3745,3.24E-05,1.83E-05,6.75E-04,5.34E-04,3.17E-04
0.3747,3.24E-05,1.83E-05,6.74E-04,5.34E-04,3.17E-04
0.3749,3.24E-05,1.83E-05,6.73E-04,5.33E-04,3.17E-04
0.3751,3.24E-05,1.83E-05,6.73E-04,5.33E-04,3.16E-04
0.3753,3.24E-05,1.83E-05,6.72E-04,5.33E-04,3.16E-04
0.3755,3.24E-05,1.83E-05,6.72E-04,5.32E-04,3.16E-04
0.3757,3.24E-05,1.83E-05,6.71E-04,5.32E-04,3.16E-04
0.3759,3.24E-05,1.83E-05,6.71E-04,5.31E-04,3.15E-04
0.3761,3.24E-05,1.83E-05,6.70E-04,5.31E-04,3.15E-04
0.3763,3.23E-05,1.83E-05,6.70E-04,5.30E-04,3.15E-04
0.3765,3.23E-05,1.84E-05,6.69E-04,5.30E-04,3.15E-04
0.3767,3.23E-05,1.84E-05,6.68E-04,5.30E-04,3.14E-04
0.3769,3.23E-05,1.84E-05,6.68E-04,5.29E-04,3.14E-04
0.3771,3.23E-05,1.84E-05,6.67E-04,5.29E-04,3.14E-04
0.3773,3.23E-05,1.84E-05,6.67E-04,5.28E-04,3.14E-04
0.3775,3.23E-05,1.84E-05,6.66E-04,5.28E-04,3.13E-04
0.3777,3.23E-05,1.84E-05,6.66E-04,5.27E-04,3.13E-04
0.3779,3.23E-05,1.84E-05,6.65E-04,5.27E-04,3.13E-04
0.3781,3.22E-05,1.84E-05,6.65E-04,5.27E-04,3.13E-04
0.3783,3.22E-05,1.84E-05,6.64E-04,5.26E-04,3.12E-04
0.3785,3.22E-05,1.84E-05,6.63E-04,5.26E-04,3.12E-04
0.3787,3.22E-05,1.84E-05,6.63E-04,5.25E-04,3.12E-04
0.3789,3.22E-05,1.84E-05,6.62E-04,5.25E-04,3.12E-04
0.3791,3.22E-05,1.84E-05,6.62E-04,5.25E-04,3.11E-04
0.3793,3.22E-05,1.84E-05,6.61E-04,5.24E-04,3.11E-04
0.3795,3.22E-05,1.84E-05,6.61E-04,5.24E-04,3.11E-04
0.3797,3.22E-05,1.84E-05,6.60E-04,5.23E-04,3.11E-04
0.3799,3.21E-05,1.84E-05,6.60E-04,5.23E-04,3.11E-04
0.3801,3.21E-05,1.84E-05,6.59E-04,5.22E-04,3.10E-04
0.3803,3.21E-05,1.84E-05,6.59E-04,5.22E-04,3.10E-04
0.3805,3.21E-05,1.84E-05,6.58E-04,5.22E-04,3.10E-04
0.3807,3.21E-05,1.84E-05,6.57E-04,5.21E-04,3.10E-04
0.3809,3.21E-05,1.84E-05,6.57E-04,5.21E-04,3.09E-04
0.3811,3.21E-05,1.84E-05,6.56E-04,5.20E-04,3.09E-04
0.3813,3.21E-05,1.85E-05,6.56E-04,5.20E-04,3.09E-04
0.3815,3.21E-05,1.85E-05,6.55E-04,5.20E-04,3.09E-04
0.3817,3.21E-05,1.85E-05,6.55E-04,5.19E-04,3.08E-04
0.3819,3.20E-05,1.85E-05,6.54E-04,5.19E-04,3.08E-04
0.3821,3.20E-05,1.85E-05,6.54E-04,5.18E-04,3.08E-04
0.3823,3.20E-05,1.85E-05,6.53E-04,5.18E-04,3.08E-04
0.3825,3.20E-05,1.85E-05,6.53E-04,5.17E-04,3.07E-04
0.3827,3.20E-05,1.85E-05,6.52E-04,5.17E-04,3.07E-04
0.3829,3.20E-05,1.85E-05,6.51E-04,5.17E-04,3.07E-04
0.3831,3.20E-05,1.85E-05,6.51E-04,5.16E-04,3.07E-04
0.3833,3.20E-05,1.85E-05,6.50E-04,5.16E-04,3.06E-04
0.3835,3.20E-05,1.85E-05,6.50E-04,5.15E-04,3.06E-04
0.3837,3.20E-05,1.85E-05,6.49E-04,5.15E-04,3.06E-04
0.3839,3.19E-05,1.85E-05,6.49E-04,5.15E-04,3.06E-04
0.3841,3.19E-05,1.85E-05,6.48E-04,5.14E-04,3.06E-04
0.3843,3.19E-05,1.85E-05,6.48E-04,5.14E-04,3.05E-04
0.3845,3.19E-05,1.85E-05,6.47E-04,5.13E-04,3.05E-04
0.3847,3.19E-05,1.85E-05,6.47E-04,5.13E-04,3.05E-04
0.3849,3.19E-05,1.85E-05,6.46E-04,5.13E-04,3.05E-04
0.3851,3.19E-05,1.85E-05,6.46E-04,5.12E-04,3.04E-04
0.3853,3.19E-05,1.85E-05,6.45E-04,5.12E-04,3.04E-04
0.3855,3.19E-05,1.85E-05,6.45E-04,5.11E-04,3.04E-04
0.3857,3.19E-05,1.85E-05,6.44E-04,5.11E-04,3.04E-04
0.3859,3.18E-05,1.86E-05,6.43E-04,5.11E-04,3.03E-04
0.3861,3.18E-05,1.86E-05,6.43E-04,5.10E-04,3.03E-04
0.3863,3.18E-05,1.86E-05,6.42E-04,5.10E-04,3.03E-04
0.3865,3.18E-05,1.86E-05,6.42E-04,5.09E-04,3.03E-04
0.3867,3.18E-05,1.86E-05,6.41E-04,5.09E-04,3.03E-04
0.3869,3.18E-05,1.86E-05,6.41E-04,5.09E-04,3.02E-04
0.3871,3.18E-05,1.86E-05,6.40E-04,5.08E-04,3.02E-04
0.3873,3.18E-05,1.86E-05,6.40E-04,5.08E-04,3.02E-04
0.3875,3.18E-05,1.86E-05,6.39E-04,5.07E-04,3.02E-04
0.3877,3.18E-05,1.86E-05,6.39E-04,5.07E-04,3.01E-04
0.3879,3.18E-05,1.86E-05,6.38E-04,5.07E-04,3.01E-04
0.3881,3.17E-05,1.86E-05,6.38E-04,5.06E-04,3.01E-04
0.3883,3.17E-05,1.86E-05,6.37E-04,5.06E-04,3.01E-04
0.3885,3.17E-05,1.86E-05,6.37E-04,5.05E-04,3.00E-04
0.3887,3.17E-05,1.86E-05,6.36E-04,5.05E-04,3.00E-04
0.3889,3.17E-05,1.86E-05,6.35E-04,5.05E-04,3.00E-04
0.3891,3.17E-05,1.86E-05,6.35E-04,5.04E-04,3.00E-04
0.3893,3.17E-05,1.86E-05,6.34E-04,5.04E-04,3.00E-04
0.3895,3.17E-05,1.86E-05,6.34E-04,5.03E-04,2.99E-04
0.3897,3.17E-05,1.86E-05,6.33E-04,5.03E-04,2.99E-04
0.3899,3.17E-05,1.86E-05,6.33E-04,5.03E-04,2.99E-04
0.3901,3.17E-05,1.86E-05,6.32E-04,5.02E-04,2.99E-04
0.3903,3.16E-05,1.87E-05,6.32E-04,5.02E-04,2.98E-04
0.3905,3.16E-05,1.87E-05,6.31E-04,5.01E-04,2.98E-04
0.3907,3.16E-05,1.87E-05,6.31E-04,5.01E-04,2.98E-04
0.3909,3.16E-05,1.87E-05,6.30E-04,5.01E-04,2.98E-04
0.3911,3.16E-05,1.87E-05,6.30E-04,5.00E-04,2.98E-04
0.3913,3.16E-05,1.87E-05,6.29E-04,5.00E-04,2.97E-04
0.3915,3.16E-05,1.87E-05,6.29E-04,4.99E-04,2.97E-04
0.3917,3.16E-05,1.87E-05,6.28E-04,4.99E-04,2.97E-04
0.3919,3.16E-05,1.87E-05,6.28E-04,4.99E-04,2.97E-04
0.3921,3.16E-05,1.87E-05,6.27E-04,4.98E-04,2.96E-04
0.3923,3.16E-05,1.87E-05,6.27E-04,4.98E-04,2.96E-04
0.3925,3.16E-05,1.87E-05,6.26E-04,4.97E-04,2.96E-04
0.3927,3.15E-05,1.87E-05,6.26E-04,4.97E-04,2.96E-04
0.3929,3.15E-05,1.87E-05,6.25E-04,4.97E-04,2.96E-04
0.3931,3.15E-05,1.87E-05,6.25E-04,4.96E-04,2.95E-04
0.3933,3.15E-05,1.87E-05,6.24E-04,4.96E-04,2.95E-04
0.3935,3.15E-05,1.87E-05,6.24E-04,4.95E-04,2.95E-04
0.3937,3.15E-05,1.87E-05,6.23E-04,4.95E-04,2.95E-04
0.3939,3.15E-05,1.87E-05,6.23E-04,4.95E-04,2.94E-04
0.3941,3.15E-05,1.87E-05,6.22E-04,4.94E-04,2.94E-04
0.3943,3.15E-05,1.87E-05,6.21E-04,4.94E-04,2.94E-04
0.3945,3.15E-05,1.88E-05,6.21E-04,4.93E-04,2.94E-04
0.3947,3.15E-05,1.88E-05,6.20E-04,4.93E-04,2.94E-04
0.3949,3.15E-05,1.88E-05,6.20E-04,4.93E-04,2.93E-04
0.3951,3.14E-05,1.88E-05,6.19E-04,4.92E-04,2.93E-04
0.3953,3.14E-05,1.88E-05,6.19E-04,4.92E-04,2.93E-04
0.3955,3.14E-05,1.88E-05,6.18E-04,4.91E-04,2.93E-04
0.3957,3.14E-05,1.88E-05,6.18E-04,4.91E-04,2.92E-04
0.3959,3.14E-05,1.88E-05,6.17E-04,4.91E-04,2.92E-04
0.3961,3.14E-05,1.88E-05,6.17E-04,4.90E-04,2.92E-04
0.3963,3.14E-05,1.88E-05,6.16E-04,4.90E-04,2.92E-04
0.3965,3.14E-05,1.88E-05,6.16E-04,4.90E-04,2.92E-04
0.3967,3.14E-05,1.88E-05,6.15E-04,4.89E-04,2.91E-04
0.3969,3.14E-05,1.88E-05,6.15E-04,4.89E-04,2.91E-04
0.3971,3.14E-05,1.88E-05,6.14E-04,4.88E-04,2.91E-04
0.3973,3.14E-05,1.88E-05,6.14E-04,4.88E-04,2.91E-04
0.3975,3.14E-05,1.88E-05,6.13E-04,4.88E-04,2.90E-04
0.3977,3.13E-05,1.88E-05,6.13E-04,4.87E-04,2.90E-04
0.3979,3.13E-05,1.88E-05,6.12E-04,4.87E-04,2.90E-04
0.3981,3.13E-05,1.88E-05,6.12E-04,4.86E-04,2.90E-04
0.3983,3.13E-05,1.89E-05,6.11E-04,4.86E-04,2.90E-04
0.3985,3.13E-05,1.89E-05,6.11E-04,4.86E-04,2.89E-04
0.3987,3.13E-05,1.89E-05,6.10E-04,4.85E-04,2.89E-04
0.3989,3.13E-05,1.89E-05,6.10E-04,4.85E-04,2.89E-04
0.3991,3.13E-05,1.89E-05,6.09E-04,4.85E-04,2.89E-04
0.3993,3.13E-05,1.89E-05,6.09E-04,4.84E-04,2.88E-04
0.3995,3.13E-05,1.89E-05,6.08E-04,4.84E-04,2.88E-04
0.3997,3.13E-05,1.89E-05,6.08E-04,4.83E-04,2.88E-04
0.3999,3.13E-05,1.89E-05,6.07E-04,4.83E-04,2.88E-04
0.4001,3.13E-05,1.89E-05,6.07E-04,4.83E-04,2.88E-04
0.4003,3.13E-05,1.89E-05,6.06E-04,4.82E-04,2.87E-04
0.4005,3.12E-05,1.89E-05,6.06E-04,4.82E-04,2.87E-04
0.4007,3.12E-05,1.89E-05,6.05E-04,4.81E-04,2.87E-04
0.4009,3.12E-05,1.89E-05,6.05E-04,4.81E-04,2.87E-04
0.4011,3.12E-05,1.89E-05,6.04E-04,4.81E-04,2.87E-04
0.4013,3.12E-05,1.89E-05,6.04E-04,4.80E-04,2.86E-04
0.4015,3.12E-05,1.89E-05,6.03E-04,4.80E-04,2.86E-04
0.4017,3.12E-05,1.89E-05,6.03E-04,4.80E-04,2.86E-04
0.4019,3.12E-05,1.90E-05,6.02E-04,4.79E-04,2.86E-04
0.4021,3.12E-05,1.90E-05,6.02E-04,4.79E-04,2.85E-04
0.4023,3.12E-05,1.90E-05,6.01E-04,4.78E-04,2.85E-04
0.4025,3.12E-05,1.90E-05,6.01E-04,4.78E-04,2.85E-04
0.4027,3.12E-05,1.90E-05,6.00E-04,4.78E-04,2.85E-04
0.4029,3.12E-05,1.90E-05,6.00E-04,4.77E-04,2.85E-04
0.4031,3.12E-05,1.90E-05,5.99E-04,4.77E-04,2.84E-04
0.4033,3.12E-05,1.90E-05,5.99E-04,4.77E-04,2.84E-04
0.4035,3.11E-05,1.90E-05,5.98E-04,4.76E-04,2.84E-04
0.4037,3.11E-05,1.90E-05,5.98E-04,4.76E-04,2.84E-04
0.4039,3.11E-05,1.90E-05,5.97E-04,4.75E-04,2.84E-04
0.4041,3.11E-05,1.90E-05,5.97E-04,4.75E-04,2.83E-04
0.4043,3.11E-05,1.90E-05,5.96E-04,4.75E-04,2.83E-04
0.4045,3.11E-05,1.90E-05,5.96E-04,4.74E-04,2.83E-04
0.4047,3.11E-05,1.90E-05,5.95E-04,4.74E-04,2.83E-04
0.4049,3.11E-05,1.90E-05,5.95E-04,4.74E-04,2.82E-04
0.4051,3.11E-05,1.90E-05,5.94E-04,4.73E-04,2.82E-04
0.4053,3.11E-05,1.91E-05,5.94E-04,4.73E-04,2.82E-04
0.4055,3.11E-05,1.91E-05,5.93E-04,4.72E-04,2.82E-04
0.4057,3.11E-05,1.91E-05,5.93E-04,4.72E-04,2.82E-04
0.4059,3.11E-05,1.91E-05,5.93E-04,4.72E-04,2.81E-04
0.4061,3.11E-05,1.91E-05,5.92E-04,4.71E-04,2.81E-04
0.4063,3.11E-05,1.91E-05,5.92E-04,4.71E-04,2.81E-04
0.4065,3.11E-05,1.91E-05,5.91E-04,4.71E-04,2.81E-04
0.4067,3.10E-05,1.91E-05,5.91E-04,4.70E-04,2.81E-04
0.4069,3.10E-05,1.91E-05,5.90E-04,4.70E-04,2.80E-04
0.4071,3.10E-05,1.91E-05,5.90E-04,4.69E-04,2.80E-04
0.4073,3.10E-05,1.91E-05,5.89E-04,4.69E-04,2.80E-04
0.4075,3.10E-05,1.91E-05,5.89E-04,4.69E-04,2.80E-04
0.4077,3.10E-05,1.91E-05,5.88E-04,4.68E-04,2.80E-04
0.4079,3.10E-05,1.91E-05,5.88E-04,4.68E-04,2.79E-04
0.4081,3.10E-05,1.91E-05,5.87E-04,4.68E-04,2.79E-04
0.4083,3.10E-05,1.92E-05,5.87E-04,4.67E-04,2.79E-04
0.4085,3.10E-05,1.92E-05,5.86E-04,4.67E-04,2.79E-04
0.4087,3.10E-05,1.92E-05,5.86E-04,4.66E-04,2.78E-04
0.4089,3.10E-05,1.92E-05,5.85E-04,4.66E-04,2.78E-04
0.4091,3.10E-05,1.92E-05,5.85E-04,4.66E-04,2.78E-04
0.4093,3.10E-05,1.92E-05,5.84E-04,4.65E-04,2.78E-04
0.4095,3.10E-05,1.92E-05,5.84E-04,4.65E-04,2.78E-04
0.4097,3.10E-05,1.92E-05,5.83E-04,4.65E-04,2.77E-04
0.4099,3.10E-05,1.92E-05,5.83E-04,4.64E-04,2.77E-04
0.4101,3.10E-05,1.92E-05,5.82E-04,4.64E-04,2.77E-04
0.4103,3.09E-05,1.92E-05,5.82E-04,4.64E-04,2.77E-04
0.4105,3.09E-05,1.92E-05,5.81E-04,4.63E-04,2.77E-04
0.4107,3.09E-05,1.92E-05,5.81E-04,4.63E-04,2.76E-04
0.4109,3.09E-05,1.92E-05,5.80E-04,4.62E-04,2.76E-04
0.4111,3.09E-05,1.93E-05,5.80E-04,4.62E-04,2.76E-04
0.4113,3.09E-05,1.93E-05,5.80E-04,4.62E-04,2.76E-04
0.4115,3.09E-05,1.93E-05,5.79E-04,4.61E-04,2.76E-04
0.4117,3.09E-05,1.93E-05,5.79E-04,4.61E-04,2.75E-04
0.4119,3.09E-05,1.93E-05,5.78E-04,4.61E-04,2.75E-04
0.4121,3.09E-05,1.93E-05,5.78E-04,4.60E-04,2.75E-04
0.4123,3.09E-05,1.93E-05,5.77E-04,4.60E-04,2.75E-04
0.4125,3.09E-05,1.93E-05,5.77E-04,4.59E-04,2.75E-04
0.4127,3.09E-05,1.93E-05,5.76E-04,4.59E-04,2.74E-04
0.4129,3.09E-05,1.93E-05,5.76E-04,4.59E-04,2.74E-04
0.4131,3.09E-05,1.93E-05,5.75E-04,4.58E-04,2.74E-04
0.4133,3.09E-05,1.93E-05,5.75E-04,4.58E-04,2.74E-04
0.4135,3.09E-05,1.93E-05,5.74E-04,4.58E-04,2.74E-04
0.4137,3.09E-05,1.93E-05,5.74E-04,4.57E-04,2.73E-04
0.4139,3.09E-05,1.94E-05,5.73E-04,4.57E-04,2.73E-04
0.4141,3.09E-05,1.94E-05,5.73E-04,4.57E-04,2.73E-04
0.4143,3.09E-05,1.94E-05,5.72E-04,4.56E-04,2.73E-04
0.4145,3.08E-05,1.94E-05,5.72E-04,4.56E-04,2.72E-04
0.4147,3.08E-05,1.94E-05,5.72E-04,4.56E-04,2.72E-04
0.4149,3.08E-05,1.94E-05,5.71E-04,4.55E-04,2.72E-04
0.4151,3.08E-05,1.94E-05,5.71E-04,4.55E-04,2.72E-04
0.4153,3.08E-05,1.94E-05,5.70E-04,4.54E-04,2.72E-04
0.4155,3.08E-05,1.94E-05,5.70E-04,4.54E-04,2.71E-04
0.4157,3.08E-05,1.94E-05,5.69E-04,4.54E-04,2.71E-04
0.4159,3.08E-05,1.94E-05,5.69E-04,4.53E-04,2.71E-04
0.4161,3.08E-05,1.94E-05,5.68E-04,4.53E-04,2.71E-04
0.4163,3.08E-05,1.95E-05,5.68E-04,4.53E-04,2.71E-04
0.4165,3.08E-05,1.95E-05,5.67E-04,4.52E-04,2.70E-04
0.4167,3.08E-05,1.95E-05,5.67E-04,4.52E-04,2.70E-04
0.4169,3.08E-05,1.95E-05,5.66E-04,4.52E-04,2.70E-04
0.4171,3.08E-05,1.95E-05,5.66E-04,4.51E-04,2.70E-04
0.4173,3.08E-05,1.95E-05,5.65E-04,4.51E-04,2.70E-04
0.4175,3.08E-05,1.95E-05,5.65E-04,4.50E-04,2.69E-04
0.4177,3.08E-05,1.95E-05,5.65E-04,4.50E-04,2.69E-04
0.4179,3.08E-05,1.95E-05,5.64E-04,4.50E-04,2.69E-04
0.4181,3.08E-05,1.95E-05,5.64E-04,4.49E-04,2.69E-04
0.4183,3.08E-05,1.95E-05,5.63E-04,4.49E-04,2.69E-04
0.4185,3.08E-05,1.95E-05,5.63E-04,4.49E-04,2.68E-04
0.4187,3.08E-05,1.96E-05,5.62E-04,4.48E-04,2.68E-04
0.4189,3.08E-05,1.96E-05,5.62E-04,4.48E-04,2.68E-04
0.4191,3.08E-05,1.96E-05,5.61E-04,4.48E-04,2.68E-04
0.4193,3.07E-05,1.96E-05,5.61E-04,4.47E-04,2.68E-04
0.4195,3.07E-05,1.96E-05,5.60E-04,4.47E-04,2.67E-04
0.4197,3.07E-05,1.96E-05,5.60E-04,4.47E-04,2.67E-04
0.4199,3.07E-05,1.96E-05,5.59E-04,4.46E-04,2.67E-04
0.4201,3.07E-05,1.96E-05,5.59E-04,4.46E-04,2.67E-04
0.4203,3.07E-05,1.96E-05,5.59E-04,4.46E-04,2.67E-04
0.4205,3.07E-05,1.96E-05,5.58E-04,4.45E-04,2.66E-04
0.4207,3.07E-05,1.96E-05,5.58E-04,4.45E-04,2.66E-04
0.4209,3.07E-05,1.97E-05,5.57E-04,4.44E-04,2.66E-04
0.4211,3.07E-05,1.97E-05,5.57E-04,4.44E-04,2.66E-04
0.4213,3.07E-05,1.97E-05,5.56E-04,4.44E-04,2.66E-04
0.4215,3.07E-05,1.97E-05,5.56E-04,4.43E-04,2.66E-04
0.4217,3.07E-05,1.97E-05,5.55E-04,4.43E-04,2.65E-04
0.4219,3.07E-05,1.97E-05,5.55E-04,4.43E-04,2.65E-04
0.4221,3.07E-05,1.97E-05,5.54E-04,4.42E-04,2.65E-04
0.4223,3.07E-05,1.97E-05,5.54E-04,4.42E-04,2.65E-04
0.4225,3.07E-05,1.97E-05,5.54E-04,4.42E-04,2.65E-04
0.4227,3.07E-05,1.97E-05,5.53E-04,4.41E-04,2.64E-04
0.4229,3.07E-05,1.97E-05,5.53E-04,4.41E-04,2.64E-04
0.4231,3.07E-05,1.98E-05,5.52E-04,4.41E-04,2.64E-04
0.4233,3.07E-05,1.98E-05,5.52E-04,4.40E-04,2.64E-04
0.4235,3.07E-05,1.98E-05,5.51E-04,4.40E-04,2.64E-04
0.4237,3.07E-05,1.98E-05,5.51E-04,4.40E-04,2.63E-04
0.4239,3.07E-05,1.98E-05,5.50E-04,4.39E-04,2.63E-04
0.4241,3.07E-05,1.98E-05,5.50E-04,4.39E-04,2.63E-04
0.4243,3.07E-05,1.98E-05,5.50E-04,4.39E-04,2.63E-04
0.4245,3.07E-05,1.98E-05,5.49E-04,4.38E-04,2.63E-04
0.4247,3.07E-05,1.98E-05,5.49E-04,4.38E-04,2.62E-04
0.4249,3.07E-05,1.98E-05,5.48E-04,4.38E-04,2.62E-04
0.4251,3.07E-05,1.99E-05,5.48E-04,4.37E-04,2.62E-04
0.4253,3.07E-05,1.99E-05,5.47E-04,4.37E-04,2.62E-04
0.4255,3.07E-05,1.99E-05,5.47E-04,4.36E-04,2.62E-04
0.4257,3.07E-05,1.99E-05,5.46E-04,4.36E-04,2.61E-04
0.4259,3.06E-05,1.99E-05,5.46E-04,4.36E-04,2.61E-04
0.4261,3.06E-05,1.99E-05,5.46E-04,4.35E-04,2.61E-04
0.4263,3.06E-05,1.99E-05,5.45E-04,4.35E-04,2.61E-04
0.4265,3.06E-05,1.99E-05,5.45E-04,4.35E-04,2.61E-04
0.4267,3.06E-05,1.99E-05,5.44E-04,4.34E-04,2.60E-04
0.4269,3.06E-05,1.99E-05,5.44E-04,4.34E-04,2.60E-04
0.4271,3.06E-05,2.00E-05,5.43E-04,4.34E-04,2.60E-04
0.4273,3.06E-05,2.00E-05,5.43E-04,4.33E-04,2.60E-04
0.4275,3.06E-05,2.00E-05,5.42E-04,4.33E-04,2.60E-04
0.4277,3.06E-05,2.00E-05,5.42E-04,4.33E-04,2.60E-04
0.4279,3.06E-05,2.00E-05,5.42E-04,4.32E-04,2.59E-04
0.4281,3.06E-05,2.00E-05,5.41E-04,4.32E-04,2.59E-04
0.4283,3.06E-05,2.00E-05,5.41E-04,4.32E-04,2.59E-04
0.4285,3.06E-05,2.00E-05,5.40E-04,4.31E-04,2.59E-04
0.4287,3.06E-05,2.00E-05,5.40E-04,4.31E-04,2.59E-04
0.4289,3.06E-05,2.00E-05,5.39E-04,4.31E-04,2.58E-04
0.4291,3.06E-05,2.01E-05,5.39E-04,4.30E-04,2.58E-04
0.4293,3.06E-05,2.01E-05,5.38E-04,4.30E-04,2.58E-04
0.4295,3.06E-05,2.01E-05,5.38E-04,4.30E-04,2.58E-04
0.4297,3.06E-05,2.01E-05,5.38E-04,4.29E-04,2.58E-04
0.4299,3.06E-05,2.01E-05,5.37E-04,4.29E-04,2.57E-04
0.4301,3.06E-05,2.01E-05,5.37E-04,4.29E-04,2.57E-04
0.4303,3.06E-05,2.01E-05,5.36E-04,4.28E-04,2.57E-04
0.4305,3.06E-05,2.01E-05,5.36E-04,4.28E-04,2.57E-04
0.4307,3.06E-05,2.01E-05,5.35E-04,4.28E-04,2.57E-04
0.4309,3.06E-05,2.02E-05,5.35E-04,4.27E-04,2.57E-04
0.4311,3.06E-05,2.02E-05,5.35E-04,4.27E-04,2.56E-04
0.4313,3.06E-05,2.02E-05,5.34E-04,4.27E-04,2.56E-04
0.4315,3.06E-05,2.02E-05,5.34E-04,4.26E-04,2.56E-04
0.4317,3.06E-05,2.02E-05,5.33E-04,4.26E-04,2.56E-04
0.4319,3.06E-05,2.02E-05,5.33E-04,4.26E-04,2.56E-04
0.4321,3.06E-05,2.02E-05,5.32E-04,4.25E-04,2.55E-04
0.4323,3.06E-05,2.02E-05,5.32E-04,4.25E-04,2.55E-04
0.4325,3.06E-05,2.02E-05,5.31E-04,4.25E-04,2.55E-04
0.4327,3.06E-05,2.03E-05,5.31E-04,4.24E-04,2.55E-04
0.4329,3.06E-05,2.03E-05,5.31E-04,4.24E-04,2.55E-04
0.4331,3.06E-05,2.03E-05,5.30E-04,4.24E-04,2.54E-04
0.4333,3.06E-05,2.03E-05,5.30E-04,4.23E-04,2.54E-04
0.4335,3.06E-05,2.03E-05,5.29E-04,4.23E-04,2.54E-04
0.4337,3.06E-05,2.03E-05,5.29E-04,4.23E-04,2.54E-04
0.4339,3.06E-05,2.03E-05,5.28E-04,4.22E-04,2.54E-04
0.4341,3.06E-05,2.03E-05,5.28E-04,4.22E-04,2.54E-04
0.4343,3.06E-05,2.04E-05,5.28E-04,4.22E-04,2.53E-04
0.4345,3.06E-05,2.04E-05,5.27E-04,4.21E-04,2.53E-04
0.4347,3.06E-05,2.04E-05,5.27E-04,4.21E-04,2.53E-04
0.4349,3.06E-05,2.04E-05,5.26E-04,4.21E-04,2.53E-04
0.4351,3.06E-05,2.04E-05,5.26E-04,4.20E-04,2.53E-04
0.4353,3.06E-05,2.04E-05,5.25E-04,4.20E-04,2.52E-04
0.4355,3.06E-05,2.04E-05,5.25E-04,4.20E-04,2.52E-04
0.4357,3.06E-05,2.04E-05,5.25E-04,4.19E-04,2.52E-04
0.4359,3.06E-05,2.04E-05,5.24E-04,4.19E-04,2.52E-04
0.4361,3.06E-05,2.05E-05,5.24E-04,4.19E-04,2.52E-04
0.4363,3.06E-05,2.05E-05,5.23E-04,4.18E-04,2.52E-04
0.4365,3.06E-05,2.05E-05,5.23E-04,4.18E-04,2.51E-04
0.4367,3.06E-05,2.05E-05,5.22E-04,4.18E-04,2.51E-04
0.4369,3.06E-05,2.05E-05,5.22E-04,4.17E-04,2.51E-04
0.4371,3.06E-05,2.05E-05,5.22E-04,4.17E-04,2.51E-04
0.4373,3.06E-05,2.05E-05,5.21E-04,4.17E-04,2.51E-04
0.4375,3.06E-05,2.05E-05,5.21E-04,4.16E-04,2.51E-04
0.4377,3.06E-05,2.06E-05,5.20E-04,4.16E-04,2.50E-04
0.4379,3.06E-05,2.06E-05,5.20E-04,4.16E-04,2.50E-04
0.4381,3.06E-05,2.06E-05,5.20E-04,4.15E-04,2.50E-04
0.4383,3.06E-05,2.06E-05,5.19E-04,4.15E-04,2.50E-04
0.4385,3.06E-05,2.06E-05,5.19E-04,4.15E-04,2.50E-04
0.4387,3.06E-05,2.06E-05,5.18E-04,4.14E-04,2.49E-04
0.4389,3.06E-05,2.06E-05,5.18E-04,4.14E-04,2.49E-04
0.4391,3.06E-05,2.06E-05,5.17E-04,4.14E-04,2.49E-04
0.4393,3.06E-05,2.07E-05,5.17E-04,4.13E-04,2.49E-04
0.4395,3.06E-05,2.07E-05,5.17E-04,4.13E-04,2.49E-04
0.4397,3.06E-05,2.07E-05,5.16E-04,4.13E-04,2.49E-04
0.4399,3.06E-05,2.07E-05,5.16E-04,4.12E-04,2.48E-04
0.4401,3.06E-05,2.07E-05,5.15E-04,4.12E-04,2.48E-04
0.4403,3.06E-05,2.07E-05,5.15E-04,4.12E-04,2.48E-04
0.4405,3.06E-05,2.07E-05,5.14E-04,4.11E-04,2.48E-04
0.4407,3.06E-05,2.07E-05,5.14E-04,4.11E-04,2.48E-04
0.4409,3.06E-05,2.08E-05,5.14E-04,4.11E-04,2.48E-04
0.4411,3.06E-05,2.08E-05,5.13E-04,4.10E-04,2.47E-04
0.4413,3.06E-05,2.08E-05,5.13E-04,4.10E-04,2.47E-04
0.4415,3.06E-05,2.08E-05,5.12E-04,4.10E-04,2.47E-04
0.4417,3.06E-05,2.08E-05,5.12E-04,4.09E-04,2.47E-04
0.4419,3.06E-05,2.08E-05,5.12E-04,4.09E-04,2.47E-04
0.4421,3.06E-05,2.08E-05,5.11E-04,4.09E-04,2.46E-04
0.4423,3.06E-05,2.09E-05,5.11E-04,4.08E-04,2.46E-04
0.4425,3.06E-05,2.09E-05,5.10E-04,4.08E-04,2.46E-04
0.4427,3.06E-05,2.09E-05,5.10E-04,4.08E-04,2.46E-04
0.4429,3.06E-05,2.09E-05,5.10E-04,4.07E-04,2.46E-04
0.4431,3.06E-05,2.09E-05,5.09E-04,4.07E-04,2.46E-04
0.4433,3.06E-05,2.09E-05,5.09E-04,4.07E-04,2.45E-04
0.4435,3.06E-05,2.09E-05,5.08E-04,4.06E-04,2.45E-04
0.4437,3.06E-05,2.09E-05,5.08E-04,4.06E-04,2.45E-04
0.4439,3.06E-05,2.10E-05,5.07E-04,4.06E-04,2.45E-04
0.4441,3.06E-05,2.10E-05,5.07E-04,4.06E-04,2.45E-04
0.4443,3.06E-05,2.10E-05,5.07E-04,4.05E-04,2.45E-04
0.4445,3.06E-05,2.10E-05,5.06E-04,4.05E-04,2.44E-04
0.4447,3.06E-05,2.10E-05,5.06E-04,4.05E-04,2.44E-04
0.4449,3.06E-05,2.10E-05,5.05E-04,4.04E-04,2.44E-04
0.4451,3.06E-05,2.10E-05,5.05E-04,4.04E-04,2.44E-04
0.4453,3.06E-05,2.11E-05,5.05E-04,4.04E-04,2.44E-04
0.4455,3.06E-05,2.11E-05,5.04E-04,4.03E-04,2.44E-04
0.4457,3.06E-05,2.11E-05,5.04E-04,4.03E-04,2.43E-04
0.4459,3.06E-05,2.11E-05,5.03E-04,4.03E-04,2.43E-04
0.4461,3.06E-05,2.11E-05,5.03E-04,4.02E-04,2.43E-04
0.4463,3.06E-05,2.11E-05,5.03E-04,4.02E-04,2.43E-04
0.4465,3.06E-05,2.11E-05,5.02E-04,4.02E-04,2.43E-04
0.4467,3.06E-05,2.12E-05,5.02E-04,4.01E-04,2.43E-04
0.4469,3.06E-05,2.12E-05,5.01E-04,4.01E-04,2.42E-04
0.4471,3.06E-05,2.12E-05,5.01E-04,4.01E-04,2.42E-04
0.4473,3.06E-05,2.12E-05,5.01E-04,4.00E-04,2.42E-04
0.4475,3.06E-05,2.12E-05,5.00E-04,4.00E-04,2.42E-04
0.4477,3.06E-05,2.12E-05,5.00E-04,4.00E-04,2.42E-04
0.4479,3.06E-05,2.12E-05,4.99E-04,3.99E-04,2.42E-04
0.4481,3.06E-05,2.13E-05,4.99E-04,3.99E-04,2.41E-04
0.4483,3.06E-05,2.13E-05,4.99E-04,3.99E-04,2.41E-04
0.4485,3.06E-05,2.13E-05,4.98E-04,3.99E-04,2.41E-04
0.4487,3.06E-05,2.13E-05,4.98E-04,3.98E-04,2.41E-04
0.4489,3.06E-05,2.13E-05,4.97E-04,3.98E-04,2.41E-04
0.4491,3.06E-05,2.13E-05,4.97E-04,3.98E-04,2.41E-04
0.4493,3.06E-05,2.13E-05,4.97E-04,3.97E-04,2.40E-04
0.4495,3.06E-05,2.14E-05,4.96E-04,3.97E-04,2.40E-04
0.4497,3.06E-05,2.14E-05,4.96E-04,3.97E-04,2.40E-04
0.4499,3.06E-05,2.14E-05,4.95E-04,3.96E-04,2.40E-04
0.4501,3.06E-05,2.14E-05,4.95E-04,3.96E-04,2.40E-04
0.4503,3.06E-05,2.14E-05,4.95E-04,3.96E-04,2.40E-04
0.4505,3.06E-05,2.14E-05,4.94E-04,3.95E-04,2.39E-04
0.4507,3.06E-05,2.14E-05,4.94E-04,3.95E-04,2.39E-04
0.4509,3.06E-05,2.15E-05,4.93E-04,3.95E-04,2.39E-04
0.4511,3.06E-05,2.15E-05,4.93E-04,3.94E-04,2.39E-04
0.4513,3.06E-05,2.15E-05,4.93E-04,3.94E-04,2.39E-04
0.4515,3.06E-05,2.15E-05,4.92E-04,3.94E-04,2.39E-04
0.4517,3.06E-05,2.15E-05,4.92E-04,3.94E-04,2.38E-04
0.4519,3.06E-05,2.15E-05,4.91E-04,3.93E-04,2.38E-04
0.4521,3.07E-05,2.15E-05,4.91E-04,3.93E-04,2.38E-04
0.4523,3.07E-05,2.16E-05,4.91E-04,3.93E-04,2.38E-04
0.4525,3.07E-05,2.16E-05,4.90E-04,3.92E-04,2.38E-04
0.4527,3.07E-05,2.16E-05,4.90E-04,3.92E-04,2.38E-04
0.4529,3.07E-05,2.16E-05,4.89E-04,3.92E-04,2.37E-04
0.4531,3.07E-05,2.16E-05,4.89E-04,3.91E-04,2.37E-04
0.4533,3.07E-05,2.16E-05,4.89E-04,3.91E-04,2.37E-04
0.4535,3.07E-05,2.17E-05,4.88E-04,3.91E-04,2.37E-04
0.4537,3.07E-05,2.17E-05,4.88E-04,3.90E-04,2.37E-04
0.4539,3.07E-05,2.17E-05,4.87E-04,3.90E-04,2.37E-04
0.4541,3.07E-05,2.17E-05,4.87E-04,3.90E-04,2.36E-04
0.4543,3.07E-05,2.17E-05,4.87E-04,3.90E-04,2.36E-04
0.4545,3.07E-05,2.17E-05,4.86E-04,3.89E-04,2.36E-04
0.4547,3.07E-05,2.17E-05,4.86E-04,3.89E-04,2.36E-04
0.4549,3.07E-05,2.18E-05,4.85E-04,3.89E-04,2.36E-04
0.4551,3.07E-05,2.18E-05,4.85E-04,3.88E-04,2.36E-04
0.4553,3.07E-05,2.18E-05,4.85E-04,3.88E-04,2.35E-04
0.4555,3.07E-05,2.18E-05,4.84E-04,3.88E-04,2.35E-04
0.4557,3.07E-05,2.18E-05,4.84E-04,3.87E-04,2.35E-04
0.4559,3.07E-05,2.18E-05,4.83E-04,3.87E-04,2.35E-04
0.4561,3.07E-05,2.19E-05,4.83E-04,3.87E-04,2.35E-04
0.4563,3.07E-05,2.19E-05,4.83E-04,3.86E-04,2.35E-04
0.4565,3.07E-05,2.19E-05,4.82E-04,3.86E-04,2.34E-04
0.4567,3.07E-05,2.19E-05,4.82E-04,3.86E-04,2.34E-04
0.4569,3.07E-05,2.19E-05,4.82E-04,3.86E-04,2.34E-04
0.4571,3.07E-05,2.19E-05,4.81E-04,3.85E-04,2.34E-04
0.4573,3.07E-05,2.19E-05,4.81E-04,3.85E-04,2.34E-04
0.4575,3.07E-05,2.20E-05,4.80E-04,3.85E-04,2.34E-04
0.4577,3.07E-05,2.20E-05,4.80E-04,3.84E-04,2.34E-04
0.4579,3.07E-05,2.20E-05,4.80E-04,3.84E-04,2.33E-04
0.4581,3.07E-05,2.20E-05,4.79E-04,3.84E-04,2.33E-04
0.4583,3.07E-05,2.20E-05,4.79E-04,3.83E-04,2.33E-04
0.4585,3.08E-05,2.20E-05,4.78E-04,3.83E-04,2.33E-04
0.4587,3.08E-05,2.21E-05,4.78E-04,3.83E-04,2.33E-04
0.4589,3.08E-05,2.21E-05,4.78E-04,3.83E-04,2.33E-04
0.4591,3.08E-05,2.21E-05,4.77E-04,3.82E-04,2.32E-04
0.4593,3.08E-05,2.21E-05,4.77E-04,3.82E-04,2.32E-04
0.4595,3.08E-05,2.21E-05,4.77E-04,3.82E-04,2.32E-04
0.4597,3.08E-05,2.21E-05,4.76E-04,3.81E-04,2.32E-04
0.4599,3.08E-05,2.22E-05,4.76E-04,3.81E-04,2.32E-04
0.4601,3.08E-05,2.22E-05,4.75E-04,3.81E-04,2.32E-04
0.4603,3.08E-05,2.22E-05,4.75E-04,3.80E-04,2.31E-04
0.4605,3.08E-05,2.22E-05,4.75E-04,3.80E-04,2.31E-04
0.4607,3.08E-05,2.22E-05,4.74E-04,3.80E-04,2.31E-04
0.4609,3.08E-05,2.22E-05,4.74E-04,3.80E-04,2.31E-04
0.4611,3.08E-05,2.23E-05,4.74E-04,3.79E-04,2.31E-04
0.4613,3.08E-05,2.23E-05,4.73E-04,3.79E-04,2.31E-04
0.4615,3.08E-05,2.23E-05,4.73E-04,3.79E-04,2.31E-04
0.4617,3.08E-05,2.23E-05,4.72E-04,3.78E-04,2.30E-04
0.4619,3.08E-05,2.23E-05,4.72E-04,3.78E-04,2.30E-04
0.4621,3.08E-05,2.23E-05,4.72E-04,3.78E-04,2.30E-04
0.4623,3.08E-05,2.23E-05,4.71E-04,3.77E-04,2.30E-04
0.4625,3.08E-05,2.24E-05,4.71E-04,3.77E-04,2.30E-04
0.4627,3.08E-05,2.24E-05,4.70E-04,3.77E-04,2.30E-04
0.4629,3.08E-05,2.24E-05,4.70E-04,3.77E-04,2.29E-04
0.4631,3.08E-05,2.24E-05,4.70E-04,3.76E-04,2.29E-04
0.4633,3.09E-05,2.24E-05,4.69E-04,3.76E-04,2.29E-04
0.4635,3.09E-05,2.24E-05,4.69E-04,3.76E-04,2.29E-04
0.4637,3.09E-05,2.25E-05,4.69E-04,3.75E-04,2.29E-04
0.4639,3.09E-05,2.25E-05,4.68E-04,3.75E-04,2.29E-04
0.4641,3.09E-05,2.25E-05,4.68E-04,3.75E-04,2.29E-04
0.4643,3.09E-05,2.25E-05,4.67E-04,3.74E-04,2.28E-04
0.4645,3.09E-05,2.25E-05,4.67E-04,3.74E-04,2.28E-04
0.4647,3.09E-05,2.25E-05,4.67E-04,3.74E-04,2.28E-04
0.4649,3.09E-05,2.26E-05,4.66E-04,3.74E-04,2.28E-04
0.4651,3.09E-05,2.26E-05,4.66E-04,3.73E-04,2.28E-04
0.4653,3.09E-05,2.26E-05,4.66E-04,3.73E-04,2.28E-04
0.4655,3.09E-05,2.26E-05,4.65E-04,3.73E-04,2.27E-04
0.4657,3.09E-05,2.26E-05,4.65E-04,3.72E-04,2.27E-04
0.4659,3.09E-05,2.27E-05,4.65E-04,3.72E-04,2.27E-04
0.4661,3.09E-05,2.27E-05,4.64E-04,3.72E-04,2.27E-04
0.4663,3.09E-05,2.27E-05,4.64E-04,3.72E-04,2.27E-04
0.4665,3.09E-05,2.27E-05,4.63E-04,3.71E-04,2.27E-04
0.4667,3.09E-05,2.27E-05,4.63E-04,3.71E-04,2.27E-04
0.4669,3.09E-05,2.27E-05,4.63E-04,3.71E-04,2.26E-04
0.4671,3.10E-05,2.28E-05,4.62E-04,3.70E-04,2.26E-04
0.4673,3.10E-05,2.28E-05,4.62E-04,3.70E-04,2.26E-04
0.4675,3.10E-05,2.28E-05,4.62E-04,3.70E-04,2.26E-04
0.4677,3.10E-05,2.28E-05,4.61E-04,3.69E-04,2.26E-04
0.4679,3.10E-05,2.28E-05,4.61E-04,3.69E-04,2.26E-04
0.4681,3.10E-05,2.28E-05,4.60E-04,3.69E-04,2.25E-04
0.4683,3.10E-05,2.29E-05,4.60E-04,3.69E-04,2.25E-04
0.4685,3.10E-05,2.29E-05,4.60E-04,3.68E-04,2.25E-04
0.4687,3.10E-05,2.29E-05,4.59E-04,3.68E-04,2.25E-04
0.4689,3.10E-05,2.29E-05,4.59E-04,3.68E-04,2.25E-04
0.4691,3.10E-05,2.29E-05,4.59E-04,3.67E-04,2.25E-04
0.4693,3.10E-05,2.29E-05,4.58E-04,3.67E-04,2.25E-04
0.4695,3.10E-05,2.30E-05,4.58E-04,3.67E-04,2.24E-04
0.4697,3.10E-05,2.30E-05,4.58E-04,3.67E-04,2.24E-04
0.4699,3.10E-05,2.30E-05,4.57E-04,3.66E-04,2.24E-04
0.4701,3.10E-05,2.30E-05,4.57E-04,3.66E-04,2.24E-04
0.4703,3.10E-05,2.30E-05,4.56E-04,3.66E-04,2.24E-04
0.4705,3.10E-05,2.30E-05,4.56E-04,3.65E-04,2.24E-04
0.4707,3.11E-05,2.31E-05,4.56E-04,3.65E-04,2.24E-04
0.4709,3.11E-05,2.31E-05,4.55E-04,3.65E-04,2.23E-04
0.4711,3.11E-05,2.31E-05,4.55E-04,3.65E-04,2.23E-04
0.4713,3.11E-05,2.31E-05,4.55E-04,3.64E-04,2.23E-04
0.4715,3.11E-05,2.31E-05,4.54E-04,3.64E-04,2.23E-04
0.4717,3.11E-05,2.32E-05,4.54E-04,3.64E-04,2.23E-04
0.4719,3.11E-05,2.32E-05,4.54E-04,3.63E-04,2.23E-04
0.4721,3.11E-05,2.32E-05,4.53E-04,3.63E-04,2.22E-04
0.4723,3.11E-05,2.32E-05,4.53E-04,3.63E-04,2.22E-04
0.4725,3.11E-05,2.32E-05,4.52E-04,3.63E-04,2.22E-04
0.4727,3.11E-05,2.32E-05,4.52E-04,3.62E-04,2.22E-04
0.4729,3.11E-05,2.33E-05,4.52E-04,3.62E-04,2.22E-04
0.4731,3.11E-05,2.33E-05,4.51E-04,3.62E-04,2.22E-04
0.4733,3.11E-05,2.33E-05,4.51E-04,3.61E-04,2.22E-04
0.4735,3.11E-05,2.33E-05,4.51E-04,3.61E-04,2.21E-04
0.4737,3.12E-05,2.33E-05,4.50E-04,3.61E-04,2.21E-04
0.4739,3.12E-05,2.34E-05,4.50E-04,3.61E-04,2.21E-04
0.4741,3.12E-05,2.34E-05,4.50E-04,3.60E-04,2.21E-04
0.4743,3.12E-05,2.34E-05,4.49E-04,3.60E-04,2.21E-04
0.4745,3.12E-05,2.34E-05,4.49E-04,3.60E-04,2.21E-04
0.4747,3.12E-05,2.34E-05,4.49E-04,3.59E-04,2.21E-04
0.4749,3.12E-05,2.34E-05,4.48E-04,3.59E-04,2.20E-04
0.4751,3.12E-05,2.35E-05,4.48E-04,3.59E-04,2.20E-04
0.4753,3.12E-05,2.35E-05,4.47E-04,3.59E-04,2.20E-04
0.4755,3.12E-05,2.35E-05,4.47E-04,3.58E-04,2.20E-04
0.4757,3.12E-05,2.35E-05,4.47E-04,3.58E-04,2.20E-04
0.4759,3.12E-05,2.35E-05,4.46E-04,3.58E-04,2.20E-04
0.4761,3.12E-05,2.36E-05,4.46E-04,3.58E-04,2.19E-04
0.4763,3.12E-05,2.36E-05,4.46E-04,3.57E-04,2.19E-04
0.4765,3.12E-05,2.36E-05,4.45E-04,3.57E-04,2.19E-04
0.4767,3.13E-05,2.36E-05,4.45E-04,3.57E-04,2.19E-04
0.4769,3.13E-05,2.36E-05,4.45E-04,3.56E-04,2.19E-04
0.4771,3.13E-05,2.36E-05,4.44E-04,3.56E-04,2.19E-04
0.4773,3.13E-05,2.37E-05,4.44E-04,3.56E-04,2.19E-04
0.4775,3.13E-05,2.37E-05,4.44E-04,3.56E-04,2.18E-04
0.4777,3.13E-05,2.37E-05,4.43E-04,3.55E-04,2.18E-04
0.4779,3.13E-05,2.37E-05,4.43E-04,3.55E-04,2.18E-04
0.4781,3.13E-05,2.37E-05,4.42E-04,3.55E-04,2.18E-04
0.4783,3.13E-05,2.38E-05,4.42E-04,3.54E-04,2.18E-04
0.4785,3.13E-05,2.38E-05,4.42E-04,3.54E-04,2.18E-04
0.4787,3.13E-05,2.38E-05,4.41E-04,3.54E-04,2.18E-04
0.4789,3.13E-05,2.38E-05,4.41E-04,3.54E-04,2.17E-04
0.4791,3.13E-05,2.38E-05,4.41E-04,3.53E-04,2.17E-04
0.4793,3.14E-05,2.38E-05,4.40E-04,3.53E-04,2.17E-04
0.4795,3.14E-05,2.39E-05,4.40E-04,3.53E-04,2.17E-04
0.4797,3.14E-05,2.39E-05,4.40E-04,3.52E-04,2.17E-04
0.4799,3.14E-05,2.39E-05,4.39E-04,3.52E-04,2.17E-04
0.4801,3.14E-05,2.39E-05,4.39E-04,3.52E-04,2.16E-04
0.4803,3.14E-05,2.39E-05,4.39E-04,3.52E-04,2.16E-04
0.4805,3.14E-05,2.40E-05,4.38E-04,3.51E-04,2.16E-04
0.4807,3.14E-05,2.40E-05,4.38E-04,3.51E-04,2.16E-04
0.4809,3.14E-05,2.40E-05,4.38E-04,3.51E-04,2.16E-04
0.4811,3.14E-05,2.40E-05,4.37E-04,3.51E-04,2.16E-04
0.4813,3.14E-05,2.40E-05,4.37E-04,3.50E-04,2.16E-04
0.4815,3.14E-05,2.41E-05,4.37E-04,3.50E-04,2.15E-04
0.4817,3.15E-05,2.41E-05,4.36E-04,3.50E-04,2.15E-04
0.4819,3.15E-05,2.41E-05,4.36E-04,3.49E-04,2.15E-04
0.4821,3.15E-05,2.41E-05,4.36E-04,3.49E-04,2.15E-04
0.4823,3.15E-05,2.41E-05,4.35E-04,3.49E-04,2.15E-04
0.4825,3.15E-05,2.42E-05,4.35E-04,3.49E-04,2.15E-04
0.4827,3.15E-05,2.42E-05,4.35E-04,3.48E-04,2.15E-04
0.4829,3.15E-05,2.42E-05,4.34E-04,3.48E-04,2.14E-04
0.4831,3.15E-05,2.42E-05,4.34E-04,3.48E-04,2.14E-04
0.4833,3.15E-05,2.42E-05,4.33E-04,3.48E-04,2.14E-04
0.4835,3.15E-05,2.42E-05,4.33E-04,3.47E-04,2.14E-04
0.4837,3.15E-05,2.43E-05,4.33E-04,3.47E-04,2.14E-04
0.4839,3.15E-05,2.43E-05,4.32E-04,3.47E-04,2.14E-04
0.4841,3.16E-05,2.43E-05,4.32E-04,3.46E-04,2.14E-04
0.4843,3.16E-05,2.43E-05,4.32E-04,3.46E-04,2.13E-04
0.4845,3.16E-05,2.43E-05,4.31E-04,3.46E-04,2.13E-04
0.4847,3.16E-05,2.44E-05,4.31E-04,3.46E-04,2.13E-04
0.4849,3.16E-05,2.44E-05,4.31E-04,3.45E-04,2.13E-04
0.4851,3.16E-05,2.44E-05,4.30E-04,3.45E-04,2.13E-04
0.4853,3.16E-05,2.44E-05,4.30E-04,3.45E-04,2.13E-04
0.4855,3.16E-05,2.44E-05,4.30E-04,3.45E-04,2.12E-04
0.4857,3.16E-05,2.45E-05,4.29E-04,3.44E-04,2.12E-04
0.4859,3.16E-05,2.45E-05,4.29E-04,3.44E-04,2.12E-04
0.4861,3.16E-05,2.45E-05,4.29E-04,3.44E-04,2.12E-04
0.4863,3.17E-05,2.45E-05,4.28E-04,3.44E-04,2.12E-04
0.4865,3.17E-05,2.45E-05,4.28E-04,3.43E-04,2.12E-04
0.4867,3.17E-05,2.46E-05,4.28E-04,3.43E-04,2.12E-04
0.4869,3.17E-05,2.46E-05,4.27E-04,3.43E-04,2.11E-04
0.4871,3.17E-05,2.46E-05,4.27E-04,3.42E-04,2.11E-04
0.4873,3.17E-05,2.46E-05,4.27E-04,3.42E-04,2.11E-04
0.4875,3.17E-05,2.46E-05,4.26E-04,3.42E-04,2.11E-04
0.4877,3.17E-05,2.47E-05,4.26E-04,3.42E-04,2.11E-04
0.4879,3.17E-05,2.47E-05,4.26E-04,3.41E-04,2.11E-04
0.4881,3.17E-05,2.47E-05,4.25E-04,3.41E-04,2.11E-04
0.4883,3.17E-05,2.47E-05,4.25E-04,3.41E-04,2.10E-04
0.4885,3.18E-05,2.47E-05,4.25E-04,3.41E-04,2.10E-04
0.4887,3.18E-05,2.48E-05,4.24E-04,3.40E-04,2.10E-04
0.4889,3.18E-05,2.48E-05,4.24E-04,3.40E-04,2.10E-04
0.4891,3.18E-05,2.48E-05,4.24E-04,3.40E-04,2.10E-04
0.4893,3.18E-05,2.48E-05,4.23E-04,3.40E-04,2.10E-04
0.4895,3.18E-05,2.48E-05,4.23E-04,3.39E-04,2.09E-04
0.4897,3.18E-05,2.49E-05,4.23E-04,3.39E-04,2.09E-04
0.4899,3.18E-05,2.49E-05,4.22E-04,3.39E-04,2.09E-04
0.4901,3.18E-05,2.49E-05,4.22E-04,3.38E-04,2.09E-04
0.4903,3.18E-05,2.49E-05,4.22E-04,3.38E-04,2.09E-04
0.4905,3.19E-05,2.49E-05,4.21E-04,3.38E-04,2.09E-04
0.4907,3.19E-05,2.50E-05,4.21E-04,3.38E-04,2.09E-04
0.4909,3.19E-05,2.50E-05,4.21E-04,3.37E-04,2.08E-04
0.4911,3.19E-05,2.50E-05,4.20E-04,3.37E-04,2.08E-04
0.4913,3.19E-05,2.50E-05,4.20E-04,3.37E-04,2.08E-04
0.4915,3.19E-05,2.50E-05,4.20E-04,3.37E-04,2.08E-04
0.4917,3.19E-05,2.51E-05,4.19E-04,3.36E-04,2.08E-04
0.4919,3.19E-05,2.51E-05,4.19E-04,3.36E-04,2.08E-04
0.4921,3.19E-05,2.51E-05,4.19E-04,3.36E-04,2.08E-04
0.4923,3.19E-05,2.51E-05,4.18E-04,3.36E-04,2.07E-04
0.4925,3.20E-05,2.51E-05,4.18E-04,3.35E-04,2.07E-04
0.4927,3.20E-05,2.52E-05,4.18E-04,3.35E-04,2.07E-04
0.4929,3.20E-05,2.52E-05,4.17E-04,3.35E-04,2.07E-04
0.4931,3.20E-05,2.52E-05,4.17E-04,3.35E-04,2.07E-04
0.4933,3.20E-05,2.52E-05,4.17E-04,3.34E-04,2.07E-04
0.4935,3.20E-05,2.52E-05,4.16E-04,3.34E-04,2.06E-04
0.4937,3.20E-05,2.53E-05,4.16E-04,3.34E-04,2.06E-04
0.4939,3.20E-05,2.53E-05,4.16E-04,3.34E-04,2.06E-04
0.4941,3.20E-05,2.53E-05,4.15E-04,3.33E-04,2.06E-04
0.4943,3.21E-05,2.53E-05,4.15E-04,3.33E-04,2.06E-04
0.4945,3.21E-05,2.53E-05,4.15E-04,3.33E-04,2.06E-04
0.4947,3.21E-05,2.54E-05,4.15E-04,3.32E-04,2.06E-04
0.4949,3.21E-05,2.54E-05,4.14E-04,3.32E-04,2.05E-04
0.4951,3.21E-05,2.54E-05,4.14E-04,3.32E-04,2.05E-04
0.4953,3.21E-05,2.54E-05,4.14E-04,3.32E-04,2.05E-04
0.4955,3.21E-05,2.55E-05,4.13E-04,3.31E-04,2.05E-04
0.4957,3.21E-05,2.55E-05,4.13E-04,3.31E-04,2.05E-04
0.4959,3.21E-05,2.55E-05,4.13E-04,3.31E-04,2.05E-04
0.4961,3.22E-05,2.55E-05,4.12E-04,3.31E-04,2.05E-04
0.4963,3.22E-05,2.55E-05,4.12E-04,3.30E-04,2.04E-04
0.4965,3.22E-05,2.56E-05,4.12E-04,3.30E-04,2.04E-04
0.4967,3.22E-05,2.56E-05,4.11E-04,3.30E-04,2.04E-04
0.4969,3.22E-05,2.56E-05,4.11E-04,3.30E-04,2.04E-04
0.4971,3.22E-05,2.56E-05,4.11E-04,3.29E-04,2.04E-04
0.4973,3.22E-05,2.56E-05,4.10E-04,3.29E-04,2.04E-04
0.4975,3.22E-05,2.57E-05,4.10E-04,3.29E-04,2.03E-04
0.4977,3.22E-05,2.57E-05,4.10E-04,3.29E-04,2.03E-04
0.4979,3.23E-05,2.57E-05,4.09E-04,3.28E-04,2.03E-04
0.4981,3.23E-05,2.57E-05,4.09E-04,3.28E-04,2.03E-04
0.4983,3.23E-05,2.57E-05,4.09E-04,3.28E-04,2.03E-04
0.4985,3.23E-05,2.58E-05,4.08E-04,3.28E-04,2.03E-04
0.4987,3.23E-05,2.58E-05,4.08E-04,3.27E-04,2.03E-04
0.4989,3.23E-05,2.58E-05,4.08E-04,3.27E-04,2.02E-04
0.4991,3.23E-05,2.58E-05,4.07E-04,3.27E-04,2.02E-04
0.4993,3.23E-05,2.59E-05,4.07E-04,3.27E-04,2.02E-04
0.4995,3.23E-05,2.59E-05,4.07E-04,3.26E-04,2.02E-04
0.4997,3.24E-05,2.59E-05,4.07E-04,3.26E-04,2.02E-04
0.4999,3.24E-05,2.59E-05,4.06E-04,3.26E-04,2.02E-04
0.5001,3.24E-05,2.59E-05,4.06E-04,3.26E-04,2.02E-04
0.5003,3.24E-05,2.60E-05,4.06E-04,3.25E-04,2.01E-04
0.5005,3.24E-05,2.60E-05,4.05E-04,3.25E-04,2.01E-04
0.5007,3.24E-05,2.60E-05,4.05E-04,3.25E-04,2.01E-04
0.5009,3.24E-05,2.60E-05,4.05E-04,3.25E-04,2.01E-04
0.5011,3.24E-05,2.60E-05,4.04E-04,3.24E-04,2.01E-04
0.5013,3.25E-05,2.61E-05,4.04E-04,3.24E-04,2.01E-04
0.5015,3.25E-05,2.61E-05,4.04E-04,3.24E-04,2.00E-04
0.5017,3.25E-05,2.61E-05,4.03E-04,3.24E-04,2.00E-04
0.5019,3.25E-05,2.61E-05,4.03E-04,3.23E-04,2.00E-04
0.5021,3.25E-05,2.62E-05,4.03E-04,3.23E-04,2.00E-04
0.5023,3.25E-05,2.62E-05,4.02E-04,3.23E-04,2.00E-04
0.5025,3.25E-05,2.62E-05,4.02E-04,3.23E-04,2.00E-04
0.5027,3.25E-05,2.62E-05,4.02E-04,3.22E-04,2.00E-04
0.5029,3.26E-05,2.62E-05,4.02E-04,3.22E-04,1.99E-04
0.5031,3.26E-05,2.63E-05,4.01E-04,3.22E-04,1.99E-04
0.5033,3.26E-05,2.63E-05,4.01E-04,3.22E-04,1.99E-04
0.5035,3.26E-05,2.63E-05,4.01E-04,3.21E-04,1.99E-04
0.5037,3.26E-05,2.63E-05,4.00E-04,3.21E-04,1.99E-04
0.5039,3.26E-05,2.63E-05,4.00E-04,3.21E-04,1.99E-04
0.5041,3.26E-05,2.64E-05,4.00E-04,3.21E-04,1.99E-04
0.5043,3.26E-05,2.64E-05,3.99E-04,3.20E-04,1.98E-04
0.5045,3.27E-05,2.64E-05,3.99E-04,3.20E-04,1.98E-04
0.5047,3.27E-05,2.64E-05,3.99E-04,3.20E-04,1.98E-04
0.5049,3.27E-05,2.65E-05,3.98E-04,3.20E-04,1.98E-04
0.5051,3.27E-05,2.65E-05,3.98E-04,3.19E-04,1.98E-04
0.5053,3.27E-05,2.65E-05,3.98E-04,3.19E-04,1.98E-04
0.5055,3.27E-05,2.65E-05,3.98E-04,3.19E-04,1.97E-04
0.5057,3.27E-05,2.65E-05,3.97E-04,3.19E-04,1.97E-04
0.5059,3.27E-05,2.66E-05,3.97E-04,3.18E-04,1.97E-04
0.5061,3.28E-05,2.66E-05,3.97E-04,3.18E-04,1.97E-04
0.5063,3.28E-05,2.66E-05,3.96E-04,3.18E-04,1.97E-04
0.5065,3.28E-05,2.66E-05,3.96E-04,3.18E-04,1.97E-04
0.5067,3.28E-05,2.67E-05,3.96E-04,3.17E-04,1.97E-04
0.5069,3.28E-05,2.67E-05,3.95E-04,3.17E-04,1.96E-04
0.5071,3.28E-05,2.67E-05,3.95E-04,3.17E-04,1.96E-04
0.5073,3.28E-05,2.67E-05,3.95E-04,3.17E-04,1.96E-04
0.5075,3.28E-05,2.67E-05,3.94E-04,3.16E-04,1.96E-04
0.5077,3.29E-05,2.68E-05,3.94E-04,3.16E-04,1.96E-04
0.5079,3.29E-05,2.68E-05,3.94E-04,3.16E-04,1.96E-04
0.5081,3.29E-05,2.68E-05,3.94E-04,3.16E-04,1.95E-04
0.5083,3.29E-05,2.68E-05,3.93E-04,3.16E-04,1.95E-04
0.5085,3.29E-05,2.69E-05,3.93E-04,3.15E-04,1.95E-04
0.5087,3.29E-05,2.69E-05,3.93E-04,3.15E-04,1.95E-04
0.5089,3.29E-05,2.69E-05,3.92E-04,3.15E-04,1.95E-04
0.5091,3.30E-05,2.69E-05,3.92E-04,3.15E-04,1.95E-04
0.5093,3.30E-05,2.69E-05,3.92E-04,3.14E-04,1.95E-04
0.5095,3.30E-05,2.70E-05,3.91E-04,3.14E-04,1.94E-04
0.5097,3.30E-05,2.70E-05,3.91E-04,3.14E-04,1.94E-04
0.5099,3.30E-05,2.70E-05,3.91E-04,3.14E-04,1.94E-04
0.5101,3.30E-05,2.70E-05,3.91E-04,3.13E-04,1.94E-04
0.5103,3.30E-05,2.71E-05,3.90E-04,3.13E-04,1.94E-04
0.5105,3.31E-05,2.71E-05,3.90E-04,3.13E-04,1.94E-04
0.5107,3.31E-05,2.71E-05,3.90E-04,3.13E-04,1.94E-04
0.5109,3.31E-05,2.71E-05,3.89E-04,3.12E-04,1.93E-04
0.5111,3.31E-05,2.71E-05,3.89E-04,3.12E-04,1.93E-04
0.5113,3.31E-05,2.72E-05,3.89E-04,3.12E-04,1.93E-04
0.5115,3.31E-05,2.72E-05,3.88E-04,3.12E-04,1.93E-04
0.5117,3.31E-05,2.72E-05,3.88E-04,3.11E-04,1.93E-04
0.5119,3.31E-05,2.72E-05,3.88E-04,3.11E-04,1.93E-04
0.5121,3.32E-05,2.73E-05,3.88E-04,3.11E-04,1.92E-04
0.5123,3.32E-05,2.73E-05,3.87E-04,3.11E-04,1.92E-04
0.5125,3.32E-05,2.73E-05,3.87E-04,3.10E-04,1.92E-04
0.5127,3.32E-05,2.73E-05,3.87E-04,3.10E-04,1.92E-04
0.5129,3.32E-05,2.74E-05,3.86E-04,3.10E-04,1.92E-04
0.5131,3.32E-05,2.74E-05,3.86E-04,3.10E-04,1.92E-04
0.5133,3.32E-05,2.74E-05,3.86E-04,3.10E-04,1.92E-04
0.5135,3.33E-05,2.74E-05,3.85E-04,3.09E-04,1.91E-04
0.5137,3.33E-05,2.74E-05,3.85E-04,3.09E-04,1.91E-04
0.5139,3.33E-05,2.75E-05,3.85E-04,3.09E-04,1.91E-04
0.5141,3.33E-05,2.75E-05,3.85E-04,3.09E-04,1.91E-04
0.5143,3.33E-05,2.75E-05,3.84E-04,3.08E-04,1.91E-04
0.5145,3.33E-05,2.75E-05,3.84E-04,3.08E-04,1.91E-04
0.5147,3.33E-05,2.76E-05,3.84E-04,3.08E-04,1.90E-04
0.5149,3.34E-05,2.76E-05,3.83E-04,3.08E-04,1.90E-04
0.5151,3.34E-05,2.76E-05,3.83E-04,3.07E-04,1.90E-04
0.5153,3.34E-05,2.76E-05,3.83E-04,3.07E-04,1.90E-04
0.5155,3.34E-05,2.77E-05,3.83E-04,3.07E-04,1.90E-04
0.5157,3.34E-05,2.77E-05,3.82E-04,3.07E-04,1.90E-04
0.5159,3.34E-05,2.77E-05,3.82E-04,3.07E-04,1.90E-04
0.5161,3.35E-05,2.77E-05,3.82E-04,3.06E-04,1.89E-04
0.5163,3.35E-05,2.77E-05,3.81E-04,3.06E-04,1.89E-04
0.5165,3.35E-05,2.78E-05,3.81E-04,3.06E-04,1.89E-04
0.5167,3.35E-05,2.78E-05,3.81E-04,3.06E-04,1.89E-04
0.5169,3.35E-05,2.78E-05,3.81E-04,3.05E-04,1.89E-04
0.5171,3.35E-05,2.78E-05,3.80E-04,3.05E-04,1.89E-04
0.5173,3.35E-05,2.79E-05,3.80E-04,3.05E-04,1.89E-04
0.5175,3.36E-05,2.79E-05,3.80E-04,3.05E-04,1.88E-04
0.5177,3.36E-05,2.79E-05,3.79E-04,3.04E-04,1.88E-04
0.5179,3.36E-05,2.79E-05,3.79E-04,3.04E-04,1.88E-04
0.5181,3.36E-05,2.80E-05,3.79E-04,3.04E-04,1.88E-04
0.5183,3.36E-05,2.80E-05,3.78E-04,3.04E-04,1.88E-04
0.5185,3.36E-05,2.80E-05,3.78E-04,3.04E-04,1.88E-04
0.5187,3.36E-05,2.80E-05,3.78E-04,3.03E-04,1.87E-04
0.5189,3.37E-05,2.81E-05,3.78E-04,3.03E-04,1.87E-04
0.5191,3.37E-05,2.81E-05,3.77E-04,3.03E-04,1.87E-04
0.5193,3.37E-05,2.81E-05,3.77E-04,3.03E-04,1.87E-04
0.5195,3.37E-05,2.81E-05,3.77E-04,3.02E-04,1.87E-04
0.5197,3.37E-05,2.81E-05,3.76E-04,3.02E-04,1.87E-04
0.5199,3.37E-05,2.82E-05,3.76E-04,3.02E-04,1.87E-04
0.5201,3.38E-05,2.82E-05,3.76E-04,3.02E-04,1.86E-04
0.5203,3.38E-05,2.82E-05,3.76E-04,3.01E-04,1.86E-04
0.5205,3.38E-05,2.82E-05,3.75E-04,3.01E-04,1.86E-04
0.5207,3.38E-05,2.83E-05,3.75E-04,3.01E-04,1.86E-04
0.5209,3.38E-05,2.83E-05,3.75E-04,3.01E-04,1.86E-04
0.5211,3.38E-05,2.83E-05,3.74E-04,3.01E-04,1.86E-04
0.5213,3.39E-05,2.83E-05,3.74E-04,3.00E-04,1.85E-04
0.5215,3.39E-05,2.84E-05,3.74E-04,3.00E-04,1.85E-04
0.5217,3.39E-05,2.84E-05,3.74E-04,3.00E-04,1.85E-04
0.5219,3.39E-05,2.84E-05,3.73E-04,3.00E-04,1.85E-04
0.5221,3.39E-05,2.84E-05,3.73E-04,2.99E-04,1.85E-04
0.5223,3.39E-05,2.85E-05,3.73E-04,2.99E-04,1.85E-04
0.5225,3.39E-05,2.85E-05,3.73E-04,2.99E-04,1.85E-04
0.5227,3.40E-05,2.85E-05,3.72E-04,2.99E-04,1.84E-04
0.5229,3.40E-05,2.85E-05,3.72E-04,2.99E-04,1.84E-04
0.5231,3.40E-05,2.86E-05,3.72E-04,2.98E-04,1.84E-04
0.5233,3.40E-05,2.86E-05,3.71E-04,2.98E-04,1.84E-04
0.5235,3.40E-05,2.86E-05,3.71E-04,2.98E-04,1.84E-04
0.5237,3.40E-05,2.86E-05,3.71E-04,2.98E-04,1.84E-04
0.5239,3.41E-05,2.86E-05,3.71E-04,2.97E-04,1.84E-04
0.5241,3.41E-05,2.87E-05,3.70E-04,2.97E-04,1.83E-04
0.5243,3.41E-05,2.87E-05,3.70E-04,2.97E-04,1.83E-04
0.5245,3.41E-05,2.87E-05,3.70E-04,2.97E-04,1.83E-04
0.5247,3.41E-05,2.87E-05,3.69E-04,2.97E-04,1.83E-04
0.5249,3.41E-05,2.88E-05,3.69E-04,2.96E-04,1.83E-04
0.5251,3.42E-05,2.88E-05,3.69E-04,2.96E-04,1.83E-04
0.5253,3.42E-05,2.88E-05,3.69E-04,2.96E-04,1.82E-04
0.5255,3.42E-05,2.88E-05,3.68E-04,2.96E-04,1.82E-04
0.5257,3.42E-05,2.89E-05,3.68E-04,2.95E-04,1.82E-04
0.5259,3.42E-05,2.89E-05,3.68E-04,2.95E-04,1.82E-04
0.5261,3.42E-05,2.89E-05,3.68E-04,2.95E-04,1.82E-04
0.5263,3.43E-05,2.89E-05,3.67E-04,2.95E-04,1.82E-04
0.5265,3.43E-05,2.90E-05,3.67E-04,2.95E-04,1.82E-04
0.5267,3.43E-05,2.90E-05,3.67E-04,2.94E-04,1.81E-04
0.5269,3.43E-05,2.90E-05,3.66E-04,2.94E-04,1.81E-04
0.5271,3.43E-05,2.90E-05,3.66E-04,2.94E-04,1.81E-04
0.5273,3.43E-05,2.91E-05,3.66E-04,2.94E-04,1.81E-04
0.5275,3.44E-05,2.91E-05,3.66E-04,2.93E-04,1.81E-04
0.5277,3.44E-05,2.91E-05,3.65E-04,2.93E-04,1.81E-04
0.5279,3.44E-05,2.91E-05,3.65E-04,2.93E-04,1.81E-04
0.5281,3.44E-05,2.92E-05,3.65E-04,2.93E-04,1.80E-04
0.5283,3.44E-05,2.92E-05,3.64E-04,2.93E-04,1.80E-04
0.5285,3.44E-05,2.92E-05,3.64E-04,2.92E-04,1.80E-04
0.5287,3.45E-05,2.92E-05,3.64E-04,2.92E-04,1.80E-04
0.5289,3.45E-05,2.93E-05,3.64E-04,2.92E-04,1.80E-04
0.5291,3.45E-05,2.93E-05,3.63E-04,2.92E-04,1.80E-04
0.5293,3.45E-05,2.93E-05,3.63E-04,2.92E-04,1.79E-04
0.5295,3.45E-05,2.93E-05,3.63E-04,2.91E-04,1.79E-04
0.5297,3.45E-05,2.94E-05,3.63E-04,2.91E-04,1.79E-04
0.5299,3.46E-05,2.94E-05,3.62E-04,2.91E-04,1.79E-04
0.5301,3.46E-05,2.94E-05,3.62E-04,2.91E-04,1.79E-04
0.5303,3.46E-05,2.94E-05,3.62E-04,2.90E-04,1.79E-04
0.5305,3.46E-05,2.95E-05,3.61E-04,2.90E-04,1.79E-04
0.5307,3.46E-05,2.95E-05,3.61E-04,2.90E-04,1.78E-04
0.5309,3.47E-05,2.95E-05,3.61E-04,2.90E-04,1.78E-04
0.5311,3.47E-05,2.95E-05,3.61E-04,2.90E-04,1.78E-04
0.5313,3.47E-05,2.96E-05,3.60E-04,2.89E-04,1.78E-04
0.5315,3.47E-05,2.96E-05,3.60E-04,2.89E-04,1.78E-04
0.5317,3.47E-05,2.96E-05,3.60E-04,2.89E-04,1.78E-04
0.5319,3.47E-05,2.96E-05,3.60E-04,2.89E-04,1.78E-04
0.5321,3.48E-05,2.97E-05,3.59E-04,2.89E-04,1.77E-04
0.5323,3.48E-05,2.97E-05,3.59E-04,2.88E-04,1.77E-04
0.5325,3.48E-05,2.97E-05,3.59E-04,2.88E-04,1.77E-04
0.5327,3.48E-05,2.97E-05,3.59E-04,2.88E-04,1.77E-04
0.5329,3.48E-05,2.98E-05,3.58E-04,2.88E-04,1.77E-04
0.5331,3.48E-05,2.98E-05,3.58E-04,2.87E-04,1.77E-04
0.5333,3.49E-05,2.98E-05,3.58E-04,2.87E-04,1.77E-04
0.5335,3.49E-05,2.98E-05,3.57E-04,2.87E-04,1.76E-04
0.5337,3.49E-05,2.99E-05,3.57E-04,2.87E-04,1.76E-04
0.5339,3.49E-05,2.99E-05,3.57E-04,2.87E-04,1.76E-04
0.5341,3.49E-05,2.99E-05,3.57E-04,2.86E-04,1.76E-04
0.5343,3.50E-05,2.99E-05,3.56E-04,2.86E-04,1.76E-04
0.5345,3.50E-05,3.00E-05,3.56E-04,2.86E-04,1.76E-04
0.5347,3.50E-05,3.00E-05,3.56E-04,2.86E-04,1.75E-04
0.5349,3.50E-05,3.00E-05,3.56E-04,2.86E-04,1.75E-04
0.5351,3.50E-05,3.00E-05,3.55E-04,2.85E-04,1.75E-04
0.5353,3.50E-05,3.01E-05,3.55E-04,2.85E-04,1.75E-04
0.5355,3.51E-05,3.01E-05,3.55E-04,2.85E-04,1.75E-04
0.5357,3.51E-05,3.01E-05,3.55E-04,2.85E-04,1.75E-04
0.5359,3.51E-05,3.01E-05,3.54E-04,2.85E-04,1.75E-04
0.5361,3.51E-05,3.02E-05,3.54E-04,2.84E-04,1.74E-04
0.5363,3.51E-05,3.02E-05,3.54E-04,2.84E-04,1.74E-04
0.5365,3.52E-05,3.02E-05,3.54E-04,2.84E-04,1.74E-04
0.5367,3.52E-05,3.02E-05,3.53E-04,2.84E-04,1.74E-04
0.5369,3.52E-05,3.03E-05,3.53E-04,2.83E-04,1.74E-04
0.5371,3.52E-05,3.03E-05,3.53E-04,2.83E-04,1.74E-04
0.5373,3.52E-05,3.03E-05,3.52E-04,2.83E-04,1.74E-04
0.5375,3.53E-05,3.03E-05,3.52E-04,2.83E-04,1.73E-04
0.5377,3.53E-05,3.04E-05,3.52E-04,2.83E-04,1.73E-04
0.5379,3.53E-05,3.04E-05,3.52E-04,2.82E-04,1.73E-04
0.5381,3.53E-05,3.04E-05,3.51E-04,2.82E-04,1.73E-04
0.5383,3.53E-05,3.04E-05,3.51E-04,2.82E-04,1.73E-04
0.5385,3.53E-05,3.05E-05,3.51E-04,2.82E-04,1.73E-04
0.5387,3.54E-05,3.05E-05,3.51E-04,2.82E-04,1.73E-04
0.5389,3.54E-05,3.05E-05,3.50E-04,2.81E-04,1.72E-04
0.5391,3.54E-05,3.06E-05,3.50E-04,2.81E-04,1.72E-04
0.5393,3.54E-05,3.06E-05,3.50E-04,2.81E-04,1.72E-04
0.5395,3.54E-05,3.06E-05,3.50E-04,2.81E-04,1.72E-04
0.5397,3.55E-05,3.06E-05,3.49E-04,2.81E-04,1.72E-04
0.5399,3.55E-05,3.07E-05,3.49E-04,2.80E-04,1.72E-04
0.5401,3.55E-05,3.07E-05,3.49E-04,2.80E-04,1.72E-04
0.5403,3.55E-05,3.07E-05,3.49E-04,2.80E-04,1.71E-04
0.5405,3.55E-05,3.07E-05,3.48E-04,2.80E-04,1.71E-04
0.5407,3.56E-05,3.08E-05,3.48E-04,2.80E-04,1.71E-04
0.5409,3.56E-05,3.08E-05,3.48E-04,2.79E-04,1.71E-04
0.5411,3.56E-05,3.08E-05,3.48E-04,2.79E-04,1.71E-04
0.5413,3.56E-05,3.08E-05,3.47E-04,2.79E-04,1.71E-04
0.5415,3.56E-05,3.09E-05,3.47E-04,2.79E-04,1.71E-04
0.5417,3.57E-05,3.09E-05,3.47E-04,2.79E-04,1.70E-04
0.5419,3.57E-05,3.09E-05,3.47E-04,2.78E-04,1.70E-04
0.5421,3.57E-05,3.09E-05,3.46E-04,2.78E-04,1.70E-04
0.5423,3.57E-05,3.10E-05,3.46E-04,2.78E-04,1.70E-04
0.5425,3.57E-05,3.10E-05,3.46E-04,2.78E-04,1.70E-04
0.5427,3.58E-05,3.10E-05,3.46E-04,2.78E-04,1.70E-04
0.5429,3.58E-05,3.10E-05,3.45E-04,2.77E-04,1.70E-04
0.5431,3.58E-05,3.11E-05,3.45E-04,2.77E-04,1.69E-04
0.5433,3.58E-05,3.11E-05,3.45E-04,2.77E-04,1.69E-04
0.5435,3.58E-05,3.11E-05,3.45E-04,2.77E-04,1.69E-04
0.5437,3.59E-05,3.12E-05,3.44E-04,2.77E-04,1.69E-04
0.5439,3.59E-05,3.12E-05,3.44E-04,2.76E-04,1.69E-04
0.5441,3.59E-05,3.12E-05,3.44E-04,2.76E-04,1.69E-04
0.5443,3.59E-05,3.12E-05,3.44E-04,2.76E-04,1.69E-04
0.5445,3.59E-05,3.13E-05,3.43E-04,2.76E-04,1.68E-04
0.5447,3.59E-05,3.13E-05,3.43E-04,2.76E-04,1.68E-04
0.5449,3.60E-05,3.13E-05,3.43E-04,2.75E-04,1.68E-04
0.5451,3.60E-05,3.13E-05,3.43E-04,2.75E-04,1.68E-04
0.5453,3.60E-05,3.14E-05,3.42E-04,2.75E-04,1.68E-04
0.5455,3.60E-05,3.14E-05,3.42E-04,2.75E-04,1.68E-04
0.5457,3.60E-05,3.14E-05,3.42E-04,2.75E-04,1.68E-04
0.5459,3.61E-05,3.14E-05,3.42E-04,2.74E-04,1.67E-04
0.5461,3.61E-05,3.15E-05,3.41E-04,2.74E-04,1.67E-04
0.5463,3.61E-05,3.15E-05,3.41E-04,2.74E-04,1.67E-04
0.5465,3.61E-05,3.15E-05,3.41E-04,2.74E-04,1.67E-04
0.5467,3.62E-05,3.16E-05,3.41E-04,2.74E-04,1.67E-04
0.5469,3.62E-05,3.16E-05,3.40E-04,2.73E-04,1.67E-04
0.5471,3.62E-05,3.16E-05,3.40E-04,2.73E-04,1.67E-04
0.5473,3.62E-05,3.16E-05,3.40E-04,2.73E-04,1.66E-04
0.5475,3.62E-05,3.17E-05,3.40E-04,2.73E-04,1.66E-04
0.5477,3.63E-05,3.17E-05,3.39E-04,2.73E-04,1.66E-04
0.5479,3.63E-05,3.17E-05,3.39E-04,2.72E-04,1.66E-04
0.5481,3.63E-05,3.17E-05,3.39E-04,2.72E-04,1.66E-04
0.5483,3.63E-05,3.18E-05,3.39E-04,2.72E-04,1.66E-04
0.5485,3.63E-05,3.18E-05,3.38E-04,2.72E-04,1.66E-04
0.5487,3.64E-05,3.18E-05,3.38E-04,2.72E-04,1.65E-04
0.5489,3.64E-05,3.18E-05,3.38E-04,2.72E-04,1.65E-04
0.5491,3.64E-05,3.19E-05,3.38E-04,2.71E-04,1.65E-04
0.5493,3.64E-05,3.19E-05,3.37E-04,2.71E-04,1.65E-04
0.5495,3.64E-05,3.19E-05,3.37E-04,2.71E-04,1.65E-04
0.5497,3.65E-05,3.20E-05,3.37E-04,2.71E-04,1.65E-04
0.5499,3.65E-05,3.20E-05,3.37E-04,2.71E-04,1.65E-04
0.5501,3.65E-05,3.20E-05,3.36E-04,2.70E-04,1.64E-04
0.5503,3.65E-05,3.20E-05,3.36E-04,2.70E-04,1.64E-04
0.5505,3.65E-05,3.21E-05,3.36E-04,2.70E-04,1.64E-04
0.5507,3.66E-05,3.21E-05,3.36E-04,2.70E-04,1.64E-04
0.5509,3.66E-05,3.21E-05,3.35E-04,2.70E-04,1.64E-04
0.5511,3.66E-05,3.21E-05,3.35E-04,2.69E-04,1.64E-04
0.5513,3.66E-05,3.22E-05,3.35E-04,2.69E-04,1.64E-04
0.5515,3.66E-05,3.22E-05,3.35E-04,2.69E-04,1.64E-04
0.5517,3.67E-05,3.22E-05,3.35E-04,2.69E-04,1.63E-04
0.5519,3.67E-05,3.23E-05,3.34E-04,2.69E-04,1.63E-04
0.5521,3.67E-05,3.23E-05,3.34E-04,2.68E-04,1.63E-04
0.5523,3.67E-05,3.23E-05,3.34E-04,2.68E-04,1.63E-04
0.5525,3.68E-05,3.23E-05,3.34E-04,2.68E-04,1.63E-04
0.5527,3.68E-05,3.24E-05,3.33E-04,2.68E-04,1.63E-04
0.5529,3.68E-05,3.24E-05,3.33E-04,2.68E-04,1.63E-04
0.5531,3.68E-05,3.24E-05,3.33E-04,2.68E-04,1.62E-04
0.5533,3.68E-05,3.24E-05,3.33E-04,2.67E-04,1.62E-04
0.5535,3.69E-05,3.25E-05,3.32E-04,2.67E-04,1.62E-04
0.5537,3.69E-05,3.25E-05,3.32E-04,2.67E-04,1.62E-04
0.5539,3.69E-05,3.25E-05,3.32E-04,2.67E-04,1.62E-04
0.5541,3.69E-05,3.26E-05,3.32E-04,2.67E-04,1.62E-04
0.5543,3.69E-05,3.26E-05,3.31E-04,2.66E-04,1.62E-04
0.5545,3.70E-05,3.26E-05,3.31E-04,2.66E-04,1.61E-04
0.5547,3.70E-05,3.26E-05,3.31E-04,2.66E-04,1.61E-04
0.5549,3.70E-05,3.27E-05,3.31E-04,2.66E-04,1.61E-04
0.5551,3.70E-05,3.27E-05,3.30E-04,2.66E-04,1.61E-04
0.5553,3.71E-05,3.27E-05,3.30E-04,2.66E-04,1.61E-04
0.5555,3.71E-05,3.27E-05,3.30E-04,2.65E-04,1.61E-04
0.5557,3.71E-05,3.28E-05,3.30E-04,2.65E-04,1.61E-04
0.5559,3.71E-05,3.28E-05,3.30E-04,2.65E-04,1.60E-04
0.5561,3.71E-05,3.28E-05,3.29E-04,2.65E-04,1.60E-04
0.5563,3.72E-05,3.29E-05,3.29E-04,2.65E-04,1.60E-04
0.5565,3.72E-05,3.29E-05,3.29E-04,2.64E-04,1.60E-04
0.5567,3.72E-05,3.29E-05,3.29E-04,2.64E-04,1.60E-04
0.5569,3.72E-05,3.29E-05,3.28E-04,2.64E-04,1.60E-04
0.5571,3.73E-05,3.30E-05,3.28E-04,2.64E-04,1.60E-04
0.5573,3.73E-05,3.30E-05,3.28E-04,2.64E-04,1.60E-04
0.5575,3.73E-05,3.30E-05,3.28E-04,2.64E-04,1.59E-04
0.5577,3.73E-05,3.31E-05,3.27E-04,2.63E-04,1.59E-04
0.5579,3.73E-05,3.31E-05,3.27E-04,2.63E-04,1.59E-04
0.5581,3.74E-05,3.31E-05,3.27E-04,2.63E-04,1.59E-04
0.5583,3.74E-05,3.31E-05,3.27E-04,2.63E-04,1.59E-04
0.5585,3.74E-05,3.32E-05,3.27E-04,2.63E-04,1.59E-04
0.5587,3.74E-05,3.32E-05,3.26E-04,2.62E-04,1.59E-04
0.5589,3.75E-05,3.32E-05,3.26E-04,2.62E-04,1.58E-04
0.5591,3.75E-05,3.32E-05,3.26E-04,2.62E-04,1.58E-04
0.5593,3.75E-05,3.33E-05,3.26E-04,2.62E-04,1.58E-04
0.5595,3.75E-05,3.33E-05,3.25E-04,2.62E-04,1.58E-04
0.5597,3.75E-05,3.33E-05,3.25E-04,2.62E-04,1.58E-04
0.5599,3.76E-05,3.34E-05,3.25E-04,2.61E-04,1.58E-04
0.5601,3.76E-05,3.34E-05,3.25E-04,2.61E-04,1.58E-04
0.5603,3.76E-05,3.34E-05,3.24E-04,2.61E-04,1.58E-04
0.5605,3.76E-05,3.34E-05,3.24E-04,2.61E-04,1.57E-04
0.5607,3.77E-05,3.35E-05,3.24E-04,2.61E-04,1.57E-04
0.5609,3.77E-05,3.35E-05,3.24E-04,2.60E-04,1.57E-04
0.5611,3.77E-05,3.35E-05,3.24E-04,2.60E-04,1.57E-04
0.5613,3.77E-05,3.36E-05,3.23E-04,2.60E-04,1.57E-04
0.5615,3.77E-05,3.36E-05,3.23E-04,2.60E-04,1.57E-04
0.5617,3.78E-05,3.36E-05,3.23E-04,2.60E-04,1.57E-04
0.5619,3.78E-05,3.36E-05,3.23E-04,2.60E-04,1.56E-04
0.5621,3.78E-05,3.37E-05,3.22E-04,2.59E-04,1.56E-04
0.5623,3.78E-05,3.37E-05,3.22E-04,2.59E-04,1.56E-04
0.5625,3.79E-05,3.37E-05,3.22E-04,2.59E-04,1.56E-04
0.5627,3.79E-05,3.38E-05,3.22E-04,2.59E-04,1.56E-04
0.5629,3.79E-05,3.38E-05,3.21E-04,2.59E-04,1.56E-04
0.5631,3.79E-05,3.38E-05,3.21E-04,2.59E-04,1.56E-04
0.5633,3.80E-05,3.38E-05,3.21E-04,2.58E-04,1.56E-04
0.5635,3.80E-05,3.39E-05,3.21E-04,2.58E-04,1.55E-04
0.5637,3.80E-05,3.39E-05,3.21E-04,2.58E-04,1.55E-04
0.5639,3.80E-05,3.39E-05,3.20E-04,2.58E-04,1.55E-04
0.5641,3.80E-05,3.40E-05,3.20E-04,2.58E-04,1.55E-04
0.5643,3.81E-05,3.40E-05,3.20E-04,2.58E-04,1.55E-04
0.5645,3.81E-05,3.40E-05,3.20E-04,2.57E-04,1.55E-04
0.5647,3.81E-05,3.40E-05,3.19E-04,2.57E-04,1.55E-04
0.5649,3.81E-05,3.41E-05,3.19E-04,2.57E-04,1.55E-04
0.5651,3.82E-05,3.41E-05,3.19E-04,2.57E-04,1.54E-04
0.5653,3.82E-05,3.41E-05,3.19E-04,2.57E-04,1.54E-04
0.5655,3.82E-05,3.42E-05,3.19E-04,2.56E-04,1.54E-04
0.5657,3.82E-05,3.42E-05,3.18E-04,2.56E-04,1.54E-04
0.5659,3.83E-05,3.42E-05,3.18E-04,2.56E-04,1.54E-04
0.5661,3.83E-05,3.42E-05,3.18E-04,2.56E-04,1.54E-04
0.5663,3.83E-05,3.43E-05,3.18E-04,2.56E-04,1.54E-04
0.5665,3.83E-05,3.43E-05,3.17E-04,2.56E-04,1.53E-04
0.5667,3.83E-05,3.43E-05,3.17E-04,2.55E-04,1.53E-04
0.5669,3.84E-05,3.44E-05,3.17E-04,2.55E-04,1.53E-04
0.5671,3.84E-05,3.44E-05,3.17E-04,2.55E-04,1.53E-04
0.5673,3.84E-05,3.44E-05,3.17E-04,2.55E-04,1.53E-04
0.5675,3.84E-05,3.44E-05,3.16E-04,2.55E-04,1.53E-04
0.5677,3.85E-05,3.45E-05,3.16E-04,2.55E-04,1.53E-04
0.5679,3.85E-05,3.45E-05,3.16E-04,2.54E-04,1.53E-04
0.5681,3.85E-05,3.45E-05,3.16E-04,2.54E-04,1.52E-04
0.5683,3.85E-05,3.46E-05,3.16E-04,2.54E-04,1.52E-04
0.5685,3.86E-05,3.46E-05,3.15E-04,2.54E-04,1.52E-04
0.5687,3.86E-05,3.46E-05,3.15E-04,2.54E-04,1.52E-04
0.5689,3.86E-05,3.46E-05,3.15E-04,2.54E-04,1.52E-04
0.5691,3.86E-05,3.47E-05,3.15E-04,2.53E-04,1.52E-04
0.5693,3.87E-05,3.47E-05,3.14E-04,2.53E-04,1.52E-04
0.5695,3.87E-05,3.47E-05,3.14E-04,2.53E-04,1.52E-04
0.5697,3.87E-05,3.48E-05,3.14E-04,2.53E-04,1.51E-04
0.5699,3.87E-05,3.48E-05,3.14E-04,2.53E-04,1.51E-04
0.5701,3.88E-05,3.48E-05,3.14E-04,2.53E-04,1.51E-04
0.5703,3.88E-05,3.49E-05,3.13E-04,2.52E-04,1.51E-04
0.5705,3.88E-05,3.49E-05,3.13E-04,2.52E-04,1.51E-04
0.5707,3.88E-05,3.49E-05,3.13E-04,2.52E-04,1.51E-04
0.5709,3.88E-05,3.49E-05,3.13E-04,2.52E-04,1.51E-04
0.5711,3.89E-05,3.50E-05,3.12E-04,2.52E-04,1.51E-04
0.5713,3.89E-05,3.50E-05,3.12E-04,2.52E-04,1.50E-04
0.5715,3.89E-05,3.50E-05,3.12E-04,2.51E-04,1.50E-04
0.5717,3.89E-05,3.51E-05,3.12E-04,2.51E-04,1.50E-04
0.5719,3.90E-05,3.51E-05,3.12E-04,2.51E-04,1.50E-04
0.5721,3.90E-05,3.51E-05,3.11E-04,2.51E-04,1.50E-04
0.5723,3.90E-05,3.51E-05,3.11E-04,2.51E-04,1.50E-04
0.5725,3.90E-05,3.52E-05,3.11E-04,2.51E-04,1.50E-04
0.5727,3.91E-05,3.52E-05,3.11E-04,2.50E-04,1.50E-04
0.5729,3.91E-05,3.52E-05,3.11E-04,2.50E-04,1.49E-04
0.5731,3.91E-05,3.53E-05,3.10E-04,2.50E-04,1.49E-04
0.5733,3.91E-05,3.53E-05,3.10E-04,2.50E-04,1.49E-04
0.5735,3.92E-05,3.53E-05,3.10E-04,2.50E-04,1.49E-04
0.5737,3.92E-05,3.54E-05,3.10E-04,2.50E-04,1.49E-04
0.5739,3.92E-05,3.54E-05,3.10E-04,2.50E-04,1.49E-04
0.5741,3.92E-05,3.54E-05,3.09E-04,2.49E-04,1.49E-04
0.5743,3.93E-05,3.54E-05,3.09E-04,2.49E-04,1.49E-04
0.5745,3.93E-05,3.55E-05,3.09E-04,2.49E-04,1.48E-04
0.5747,3.93E-05,3.55E-05,3.09E-04,2.49E-04,1.48E-04
0.5749,3.93E-05,3.55E-05,3.08E-04,2.49E-04,1.48E-04
0.5751,3.94E-05,3.56E-05,3.08E-04,2.49E-04,1.48E-04
0.5753,3.94E-05,3.56E-05,3.08E-04,2.48E-04,1.48E-04
0.5755,3.94E-05,3.56E-05,3.08E-04,2.48E-04,1.48E-04
0.5757,3.94E-05,3.56E-05,3.08E-04,2.48E-04,1.48E-04
0.5759,3.95E-05,3.57E-05,3.07E-04,2.48E-04,1.48E-04
0.5761,3.95E-05,3.57E-05,3.07E-04,2.48E-04,1.47E-04
0.5763,3.95E-05,3.57E-05,3.07E-04,2.48E-04,1.47E-04
0.5765,3.95E-05,3.58E-05,3.07E-04,2.47E-04,1.47E-04
0.5767,3.96E-05,3.58E-05,3.07E-04,2.47E-04,1.47E-04
0.5769,3.96E-05,3.58E-05,3.06E-04,2.47E-04,1.47E-04
0.5771,3.96E-05,3.59E-05,3.06E-04,2.47E-04,1.47E-04
0.5773,3.96E-05,3.59E-05,3.06E-04,2.47E-04,1.47E-04
0.5775,3.97E-05,3.59E-05,3.06E-04,2.47E-04,1.47E-04
0.5777,3.97E-05,3.59E-05,3.06E-04,2.47E-04,1.46E-04
0.5779,3.97E-05,3.60E-05,3.05E-04,2.46E-04,1.46E-04
0.5781,3.97E-05,3.60E-05,3.05E-04,2.46E-04,1.46E-04
0.5783,3.98E-05,3.60E-05,3.05E-04,2.46E-04,1.46E-04
0.5785,3.98E-05,3.61E-05,3.05E-04,2.46E-04,1.46E-04
0.5787,3.98E-05,3.61E-05,3.05E-04,2.46E-04,1.46E-04
0.5789,3.98E-05,3.61E-05,3.04E-04,2.46E-04,1.46E-04
0.5791,3.99E-05,3.62E-05,3.04E-04,2.45E-04,1.46E-04
0.5793,3.99E-05,3.62E-05,3.04E-04,2.45E-04,1.45E-04
0.5795,3.99E-05,3.62E-05,3.04E-04,2.45E-04,1.45E-04
0.5797,3.99E-05,3.62E-05,3.04E-04,2.45E-04,1.45E-04
0.5799,4.00E-05,3.63E-05,3.03E-04,2.45E-04,1.45E-04
0.5801,4.00E-05,3.63E-05,3.03E-04,2.45E-04,1.45E-04
0.5803,4.00E-05,3.63E-05,3.03E-04,2.44E-04,1.45E-04
0.5805,4.00E-05,3.64E-05,3.03E-04,2.44E-04,1.45E-04
0.5807,4.01E-05,3.64E-05,3.03E-04,2.44E-04,1.45E-04
0.5809,4.01E-05,3.64E-05,3.02E-04,2.44E-04,1.45E-04
0.5811,4.01E-05,3.65E-05,3.02E-04,2.44E-04,1.44E-04
0.5813,4.02E-05,3.65E-05,3.02E-04,2.44E-04,1.44E-04
0.5815,4.02E-05,3.65E-05,3.02E-04,2.44E-04,1.44E-04
0.5817,4.02E-05,3.66E-05,3.02E-04,2.43E-04,1.44E-04
0.5819,4.02E-05,3.66E-05,3.01E-04,2.43E-04,1.44E-04
0.5821,4.03E-05,3.66E-05,3.01E-04,2.43E-04,1.44E-04
0.5823,4.03E-05,3.66E-05,3.01E-04,2.43E-04,1.44E-04
0.5825,4.03E-05,3.67E-05,3.01E-04,2.43E-04,1.44E-04
0.5827,4.03E-05,3.67E-05,3.01E-04,2.43E-04,1.43E-04
0.5829,4.04E-05,3.67E-05,3.00E-04,2.43E-04,1.43E-04
0.5831,4.04E-05,3.68E-05,3.00E-04,2.42E-04,1.43E-04
0.5833,4.04E-05,3.68E-05,3.00E-04,2.42E-04,1.43E-04
0.5835,4.04E-05,3.68E-05,3.00E-04,2.42E-04,1.43E-04
0.5837,4.05E-05,3.69E-05,3.00E-04,2.42E-04,1.43E-04
0.5839,4.05E-05,3.69E-05,2.99E-04,2.42E-04,1.43E-04
0.5841,4.05E-05,3.69E-05,2.99E-04,2.42E-04,1.43E-04
0.5843,4.05E-05,3.69E-05,2.99E-04,2.41E-04,1.43E-04
0.5845,4.06E-05,3.70E-05,2.99E-04,2.41E-04,1.42E-04
0.5847,4.06E-05,3.70E-05,2.99E-04,2.41E-04,1.42E-04
0.5849,4.06E-05,3.70E-05,2.98E-04,2.41E-04,1.42E-04
0.5851,4.06E-05,3.71E-05,2.98E-04,2.41E-04,1.42E-04
0.5853,4.07E-05,3.71E-05,2.98E-04,2.41E-04,1.42E-04
0.5855,4.07E-05,3.71E-05,2.98E-04,2.41E-04,1.42E-04
0.5857,4.07E-05,3.72E-05,2.98E-04,2.40E-04,1.42E-04
0.5859,4.08E-05,3.72E-05,2.97E-04,2.40E-04,1.42E-04
0.5861,4.08E-05,3.72E-05,2.97E-04,2.40E-04,1.41E-04
0.5863,4.08E-05,3.73E-05,2.97E-04,2.40E-04,1.41E-04
0.5865,4.08E-05,3.73E-05,2.97E-04,2.40E-04,1.41E-04
0.5867,4.09E-05,3.73E-05,2.97E-04,2.40E-04,1.41E-04
0.5869,4.09E-05,3.74E-05,2.96E-04,2.40E-04,1.41E-04
0.5871,4.09E-05,3.74E-05,2.96E-04,2.39E-04,1.41E-04
0.5873,4.09E-05,3.74E-05,2.96E-04,2.39E-04,1.41E-04
0.5875,4.10E-05,3.74E-05,2.96E-04,2.39E-04,1.41E-04
0.5877,4.10E-05,3.75E-05,2.96E-04,2.39E-04,1.41E-04
0.5879,4.10E-05,3.75E-05,2.95E-04,2.39E-04,1.40E-04
0.5881,4.10E-05,3.75E-05,2.95E-04,2.39E-04,1.40E-04
0.5883,4.11E-05,3.76E-05,2.95E-04,2.39E-04,1.40E-04
0.5885,4.11E-05,3.76E-05,2.95E-04,2.38E-04,1.40E-04
0.5887,4.11E-05,3.76E-05,2.95E-04,2.38E-04,1.40E-04
0.5889,4.12E-05,3.77E-05,2.94E-04,2.38E-04,1.40E-04
0.5891,4.12E-05,3.77E-05,2.94E-04,2.38E-04,1.40E-04
0.5893,4.12E-05,3.77E-05,2.94E-04,2.38E-04,1.40E-04
0.5895,4.12E-05,3.78E-05,2.94E-04,2.38E-04,1.40E-04
0.5897,4.13E-05,3.78E-05,2.94E-04,2.38E-04,1.39E-04
0.5899,4.13E-05,3.78E-05,2.93E-04,2.37E-04,1.39E-04
0.5901,4.13E-05,3.78E-05,2.93E-04,2.37E-04,1.39E-04
0.5903,4.13E-05,3.79E-05,2.93E-04,2.37E-04,1.39E-04
0.5905,4.14E-05,3.79E-05,2.93E-04,2.37E-04,1.39E-04
0.5907,4.14E-05,3.79E-05,2.93E-04,2.37E-04,1.39E-04
0.5909,4.14E-05,3.80E-05,2.93E-04,2.37E-04,1.39E-04
0.5911,4.15E-05,3.80E-05,2.92E-04,2.37E-04,1.39E-04
0.5913,4.15E-05,3.80E-05,2.92E-04,2.36E-04,1.39E-04
0.5915,4.15E-05,3.81E-05,2.92E-04,2.36E-04,1.38E-04
0.5917,4.15E-05,3.81E-05,2.92E-04,2.36E-04,1.38E-04
0.5919,4.16E-05,3.81E-05,2.92E-04,2.36E-04,1.38E-04
0.5921,4.16E-05,3.82E-05,2.91E-04,2.36E-04,1.38E-04
0.5923,4.16E-05,3.82E-05,2.91E-04,2.36E-04,1.38E-04
0.5925,4.16E-05,3.82E-05,2.91E-04,2.36E-04,1.38E-04
0.5927,4.17E-05,3.83E-05,2.91E-04,2.36E-04,1.38E-04
0.5929,4.17E-05,3.83E-05,2.91E-04,2.35E-04,1.38E-04
0.5931,4.17E-05,3.83E-05,2.90E-04,2.35E-04,1.38E-04
0.5933,4.18E-05,3.84E-05,2.90E-04,2.35E-04,1.37E-04
0.5935,4.18E-05,3.84E-05,2.90E-04,2.35E-04,1.37E-04
0.5937,4.18E-05,3.84E-05,2.90E-04,2.35E-04,1.37E-04
0.5939,4.18E-05,3.84E-05,2.90E-04,2.35E-04,1.37E-04
0.5941,4.19E-05,3.85E-05,2.90E-04,2.35E-04,1.37E-04
0.5943,4.19E-05,3.85E-05,2.89E-04,2.34E-04,1.37E-04
0.5945,4.19E-05,3.85E-05,2.89E-04,2.34E-04,1.37E-04
0.5947,4.19E-05,3.86E-05,2.89E-04,2.34E-04,1.37E-04
0.5949,4.20E-05,3.86E-05,2.89E-04,2.34E-04,1.37E-04
0.5951,4.20E-05,3.86E-05,2.89E-04,2.34E-04,1.36E-04
0.5953,4.20E-05,3.87E-05,2.88E-04,2.34E-04,1.36E-04
0.5955,4.21E-05,3.87E-05,2.88E-04,2.34E-04,1.36E-04
0.5957,4.21E-05,3.87E-05,2.88E-04,2.33E-04,1.36E-04
0.5959,4.21E-05,3.88E-05,2.88E-04,2.33E-04,1.36E-04
0.5961,4.21E-05,3.88E-05,2.88E-04,2.33E-04,1.36E-04
0.5963,4.22E-05,3.88E-05,2.88E-04,2.33E-04,1.36E-04
0.5965,4.22E-05,3.89E-05,2.87E-04,2.33E-04,1.36E-04
0.5967,4.22E-05,3.89E-05,2.87E-04,2.33E-04,1.36E-04
0.5969,4.23E-05,3.89E-05,2.87E-04,2.33E-04,1.35E-04
0.5971,4.23E-05,3.90E-05,2.87E-04,2.33E-04,1.35E-04
0.5973,4.23E-05,3.90E-05,2.87E-04,2.32E-04,1.35E-04
0.5975,4.23E-05,3.90E-05,2.86E-04,2.32E-04,1.35E-04
0.5977,4.24E-05,3.91E-05,2.86E-04,2.32E-04,1.35E-04
0.5979,4.24E-05,3.91E-05,2.86E-04,2.32E-04,1.35E-04
0.5981,4.24E-05,3.91E-05,2.86E-04,2.32E-04,1.35E-04
0.5983,4.25E-05,3.92E-05,2.86E-04,2.32E-04,1.35E-04
0.5985,4.25E-05,3.92E-05,2.86E-04,2.32E-04,1.35E-04
0.5987,4.25E-05,3.92E-05,2.85E-04,2.32E-04,1.34E-04
0.5989,4.25E-05,3.92E-05,2.85E-04,2.31E-04,1.34E-04
0.5991,4.26E-05,3.93E-05,2.85E-04,2.31E-04,1.34E-04
0.5993,4.26E-05,3.93E-05,2.85E-04,2.31E-04,1.34E-04
0.5995,4.26E-05,3.93E-05,2.85E-04,2.31E-04,1.34E-04
0.5997,4.27E-05,3.94E-05,2.84E-04,2.31E-04,1.34E-04
0.5999,4.27E-05,3.94E-05,2.84E-04,2.31E-04,1.34E-04
0.6001,4.27E-05,3.94E-05,2.84E-04,2.31E-04,1.34E-04
0.6003,4.27E-05,3.95E-05,2.84E-04,2.30E-04,1.34E-04
0.6005,4.28E-05,3.95E-05,2.84E-04,2.30E-04,1.33E-04
0.6007,4.28E-05,3.95E-05,2.84E-04,2.30E-04,1.33E-04
0.6009,4.28E-05,3.96E-05,2.83E-04,2.30E-04,1.33E-04
0.6011,4.29E-05,3.96E-05,2.83E-04,2.30E-04,1.33E-04
0.6013,4.29E-05,3.96E-05,2.83E-04,2.30E-04,1.33E-04
0.6015,4.29E-05,3.97E-05,2.83E-04,2.30E-04,1.33E-04
0.6017,4.29E-05,3.97E-05,2.83E-04,2.30E-04,1.33E-04
0.6019,4.30E-05,3.97E-05,2.83E-04,2.29E-04,1.33E-04
0.6021,4.30E-05,3.98E-05,2.82E-04,2.29E-04,1.33E-04
0.6023,4.30E-05,3.98E-05,2.82E-04,2.29E-04,1.33E-04
0.6025,4.31E-05,3.98E-05,2.82E-04,2.29E-04,1.32E-04
0.6027,4.31E-05,3.99E-05,2.82E-04,2.29E-04,1.32E-04
0.6029,4.31E-05,3.99E-05,2.82E-04,2.29E-04,1.32E-04
0.6031,4.31E-05,3.99E-05,2.81E-04,2.29E-04,1.32E-04
0.6033,4.32E-05,4.00E-05,2.81E-04,2.29E-04,1.32E-04
0.6035,4.32E-05,4.00E-05,2.81E-04,2.28E-04,1.32E-04
0.6037,4.32E-05,4.00E-05,2.81E-04,2.28E-04,1.32E-04
0.6039,4.33E-05,4.01E-05,2.81E-04,2.28E-04,1.32E-04
0.6041,4.33E-05,4.01E-05,2.81E-04,2.28E-04,1.32E-04
0.6043,4.33E-05,4.01E-05,2.80E-04,2.28E-04,1.31E-04
0.6045,4.33E-05,4.02E-05,2.80E-04,2.28E-04,1.31E-04
0.6047,4.34E-05,4.02E-05,2.80E-04,2.28E-04,1.31E-04
0.6049,4.34E-05,4.02E-05,2.80E-04,2.28E-04,1.31E-04
0.6051,4.34E-05,4.03E-05,2.80E-04,2.28E-04,1.31E-04
0.6053,4.35E-05,4.03E-05,2.80E-04,2.27E-04,1.31E-04
0.6055,4.35E-05,4.03E-05,2.79E-04,2.27E-04,1.31E-04
0.6057,4.35E-05,4.04E-05,2.79E-04,2.27E-04,1.31E-04
0.6059,4.35E-05,4.04E-05,2.79E-04,2.27E-04,1.31E-04
0.6061,4.36E-05,4.04E-05,2.79E-04,2.27E-04,1.30E-04
0.6063,4.36E-05,4.05E-05,2.79E-04,2.27E-04,1.30E-04
0.6065,4.36E-05,4.05E-05,2.79E-04,2.27E-04,1.30E-04
0.6067,4.37E-05,4.05E-05,2.78E-04,2.27E-04,1.30E-04
0.6069,4.37E-05,4.06E-05,2.78E-04,2.26E-04,1.30E-04
0.6071,4.37E-05,4.06E-05,2.78E-04,2.26E-04,1.30E-04
0.6073,4.38E-05,4.06E-05,2.78E-04,2.26E-04,1.30E-04
0.6075,4.38E-05,4.07E-05,2.78E-04,2.26E-04,1.30E-04
0.6077,4.38E-05,4.07E-05,2.78E-04,2.26E-04,1.30E-04
0.6079,4.38E-05,4.07E-05,2.77E-04,2.26E-04,1.30E-04
0.6081,4.39E-05,4.08E-05,2.77E-04,2.26E-04,1.29E-04
0.6083,4.39E-05,4.08E-05,2.77E-04,2.26E-04,1.29E-04
0.6085,4.39E-05,4.08E-05,2.77E-04,2.25E-04,1.29E-04
0.6087,4.40E-05,4.09E-05,2.77E-04,2.25E-04,1.29E-04
0.6089,4.40E-05,4.09E-05,2.77E-04,2.25E-04,1.29E-04
0.6091,4.40E-05,4.09E-05,2.76E-04,2.25E-04,1.29E-04
0.6093,4.41E-05,4.10E-05,2.76E-04,2.25E-04,1.29E-04
0.6095,4.41E-05,4.10E-05,2.76E-04,2.25E-04,1.29E-04
0.6097,4.41E-05,4.10E-05,2.76E-04,2.25E-04,1.29E-04
0.6099,4.41E-05,4.11E-05,2.76E-04,2.25E-04,1.28E-04
0.6101,4.42E-05,4.11E-05,2.76E-04,2.25E-04,1.28E-04
0.6103,4.42E-05,4.11E-05,2.75E-04,2.24E-04,1.28E-04
0.6105,4.42E-05,4.12E-05,2.75E-04,2.24E-04,1.28E-04
0.6107,4.43E-05,4.12E-05,2.75E-04,2.24E-04,1.28E-04
0.6109,4.43E-05,4.12E-05,2.75E-04,2.24E-04,1.28E-04
0.6111,4.43E-05,4.13E-05,2.75E-04,2.24E-04,1.28E-04
0.6113,4.44E-05,4.13E-05,2.75E-04,2.24E-04,1.28E-04
0.6115,4.44E-05,4.13E-05,2.74E-04,2.24E-04,1.28E-04
0.6117,4.44E-05,4.14E-05,2.74E-04,2.24E-04,1.28E-04
0.6119,4.44E-05,4.14E-05,2.74E-04,2.24E-04,1.27E-04
0.6121,4.45E-05,4.14E-05,2.74E-04,2.23E-04,1.27E-04
0.6123,4.45E-05,4.15E-05,2.74E-04,2.23E-04,1.27E-04
0.6125,4.45E-05,4.15E-05,2.74E-04,2.23E-04,1.27E-04
0.6127,4.46E-05,4.15E-05,2.73E-04,2.23E-04,1.27E-04
0.6129,4.46E-05,4.16E-05,2.73E-04,2.23E-04,1.27E-04
0.6131,4.46E-05,4.16E-05,2.73E-04,2.23E-04,1.27E-04
0.6133,4.47E-05,4.16E-05,2.73E-04,2.23E-04,1.27E-04
0.6135,4.47E-05,4.17E-05,2.73E-04,2.23E-04,1.27E-04
0.6137,4.47E-05,4.17E-05,2.73E-04,2.23E-04,1.27E-04
0.6139,4.47E-05,4.17E-05,2.72E-04,2.22E-04,1.26E-04
0.6141,4.48E-05,4.18E-05,2.72E-04,2.22E-04,1.26E-04
0.6143,4.48E-05,4.18E-05,2.72E-04,2.22E-04,1.26E-04
0.6145,4.48E-05,4.18E-05,2.72E-04,2.22E-04,1.26E-04
0.6147,4.49E-05,4.19E-05,2.72E-04,2.22E-04,1.26E-04
0.6149,4.49E-05,4.19E-05,2.72E-04,2.22E-04,1.26E-04
0.6151,4.49E-05,4.19E-05,2.71E-04,2.22E-04,1.26E-04
0.6153,4.50E-05,4.20E-05,2.71E-04,2.22E-04,1.26E-04
0.6155,4.50E-05,4.20E-05,2.71E-04,2.22E-04,1.26E-04
0.6157,4.50E-05,4.20E-05,2.71E-04,2.21E-04,1.25E-04
0.6159,4.51E-05,4.21E-05,2.71E-04,2.21E-04,1.25E-04
0.6161,4.51E-05,4.21E-05,2.71E-04,2.21E-04,1.25E-04
0.6163,4.51E-05,4.21E-05,2.71E-04,2.21E-04,1.25E-04
0.6165,4.51E-05,4.22E-05,2.70E-04,2.21E-04,1.25E-04
0.6167,4.52E-05,4.22E-05,2.70E-04,2.21E-04,1.25E-04
0.6169,4.52E-05,4.22E-05,2.70E-04,2.21E-04,1.25E-04
0.6171,4.52E-05,4.23E-05,2.70E-04,2.21E-04,1.25E-04
0.6173,4.53E-05,4.23E-05,2.70E-04,2.21E-04,1.25E-04
0.6175,4.53E-05,4.23E-05,2.70E-04,2.20E-04,1.25E-04
0.6177,4.53E-05,4.24E-05,2.69E-04,2.20E-04,1.24E-04
0.6179,4.54E-05,4.24E-05,2.69E-04,2.20E-04,1.24E-04
0.6181,4.54E-05,4.24E-05,2.69E-04,2.20E-04,1.24E-04
0.6183,4.54E-05,4.25E-05,2.69E-04,2.20E-04,1.24E-04
0.6185,4.55E-05,4.25E-05,2.69E-04,2.20E-04,1.24E-04
0.6187,4.55E-05,4.25E-05,2.69E-04,2.20E-04,1.24E-04
0.6189,4.55E-05,4.26E-05,2.68E-04,2.20E-04,1.24E-04
0.6191,4.55E-05,4.26E-05,2.68E-04,2.20E-04,1.24E-04
0.6193,4.56E-05,4.27E-05,2.68E-04,2.19E-04,1.24E-04
0.6195,4.56E-05,4.27E-05,2.68E-04,2.19E-04,1.23E-04
0.6197,4.56E-05,4.27E-05,2.68E-04,2.19E-04,1.23E-04
0.6199,4.57E-05,4.28E-05,2.68E-04,2.19E-04,1.23E-04
0.6201,4.57E-05,4.28E-05,2.68E-04,2.19E-04,1.23E-04
0.6203,4.57E-05,4.28E-05,2.67E-04,2.19E-04,1.23E-04
0.6205,4.58E-05,4.29E-05,2.67E-04,2.19E-04,1.23E-04
0.6207,4.58E-05,4.29E-05,2.67E-04,2.19E-04,1.23E-04
0.6209,4.58E-05,4.29E-05,2.67E-04,2.19E-04,1.23E-04
0.6211,4.59E-05,4.30E-05,2.67E-04,2.19E-04,1.23E-04
0.6213,4.59E-05,4.30E-05,2.67E-04,2.18E-04,1.23E-04
0.6215,4.59E-05,4.30E-05,2.66E-04,2.18E-04,1.22E-04
0.6217,4.60E-05,4.31E-05,2.66E-04,2.18E-04,1.22E-04
0.6219,4.60E-05,4.31E-05,2.66E-04,2.18E-04,1.22E-04
0.6221,4.60E-05,4.31E-05,2.66E-04,2.18E-04,1.22E-04
0.6223,4.60E-05,4.32E-05,2.66E-04,2.18E-04,1.22E-04
0.6225,4.61E-05,4.32E-05,2.66E-04,2.18E-04,1.22E-04
0.6227,4.61E-05,4.32E-05,2.66E-04,2.18E-04,1.22E-04
0.6229,4.61E-05,4.33E-05,2.65E-04,2.18E-04,1.22E-04
0.6231,4.62E-05,4.33E-05,2.65E-04,2.18E-04,1.22E-04
0.6233,4.62E-05,4.33E-05,2.65E-04,2.17E-04,1.22E-04
0.6235,4.62E-05,4.34E-05,2.65E-04,2.17E-04,1.21E-04
0.6237,4.63E-05,4.34E-05,2.65E-04,2.17E-04,1.21E-04
0.6239,4.63E-05,4.34E-05,2.65E-04,2.17E-04,1.21E-04
0.6241,4.63E-05,4.35E-05,2.64E-04,2.17E-04,1.21E-04
0.6243,4.64E-05,4.35E-05,2.64E-04,2.17E-04,1.21E-04
0.6245,4.64E-05,4.36E-05,2.64E-04,2.17E-04,1.21E-04
0.6247,4.64E-05,4.36E-05,2.64E-04,2.17E-04,1.21E-04
0.6249,4.65E-05,4.36E-05,2.64E-04,2.17E-04,1.21E-04
0.6251,4.65E-05,4.37E-05,2.64E-04,2.17E-04,1.21E-04
0.6253,4.65E-05,4.37E-05,2.64E-04,2.16E-04,1.20E-04
0.6255,4.66E-05,4.37E-05,2.63E-04,2.16E-04,1.20E-04
0.6257,4.66E-05,4.38E-05,2.63E-04,2.16E-04,1.20E-04
0.6259,4.66E-05,4.38E-05,2.63E-04,2.16E-04,1.20E-04
0.6261,4.67E-05,4.38E-05,2.63E-04,2.16E-04,1.20E-04
0.6263,4.67E-05,4.39E-05,2.63E-04,2.16E-04,1.20E-04
0.6265,4.67E-05,4.39E-05,2.63E-04,2.16E-04,1.20E-04
0.6267,4.68E-05,4.39E-05,2.63E-04,2.16E-04,1.20E-04
0.6269,4.68E-05,4.40E-05,2.62E-04,2.16E-04,1.20E-04
0.6271,4.68E-05,4.40E-05,2.62E-04,2.16E-04,1.20E-04
0.6273,4.68E-05,4.40E-05,2.62E-04,2.16E-04,1.19E-04
0.6275,4.69E-05,4.41E-05,2.62E-04,2.15E-04,1.19E-04
0.6277,4.69E-05,4.41E-05,2.62E-04,2.15E-04,1.19E-04
0.6279,4.69E-05,4.42E-05,2.62E-04,2.15E-04,1.19E-04
0.6281,4.70E-05,4.42E-05,2.62E-04,2.15E-04,1.19E-04
0.6283,4.70E-05,4.42E-05,2.61E-04,2.15E-04,1.19E-04
0.6285,4.70E-05,4.43E-05,2.61E-04,2.15E-04,1.19E-04
0.6287,4.71E-05,4.43E-05,2.61E-04,2.15E-04,1.19E-04
0.6289,4.71E-05,4.43E-05,2.61E-04,2.15E-04,1.19E-04
0.6291,4.71E-05,4.44E-05,2.61E-04,2.15E-04,1.19E-04
0.6293,4.72E-05,4.44E-05,2.61E-04,2.15E-04,1.18E-04
0.6295,4.72E-05,4.44E-05,2.61E-04,2.15E-04,1.18E-04
0.6297,4.72E-05,4.45E-05,2.60E-04,2.14E-04,1.18E-04
0.6299,4.73E-05,4.45E-05,2.60E-04,2.14E-04,1.18E-04
0.6301,4.73E-05,4.45E-05,2.60E-04,2.14E-04,1.18E-04
0.6303,4.73E-05,4.46E-05,2.60E-04,2.14E-04,1.18E-04
0.6305,4.74E-05,4.46E-05,2.60E-04,2.14E-04,1.18E-04
0.6307,4.74E-05,4.47E-05,2.60E-04,2.14E-04,1.18E-04
0.6309,4.74E-05,4.47E-05,2.60E-04,2.14E-04,1.18E-04
0.6311,4.75E-05,4.47E-05,2.59E-04,2.14E-04,1.17E-04
0.6313,4.75E-05,4.48E-05,2.59E-04,2.14E-04,1.17E-04
0.6315,4.75E-05,4.48E-05,2.59E-04,2.14E-04,1.17E-04
0.6317,4.76E-05,4.48E-05,2.59E-04,2.14E-04,1.17E-04
0.6319,4.76E-05,4.49E-05,2.59E-04,2.13E-04,1.17E-04
0.6321,4.76E-05,4.49E-05,2.59E-04,2.13E-04,1.17E-04
0.6323,4.77E-05,4.49E-05,2.59E-04,2.13E-04,1.17E-04
0.6325,4.77E-05,4.50E-05,2.58E-04,2.13E-04,1.17E-04
0.6327,4.77E-05,4.50E-05,2.58E-04,2.13E-04,1.17E-04
0.6329,4.78E-05,4.50E-05,2.58E-04,2.13E-04,1.17E-04
0.6331,4.78E-05,4.51E-05,2.58E-04,2.13E-04,1.16E-04
0.6333,4.78E-05,4.51E-05,2.58E-04,2.13E-04,1.16E-04
0.6335,4.79E-05,4.52E-05,2.58E-04,2.13E-04,1.16E-04
0.6337,4.79E-05,4.52E-05,2.58E-04,2.13E-04,1.16E-04
0.6339,4.79E-05,4.52E-05,2.57E-04,2.13E-04,1.16E-04
0.6341,4.80E-05,4.53E-05,2.57E-04,2.12E-04,1.16E-04
0.6343,4.80E-05,4.53E-05,2.57E-04,2.12E-04,1.16E-04
0.6345,4.80E-05,4.53E-05,2.57E-04,2.12E-04,1.16E-04
0.6347,4.81E-05,4.54E-05,2.57E-04,2.12E-04,1.16E-04
0.6349,4.81E-05,4.54E-05,2.57E-04,2.12E-04,1.15E-04
0.6351,4.81E-05,4.54E-05,2.57E-04,2.12E-04,1.15E-04
0.6353,4.82E-05,4.55E-05,2.56E-04,2.12E-04,1.15E-04
0.6355,4.82E-05,4.55E-05,2.56E-04,2.12E-04,1.15E-04
0.6357,4.82E-05,4.56E-05,2.56E-04,2.12E-04,1.15E-04
0.6359,4.83E-05,4.56E-05,2.56E-04,2.12E-04,1.15E-04
0.6361,4.83E-05,4.56E-05,2.56E-04,2.12E-04,1.15E-04
0.6363,4.83E-05,4.57E-05,2.56E-04,2.12E-04,1.15E-04
0.6365,4.84E-05,4.57E-05,2.56E-04,2.11E-04,1.15E-04
0.6367,4.84E-05,4.57E-05,2.56E-04,2.11E-04,1.15E-04
0.6369,4.84E-05,4.58E-05,2.55E-04,2.11E-04,1.14E-04
0.6371,4.85E-05,4.58E-05,2.55E-04,2.11E-04,1.14E-04
0.6373,4.85E-05,4.58E-05,2.55E-04,2.11E-04,1.14E-04
0.6375,4.85E-05,4.59E-05,2.55E-04,2.11E-04,1.14E-04
0.6377,4.86E-05,4.59E-05,2.55E-04,2.11E-04,1.14E-04
0.6379,4.86E-05,4.60E-05,2.55E-04,2.11E-04,1.14E-04
0.6381,4.86E-05,4.60E-05,2.55E-04,2.11E-04,1.14E-04
0.6383,4.87E-05,4.60E-05,2.54E-04,2.11E-04,1.14E-04
0.6385,4.87E-05,4.61E-05,2.54E-04,2.11E-04,1.14E-04
0.6387,4.87E-05,4.61E-05,2.54E-04,2.11E-04,1.13E-04
0.6389,4.88E-05,4.61E-05,2.54E-04,2.10E-04,1.13E-04
0.6391,4.88E-05,4.62E-05,2.54E-04,2.10E-04,1.13E-04
0.6393,4.88E-05,4.62E-05,2.54E-04,2.10E-04,1.13E-04
0.6395,4.89E-05,4.62E-05,2.54E-04,2.10E-04,1.13E-04
0.6397,4.89E-05,4.63E-05,2.53E-04,2.10E-04,1.13E-04
0.6399,4.89E-05,4.63E-05,2.53E-04,2.10E-04,1.13E-04
0.6401,4.90E-05,4.64E-05,2.53E-04,2.10E-04,1.13E-04
0.6403,4.90E-05,4.64E-05,2.53E-04,2.10E-04,1.13E-04
0.6405,4.90E-05,4.64E-05,2.53E-04,2.10E-04,1.13E-04
0.6407,4.91E-05,4.65E-05,2.53E-04,2.10E-04,1.12E-04
0.6409,4.91E-05,4.65E-05,2.53E-04,2.10E-04,1.12E-04
0.6411,4.91E-05,4.65E-05,2.53E-04,2.10E-04,1.12E-04
0.6413,4.92E-05,4.66E-05,2.52E-04,2.09E-04,1.12E-04
0.6415,4.92E-05,4.66E-05,2.52E-04,2.09E-04,1.12E-04
0.6417,4.92E-05,4.67E-05,2.52E-04,2.09E-04,1.12E-04
0.6419,4.93E-05,4.67E-05,2.52E-04,2.09E-04,1.12E-04
0.6421,4.93E-05,4.67E-05,2.52E-04,2.09E-04,1.12E-04
0.6423,4.93E-05,4.68E-05,2.52E-04,2.09E-04,1.12E-04
0.6425,4.94E-05,4.68E-05,2.52E-04,2.09E-04,1.12E-04
0.6427,4.94E-05,4.68E-05,2.52E-04,2.09E-04,1.11E-04
0.6429,4.94E-05,4.69E-05,2.51E-04,2.09E-04,1.11E-04
0.6431,4.95E-05,4.69E-05,2.51E-04,2.09E-04,1.11E-04
0.6433,4.95E-05,4.69E-05,2.51E-04,2.09E-04,1.11E-04
0.6435,4.95E-05,4.70E-05,2.51E-04,2.09E-04,1.11E-04
0.6437,4.96E-05,4.70E-05,2.51E-04,2.09E-04,1.11E-04
0.6439,4.96E-05,4.71E-05,2.51E-04,2.08E-04,1.11E-04
0.6441,4.97E-05,4.71E-05,2.51E-04,2.08E-04,1.11E-04
0.6443,4.97E-05,4.71E-05,2.51E-04,2.08E-04,1.11E-04
0.6445,4.97E-05,4.72E-05,2.50E-04,2.08E-04,1.10E-04
0.6447,4.98E-05,4.72E-05,2.50E-04,2.08E-04,1.10E-04
0.6449,4.98E-05,4.72E-05,2.50E-04,2.08E-04,1.10E-04
0.6451,4.98E-05,4.73E-05,2.50E-04,2.08E-04,1.10E-04
0.6453,4.99E-05,4.73E-05,2.50E-04,2.08E-04,1.10E-04
0.6455,4.99E-05,4.74E-05,2.50E-04,2.08E-04,1.10E-04
0.6457,4.99E-05,4.74E-05,2.50E-04,2.08E-04,1.10E-04
0.6459,5.00E-05,4.74E-05,2.49E-04,2.08E-04,1.10E-04
0.6461,5.00E-05,4.75E-05,2.49E-04,2.08E-04,1.10E-04
0.6463,5.00E-05,4.75E-05,2.49E-04,2.08E-04,1.10E-04
0.6465,5.01E-05,4.75E-05,2.49E-04,2.08E-04,1.09E-04
0.6467,5.01E-05,4.76E-05,2.49E-04,2.07E-04,1.09E-04
0.6469,5.01E-05,4.76E-05,2.49E-04,2.07E-04,1.09E-04
0.6471,5.02E-05,4.77E-05,2.49E-04,2.07E-04,1.09E-04
0.6473,5.02E-05,4.77E-05,2.49E-04,2.07E-04,1.09E-04
0.6475,5.02E-05,4.77E-05,2.49E-04,2.07E-04,1.09E-04
0.6477,5.03E-05,4.78E-05,2.48E-04,2.07E-04,1.09E-04
0.6479,5.03E-05,4.78E-05,2.48E-04,2.07E-04,1.09E-04
0.6481,5.03E-05,4.78E-05,2.48E-04,2.07E-04,1.09E-04
0.6483,5.04E-05,4.79E-05,2.48E-04,2.07E-04,1.08E-04
0.6485,5.04E-05,4.79E-05,2.48E-04,2.07E-04,1.08E-04
0.6487,5.05E-05,4.80E-05,2.48E-04,2.07E-04,1.08E-04
0.6489,5.05E-05,4.80E-05,2.48E-04,2.07E-04,1.08E-04
0.6491,5.05E-05,4.80E-05,2.48E-04,2.07E-04,1.08E-04
0.6493,5.06E-05,4.81E-05,2.47E-04,2.07E-04,1.08E-04
0.6495,5.06E-05,4.81E-05,2.47E-04,2.06E-04,1.08E-04
0.6497,5.06E-05,4.81E-05,2.47E-04,2.06E-04,1.08E-04
0.6499,5.07E-05,4.82E-05,2.47E-04,2.06E-04,1.08E-04
0.6501,5.07E-05,4.82E-05,2.47E-04,2.06E-04,1.08E-04
0.6503,5.07E-05,4.83E-05,2.47E-04,2.06E-04,1.07E-04
0.6505,5.08E-05,4.83E-05,2.47E-04,2.06E-04,1.07E-04
0.6507,5.08E-05,4.83E-05,2.47E-04,2.06E-04,1.07E-04
0.6509,5.08E-05,4.84E-05,2.46E-04,2.06E-04,1.07E-04
0.6511,5.09E-05,4.84E-05,2.46E-04,2.06E-04,1.07E-04
0.6513,5.09E-05,4.85E-05,2.46E-04,2.06E-04,1.07E-04
0.6515,5.09E-05,4.85E-05,2.46E-04,2.06E-04,1.07E-04
0.6517,5.10E-05,4.85E-05,2.46E-04,2.06E-04,1.07E-04
0.6519,5.10E-05,4.86E-05,2.46E-04,2.06E-04,1.07E-04
0.6521,5.11E-05,4.86E-05,2.46E-04,2.06E-04,1.07E-04
0.6523,5.11E-05,4.86E-05,2.46E-04,2.06E-04,1.06E-04
0.6525,5.11E-05,4.87E-05,2.45E-04,2.05E-04,1.06E-04
0.6527,5.12E-05,4.87E-05,2.45E-04,2.05E-04,1.06E-04
0.6529,5.12E-05,4.88E-05,2.45E-04,2.05E-04,1.06E-04
0.6531,5.12E-05,4.88E-05,2.45E-04,2.05E-04,1.06E-04
0.6533,5.13E-05,4.88E-05,2.45E-04,2.05E-04,1.06E-04
0.6535,5.13E-05,4.89E-05,2.45E-04,2.05E-04,1.06E-04
0.6537,5.13E-05,4.89E-05,2.45E-04,2.05E-04,1.06E-04
0.6539,5.14E-05,4.90E-05,2.45E-04,2.05E-04,1.06E-04
0.6541,5.14E-05,4.90E-05,2.45E-04,2.05E-04,1.06E-04
0.6543,5.14E-05,4.90E-05,2.44E-04,2.05E-04,1.05E-04
0.6545,5.15E-05,4.91E-05,2.44E-04,2.05E-04,1.05E-04
0.6547,5.15E-05,4.91E-05,2.44E-04,2.05E-04,1.05E-04
0.6549,5.16E-05,4.91E-05,2.44E-04,2.05E-04,1.05E-04
0.6551,5.16E-05,4.92E-05,2.44E-04,2.05E-04,1.05E-04
0.6553,5.16E-05,4.92E-05,2.44E-04,2.05E-04,1.05E-04
0.6555,5.17E-05,4.93E-05,2.44E-04,2.05E-04,1.05E-04
0.6557,5.17E-05,4.93E-05,2.44E-04,2.04E-04,1.05E-04
0.6559,5.17E-05,4.93E-05,2.43E-04,2.04E-04,1.05E-04
0.6561,5.18E-05,4.94E-05,2.43E-04,2.04E-04,1.04E-04
0.6563,5.18E-05,4.94E-05,2.43E-04,2.04E-04,1.04E-04
0.6565,5.18E-05,4.95E-05,2.43E-04,2.04E-04,1.04E-04
0.6567,5.19E-05,4.95E-05,2.43E-04,2.04E-04,1.04E-04
0.6569,5.19E-05,4.95E-05,2.43E-04,2.04E-04,1.04E-04
0.6571,5.19E-05,4.96E-05,2.43E-04,2.04E-04,1.04E-04
0.6573,5.20E-05,4.96E-05,2.43E-04,2.04E-04,1.04E-04
0.6575,5.20E-05,4.96E-05,2.43E-04,2.04E-04,1.04E-04
0.6577,5.21E-05,4.97E-05,2.42E-04,2.04E-04,1.04E-04
0.6579,5.21E-05,4.97E-05,2.42E-04,2.04E-04,1.04E-04
0.6581,5.21E-05,4.98E-05,2.42E-04,2.04E-04,1.03E-04
0.6583,5.22E-05,4.98E-05,2.42E-04,2.04E-04,1.03E-04
0.6585,5.22E-05,4.98E-05,2.42E-04,2.04E-04,1.03E-04
0.6587,5.22E-05,4.99E-05,2.42E-04,2.04E-04,1.03E-04
0.6589,5.23E-05,4.99E-05,2.42E-04,2.03E-04,1.03E-04
0.6591,5.23E-05,5.00E-05,2.42E-04,2.03E-04,1.03E-04
0.6593,5.23E-05,5.00E-05,2.42E-04,2.03E-04,1.03E-04
0.6595,5.24E-05,5.00E-05,2.41E-04,2.03E-04,1.03E-04
0.6597,5.24E-05,5.01E-05,2.41E-04,2.03E-04,1.03E-04
0.6599,5.25E-05,5.01E-05,2.41E-04,2.03E-04,1.03E-04
0.6601,5.25E-05,5.02E-05,2.41E-04,2.03E-04,1.02E-04
0.6603,5.25E-05,5.02E-05,2.41E-04,2.03E-04,1.02E-04
0.6605,5.26E-05,5.02E-05,2.41E-04,2.03E-04,1.02E-04
0.6607,5.26E-05,5.03E-05,2.41E-04,2.03E-04,1.02E-04
0.6609,5.26E-05,5.03E-05,2.41E-04,2.03E-04,1.02E-04
0.6611,5.27E-05,5.04E-05,2.41E-04,2.03E-04,1.02E-04
0.6613,5.27E-05,5.04E-05,2.40E-04,2.03E-04,1.02E-04
0.6615,5.28E-05,5.04E-05,2.40E-04,2.03E-04,1.02E-04
0.6617,5.28E-05,5.05E-05,2.40E-04,2.03E-04,1.02E-04
0.6619,5.28E-05,5.05E-05,2.40E-04,2.03E-04,1.02E-04
0.6621,5.29E-05,5.05E-05,2.40E-04,2.03E-04,1.01E-04
0.6623,5.29E-05,5.06E-05,2.40E-04,2.03E-04,1.01E-04
0.6625,5.29E-05,5.06E-05,2.40E-04,2.02E-04,1.01E-04
0.6627,5.30E-05,5.07E-05,2.40E-04,2.02E-04,1.01E-04
0.6629,5.30E-05,5.07E-05,2.40E-04,2.02E-04,1.01E-04
0.6631,5.30E-05,5.07E-05,2.39E-04,2.02E-04,1.01E-04
0.6633,5.31E-05,5.08E-05,2.39E-04,2.02E-04,1.01E-04
0.6635,5.31E-05,5.08E-05,2.39E-04,2.02E-04,1.01E-04
0.6637,5.32E-05,5.09E-05,2.39E-04,2.02E-04,1.01E-04
0.6639,5.32E-05,5.09E-05,2.39E-04,2.02E-04,1.01E-04
0.6641,5.32E-05,5.09E-05,2.39E-04,2.02E-04,1.00E-04
0.6643,5.33E-05,5.10E-05,2.39E-04,2.02E-04,1.00E-04
0.6645,5.33E-05,5.10E-05,2.39E-04,2.02E-04,1.00E-04
0.6647,5.33E-05,5.11E-05,2.39E-04,2.02E-04,1.00E-04
0.6649,5.34E-05,5.11E-05,2.39E-04,2.02E-04,1.00E-04
0.6651,5.34E-05,5.11E-05,2.38E-04,2.02E-04,1.00E-04
0.6653,5.35E-05,5.12E-05,2.38E-04,2.02E-04,9.99E-05
0.6655,5.35E-05,5.12E-05,2.38E-04,2.02E-04,9.98E-05
0.6657,5.35E-05,5.13E-05,2.38E-04,2.02E-04,9.97E-05
0.6659,5.36E-05,5.13E-05,2.38E-04,2.02E-04,9.96E-05
0.6661,5.36E-05,5.13E-05,2.38E-04,2.02E-04,9.95E-05
0.6663,5.36E-05,5.14E-05,2.38E-04,2.01E-04,9.94E-05
0.6665,5.37E-05,5.14E-05,2.38E-04,2.01E-04,9.93E-05
0.6667,5.37E-05,5.15E-05,2.38E-04,2.01E-04,9.92E-05
0.6669,5.38E-05,5.15E-05,2.37E-04,2.01E-04,9.91E-05
0.6671,5.38E-05,5.15E-05,2.37E-04,2.01E-04,9.90E-05
0.6673,5.38E-05,5.16E-05,2.37E-04,2.01E-04,9.89E-05
0.6675,5.39E-05,5.16E-05,2.37E-04,2.01E-04,9.88E-05
0.6677,5.39E-05,5.17E-05,2.37E-04,2.01E-04,9.87E-05
0.6679,5.39E-05,5.17E-05,2.37E-04,2.01E-04,9.86E-05
0.6681,5.40E-05,5.17E-05,2.37E-04,2.01E-04,9.86E-05
0.6683,5.40E-05,5.18E-05,2.37E-04,2.01E-04,9.85E-05
0.6685,5.41E-05,5.18E-05,2.37E-04,2.01E-04,9.84E-05
0.6687,5.41E-05,5.19E-05,2.37E-04,2.01E-04,9.83E-05
0.6689,5.41E-05,5.19E-05,2.36E-04,2.01E-04,9.82E-05
0.6691,5.42E-05,5.19E-05,2.36E-04,2.01E-04,9.81E-05
0.6693,5.42E-05,5.20E-05,2.36E-04,2.01E-04,9.80E-05
0.6695,5.42E-05,5.20E-05,2.36E-04,2.01E-04,9.79E-05
0.6697,5.43E-05,5.21E-05,2.36E-04,2.01E-04,9.78E-05
0.6699,5.43E-05,5.21E-05,2.36E-04,2.01E-04,9.77E-05
0.6701,5.44E-05,5.21E-05,2.36E-04,2.01E-04,9.76E-05
0.6703,5.44E-05,5.22E-05,2.36E-04,2.00E-04,9.75E-05
0.6705,5.44E-05,5.22E-05,2.36E-04,2.00E-04,9.74E-05
0.6707,5.45E-05,5.23E-05,2.36E-04,2.00E-04,9.73E-05
0.6709,5.45E-05,5.23E-05,2.35E-04,2.00E-04,9.72E-05
0.6711,5.45E-05,5.23E-05,2.35E-04,2.00E-04,9.71E-05
0.6713,5.46E-05,5.24E-05,2.35E-04,2.00E-04,9.70E-05
0.6715,5.46E-05,5.24E-05,2.35E-04,2.00E-04,9.69E-05
0.6717,5.47E-05,5.25E-05,2.35E-04,2.00E-04,9.68E-05
0.6719,5.47E-05,5.25E-05,2.35E-04,2.00E-04,9.67E-05
0.6721,5.47E-05,5.25E-05,2.35E-04,2.00E-04,9.67E-05
0.6723,5.48E-05,5.26E-05,2.35E-04,2.00E-04,9.66E-05
0.6725,5.48E-05,5.26E-05,2.35E-04,2.00E-04,9.65E-05
0.6727,5.49E-05,5.27E-05,2.35E-04,2.00E-04,9.64E-05
0.6729,5.49E-05,5.27E-05,2.34E-04,2.00E-04,9.63E-05
0.6731,5.49E-05,5.28E-05,2.34E-04,2.00E-04,9.62E-05
0.6733,5.50E-05,5.28E-05,2.34E-04,2.00E-04,9.61E-05
0.6735,5.50E-05,5.28E-05,2.34E-04,2.00E-04,9.60E-05
0.6737,5.50E-05,5.29E-05,2.34E-04,2.00E-04,9.59E-05
0.6739,5.51E-05,5.29E-05,2.34E-04,2.00E-04,9.58E-05
0.6741,5.51E-05,5.30E-05,2.34E-04,2.00E-04,9.57E-05
0.6743,5.52E-05,5.30E-05,2.34E-04,2.00E-04,9.56E-05
0.6745,5.52E-05,5.30E-05,2.34E-04,2.00E-04,9.55E-05
0.6747,5.52E-05,5.31E-05,2.34E-04,2.00E-04,9.54E-05
0.6749,5.53E-05,5.31E-05,2.33E-04,1.99E-04,9.53E-05
0.6751,5.53E-05,5.32E-05,2.33E-04,1.99E-04,9.53E-05
0.6753,5.53E-05,5.32E-05,2.33E-04,1.99E-04,9.52E-05
0.6755,5.54E-05,5.32E-05,2.33E-04,1.99E-04,9.51E-05
0.6757,5.54E-05,5.33E-05,2.33E-04,1.99E-04,9.50E-05
0.6759,5.55E-05,5.33E-05,2.33E-04,1.99E-04,9.49E-05
0.6761,5.55E-05,5.34E-05,2.33E-04,1.99E-04,9.48E-05
0.6763,5.55E-05,5.34E-05,2.33E-04,1.99E-04,9.47E-05
0.6765,5.56E-05,5.34E-05,2.33E-04,1.99E-04,9.46E-05
0.6767,5.56E-05,5.35E-05,2.33E-04,1.99E-04,9.45E-05
0.6769,5.57E-05,5.35E-05,2.33E-04,1.99E-04,9.44E-05
0.6771,5.57E-05,5.36E-05,2.32E-04,1.99E-04,9.43E-05
0.6773,5.57E-05,5.36E-05,2.32E-04,1.99E-04,9.43E-05
0.6775,5.58E-05,5.37E-05,2.32E-04,1.99E-04,9.42E-05
0.6777,5.58E-05,5.37E-05,2.32E-04,1.99E-04,9.41E-05
0.6779,5.59E-05,5.37E-05,2.32E-04,1.99E-04,9.40E-05
0.6781,5.59E-05,5.38E-05,2.32E-04,1.99E-04,9.39E-05
0.6783,5.59E-05,5.38E-05,2.32E-04,1.99E-04,9.38E-05
0.6785,5.60E-05,5.39E-05,2.32E-04,1.99E-04,9.37E-05
0.6787,5.60E-05,5.39E-05,2.32E-04,1.99E-04,9.36E-05
0.6789,5.60E-05,5.39E-05,2.32E-04,1.99E-04,9.35E-05
0.6791,5.61E-05,5.40E-05,2.32E-04,1.99E-04,9.34E-05
0.6793,5.61E-05,5.40E-05,2.31E-04,1.99E-04,9.34E-05
0.6795,5.62E-05,5.41E-05,2.31E-04,1.99E-04,9.33E-05
0.6797,5.62E-05,5.41E-05,2.31E-04,1.99E-04,9.32E-05
0.6799,5.62E-05,5.42E-05,2.31E-04,1.98E-04,9.31E-05
0.6801,5.63E-05,5.42E-05,2.31E-04,1.98E-04,9.30E-05
0.6803,5.63E-05,5.42E-05,2.31E-04,1.98E-04,9.29E-05
0.6805,5.64E-05,5.43E-05,2.31E-04,1.98E-04,9.28E-05
0.6807,5.64E-05,5.43E-05,2.31E-04,1.98E-04,9.27E-05
0.6809,5.64E-05,5.44E-05,2.31E-04,1.98E-04,9.26E-05
0.6811,5.65E-05,5.44E-05,2.31E-04,1.98E-04,9.26E-05
0.6813,5.65E-05,5.44E-05,2.31E-04,1.98E-04,9.25E-05
0.6815,5.66E-05,5.45E-05,2.30E-04,1.98E-04,9.24E-05
0.6817,5.66E-05,5.45E-05,2.30E-04,1.98E-04,9.23E-05
0.6819,5.66E-05,5.46E-05,2.30E-04,1.98E-04,9.22E-05
0.6821,5.67E-05,5.46E-05,2.30E-04,1.98E-04,9.21E-05
0.6823,5.67E-05,5.47E-05,2.30E-04,1.98E-04,9.20E-05
0.6825,5.68E-05,5.47E-05,2.30E-04,1.98E-04,9.19E-05
0.6827,5.68E-05,5.47E-05,2.30E-04,1.98E-04,9.19E-05
0.6829,5.68E-05,5.48E-05,2.30E-04,1.98E-04,9.18E-05
0.6831,5.69E-05,5.48E-05,2.30E-04,1.98E-04,9.17E-05
0.6833,5.69E-05,5.49E-05,2.30E-04,1.98E-04,9.16E-05
0.6835,5.70E-05,5.49E-05,2.30E-04,1.98E-04,9.15E-05
0.6837,5.70E-05,5.50E-05,2.29E-04,1.98E-04,9.14E-05
0.6839,5.70E-05,5.50E-05,2.29E-04,1.98E-04,9.13E-05
0.6841,5.71E-05,5.50E-05,2.29E-04,1.98E-04,9.12E-05
0.6843,5.71E-05,5.51E-05,2.29E-04,1.98E-04,9.12E-05
0.6845,5.72E-05,5.51E-05,2.29E-04,1.98E-04,9.11E-05
0.6847,5.72E-05,5.52E-05,2.29E-04,1.98E-04,9.10E-05
0.6849,5.72E-05,5.52E-05,2.29E-04,1.98E-04,9.09E-05
0.6851,5.73E-05,5.52E-05,2.29E-04,1.98E-04,9.08E-05
0.6853,5.73E-05,5.53E-05,2.29E-04,1.98E-04,9.07E-05
0.6855,5.74E-05,5.53E-05,2.29E-04,1.98E-04,9.06E-05
0.6857,5.74E-05,5.54E-05,2.29E-04,1.97E-04,9.06E-05
0.6859,5.74E-05,5.54E-05,2.29E-04,1.97E-04,9.05E-05
0.6861,5.75E-05,5.55E-05,2.28E-04,1.97E-04,9.04E-05
0.6863,5.75E-05,5.55E-05,2.28E-04,1.97E-04,9.03E-05
0.6865,5.76E-05,5.55E-05,2.28E-04,1.97E-04,9.02E-05
0.6867,5.76E-05,5.56E-05,2.28E-04,1.97E-04,9.01E-05
0.6869,5.76E-05,5.56E-05,2.28E-04,1.97E-04,9.00E-05
0.6871,5.77E-05,5.57E-05,2.28E-04,1.97E-04,9.00E-05
0.6873,5.77E-05,5.57E-05,2.28E-04,1.97E-04,8.99E-05
0.6875,5.78E-05,5.58E-05,2.28E-04,1.97E-04,8.98E-05
0.6877,5.78E-05,5.58E-05,2.28E-04,1.97E-04,8.97E-05
0.6879,5.78E-05,5.58E-05,2.28E-04,1.97E-04,8.96E-05
0.6881,5.79E-05,5.59E-05,2.28E-04,1.97E-04,8.95E-05
0.6883,5.79E-05,5.59E-05,2.28E-04,1.97E-04,8.95E-05
0.6885,5.80E-05,5.60E-05,2.27E-04,1.97E-04,8.94E-05
0.6887,5.80E-05,5.60E-05,2.27E-04,1.97E-04,8.93E-05
0.6889,5.80E-05,5.61E-05,2.27E-04,1.97E-04,8.92E-05
0.6891,5.81E-05,5.61E-05,2.27E-04,1.97E-04,8.91E-05
0.6893,5.81E-05,5.61E-05,2.27E-04,1.97E-04,8.90E-05
0.6895,5.82E-05,5.62E-05,2.27E-04,1.97E-04,8.90E-05
0.6897,5.82E-05,5.62E-05,2.27E-04,1.97E-04,8.89E-05
0.6899,5.82E-05,5.63E-05,2.27E-04,1.97E-04,8.88E-05
0.6901,5.83E-05,5.63E-05,2.27E-04,1.97E-04,8.87E-05
0.6903,5.83E-05,5.64E-05,2.27E-04,1.97E-04,8.86E-05
0.6905,5.84E-05,5.64E-05,2.27E-04,1.97E-04,8.85E-05
0.6907,5.84E-05,5.64E-05,2.27E-04,1.97E-04,8.85E-05
0.6909,5.84E-05,5.65E-05,2.27E-04,1.97E-04,8.84E-05
0.6911,5.85E-05,5.65E-05,2.26E-04,1.97E-04,8.83E-05
0.6913,5.85E-05,5.66E-05,2.26E-04,1.97E-04,8.82E-05
0.6915,5.86E-05,5.66E-05,2.26E-04,1.97E-04,8.81E-05
0.6917,5.86E-05,5.67E-05,2.26E-04,1.97E-04,8.81E-05
0.6919,5.86E-05,5.67E-05,2.26E-04,1.97E-04,8.80E-05
0.6921,5.87E-05,5.67E-05,2.26E-04,1.97E-04,8.79E-05
0.6923,5.87E-05,5.68E-05,2.26E-04,1.97E-04,8.78E-05
0.6925,5.88E-05,5.68E-05,2.26E-04,1.97E-04,8.77E-05
0.6927,5.88E-05,5.69E-05,2.26E-04,1.96E-04,8.76E-05
0.6929,5.89E-05,5.69E-05,2.26E-04,1.96E-04,8.76E-05
0.6931,5.89E-05,5.70E-05,2.26E-04,1.96E-04,8.75E-05
0.6933,5.89E-05,5.70E-05,2.26E-04,1.96E-04,8.74E-05
0.6935,5.90E-05,5.70E-05,2.25E-04,1.96E-04,8.73E-05
0.6937,5.90E-05,5.71E-05,2.25E-04,1.96E-04,8.72E-05
0.6939,5.91E-05,5.71E-05,2.25E-04,1.96E-04,8.72E-05
0.6941,5.91E-05,5.72E-05,2.25E-04,1.96E-04,8.71E-05
0.6943,5.91E-05,5.72E-05,2.25E-04,1.96E-04,8.70E-05
0.6945,5.92E-05,5.73E-05,2.25E-04,1.96E-04,8.69E-05
0.6947,5.92E-05,5.73E-05,2.25E-04,1.96E-04,8.68E-05
0.6949,5.93E-05,5.74E-05,2.25E-04,1.96E-04,8.68E-05
0.6951,5.93E-05,5.74E-05,2.25E-04,1.96E-04,8.67E-05
0.6953,5.93E-05,5.74E-05,2.25E-04,1.96E-04,8.66E-05
0.6955,5.94E-05,5.75E-05,2.25E-04,1.96E-04,8.65E-05
0.6957,5.94E-05,5.75E-05,2.25E-04,1.96E-04,8.64E-05
0.6959,5.95E-05,5.76E-05,2.25E-04,1.96E-04,8.64E-05
0.6961,5.95E-05,5.76E-05,2.25E-04,1.96E-04,8.63E-05
0.6963,5.96E-05,5.77E-05,2.24E-04,1.96E-04,8.62E-05
0.6965,5.96E-05,5.77E-05,2.24E-04,1.96E-04,8.61E-05
0.6967,5.96E-05,5.77E-05,2.24E-04,1.96E-04,8.60E-05
0.6969,5.97E-05,5.78E-05,2.24E-04,1.96E-04,8.60E-05
0.6971,5.97E-05,5.78E-05,2.24E-04,1.96E-04,8.59E-05
0.6973,5.98E-05,5.79E-05,2.24E-04,1.96E-04,8.58E-05
0.6975,5.98E-05,5.79E-05,2.24E-04,1.96E-04,8.57E-05
0.6977,5.98E-05,5.80E-05,2.24E-04,1.96E-04,8.56E-05
0.6979,5.99E-05,5.80E-05,2.24E-04,1.96E-04,8.56E-05
0.6981,5.99E-05,5.81E-05,2.24E-04,1.96E-04,8.55E-05
0.6983,6.00E-05,5.81E-05,2.24E-04,1.96E-04,8.54E-05
0.6985,6.00E-05,5.81E-05,2.24E-04,1.96E-04,8.53E-05
0.6987,6.01E-05,5.82E-05,2.24E-04,1.96E-04,8.52E-05
0.6989,6.01E-05,5.82E-05,2.23E-04,1.96E-04,8.52E-05
0.6991,6.01E-05,5.83E-05,2.23E-04,1.96E-04,8.51E-05
0.6993,6.02E-05,5.83E-05,2.23E-04,1.96E-04,8.50E-05
0.6995,6.02E-05,5.84E-05,2.23E-04,1.96E-04,8.49E-05
0.6997,6.03E-05,5.84E-05,2.23E-04,1.96E-04,8.49E-05
0.6999,6.03E-05,5.85E-05,2.23E-04,1.96E-04,8.48E-05
0.7001,6.03E-05,5.85E-05,2.23E-04,1.96E-04,8.47E-05
0.7003,6.04E-05,5.85E-05,2.23E-04,1.96E-04,8.46E-05
0.7005,6.04E-05,5.86E-05,2.23E-04,1.96E-04,8.45E-05
0.7007,6.05E-05,5.86E-05,2.23E-04,1.96E-04,8.45E-05
0.7009,6.05E-05,5.87E-05,2.23E-04,1.96E-04,8.44E-05
0.7011,6.06E-05,5.87E-05,2.23E-04,1.96E-04,8.43E-05
0.7013,6.06E-05,5.88E-05,2.23E-04,1.96E-04,8.42E-05
0.7015,6.06E-05,5.88E-05,2.23E-04,1.96E-04,8.42E-05
0.7017,6.07E-05,5.89E-05,2.23E-04,1.96E-04,8.41E-05
0.7019,6.07E-05,5.89E-05,2.22E-04,1.96E-04,8.40E-05
0.7021,6.08E-05,5.89E-05,2.22E-04,1.96E-04,8.39E-05
0.7023,6.08E-05,5.90E-05,2.22E-04,1.95E-04,8.38E-05
0.7025,6.09E-05,5.90E-05,2.22E-04,1.95E-04,8.38E-05
0.7027,6.09E-05,5.91E-05,2.22E-04,1.95E-04,8.37E-05
0.7029,6.09E-05,5.91E-05,2.22E-04,1.95E-04,8.36E-05
0.7031,6.10E-05,5.92E-05,2.22E-04,1.95E-04,8.35E-05
0.7033,6.10E-05,5.92E-05,2.22E-04,1.95E-04,8.35E-05
0.7035,6.11E-05,5.93E-05,2.22E-04,1.95E-04,8.34E-05
0.7037,6.11E-05,5.93E-05,2.22E-04,1.95E-04,8.33E-05
0.7039,6.12E-05,5.94E-05,2.22E-04,1.95E-04,8.32E-05
0.7041,6.12E-05,5.94E-05,2.22E-04,1.95E-04,8.32E-05
0.7043,6.12E-05,5.94E-05,2.22E-04,1.95E-04,8.31E-05
0.7045,6.13E-05,5.95E-05,2.22E-04,1.95E-04,8.30E-05
0.7047,6.13E-05,5.95E-05,2.21E-04,1.95E-04,8.29E-05
0.7049,6.14E-05,5.96E-05,2.21E-04,1.95E-04,8.28E-05
0.7051,6.14E-05,5.96E-05,2.21E-04,1.95E-04,8.28E-05
0.7053,6.14E-05,5.97E-05,2.21E-04,1.95E-04,8.27E-05
0.7055,6.15E-05,5.97E-05,2.21E-04,1.95E-04,8.26E-05
0.7057,6.15E-05,5.98E-05,2.21E-04,1.95E-04,8.25E-05
0.7059,6.16E-05,5.98E-05,2.21E-04,1.95E-04,8.25E-05
0.7061,6.16E-05,5.98E-05,2.21E-04,1.95E-04,8.24E-05
0.7063,6.17E-05,5.99E-05,2.21E-04,1.95E-04,8.23E-05
0.7065,6.17E-05,5.99E-05,2.21E-04,1.95E-04,8.22E-05
0.7067,6.18E-05,6.00E-05,2.21E-04,1.95E-04,8.22E-05
0.7069,6.18E-05,6.00E-05,2.21E-04,1.95E-04,8.21E-05
0.7071,6.18E-05,6.01E-05,2.21E-04,1.95E-04,8.20E-05
0.7073,6.19E-05,6.01E-05,2.21E-04,1.95E-04,8.19E-05
0.7075,6.19E-05,6.02E-05,2.21E-04,1.95E-04,8.19E-05
0.7077,6.20E-05,6.02E-05,2.21E-04,1.95E-04,8.18E-05
0.7079,6.20E-05,6.03E-05,2.20E-04,1.95E-04,8.17E-05
0.7081,6.21E-05,6.03E-05,2.20E-04,1.95E-04,8.16E-05
0.7083,6.21E-05,6.03E-05,2.20E-04,1.95E-04,8.15E-05
0.7085,6.21E-05,6.04E-05,2.20E-04,1.95E-04,8.15E-05
0.7087,6.22E-05,6.04E-05,2.20E-04,1.95E-04,8.14E-05
0.7089,6.22E-05,6.05E-05,2.20E-04,1.95E-04,8.13E-05
0.7091,6.23E-05,6.05E-05,2.20E-04,1.95E-04,8.12E-05
0.7093,6.23E-05,6.06E-05,2.20E-04,1.95E-04,8.12E-05
0.7095,6.24E-05,6.06E-05,2.20E-04,1.95E-04,8.11E-05
0.7097,6.24E-05,6.07E-05,2.20E-04,1.95E-04,8.10E-05
0.7099,6.24E-05,6.07E-05,2.20E-04,1.95E-04,8.09E-05
0.7101,6.25E-05,6.08E-05,2.20E-04,1.95E-04,8.09E-05
0.7103,6.25E-05,6.08E-05,2.20E-04,1.95E-04,8.08E-05
0.7105,6.26E-05,6.09E-05,2.20E-04,1.95E-04,8.07E-05
0.7107,6.26E-05,6.09E-05,2.20E-04,1.95E-04,8.06E-05
0.7109,6.27E-05,6.09E-05,2.20E-04,1.95E-04,8.06E-05
0.7111,6.27E-05,6.10E-05,2.19E-04,1.95E-04,8.05E-05
0.7113,6.27E-05,6.10E-05,2.19E-04,1.95E-04,8.04E-05
0.7115,6.28E-05,6.11E-05,2.19E-04,1.95E-04,8.03E-05
0.7117,6.28E-05,6.11E-05,2.19E-04,1.95E-04,8.03E-05
0.7119,6.29E-05,6.12E-05,2.19E-04,1.95E-04,8.02E-05
0.7121,6.29E-05,6.12E-05,2.19E-04,1.95E-04,8.01E-05
0.7123,6.30E-05,6.13E-05,2.19E-04,1.95E-04,8.00E-05
0.7125,6.30E-05,6.13E-05,2.19E-04,1.95E-04,7.99E-05
0.7127,6.31E-05,6.14E-05,2.19E-04,1.95E-04,7.99E-05
0.7129,6.31E-05,6.14E-05,2.19E-04,1.95E-04,7.98E-05
0.7131,6.31E-05,6.15E-05,2.19E-04,1.95E-04,7.97E-05
0.7133,6.32E-05,6.15E-05,2.19E-04,1.95E-04,7.96E-05
0.7135,6.32E-05,6.15E-05,2.19E-04,1.95E-04,7.96E-05
0.7137,6.33E-05,6.16E-05,2.19E-04,1.95E-04,7.95E-05
0.7139,6.33E-05,6.16E-05,2.19E-04,1.95E-04,7.94E-05
0.7141,6.34E-05,6.17E-05,2.19E-04,1.95E-04,7.93E-05
0.7143,6.34E-05,6.17E-05,2.19E-04,1.95E-04,7.93E-05
0.7145,6.35E-05,6.18E-05,2.18E-04,1.95E-04,7.92E-05
0.7147,6.35E-05,6.18E-05,2.18E-04,1.95E-04,7.91E-05
0.7149,6.35E-05,6.19E-05,2.18E-04,1.95E-04,7.90E-05
0.7151,6.36E-05,6.19E-05,2.18E-04,1.95E-04,7.90E-05
0.7153,6.36E-05,6.20E-05,2.18E-04,1.95E-04,7.89E-05
0.7155,6.37E-05,6.20E-05,2.18E-04,1.95E-04,7.88E-05
0.7157,6.37E-05,6.21E-05,2.18E-04,1.95E-04,7.87E-05
0.7159,6.38E-05,6.21E-05,2.18E-04,1.95E-04,7.87E-05
0.7161,6.38E-05,6.22E-05,2.18E-04,1.95E-04,7.86E-05
0.7163,6.39E-05,6.22E-05,2.18E-04,1.95E-04,7.85E-05
0.7165,6.39E-05,6.22E-05,2.18E-04,1.95E-04,7.84E-05
0.7167,6.39E-05,6.23E-05,2.18E-04,1.95E-04,7.84E-05
0.7169,6.40E-05,6.23E-05,2.18E-04,1.95E-04,7.83E-05
0.7171,6.40E-05,6.24E-05,2.18E-04,1.95E-04,7.82E-05
0.7173,6.41E-05,6.24E-05,2.18E-04,1.95E-04,7.81E-05
0.7175,6.41E-05,6.25E-05,2.18E-04,1.95E-04,7.80E-05
0.7177,6.42E-05,6.25E-05,2.18E-04,1.95E-04,7.80E-05
0.7179,6.42E-05,6.26E-05,2.18E-04,1.95E-04,7.79E-05
0.7181,6.43E-05,6.26E-05,2.18E-04,1.95E-04,7.78E-05
0.7183,6.43E-05,6.27E-05,2.17E-04,1.95E-04,7.77E-05
0.7185,6.43E-05,6.27E-05,2.17E-04,1.95E-04,7.77E-05
0.7187,6.44E-05,6.28E-05,2.17E-04,1.95E-04,7.76E-05
0.7189,6.44E-05,6.28E-05,2.17E-04,1.95E-04,7.75E-05
0.7191,6.45E-05,6.29E-05,2.17E-04,1.95E-04,7.74E-05
0.7193,6.45E-05,6.29E-05,2.17E-04,1.95E-04,7.74E-05
0.7195,6.46E-05,6.30E-05,2.17E-04,1.95E-04,7.73E-05
0.7197,6.46E-05,6.30E-05,2.17E-04,1.95E-04,7.72E-05
0.7199,6.47E-05,6.30E-05,2.17E-04,1.95E-04,7.71E-05
0.7201,6.47E-05,6.31E-05,2.17E-04,1.95E-04,7.71E-05
0.7203,6.47E-05,6.31E-05,2.17E-04,1.95E-04,7.70E-05
0.7205,6.48E-05,6.32E-05,2.17E-04,1.95E-04,7.69E-05
0.7207,6.48E-05,6.32E-05,2.17E-04,1.95E-04,7.68E-05
0.7209,6.49E-05,6.33E-05,2.17E-04,1.95E-04,7.68E-05
0.7211,6.49E-05,6.33E-05,2.17E-04,1.95E-04,7.67E-05
0.7213,6.50E-05,6.34E-05,2.17E-04,1.95E-04,7.66E-05
0.7215,6.50E-05,6.34E-05,2.17E-04,1.95E-04,7.65E-05
0.7217,6.51E-05,6.35E-05,2.17E-04,1.95E-04,7.64E-05
0.7219,6.51E-05,6.35E-05,2.17E-04,1.95E-04,7.64E-05
0.7221,6.52E-05,6.36E-05,2.16E-04,1.95E-04,7.63E-05
0.7223,6.52E-05,6.36E-05,2.16E-04,1.95E-04,7.62E-05
0.7225,6.52E-05,6.37E-05,2.16E-04,1.95E-04,7.61E-05
0.7227,6.53E-05,6.37E-05,2.16E-04,1.95E-04,7.61E-05
0.7229,6.53E-05,6.38E-05,2.16E-04,1.95E-04,7.60E-05
0.7231,6.54E-05,6.38E-05,2.16E-04,1.95E-04,7.59E-05
0.7233,6.54E-05,6.39E-05,2.16E-04,1.95E-04,7.58E-05
0.7235,6.55E-05,6.39E-05,2.16E-04,1.95E-04,7.58E-05
0.7237,6.55E-05,6.40E-05,2.16E-04,1.95E-04,7.57E-05
0.7239,6.56E-05,6.40E-05,2.16E-04,1.95E-04,7.56E-05
0.7241,6.56E-05,6.41E-05,2.16E-04,1.95E-04,7.55E-05
0.7243,6.57E-05,6.41E-05,2.16E-04,1.95E-04,7.55E-05
0.7245,6.57E-05,6.41E-05,2.16E-04,1.95E-04,7.54E-05
0.7247,6.58E-05,6.42E-05,2.16E-04,1.95E-04,7.53E-05
0.7249,6.58E-05,6.42E-05,2.16E-04,1.95E-04,7.52E-05
0.7251,6.58E-05,6.43E-05,2.16E-04,1.95E-04,7.51E-05
0.7253,6.59E-05,6.43E-05,2.16E-04,1.95E-04,7.51E-05
0.7255,6.59E-05,6.44E-05,2.16E-04,1.95E-04,7.50E-05
0.7257,6.60E-05,6.44E-05,2.16E-04,1.95E-04,7.49E-05
0.7259,6.60E-05,6.45E-05,2.16E-04,1.95E-04,7.48E-05
0.7261,6.61E-05,6.45E-05,2.16E-04,1.95E-04,7.48E-05
0.7263,6.61E-05,6.46E-05,2.15E-04,1.95E-04,7.47E-05
0.7265,6.62E-05,6.46E-05,2.15E-04,1.95E-04,7.46E-05
0.7267,6.62E-05,6.47E-05,2.15E-04,1.95E-04,7.45E-05
0.7269,6.63E-05,6.47E-05,2.15E-04,1.95E-04,7.45E-05
0.7271,6.63E-05,6.48E-05,2.15E-04,1.95E-04,7.44E-05
0.7273,6.63E-05,6.48E-05,2.15E-04,1.95E-04,7.43E-05
0.7275,6.64E-05,6.49E-05,2.15E-04,1.95E-04,7.42E-05
0.7277,6.64E-05,6.49E-05,2.15E-04,1.95E-04,7.41E-05
0.7279,6.65E-05,6.50E-05,2.15E-04,1.95E-04,7.41E-05
0.7281,6.65E-05,6.50E-05,2.15E-04,1.95E-04,7.40E-05
0.7283,6.66E-05,6.51E-05,2.15E-04,1.95E-04,7.39E-05
0.7285,6.66E-05,6.51E-05,2.15E-04,1.95E-04,7.38E-05
0.7287,6.67E-05,6.52E-05,2.15E-04,1.95E-04,7.38E-05
0.7289,6.67E-05,6.52E-05,2.15E-04,1.95E-04,7.37E-05
0.7291,6.68E-05,6.53E-05,2.15E-04,1.95E-04,7.36E-05
0.7293,6.68E-05,6.53E-05,2.15E-04,1.95E-04,7.35E-05
0.7295,6.69E-05,6.54E-05,2.15E-04,1.95E-04,7.35E-05
0.7297,6.69E-05,6.54E-05,2.15E-04,1.95E-04,7.34E-05
0.7299,6.70E-05,6.55E-05,2.15E-04,1.95E-04,7.33E-05
0.7301,6.70E-05,6.55E-05,2.15E-04,1.95E-04,7.32E-05
0.7303,6.70E-05,6.56E-05,2.15E-04,1.95E-04,7.32E-05
0.7305,6.71E-05,6.56E-05,2.15E-04,1.95E-04,7.31E-05
0.7307,6.71E-05,6.57E-05,2.15E-04,1.95E-04,7.30E-05
0.7309,6.72E-05,6.57E-05,2.15E-04,1.95E-04,7.29E-05
0.7311,6.72E-05,6.58E-05,2.14E-04,1.95E-04,7.28E-05
0.7313,6.73E-05,6.58E-05,2.14E-04,1.95E-04,7.28E-05
0.7315,6.73E-05,6.59E-05,2.14E-04,1.95E-04,7.27E-05
0.7317,6.74E-05,6.59E-05,2.14E-04,1.95E-04,7.26E-05
0.7319,6.74E-05,6.60E-05,2.14E-04,1.95E-04,7.25E-05
0.7321,6.75E-05,6.60E-05,2.14E-04,1.95E-04,7.25E-05
0.7323,6.75E-05,6.61E-05,2.14E-04,1.95E-04,7.24E-05
0.7325,6.76E-05,6.61E-05,2.14E-04,1.95E-04,7.23E-05
0.7327,6.76E-05,6.62E-05,2.14E-04,1.95E-04,7.22E-05
0.7329,6.77E-05,6.62E-05,2.14E-04,1.95E-04,7.22E-05
0.7331,6.77E-05,6.63E-05,2.14E-04,1.95E-04,7.21E-05
0.7333,6.78E-05,6.63E-05,2.14E-04,1.95E-04,7.20E-05
0.7335,6.78E-05,6.64E-05,2.14E-04,1.95E-04,7.19E-05
0.7337,6.79E-05,6.64E-05,2.14E-04,1.95E-04,7.18E-05
0.7339,6.79E-05,6.65E-05,2.14E-04,1.95E-04,7.18E-05
0.7341,6.79E-05,6.65E-05,2.14E-04,1.95E-04,7.17E-05
0.7343,6.80E-05,6.66E-05,2.14E-04,1.95E-04,7.16E-05
0.7345,6.80E-05,6.66E-05,2.14E-04,1.95E-04,7.15E-05
0.7347,6.81E-05,6.67E-05,2.14E-04,1.95E-04,7.15E-05
0.7349,6.81E-05,6.67E-05,2.14E-04,1.95E-04,7.14E-05
0.7351,6.82E-05,6.68E-05,2.14E-04,1.95E-04,7.13E-05
0.7353,6.82E-05,6.68E-05,2.14E-04,1.95E-04,7.12E-05
0.7355,6.83E-05,6.69E-05,2.14E-04,1.95E-04,7.12E-05
0.7357,6.83E-05,6.69E-05,2.14E-04,1.95E-04,7.11E-05
0.7359,6.84E-05,6.70E-05,2.14E-04,1.95E-04,7.10E-05
0.7361,6.84E-05,6.70E-05,2.14E-04,1.95E-04,7.09E-05
0.7363,6.85E-05,6.71E-05,2.13E-04,1.95E-04,7.09E-05
0.7365,6.85E-05,6.71E-05,2.13E-04,1.95E-04,7.08E-05
0.7367,6.86E-05,6.72E-05,2.13E-04,1.95E-04,7.07E-05
0.7369,6.86E-05,6.72E-05,2.13E-04,1.95E-04,7.06E-05
0.7371,6.87E-05,6.73E-05,2.13E-04,1.95E-04,7.06E-05
0.7373,6.87E-05,6.73E-05,2.13E-04,1.95E-04,7.05E-05
0.7375,6.88E-05,6.74E-05,2.13E-04,1.95E-04,7.04E-05
0.7377,6.88E-05,6.74E-05,2.13E-04,1.95E-04,7.03E-05
0.7379,6.89E-05,6.75E-05,2.13E-04,1.95E-04,7.03E-05
0.7381,6.89E-05,6.75E-05,2.13E-04,1.95E-04,7.02E-05
0.7383,6.90E-05,6.76E-05,2.13E-04,1.95E-04,7.01E-05
0.7385,6.90E-05,6.76E-05,2.13E-04,1.95E-04,7.00E-05
0.7387,6.90E-05,6.77E-05,2.13E-04,1.95E-04,6.99E-05
0.7389,6.91E-05,6.77E-05,2.13E-04,1.95E-04,6.99E-05
0.7391,6.91E-05,6.78E-05,2.13E-04,1.95E-04,6.98E-05
0.7393,6.92E-05,6.78E-05,2.13E-04,1.95E-04,6.97E-05
0.7395,6.92E-05,6.79E-05,2.13E-04,1.95E-04,6.96E-05
0.7397,6.93E-05,6.79E-05,2.13E-04,1.95E-04,6.96E-05
0.7399,6.93E-05,6.80E-05,2.13E-04,1.95E-04,6.95E-05
0.7401,6.94E-05,6.80E-05,2.13E-04,1.95E-04,6.94E-05
0.7403,6.94E-05,6.81E-05,2.13E-04,1.95E-04,6.93E-05
0.7405,6.95E-05,6.81E-05,2.13E-04,1.95E-04,6.93E-05
0.7407,6.95E-05,6.82E-05,2.13E-04,1.95E-04,6.92E-05
0.7409,6.96E-05,6.82E-05,2.13E-04,1.95E-04,6.91E-05
0.7411,6.96E-05,6.83E-05,2.13E-04,1.95E-04,6.90E-05
0.7413,6.97E-05,6.83E-05,2.13E-04,1.95E-04,6.90E-05
0.7415,6.97E-05,6.84E-05,2.13E-04,1.95E-04,6.89E-05
0.7417,6.98E-05,6.84E-05,2.13E-04,1.95E-04,6.88E-05
0.7419,6.98E-05,6.85E-05,2.13E-04,1.95E-04,6.87E-05
0.7421,6.99E-05,6.85E-05,2.13E-04,1.95E-04,6.87E-05
0.7423,6.99E-05,6.86E-05,2.13E-04,1.95E-04,6.86E-05
0.7425,7.00E-05,6.86E-05,2.12E-04,1.95E-04,6.85E-05
0.7427,7.00E-05,6.87E-05,2.12E-04,1.95E-04,6.85E-05
0.7429,7.01E-05,6.87E-05,2.12E-04,1.95E-04,6.84E-05
0.7431,7.01E-05,6.88E-05,2.12E-04,1.95E-04,6.83E-05
0.7433,7.02E-05,6.88E-05,2.12E-04,1.95E-04,6.82E-05
0.7435,7.02E-05,6.89E-05,2.12E-04,1.95E-04,6.82E-05
0.7437,7.03E-05,6.89E-05,2.12E-04,1.95E-04,6.81E-05
0.7439,7.03E-05,6.90E-05,2.12E-04,1.95E-04,6.80E-05
0.7441,7.04E-05,6.90E-05,2.12E-04,1.95E-04,6.79E-05
0.7443,7.04E-05,6.91E-05,2.12E-04,1.96E-04,6.79E-05
0.7445,7.05E-05,6.91E-05,2.12E-04,1.96E-04,6.78E-05
0.7447,7.05E-05,6.92E-05,2.12E-04,1.96E-04,6.77E-05
0.7449,7.06E-05,6.92E-05,2.12E-04,1.96E-04,6.76E-05
0.7451,7.06E-05,6.93E-05,2.12E-04,1.96E-04,6.76E-05
0.7453,7.07E-05,6.94E-05,2.12E-04,1.96E-04,6.75E-05
0.7455,7.07E-05,6.94E-05,2.12E-04,1.96E-04,6.74E-05
0.7457,7.08E-05,6.95E-05,2.12E-04,1.96E-04,6.73E-05
0.7459,7.08E-05,6.95E-05,2.12E-04,1.96E-04,6.73E-05
0.7461,7.09E-05,6.96E-05,2.12E-04,1.96E-04,6.72E-05
0.7463,7.09E-05,6.96E-05,2.12E-04,1.96E-04,6.71E-05
0.7465,7.10E-05,6.97E-05,2.12E-04,1.96E-04,6.71E-05
0.7467,7.10E-05,6.97E-05,2.12E-04,1.96E-04,6.70E-05
0.7469,7.11E-05,6.98E-05,2.12E-04,1.96E-04,6.69E-05
0.7471,7.11E-05,6.98E-05,2.12E-04,1.96E-04,6.68E-05
0.7473,7.12E-05,6.99E-05,2.12E-04,1.96E-04,6.68E-05
0.7475,7.12E-05,6.99E-05,2.12E-04,1.96E-04,6.67E-05
0.7477,7.13E-05,7.00E-05,2.12E-04,1.96E-04,6.66E-05
0.7479,7.13E-05,7.00E-05,2.12E-04,1.96E-04,6.66E-05
0.7481,7.14E-05,7.01E-05,2.12E-04,1.96E-04,6.65E-05
0.7483,7.14E-05,7.01E-05,2.12E-04,1.96E-04,6.64E-05
0.7485,7.15E-05,7.02E-05,2.12E-04,1.96E-04,6.63E-05
0.7487,7.15E-05,7.02E-05,2.12E-04,1.96E-04,6.63E-05
0.7489,7.16E-05,7.03E-05,2.12E-04,1.96E-04,6.62E-05
0.7491,7.16E-05,7.03E-05,2.12E-04,1.96E-04,6.61E-05
0.7493,7.17E-05,7.04E-05,2.12E-04,1.96E-04,6.61E-05
0.7495,7.17E-05,7.05E-05,2.12E-04,1.96E-04,6.60E-05
0.7497,7.18E-05,7.05E-05,2.12E-04,1.96E-04,6.59E-05
0.7499,7.18E-05,7.06E-05,2.12E-04,1.96E-04,6.58E-05
0.7501,7.19E-05,7.06E-05,2.11E-04,1.96E-04,6.58E-05
0.7503,7.19E-05,7.07E-05,2.11E-04,1.96E-04,6.57E-05
0.7505,7.20E-05,7.07E-05,2.11E-04,1.96E-04,6.56E-05
0.7507,7.20E-05,7.08E-05,2.11E-04,1.96E-04,6.56E-05
0.7509,7.21E-05,7.08E-05,2.11E-04,1.96E-04,6.55E-05
0.7511,7.21E-05,7.09E-05,2.11E-04,1.96E-04,6.54E-05
0.7513,7.22E-05,7.09E-05,2.11E-04,1.96E-04,6.53E-05
0.7515,7.22E-05,7.10E-05,2.11E-04,1.96E-04,6.53E-05
0.7517,7.23E-05,7.10E-05,2.11E-04,1.96E-04,6.52E-05
0.7519,7.23E-05,7.11E-05,2.11E-04,1.96E-04,6.51E-05
0.7521,7.24E-05,7.11E-05,2.11E-04,1.96E-04,6.51E-05
0.7523,7.24E-05,7.12E-05,2.11E-04,1.96E-04,6.50E-05
0.7525,7.25E-05,7.12E-05,2.11E-04,1.96E-04,6.49E-05
0.7527,7.25E-05,7.13E-05,2.11E-04,1.96E-04,6.49E-05
0.7529,7.26E-05,7.14E-05,2.11E-04,1.96E-04,6.48E-05
0.7531,7.26E-05,7.14E-05,2.11E-04,1.96E-04,6.47E-05
0.7533,7.27E-05,7.15E-05,2.11E-04,1.96E-04,6.47E-05
0.7535,7.27E-05,7.15E-05,2.11E-04,1.96E-04,6.46E-05
0.7537,7.28E-05,7.16E-05,2.11E-04,1.96E-04,6.45E-05
0.7539,7.28E-05,7.16E-05,2.11E-04,1.96E-04,6.45E-05
0.7541,7.29E-05,7.17E-05,2.11E-04,1.96E-04,6.44E-05
0.7543,7.29E-05,7.17E-05,2.11E-04,1.96E-04,6.43E-05
0.7545,7.30E-05,7.18E-05,2.11E-04,1.97E-04,6.42E-05
0.7547,7.30E-05,7.18E-05,2.11E-04,1.97E-04,6.42E-05
0.7549,7.31E-05,7.19E-05,2.11E-04,1.97E-04,6.41E-05
0.7551,7.31E-05,7.19E-05,2.11E-04,1.97E-04,6.40E-05
0.7553,7.32E-05,7.20E-05,2.11E-04,1.97E-04,6.40E-05
0.7555,7.32E-05,7.21E-05,2.11E-04,1.97E-04,6.39E-05
0.7557,7.33E-05,7.21E-05,2.11E-04,1.97E-04,6.38E-05
0.7559,7.34E-05,7.22E-05,2.11E-04,1.97E-04,6.38E-05
0.7561,7.34E-05,7.22E-05,2.11E-04,1.97E-04,6.37E-05
0.7563,7.35E-05,7.23E-05,2.11E-04,1.97E-04,6.36E-05
0.7565,7.35E-05,7.23E-05,2.11E-04,1.97E-04,6.36E-05
0.7567,7.36E-05,7.24E-05,2.11E-04,1.97E-04,6.35E-05
0.7569,7.36E-05,7.24E-05,2.11E-04,1.97E-04,6.34E-05
0.7571,7.37E-05,7.25E-05,2.11E-04,1.97E-04,6.34E-05
0.7573,7.37E-05,7.25E-05,2.11E-04,1.97E-04,6.33E-05
0.7575,7.38E-05,7.26E-05,2.11E-04,1.97E-04,6.32E-05
0.7577,7.38E-05,7.26E-05,2.11E-04,1.97E-04,6.32E-05
0.7579,7.39E-05,7.27E-05,2.11E-04,1.97E-04,6.31E-05
0.7581,7.39E-05,7.28E-05,2.11E-04,1.97E-04,6.30E-05
0.7583,7.40E-05,7.28E-05,2.11E-04,1.97E-04,6.30E-05
0.7585,7.40E-05,7.29E-05,2.11E-04,1.97E-04,6.29E-05
0.7587,7.41E-05,7.29E-05,2.11E-04,1.97E-04,6.29E-05
0.7589,7.41E-05,7.30E-05,2.11E-04,1.97E-04,6.28E-05
0.7591,7.42E-05,7.30E-05,2.11E-04,1.97E-04,6.27E-05
0.7593,7.42E-05,7.31E-05,2.11E-04,1.97E-04,6.27E-05
0.7595,7.43E-05,7.31E-05,2.11E-04,1.97E-04,6.26E-05
0.7597,7.43E-05,7.32E-05,2.11E-04,1.97E-04,6.25E-05
0.7599,7.44E-05,7.33E-05,2.11E-04,1.97E-04,6.25E-05
0.7601,7.44E-05,7.33E-05,2.11E-04,1.97E-04,6.24E-05
0.7603,7.45E-05,7.34E-05,2.11E-04,1.97E-04,6.23E-05
0.7605,7.46E-05,7.34E-05,2.11E-04,1.97E-04,6.23E-05
0.7607,7.46E-05,7.35E-05,2.11E-04,1.97E-04,6.22E-05
0.7609,7.47E-05,7.35E-05,2.11E-04,1.97E-04,6.21E-05
0.7611,7.47E-05,7.36E-05,2.11E-04,1.97E-04,6.21E-05
0.7613,7.48E-05,7.36E-05,2.11E-04,1.97E-04,6.20E-05
0.7615,7.48E-05,7.37E-05,2.11E-04,1.97E-04,6.20E-05
0.7617,7.49E-05,7.37E-05,2.11E-04,1.97E-04,6.19E-05
0.7619,7.49E-05,7.38E-05,2.11E-04,1.97E-04,6.18E-05
0.7621,7.50E-05,7.39E-05,2.11E-04,1.97E-04,6.18E-05
0.7623,7.50E-05,7.39E-05,2.11E-04,1.98E-04,6.17E-05
0.7625,7.51E-05,7.40E-05,2.10E-04,1.98E-04,6.16E-05
0.7627,7.51E-05,7.40E-05,2.10E-04,1.98E-04,6.16E-05
0.7629,7.52E-05,7.41E-05,2.10E-04,1.98E-04,6.15E-05
0.7631,7.52E-05,7.41E-05,2.10E-04,1.98E-04,6.15E-05
0.7633,7.53E-05,7.42E-05,2.10E-04,1.98E-04,6.14E-05
0.7635,7.53E-05,7.42E-05,2.10E-04,1.98E-04,6.13E-05
0.7637,7.54E-05,7.43E-05,2.10E-04,1.98E-04,6.13E-05
0.7639,7.55E-05,7.44E-05,2.10E-04,1.98E-04,6.12E-05
0.7641,7.55E-05,7.44E-05,2.10E-04,1.98E-04,6.12E-05
0.7643,7.56E-05,7.45E-05,2.10E-04,1.98E-04,6.11E-05
0.7645,7.56E-05,7.45E-05,2.10E-04,1.98E-04,6.10E-05
0.7647,7.57E-05,7.46E-05,2.10E-04,1.98E-04,6.10E-05
0.7649,7.57E-05,7.46E-05,2.10E-04,1.98E-04,6.09E-05
0.7651,7.58E-05,7.47E-05,2.10E-04,1.98E-04,6.08E-05
0.7653,7.58E-05,7.47E-05,2.10E-04,1.98E-04,6.08E-05
0.7655,7.59E-05,7.48E-05,2.10E-04,1.98E-04,6.07E-05
0.7657,7.59E-05,7.49E-05,2.10E-04,1.98E-04,6.07E-05
0.7659,7.60E-05,7.49E-05,2.10E-04,1.98E-04,6.06E-05
0.7661,7.60E-05,7.50E-05,2.10E-04,1.98E-04,6.05E-05
0.7663,7.61E-05,7.50E-05,2.10E-04,1.98E-04,6.05E-05
0.7665,7.62E-05,7.51E-05,2.10E-04,1.98E-04,6.04E-05
0.7667,7.62E-05,7.51E-05,2.10E-04,1.98E-04,6.04E-05
0.7669,7.63E-05,7.52E-05,2.10E-04,1.98E-04,6.03E-05
0.7671,7.63E-05,7.53E-05,2.10E-04,1.98E-04,6.02E-05
0.7673,7.64E-05,7.53E-05,2.10E-04,1.98E-04,6.02E-05
0.7675,7.64E-05,7.54E-05,2.10E-04,1.98E-04,6.01E-05
0.7677,7.65E-05,7.54E-05,2.10E-04,1.98E-04,6.01E-05
0.7679,7.65E-05,7.55E-05,2.10E-04,1.98E-04,6.00E-05
0.7681,7.66E-05,7.55E-05,2.10E-04,1.98E-04,6.00E-05
0.7683,7.66E-05,7.56E-05,2.10E-04,1.98E-04,5.99E-05
0.7685,7.67E-05,7.57E-05,2.10E-04,1.98E-04,5.98E-05
0.7687,7.68E-05,7.57E-05,2.10E-04,1.98E-04,5.98E-05
0.7689,7.68E-05,7.58E-05,2.10E-04,1.99E-04,5.97E-05
0.7691,7.69E-05,7.58E-05,2.10E-04,1.99E-04,5.97E-05
0.7693,7.69E-05,7.59E-05,2.10E-04,1.99E-04,5.96E-05
0.7695,7.70E-05,7.59E-05,2.10E-04,1.99E-04,5.95E-05
0.7697,7.70E-05,7.60E-05,2.10E-04,1.99E-04,5.95E-05
0.7699,7.71E-05,7.61E-05,2.10E-04,1.99E-04,5.94E-05
0.7701,7.71E-05,7.61E-05,2.10E-04,1.99E-04,5.94E-05
0.7703,7.72E-05,7.62E-05,2.10E-04,1.99E-04,5.93E-05
0.7705,7.72E-05,7.62E-05,2.10E-04,1.99E-04,5.93E-05
0.7707,7.73E-05,7.63E-05,2.10E-04,1.99E-04,5.92E-05
0.7709,7.74E-05,7.63E-05,2.10E-04,1.99E-04,5.91E-05
0.7711,7.74E-05,7.64E-05,2.10E-04,1.99E-04,5.91E-05
0.7713,7.75E-05,7.65E-05,2.10E-04,1.99E-04,5.90E-05
0.7715,7.75E-05,7.65E-05,2.10E-04,1.99E-04,5.90E-05
0.7717,7.76E-05,7.66E-05,2.10E-04,1.99E-04,5.89E-05
0.7719,7.76E-05,7.66E-05,2.10E-04,1.99E-04,5.89E-05
0.7721,7.77E-05,7.67E-05,2.10E-04,1.99E-04,5.88E-05
0.7723,7.77E-05,7.67E-05,2.10E-04,1.99E-04,5.87E-05
0.7725,7.78E-05,7.68E-05,2.10E-04,1.99E-04,5.87E-05
0.7727,7.79E-05,7.69E-05,2.10E-04,1.99E-04,5.86E-05
0.7729,7.79E-05,7.69E-05,2.10E-04,1.99E-04,5.86E-05
0.7731,7.80E-05,7.70E-05,2.10E-04,1.99E-04,5.85E-05
0.7733,7.80E-05,7.70E-05,2.10E-04,1.99E-04,5.85E-05
0.7735,7.81E-05,7.71E-05,2.10E-04,1.99E-04,5.84E-05
0.7737,7.81E-05,7.71E-05,2.10E-04,1.99E-04,5.83E-05
0.7739,7.82E-05,7.72E-05,2.10E-04,1.99E-04,5.83E-05
0.7741,7.82E-05,7.73E-05,2.10E-04,1.99E-04,5.82E-05
0.7743,7.83E-05,7.73E-05,2.10E-04,1.99E-04,5.82E-05
0.7745,7.84E-05,7.74E-05,2.10E-04,1.99E-04,5.81E-05
0.7747,7.84E-05,7.74E-05,2.10E-04,2.00E-04,5.81E-05
0.7749,7.85E-05,7.75E-05,2.10E-04,2.00E-04,5.80E-05
0.7751,7.85E-05,7.76E-05,2.10E-04,2.00E-04,5.80E-05
0.7753,7.86E-05,7.76E-05,2.10E-04,2.00E-04,5.79E-05
0.7755,7.86E-05,7.77E-05,2.10E-04,2.00E-04,5.78E-05
0.7757,7.87E-05,7.77E-05,2.10E-04,2.00E-04,5.78E-05
0.7759,7.88E-05,7.78E-05,2.10E-04,2.00E-04,5.77E-05
0.7761,7.88E-05,7.78E-05,2.10E-04,2.00E-04,5.77E-05
0.7763,7.89E-05,7.79E-05,2.10E-04,2.00E-04,5.76E-05
0.7765,7.89E-05,7.80E-05,2.10E-04,2.00E-04,5.76E-05
0.7767,7.90E-05,7.80E-05,2.10E-04,2.00E-04,5.75E-05
0.7769,7.90E-05,7.81E-05,2.10E-04,2.00E-04,5.75E-05
0.7771,7.91E-05,7.81E-05,2.10E-04,2.00E-04,5.74E-05
0.7773,7.92E-05,7.82E-05,2.10E-04,2.00E-04,5.73E-05
0.7775,7.92E-05,7.83E-05,2.10E-04,2.00E-04,5.73E-05
0.7777,7.93E-05,7.83E-05,2.10E-04,2.00E-04,5.72E-05
0.7779,7.93E-05,7.84E-05,2.10E-04,2.00E-04,5.72E-05
0.7781,7.94E-05,7.84E-05,2.10E-04,2.00E-04,5.71E-05
0.7783,7.94E-05,7.85E-05,2.10E-04,2.00E-04,5.71E-05
0.7785,7.95E-05,7.86E-05,2.10E-04,2.00E-04,5.70E-05
0.7787,7.96E-05,7.86E-05,2.10E-04,2.00E-04,5.70E-05
0.7789,7.96E-05,7.87E-05,2.10E-04,2.00E-04,5.69E-05
0.7791,7.97E-05,7.87E-05,2.10E-04,2.00E-04,5.68E-05
0.7793,7.97E-05,7.88E-05,2.10E-04,2.00E-04,5.68E-05
0.7795,7.98E-05,7.89E-05,2.10E-04,2.00E-04,5.67E-05
0.7797,7.98E-05,7.89E-05,2.10E-04,2.01E-04,5.67E-05
0.7799,7.99E-05,7.90E-05,2.10E-04,2.01E-04,5.66E-05
0.7801,8.00E-05,7.90E-05,2.10E-04,2.01E-04,5.66E-05
0.7803,8.00E-05,7.91E-05,2.10E-04,2.01E-04,5.65E-05
0.7805,8.01E-05,7.92E-05,2.10E-04,2.01E-04,5.65E-05
0.7807,8.01E-05,7.92E-05,2.10E-04,2.01E-04,5.64E-05
0.7809,8.02E-05,7.93E-05,2.10E-04,2.01E-04,5.64E-05
0.7811,8.02E-05,7.93E-05,2.10E-04,2.01E-04,5.63E-05
0.7813,8.03E-05,7.94E-05,2.10E-04,2.01E-04,5.62E-05
0.7815,8.04E-05,7.95E-05,2.10E-04,2.01E-04,5.62E-05
0.7817,8.04E-05,7.95E-05,2.10E-04,2.01E-04,5.61E-05
0.7819,8.05E-05,7.96E-05,2.10E-04,2.01E-04,5.61E-05
0.7821,8.05E-05,7.96E-05,2.10E-04,2.01E-04,5.60E-05
0.7823,8.06E-05,7.97E-05,2.11E-04,2.01E-04,5.60E-05
0.7825,8.06E-05,7.98E-05,2.11E-04,2.01E-04,5.59E-05
0.7827,8.07E-05,7.98E-05,2.11E-04,2.01E-04,5.59E-05
0.7829,8.08E-05,7.99E-05,2.11E-04,2.01E-04,5.58E-05
0.7831,8.08E-05,7.99E-05,2.11E-04,2.01E-04,5.58E-05
0.7833,8.09E-05,8.00E-05,2.11E-04,2.01E-04,5.57E-05
0.7835,8.09E-05,8.01E-05,2.11E-04,2.01E-04,5.56E-05
0.7837,8.10E-05,8.01E-05,2.11E-04,2.01E-04,5.56E-05
0.7839,8.11E-05,8.02E-05,2.11E-04,2.01E-04,5.55E-05
0.7841,8.11E-05,8.02E-05,2.11E-04,2.01E-04,5.55E-05
0.7843,8.12E-05,8.03E-05,2.11E-04,2.01E-04,5.54E-05
0.7845,8.12E-05,8.04E-05,2.11E-04,2.02E-04,5.54E-05
0.7847,8.13E-05,8.04E-05,2.11E-04,2.02E-04,5.53E-05
0.7849,8.14E-05,8.05E-05,2.11E-04,2.02E-04,5.53E-05
0.7851,8.14E-05,8.05E-05,2.11E-04,2.02E-04,5.52E-05
0.7853,8.15E-05,8.06E-05,2.11E-04,2.02E-04,5.52E-05
0.7855,8.15E-05,8.07E-05,2.11E-04,2.02E-04,5.51E-05
0.7857,8.16E-05,8.07E-05,2.11E-04,2.02E-04,5.50E-05
0.7859,8.16E-05,8.08E-05,2.11E-04,2.02E-04,5.50E-05
0.7861,8.17E-05,8.09E-05,2.11E-04,2.02E-04,5.49E-05
0.7863,8.18E-05,8.09E-05,2.11E-04,2.02E-04,5.49E-05
0.7865,8.18E-05,8.10E-05,2.11E-04,2.02E-04,5.48E-05
0.7867,8.19E-05,8.10E-05,2.11E-04,2.02E-04,5.48E-05
0.7869,8.19E-05,8.11E-05,2.11E-04,2.02E-04,5.47E-05
0.7871,8.20E-05,8.12E-05,2.11E-04,2.02E-04,5.47E-05
0.7873,8.21E-05,8.12E-05,2.11E-04,2.02E-04,5.46E-05
0.7875,8.21E-05,8.13E-05,2.11E-04,2.02E-04,5.46E-05
0.7877,8.22E-05,8.13E-05,2.11E-04,2.02E-04,5.45E-05
0.7879,8.22E-05,8.14E-05,2.11E-04,2.02E-04,5.44E-05
0.7881,8.23E-05,8.15E-05,2.11E-04,2.02E-04,5.44E-05
0.7883,8.24E-05,8.15E-05,2.11E-04,2.02E-04,5.43E-05
0.7885,8.24E-05,8.16E-05,2.11E-04,2.02E-04,5.43E-05
0.7887,8.25E-05,8.17E-05,2.11E-04,2.02E-04,5.42E-05
0.7889,8.25E-05,8.17E-05,2.11E-04,2.03E-04,5.42E-05
0.7891,8.26E-05,8.18E-05,2.11E-04,2.03E-04,5.41E-05
0.7893,8.27E-05,8.18E-05,2.11E-04,2.03E-04,5.41E-05
0.7895,8.27E-05,8.19E-05,2.11E-04,2.03E-04,5.40E-05
0.7897,8.28E-05,8.20E-05,2.11E-04,2.03E-04,5.40E-05
0.7899,8.28E-05,8.20E-05,2.11E-04,2.03E-04,5.39E-05
0.7901,8.29E-05,8.21E-05,2.11E-04,2.03E-04,5.38E-05
0.7903,8.30E-05,8.22E-05,2.11E-04,2.03E-04,5.38E-05
0.7905,8.30E-05,8.22E-05,2.11E-04,2.03E-04,5.37E-05
0.7907,8.31E-05,8.23E-05,2.11E-04,2.03E-04,5.37E-05
0.7909,8.31E-05,8.23E-05,2.11E-04,2.03E-04,5.36E-05
0.7911,8.32E-05,8.24E-05,2.11E-04,2.03E-04,5.36E-05
0.7913,8.33E-05,8.25E-05,2.11E-04,2.03E-04,5.35E-05
0.7915,8.33E-05,8.25E-05,2.11E-04,2.03E-04,5.35E-05
0.7917,8.34E-05,8.26E-05,2.11E-04,2.03E-04,5.34E-05
0.7919,8.34E-05,8.27E-05,2.11E-04,2.03E-04,5.33E-05
0.7921,8.35E-05,8.27E-05,2.11E-04,2.03E-04,5.33E-05
0.7923,8.36E-05,8.28E-05,2.11E-04,2.03E-04,5.32E-05
0.7925,8.36E-05,8.28E-05,2.11E-04,2.03E-04,5.32E-05
0.7927,8.37E-05,8.29E-05,2.11E-04,2.03E-04,5.31E-05
0.7929,8.38E-05,8.30E-05,2.11E-04,2.04E-04,5.31E-05
0.7931,8.38E-05,8.30E-05,2.11E-04,2.04E-04,5.30E-05
0.7933,8.39E-05,8.31E-05,2.11E-04,2.04E-04,5.30E-05
0.7935,8.39E-05,8.32E-05,2.11E-04,2.04E-04,5.29E-05
0.7937,8.40E-05,8.32E-05,2.11E-04,2.04E-04,5.29E-05
0.7939,8.41E-05,8.33E-05,2.11E-04,2.04E-04,5.28E-05
0.7941,8.41E-05,8.33E-05,2.11E-04,2.04E-04,5.27E-05
0.7943,8.42E-05,8.34E-05,2.12E-04,2.04E-04,5.27E-05
0.7945,8.42E-05,8.35E-05,2.12E-04,2.04E-04,5.26E-05
0.7947,8.43E-05,8.35E-05,2.12E-04,2.04E-04,5.26E-05
0.7949,8.44E-05,8.36E-05,2.12E-04,2.04E-04,5.25E-05
0.7951,8.44E-05,8.37E-05,2.12E-04,2.04E-04,5.25E-05
0.7953,8.45E-05,8.37E-05,2.12E-04,2.04E-04,5.24E-05
0.7955,8.46E-05,8.38E-05,2.12E-04,2.04E-04,5.24E-05
0.7957,8.46E-05,8.39E-05,2.12E-04,2.04E-04,5.23E-05
0.7959,8.47E-05,8.39E-05,2.12E-04,2.04E-04,5.22E-05
0.7961,8.47E-05,8.40E-05,2.12E-04,2.04E-04,5.22E-05
0.7963,8.48E-05,8.41E-05,2.12E-04,2.04E-04,5.21E-05
0.7965,8.49E-05,8.41E-05,2.12E-04,2.04E-04,5.21E-05
0.7967,8.49E-05,8.42E-05,2.12E-04,2.04E-04,5.20E-05
0.7969,8.50E-05,8.42E-05,2.12E-04,2.05E-04,5.20E-05
0.7971,8.51E-05,8.43E-05,2.12E-04,2.05E-04,5.19E-05
0.7973,8.51E-05,8.44E-05,2.12E-04,2.05E-04,5.19E-05
0.7975,8.52E-05,8.44E-05,2.12E-04,2.05E-04,5.18E-05
0.7977,8.52E-05,8.45E-05,2.12E-04,2.05E-04,5.18E-05
0.7979,8.53E-05,8.46E-05,2.12E-04,2.05E-04,5.17E-05
0.7981,8.54E-05,8.46E-05,2.12E-04,2.05E-04,5.16E-05
0.7983,8.54E-05,8.47E-05,2.12E-04,2.05E-04,5.16E-05
0.7985,8.55E-05,8.48E-05,2.12E-04,2.05E-04,5.15E-05
0.7987,8.56E-05,8.48E-05,2.12E-04,2.05E-04,5.15E-05
0.7989,8.56E-05,8.49E-05,2.12E-04,2.05E-04,5.14E-05
0.7991,8.57E-05,8.50E-05,2.12E-04,2.05E-04,5.14E-05
0.7993,8.57E-05,8.50E-05,2.12E-04,2.05E-04,5.13E-05
0.7995,8.58E-05,8.51E-05,2.12E-04,2.05E-04,5.13E-05
0.7997,8.59E-05,8.52E-05,2.12E-04,2.05E-04,5.12E-05
0.7999,8.59E-05,8.52E-05,2.12E-04,2.05E-04,5.12E-05
0.8001,8.60E-05,8.53E-05,2.12E-04,2.05E-04,5.11E-05
0.8003,8.61E-05,8.54E-05,2.12E-04,2.05E-04,5.10E-05
0.8005,8.61E-05,8.54E-05,2.12E-04,2.06E-04,5.10E-05
0.8007,8.62E-05,8.55E-05,2.12E-04,2.06E-04,5.09E-05
0.8009,8.63E-05,8.56E-05,2.12E-04,2.06E-04,5.09E-05
0.8011,8.63E-05,8.56E-05,2.12E-04,2.06E-04,5.08E-05
0.8013,8.64E-05,8.57E-05,2.12E-04,2.06E-04,5.08E-05
0.8015,8.64E-05,8.57E-05,2.12E-04,2.06E-04,5.07E-05
0.8017,8.65E-05,8.58E-05,2.13E-04,2.06E-04,5.07E-05
0.8019,8.66E-05,8.59E-05,2.13E-04,2.06E-04,5.06E-05
0.8021,8.66E-05,8.59E-05,2.13E-04,2.06E-04,5.06E-05
0.8023,8.67E-05,8.60E-05,2.13E-04,2.06E-04,5.05E-05
0.8025,8.68E-05,8.61E-05,2.13E-04,2.06E-04,5.05E-05
0.8027,8.68E-05,8.61E-05,2.13E-04,2.06E-04,5.04E-05
0.8029,8.69E-05,8.62E-05,2.13E-04,2.06E-04,5.03E-05
0.8031,8.70E-05,8.63E-05,2.13E-04,2.06E-04,5.03E-05
0.8033,8.70E-05,8.63E-05,2.13E-04,2.06E-04,5.02E-05
0.8035,8.71E-05,8.64E-05,2.13E-04,2.06E-04,5.02E-05
0.8037,8.72E-05,8.65E-05,2.13E-04,2.06E-04,5.01E-05
0.8039,8.72E-05,8.65E-05,2.13E-04,2.07E-04,5.01E-05
0.8041,8.73E-05,8.66E-05,2.13E-04,2.07E-04,5.00E-05
0.8043,8.73E-05,8.67E-05,2.13E-04,2.07E-04,5.00E-05
0.8045,8.74E-05,8.67E-05,2.13E-04,2.07E-04,4.99E-05
0.8047,8.75E-05,8.68E-05,2.13E-04,2.07E-04,4.99E-05
0.8049,8.75E-05,8.69E-05,2.13E-04,2.07E-04,4.98E-05
0.8051,8.76E-05,8.69E-05,2.13E-04,2.07E-04,4.98E-05
0.8053,8.77E-05,8.70E-05,2.13E-04,2.07E-04,4.97E-05
0.8055,8.77E-05,8.71E-05,2.13E-04,2.07E-04,4.97E-05
0.8057,8.78E-05,8.71E-05,2.13E-04,2.07E-04,4.96E-05
0.8059,8.79E-05,8.72E-05,2.13E-04,2.07E-04,4.96E-05
0.8061,8.79E-05,8.73E-05,2.13E-04,2.07E-04,4.95E-05
0.8063,8.80E-05,8.74E-05,2.13E-04,2.07E-04,4.95E-05
0.8065,8.81E-05,8.74E-05,2.13E-04,2.07E-04,4.94E-05
0.8067,8.81E-05,8.75E-05,2.13E-04,2.07E-04,4.93E-05
0.8069,8.82E-05,8.76E-05,2.13E-04,2.07E-04,4.93E-05
0.8071,8.83E-05,8.76E-05,2.13E-04,2.07E-04,4.92E-05
0.8073,8.83E-05,8.77E-05,2.13E-04,2.08E-04,4.92E-05
0.8075,8.84E-05,8.78E-05,2.14E-04,2.08E-04,4.91E-05
0.8077,8.85E-05,8.78E-05,2.14E-04,2.08E-04,4.91E-05
0.8079,8.85E-05,8.79E-05,2.14E-04,2.08E-04,4.90E-05
0.8081,8.86E-05,8.80E-05,2.14E-04,2.08E-04,4.90E-05
0.8083,8.87E-05,8.80E-05,2.14E-04,2.08E-04,4.89E-05
0.8085,8.87E-05,8.81E-05,2.14E-04,2.08E-04,4.89E-05
0.8087,8.88E-05,8.82E-05,2.14E-04,2.08E-04,4.88E-05
0.8089,8.89E-05,8.82E-05,2.14E-04,2.08E-04,4.88E-05
0.8091,8.89E-05,8.83E-05,2.14E-04,2.08E-04,4.87E-05
0.8093,8.90E-05,8.84E-05,2.14E-04,2.08E-04,4.87E-05
0.8095,8.91E-05,8.84E-05,2.14E-04,2.08E-04,4.86E-05
0.8097,8.91E-05,8.85E-05,2.14E-04,2.08E-04,4.86E-05
0.8099,8.92E-05,8.86E-05,2.14E-04,2.08E-04,4.85E-05
0.8101,8.93E-05,8.86E-05,2.14E-04,2.08E-04,4.85E-05
0.8103,8.93E-05,8.87E-05,2.14E-04,2.08E-04,4.84E-05
0.8105,8.94E-05,8.88E-05,2.14E-04,2.09E-04,4.84E-05
0.8107,8.95E-05,8.89E-05,2.14E-04,2.09E-04,4.83E-05
0.8109,8.95E-05,8.89E-05,2.14E-04,2.09E-04,4.83E-05
0.8111,8.96E-05,8.90E-05,2.14E-04,2.09E-04,4.82E-05
0.8113,8.97E-05,8.91E-05,2.14E-04,2.09E-04,4.82E-05
0.8115,8.97E-05,8.91E-05,2.14E-04,2.09E-04,4.81E-05
0.8117,8.98E-05,8.92E-05,2.14E-04,2.09E-04,4.81E-05
0.8119,8.99E-05,8.93E-05,2.14E-04,2.09E-04,4.80E-05
0.8121,8.99E-05,8.93E-05,2.14E-04,2.09E-04,4.80E-05
0.8123,9.00E-05,8.94E-05,2.15E-04,2.09E-04,4.80E-05
0.8125,9.01E-05,8.95E-05,2.15E-04,2.09E-04,4.79E-05
0.8127,9.01E-05,8.96E-05,2.15E-04,2.09E-04,4.79E-05
0.8129,9.02E-05,8.96E-05,2.15E-04,2.09E-04,4.78E-05
0.8131,9.03E-05,8.97E-05,2.15E-04,2.09E-04,4.78E-05
0.8133,9.03E-05,8.98E-05,2.15E-04,2.09E-04,4.77E-05
0.8135,9.04E-05,8.98E-05,2.15E-04,2.10E-04,4.77E-05
0.8137,9.05E-05,8.99E-05,2.15E-04,2.10E-04,4.76E-05
0.8139,9.06E-05,9.00E-05,2.15E-04,2.10E-04,4.76E-05
0.8141,9.06E-05,9.00E-05,2.15E-04,2.10E-04,4.75E-05
0.8143,9.07E-05,9.01E-05,2.15E-04,2.10E-04,4.75E-05
0.8145,9.08E-05,9.02E-05,2.15E-04,2.10E-04,4.74E-05
0.8147,9.08E-05,9.03E-05,2.15E-04,2.10E-04,4.74E-05
0.8149,9.09E-05,9.03E-05,2.15E-04,2.10E-04,4.73E-05
0.8151,9.10E-05,9.04E-05,2.15E-04,2.10E-04,4.73E-05
0.8153,9.10E-05,9.05E-05,2.15E-04,2.10E-04,4.73E-05
0.8155,9.11E-05,9.05E-05,2.15E-04,2.10E-04,4.72E-05
0.8157,9.12E-05,9.06E-05,2.15E-04,2.10E-04,4.72E-05
0.8159,9.12E-05,9.07E-05,2.15E-04,2.10E-04,4.71E-05
0.8161,9.13E-05,9.07E-05,2.15E-04,2.10E-04,4.71E-05
0.8163,9.14E-05,9.08E-05,2.15E-04,2.11E-04,4.70E-05
0.8165,9.14E-05,9.09E-05,2.15E-04,2.11E-04,4.70E-05
0.8167,9.15E-05,9.10E-05,2.16E-04,2.11E-04,4.69E-05
0.8169,9.16E-05,9.10E-05,2.16E-04,2.11E-04,4.69E-05
0.8171,9.17E-05,9.11E-05,2.16E-04,2.11E-04,4.69E-05
0.8173,9.17E-05,9.12E-05,2.16E-04,2.11E-04,4.68E-05
0.8175,9.18E-05,9.13E-05,2.16E-04,2.11E-04,4.68E-05
0.8177,9.19E-05,9.13E-05,2.16E-04,2.11E-04,4.67E-05
0.8179,9.19E-05,9.14E-05,2.16E-04,2.11E-04,4.67E-05
0.8181,9.20E-05,9.15E-05,2.16E-04,2.11E-04,4.66E-05
0.8183,9.21E-05,9.15E-05,2.16E-04,2.11E-04,4.66E-05
0.8185,9.21E-05,9.16E-05,2.16E-04,2.11E-04,4.66E-05
0.8187,9.22E-05,9.17E-05,2.16E-04,2.11E-04,4.65E-05
0.8189,9.23E-05,9.18E-05,2.16E-04,2.11E-04,4.65E-05
0.8191,9.24E-05,9.18E-05,2.16E-04,2.12E-04,4.64E-05
0.8193,9.24E-05,9.19E-05,2.16E-04,2.12E-04,4.64E-05
0.8195,9.25E-05,9.20E-05,2.16E-04,2.12E-04,4.63E-05
0.8197,9.26E-05,9.20E-05,2.16E-04,2.12E-04,4.63E-05
0.8199,9.26E-05,9.21E-05,2.16E-04,2.12E-04,4.63E-05
0.8201,9.27E-05,9.22E-05,2.16E-04,2.12E-04,4.62E-05
0.8203,9.28E-05,9.23E-05,2.16E-04,2.12E-04,4.62E-05
0.8205,9.29E-05,9.23E-05,2.16E-04,2.12E-04,4.61E-05
0.8207,9.29E-05,9.24E-05,2.17E-04,2.12E-04,4.61E-05
0.8209,9.30E-05,9.25E-05,2.17E-04,2.12E-04,4.61E-05
0.8211,9.31E-05,9.26E-05,2.17E-04,2.12E-04,4.60E-05
0.8213,9.31E-05,9.26E-05,2.17E-04,2.12E-04,4.60E-05
0.8215,9.32E-05,9.27E-05,2.17E-04,2.12E-04,4.59E-05
0.8217,9.33E-05,9.28E-05,2.17E-04,2.12E-04,4.59E-05
0.8219,9.34E-05,9.28E-05,2.17E-04,2.13E-04,4.59E-05
0.8221,9.34E-05,9.29E-05,2.17E-04,2.13E-04,4.58E-05
0.8223,9.35E-05,9.30E-05,2.17E-04,2.13E-04,4.58E-05
0.8225,9.36E-05,9.31E-05,2.17E-04,2.13E-04,4.57E-05
0.8227,9.36E-05,9.31E-05,2.17E-04,2.13E-04,4.57E-05
0.8229,9.37E-05,9.32E-05,2.17E-04,2.13E-04,4.57E-05
0.8231,9.38E-05,9.33E-05,2.17E-04,2.13E-04,4.56E-05
0.8233,9.39E-05,9.34E-05,2.17E-04,2.13E-04,4.56E-05
0.8235,9.39E-05,9.34E-05,2.17E-04,2.13E-04,4.56E-05
0.8237,9.40E-05,9.35E-05,2.17E-04,2.13E-04,4.55E-05
0.8239,9.41E-05,9.36E-05,2.17E-04,2.13E-04,4.55E-05
0.8241,9.42E-05,9.37E-05,2.18E-04,2.13E-04,4.54E-05
0.8243,9.42E-05,9.37E-05,2.18E-04,2.13E-04,4.54E-05
0.8245,9.43E-05,9.38E-05,2.18E-04,2.14E-04,4.54E-05
0.8247,9.44E-05,9.39E-05,2.18E-04,2.14E-04,4.53E-05
0.8249,9.44E-05,9.40E-05,2.18E-04,2.14E-04,4.53E-05
0.8251,9.45E-05,9.40E-05,2.18E-04,2.14E-04,4.53E-05
0.8253,9.46E-05,9.41E-05,2.18E-04,2.14E-04,4.52E-05
0.8255,9.47E-05,9.42E-05,2.18E-04,2.14E-04,4.52E-05
0.8257,9.47E-05,9.43E-05,2.18E-04,2.14E-04,4.52E-05
0.8259,9.48E-05,9.43E-05,2.18E-04,2.14E-04,4.51E-05
0.8261,9.49E-05,9.44E-05,2.18E-04,2.14E-04,4.51E-05
0.8263,9.50E-05,9.45E-05,2.18E-04,2.14E-04,4.50E-05
0.8265,9.50E-05,9.46E-05,2.18E-04,2.14E-04,4.50E-05
0.8267,9.51E-05,9.46E-05,2.18E-04,2.14E-04,4.50E-05
0.8269,9.52E-05,9.47E-05,2.18E-04,2.14E-04,4.49E-05
0.8271,9.53E-05,9.48E-05,2.18E-04,2.15E-04,4.49E-05
0.8273,9.53E-05,9.49E-05,2.18E-04,2.15E-04,4.49E-05
0.8275,9.54E-05,9.49E-05,2.19E-04,2.15E-04,4.48E-05
0.8277,9.55E-05,9.50E-05,2.19E-04,2.15E-04,4.48E-05
0.8279,9.56E-05,9.51E-05,2.19E-04,2.15E-04,4.48E-05
0.8281,9.56E-05,9.52E-05,2.19E-04,2.15E-04,4.47E-05
0.8283,9.57E-05,9.52E-05,2.19E-04,2.15E-04,4.47E-05
0.8285,9.58E-05,9.53E-05,2.19E-04,2.15E-04,4.47E-05
0.8287,9.59E-05,9.54E-05,2.19E-04,2.15E-04,4.46E-05
0.8289,9.59E-05,9.55E-05,2.19E-04,2.15E-04,4.46E-05
0.8291,9.60E-05,9.56E-05,2.19E-04,2.15E-04,4.46E-05
0.8293,9.61E-05,9.56E-05,2.19E-04,2.15E-04,4.45E-05
0.8295,9.62E-05,9.57E-05,2.19E-04,2.16E-04,4.45E-05
0.8297,9.62E-05,9.58E-05,2.19E-04,2.16E-04,4.45E-05
0.8299,9.63E-05,9.59E-05,2.19E-04,2.16E-04,4.44E-05
0.8301,9.64E-05,9.59E-05,2.19E-04,2.16E-04,4.44E-05
0.8303,9.65E-05,9.60E-05,2.19E-04,2.16E-04,4.44E-05
0.8305,9.65E-05,9.61E-05,2.20E-04,2.16E-04,4.43E-05
0.8307,9.66E-05,9.62E-05,2.20E-04,2.16E-04,4.43E-05
0.8309,9.67E-05,9.62E-05,2.20E-04,2.16E-04,4.43E-05
0.8311,9.68E-05,9.63E-05,2.20E-04,2.16E-04,4.42E-05
0.8313,9.68E-05,9.64E-05,2.20E-04,2.16E-04,4.42E-05
0.8315,9.69E-05,9.65E-05,2.20E-04,2.16E-04,4.42E-05
0.8317,9.70E-05,9.66E-05,2.20E-04,2.16E-04,4.41E-05
0.8319,9.71E-05,9.66E-05,2.20E-04,2.17E-04,4.41E-05
0.8321,9.71E-05,9.67E-05,2.20E-04,2.17E-04,4.41E-05
0.8323,9.72E-05,9.68E-05,2.20E-04,2.17E-04,4.40E-05
0.8325,9.73E-05,9.69E-05,2.20E-04,2.17E-04,4.40E-05
0.8327,9.74E-05,9.69E-05,2.20E-04,2.17E-04,4.40E-05
0.8329,9.74E-05,9.70E-05,2.20E-04,2.17E-04,4.40E-05
0.8331,9.75E-05,9.71E-05,2.20E-04,2.17E-04,4.39E-05
0.8333,9.76E-05,9.72E-05,2.20E-04,2.17E-04,4.39E-05
0.8335,9.77E-05,9.73E-05,2.21E-04,2.17E-04,4.39E-05
0.8337,9.78E-05,9.73E-05,2.21E-04,2.17E-04,4.38E-05
0.8339,9.78E-05,9.74E-05,2.21E-04,2.17E-04,4.38E-05
0.8341,9.79E-05,9.75E-05,2.21E-04,2.18E-04,4.38E-05
0.8343,9.80E-05,9.76E-05,2.21E-04,2.18E-04,4.37E-05
0.8345,9.81E-05,9.77E-05,2.21E-04,2.18E-04,4.37E-05
0.8347,9.81E-05,9.77E-05,2.21E-04,2.18E-04,4.37E-05
0.8349,9.82E-05,9.78E-05,2.21E-04,2.18E-04,4.36E-05
0.8351,9.83E-05,9.79E-05,2.21E-04,2.18E-04,4.36E-05
0.8353,9.84E-05,9.80E-05,2.21E-04,2.18E-04,4.36E-05
0.8355,9.85E-05,9.81E-05,2.21E-04,2.18E-04,4.35E-05
0.8357,9.85E-05,9.81E-05,2.21E-04,2.18E-04,4.35E-05
0.8359,9.86E-05,9.82E-05,2.21E-04,2.18E-04,4.35E-05
0.8361,9.87E-05,9.83E-05,2.21E-04,2.18E-04,4.35E-05
0.8363,9.88E-05,9.84E-05,2.22E-04,2.18E-04,4.34E-05
0.8365,9.88E-05,9.85E-05,2.22E-04,2.19E-04,4.34E-05
0.8367,9.89E-05,9.85E-05,2.22E-04,2.19E-04,4.34E-05
0.8369,9.90E-05,9.86E-05,2.22E-04,2.19E-04,4.33E-05
0.8371,9.91E-05,9.87E-05,2.22E-04,2.19E-04,4.33E-05
0.8373,9.92E-05,9.88E-05,2.22E-04,2.19E-04,4.33E-05
0.8375,9.92E-05,9.89E-05,2.22E-04,2.19E-04,4.32E-05
0.8377,9.93E-05,9.89E-05,2.22E-04,2.19E-04,4.32E-05
0.8379,9.94E-05,9.90E-05,2.22E-04,2.19E-04,4.32E-05
0.8381,9.95E-05,9.91E-05,2.22E-04,2.19E-04,4.31E-05
0.8383,9.96E-05,9.92E-05,2.22E-04,2.19E-04,4.31E-05
0.8385,9.96E-05,9.93E-05,2.22E-04,2.19E-04,4.31E-05
0.8387,9.97E-05,9.93E-05,2.22E-04,2.20E-04,4.31E-05
0.8389,9.98E-05,9.94E-05,2.23E-04,2.20E-04,4.30E-05
0.8391,9.99E-05,9.95E-05,2.23E-04,2.20E-04,4.30E-05
0.8393,1.00E-04,9.96E-05,2.23E-04,2.20E-04,4.30E-05
0.8395,1.00E-04,9.97E-05,2.23E-04,2.20E-04,4.29E-05
0.8397,1.00E-04,9.98E-05,2.23E-04,2.20E-04,4.29E-05
0.8399,1.00E-04,9.98E-05,2.23E-04,2.20E-04,4.29E-05
0.8401,1.00E-04,9.99E-05,2.23E-04,2.20E-04,4.28E-05
0.8403,1.00E-04,1.00E-04,2.23E-04,2.20E-04,4.28E-05
0.8405,1.00E-04,1.00E-04,2.23E-04,2.20E-04,4.28E-05
0.8407,1.01E-04,1.00E-04,2.23E-04,2.21E-04,4.28E-05
0.8409,1.01E-04,1.00E-04,2.23E-04,2.21E-04,4.27E-05
0.8411,1.01E-04,1.00E-04,2.23E-04,2.21E-04,4.27E-05
0.8413,1.01E-04,1.00E-04,2.24E-04,2.21E-04,4.27E-05
0.8415,1.01E-04,1.00E-04,2.24E-04,2.21E-04,4.26E-05
0.8417,1.01E-04,1.01E-04,2.24E-04,2.21E-04,4.26E-05
0.8419,1.01E-04,1.01E-04,2.24E-04,2.21E-04,4.26E-05
0.8421,1.01E-04,1.01E-04,2.24E-04,2.21E-04,4.25E-05
0.8423,1.01E-04,1.01E-04,2.24E-04,2.21E-04,4.25E-05
0.8425,1.01E-04,1.01E-04,2.24E-04,2.21E-04,4.25E-05
0.8427,1.01E-04,1.01E-04,2.24E-04,2.21E-04,4.25E-05
0.8429,1.01E-04,1.01E-04,2.24E-04,2.22E-04,4.24E-05
0.8431,1.02E-04,1.01E-04,2.24E-04,2.22E-04,4.24E-05
0.8433,1.02E-04,1.01E-04,2.24E-04,2.22E-04,4.24E-05
0.8435,1.02E-04,1.01E-04,2.24E-04,2.22E-04,4.23E-05
0.8437,1.02E-04,1.01E-04,2.25E-04,2.22E-04,4.23E-05
0.8439,1.02E-04,1.02E-04,2.25E-04,2.22E-04,4.23E-05
0.8441,1.02E-04,1.02E-04,2.25E-04,2.22E-04,4.23E-05
0.8443,1.02E-04,1.02E-04,2.25E-04,2.22E-04,4.22E-05
0.8445,1.02E-04,1.02E-04,2.25E-04,2.22E-04,4.22E-05
0.8447,1.02E-04,1.02E-04,2.25E-04,2.22E-04,4.22E-05
0.8449,1.02E-04,1.02E-04,2.25E-04,2.23E-04,4.21E-05
0.8451,1.02E-04,1.02E-04,2.25E-04,2.23E-04,4.21E-05
0.8453,1.02E-04,1.02E-04,2.25E-04,2.23E-04,4.21E-05
0.8455,1.03E-04,1.02E-04,2.25E-04,2.23E-04,4.20E-05
0.8457,1.03E-04,1.02E-04,2.25E-04,2.23E-04,4.20E-05
0.8459,1.03E-04,1.02E-04,2.25E-04,2.23E-04,4.20E-05
0.8461,1.03E-04,1.02E-04,2.26E-04,2.23E-04,4.20E-05
0.8463,1.03E-04,1.03E-04,2.26E-04,2.23E-04,4.19E-05
0.8465,1.03E-04,1.03E-04,2.26E-04,2.23E-04,4.19E-05
0.8467,1.03E-04,1.03E-04,2.26E-04,2.24E-04,4.19E-05
0.8469,1.03E-04,1.03E-04,2.26E-04,2.24E-04,4.18E-05
0.8471,1.03E-04,1.03E-04,2.26E-04,2.24E-04,4.18E-05
0.8473,1.03E-04,1.03E-04,2.26E-04,2.24E-04,4.18E-05
0.8475,1.03E-04,1.03E-04,2.26E-04,2.24E-04,4.18E-05
0.8477,1.03E-04,1.03E-04,2.26E-04,2.24E-04,4.17E-05
0.8479,1.04E-04,1.03E-04,2.26E-04,2.24E-04,4.17E-05
0.8481,1.04E-04,1.03E-04,2.26E-04,2.24E-04,4.17E-05
0.8483,1.04E-04,1.03E-04,2.27E-04,2.24E-04,4.16E-05
0.8485,1.04E-04,1.03E-04,2.27E-04,2.24E-04,4.16E-05
0.8487,1.04E-04,1.04E-04,2.27E-04,2.25E-04,4.16E-05
0.8489,1.04E-04,1.04E-04,2.27E-04,2.25E-04,4.16E-05
0.8491,1.04E-04,1.04E-04,2.27E-04,2.25E-04,4.15E-05
0.8493,1.04E-04,1.04E-04,2.27E-04,2.25E-04,4.15E-05
0.8495,1.04E-04,1.04E-04,2.27E-04,2.25E-04,4.15E-05
0.8497,1.04E-04,1.04E-04,2.27E-04,2.25E-04,4.14E-05
0.8499,1.04E-04,1.04E-04,2.27E-04,2.25E-04,4.14E-05
0.8501,1.04E-04,1.04E-04,2.27E-04,2.25E-04,4.14E-05
0.8503,1.05E-04,1.04E-04,2.28E-04,2.25E-04,4.14E-05
0.8505,1.05E-04,1.04E-04,2.28E-04,2.26E-04,4.13E-05
0.8507,1.05E-04,1.04E-04,2.28E-04,2.26E-04,4.13E-05
0.8509,1.05E-04,1.05E-04,2.28E-04,2.26E-04,4.13E-05
0.8511,1.05E-04,1.05E-04,2.28E-04,2.26E-04,4.13E-05
0.8513,1.05E-04,1.05E-04,2.28E-04,2.26E-04,4.12E-05
0.8515,1.05E-04,1.05E-04,2.28E-04,2.26E-04,4.12E-05
0.8517,1.05E-04,1.05E-04,2.28E-04,2.26E-04,4.12E-05
0.8519,1.05E-04,1.05E-04,2.28E-04,2.26E-04,4.11E-05
0.8521,1.05E-04,1.05E-04,2.28E-04,2.26E-04,4.11E-05
0.8523,1.05E-04,1.05E-04,2.29E-04,2.26E-04,4.11E-05
0.8525,1.06E-04,1.05E-04,2.29E-04,2.27E-04,4.11E-05
0.8527,1.06E-04,1.05E-04,2.29E-04,2.27E-04,4.10E-05
0.8529,1.06E-04,1.05E-04,2.29E-04,2.27E-04,4.10E-05
0.8531,1.06E-04,1.06E-04,2.29E-04,2.27E-04,4.10E-05
0.8533,1.06E-04,1.06E-04,2.29E-04,2.27E-04,4.10E-05
0.8535,1.06E-04,1.06E-04,2.29E-04,2.27E-04,4.09E-05
0.8537,1.06E-04,1.06E-04,2.29E-04,2.27E-04,4.09E-05
0.8539,1.06E-04,1.06E-04,2.29E-04,2.27E-04,4.09E-05
0.8541,1.06E-04,1.06E-04,2.29E-04,2.28E-04,4.09E-05
0.8543,1.06E-04,1.06E-04,2.30E-04,2.28E-04,4.08E-05
0.8545,1.06E-04,1.06E-04,2.30E-04,2.28E-04,4.08E-05
0.8547,1.06E-04,1.06E-04,2.30E-04,2.28E-04,4.08E-05
0.8549,1.07E-04,1.06E-04,2.30E-04,2.28E-04,4.08E-05
0.8551,1.07E-04,1.06E-04,2.30E-04,2.28E-04,4.07E-05
0.8553,1.07E-04,1.07E-04,2.30E-04,2.28E-04,4.07E-05
0.8555,1.07E-04,1.07E-04,2.30E-04,2.28E-04,4.07E-05
0.8557,1.07E-04,1.07E-04,2.30E-04,2.28E-04,4.07E-05
0.8559,1.07E-04,1.07E-04,2.30E-04,2.29E-04,4.06E-05
0.8561,1.07E-04,1.07E-04,2.30E-04,2.29E-04,4.06E-05
0.8563,1.07E-04,1.07E-04,2.31E-04,2.29E-04,4.06E-05
0.8565,1.07E-04,1.07E-04,2.31E-04,2.29E-04,4.06E-05
0.8567,1.07E-04,1.07E-04,2.31E-04,2.29E-04,4.05E-05
0.8569,1.07E-04,1.07E-04,2.31E-04,2.29E-04,4.05E-05
0.8571,1.08E-04,1.07E-04,2.31E-04,2.29E-04,4.05E-05
0.8573,1.08E-04,1.07E-04,2.31E-04,2.29E-04,4.05E-05
0.8575,1.08E-04,1.08E-04,2.31E-04,2.29E-04,4.05E-05
0.8577,1.08E-04,1.08E-04,2.31E-04,2.30E-04,4.04E-05
0.8579,1.08E-04,1.08E-04,2.31E-04,2.30E-04,4.04E-05
0.8581,1.08E-04,1.08E-04,2.32E-04,2.30E-04,4.04E-05
0.8583,1.08E-04,1.08E-04,2.32E-04,2.30E-04,4.04E-05
0.8585,1.08E-04,1.08E-04,2.32E-04,2.30E-04,4.04E-05
0.8587,1.08E-04,1.08E-04,2.32E-04,2.30E-04,4.03E-05
0.8589,1.08E-04,1.08E-04,2.32E-04,2.30E-04,4.03E-05
0.8591,1.09E-04,1.08E-04,2.32E-04,2.30E-04,4.03E-05
0.8593,1.09E-04,1.08E-04,2.32E-04,2.31E-04,4.03E-05
0.8595,1.09E-04,1.08E-04,2.32E-04,2.31E-04,4.02E-05
0.8597,1.09E-04,1.09E-04,2.32E-04,2.31E-04,4.02E-05
0.8599,1.09E-04,1.09E-04,2.33E-04,2.31E-04,4.02E-05
0.8601,1.09E-04,1.09E-04,2.33E-04,2.31E-04,4.02E-05
0.8603,1.09E-04,1.09E-04,2.33E-04,2.31E-04,4.02E-05
0.8605,1.09E-04,1.09E-04,2.33E-04,2.31E-04,4.02E-05
0.8607,1.09E-04,1.09E-04,2.33E-04,2.31E-04,4.01E-05
0.8609,1.09E-04,1.09E-04,2.33E-04,2.32E-04,4.01E-05
0.8611,1.09E-04,1.09E-04,2.33E-04,2.32E-04,4.01E-05
0.8613,1.10E-04,1.09E-04,2.33E-04,2.32E-04,4.01E-05
0.8615,1.10E-04,1.09E-04,2.33E-04,2.32E-04,4.01E-05
0.8617,1.10E-04,1.10E-04,2.34E-04,2.32E-04,4.00E-05
0.8619,1.10E-04,1.10E-04,2.34E-04,2.32E-04,4.00E-05
0.8621,1.10E-04,1.10E-04,2.34E-04,2.32E-04,4.00E-05
0.8623,1.10E-04,1.10E-04,2.34E-04,2.32E-04,4.00E-05
0.8625,1.10E-04,1.10E-04,2.34E-04,2.33E-04,4.00E-05
0.8627,1.10E-04,1.10E-04,2.34E-04,2.33E-04,4.00E-05
0.8629,1.10E-04,1.10E-04,2.34E-04,2.33E-04,3.99E-05
0.8631,1.10E-04,1.10E-04,2.34E-04,2.33E-04,3.99E-05
0.8633,1.10E-04,1.10E-04,2.34E-04,2.33E-04,3.99E-05
0.8635,1.11E-04,1.10E-04,2.35E-04,2.33E-04,3.99E-05
0.8637,1.11E-04,1.10E-04,2.35E-04,2.33E-04,3.99E-05
0.8639,1.11E-04,1.11E-04,2.35E-04,2.33E-04,3.99E-05
0.8641,1.11E-04,1.11E-04,2.35E-04,2.34E-04,3.99E-05
0.8643,1.11E-04,1.11E-04,2.35E-04,2.34E-04,3.98E-05
0.8645,1.11E-04,1.11E-04,2.35E-04,2.34E-04,3.98E-05
0.8647,1.11E-04,1.11E-04,2.35E-04,2.34E-04,3.98E-05
0.8649,1.11E-04,1.11E-04,2.35E-04,2.34E-04,3.98E-05
0.8651,1.11E-04,1.11E-04,2.36E-04,2.34E-04,3.98E-05
0.8653,1.11E-04,1.11E-04,2.36E-04,2.34E-04,3.98E-05
0.8655,1.12E-04,1.11E-04,2.36E-04,2.34E-04,3.98E-05
0.8657,1.12E-04,1.11E-04,2.36E-04,2.35E-04,3.98E-05
0.8659,1.12E-04,1.12E-04,2.36E-04,2.35E-04,3.97E-05
0.8661,1.12E-04,1.12E-04,2.36E-04,2.35E-04,3.97E-05
0.8663,1.12E-04,1.12E-04,2.36E-04,2.35E-04,3.97E-05
0.8665,1.12E-04,1.12E-04,2.36E-04,2.35E-04,3.97E-05
0.8667,1.12E-04,1.12E-04,2.37E-04,2.35E-04,3.97E-05
0.8669,1.12E-04,1.12E-04,2.37E-04,2.35E-04,3.97E-05
0.8671,1.12E-04,1.12E-04,2.37E-04,2.36E-04,3.97E-05
0.8673,1.12E-04,1.12E-04,2.37E-04,2.36E-04,3.97E-05
0.8675,1.13E-04,1.12E-04,2.37E-04,2.36E-04,3.97E-05
0.8677,1.13E-04,1.12E-04,2.37E-04,2.36E-04,3.97E-05
0.8679,1.13E-04,1.13E-04,2.37E-04,2.36E-04,3.96E-05
0.8681,1.13E-04,1.13E-04,2.37E-04,2.36E-04,3.96E-05
0.8683,1.13E-04,1.13E-04,2.38E-04,2.36E-04,3.96E-05
0.8685,1.13E-04,1.13E-04,2.38E-04,2.36E-04,3.96E-05
0.8687,1.13E-04,1.13E-04,2.38E-04,2.37E-04,3.96E-05
0.8689,1.13E-04,1.13E-04,2.38E-04,2.37E-04,3.96E-05
0.8691,1.13E-04,1.13E-04,2.38E-04,2.37E-04,3.96E-05
0.8693,1.13E-04,1.13E-04,2.38E-04,2.37E-04,3.96E-05
0.8695,1.14E-04,1.13E-04,2.38E-04,2.37E-04,3.96E-05
0.8697,1.14E-04,1.13E-04,2.38E-04,2.37E-04,3.96E-05
0.8699,1.14E-04,1.14E-04,2.39E-04,2.37E-04,3.96E-05
0.8701,1.14E-04,1.14E-04,2.39E-04,2.38E-04,3.96E-05
0.8703,1.14E-04,1.14E-04,2.39E-04,2.38E-04,3.95E-05
0.8705,1.14E-04,1.14E-04,2.39E-04,2.38E-04,3.95E-05
0.8707,1.14E-04,1.14E-04,2.39E-04,2.38E-04,3.95E-05
0.8709,1.14E-04,1.14E-04,2.39E-04,2.38E-04,3.95E-05
0.8711,1.14E-04,1.14E-04,2.39E-04,2.38E-04,3.95E-05
0.8713,1.14E-04,1.14E-04,2.40E-04,2.38E-04,3.95E-05
0.8715,1.15E-04,1.14E-04,2.40E-04,2.39E-04,3.95E-05
0.8717,1.15E-04,1.15E-04,2.40E-04,2.39E-04,3.95E-05
0.8719,1.15E-04,1.15E-04,2.40E-04,2.39E-04,3.95E-05
0.8721,1.15E-04,1.15E-04,2.40E-04,2.39E-04,3.95E-05
0.8723,1.15E-04,1.15E-04,2.40E-04,2.39E-04,3.95E-05
0.8725,1.15E-04,1.15E-04,2.40E-04,2.39E-04,3.95E-05
0.8727,1.15E-04,1.15E-04,2.40E-04,2.39E-04,3.95E-05
0.8729,1.15E-04,1.15E-04,2.41E-04,2.40E-04,3.95E-05
0.8731,1.15E-04,1.15E-04,2.41E-04,2.40E-04,3.95E-05
0.8733,1.16E-04,1.15E-04,2.41E-04,2.40E-04,3.95E-05
0.8735,1.16E-04,1.15E-04,2.41E-04,2.40E-04,3.95E-05
0.8737,1.16E-04,1.16E-04,2.41E-04,2.40E-04,3.95E-05
0.8739,1.16E-04,1.16E-04,2.41E-04,2.40E-04,3.95E-05
0.8741,1.16E-04,1.16E-04,2.41E-04,2.40E-04,3.95E-05
0.8743,1.16E-04,1.16E-04,2.42E-04,2.41E-04,3.95E-05
0.8745,1.16E-04,1.16E-04,2.42E-04,2.41E-04,3.95E-05
0.8747,1.16E-04,1.16E-04,2.42E-04,2.41E-04,3.95E-05
0.8749,1.16E-04,1.16E-04,2.42E-04,2.41E-04,3.94E-05
0.8751,1.16E-04,1.16E-04,2.42E-04,2.41E-04,3.94E-05
0.8753,1.17E-04,1.16E-04,2.42E-04,2.41E-04,3.94E-05
0.8755,1.17E-04,1.17E-04,2.42E-04,2.41E-04,3.94E-05
0.8757,1.17E-04,1.17E-04,2.43E-04,2.42E-04,3.94E-05
0.8759,1.17E-04,1.17E-04,2.43E-04,2.42E-04,3.94E-05
0.8761,1.17E-04,1.17E-04,2.43E-04,2.42E-04,3.94E-05
0.8763,1.17E-04,1.17E-04,2.43E-04,2.42E-04,3.94E-05
0.8765,1.17E-04,1.17E-04,2.43E-04,2.42E-04,3.94E-05
0.8767,1.17E-04,1.17E-04,2.43E-04,2.42E-04,3.94E-05
0.8769,1.17E-04,1.17E-04,2.43E-04,2.43E-04,3.94E-05
0.8771,1.18E-04,1.17E-04,2.44E-04,2.43E-04,3.94E-05
0.8773,1.18E-04,1.17E-04,2.44E-04,2.43E-04,3.94E-05
0.8775,1.18E-04,1.18E-04,2.44E-04,2.43E-04,3.94E-05
0.8777,1.18E-04,1.18E-04,2.44E-04,2.43E-04,3.94E-05
0.8779,1.18E-04,1.18E-04,2.44E-04,2.43E-04,3.94E-05
0.8781,1.18E-04,1.18E-04,2.44E-04,2.43E-04,3.94E-05
0.8783,1.18E-04,1.18E-04,2.44E-04,2.44E-04,3.94E-05
0.8785,1.18E-04,1.18E-04,2.45E-04,2.44E-04,3.94E-05
0.8787,1.18E-04,1.18E-04,2.45E-04,2.44E-04,3.94E-05
0.8789,1.19E-04,1.18E-04,2.45E-04,2.44E-04,3.94E-05
0.8791,1.19E-04,1.18E-04,2.45E-04,2.44E-04,3.94E-05
0.8793,1.19E-04,1.19E-04,2.45E-04,2.44E-04,3.94E-05
0.8795,1.19E-04,1.19E-04,2.45E-04,2.45E-04,3.94E-05
0.8797,1.19E-04,1.19E-04,2.46E-04,2.45E-04,3.94E-05
0.8799,1.19E-04,1.19E-04,2.46E-04,2.45E-04,3.94E-05
0.8801,1.19E-04,1.19E-04,2.46E-04,2.45E-04,3.94E-05
0.8803,1.19E-04,1.19E-04,2.46E-04,2.45E-04,3.94E-05
0.8805,1.19E-04,1.19E-04,2.46E-04,2.45E-04,3.94E-05
0.8807,1.20E-04,1.19E-04,2.46E-04,2.46E-04,3.94E-05
0.8809,1.20E-04,1.20E-04,2.46E-04,2.46E-04,3.94E-05
0.8811,1.20E-04,1.20E-04,2.47E-04,2.46E-04,3.94E-05
0.8813,1.20E-04,1.20E-04,2.47E-04,2.46E-04,3.94E-05
0.8815,1.20E-04,1.20E-04,2.47E-04,2.46E-04,3.94E-05
0.8817,1.20E-04,1.20E-04,2.47E-04,2.46E-04,3.94E-05
0.8819,1.20E-04,1.20E-04,2.47E-04,2.47E-04,3.94E-05
0.8821,1.20E-04,1.20E-04,2.47E-04,2.47E-04,3.94E-05
0.8823,1.20E-04,1.20E-04,2.48E-04,2.47E-04,3.94E-05
0.8825,1.21E-04,1.20E-04,2.48E-04,2.47E-04,3.94E-05
0.8827,1.21E-04,1.21E-04,2.48E-04,2.47E-04,3.94E-05
0.8829,1.21E-04,1.21E-04,2.48E-04,2.47E-04,3.94E-05
0.8831,1.21E-04,1.21E-04,2.48E-04,2.47E-04,3.94E-05
0.8833,1.21E-04,1.21E-04,2.48E-04,2.48E-04,3.94E-05
0.8835,1.21E-04,1.21E-04,2.49E-04,2.48E-04,3.94E-05
0.8837,1.21E-04,1.21E-04,2.49E-04,2.48E-04,3.94E-05
0.8839,1.21E-04,1.21E-04,2.49E-04,2.48E-04,3.94E-05
0.8841,1.21E-04,1.21E-04,2.49E-04,2.48E-04,3.94E-05
0.8843,1.22E-04,1.21E-04,2.49E-04,2.49E-04,3.94E-05
0.8845,1.22E-04,1.22E-04,2.49E-04,2.49E-04,3.94E-05
0.8847,1.22E-04,1.22E-04,2.50E-04,2.49E-04,3.94E-05
0.8849,1.22E-04,1.22E-04,2.50E-04,2.49E-04,3.94E-05
0.8851,1.22E-04,1.22E-04,2.50E-04,2.49E-04,3.94E-05
0.8853,1.22E-04,1.22E-04,2.50E-04,2.49E-04,3.94E-05
0.8855,1.22E-04,1.22E-04,2.50E-04,2.50E-04,3.94E-05
0.8857,1.22E-04,1.22E-04,2.50E-04,2.50E-04,3.94E-05
0.8859,1.23E-04,1.22E-04,2.51E-04,2.50E-04,3.94E-05
0.8861,1.23E-04,1.23E-04,2.51E-04,2.50E-04,3.94E-05
0.8863,1.23E-04,1.23E-04,2.51E-04,2.50E-04,3.94E-05
0.8865,1.23E-04,1.23E-04,2.51E-04,2.50E-04,3.94E-05
0.8867,1.23E-04,1.23E-04,2.51E-04,2.51E-04,3.94E-05
0.8869,1.23E-04,1.23E-04,2.51E-04,2.51E-04,3.94E-05
0.8871,1.23E-04,1.23E-04,2.52E-04,2.51E-04,3.94E-05
0.8873,1.23E-04,1.23E-04,2.52E-04,2.51E-04,3.94E-05
0.8875,1.23E-04,1.23E-04,2.52E-04,2.51E-04,3.94E-05
0.8877,1.24E-04,1.23E-04,2.52E-04,2.51E-04,3.94E-05
0.8879,1.24E-04,1.24E-04,2.52E-04,2.52E-04,3.94E-05
0.8881,1.24E-04,1.24E-04,2.52E-04,2.52E-04,3.94E-05
0.8883,1.24E-04,1.24E-04,2.53E-04,2.52E-04,3.94E-05
0.8885,1.24E-04,1.24E-04,2.53E-04,2.52E-04,3.94E-05
0.8887,1.24E-04,1.24E-04,2.53E-04,2.52E-04,3.94E-05
0.8889,1.24E-04,1.24E-04,2.53E-04,2.53E-04,3.94E-05
0.8891,1.24E-04,1.24E-04,2.53E-04,2.53E-04,3.94E-05
0.8893,1.25E-04,1.24E-04,2.53E-04,2.53E-04,3.94E-05
0.8895,1.25E-04,1.25E-04,2.54E-04,2.53E-04,3.94E-05
0.8897,1.25E-04,1.25E-04,2.54E-04,2.53E-04,3.94E-05
0.8899,1.25E-04,1.25E-04,2.54E-04,2.53E-04,3.94E-05
0.8901,1.25E-04,1.25E-04,2.54E-04,2.54E-04,3.94E-05
0.8903,1.25E-04,1.25E-04,2.54E-04,2.54E-04,3.94E-05
0.8905,1.25E-04,1.25E-04,2.55E-04,2.54E-04,3.95E-05
0.8907,1.25E-04,1.25E-04,2.55E-04,2.54E-04,3.95E-05
0.8909,1.26E-04,1.25E-04,2.55E-04,2.54E-04,3.95E-05
0.8911,1.26E-04,1.26E-04,2.55E-04,2.55E-04,3.95E-05
0.8913,1.26E-04,1.26E-04,2.55E-04,2.55E-04,3.95E-05
0.8915,1.26E-04,1.26E-04,2.55E-04,2.55E-04,3.95E-05
0.8917,1.26E-04,1.26E-04,2.56E-04,2.55E-04,3.95E-05
0.8919,1.26E-04,1.26E-04,2.56E-04,2.55E-04,3.95E-05
0.8921,1.26E-04,1.26E-04,2.56E-04,2.55E-04,3.95E-05
0.8923,1.26E-04,1.26E-04,2.56E-04,2.56E-04,3.95E-05
0.8925,1.27E-04,1.26E-04,2.56E-04,2.56E-04,3.95E-05
0.8927,1.27E-04,1.27E-04,2.57E-04,2.56E-04,3.95E-05
0.8929,1.27E-04,1.27E-04,2.57E-04,2.56E-04,3.95E-05
0.8931,1.27E-04,1.27E-04,2.57E-04,2.56E-04,3.95E-05
0.8933,1.27E-04,1.27E-04,2.57E-04,2.57E-04,3.95E-05
0.8935,1.27E-04,1.27E-04,2.57E-04,2.57E-04,3.95E-05
0.8937,1.27E-04,1.27E-04,2.58E-04,2.57E-04,3.95E-05
0.8939,1.27E-04,1.27E-04,2.58E-04,2.57E-04,3.95E-05
0.8941,1.28E-04,1.28E-04,2.58E-04,2.57E-04,3.95E-05
0.8943,1.28E-04,1.28E-04,2.58E-04,2.58E-04,3.95E-05
0.8945,1.28E-04,1.28E-04,2.58E-04,2.58E-04,3.95E-05
0.8947,1.28E-04,1.28E-04,2.58E-04,2.58E-04,3.96E-05
0.8949,1.28E-04,1.28E-04,2.59E-04,2.58E-04,3.96E-05
0.8951,1.28E-04,1.28E-04,2.59E-04,2.58E-04,3.96E-05
0.8953,1.28E-04,1.28E-04,2.59E-04,2.59E-04,3.96E-05
0.8955,1.29E-04,1.28E-04,2.59E-04,2.59E-04,3.96E-05
0.8957,1.29E-04,1.29E-04,2.59E-04,2.59E-04,3.96E-05
0.8959,1.29E-04,1.29E-04,2.60E-04,2.59E-04,3.96E-05
0.8961,1.29E-04,1.29E-04,2.60E-04,2.59E-04,3.96E-05
0.8963,1.29E-04,1.29E-04,2.60E-04,2.60E-04,3.96E-05
0.8965,1.29E-04,1.29E-04,2.60E-04,2.60E-04,3.96E-05
0.8967,1.29E-04,1.29E-04,2.60E-04,2.60E-04,3.96E-05
0.8969,1.29E-04,1.29E-04,2.61E-04,2.60E-04,3.97E-05
0.8971,1.30E-04,1.29E-04,2.61E-04,2.60E-04,3.97E-05
0.8973,1.30E-04,1.30E-04,2.61E-04,2.61E-04,3.97E-05
0.8975,1.30E-04,1.30E-04,2.61E-04,2.61E-04,3.97E-05
0.8977,1.30E-04,1.30E-04,2.61E-04,2.61E-04,3.97E-05
0.8979,1.30E-04,1.30E-04,2.62E-04,2.61E-04,3.97E-05
0.8981,1.30E-04,1.30E-04,2.62E-04,2.61E-04,3.97E-05
0.8983,1.30E-04,1.30E-04,2.62E-04,2.62E-04,3.97E-05
0.8985,1.31E-04,1.30E-04,2.62E-04,2.62E-04,3.97E-05
0.8987,1.31E-04,1.31E-04,2.62E-04,2.62E-04,3.98E-05
0.8989,1.31E-04,1.31E-04,2.63E-04,2.62E-04,3.98E-05
0.8991,1.31E-04,1.31E-04,2.63E-04,2.62E-04,3.98E-05
0.8993,1.31E-04,1.31E-04,2.63E-04,2.63E-04,3.98E-05
0.8995,1.31E-04,1.31E-04,2.63E-04,2.63E-04,3.98E-05
0.8997,1.31E-04,1.31E-04,2.63E-04,2.63E-04,3.98E-05
0.8999,1.31E-04,1.31E-04,2.64E-04,2.63E-04,3.98E-05
0.9001,1.32E-04,1.32E-04,2.64E-04,2.64E-04,3.98E-05
0.9003,1.32E-04,1.32E-04,2.64E-04,2.64E-04,3.99E-05
0.9005,1.32E-04,1.32E-04,2.64E-04,2.64E-04,3.99E-05
0.9007,1.32E-04,1.32E-04,2.65E-04,2.64E-04,3.99E-05
0.9009,1.32E-04,1.32E-04,2.65E-04,2.64E-04,3.99E-05
0.9011,1.32E-04,1.32E-04,2.65E-04,2.65E-04,3.99E-05
0.9013,1.32E-04,1.32E-04,2.65E-04,2.65E-04,3.99E-05
0.9015,1.33E-04,1.33E-04,2.65E-04,2.65E-04,4.00E-05
0.9017,1.33E-04,1.33E-04,2.66E-04,2.65E-04,4.00E-05
0.9019,1.33E-04,1.33E-04,2.66E-04,2.65E-04,4.00E-05
0.9021,1.33E-04,1.33E-04,2.66E-04,2.66E-04,4.00E-05
0.9023,1.33E-04,1.33E-04,2.66E-04,2.66E-04,4.00E-05
0.9025,1.33E-04,1.33E-04,2.66E-04,2.66E-04,4.00E-05
0.9027,1.33E-04,1.33E-04,2.67E-04,2.66E-04,4.01E-05
0.9029,1.34E-04,1.34E-04,2.67E-04,2.67E-04,4.01E-05
0.9031,1.34E-04,1.34E-04,2.67E-04,2.67E-04,4.01E-05
0.9033,1.34E-04,1.34E-04,2.67E-04,2.67E-04,4.01E-05
0.9035,1.34E-04,1.34E-04,2.68E-04,2.67E-04,4.01E-05
0.9037,1.34E-04,1.34E-04,2.68E-04,2.67E-04,4.02E-05
0.9039,1.34E-04,1.34E-04,2.68E-04,2.68E-04,4.02E-05
0.9041,1.34E-04,1.34E-04,2.68E-04,2.68E-04,4.02E-05
0.9043,1.35E-04,1.35E-04,2.68E-04,2.68E-04,4.02E-05
0.9045,1.35E-04,1.35E-04,2.69E-04,2.68E-04,4.02E-05
0.9047,1.35E-04,1.35E-04,2.69E-04,2.69E-04,4.03E-05
0.9049,1.35E-04,1.35E-04,2.69E-04,2.69E-04,4.03E-05
0.9051,1.35E-04,1.35E-04,2.69E-04,2.69E-04,4.03E-05
0.9053,1.35E-04,1.35E-04,2.70E-04,2.69E-04,4.03E-05
0.9055,1.35E-04,1.35E-04,2.70E-04,2.70E-04,4.03E-05
0.9057,1.36E-04,1.36E-04,2.70E-04,2.70E-04,4.04E-05
0.9059,1.36E-04,1.36E-04,2.70E-04,2.70E-04,4.04E-05
0.9061,1.36E-04,1.36E-04,2.71E-04,2.70E-04,4.04E-05
0.9063,1.36E-04,1.36E-04,2.71E-04,2.70E-04,4.04E-05
0.9065,1.36E-04,1.36E-04,2.71E-04,2.71E-04,4.04E-05
0.9067,1.36E-04,1.36E-04,2.71E-04,2.71E-04,4.05E-05
0.9069,1.37E-04,1.36E-04,2.71E-04,2.71E-04,4.05E-05
0.9071,1.37E-04,1.37E-04,2.72E-04,2.71E-04,4.05E-05
0.9073,1.37E-04,1.37E-04,2.72E-04,2.72E-04,4.05E-05
0.9075,1.37E-04,1.37E-04,2.72E-04,2.72E-04,4.06E-05
0.9077,1.37E-04,1.37E-04,2.72E-04,2.72E-04,4.06E-05
0.9079,1.37E-04,1.37E-04,2.73E-04,2.72E-04,4.06E-05
0.9081,1.37E-04,1.37E-04,2.73E-04,2.73E-04,4.06E-05
0.9083,1.38E-04,1.38E-04,2.73E-04,2.73E-04,4.07E-05
0.9085,1.38E-04,1.38E-04,2.73E-04,2.73E-04,4.07E-05
0.9087,1.38E-04,1.38E-04,2.74E-04,2.73E-04,4.07E-05
0.9089,1.38E-04,1.38E-04,2.74E-04,2.74E-04,4.07E-05
0.9091,1.38E-04,1.38E-04,2.74E-04,2.74E-04,4.08E-05
0.9093,1.38E-04,1.38E-04,2.74E-04,2.74E-04,4.08E-05
0.9095,1.38E-04,1.38E-04,2.75E-04,2.74E-04,4.08E-05
0.9097,1.39E-04,1.39E-04,2.75E-04,2.75E-04,4.08E-05
0.9099,1.39E-04,1.39E-04,2.75E-04,2.75E-04,4.09E-05
0.9101,1.39E-04,1.39E-04,2.75E-04,2.75E-04,4.09E-05
0.9103,1.39E-04,1.39E-04,2.76E-04,2.75E-04,4.09E-05
0.9105,1.39E-04,1.39E-04,2.76E-04,2.76E-04,4.09E-05
0.9107,1.39E-04,1.39E-04,2.76E-04,2.76E-04,4.10E-05
0.9109,1.40E-04,1.40E-04,2.76E-04,2.76E-04,4.10E-05
0.9111,1.40E-04,1.40E-04,2.77E-04,2.76E-04,4.10E-05
0.9113,1.40E-04,1.40E-04,2.77E-04,2.77E-04,4.10E-05
0.9115,1.40E-04,1.40E-04,2.77E-04,2.77E-04,4.11E-05
0.9117,1.40E-04,1.40E-04,2.77E-04,2.77E-04,4.11E-05
0.9119,1.40E-04,1.40E-04,2.78E-04,2.77E-04,4.11E-05
0.9121,1.41E-04,1.40E-04,2.78E-04,2.78E-04,4.11E-05
0.9123,1.41E-04,1.41E-04,2.78E-04,2.78E-04,4.12E-05
0.9125,1.41E-04,1.41E-04,2.78E-04,2.78E-04,4.12E-05
0.9127,1.41E-04,1.41E-04,2.79E-04,2.78E-04,4.12E-05
0.9129,1.41E-04,1.41E-04,2.79E-04,2.79E-04,4.12E-05
0.9131,1.41E-04,1.41E-04,2.79E-04,2.79E-04,4.13E-05
0.9133,1.42E-04,1.41E-04,2.79E-04,2.79E-04,4.13E-05
0.9135,1.42E-04,1.42E-04,2.80E-04,2.79E-04,4.13E-05
0.9137,1.42E-04,1.42E-04,2.80E-04,2.80E-04,4.13E-05
0.9139,1.42E-04,1.42E-04,2.80E-04,2.80E-04,4.14E-05
0.9141,1.42E-04,1.42E-04,2.80E-04,2.80E-04,4.14E-05
0.9143,1.42E-04,1.42E-04,2.81E-04,2.80E-04,4.14E-05
0.9145,1.43E-04,1.42E-04,2.81E-04,2.81E-04,4.15E-05
0.9147,1.43E-04,1.43E-04,2.81E-04,2.81E-04,4.15E-05
0.9149,1.43E-04,1.43E-04,2.81E-04,2.81E-04,4.15E-05
0.9151,1.43E-04,1.43E-04,2.82E-04,2.82E-04,4.15E-05
0.9153,1.43E-04,1.43E-04,2.82E-04,2.82E-04,4.16E-05
0.9155,1.43E-04,1.43E-04,2.82E-04,2.82E-04,4.16E-05
0.9157,1.44E-04,1.43E-04,2.83E-04,2.82E-04,4.16E-05
0.9159,1.44E-04,1.44E-04,2.83E-04,2.83E-04,4.16E-05
0.9161,1.44E-04,1.44E-04,2.83E-04,2.83E-04,4.17E-05
0.9163,1.44E-04,1.44E-04,2.83E-04,2.83E-04,4.17E-05
0.9165,1.44E-04,1.44E-04,2.84E-04,2.83E-04,4.17E-05
0.9167,1.44E-04,1.44E-04,2.84E-04,2.84E-04,4.17E-05
0.9169,1.45E-04,1.44E-04,2.84E-04,2.84E-04,4.18E-05
0.9171,1.45E-04,1.45E-04,2.84E-04,2.84E-04,4.18E-05
0.9173,1.45E-04,1.45E-04,2.85E-04,2.85E-04,4.18E-05
0.9175,1.45E-04,1.45E-04,2.85E-04,2.85E-04,4.19E-05
0.9177,1.45E-04,1.45E-04,2.85E-04,2.85E-04,4.19E-05
0.9179,1.45E-04,1.45E-04,2.86E-04,2.85E-04,4.19E-05
0.9181,1.46E-04,1.46E-04,2.86E-04,2.86E-04,4.19E-05
0.9183,1.46E-04,1.46E-04,2.86E-04,2.86E-04,4.20E-05
0.9185,1.46E-04,1.46E-04,2.86E-04,2.86E-04,4.20E-05
0.9187,1.46E-04,1.46E-04,2.87E-04,2.87E-04,4.20E-05
0.9189,1.46E-04,1.46E-04,2.87E-04,2.87E-04,4.21E-05
0.9191,1.46E-04,1.46E-04,2.87E-04,2.87E-04,4.21E-05
0.9193,1.47E-04,1.47E-04,2.88E-04,2.87E-04,4.21E-05
0.9195,1.47E-04,1.47E-04,2.88E-04,2.88E-04,4.21E-05
0.9197,1.47E-04,1.47E-04,2.88E-04,2.88E-04,4.22E-05
0.9199,1.47E-04,1.47E-04,2.88E-04,2.88E-04,4.22E-05
0.9201,1.47E-04,1.47E-04,2.89E-04,2.89E-04,4.22E-05
0.9203,1.48E-04,1.48E-04,2.89E-04,2.89E-04,4.23E-05
0.9205,1.48E-04,1.48E-04,2.89E-04,2.89E-04,4.23E-05
0.9207,1.48E-04,1.48E-04,2.90E-04,2.90E-04,4.23E-05
0.9209,1.48E-04,1.48E-04,2.90E-04,2.90E-04,4.24E-05
0.9211,1.48E-04,1.48E-04,2.90E-04,2.90E-04,4.24E-05
0.9213,1.48E-04,1.48E-04,2.91E-04,2.90E-04,4.24E-05
0.9215,1.49E-04,1.49E-04,2.91E-04,2.91E-04,4.24E-05
0.9217,1.49E-04,1.49E-04,2.91E-04,2.91E-04,4.25E-05
0.9219,1.49E-04,1.49E-04,2.91E-04,2.91E-04,4.25E-05
0.9221,1.49E-04,1.49E-04,2.92E-04,2.92E-04,4.25E-05
0.9223,1.49E-04,1.49E-04,2.92E-04,2.92E-04,4.26E-05
0.9225,1.50E-04,1.50E-04,2.92E-04,2.92E-04,4.26E-05
0.9227,1.50E-04,1.50E-04,2.93E-04,2.93E-04,4.26E-05
0.9229,1.50E-04,1.50E-04,2.93E-04,2.93E-04,4.27E-05
0.9231,1.50E-04,1.50E-04,2.93E-04,2.93E-04,4.27E-05
0.9233,1.50E-04,1.50E-04,2.94E-04,2.94E-04,4.27E-05
0.9235,1.51E-04,1.50E-04,2.94E-04,2.94E-04,4.28E-05
0.9237,1.51E-04,1.51E-04,2.94E-04,2.94E-04,4.28E-05
0.9239,1.51E-04,1.51E-04,2.95E-04,2.94E-04,4.28E-05
0.9241,1.51E-04,1.51E-04,2.95E-04,2.95E-04,4.29E-05
0.9243,1.51E-04,1.51E-04,2.95E-04,2.95E-04,4.29E-05
0.9245,1.51E-04,1.51E-04,2.96E-04,2.95E-04,4.29E-05
0.9247,1.52E-04,1.52E-04,2.96E-04,2.96E-04,4.30E-05
0.9249,1.52E-04,1.52E-04,2.96E-04,2.96E-04,4.30E-05
0.9251,1.52E-04,1.52E-04,2.97E-04,2.96E-04,4.31E-05
0.9253,1.52E-04,1.52E-04,2.97E-04,2.97E-04,4.31E-05
0.9255,1.52E-04,1.52E-04,2.97E-04,2.97E-04,4.31E-05
0.9257,1.53E-04,1.53E-04,2.97E-04,2.97E-04,4.32E-05
0.9259,1.53E-04,1.53E-04,2.98E-04,2.98E-04,4.32E-05
0.9261,1.53E-04,1.53E-04,2.98E-04,2.98E-04,4.32E-05
0.9263,1.53E-04,1.53E-04,2.98E-04,2.98E-04,4.33E-05
0.9265,1.53E-04,1.53E-04,2.99E-04,2.99E-04,4.33E-05
0.9267,1.54E-04,1.54E-04,2.99E-04,2.99E-04,4.34E-05
0.9269,1.54E-04,1.54E-04,2.99E-04,2.99E-04,4.34E-05
0.9271,1.54E-04,1.54E-04,3.00E-04,3.00E-04,4.34E-05
0.9273,1.54E-04,1.54E-04,3.00E-04,3.00E-04,4.35E-05
0.9275,1.54E-04,1.54E-04,3.00E-04,3.00E-04,4.35E-05
0.9277,1.55E-04,1.55E-04,3.01E-04,3.01E-04,4.36E-05
0.9279,1.55E-04,1.55E-04,3.01E-04,3.01E-04,4.36E-05
0.9281,1.55E-04,1.55E-04,3.01E-04,3.01E-04,4.36E-05
0.9283,1.55E-04,1.55E-04,3.02E-04,3.02E-04,4.37E-05
0.9285,1.55E-04,1.55E-04,3.02E-04,3.02E-04,4.37E-05
0.9287,1.56E-04,1.56E-04,3.03E-04,3.02E-04,4.38E-05
0.9289,1.56E-04,1.56E-04,3.03E-04,3.03E-04,4.38E-05
0.9291,1.56E-04,1.56E-04,3.03E-04,3.03E-04,4.39E-05
0.9293,1.56E-04,1.56E-04,3.04E-04,3.03E-04,4.39E-05
0.9295,1.56E-04,1.56E-04,3.04E-04,3.04E-04,4.39E-05
0.9297,1.57E-04,1.57E-04,3.04E-04,3.04E-04,4.40E-05
0.9299,1.57E-04,1.57E-04,3.05E-04,3.05E-04,4.40E-05
0.9301,1.57E-04,1.57E-04,3.05E-04,3.05E-04,4.41E-05
0.9303,1.57E-04,1.57E-04,3.05E-04,3.05E-04,4.41E-05
0.9305,1.58E-04,1.58E-04,3.06E-04,3.06E-04,4.42E-05
0.9307,1.58E-04,1.58E-04,3.06E-04,3.06E-04,4.42E-05
0.9309,1.58E-04,1.58E-04,3.06E-04,3.06E-04,4.43E-05
0.9311,1.58E-04,1.58E-04,3.07E-04,3.07E-04,4.43E-05
0.9313,1.58E-04,1.58E-04,3.07E-04,3.07E-04,4.44E-05
0.9315,1.59E-04,1.59E-04,3.08E-04,3.07E-04,4.44E-05
0.9317,1.59E-04,1.59E-04,3.08E-04,3.08E-04,4.44E-05
0.9319,1.59E-04,1.59E-04,3.08E-04,3.08E-04,4.45E-05
0.9321,1.59E-04,1.59E-04,3.09E-04,3.09E-04,4.45E-05
0.9323,1.59E-04,1.59E-04,3.09E-04,3.09E-04,4.46E-05
0.9325,1.60E-04,1.60E-04,3.09E-04,3.09E-04,4.46E-05
0.9327,1.60E-04,1.60E-04,3.10E-04,3.10E-04,4.47E-05
0.9329,1.60E-04,1.60E-04,3.10E-04,3.10E-04,4.47E-05
0.9331,1.60E-04,1.60E-04,3.10E-04,3.10E-04,4.48E-05
0.9333,1.61E-04,1.61E-04,3.11E-04,3.11E-04,4.48E-05
0.9335,1.61E-04,1.61E-04,3.11E-04,3.11E-04,4.49E-05
0.9337,1.61E-04,1.61E-04,3.12E-04,3.12E-04,4.49E-05
0.9339,1.61E-04,1.61E-04,3.12E-04,3.12E-04,4.50E-05
0.9341,1.62E-04,1.61E-04,3.12E-04,3.12E-04,4.50E-05
0.9343,1.62E-04,1.62E-04,3.13E-04,3.13E-04,4.51E-05
0.9345,1.62E-04,1.62E-04,3.13E-04,3.13E-04,4.51E-05
0.9347,1.62E-04,1.62E-04,3.14E-04,3.14E-04,4.52E-05
0.9349,1.62E-04,1.62E-04,3.14E-04,3.14E-04,4.53E-05
0.9351,1.63E-04,1.63E-04,3.14E-04,3.14E-04,4.53E-05
0.9353,1.63E-04,1.63E-04,3.15E-04,3.15E-04,4.54E-05
0.9355,1.63E-04,1.63E-04,3.15E-04,3.15E-04,4.54E-05
0.9357,1.63E-04,1.63E-04,3.16E-04,3.16E-04,4.55E-05
0.9359,1.64E-04,1.64E-04,3.16E-04,3.16E-04,4.55E-05
0.9361,1.64E-04,1.64E-04,3.16E-04,3.16E-04,4.56E-05
0.9363,1.64E-04,1.64E-04,3.17E-04,3.17E-04,4.56E-05
0.9365,1.64E-04,1.64E-04,3.17E-04,3.17E-04,4.57E-05
0.9367,1.65E-04,1.65E-04,3.18E-04,3.18E-04,4.57E-05
0.9369,1.65E-04,1.65E-04,3.18E-04,3.18E-04,4.58E-05
0.9371,1.65E-04,1.65E-04,3.18E-04,3.18E-04,4.58E-05
0.9373,1.65E-04,1.65E-04,3.19E-04,3.19E-04,4.59E-05
0.9375,1.66E-04,1.65E-04,3.19E-04,3.19E-04,4.60E-05
0.9377,1.66E-04,1.66E-04,3.20E-04,3.20E-04,4.60E-05
0.9379,1.66E-04,1.66E-04,3.20E-04,3.20E-04,4.61E-05
0.9381,1.66E-04,1.66E-04,3.20E-04,3.20E-04,4.61E-05
0.9383,1.66E-04,1.66E-04,3.21E-04,3.21E-04,4.62E-05
0.9385,1.67E-04,1.67E-04,3.21E-04,3.21E-04,4.62E-05
0.9387,1.67E-04,1.67E-04,3.22E-04,3.22E-04,4.63E-05
0.9389,1.67E-04,1.67E-04,3.22E-04,3.22E-04,4.63E-05
0.9391,1.67E-04,1.67E-04,3.23E-04,3.23E-04,4.64E-05
0.9393,1.68E-04,1.68E-04,3.23E-04,3.23E-04,4.65E-05
0.9395,1.68E-04,1.68E-04,3.23E-04,3.23E-04,4.65E-05
0.9397,1.68E-04,1.68E-04,3.24E-04,3.24E-04,4.66E-05
0.9399,1.68E-04,1.68E-04,3.24E-04,3.24E-04,4.66E-05
0.9401,1.69E-04,1.69E-04,3.25E-04,3.25E-04,4.67E-05
0.9403,1.69E-04,1.69E-04,3.25E-04,3.25E-04,4.67E-05
0.9405,1.69E-04,1.69E-04,3.26E-04,3.26E-04,4.68E-05
0.9407,1.70E-04,1.70E-04,3.26E-04,3.26E-04,4.69E-05
0.9409,1.70E-04,1.70E-04,3.27E-04,3.27E-04,4.69E-05
0.9411,1.70E-04,1.70E-04,3.27E-04,3.27E-04,4.70E-05
0.9413,1.70E-04,1.70E-04,3.27E-04,3.27E-04,4.70E-05
0.9415,1.71E-04,1.71E-04,3.28E-04,3.28E-04,4.71E-05
0.9417,1.71E-04,1.71E-04,3.28E-04,3.28E-04,4.71E-05
0.9419,1.71E-04,1.71E-04,3.29E-04,3.29E-04,4.72E-05
0.9421,1.71E-04,1.71E-04,3.29E-04,3.29E-04,4.73E-05
0.9423,1.72E-04,1.72E-04,3.30E-04,3.30E-04,4.73E-05
0.9425,1.72E-04,1.72E-04,3.30E-04,3.30E-04,4.74E-05
0.9427,1.72E-04,1.72E-04,3.31E-04,3.31E-04,4.74E-05
0.9429,1.72E-04,1.72E-04,3.31E-04,3.31E-04,4.75E-05
0.9431,1.73E-04,1.73E-04,3.32E-04,3.32E-04,4.76E-05
0.9433,1.73E-04,1.73E-04,3.32E-04,3.32E-04,4.76E-05
0.9435,1.73E-04,1.73E-04,3.33E-04,3.33E-04,4.77E-05
0.9437,1.74E-04,1.74E-04,3.33E-04,3.33E-04,4.77E-05
0.9439,1.74E-04,1.74E-04,3.34E-04,3.33E-04,4.78E-05
0.9441,1.74E-04,1.74E-04,3.34E-04,3.34E-04,4.79E-05
0.9443,1.74E-04,1.74E-04,3.34E-04,3.34E-04,4.79E-05
0.9445,1.75E-04,1.75E-04,3.35E-04,3.35E-04,4.80E-05
0.9447,1.75E-04,1.75E-04,3.35E-04,3.35E-04,4.81E-05
0.9449,1.75E-04,1.75E-04,3.36E-04,3.36E-04,4.81E-05
0.9451,1.75E-04,1.75E-04,3.36E-04,3.36E-04,4.82E-05
0.9453,1.76E-04,1.76E-04,3.37E-04,3.37E-04,4.83E-05
0.9455,1.76E-04,1.76E-04,3.37E-04,3.37E-04,4.83E-05
0.9457,1.76E-04,1.76E-04,3.38E-04,3.38E-04,4.84E-05
0.9459,1.77E-04,1.77E-04,3.38E-04,3.38E-04,4.85E-05
0.9461,1.77E-04,1.77E-04,3.39E-04,3.39E-04,4.85E-05
0.9463,1.77E-04,1.77E-04,3.39E-04,3.39E-04,4.86E-05
0.9465,1.78E-04,1.77E-04,3.40E-04,3.40E-04,4.87E-05
0.9467,1.78E-04,1.78E-04,3.40E-04,3.40E-04,4.87E-05
0.9469,1.78E-04,1.78E-04,3.41E-04,3.41E-04,4.88E-05
0.9471,1.78E-04,1.78E-04,3.41E-04,3.41E-04,4.89E-05
0.9473,1.79E-04,1.79E-04,3.42E-04,3.42E-04,4.89E-05
0.9475,1.79E-04,1.79E-04,3.43E-04,3.43E-04,4.90E-05
0.9477,1.79E-04,1.79E-04,3.43E-04,3.43E-04,4.91E-05
0.9479,1.80E-04,1.80E-04,3.44E-04,3.44E-04,4.91E-05
0.9481,1.80E-04,1.80E-04,3.44E-04,3.44E-04,4.92E-05
0.9483,1.80E-04,1.80E-04,3.45E-04,3.45E-04,4.93E-05
0.9485,1.81E-04,1.81E-04,3.45E-04,3.45E-04,4.94E-05
0.9487,1.81E-04,1.81E-04,3.46E-04,3.46E-04,4.94E-05
0.9489,1.81E-04,1.81E-04,3.46E-04,3.46E-04,4.95E-05
0.9491,1.81E-04,1.81E-04,3.47E-04,3.47E-04,4.96E-05
0.9493,1.82E-04,1.82E-04,3.47E-04,3.47E-04,4.97E-05
0.9495,1.82E-04,1.82E-04,3.48E-04,3.48E-04,4.97E-05
0.9497,1.82E-04,1.82E-04,3.48E-04,3.48E-04,4.98E-05
0.9499,1.83E-04,1.83E-04,3.49E-04,3.49E-04,4.99E-05
0.9501,1.83E-04,1.83E-04,3.50E-04,3.50E-04,5.00E-05
0.9503,1.83E-04,1.83E-04,3.50E-04,3.50E-04,5.00E-05
0.9505,1.84E-04,1.84E-04,3.51E-04,3.51E-04,5.01E-05
0.9507,1.84E-04,1.84E-04,3.51E-04,3.51E-04,5.02E-05
0.9509,1.84E-04,1.84E-04,3.52E-04,3.52E-04,5.03E-05
0.9511,1.85E-04,1.85E-04,3.52E-04,3.52E-04,5.04E-05
0.9513,1.85E-04,1.85E-04,3.53E-04,3.53E-04,5.04E-05
0.9515,1.85E-04,1.85E-04,3.54E-04,3.54E-04,5.05E-05
0.9517,1.86E-04,1.86E-04,3.54E-04,3.54E-04,5.06E-05
0.9519,1.86E-04,1.86E-04,3.55E-04,3.55E-04,5.07E-05
0.9521,1.86E-04,1.86E-04,3.55E-04,3.55E-04,5.08E-05
0.9523,1.87E-04,1.87E-04,3.56E-04,3.56E-04,5.09E-05
0.9525,1.87E-04,1.87E-04,3.57E-04,3.57E-04,5.09E-05
0.9527,1.87E-04,1.87E-04,3.57E-04,3.57E-04,5.10E-05
0.9529,1.88E-04,1.88E-04,3.58E-04,3.58E-04,5.11E-05
0.9531,1.88E-04,1.88E-04,3.58E-04,3.58E-04,5.12E-05
0.9533,1.88E-04,1.88E-04,3.59E-04,3.59E-04,5.13E-05
0.9535,1.89E-04,1.89E-04,3.60E-04,3.60E-04,5.14E-05
0.9537,1.89E-04,1.89E-04,3.60E-04,3.60E-04,5.15E-05
0.9539,1.89E-04,1.89E-04,3.61E-04,3.61E-04,5.15E-05
0.9541,1.90E-04,1.90E-04,3.61E-04,3.61E-04,5.16E-05
0.9543,1.90E-04,1.90E-04,3.62E-04,3.62E-04,5.17E-05
0.9545,1.90E-04,1.90E-04,3.63E-04,3.63E-04,5.18E-05
0.9547,1.91E-04,1.91E-04,3.63E-04,3.63E-04,5.19E-05
0.9549,1.91E-04,1.91E-04,3.64E-04,3.64E-04,5.20E-05
0.9551,1.92E-04,1.92E-04,3.65E-04,3.65E-04,5.21E-05
0.9553,1.92E-04,1.92E-04,3.65E-04,3.65E-04,5.22E-05
0.9555,1.92E-04,1.92E-04,3.66E-04,3.66E-04,5.23E-05
0.9557,1.93E-04,1.93E-04,3.67E-04,3.67E-04,5.24E-05
0.9559,1.93E-04,1.93E-04,3.67E-04,3.67E-04,5.25E-05
0.9561,1.93E-04,1.93E-04,3.68E-04,3.68E-04,5.26E-05
0.9563,1.94E-04,1.94E-04,3.69E-04,3.69E-04,5.27E-05
0.9565,1.94E-04,1.94E-04,3.69E-04,3.69E-04,5.27E-05
0.9567,1.95E-04,1.95E-04,3.70E-04,3.70E-04,5.28E-05
0.9569,1.95E-04,1.95E-04,3.71E-04,3.71E-04,5.29E-05
0.9571,1.95E-04,1.95E-04,3.71E-04,3.71E-04,5.30E-05
0.9573,1.96E-04,1.96E-04,3.72E-04,3.72E-04,5.31E-05
0.9575,1.96E-04,1.96E-04,3.73E-04,3.73E-04,5.32E-05
0.9577,1.96E-04,1.96E-04,3.73E-04,3.73E-04,5.33E-05
0.9579,1.97E-04,1.97E-04,3.74E-04,3.74E-04,5.34E-05
0.9581,1.97E-04,1.97E-04,3.75E-04,3.75E-04,5.35E-05
0.9583,1.98E-04,1.98E-04,3.76E-04,3.76E-04,5.36E-05
0.9585,1.98E-04,1.98E-04,3.76E-04,3.76E-04,5.37E-05
0.9587,1.98E-04,1.98E-04,3.77E-04,3.77E-04,5.38E-05
0.9589,1.99E-04,1.99E-04,3.78E-04,3.78E-04,5.39E-05
0.9591,1.99E-04,1.99E-04,3.78E-04,3.78E-04,5.40E-05
0.9593,2.00E-04,2.00E-04,3.79E-04,3.79E-04,5.41E-05
0.9595,2.00E-04,2.00E-04,3.80E-04,3.80E-04,5.42E-05
0.9597,2.01E-04,2.00E-04,3.81E-04,3.81E-04,5.43E-05
0.9599,2.01E-04,2.01E-04,3.81E-04,3.81E-04,5.44E-05
0.9601,2.01E-04,2.01E-04,3.82E-04,3.82E-04,5.45E-05
0.9603,2.02E-04,2.02E-04,3.83E-04,3.83E-04,5.47E-05
0.9605,2.02E-04,2.02E-04,3.84E-04,3.84E-04,5.48E-05
0.9607,2.03E-04,2.03E-04,3.84E-04,3.84E-04,5.49E-05
0.9609,2.03E-04,2.03E-04,3.85E-04,3.85E-04,5.50E-05
0.9611,2.03E-04,2.03E-04,3.86E-04,3.86E-04,5.51E-05
0.9613,2.04E-04,2.04E-04,3.87E-04,3.87E-04,5.52E-05
0.9615,2.04E-04,2.04E-04,3.88E-04,3.88E-04,5.53E-05
0.9617,2.05E-04,2.05E-04,3.88E-04,3.88E-04,5.54E-05
0.9619,2.05E-04,2.05E-04,3.89E-04,3.89E-04,5.55E-05
0.9621,2.06E-04,2.06E-04,3.90E-04,3.90E-04,5.56E-05
0.9623,2.06E-04,2.06E-04,3.91E-04,3.91E-04,5.57E-05
0.9625,2.07E-04,2.07E-04,3.92E-04,3.92E-04,5.59E-05
0.9627,2.07E-04,2.07E-04,3.92E-04,3.92E-04,5.60E-05
0.9629,2.08E-04,2.08E-04,3.93E-04,3.93E-04,5.61E-05
0.9631,2.08E-04,2.08E-04,3.94E-04,3.94E-04,5.62E-05
0.9633,2.08E-04,2.08E-04,3.95E-04,3.95E-04,5.63E-05
0.9635,2.09E-04,2.09E-04,3.96E-04,3.96E-04,5.64E-05
0.9637,2.09E-04,2.09E-04,3.97E-04,3.97E-04,5.66E-05
0.9639,2.10E-04,2.10E-04,3.98E-04,3.98E-04,5.67E-05
0.9641,2.10E-04,2.10E-04,3.98E-04,3.98E-04,5.68E-05
0.9643,2.11E-04,2.11E-04,3.99E-04,3.99E-04,5.69E-05
0.9645,2.11E-04,2.11E-04,4.00E-04,4.00E-04,5.71E-05
0.9647,2.12E-04,2.12E-04,4.01E-04,4.01E-04,5.72E-05
0.9649,2.12E-04,2.12E-04,4.02E-04,4.02E-04,5.73E-05
0.9651,2.13E-04,2.13E-04,4.03E-04,4.03E-04,5.74E-05
0.9653,2.13E-04,2.13E-04,4.04E-04,4.04E-04,5.76E-05
0.9655,2.14E-04,2.14E-04,4.05E-04,4.05E-04,5.77E-05
0.9657,2.14E-04,2.14E-04,4.06E-04,4.06E-04,5.78E-05
0.9659,2.15E-04,2.15E-04,4.06E-04,4.06E-04,5.79E-05
0.9661,2.15E-04,2.15E-04,4.07E-04,4.07E-04,5.81E-05
0.9663,2.16E-04,2.16E-04,4.08E-04,4.08E-04,5.82E-05
0.9665,2.16E-04,2.16E-04,4.09E-04,4.09E-04,5.83E-05
0.9667,2.17E-04,2.17E-04,4.10E-04,4.10E-04,5.85E-05
0.9669,2.17E-04,2.17E-04,4.11E-04,4.11E-04,5.86E-05
0.9671,2.18E-04,2.18E-04,4.12E-04,4.12E-04,5.88E-05
0.9673,2.18E-04,2.18E-04,4.13E-04,4.13E-04,5.89E-05
0.9675,2.19E-04,2.19E-04,4.14E-04,4.14E-04,5.90E-05
0.9677,2.20E-04,2.20E-04,4.15E-04,4.15E-04,5.92E-05
0.9679,2.20E-04,2.20E-04,4.16E-04,4.16E-04,5.93E-05
0.9681,2.21E-04,2.21E-04,4.17E-04,4.17E-04,5.95E-05
0.9683,2.21E-04,2.21E-04,4.18E-04,4.18E-04,5.96E-05
0.9685,2.22E-04,2.22E-04,4.19E-04,4.19E-04,5.98E-05
0.9687,2.22E-04,2.22E-04,4.20E-04,4.20E-04,5.99E-05
0.9689,2.23E-04,2.23E-04,4.21E-04,4.21E-04,6.01E-05
0.9691,2.24E-04,2.24E-04,4.22E-04,4.22E-04,6.02E-05
0.9693,2.24E-04,2.24E-04,4.23E-04,4.23E-04,6.04E-05
0.9695,2.25E-04,2.25E-04,4.24E-04,4.24E-04,6.05E-05
0.9697,2.25E-04,2.25E-04,4.25E-04,4.25E-04,6.07E-05
0.9699,2.26E-04,2.26E-04,4.26E-04,4.26E-04,6.08E-05
0.9701,2.26E-04,2.26E-04,4.27E-04,4.27E-04,6.10E-05
0.9703,2.27E-04,2.27E-04,4.28E-04,4.28E-04,6.12E-05
0.9705,2.28E-04,2.28E-04,4.29E-04,4.29E-04,6.13E-05
0.9707,2.28E-04,2.28E-04,4.31E-04,4.31E-04,6.15E-05
0.9709,2.29E-04,2.29E-04,4.32E-04,4.32E-04,6.16E-05
0.9711,2.30E-04,2.30E-04,4.33E-04,4.33E-04,6.18E-05
0.9713,2.30E-04,2.30E-04,4.34E-04,4.34E-04,6.20E-05
0.9715,2.31E-04,2.31E-04,4.35E-04,4.35E-04,6.21E-05
0.9717,2.31E-04,2.31E-04,4.36E-04,4.36E-04,6.23E-05
0.9719,2.32E-04,2.32E-04,4.37E-04,4.37E-04,6.25E-05
0.9721,2.33E-04,2.33E-04,4.39E-04,4.39E-04,6.27E-05
0.9723,2.33E-04,2.33E-04,4.40E-04,4.40E-04,6.28E-05
0.9725,2.34E-04,2.34E-04,4.41E-04,4.41E-04,6.30E-05
0.9727,2.35E-04,2.35E-04,4.42E-04,4.42E-04,6.32E-05
0.9729,2.36E-04,2.36E-04,4.43E-04,4.43E-04,6.34E-05
0.9731,2.36E-04,2.36E-04,4.45E-04,4.45E-04,6.35E-05
0.9733,2.37E-04,2.37E-04,4.46E-04,4.46E-04,6.37E-05
0.9735,2.38E-04,2.38E-04,4.47E-04,4.47E-04,6.39E-05
0.9737,2.38E-04,2.38E-04,4.48E-04,4.48E-04,6.41E-05
0.9739,2.39E-04,2.39E-04,4.50E-04,4.50E-04,6.43E-05
0.9741,2.40E-04,2.40E-04,4.51E-04,4.51E-04,6.45E-05
0.9743,2.40E-04,2.40E-04,4.52E-04,4.52E-04,6.46E-05
0.9745,2.41E-04,2.41E-04,4.53E-04,4.53E-04,6.48E-05
0.9747,2.42E-04,2.42E-04,4.55E-04,4.55E-04,6.50E-05
0.9749,2.43E-04,2.43E-04,4.56E-04,4.56E-04,6.52E-05
0.9751,2.43E-04,2.43E-04,4.58E-04,4.58E-04,6.54E-05
0.9753,2.44E-04,2.44E-04,4.59E-04,4.59E-04,6.56E-05
0.9755,2.45E-04,2.45E-04,4.60E-04,4.60E-04,6.58E-05
0.9757,2.46E-04,2.46E-04,4.62E-04,4.62E-04,6.60E-05
0.9759,2.47E-04,2.47E-04,4.63E-04,4.63E-04,6.62E-05
0.9761,2.47E-04,2.47E-04,4.65E-04,4.65E-04,6.64E-05
0.9763,2.48E-04,2.48E-04,4.66E-04,4.66E-04,6.66E-05
0.9765,2.49E-04,2.49E-04,4.68E-04,4.68E-04,6.69E-05
0.9767,2.50E-04,2.50E-04,4.69E-04,4.69E-04,6.71E-05
0.9769,2.51E-04,2.51E-04,4.71E-04,4.71E-04,6.73E-05
0.9771,2.52E-04,2.52E-04,4.72E-04,4.72E-04,6.75E-05
0.9773,2.52E-04,2.52E-04,4.74E-04,4.74E-04,6.77E-05
0.9775,2.53E-04,2.53E-04,4.76E-04,4.76E-04,6.80E-05
0.9777,2.54E-04,2.54E-04,4.77E-04,4.77E-04,6.82E-05
0.9779,2.55E-04,2.55E-04,4.79E-04,4.79E-04,6.84E-05
0.9781,2.56E-04,2.56E-04,4.81E-04,4.81E-04,6.87E-05
0.9783,2.57E-04,2.57E-04,4.82E-04,4.82E-04,6.89E-05
0.9785,2.58E-04,2.58E-04,4.84E-04,4.84E-04,6.91E-05
0.9787,2.59E-04,2.59E-04,4.86E-04,4.86E-04,6.94E-05
0.9789,2.59E-04,2.59E-04,4.88E-04,4.88E-04,6.96E-05
0.9791,2.60E-04,2.60E-04,4.89E-04,4.89E-04,6.99E-05
0.9793,2.61E-04,2.61E-04,4.91E-04,4.91E-04,7.01E-05
0.9795,2.62E-04,2.62E-04,4.93E-04,4.93E-04,7.04E-05
0.9797,2.63E-04,2.63E-04,4.95E-04,4.95E-04,7.06E-05
0.9799,2.64E-04,2.64E-04,4.97E-04,4.97E-04,7.09E-05
0.9801,2.65E-04,2.65E-04,4.99E-04,4.99E-04,7.12E-05
0.9803,2.66E-04,2.66E-04,5.01E-04,5.01E-04,7.14E-05
0.9805,2.67E-04,2.67E-04,5.03E-04,5.03E-04,7.17E-05
0.9807,2.68E-04,2.68E-04,5.05E-04,5.05E-04,7.20E-05
0.9809,2.69E-04,2.69E-04,5.07E-04,5.07E-04,7.23E-05
0.9811,2.70E-04,2.70E-04,5.09E-04,5.09E-04,7.25E-05
0.9813,2.71E-04,2.71E-04,5.11E-04,5.11E-04,7.28E-05
0.9815,2.72E-04,2.72E-04,5.13E-04,5.13E-04,7.31E-05
0.9817,2.74E-04,2.74E-04,5.15E-04,5.15E-04,7.34E-05
0.9819,2.75E-04,2.75E-04,5.18E-04,5.18E-04,7.37E-05
0.9821,2.76E-04,2.76E-04,5.20E-04,5.20E-04,7.40E-05
0.9823,2.77E-04,2.77E-04,5.22E-04,5.22E-04,7.43E-05
0.9825,2.78E-04,2.78E-04,5.24E-04,5.24E-04,7.46E-05
0.9827,2.79E-04,2.79E-04,5.27E-04,5.27E-04,7.50E-05
0.9829,2.80E-04,2.80E-04,5.29E-04,5.29E-04,7.53E-05
0.9831,2.82E-04,2.82E-04,5.31E-04,5.31E-04,7.56E-05
0.9833,2.83E-04,2.83E-04,5.34E-04,5.34E-04,7.59E-05
0.9835,2.84E-04,2.84E-04,5.36E-04,5.36E-04,7.63E-05
0.9837,2.85E-04,2.85E-04,5.38E-04,5.38E-04,7.66E-05
0.9839,2.87E-04,2.87E-04,5.41E-04,5.41E-04,7.69E-05
0.9841,2.88E-04,2.88E-04,5.43E-04,5.43E-04,7.73E-05
0.9843,2.89E-04,2.89E-04,5.46E-04,5.46E-04,7.76E-05
0.9845,2.91E-04,2.91E-04,5.48E-04,5.48E-04,7.80E-05
0.9847,2.92E-04,2.92E-04,5.51E-04,5.51E-04,7.84E-05
0.9849,2.94E-04,2.94E-04,5.54E-04,5.54E-04,7.87E-05
0.9851,2.95E-04,2.95E-04,5.56E-04,5.56E-04,7.91E-05
0.9853,2.97E-04,2.97E-04,5.59E-04,5.59E-04,7.95E-05
0.9855,2.98E-04,2.98E-04,5.61E-04,5.61E-04,7.99E-05
0.9857,3.00E-04,3.00E-04,5.64E-04,5.64E-04,8.03E-05
0.9859,3.01E-04,3.01E-04,5.67E-04,5.67E-04,8.07E-05
0.9861,3.03E-04,3.03E-04,5.70E-04,5.70E-04,8.11E-05
0.9863,3.05E-04,3.05E-04,5.72E-04,5.72E-04,8.15E-05
0.9865,3.06E-04,3.06E-04,5.75E-04,5.75E-04,8.20E-05
0.9867,3.08E-04,3.08E-04,5.78E-04,5.78E-04,8.24E-05
0.9869,3.10E-04,3.10E-04,5.81E-04,5.81E-04,8.28E-05
0.9871,3.12E-04,3.12E-04,5.84E-04,5.84E-04,8.33E-05
0.9873,3.14E-04,3.14E-04,5.87E-04,5.87E-04,8.38E-05
0.9875,3.16E-04,3.16E-04,5.89E-04,5.89E-04,8.42E-05
0.9877,3.18E-04,3.18E-04,5.93E-04,5.93E-04,8.47E-05
0.9879,3.20E-04,3.20E-04,5.96E-04,5.96E-04,8.52E-05
0.9881,3.22E-04,3.22E-04,5.99E-04,5.99E-04,8.57E-05
0.9883,3.24E-04,3.24E-04,6.02E-04,6.02E-04,8.62E-05
0.9885,3.26E-04,3.26E-04,6.05E-04,6.05E-04,8.67E-05
0.9887,3.28E-04,3.28E-04,6.08E-04,6.08E-04,8.73E-05
0.9889,3.31E-04,3.31E-04,6.12E-04,6.12E-04,8.78E-05
0.9891,3.33E-04,3.33E-04,6.15E-04,6.15E-04,8.84E-05
0.9893,3.35E-04,3.35E-04,6.19E-04,6.19E-04,8.90E-05
0.9895,3.38E-04,3.38E-04,6.22E-04,6.22E-04,8.96E-05
0.9897,3.40E-04,3.40E-04,6.26E-04,6.26E-04,9.02E-05
0.9899,3.43E-04,3.43E-04,6.30E-04,6.30E-04,9.08E-05
0.9901,3.46E-04,3.46E-04,6.34E-04,6.34E-04,9.14E-05
0.9903,3.48E-04,3.48E-04,6.38E-04,6.38E-04,9.21E-05
0.9905,3.51E-04,3.51E-04,6.42E-04,6.42E-04,9.28E-05
0.9907,3.54E-04,3.54E-04,6.47E-04,6.47E-04,9.35E-05
0.9909,3.57E-04,3.57E-04,6.52E-04,6.52E-04,9.42E-05
0.9911,3.59E-04,3.59E-04,6.57E-04,6.57E-04,9.49E-05
0.9913,3.62E-04,3.62E-04,6.62E-04,6.62E-04,9.57E-05
0.9915,3.65E-04,3.65E-04,6.68E-04,6.68E-04,9.65E-05
0.9917,3.68E-04,3.68E-04,6.74E-04,6.74E-04,9.73E-05
0.9919,3.71E-04,3.71E-04,6.80E-04,6.80E-04,9.81E-05
0.9921,3.74E-04,3.74E-04,6.87E-04,6.87E-04,9.89E-05
0.9923,3.77E-04,3.77E-04,6.94E-04,6.94E-04,9.98E-05
0.9925,3.80E-04,3.80E-04,7.02E-04,7.02E-04,1.01E-04
0.9927,3.83E-04,3.83E-04,7.11E-04,7.11E-04,1.02E-04
0.9929,3.86E-04,3.86E-04,7.20E-04,7.20E-04,1.03E-04
0.9931,3.90E-04,3.90E-04,7.30E-04,7.30E-04,1.04E-04
0.9933,3.93E-04,3.93E-04,7.41E-04,7.41E-04,1.05E-04
0.9935,3.96E-04,3.96E-04,7.53E-04,7.53E-04,1.06E-04
0.9937,3.99E-04,3.99E-04,7.65E-04,7.65E-04,1.07E-04
0.9939,4.03E-04,4.03E-04,7.79E-04,7.79E-04,1.08E-04
0.9941,4.06E-04,4.06E-04,7.93E-04,7.93E-04,1.09E-04
0.9943,4.10E-04,4.10E-04,8.08E-04,8.08E-04,1.10E-04
0.9945,4.14E-04,4.14E-04,8.25E-04,8.25E-04,1.11E-04
0.9947,4.19E-04,4.19E-04,8.42E-04,8.42E-04,1.12E-04
0.9949,4.24E-04,4.24E-04,8.60E-04,8.60E-04,1.14E-04
0.9951,4.30E-04,4.30E-04,8.79E-04,8.79E-04,1.15E-04
0.9953,4.36E-04,4.36E-04,8.98E-04,8.98E-04,1.16E-04
0.9955,4.44E-04,4.44E-04,9.18E-04,9.18E-04,1.17E-04
0.9957,4.52E-04,4.52E-04,9.38E-04,9.38E-04,1.19E-04
0.9959,4.61E-04,4.61E-04,9.57E-04,9.57E-04,1.20E-04
0.9961,4.72E-04,4.72E-04,9.76E-04,9.76E-04,1.22E-04
0.9963,4.84E-04,4.84E-04,9.95E-04,9.95E-04,1.24E-04
0.9965,4.98E-04,4.98E-04,1.01E-03,1.01E-03,1.26E-04
0.9967,5.14E-04,5.14E-04,1.03E-03,1.03E-03,1.28E-04
0.9969,5.31E-04,5.31E-04,1.04E-03,1.04E-03,1.31E-04
0.9971,5.52E-04,5.52E-04,1.06E-03,1.06E-03,1.34E-04
0.9973,5.75E-04,5.75E-04,1.07E-03,1.07E-03,1.39E-04
0.9975,6.03E-04,6.03E-04,1.09E-03,1.09E-03,1.44E-04
0.9977,6.36E-04,6.36E-04,1.11E-03,1.11E-03,1.51E-04
0.9979,6.77E-04,6.77E-04,1.13E-03,1.13E-03,1.60E-04
0.9981,7.25E-04,7.25E-04,1.16E-03,1.16E-03,1.71E-04
0.9983,7.83E-04,7.83E-04,1.19E-03,1.19E-03,1.86E-04
0.9985,8.47E-04,8.47E-04,1.23E-03,1.23E-03,2.06E-04
0.9987,9.14E-04,9.14E-04,1.27E-03,1.27E-03,2.30E-04
0.9989,9.72E-04,9.72E-04,1.29E-03,1.29E-03,2.61E-04
0.9991,1.00E-03,1.00E-03,1.27E-03,1.27E-03,2.96E-04
0.9993,9.71E-04,9.71E-04,1.18E-03,1.18E-03,3.30E-04
0.9995,8.34E-04,8.34E-04,9.74E-04,9.74E-04,3.38E-04
0.9997,5.33E-04,5.33E-04,5.99E-04,5.99E-04,2.64E-04
0.9999,6.11E-05,6.11E-05,7.72E-05,7.72E-05,1.23E-05
