R,LDG,LDGQ,LDP,LDPQ,WD
0.0001,1.72E-04,1.16E-05,8.39E-03,1.88E-05,1.45E-05
0.0003,2.52E-04,1.54E-05,1.25E-02,3.22E-05,2.25E-05
0.0005,2.25E-04,1.14E-05,1.13E-02,3.85E-05,2.30E-05
0.0007,2.34E-04,9.28E-06,1.18E-02,5.11E-05,2.86E-05
0.0009,2.25E-04,7.44E-06,1.14E-02,6.25E-05,3.37E-05
0.0011,2.28E-04,6.36E-06,1.15E-02,7.57E-05,4.04E-05
0.0013,2.24E-04,5.43E-06,1.13E-02,8.81E-05,4.65E-05
0.0015,2.25E-04,4.89E-06,1.13E-02,1.01E-04,5.33E-05
0.0017,2.23E-04,4.37E-06,1.12E-02,1.14E-04,5.97E-05
0.0019,2.24E-04,4.01E-06,1.12E-02,1.27E-04,6.65E-05
0.0021,2.22E-04,3.60E-06,1.11E-02,1.40E-04,7.30E-05
0.0023,2.23E-04,3.26E-06,1.11E-02,1.53E-04,7.97E-05
0.0025,2.22E-04,2.95E-06,1.10E-02,1.66E-04,8.62E-05
0.0027,2.22E-04,2.74E-06,1.10E-02,1.79E-04,9.29E-05
0.0029,2.22E-04,2.52E-06,1.10E-02,1.92E-04,9.94E-05
0.0031,2.22E-04,2.39E-06,1.09E-02,2.05E-04,1.06E-04
0.0033,2.21E-04,2.20E-06,1.09E-02,2.18E-04,1.12E-04
0.0035,2.22E-04,2.08E-06,1.09E-02,2.31E-04,1.19E-04
0.0037,2.21E-04,1.93E-06,1.08E-02,2.44E-04,1.26E-04
0.0039,2.21E-04,1.84E-06,1.08E-02,2.57E-04,1.32E-04
0.0041,2.21E-04,1.71E-06,1.08E-02,2.70E-04,1.38E-04
0.0043,2.21E-04,1.64E-06,1.07E-02,2.83E-04,1.45E-04
0.0045,2.21E-04,1.55E-06,1.07E-02,2.95E-04,1.51E-04
0.0047,2.21E-04,1.48E-06,1.07E-02,3.08E-04,1.58E-04
0.0049,2.21E-04,1.40E-06,1.06E-02,3.21E-04,1.64E-04
0.0051,2.21E-04,1.35E-06,1.06E-02,3.34E-04,1.70E-04
0.0053,2.21E-04,1.29E-06,1.06E-02,3.46E-04,1.77E-04
0.0055,2.21E-04,1.25E-06,1.05E-02,3.59E-04,1.83E-04
0.0057,2.20E-04,1.20E-06,1.05E-02,3.72E-04,1.89E-04
0.0059,2.21E-04,1.16E-06,1.05E-02,3.84E-04,1.95E-04
0.0061,2.20E-04,1.12E-06,1.04E-02,3.97E-04,2.02E-04
0.0063,2.20E-04,1.09E-06,1.04E-02,4.10E-04,2.08E-04
0.0065,2.20E-04,1.05E-06,1.04E-02,4.22E-04,2.14E-04
0.0067,2.20E-04,1.02E-06,1.03E-02,4.35E-04,2.20E-04
0.0069,2.20E-04,9.84E-07,1.03E-02,4.47E-04,2.26E-04
0.0071,2.20E-04,9.63E-07,1.03E-02,4.60E-04,2.32E-04
0.0073,2.20E-04,9.30E-07,1.02E-02,4.72E-04,2.38E-04
0.0075,2.20E-04,9.12E-07,1.02E-02,4.85E-04,2.44E-04
0.0077,2.20E-04,8.82E-07,1.02E-02,4.97E-04,2.50E-04
0.0079,2.20E-04,8.66E-07,1.02E-02,5.10E-04,2.56E-04
0.0081,2.20E-04,8.39E-07,1.01E-02,5.22E-04,2.62E-04
0.0083,2.20E-04,8.25E-07,1.01E-02,5.34E-04,2.68E-04
0.0085,2.20E-04,8.00E-07,1.01E-02,5.46E-04,2.74E-04
0.0087,2.20E-04,7.88E-07,1.00E-02,5.59E-04,2.80E-04
0.0089,2.19E-04,7.65E-07,9.99E-03,5.71E-04,2.86E-04
0.0091,2.19E-04,7.55E-07,9.97E-03,5.83E-04,2.92E-04
0.0093,2.19E-04,7.34E-07,9.94E-03,5.95E-04,2.98E-04
0.0095,2.19E-04,7.24E-07,9.91E-03,6.07E-04,3.03E-04
0.0097,2.19E-04,7.05E-07,9.88E-03,6.19E-04,3.09E-04
0.0099,2.19E-04,6.96E-07,9.85E-03,6.31E-04,3.15E-04
0.0101,2.19E-04,6.78E-07,9.82E-03,6.43E-04,3.21E-04
0.0103,2.19E-04,6.70E-07,9.79E-03,6.55E-04,3.26E-04
0.0105,2.19E-04,6.54E-07,9.76E-03,6.67E-04,3.32E-04
0.0107,2.19E-04,6.46E-07,9.73E-03,6.79E-04,3.38E-04
0.0109,2.19E-04,6.32E-07,9.71E-03,6.91E-04,3.43E-04
0.0111,2.19E-04,6.25E-07,9.68E-03,7.03E-04,3.49E-04
0.0113,2.18E-04,6.12E-07,9.65E-03,7.15E-04,3.54E-04
0.0115,2.18E-04,6.05E-07,9.62E-03,7.26E-04,3.60E-04
0.0117,2.18E-04,5.93E-07,9.59E-03,7.38E-04,3.65E-04
0.0119,2.18E-04,5.86E-07,9.56E-03,7.50E-04,3.71E-04
0.0121,2.18E-04,5.76E-07,9.54E-03,7.61E-04,3.76E-04
0.0123,2.18E-04,5.69E-07,9.51E-03,7.73E-04,3.82E-04
0.0125,2.18E-04,5.60E-07,9.48E-03,7.85E-04,3.87E-04
0.0127,2.18E-04,5.54E-07,9.45E-03,7.96E-04,3.93E-04
0.0129,2.18E-04,5.45E-07,9.43E-03,8.08E-04,3.98E-04
0.0131,2.18E-04,5.39E-07,9.40E-03,8.19E-04,4.03E-04
0.0133,2.18E-04,5.32E-07,9.37E-03,8.30E-04,4.09E-04
0.0135,2.18E-04,5.26E-07,9.35E-03,8.42E-04,4.14E-04
0.0137,2.17E-04,5.19E-07,9.32E-03,8.53E-04,4.19E-04
0.0139,2.17E-04,5.14E-07,9.29E-03,8.64E-04,4.25E-04
0.0141,2.17E-04,5.08E-07,9.27E-03,8.76E-04,4.30E-04
0.0143,2.17E-04,5.03E-07,9.24E-03,8.87E-04,4.35E-04
0.0145,2.17E-04,4.97E-07,9.21E-03,8.98E-04,4.40E-04
0.0147,2.17E-04,4.93E-07,9.19E-03,9.09E-04,4.46E-04
0.0149,2.17E-04,4.88E-07,9.16E-03,9.20E-04,4.51E-04
0.0151,2.17E-04,4.84E-07,9.13E-03,9.31E-04,4.56E-04
0.0153,2.17E-04,4.79E-07,9.11E-03,9.42E-04,4.61E-04
0.0155,2.16E-04,4.76E-07,9.08E-03,9.53E-04,4.66E-04
0.0157,2.16E-04,4.72E-07,9.06E-03,9.64E-04,4.71E-04
0.0159,2.16E-04,4.68E-07,9.03E-03,9.75E-04,4.76E-04
0.0161,2.16E-04,4.64E-07,9.00E-03,9.86E-04,4.81E-04
0.0163,2.16E-04,4.61E-07,8.98E-03,9.96E-04,4.86E-04
0.0165,2.16E-04,4.58E-07,8.95E-03,1.01E-03,4.91E-04
0.0167,2.16E-04,4.55E-07,8.93E-03,1.02E-03,4.96E-04
0.0169,2.16E-04,4.53E-07,8.90E-03,1.03E-03,5.01E-04
0.0171,2.16E-04,4.50E-07,8.88E-03,1.04E-03,5.06E-04
0.0173,2.15E-04,4.48E-07,8.85E-03,1.05E-03,5.11E-04
0.0175,2.15E-04,4.46E-07,8.83E-03,1.06E-03,5.16E-04
0.0177,2.15E-04,4.44E-07,8.80E-03,1.07E-03,5.21E-04
0.0179,2.15E-04,4.42E-07,8.78E-03,1.08E-03,5.25E-04
0.0181,2.15E-04,4.40E-07,8.75E-03,1.09E-03,5.30E-04
0.0183,2.15E-04,4.39E-07,8.73E-03,1.10E-03,5.35E-04
0.0185,2.15E-04,4.37E-07,8.70E-03,1.11E-03,5.40E-04
0.0187,2.15E-04,4.36E-07,8.68E-03,1.12E-03,5.44E-04
0.0189,2.14E-04,4.35E-07,8.65E-03,1.13E-03,5.49E-04
0.0191,2.14E-04,4.34E-07,8.63E-03,1.14E-03,5.54E-04
0.0193,2.14E-04,4.34E-07,8.61E-03,1.15E-03,5.58E-04
0.0195,2.14E-04,4.33E-07,8.58E-03,1.16E-03,5.63E-04
0.0197,2.14E-04,4.33E-07,8.56E-03,1.17E-03,5.68E-04
0.0199,2.14E-04,4.32E-07,8.53E-03,1.18E-03,5.72E-04
0.0201,2.14E-04,4.32E-07,8.51E-03,1.19E-03,5.77E-04
0.0203,2.14E-04,4.32E-07,8.49E-03,1.20E-03,5.82E-04
0.0205,2.13E-04,4.33E-07,8.46E-03,1.21E-03,5.86E-04
0.0207,2.13E-04,4.33E-07,8.44E-03,1.22E-03,5.91E-04
0.0209,2.13E-04,4.33E-07,8.42E-03,1.23E-03,5.95E-04
0.0211,2.13E-04,4.34E-07,8.39E-03,1.24E-03,6.00E-04
0.0213,2.13E-04,4.35E-07,8.37E-03,1.25E-03,6.04E-04
0.0215,2.13E-04,4.36E-07,8.35E-03,1.26E-03,6.08E-04
0.0217,2.13E-04,4.37E-07,8.32E-03,1.27E-03,6.13E-04
0.0219,2.12E-04,4.38E-07,8.30E-03,1.28E-03,6.17E-04
0.0221,2.12E-04,4.39E-07,8.28E-03,1.29E-03,6.22E-04
0.0223,2.12E-04,4.41E-07,8.25E-03,1.30E-03,6.26E-04
0.0225,2.12E-04,4.42E-07,8.23E-03,1.31E-03,6.30E-04
0.0227,2.12E-04,4.44E-07,8.21E-03,1.32E-03,6.35E-04
0.0229,2.12E-04,4.46E-07,8.18E-03,1.33E-03,6.39E-04
0.0231,2.12E-04,4.48E-07,8.16E-03,1.34E-03,6.43E-04
0.0233,2.11E-04,4.50E-07,8.14E-03,1.34E-03,6.47E-04
0.0235,2.11E-04,4.52E-07,8.12E-03,1.35E-03,6.52E-04
0.0237,2.11E-04,4.55E-07,8.09E-03,1.36E-03,6.56E-04
0.0239,2.11E-04,4.57E-07,8.07E-03,1.37E-03,6.60E-04
0.0241,2.11E-04,4.60E-07,8.05E-03,1.38E-03,6.64E-04
0.0243,2.11E-04,4.63E-07,8.03E-03,1.39E-03,6.68E-04
0.0245,2.10E-04,4.65E-07,8.01E-03,1.40E-03,6.72E-04
0.0247,2.10E-04,4.68E-07,7.98E-03,1.41E-03,6.77E-04
0.0249,2.10E-04,4.71E-07,7.96E-03,1.42E-03,6.81E-04
0.0251,2.10E-04,4.75E-07,7.94E-03,1.43E-03,6.85E-04
0.0253,2.10E-04,4.78E-07,7.92E-03,1.43E-03,6.89E-04
0.0255,2.10E-04,4.81E-07,7.90E-03,1.44E-03,6.93E-04
0.0257,2.09E-04,4.85E-07,7.87E-03,1.45E-03,6.97E-04
0.0259,2.09E-04,4.89E-07,7.85E-03,1.46E-03,7.01E-04
0.0261,2.09E-04,4.92E-07,7.83E-03,1.47E-03,7.05E-04
0.0263,2.09E-04,4.96E-07,7.81E-03,1.48E-03,7.09E-04
0.0265,2.09E-04,5.00E-07,7.79E-03,1.49E-03,7.13E-04
0.0267,2.09E-04,5.04E-07,7.77E-03,1.49E-03,7.17E-04
0.0269,2.08E-04,5.08E-07,7.74E-03,1.50E-03,7.20E-04
0.0271,2.08E-04,5.13E-07,7.72E-03,1.51E-03,7.24E-04
0.0273,2.08E-04,5.17E-07,7.70E-03,1.52E-03,7.28E-04
0.0275,2.08E-04,5.22E-07,7.68E-03,1.53E-03,7.32E-04
0.0277,2.08E-04,5.26E-07,7.66E-03,1.54E-03,7.36E-04
0.0279,2.08E-04,5.31E-07,7.64E-03,1.54E-03,7.40E-04
0.0281,2.07E-04,5.36E-07,7.62E-03,1.55E-03,7.43E-04
0.0283,2.07E-04,5.41E-07,7.60E-03,1.56E-03,7.47E-04
0.0285,2.07E-04,5.46E-07,7.58E-03,1.57E-03,7.51E-04
0.0287,2.07E-04,5.51E-07,7.56E-03,1.58E-03,7.54E-04
0.0289,2.07E-04,5.56E-07,7.54E-03,1.58E-03,7.58E-04
0.0291,2.06E-04,5.61E-07,7.52E-03,1.59E-03,7.62E-04
0.0293,2.06E-04,5.66E-07,7.49E-03,1.60E-03,7.65E-04
0.0295,2.06E-04,5.72E-07,7.47E-03,1.61E-03,7.69E-04
0.0297,2.06E-04,5.77E-07,7.45E-03,1.61E-03,7.73E-04
0.0299,2.06E-04,5.83E-07,7.43E-03,1.62E-03,7.76E-04
0.0301,2.06E-04,5.89E-07,7.41E-03,1.63E-03,7.80E-04
0.0303,2.05E-04,5.95E-07,7.39E-03,1.64E-03,7.83E-04
0.0305,2.05E-04,6.00E-07,7.37E-03,1.64E-03,7.87E-04
0.0307,2.05E-04,6.06E-07,7.35E-03,1.65E-03,7.90E-04
0.0309,2.05E-04,6.12E-07,7.33E-03,1.66E-03,7.94E-04
0.0311,2.05E-04,6.19E-07,7.31E-03,1.67E-03,7.97E-04
0.0313,2.04E-04,6.25E-07,7.29E-03,1.67E-03,8.01E-04
0.0315,2.04E-04,6.31E-07,7.27E-03,1.68E-03,8.04E-04
0.0317,2.04E-04,6.38E-07,7.25E-03,1.69E-03,8.08E-04
0.0319,2.04E-04,6.44E-07,7.23E-03,1.70E-03,8.11E-04
0.0321,2.04E-04,6.51E-07,7.21E-03,1.70E-03,8.15E-04
0.0323,2.03E-04,6.57E-07,7.20E-03,1.71E-03,8.18E-04
0.0325,2.03E-04,6.64E-07,7.18E-03,1.72E-03,8.21E-04
0.0327,2.03E-04,6.71E-07,7.16E-03,1.72E-03,8.25E-04
0.0329,2.03E-04,6.78E-07,7.14E-03,1.73E-03,8.28E-04
0.0331,2.03E-04,6.85E-07,7.12E-03,1.74E-03,8.31E-04
0.0333,2.02E-04,6.92E-07,7.10E-03,1.75E-03,8.35E-04
0.0335,2.02E-04,6.99E-07,7.08E-03,1.75E-03,8.38E-04
0.0337,2.02E-04,7.06E-07,7.06E-03,1.76E-03,8.41E-04
0.0339,2.02E-04,7.13E-07,7.04E-03,1.77E-03,8.44E-04
0.0341,2.02E-04,7.21E-07,7.02E-03,1.77E-03,8.47E-04
0.0343,2.01E-04,7.28E-07,7.00E-03,1.78E-03,8.51E-04
0.0345,2.01E-04,7.35E-07,6.98E-03,1.79E-03,8.54E-04
0.0347,2.01E-04,7.43E-07,6.97E-03,1.79E-03,8.57E-04
0.0349,2.01E-04,7.51E-07,6.95E-03,1.80E-03,8.60E-04
0.0351,2.00E-04,7.58E-07,6.93E-03,1.80E-03,8.63E-04
0.0353,2.00E-04,7.66E-07,6.91E-03,1.81E-03,8.66E-04
0.0355,2.00E-04,7.74E-07,6.89E-03,1.82E-03,8.69E-04
0.0357,2.00E-04,7.82E-07,6.87E-03,1.82E-03,8.72E-04
0.0359,2.00E-04,7.90E-07,6.85E-03,1.83E-03,8.75E-04
0.0361,1.99E-04,7.98E-07,6.84E-03,1.84E-03,8.78E-04
0.0363,1.99E-04,8.06E-07,6.82E-03,1.84E-03,8.81E-04
0.0365,1.99E-04,8.14E-07,6.80E-03,1.85E-03,8.84E-04
0.0367,1.99E-04,8.23E-07,6.78E-03,1.86E-03,8.87E-04
0.0369,1.99E-04,8.31E-07,6.76E-03,1.86E-03,8.90E-04
0.0371,1.98E-04,8.40E-07,6.74E-03,1.87E-03,8.93E-04
0.0373,1.98E-04,8.48E-07,6.73E-03,1.87E-03,8.96E-04
0.0375,1.98E-04,8.57E-07,6.71E-03,1.88E-03,8.99E-04
0.0377,1.98E-04,8.65E-07,6.69E-03,1.89E-03,9.02E-04
0.0379,1.97E-04,8.74E-07,6.67E-03,1.89E-03,9.05E-04
0.0381,1.97E-04,8.83E-07,6.65E-03,1.90E-03,9.08E-04
0.0383,1.97E-04,8.92E-07,6.64E-03,1.90E-03,9.10E-04
0.0385,1.97E-04,9.01E-07,6.62E-03,1.91E-03,9.13E-04
0.0387,1.97E-04,9.10E-07,6.60E-03,1.91E-03,9.16E-04
0.0389,1.96E-04,9.19E-07,6.58E-03,1.92E-03,9.19E-04
0.0391,1.96E-04,9.28E-07,6.57E-03,1.93E-03,9.22E-04
0.0393,1.96E-04,9.37E-07,6.55E-03,1.93E-03,9.24E-04
0.0395,1.96E-04,9.46E-07,6.53E-03,1.94E-03,9.27E-04
0.0397,1.95E-04,9.56E-07,6.51E-03,1.94E-03,9.30E-04
0.0399,1.95E-04,9.65E-07,6.50E-03,1.95E-03,9.32E-04
0.0401,1.95E-04,9.74E-07,6.48E-03,1.95E-03,9.35E-04
0.0403,1.95E-04,9.84E-07,6.46E-03,1.96E-03,9.38E-04
0.0405,1.94E-04,9.94E-07,6.44E-03,1.96E-03,9.40E-04
0.0407,1.94E-04,1.00E-06,6.43E-03,1.97E-03,9.43E-04
0.0409,1.94E-04,1.01E-06,6.41E-03,1.97E-03,9.46E-04
0.0411,1.94E-04,1.02E-06,6.39E-03,1.98E-03,9.48E-04
0.0413,1.93E-04,1.03E-06,6.38E-03,1.98E-03,9.51E-04
0.0415,1.93E-04,1.04E-06,6.36E-03,1.99E-03,9.53E-04
0.0417,1.93E-04,1.05E-06,6.34E-03,1.99E-03,9.56E-04
0.0419,1.93E-04,1.06E-06,6.32E-03,2.00E-03,9.58E-04
0.0421,1.93E-04,1.07E-06,6.31E-03,2.00E-03,9.61E-04
0.0423,1.92E-04,1.08E-06,6.29E-03,2.01E-03,9.63E-04
0.0425,1.92E-04,1.09E-06,6.27E-03,2.01E-03,9.66E-04
0.0427,1.92E-04,1.10E-06,6.26E-03,2.02E-03,9.68E-04
0.0429,1.92E-04,1.11E-06,6.24E-03,2.02E-03,9.71E-04
0.0431,1.91E-04,1.12E-06,6.22E-03,2.03E-03,9.73E-04
0.0433,1.91E-04,1.13E-06,6.21E-03,2.03E-03,9.76E-04
0.0435,1.91E-04,1.15E-06,6.19E-03,2.04E-03,9.78E-04
0.0437,1.91E-04,1.16E-06,6.17E-03,2.04E-03,9.80E-04
0.0439,1.90E-04,1.17E-06,6.16E-03,2.05E-03,9.83E-04
0.0441,1.90E-04,1.18E-06,6.14E-03,2.05E-03,9.85E-04
0.0443,1.90E-04,1.19E-06,6.13E-03,2.06E-03,9.87E-04
0.0445,1.90E-04,1.20E-06,6.11E-03,2.06E-03,9.90E-04
0.0447,1.89E-04,1.21E-06,6.09E-03,2.07E-03,9.92E-04
0.0449,1.89E-04,1.22E-06,6.08E-03,2.07E-03,9.94E-04
0.0451,1.89E-04,1.23E-06,6.06E-03,2.07E-03,9.97E-04
0.0453,1.89E-04,1.24E-06,6.05E-03,2.08E-03,9.99E-04
0.0455,1.88E-04,1.25E-06,6.03E-03,2.08E-03,1.00E-03
0.0457,1.88E-04,1.27E-06,6.01E-03,2.09E-03,1.00E-03
0.0459,1.88E-04,1.28E-06,6.00E-03,2.09E-03,1.01E-03
0.0461,1.88E-04,1.29E-06,5.98E-03,2.10E-03,1.01E-03
0.0463,1.87E-04,1.30E-06,5.97E-03,2.10E-03,1.01E-03
0.0465,1.87E-04,1.31E-06,5.95E-03,2.10E-03,1.01E-03
0.0467,1.87E-04,1.32E-06,5.93E-03,2.11E-03,1.01E-03
0.0469,1.87E-04,1.34E-06,5.92E-03,2.11E-03,1.02E-03
0.0471,1.86E-04,1.35E-06,5.90E-03,2.12E-03,1.02E-03
0.0473,1.86E-04,1.36E-06,5.89E-03,2.12E-03,1.02E-03
0.0475,1.86E-04,1.37E-06,5.87E-03,2.12E-03,1.02E-03
0.0477,1.86E-04,1.38E-06,5.86E-03,2.13E-03,1.02E-03
0.0479,1.85E-04,1.39E-06,5.84E-03,2.13E-03,1.03E-03
0.0481,1.85E-04,1.41E-06,5.83E-03,2.13E-03,1.03E-03
0.0483,1.85E-04,1.42E-06,5.81E-03,2.14E-03,1.03E-03
0.0485,1.85E-04,1.43E-06,5.79E-03,2.14E-03,1.03E-03
0.0487,1.84E-04,1.44E-06,5.78E-03,2.15E-03,1.03E-03
0.0489,1.84E-04,1.46E-06,5.76E-03,2.15E-03,1.04E-03
0.0491,1.84E-04,1.47E-06,5.75E-03,2.15E-03,1.04E-03
0.0493,1.83E-04,1.48E-06,5.73E-03,2.16E-03,1.04E-03
0.0495,1.83E-04,1.49E-06,5.72E-03,2.16E-03,1.04E-03
0.0497,1.83E-04,1.51E-06,5.70E-03,2.16E-03,1.04E-03
0.0499,1.83E-04,1.52E-06,5.69E-03,2.17E-03,1.05E-03
0.0501,1.82E-04,1.53E-06,5.67E-03,2.17E-03,1.05E-03
0.0503,1.82E-04,1.54E-06,5.66E-03,2.17E-03,1.05E-03
0.0505,1.82E-04,1.56E-06,5.64E-03,2.18E-03,1.05E-03
0.0507,1.82E-04,1.57E-06,5.63E-03,2.18E-03,1.05E-03
0.0509,1.81E-04,1.58E-06,5.61E-03,2.18E-03,1.06E-03
0.0511,1.81E-04,1.60E-06,5.60E-03,2.19E-03,1.06E-03
0.0513,1.81E-04,1.61E-06,5.58E-03,2.19E-03,1.06E-03
0.0515,1.81E-04,1.62E-06,5.57E-03,2.19E-03,1.06E-03
0.0517,1.80E-04,1.64E-06,5.56E-03,2.20E-03,1.06E-03
0.0519,1.80E-04,1.65E-06,5.54E-03,2.20E-03,1.06E-03
0.0521,1.80E-04,1.66E-06,5.53E-03,2.20E-03,1.07E-03
0.0523,1.79E-04,1.68E-06,5.51E-03,2.21E-03,1.07E-03
0.0525,1.79E-04,1.69E-06,5.50E-03,2.21E-03,1.07E-03
0.0527,1.79E-04,1.70E-06,5.48E-03,2.21E-03,1.07E-03
0.0529,1.79E-04,1.72E-06,5.47E-03,2.21E-03,1.07E-03
0.0531,1.78E-04,1.73E-06,5.45E-03,2.22E-03,1.07E-03
0.0533,1.78E-04,1.74E-06,5.44E-03,2.22E-03,1.08E-03
0.0535,1.78E-04,1.76E-06,5.43E-03,2.22E-03,1.08E-03
0.0537,1.78E-04,1.77E-06,5.41E-03,2.23E-03,1.08E-03
0.0539,1.77E-04,1.78E-06,5.40E-03,2.23E-03,1.08E-03
0.0541,1.77E-04,1.80E-06,5.38E-03,2.23E-03,1.08E-03
0.0543,1.77E-04,1.81E-06,5.37E-03,2.23E-03,1.08E-03
0.0545,1.76E-04,1.83E-06,5.36E-03,2.24E-03,1.09E-03
0.0547,1.76E-04,1.84E-06,5.34E-03,2.24E-03,1.09E-03
0.0549,1.76E-04,1.86E-06,5.33E-03,2.24E-03,1.09E-03
0.0551,1.76E-04,1.87E-06,5.31E-03,2.24E-03,1.09E-03
0.0553,1.75E-04,1.88E-06,5.30E-03,2.25E-03,1.09E-03
0.0555,1.75E-04,1.90E-06,5.29E-03,2.25E-03,1.09E-03
0.0557,1.75E-04,1.91E-06,5.27E-03,2.25E-03,1.09E-03
0.0559,1.74E-04,1.93E-06,5.26E-03,2.25E-03,1.10E-03
0.0561,1.74E-04,1.94E-06,5.24E-03,2.26E-03,1.10E-03
0.0563,1.74E-04,1.96E-06,5.23E-03,2.26E-03,1.10E-03
0.0565,1.74E-04,1.97E-06,5.22E-03,2.26E-03,1.10E-03
0.0567,1.73E-04,1.99E-06,5.20E-03,2.26E-03,1.10E-03
0.0569,1.73E-04,2.00E-06,5.19E-03,2.26E-03,1.10E-03
0.0571,1.73E-04,2.02E-06,5.18E-03,2.27E-03,1.10E-03
0.0573,1.73E-04,2.03E-06,5.16E-03,2.27E-03,1.11E-03
0.0575,1.72E-04,2.05E-06,5.15E-03,2.27E-03,1.11E-03
0.0577,1.72E-04,2.06E-06,5.14E-03,2.27E-03,1.11E-03
0.0579,1.72E-04,2.08E-06,5.12E-03,2.27E-03,1.11E-03
0.0581,1.71E-04,2.09E-06,5.11E-03,2.28E-03,1.11E-03
0.0583,1.71E-04,2.11E-06,5.10E-03,2.28E-03,1.11E-03
0.0585,1.71E-04,2.12E-06,5.08E-03,2.28E-03,1.11E-03
0.0587,1.71E-04,2.14E-06,5.07E-03,2.28E-03,1.12E-03
0.0589,1.70E-04,2.15E-06,5.06E-03,2.28E-03,1.12E-03
0.0591,1.70E-04,2.17E-06,5.04E-03,2.29E-03,1.12E-03
0.0593,1.70E-04,2.18E-06,5.03E-03,2.29E-03,1.12E-03
0.0595,1.69E-04,2.20E-06,5.02E-03,2.29E-03,1.12E-03
0.0597,1.69E-04,2.22E-06,5.01E-03,2.29E-03,1.12E-03
0.0599,1.69E-04,2.23E-06,4.99E-03,2.29E-03,1.12E-03
0.0601,1.69E-04,2.25E-06,4.98E-03,2.30E-03,1.12E-03
0.0603,1.68E-04,2.26E-06,4.97E-03,2.30E-03,1.12E-03
0.0605,1.68E-04,2.28E-06,4.95E-03,2.30E-03,1.13E-03
0.0607,1.68E-04,2.30E-06,4.94E-03,2.30E-03,1.13E-03
0.0609,1.67E-04,2.31E-06,4.93E-03,2.30E-03,1.13E-03
0.0611,1.67E-04,2.33E-06,4.92E-03,2.30E-03,1.13E-03
0.0613,1.67E-04,2.34E-06,4.90E-03,2.30E-03,1.13E-03
0.0615,1.67E-04,2.36E-06,4.89E-03,2.31E-03,1.13E-03
0.0617,1.66E-04,2.38E-06,4.88E-03,2.31E-03,1.13E-03
0.0619,1.66E-04,2.39E-06,4.86E-03,2.31E-03,1.13E-03
0.0621,1.66E-04,2.41E-06,4.85E-03,2.31E-03,1.13E-03
0.0623,1.65E-04,2.43E-06,4.84E-03,2.31E-03,1.14E-03
0.0625,1.65E-04,2.44E-06,4.83E-03,2.31E-03,1.14E-03
0.0627,1.65E-04,2.46E-06,4.82E-03,2.31E-03,1.14E-03
0.0629,1.64E-04,2.48E-06,4.80E-03,2.32E-03,1.14E-03
0.0631,1.64E-04,2.49E-06,4.79E-03,2.32E-03,1.14E-03
0.0633,1.64E-04,2.51E-06,4.78E-03,2.32E-03,1.14E-03
0.0635,1.64E-04,2.53E-06,4.77E-03,2.32E-03,1.14E-03
0.0637,1.63E-04,2.55E-06,4.75E-03,2.32E-03,1.14E-03
0.0639,1.63E-04,2.56E-06,4.74E-03,2.32E-03,1.14E-03
0.0641,1.63E-04,2.58E-06,4.73E-03,2.32E-03,1.14E-03
0.0643,1.62E-04,2.60E-06,4.72E-03,2.32E-03,1.15E-03
0.0645,1.62E-04,2.61E-06,4.70E-03,2.32E-03,1.15E-03
0.0647,1.62E-04,2.63E-06,4.69E-03,2.33E-03,1.15E-03
0.0649,1.62E-04,2.65E-06,4.68E-03,2.33E-03,1.15E-03
0.0651,1.61E-04,2.67E-06,4.67E-03,2.33E-03,1.15E-03
0.0653,1.61E-04,2.68E-06,4.66E-03,2.33E-03,1.15E-03
0.0655,1.61E-04,2.70E-06,4.65E-03,2.33E-03,1.15E-03
0.0657,1.60E-04,2.72E-06,4.63E-03,2.33E-03,1.15E-03
0.0659,1.60E-04,2.74E-06,4.62E-03,2.33E-03,1.15E-03
0.0661,1.60E-04,2.76E-06,4.61E-03,2.33E-03,1.15E-03
0.0663,1.59E-04,2.77E-06,4.60E-03,2.33E-03,1.15E-03
0.0665,1.59E-04,2.79E-06,4.59E-03,2.33E-03,1.15E-03
0.0667,1.59E-04,2.81E-06,4.57E-03,2.33E-03,1.16E-03
0.0669,1.59E-04,2.83E-06,4.56E-03,2.34E-03,1.16E-03
0.0671,1.58E-04,2.85E-06,4.55E-03,2.34E-03,1.16E-03
0.0673,1.58E-04,2.86E-06,4.54E-03,2.34E-03,1.16E-03
0.0675,1.58E-04,2.88E-06,4.53E-03,2.34E-03,1.16E-03
0.0677,1.57E-04,2.90E-06,4.52E-03,2.34E-03,1.16E-03
0.0679,1.57E-04,2.92E-06,4.50E-03,2.34E-03,1.16E-03
0.0681,1.57E-04,2.94E-06,4.49E-03,2.34E-03,1.16E-03
0.0683,1.56E-04,2.96E-06,4.48E-03,2.34E-03,1.16E-03
0.0685,1.56E-04,2.98E-06,4.47E-03,2.34E-03,1.16E-03
0.0687,1.56E-04,2.99E-06,4.46E-03,2.34E-03,1.16E-03
0.0689,1.56E-04,3.01E-06,4.45E-03,2.34E-03,1.16E-03
0.0691,1.55E-04,3.03E-06,4.44E-03,2.34E-03,1.16E-03
0.0693,1.55E-04,3.05E-06,4.43E-03,2.34E-03,1.16E-03
0.0695,1.55E-04,3.07E-06,4.41E-03,2.34E-03,1.16E-03
0.0697,1.54E-04,3.09E-06,4.40E-03,2.34E-03,1.17E-03
0.0699,1.54E-04,3.11E-06,4.39E-03,2.34E-03,1.17E-03
0.0701,1.54E-04,3.13E-06,4.38E-03,2.34E-03,1.17E-03
0.0703,1.54E-04,3.15E-06,4.37E-03,2.34E-03,1.17E-03
0.0705,1.53E-04,3.17E-06,4.36E-03,2.34E-03,1.17E-03
0.0707,1.53E-04,3.19E-06,4.35E-03,2.34E-03,1.17E-03
0.0709,1.53E-04,3.20E-06,4.34E-03,2.34E-03,1.17E-03
0.0711,1.52E-04,3.22E-06,4.33E-03,2.34E-03,1.17E-03
0.0713,1.52E-04,3.24E-06,4.31E-03,2.34E-03,1.17E-03
0.0715,1.52E-04,3.26E-06,4.30E-03,2.34E-03,1.17E-03
0.0717,1.51E-04,3.28E-06,4.29E-03,2.34E-03,1.17E-03
0.0719,1.51E-04,3.30E-06,4.28E-03,2.34E-03,1.17E-03
0.0721,1.51E-04,3.32E-06,4.27E-03,2.34E-03,1.17E-03
0.0723,1.51E-04,3.34E-06,4.26E-03,2.34E-03,1.17E-03
0.0725,1.50E-04,3.36E-06,4.25E-03,2.34E-03,1.17E-03
0.0727,1.50E-04,3.38E-06,4.24E-03,2.34E-03,1.17E-03
0.0729,1.50E-04,3.40E-06,4.23E-03,2.34E-03,1.17E-03
0.0731,1.49E-04,3.42E-06,4.22E-03,2.34E-03,1.17E-03
0.0733,1.49E-04,3.44E-06,4.21E-03,2.34E-03,1.17E-03
0.0735,1.49E-04,3.46E-06,4.20E-03,2.34E-03,1.17E-03
0.0737,1.48E-04,3.48E-06,4.19E-03,2.34E-03,1.17E-03
0.0739,1.48E-04,3.50E-06,4.18E-03,2.34E-03,1.18E-03
0.0741,1.48E-04,3.53E-06,4.17E-03,2.34E-03,1.18E-03
0.0743,1.48E-04,3.55E-06,4.16E-03,2.34E-03,1.18E-03
0.0745,1.47E-04,3.57E-06,4.14E-03,2.34E-03,1.18E-03
0.0747,1.47E-04,3.59E-06,4.13E-03,2.34E-03,1.18E-03
0.0749,1.47E-04,3.61E-06,4.12E-03,2.34E-03,1.18E-03
0.0751,1.46E-04,3.63E-06,4.11E-03,2.34E-03,1.18E-03
0.0753,1.46E-04,3.65E-06,4.10E-03,2.34E-03,1.18E-03
0.0755,1.46E-04,3.67E-06,4.09E-03,2.34E-03,1.18E-03
0.0757,1.45E-04,3.69E-06,4.08E-03,2.34E-03,1.18E-03
0.0759,1.45E-04,3.71E-06,4.07E-03,2.34E-03,1.18E-03
0.0761,1.45E-04,3.73E-06,4.06E-03,2.34E-03,1.18E-03
0.0763,1.45E-04,3.76E-06,4.05E-03,2.34E-03,1.18E-03
0.0765,1.44E-04,3.78E-06,4.04E-03,2.34E-03,1.18E-03
0.0767,1.44E-04,3.80E-06,4.03E-03,2.34E-03,1.18E-03
0.0769,1.44E-04,3.82E-06,4.02E-03,2.34E-03,1.18E-03
0.0771,1.43E-04,3.84E-06,4.01E-03,2.34E-03,1.18E-03
0.0773,1.43E-04,3.86E-06,4.00E-03,2.34E-03,1.18E-03
0.0775,1.43E-04,3.89E-06,3.99E-03,2.34E-03,1.18E-03
0.0777,1.42E-04,3.91E-06,3.98E-03,2.34E-03,1.18E-03
0.0779,1.42E-04,3.93E-06,3.97E-03,2.34E-03,1.18E-03
0.0781,1.42E-04,3.95E-06,3.96E-03,2.34E-03,1.18E-03
0.0783,1.41E-04,3.97E-06,3.95E-03,2.33E-03,1.18E-03
0.0785,1.41E-04,4.00E-06,3.94E-03,2.33E-03,1.18E-03
0.0787,1.41E-04,4.02E-06,3.93E-03,2.33E-03,1.18E-03
0.0789,1.41E-04,4.04E-06,3.92E-03,2.33E-03,1.18E-03
0.0791,1.40E-04,4.06E-06,3.91E-03,2.33E-03,1.18E-03
0.0793,1.40E-04,4.08E-06,3.90E-03,2.33E-03,1.18E-03
0.0795,1.40E-04,4.11E-06,3.90E-03,2.33E-03,1.18E-03
0.0797,1.39E-04,4.13E-06,3.89E-03,2.33E-03,1.18E-03
0.0799,1.39E-04,4.15E-06,3.88E-03,2.33E-03,1.18E-03
0.0801,1.39E-04,4.17E-06,3.87E-03,2.33E-03,1.18E-03
0.0803,1.39E-04,4.20E-06,3.86E-03,2.33E-03,1.18E-03
0.0805,1.38E-04,4.22E-06,3.85E-03,2.33E-03,1.18E-03
0.0807,1.38E-04,4.24E-06,3.84E-03,2.33E-03,1.18E-03
0.0809,1.38E-04,4.27E-06,3.83E-03,2.32E-03,1.18E-03
0.0811,1.37E-04,4.29E-06,3.82E-03,2.32E-03,1.18E-03
0.0813,1.37E-04,4.31E-06,3.81E-03,2.32E-03,1.18E-03
0.0815,1.37E-04,4.33E-06,3.80E-03,2.32E-03,1.18E-03
0.0817,1.36E-04,4.36E-06,3.79E-03,2.32E-03,1.18E-03
0.0819,1.36E-04,4.38E-06,3.78E-03,2.32E-03,1.18E-03
0.0821,1.36E-04,4.40E-06,3.77E-03,2.32E-03,1.18E-03
0.0823,1.36E-04,4.43E-06,3.76E-03,2.32E-03,1.18E-03
0.0825,1.35E-04,4.45E-06,3.75E-03,2.32E-03,1.18E-03
0.0827,1.35E-04,4.47E-06,3.75E-03,2.32E-03,1.18E-03
0.0829,1.35E-04,4.50E-06,3.74E-03,2.31E-03,1.18E-03
0.0831,1.34E-04,4.52E-06,3.73E-03,2.31E-03,1.18E-03
0.0833,1.34E-04,4.55E-06,3.72E-03,2.31E-03,1.18E-03
0.0835,1.34E-04,4.57E-06,3.71E-03,2.31E-03,1.18E-03
0.0837,1.33E-04,4.59E-06,3.70E-03,2.31E-03,1.18E-03
0.0839,1.33E-04,4.62E-06,3.69E-03,2.31E-03,1.18E-03
0.0841,1.33E-04,4.64E-06,3.68E-03,2.31E-03,1.18E-03
0.0843,1.33E-04,4.67E-06,3.67E-03,2.31E-03,1.18E-03
0.0845,1.32E-04,4.69E-06,3.66E-03,2.31E-03,1.18E-03
0.0847,1.32E-04,4.71E-06,3.66E-03,2.30E-03,1.18E-03
0.0849,1.32E-04,4.74E-06,3.65E-03,2.30E-03,1.18E-03
0.0851,1.31E-04,4.76E-06,3.64E-03,2.30E-03,1.18E-03
0.0853,1.31E-04,4.79E-06,3.63E-03,2.30E-03,1.18E-03
0.0855,1.31E-04,4.81E-06,3.62E-03,2.30E-03,1.18E-03
0.0857,1.30E-04,4.84E-06,3.61E-03,2.30E-03,1.18E-03
0.0859,1.30E-04,4.86E-06,3.60E-03,2.30E-03,1.18E-03
0.0861,1.30E-04,4.89E-06,3.59E-03,2.30E-03,1.18E-03
0.0863,1.30E-04,4.91E-06,3.59E-03,2.29E-03,1.18E-03
0.0865,1.29E-04,4.94E-06,3.58E-03,2.29E-03,1.18E-03
0.0867,1.29E-04,4.96E-06,3.57E-03,2.29E-03,1.18E-03
0.0869,1.29E-04,4.99E-06,3.56E-03,2.29E-03,1.18E-03
0.0871,1.28E-04,5.01E-06,3.55E-03,2.29E-03,1.18E-03
0.0873,1.28E-04,5.04E-06,3.54E-03,2.29E-03,1.18E-03
0.0875,1.28E-04,5.06E-06,3.53E-03,2.29E-03,1.18E-03
0.0877,1.28E-04,5.09E-06,3.53E-03,2.28E-03,1.18E-03
0.0879,1.27E-04,5.11E-06,3.52E-03,2.28E-03,1.18E-03
0.0881,1.27E-04,5.14E-06,3.51E-03,2.28E-03,1.18E-03
0.0883,1.27E-04,5.16E-06,3.50E-03,2.28E-03,1.17E-03
0.0885,1.26E-04,5.19E-06,3.49E-03,2.28E-03,1.17E-03
0.0887,1.26E-04,5.21E-06,3.48E-03,2.28E-03,1.17E-03
0.0889,1.26E-04,5.24E-06,3.48E-03,2.27E-03,1.17E-03
0.0891,1.25E-04,5.27E-06,3.47E-03,2.27E-03,1.17E-03
0.0893,1.25E-04,5.29E-06,3.46E-03,2.27E-03,1.17E-03
0.0895,1.25E-04,5.32E-06,3.45E-03,2.27E-03,1.17E-03
0.0897,1.25E-04,5.34E-06,3.44E-03,2.27E-03,1.17E-03
0.0899,1.24E-04,5.37E-06,3.43E-03,2.27E-03,1.17E-03
0.0901,1.24E-04,5.40E-06,3.43E-03,2.27E-03,1.17E-03
0.0903,1.24E-04,5.42E-06,3.42E-03,2.26E-03,1.17E-03
0.0905,1.23E-04,5.45E-06,3.41E-03,2.26E-03,1.17E-03
0.0907,1.23E-04,5.47E-06,3.40E-03,2.26E-03,1.17E-03
0.0909,1.23E-04,5.50E-06,3.39E-03,2.26E-03,1.17E-03
0.0911,1.23E-04,5.53E-06,3.39E-03,2.26E-03,1.17E-03
0.0913,1.22E-04,5.55E-06,3.38E-03,2.26E-03,1.17E-03
0.0915,1.22E-04,5.58E-06,3.37E-03,2.25E-03,1.17E-03
0.0917,1.22E-04,5.61E-06,3.36E-03,2.25E-03,1.17E-03
0.0919,1.21E-04,5.63E-06,3.35E-03,2.25E-03,1.17E-03
0.0921,1.21E-04,5.66E-06,3.35E-03,2.25E-03,1.17E-03
0.0923,1.21E-04,5.69E-06,3.34E-03,2.25E-03,1.17E-03
0.0925,1.21E-04,5.72E-06,3.33E-03,2.24E-03,1.17E-03
0.0927,1.20E-04,5.74E-06,3.32E-03,2.24E-03,1.17E-03
0.0929,1.20E-04,5.77E-06,3.32E-03,2.24E-03,1.17E-03
0.0931,1.20E-04,5.80E-06,3.31E-03,2.24E-03,1.16E-03
0.0933,1.19E-04,5.82E-06,3.30E-03,2.24E-03,1.16E-03
0.0935,1.19E-04,5.85E-06,3.29E-03,2.24E-03,1.16E-03
0.0937,1.19E-04,5.88E-06,3.28E-03,2.23E-03,1.16E-03
0.0939,1.19E-04,5.91E-06,3.28E-03,2.23E-03,1.16E-03
0.0941,1.18E-04,5.93E-06,3.27E-03,2.23E-03,1.16E-03
0.0943,1.18E-04,5.96E-06,3.26E-03,2.23E-03,1.16E-03
0.0945,1.18E-04,5.99E-06,3.25E-03,2.23E-03,1.16E-03
0.0947,1.17E-04,6.02E-06,3.25E-03,2.22E-03,1.16E-03
0.0949,1.17E-04,6.05E-06,3.24E-03,2.22E-03,1.16E-03
0.0951,1.17E-04,6.07E-06,3.23E-03,2.22E-03,1.16E-03
0.0953,1.17E-04,6.10E-06,3.22E-03,2.22E-03,1.16E-03
0.0955,1.16E-04,6.13E-06,3.22E-03,2.22E-03,1.16E-03
0.0957,1.16E-04,6.16E-06,3.21E-03,2.21E-03,1.16E-03
0.0959,1.16E-04,6.19E-06,3.20E-03,2.21E-03,1.16E-03
0.0961,1.16E-04,6.21E-06,3.19E-03,2.21E-03,1.16E-03
0.0963,1.15E-04,6.24E-06,3.19E-03,2.21E-03,1.16E-03
0.0965,1.15E-04,6.27E-06,3.18E-03,2.21E-03,1.16E-03
0.0967,1.15E-04,6.30E-06,3.17E-03,2.20E-03,1.15E-03
0.0969,1.14E-04,6.33E-06,3.17E-03,2.20E-03,1.15E-03
0.0971,1.14E-04,6.36E-06,3.16E-03,2.20E-03,1.15E-03
0.0973,1.14E-04,6.39E-06,3.15E-03,2.20E-03,1.15E-03
0.0975,1.14E-04,6.41E-06,3.14E-03,2.20E-03,1.15E-03
0.0977,1.13E-04,6.44E-06,3.14E-03,2.19E-03,1.15E-03
0.0979,1.13E-04,6.47E-06,3.13E-03,2.19E-03,1.15E-03
0.0981,1.13E-04,6.50E-06,3.12E-03,2.19E-03,1.15E-03
0.0983,1.12E-04,6.53E-06,3.12E-03,2.19E-03,1.15E-03
0.0985,1.12E-04,6.56E-06,3.11E-03,2.19E-03,1.15E-03
0.0987,1.12E-04,6.59E-06,3.10E-03,2.18E-03,1.15E-03
0.0989,1.12E-04,6.62E-06,3.09E-03,2.18E-03,1.15E-03
0.0991,1.11E-04,6.65E-06,3.09E-03,2.18E-03,1.15E-03
0.0993,1.11E-04,6.68E-06,3.08E-03,2.18E-03,1.15E-03
0.0995,1.11E-04,6.71E-06,3.07E-03,2.17E-03,1.14E-03
0.0997,1.11E-04,6.74E-06,3.07E-03,2.17E-03,1.14E-03
0.0999,1.10E-04,6.77E-06,3.06E-03,2.17E-03,1.14E-03
0.1001,1.10E-04,6.79E-06,3.05E-03,2.17E-03,1.14E-03
0.1003,1.10E-04,6.82E-06,3.05E-03,2.17E-03,1.14E-03
0.1005,1.10E-04,6.85E-06,3.04E-03,2.16E-03,1.14E-03
0.1007,1.09E-04,6.88E-06,3.03E-03,2.16E-03,1.14E-03
0.1009,1.09E-04,6.91E-06,3.03E-03,2.16E-03,1.14E-03
0.1011,1.09E-04,6.94E-06,3.02E-03,2.16E-03,1.14E-03
0.1013,1.08E-04,6.97E-06,3.01E-03,2.15E-03,1.14E-03
0.1015,1.08E-04,7.00E-06,3.00E-03,2.15E-03,1.14E-03
0.1017,1.08E-04,7.04E-06,3.00E-03,2.15E-03,1.14E-03
0.1019,1.08E-04,7.07E-06,2.99E-03,2.15E-03,1.14E-03
0.1021,1.07E-04,7.10E-06,2.98E-03,2.15E-03,1.13E-03
0.1023,1.07E-04,7.13E-06,2.98E-03,2.14E-03,1.13E-03
0.1025,1.07E-04,7.16E-06,2.97E-03,2.14E-03,1.13E-03
0.1027,1.07E-04,7.19E-06,2.96E-03,2.14E-03,1.13E-03
0.1029,1.06E-04,7.22E-06,2.96E-03,2.14E-03,1.13E-03
0.1031,1.06E-04,7.25E-06,2.95E-03,2.13E-03,1.13E-03
0.1033,1.06E-04,7.28E-06,2.95E-03,2.13E-03,1.13E-03
0.1035,1.06E-04,7.31E-06,2.94E-03,2.13E-03,1.13E-03
0.1037,1.05E-04,7.34E-06,2.93E-03,2.13E-03,1.13E-03
0.1039,1.05E-04,7.37E-06,2.93E-03,2.12E-03,1.13E-03
0.1041,1.05E-04,7.40E-06,2.92E-03,2.12E-03,1.13E-03
0.1043,1.05E-04,7.43E-06,2.91E-03,2.12E-03,1.13E-03
0.1045,1.04E-04,7.47E-06,2.91E-03,2.12E-03,1.12E-03
0.1047,1.04E-04,7.50E-06,2.90E-03,2.11E-03,1.12E-03
0.1049,1.04E-04,7.53E-06,2.89E-03,2.11E-03,1.12E-03
0.1051,1.04E-04,7.56E-06,2.89E-03,2.11E-03,1.12E-03
0.1053,1.03E-04,7.59E-06,2.88E-03,2.11E-03,1.12E-03
0.1055,1.03E-04,7.62E-06,2.87E-03,2.11E-03,1.12E-03
0.1057,1.03E-04,7.65E-06,2.87E-03,2.10E-03,1.12E-03
0.1059,1.02E-04,7.69E-06,2.86E-03,2.10E-03,1.12E-03
0.1061,1.02E-04,7.72E-06,2.86E-03,2.10E-03,1.12E-03
0.1063,1.02E-04,7.75E-06,2.85E-03,2.10E-03,1.12E-03
0.1065,1.02E-04,7.78E-06,2.84E-03,2.09E-03,1.12E-03
0.1067,1.01E-04,7.81E-06,2.84E-03,2.09E-03,1.11E-03
0.1069,1.01E-04,7.85E-06,2.83E-03,2.09E-03,1.11E-03
0.1071,1.01E-04,7.88E-06,2.83E-03,2.09E-03,1.11E-03
0.1073,1.01E-04,7.91E-06,2.82E-03,2.08E-03,1.11E-03
0.1075,1.00E-04,7.94E-06,2.81E-03,2.08E-03,1.11E-03
0.1077,1.00E-04,7.97E-06,2.81E-03,2.08E-03,1.11E-03
0.1079,1.00E-04,8.01E-06,2.80E-03,2.08E-03,1.11E-03
0.1081,9.98E-05,8.04E-06,2.80E-03,2.07E-03,1.11E-03
0.1083,9.95E-05,8.07E-06,2.79E-03,2.07E-03,1.11E-03
0.1085,9.93E-05,8.10E-06,2.78E-03,2.07E-03,1.11E-03
0.1087,9.90E-05,8.14E-06,2.78E-03,2.07E-03,1.10E-03
0.1089,9.88E-05,8.17E-06,2.77E-03,2.06E-03,1.10E-03
0.1091,9.85E-05,8.20E-06,2.77E-03,2.06E-03,1.10E-03
0.1093,9.83E-05,8.23E-06,2.76E-03,2.06E-03,1.10E-03
0.1095,9.80E-05,8.27E-06,2.75E-03,2.06E-03,1.10E-03
0.1097,9.78E-05,8.30E-06,2.75E-03,2.05E-03,1.10E-03
0.1099,9.76E-05,8.33E-06,2.74E-03,2.05E-03,1.10E-03
0.1101,9.73E-05,8.37E-06,2.74E-03,2.05E-03,1.10E-03
0.1103,9.71E-05,8.40E-06,2.73E-03,2.05E-03,1.10E-03
0.1105,9.69E-05,8.43E-06,2.72E-03,2.04E-03,1.10E-03
0.1107,9.66E-05,8.47E-06,2.72E-03,2.04E-03,1.09E-03
0.1109,9.64E-05,8.50E-06,2.71E-03,2.04E-03,1.09E-03
0.1111,9.61E-05,8.53E-06,2.71E-03,2.03E-03,1.09E-03
0.1113,9.59E-05,8.57E-06,2.70E-03,2.03E-03,1.09E-03
0.1115,9.57E-05,8.60E-06,2.70E-03,2.03E-03,1.09E-03
0.1117,9.54E-05,8.63E-06,2.69E-03,2.03E-03,1.09E-03
0.1119,9.52E-05,8.67E-06,2.68E-03,2.02E-03,1.09E-03
0.1121,9.50E-05,8.70E-06,2.68E-03,2.02E-03,1.09E-03
0.1123,9.47E-05,8.73E-06,2.67E-03,2.02E-03,1.09E-03
0.1125,9.45E-05,8.77E-06,2.67E-03,2.02E-03,1.08E-03
0.1127,9.43E-05,8.80E-06,2.66E-03,2.01E-03,1.08E-03
0.1129,9.40E-05,8.84E-06,2.66E-03,2.01E-03,1.08E-03
0.1131,9.38E-05,8.87E-06,2.65E-03,2.01E-03,1.08E-03
0.1133,9.36E-05,8.90E-06,2.65E-03,2.01E-03,1.08E-03
0.1135,9.34E-05,8.94E-06,2.64E-03,2.00E-03,1.08E-03
0.1137,9.31E-05,8.97E-06,2.63E-03,2.00E-03,1.08E-03
0.1139,9.29E-05,9.01E-06,2.63E-03,2.00E-03,1.08E-03
0.1141,9.27E-05,9.04E-06,2.62E-03,2.00E-03,1.08E-03
0.1143,9.25E-05,9.08E-06,2.62E-03,1.99E-03,1.07E-03
0.1145,9.22E-05,9.11E-06,2.61E-03,1.99E-03,1.07E-03
0.1147,9.20E-05,9.14E-06,2.61E-03,1.99E-03,1.07E-03
0.1149,9.18E-05,9.18E-06,2.60E-03,1.98E-03,1.07E-03
0.1151,9.16E-05,9.21E-06,2.60E-03,1.98E-03,1.07E-03
0.1153,9.13E-05,9.25E-06,2.59E-03,1.98E-03,1.07E-03
0.1155,9.11E-05,9.28E-06,2.59E-03,1.98E-03,1.07E-03
0.1157,9.09E-05,9.32E-06,2.58E-03,1.97E-03,1.07E-03
0.1159,9.07E-05,9.35E-06,2.58E-03,1.97E-03,1.07E-03
0.1161,9.05E-05,9.39E-06,2.57E-03,1.97E-03,1.06E-03
0.1163,9.02E-05,9.42E-06,2.57E-03,1.97E-03,1.06E-03
0.1165,9.00E-05,9.46E-06,2.56E-03,1.96E-03,1.06E-03
0.1167,8.98E-05,9.49E-06,2.56E-03,1.96E-03,1.06E-03
0.1169,8.96E-05,9.53E-06,2.55E-03,1.96E-03,1.06E-03
0.1171,8.94E-05,9.56E-06,2.55E-03,1.96E-03,1.06E-03
0.1173,8.92E-05,9.60E-06,2.54E-03,1.95E-03,1.06E-03
0.1175,8.90E-05,9.63E-06,2.53E-03,1.95E-03,1.06E-03
0.1177,8.87E-05,9.67E-06,2.53E-03,1.95E-03,1.05E-03
0.1179,8.85E-05,9.70E-06,2.52E-03,1.94E-03,1.05E-03
0.1181,8.83E-05,9.74E-06,2.52E-03,1.94E-03,1.05E-03
0.1183,8.81E-05,9.77E-06,2.51E-03,1.94E-03,1.05E-03
0.1185,8.79E-05,9.81E-06,2.51E-03,1.94E-03,1.05E-03
0.1187,8.77E-05,9.85E-06,2.50E-03,1.93E-03,1.05E-03
0.1189,8.75E-05,9.88E-06,2.50E-03,1.93E-03,1.05E-03
0.1191,8.73E-05,9.92E-06,2.49E-03,1.93E-03,1.05E-03
0.1193,8.71E-05,9.95E-06,2.49E-03,1.93E-03,1.05E-03
0.1195,8.69E-05,9.99E-06,2.48E-03,1.92E-03,1.04E-03
0.1197,8.67E-05,1.00E-05,2.48E-03,1.92E-03,1.04E-03
0.1199,8.65E-05,1.01E-05,2.47E-03,1.92E-03,1.04E-03
0.1201,8.62E-05,1.01E-05,2.47E-03,1.91E-03,1.04E-03
0.1203,8.60E-05,1.01E-05,2.47E-03,1.91E-03,1.04E-03
0.1205,8.58E-05,1.02E-05,2.46E-03,1.91E-03,1.04E-03
0.1207,8.56E-05,1.02E-05,2.46E-03,1.91E-03,1.04E-03
0.1209,8.54E-05,1.02E-05,2.45E-03,1.90E-03,1.04E-03
0.1211,8.52E-05,1.03E-05,2.45E-03,1.90E-03,1.03E-03
0.1213,8.50E-05,1.03E-05,2.44E-03,1.90E-03,1.03E-03
0.1215,8.48E-05,1.03E-05,2.44E-03,1.90E-03,1.03E-03
0.1217,8.46E-05,1.04E-05,2.43E-03,1.89E-03,1.03E-03
0.1219,8.44E-05,1.04E-05,2.43E-03,1.89E-03,1.03E-03
0.1221,8.43E-05,1.05E-05,2.42E-03,1.89E-03,1.03E-03
0.1223,8.41E-05,1.05E-05,2.42E-03,1.88E-03,1.03E-03
0.1225,8.39E-05,1.05E-05,2.41E-03,1.88E-03,1.03E-03
0.1227,8.37E-05,1.06E-05,2.41E-03,1.88E-03,1.02E-03
0.1229,8.35E-05,1.06E-05,2.40E-03,1.88E-03,1.02E-03
0.1231,8.33E-05,1.06E-05,2.40E-03,1.87E-03,1.02E-03
0.1233,8.31E-05,1.07E-05,2.39E-03,1.87E-03,1.02E-03
0.1235,8.29E-05,1.07E-05,2.39E-03,1.87E-03,1.02E-03
0.1237,8.27E-05,1.08E-05,2.39E-03,1.86E-03,1.02E-03
0.1239,8.25E-05,1.08E-05,2.38E-03,1.86E-03,1.02E-03
0.1241,8.23E-05,1.08E-05,2.38E-03,1.86E-03,1.01E-03
0.1243,8.22E-05,1.09E-05,2.37E-03,1.86E-03,1.01E-03
0.1245,8.20E-05,1.09E-05,2.37E-03,1.85E-03,1.01E-03
0.1247,8.18E-05,1.09E-05,2.36E-03,1.85E-03,1.01E-03
0.1249,8.16E-05,1.10E-05,2.36E-03,1.85E-03,1.01E-03
0.1251,8.14E-05,1.10E-05,2.35E-03,1.85E-03,1.01E-03
0.1253,8.12E-05,1.10E-05,2.35E-03,1.84E-03,1.01E-03
0.1255,8.10E-05,1.11E-05,2.34E-03,1.84E-03,1.01E-03
0.1257,8.09E-05,1.11E-05,2.34E-03,1.84E-03,1.00E-03
0.1259,8.07E-05,1.12E-05,2.34E-03,1.83E-03,1.00E-03
0.1261,8.05E-05,1.12E-05,2.33E-03,1.83E-03,1.00E-03
0.1263,8.03E-05,1.12E-05,2.33E-03,1.83E-03,1.00E-03
0.1265,8.01E-05,1.13E-05,2.32E-03,1.83E-03,9.99E-04
0.1267,8.00E-05,1.13E-05,2.32E-03,1.82E-03,9.98E-04
0.1269,7.98E-05,1.13E-05,2.31E-03,1.82E-03,9.96E-04
0.1271,7.96E-05,1.14E-05,2.31E-03,1.82E-03,9.95E-04
0.1273,7.94E-05,1.14E-05,2.31E-03,1.81E-03,9.94E-04
0.1275,7.93E-05,1.15E-05,2.30E-03,1.81E-03,9.92E-04
0.1277,7.91E-05,1.15E-05,2.30E-03,1.81E-03,9.91E-04
0.1279,7.89E-05,1.15E-05,2.29E-03,1.81E-03,9.89E-04
0.1281,7.87E-05,1.16E-05,2.29E-03,1.80E-03,9.88E-04
0.1283,7.86E-05,1.16E-05,2.28E-03,1.80E-03,9.87E-04
0.1285,7.84E-05,1.16E-05,2.28E-03,1.80E-03,9.85E-04
0.1287,7.82E-05,1.17E-05,2.28E-03,1.80E-03,9.84E-04
0.1289,7.81E-05,1.17E-05,2.27E-03,1.79E-03,9.83E-04
0.1291,7.79E-05,1.18E-05,2.27E-03,1.79E-03,9.81E-04
0.1293,7.77E-05,1.18E-05,2.26E-03,1.79E-03,9.80E-04
0.1295,7.76E-05,1.18E-05,2.26E-03,1.78E-03,9.79E-04
0.1297,7.74E-05,1.19E-05,2.25E-03,1.78E-03,9.77E-04
0.1299,7.72E-05,1.19E-05,2.25E-03,1.78E-03,9.76E-04
0.1301,7.71E-05,1.20E-05,2.25E-03,1.78E-03,9.74E-04
0.1303,7.69E-05,1.20E-05,2.24E-03,1.77E-03,9.73E-04
0.1305,7.67E-05,1.20E-05,2.24E-03,1.77E-03,9.72E-04
0.1307,7.66E-05,1.21E-05,2.23E-03,1.77E-03,9.70E-04
0.1309,7.64E-05,1.21E-05,2.23E-03,1.77E-03,9.69E-04
0.1311,7.63E-05,1.21E-05,2.23E-03,1.76E-03,9.68E-04
0.1313,7.61E-05,1.22E-05,2.22E-03,1.76E-03,9.66E-04
0.1315,7.59E-05,1.22E-05,2.22E-03,1.76E-03,9.65E-04
0.1317,7.58E-05,1.23E-05,2.21E-03,1.75E-03,9.63E-04
0.1319,7.56E-05,1.23E-05,2.21E-03,1.75E-03,9.62E-04
0.1321,7.55E-05,1.23E-05,2.21E-03,1.75E-03,9.61E-04
0.1323,7.53E-05,1.24E-05,2.20E-03,1.75E-03,9.59E-04
0.1325,7.52E-05,1.24E-05,2.20E-03,1.74E-03,9.58E-04
0.1327,7.50E-05,1.25E-05,2.19E-03,1.74E-03,9.56E-04
0.1329,7.49E-05,1.25E-05,2.19E-03,1.74E-03,9.55E-04
0.1331,7.47E-05,1.25E-05,2.19E-03,1.73E-03,9.54E-04
0.1333,7.45E-05,1.26E-05,2.18E-03,1.73E-03,9.52E-04
0.1335,7.44E-05,1.26E-05,2.18E-03,1.73E-03,9.51E-04
0.1337,7.42E-05,1.26E-05,2.18E-03,1.73E-03,9.49E-04
0.1339,7.41E-05,1.27E-05,2.17E-03,1.72E-03,9.48E-04
0.1341,7.40E-05,1.27E-05,2.17E-03,1.72E-03,9.47E-04
0.1343,7.38E-05,1.28E-05,2.16E-03,1.72E-03,9.45E-04
0.1345,7.37E-05,1.28E-05,2.16E-03,1.72E-03,9.44E-04
0.1347,7.35E-05,1.28E-05,2.16E-03,1.71E-03,9.42E-04
0.1349,7.34E-05,1.29E-05,2.15E-03,1.71E-03,9.41E-04
0.1351,7.32E-05,1.29E-05,2.15E-03,1.71E-03,9.39E-04
0.1353,7.31E-05,1.30E-05,2.15E-03,1.70E-03,9.38E-04
0.1355,7.29E-05,1.30E-05,2.14E-03,1.70E-03,9.37E-04
0.1357,7.28E-05,1.30E-05,2.14E-03,1.70E-03,9.35E-04
0.1359,7.26E-05,1.31E-05,2.13E-03,1.70E-03,9.34E-04
0.1361,7.25E-05,1.31E-05,2.13E-03,1.69E-03,9.32E-04
0.1363,7.24E-05,1.32E-05,2.13E-03,1.69E-03,9.31E-04
0.1365,7.22E-05,1.32E-05,2.12E-03,1.69E-03,9.29E-04
0.1367,7.21E-05,1.32E-05,2.12E-03,1.69E-03,9.28E-04
0.1369,7.20E-05,1.33E-05,2.12E-03,1.68E-03,9.27E-04
0.1371,7.18E-05,1.33E-05,2.11E-03,1.68E-03,9.25E-04
0.1373,7.17E-05,1.33E-05,2.11E-03,1.68E-03,9.24E-04
0.1375,7.15E-05,1.34E-05,2.10E-03,1.67E-03,9.22E-04
0.1377,7.14E-05,1.34E-05,2.10E-03,1.67E-03,9.21E-04
0.1379,7.13E-05,1.35E-05,2.10E-03,1.67E-03,9.19E-04
0.1381,7.11E-05,1.35E-05,2.09E-03,1.67E-03,9.18E-04
0.1383,7.10E-05,1.35E-05,2.09E-03,1.66E-03,9.17E-04
0.1385,7.09E-05,1.36E-05,2.09E-03,1.66E-03,9.15E-04
0.1387,7.07E-05,1.36E-05,2.08E-03,1.66E-03,9.14E-04
0.1389,7.06E-05,1.37E-05,2.08E-03,1.66E-03,9.12E-04
0.1391,7.05E-05,1.37E-05,2.08E-03,1.65E-03,9.11E-04
0.1393,7.04E-05,1.37E-05,2.07E-03,1.65E-03,9.09E-04
0.1395,7.02E-05,1.38E-05,2.07E-03,1.65E-03,9.08E-04
0.1397,7.01E-05,1.38E-05,2.07E-03,1.64E-03,9.06E-04
0.1399,7.00E-05,1.39E-05,2.06E-03,1.64E-03,9.05E-04
0.1401,6.99E-05,1.39E-05,2.06E-03,1.64E-03,9.04E-04
0.1403,6.97E-05,1.39E-05,2.06E-03,1.64E-03,9.02E-04
0.1405,6.96E-05,1.40E-05,2.05E-03,1.63E-03,9.01E-04
0.1407,6.95E-05,1.40E-05,2.05E-03,1.63E-03,8.99E-04
0.1409,6.94E-05,1.41E-05,2.05E-03,1.63E-03,8.98E-04
0.1411,6.92E-05,1.41E-05,2.04E-03,1.63E-03,8.96E-04
0.1413,6.91E-05,1.41E-05,2.04E-03,1.62E-03,8.95E-04
0.1415,6.90E-05,1.42E-05,2.04E-03,1.62E-03,8.93E-04
0.1417,6.89E-05,1.42E-05,2.03E-03,1.62E-03,8.92E-04
0.1419,6.88E-05,1.43E-05,2.03E-03,1.62E-03,8.91E-04
0.1421,6.86E-05,1.43E-05,2.03E-03,1.61E-03,8.89E-04
0.1423,6.85E-05,1.43E-05,2.02E-03,1.61E-03,8.88E-04
0.1425,6.84E-05,1.44E-05,2.02E-03,1.61E-03,8.86E-04
0.1427,6.83E-05,1.44E-05,2.02E-03,1.60E-03,8.85E-04
0.1429,6.82E-05,1.44E-05,2.01E-03,1.60E-03,8.83E-04
0.1431,6.81E-05,1.45E-05,2.01E-03,1.60E-03,8.82E-04
0.1433,6.79E-05,1.45E-05,2.01E-03,1.60E-03,8.80E-04
0.1435,6.78E-05,1.46E-05,2.00E-03,1.59E-03,8.79E-04
0.1437,6.77E-05,1.46E-05,2.00E-03,1.59E-03,8.77E-04
0.1439,6.76E-05,1.46E-05,2.00E-03,1.59E-03,8.76E-04
0.1441,6.75E-05,1.47E-05,1.99E-03,1.59E-03,8.75E-04
0.1443,6.74E-05,1.47E-05,1.99E-03,1.58E-03,8.73E-04
0.1445,6.73E-05,1.48E-05,1.99E-03,1.58E-03,8.72E-04
0.1447,6.72E-05,1.48E-05,1.98E-03,1.58E-03,8.70E-04
0.1449,6.70E-05,1.48E-05,1.98E-03,1.58E-03,8.69E-04
0.1451,6.69E-05,1.49E-05,1.98E-03,1.57E-03,8.67E-04
0.1453,6.68E-05,1.49E-05,1.97E-03,1.57E-03,8.66E-04
0.1455,6.67E-05,1.50E-05,1.97E-03,1.57E-03,8.64E-04
0.1457,6.66E-05,1.50E-05,1.97E-03,1.56E-03,8.63E-04
0.1459,6.65E-05,1.50E-05,1.96E-03,1.56E-03,8.61E-04
0.1461,6.64E-05,1.51E-05,1.96E-03,1.56E-03,8.60E-04
0.1463,6.63E-05,1.51E-05,1.96E-03,1.56E-03,8.59E-04
0.1465,6.62E-05,1.52E-05,1.96E-03,1.55E-03,8.57E-04
0.1467,6.61E-05,1.52E-05,1.95E-03,1.55E-03,8.56E-04
0.1469,6.60E-05,1.52E-05,1.95E-03,1.55E-03,8.54E-04
0.1471,6.59E-05,1.53E-05,1.95E-03,1.55E-03,8.53E-04
0.1473,6.58E-05,1.53E-05,1.94E-03,1.54E-03,8.51E-04
0.1475,6.57E-05,1.54E-05,1.94E-03,1.54E-03,8.50E-04
0.1477,6.56E-05,1.54E-05,1.94E-03,1.54E-03,8.48E-04
0.1479,6.55E-05,1.54E-05,1.93E-03,1.54E-03,8.47E-04
0.1481,6.54E-05,1.55E-05,1.93E-03,1.53E-03,8.45E-04
0.1483,6.53E-05,1.55E-05,1.93E-03,1.53E-03,8.44E-04
0.1485,6.52E-05,1.56E-05,1.93E-03,1.53E-03,8.43E-04
0.1487,6.51E-05,1.56E-05,1.92E-03,1.53E-03,8.41E-04
0.1489,6.50E-05,1.56E-05,1.92E-03,1.52E-03,8.40E-04
0.1491,6.49E-05,1.57E-05,1.92E-03,1.52E-03,8.38E-04
0.1493,6.48E-05,1.57E-05,1.91E-03,1.52E-03,8.37E-04
0.1495,6.47E-05,1.58E-05,1.91E-03,1.52E-03,8.35E-04
0.1497,6.46E-05,1.58E-05,1.91E-03,1.51E-03,8.34E-04
0.1499,6.45E-05,1.58E-05,1.90E-03,1.51E-03,8.32E-04
0.1501,6.44E-05,1.59E-05,1.90E-03,1.51E-03,8.31E-04
0.1503,6.43E-05,1.59E-05,1.90E-03,1.51E-03,8.30E-04
0.1505,6.42E-05,1.60E-05,1.90E-03,1.50E-03,8.28E-04
0.1507,6.42E-05,1.60E-05,1.89E-03,1.50E-03,8.27E-04
0.1509,6.41E-05,1.60E-05,1.89E-03,1.50E-03,8.25E-04
0.1511,6.40E-05,1.61E-05,1.89E-03,1.50E-03,8.24E-04
0.1513,6.39E-05,1.61E-05,1.88E-03,1.49E-03,8.22E-04
0.1515,6.38E-05,1.61E-05,1.88E-03,1.49E-03,8.21E-04
0.1517,6.37E-05,1.62E-05,1.88E-03,1.49E-03,8.19E-04
0.1519,6.36E-05,1.62E-05,1.88E-03,1.49E-03,8.18E-04
0.1521,6.35E-05,1.63E-05,1.87E-03,1.48E-03,8.17E-04
0.1523,6.34E-05,1.63E-05,1.87E-03,1.48E-03,8.15E-04
0.1525,6.34E-05,1.63E-05,1.87E-03,1.48E-03,8.14E-04
0.1527,6.33E-05,1.64E-05,1.87E-03,1.48E-03,8.12E-04
0.1529,6.32E-05,1.64E-05,1.86E-03,1.47E-03,8.11E-04
0.1531,6.31E-05,1.65E-05,1.86E-03,1.47E-03,8.09E-04
0.1533,6.30E-05,1.65E-05,1.86E-03,1.47E-03,8.08E-04
0.1535,6.29E-05,1.65E-05,1.85E-03,1.47E-03,8.06E-04
0.1537,6.28E-05,1.66E-05,1.85E-03,1.46E-03,8.05E-04
0.1539,6.28E-05,1.66E-05,1.85E-03,1.46E-03,8.04E-04
0.1541,6.27E-05,1.67E-05,1.85E-03,1.46E-03,8.02E-04
0.1543,6.26E-05,1.67E-05,1.84E-03,1.46E-03,8.01E-04
0.1545,6.25E-05,1.67E-05,1.84E-03,1.45E-03,7.99E-04
0.1547,6.24E-05,1.68E-05,1.84E-03,1.45E-03,7.98E-04
0.1549,6.24E-05,1.68E-05,1.84E-03,1.45E-03,7.96E-04
0.1551,6.23E-05,1.68E-05,1.83E-03,1.45E-03,7.95E-04
0.1553,6.22E-05,1.69E-05,1.83E-03,1.44E-03,7.94E-04
0.1555,6.21E-05,1.69E-05,1.83E-03,1.44E-03,7.92E-04
0.1557,6.20E-05,1.70E-05,1.82E-03,1.44E-03,7.91E-04
0.1559,6.20E-05,1.70E-05,1.82E-03,1.44E-03,7.89E-04
0.1561,6.19E-05,1.70E-05,1.82E-03,1.43E-03,7.88E-04
0.1563,6.18E-05,1.71E-05,1.82E-03,1.43E-03,7.86E-04
0.1565,6.17E-05,1.71E-05,1.81E-03,1.43E-03,7.85E-04
0.1567,6.17E-05,1.72E-05,1.81E-03,1.43E-03,7.84E-04
0.1569,6.16E-05,1.72E-05,1.81E-03,1.42E-03,7.82E-04
0.1571,6.15E-05,1.72E-05,1.81E-03,1.42E-03,7.81E-04
0.1573,6.14E-05,1.73E-05,1.80E-03,1.42E-03,7.79E-04
0.1575,6.14E-05,1.73E-05,1.80E-03,1.42E-03,7.78E-04
0.1577,6.13E-05,1.74E-05,1.80E-03,1.42E-03,7.77E-04
0.1579,6.12E-05,1.74E-05,1.80E-03,1.41E-03,7.75E-04
0.1581,6.11E-05,1.74E-05,1.79E-03,1.41E-03,7.74E-04
0.1583,6.11E-05,1.75E-05,1.79E-03,1.41E-03,7.72E-04
0.1585,6.10E-05,1.75E-05,1.79E-03,1.41E-03,7.71E-04
0.1587,6.09E-05,1.75E-05,1.79E-03,1.40E-03,7.69E-04
0.1589,6.08E-05,1.76E-05,1.78E-03,1.40E-03,7.68E-04
0.1591,6.08E-05,1.76E-05,1.78E-03,1.40E-03,7.67E-04
0.1593,6.07E-05,1.77E-05,1.78E-03,1.40E-03,7.65E-04
0.1595,6.06E-05,1.77E-05,1.78E-03,1.39E-03,7.64E-04
0.1597,6.06E-05,1.77E-05,1.77E-03,1.39E-03,7.62E-04
0.1599,6.05E-05,1.78E-05,1.77E-03,1.39E-03,7.61E-04
0.1601,6.04E-05,1.78E-05,1.77E-03,1.39E-03,7.60E-04
0.1603,6.04E-05,1.78E-05,1.77E-03,1.38E-03,7.58E-04
0.1605,6.03E-05,1.79E-05,1.76E-03,1.38E-03,7.57E-04
0.1607,6.02E-05,1.79E-05,1.76E-03,1.38E-03,7.56E-04
0.1609,6.02E-05,1.80E-05,1.76E-03,1.38E-03,7.54E-04
0.1611,6.01E-05,1.80E-05,1.76E-03,1.38E-03,7.53E-04
0.1613,6.00E-05,1.80E-05,1.75E-03,1.37E-03,7.51E-04
0.1615,6.00E-05,1.81E-05,1.75E-03,1.37E-03,7.50E-04
0.1617,5.99E-05,1.81E-05,1.75E-03,1.37E-03,7.49E-04
0.1619,5.98E-05,1.81E-05,1.75E-03,1.37E-03,7.47E-04
0.1621,5.98E-05,1.82E-05,1.74E-03,1.36E-03,7.46E-04
0.1623,5.97E-05,1.82E-05,1.74E-03,1.36E-03,7.44E-04
0.1625,5.96E-05,1.83E-05,1.74E-03,1.36E-03,7.43E-04
0.1627,5.96E-05,1.83E-05,1.74E-03,1.36E-03,7.42E-04
0.1629,5.95E-05,1.83E-05,1.74E-03,1.35E-03,7.40E-04
0.1631,5.94E-05,1.84E-05,1.73E-03,1.35E-03,7.39E-04
0.1633,5.94E-05,1.84E-05,1.73E-03,1.35E-03,7.38E-04
0.1635,5.93E-05,1.84E-05,1.73E-03,1.35E-03,7.36E-04
0.1637,5.92E-05,1.85E-05,1.73E-03,1.35E-03,7.35E-04
0.1639,5.92E-05,1.85E-05,1.72E-03,1.34E-03,7.34E-04
0.1641,5.91E-05,1.86E-05,1.72E-03,1.34E-03,7.32E-04
0.1643,5.91E-05,1.86E-05,1.72E-03,1.34E-03,7.31E-04
0.1645,5.90E-05,1.86E-05,1.72E-03,1.34E-03,7.29E-04
0.1647,5.89E-05,1.87E-05,1.71E-03,1.33E-03,7.28E-04
0.1649,5.89E-05,1.87E-05,1.71E-03,1.33E-03,7.27E-04
0.1651,5.88E-05,1.87E-05,1.71E-03,1.33E-03,7.25E-04
0.1653,5.88E-05,1.88E-05,1.71E-03,1.33E-03,7.24E-04
0.1655,5.87E-05,1.88E-05,1.71E-03,1.33E-03,7.23E-04
0.1657,5.86E-05,1.88E-05,1.70E-03,1.32E-03,7.21E-04
0.1659,5.86E-05,1.89E-05,1.70E-03,1.32E-03,7.20E-04
0.1661,5.85E-05,1.89E-05,1.70E-03,1.32E-03,7.19E-04
0.1663,5.85E-05,1.90E-05,1.70E-03,1.32E-03,7.17E-04
0.1665,5.84E-05,1.90E-05,1.69E-03,1.32E-03,7.16E-04
0.1667,5.83E-05,1.90E-05,1.69E-03,1.31E-03,7.15E-04
0.1669,5.83E-05,1.91E-05,1.69E-03,1.31E-03,7.13E-04
0.1671,5.82E-05,1.91E-05,1.69E-03,1.31E-03,7.12E-04
0.1673,5.82E-05,1.91E-05,1.69E-03,1.31E-03,7.11E-04
0.1675,5.81E-05,1.92E-05,1.68E-03,1.30E-03,7.09E-04
0.1677,5.81E-05,1.92E-05,1.68E-03,1.30E-03,7.08E-04
0.1679,5.80E-05,1.92E-05,1.68E-03,1.30E-03,7.07E-04
0.1681,5.79E-05,1.93E-05,1.68E-03,1.30E-03,7.06E-04
0.1683,5.79E-05,1.93E-05,1.67E-03,1.30E-03,7.04E-04
0.1685,5.78E-05,1.94E-05,1.67E-03,1.29E-03,7.03E-04
0.1687,5.78E-05,1.94E-05,1.67E-03,1.29E-03,7.02E-04
0.1689,5.77E-05,1.94E-05,1.67E-03,1.29E-03,7.00E-04
0.1691,5.77E-05,1.95E-05,1.67E-03,1.29E-03,6.99E-04
0.1693,5.76E-05,1.95E-05,1.66E-03,1.29E-03,6.98E-04
0.1695,5.75E-05,1.95E-05,1.66E-03,1.28E-03,6.96E-04
0.1697,5.75E-05,1.96E-05,1.66E-03,1.28E-03,6.95E-04
0.1699,5.74E-05,1.96E-05,1.66E-03,1.28E-03,6.94E-04
0.1701,5.74E-05,1.96E-05,1.66E-03,1.28E-03,6.93E-04
0.1703,5.73E-05,1.97E-05,1.65E-03,1.27E-03,6.91E-04
0.1705,5.73E-05,1.97E-05,1.65E-03,1.27E-03,6.90E-04
0.1707,5.72E-05,1.97E-05,1.65E-03,1.27E-03,6.89E-04
0.1709,5.72E-05,1.98E-05,1.65E-03,1.27E-03,6.87E-04
0.1711,5.71E-05,1.98E-05,1.65E-03,1.27E-03,6.86E-04
0.1713,5.71E-05,1.98E-05,1.64E-03,1.26E-03,6.85E-04
0.1715,5.70E-05,1.99E-05,1.64E-03,1.26E-03,6.84E-04
0.1717,5.70E-05,1.99E-05,1.64E-03,1.26E-03,6.82E-04
0.1719,5.69E-05,1.99E-05,1.64E-03,1.26E-03,6.81E-04
0.1721,5.68E-05,2.00E-05,1.64E-03,1.26E-03,6.80E-04
0.1723,5.68E-05,2.00E-05,1.63E-03,1.25E-03,6.79E-04
0.1725,5.67E-05,2.00E-05,1.63E-03,1.25E-03,6.77E-04
0.1727,5.67E-05,2.01E-05,1.63E-03,1.25E-03,6.76E-04
0.1729,5.66E-05,2.01E-05,1.63E-03,1.25E-03,6.75E-04
0.1731,5.66E-05,2.01E-05,1.63E-03,1.25E-03,6.74E-04
0.1733,5.65E-05,2.02E-05,1.62E-03,1.24E-03,6.72E-04
0.1735,5.65E-05,2.02E-05,1.62E-03,1.24E-03,6.71E-04
0.1737,5.64E-05,2.02E-05,1.62E-03,1.24E-03,6.70E-04
0.1739,5.64E-05,2.03E-05,1.62E-03,1.24E-03,6.69E-04
0.1741,5.63E-05,2.03E-05,1.62E-03,1.24E-03,6.67E-04
0.1743,5.63E-05,2.03E-05,1.61E-03,1.23E-03,6.66E-04
0.1745,5.62E-05,2.04E-05,1.61E-03,1.23E-03,6.65E-04
0.1747,5.62E-05,2.04E-05,1.61E-03,1.23E-03,6.64E-04
0.1749,5.61E-05,2.04E-05,1.61E-03,1.23E-03,6.63E-04
0.1751,5.61E-05,2.05E-05,1.61E-03,1.23E-03,6.61E-04
0.1753,5.60E-05,2.05E-05,1.60E-03,1.22E-03,6.60E-04
0.1755,5.60E-05,2.05E-05,1.60E-03,1.22E-03,6.59E-04
0.1757,5.59E-05,2.06E-05,1.60E-03,1.22E-03,6.58E-04
0.1759,5.59E-05,2.06E-05,1.60E-03,1.22E-03,6.57E-04
0.1761,5.58E-05,2.06E-05,1.60E-03,1.22E-03,6.55E-04
0.1763,5.58E-05,2.07E-05,1.59E-03,1.21E-03,6.54E-04
0.1765,5.57E-05,2.07E-05,1.59E-03,1.21E-03,6.53E-04
0.1767,5.57E-05,2.07E-05,1.59E-03,1.21E-03,6.52E-04
0.1769,5.56E-05,2.08E-05,1.59E-03,1.21E-03,6.51E-04
0.1771,5.56E-05,2.08E-05,1.59E-03,1.21E-03,6.49E-04
0.1773,5.55E-05,2.08E-05,1.58E-03,1.21E-03,6.48E-04
0.1775,5.55E-05,2.09E-05,1.58E-03,1.20E-03,6.47E-04
0.1777,5.54E-05,2.09E-05,1.58E-03,1.20E-03,6.46E-04
0.1779,5.54E-05,2.09E-05,1.58E-03,1.20E-03,6.45E-04
0.1781,5.53E-05,2.10E-05,1.58E-03,1.20E-03,6.44E-04
0.1783,5.53E-05,2.10E-05,1.58E-03,1.20E-03,6.42E-04
0.1785,5.52E-05,2.10E-05,1.57E-03,1.19E-03,6.41E-04
0.1787,5.52E-05,2.10E-05,1.57E-03,1.19E-03,6.40E-04
0.1789,5.51E-05,2.11E-05,1.57E-03,1.19E-03,6.39E-04
0.1791,5.51E-05,2.11E-05,1.57E-03,1.19E-03,6.38E-04
0.1793,5.50E-05,2.11E-05,1.57E-03,1.19E-03,6.37E-04
0.1795,5.50E-05,2.12E-05,1.56E-03,1.18E-03,6.36E-04
0.1797,5.49E-05,2.12E-05,1.56E-03,1.18E-03,6.34E-04
0.1799,5.49E-05,2.12E-05,1.56E-03,1.18E-03,6.33E-04
0.1801,5.48E-05,2.13E-05,1.56E-03,1.18E-03,6.32E-04
0.1803,5.48E-05,2.13E-05,1.56E-03,1.18E-03,6.31E-04
0.1805,5.47E-05,2.13E-05,1.56E-03,1.18E-03,6.30E-04
0.1807,5.47E-05,2.14E-05,1.55E-03,1.17E-03,6.29E-04
0.1809,5.47E-05,2.14E-05,1.55E-03,1.17E-03,6.28E-04
0.1811,5.46E-05,2.14E-05,1.55E-03,1.17E-03,6.27E-04
0.1813,5.46E-05,2.14E-05,1.55E-03,1.17E-03,6.25E-04
0.1815,5.45E-05,2.15E-05,1.55E-03,1.17E-03,6.24E-04
0.1817,5.45E-05,2.15E-05,1.54E-03,1.16E-03,6.23E-04
0.1819,5.44E-05,2.15E-05,1.54E-03,1.16E-03,6.22E-04
0.1821,5.44E-05,2.16E-05,1.54E-03,1.16E-03,6.21E-04
0.1823,5.43E-05,2.16E-05,1.54E-03,1.16E-03,6.20E-04
0.1825,5.43E-05,2.16E-05,1.54E-03,1.16E-03,6.19E-04
0.1827,5.42E-05,2.16E-05,1.54E-03,1.16E-03,6.18E-04
0.1829,5.42E-05,2.17E-05,1.53E-03,1.15E-03,6.17E-04
0.1831,5.41E-05,2.17E-05,1.53E-03,1.15E-03,6.16E-04
0.1833,5.41E-05,2.17E-05,1.53E-03,1.15E-03,6.15E-04
0.1835,5.40E-05,2.18E-05,1.53E-03,1.15E-03,6.14E-04
0.1837,5.40E-05,2.18E-05,1.53E-03,1.15E-03,6.12E-04
0.1839,5.39E-05,2.18E-05,1.53E-03,1.14E-03,6.11E-04
0.1841,5.39E-05,2.18E-05,1.52E-03,1.14E-03,6.10E-04
0.1843,5.38E-05,2.19E-05,1.52E-03,1.14E-03,6.09E-04
0.1845,5.38E-05,2.19E-05,1.52E-03,1.14E-03,6.08E-04
0.1847,5.37E-05,2.19E-05,1.52E-03,1.14E-03,6.07E-04
0.1849,5.37E-05,2.20E-05,1.52E-03,1.14E-03,6.06E-04
0.1851,5.37E-05,2.20E-05,1.52E-03,1.13E-03,6.05E-04
0.1853,5.36E-05,2.20E-05,1.51E-03,1.13E-03,6.04E-04
0.1855,5.36E-05,2.20E-05,1.51E-03,1.13E-03,6.03E-04
0.1857,5.35E-05,2.21E-05,1.51E-03,1.13E-03,6.02E-04
0.1859,5.35E-05,2.21E-05,1.51E-03,1.13E-03,6.01E-04
0.1861,5.34E-05,2.21E-05,1.51E-03,1.13E-03,6.00E-04
0.1863,5.34E-05,2.21E-05,1.51E-03,1.12E-03,5.99E-04
0.1865,5.33E-05,2.22E-05,1.50E-03,1.12E-03,5.98E-04
0.1867,5.33E-05,2.22E-05,1.50E-03,1.12E-03,5.97E-04
0.1869,5.32E-05,2.22E-05,1.50E-03,1.12E-03,5.96E-04
0.1871,5.32E-05,2.22E-05,1.50E-03,1.12E-03,5.95E-04
0.1873,5.31E-05,2.23E-05,1.50E-03,1.12E-03,5.94E-04
0.1875,5.31E-05,2.23E-05,1.50E-03,1.11E-03,5.93E-04
0.1877,5.30E-05,2.23E-05,1.49E-03,1.11E-03,5.92E-04
0.1879,5.30E-05,2.24E-05,1.49E-03,1.11E-03,5.91E-04
0.1881,5.29E-05,2.24E-05,1.49E-03,1.11E-03,5.90E-04
0.1883,5.29E-05,2.24E-05,1.49E-03,1.11E-03,5.89E-04
0.1885,5.29E-05,2.24E-05,1.49E-03,1.11E-03,5.88E-04
0.1887,5.28E-05,2.25E-05,1.49E-03,1.10E-03,5.87E-04
0.1889,5.28E-05,2.25E-05,1.48E-03,1.10E-03,5.86E-04
0.1891,5.27E-05,2.25E-05,1.48E-03,1.10E-03,5.85E-04
0.1893,5.27E-05,2.25E-05,1.48E-03,1.10E-03,5.84E-04
0.1895,5.26E-05,2.26E-05,1.48E-03,1.10E-03,5.83E-04
0.1897,5.26E-05,2.26E-05,1.48E-03,1.10E-03,5.82E-04
0.1899,5.25E-05,2.26E-05,1.48E-03,1.09E-03,5.81E-04
0.1901,5.25E-05,2.26E-05,1.47E-03,1.09E-03,5.80E-04
0.1903,5.24E-05,2.26E-05,1.47E-03,1.09E-03,5.80E-04
0.1905,5.24E-05,2.27E-05,1.47E-03,1.09E-03,5.79E-04
0.1907,5.23E-05,2.27E-05,1.47E-03,1.09E-03,5.78E-04
0.1909,5.23E-05,2.27E-05,1.47E-03,1.09E-03,5.77E-04
0.1911,5.22E-05,2.27E-05,1.47E-03,1.09E-03,5.76E-04
0.1913,5.22E-05,2.28E-05,1.47E-03,1.08E-03,5.75E-04
0.1915,5.21E-05,2.28E-05,1.46E-03,1.08E-03,5.74E-04
0.1917,5.21E-05,2.28E-05,1.46E-03,1.08E-03,5.73E-04
0.1919,5.20E-05,2.28E-05,1.46E-03,1.08E-03,5.72E-04
0.1921,5.20E-05,2.29E-05,1.46E-03,1.08E-03,5.71E-04
0.1923,5.20E-05,2.29E-05,1.46E-03,1.08E-03,5.70E-04
0.1925,5.19E-05,2.29E-05,1.46E-03,1.07E-03,5.69E-04
0.1927,5.19E-05,2.29E-05,1.45E-03,1.07E-03,5.69E-04
0.1929,5.18E-05,2.29E-05,1.45E-03,1.07E-03,5.68E-04
0.1931,5.18E-05,2.30E-05,1.45E-03,1.07E-03,5.67E-04
0.1933,5.17E-05,2.30E-05,1.45E-03,1.07E-03,5.66E-04
0.1935,5.17E-05,2.30E-05,1.45E-03,1.07E-03,5.65E-04
0.1937,5.16E-05,2.30E-05,1.45E-03,1.07E-03,5.64E-04
0.1939,5.16E-05,2.31E-05,1.45E-03,1.06E-03,5.63E-04
0.1941,5.15E-05,2.31E-05,1.44E-03,1.06E-03,5.62E-04
0.1943,5.15E-05,2.31E-05,1.44E-03,1.06E-03,5.62E-04
0.1945,5.14E-05,2.31E-05,1.44E-03,1.06E-03,5.61E-04
0.1947,5.14E-05,2.31E-05,1.44E-03,1.06E-03,5.60E-04
0.1949,5.13E-05,2.32E-05,1.44E-03,1.06E-03,5.59E-04
0.1951,5.13E-05,2.32E-05,1.44E-03,1.06E-03,5.58E-04
0.1953,5.12E-05,2.32E-05,1.44E-03,1.05E-03,5.57E-04
0.1955,5.12E-05,2.32E-05,1.43E-03,1.05E-03,5.57E-04
0.1957,5.11E-05,2.32E-05,1.43E-03,1.05E-03,5.56E-04
0.1959,5.11E-05,2.33E-05,1.43E-03,1.05E-03,5.55E-04
0.1961,5.10E-05,2.33E-05,1.43E-03,1.05E-03,5.54E-04
0.1963,5.10E-05,2.33E-05,1.43E-03,1.05E-03,5.53E-04
0.1965,5.09E-05,2.33E-05,1.43E-03,1.04E-03,5.52E-04
0.1967,5.09E-05,2.33E-05,1.43E-03,1.04E-03,5.52E-04
0.1969,5.08E-05,2.34E-05,1.42E-03,1.04E-03,5.51E-04
0.1971,5.08E-05,2.34E-05,1.42E-03,1.04E-03,5.50E-04
0.1973,5.08E-05,2.34E-05,1.42E-03,1.04E-03,5.49E-04
0.1975,5.07E-05,2.34E-05,1.42E-03,1.04E-03,5.48E-04
0.1977,5.07E-05,2.34E-05,1.42E-03,1.04E-03,5.48E-04
0.1979,5.06E-05,2.35E-05,1.42E-03,1.03E-03,5.47E-04
0.1981,5.06E-05,2.35E-05,1.42E-03,1.03E-03,5.46E-04
0.1983,5.05E-05,2.35E-05,1.41E-03,1.03E-03,5.45E-04
0.1985,5.05E-05,2.35E-05,1.41E-03,1.03E-03,5.45E-04
0.1987,5.04E-05,2.35E-05,1.41E-03,1.03E-03,5.44E-04
0.1989,5.04E-05,2.35E-05,1.41E-03,1.03E-03,5.43E-04
0.1991,5.03E-05,2.36E-05,1.41E-03,1.03E-03,5.42E-04
0.1993,5.03E-05,2.36E-05,1.41E-03,1.03E-03,5.42E-04
0.1995,5.02E-05,2.36E-05,1.41E-03,1.02E-03,5.41E-04
0.1997,5.02E-05,2.36E-05,1.40E-03,1.02E-03,5.40E-04
0.1999,5.01E-05,2.36E-05,1.40E-03,1.02E-03,5.39E-04
0.2001,5.01E-05,2.36E-05,1.40E-03,1.02E-03,5.39E-04
0.2003,5.00E-05,2.37E-05,1.40E-03,1.02E-03,5.38E-04
0.2005,5.00E-05,2.37E-05,1.40E-03,1.02E-03,5.37E-04
0.2007,4.99E-05,2.37E-05,1.40E-03,1.02E-03,5.36E-04
0.2009,4.99E-05,2.37E-05,1.40E-03,1.01E-03,5.36E-04
0.2011,4.98E-05,2.37E-05,1.39E-03,1.01E-03,5.35E-04
0.2013,4.98E-05,2.37E-05,1.39E-03,1.01E-03,5.34E-04
0.2015,4.97E-05,2.38E-05,1.39E-03,1.01E-03,5.34E-04
0.2017,4.97E-05,2.38E-05,1.39E-03,1.01E-03,5.33E-04
0.2019,4.96E-05,2.38E-05,1.39E-03,1.01E-03,5.32E-04
0.2021,4.96E-05,2.38E-05,1.39E-03,1.01E-03,5.31E-04
0.2023,4.95E-05,2.38E-05,1.39E-03,1.00E-03,5.31E-04
0.2025,4.95E-05,2.38E-05,1.39E-03,1.00E-03,5.30E-04
0.2027,4.94E-05,2.38E-05,1.38E-03,1.00E-03,5.29E-04
0.2029,4.94E-05,2.39E-05,1.38E-03,1.00E-03,5.29E-04
0.2031,4.93E-05,2.39E-05,1.38E-03,1.00E-03,5.28E-04
0.2033,4.93E-05,2.39E-05,1.38E-03,9.98E-04,5.27E-04
0.2035,4.92E-05,2.39E-05,1.38E-03,9.97E-04,5.27E-04
0.2037,4.92E-05,2.39E-05,1.38E-03,9.96E-04,5.26E-04
0.2039,4.91E-05,2.39E-05,1.38E-03,9.94E-04,5.25E-04
0.2041,4.91E-05,2.39E-05,1.37E-03,9.93E-04,5.25E-04
0.2043,4.90E-05,2.40E-05,1.37E-03,9.92E-04,5.24E-04
0.2045,4.90E-05,2.40E-05,1.37E-03,9.91E-04,5.23E-04
0.2047,4.89E-05,2.40E-05,1.37E-03,9.89E-04,5.23E-04
0.2049,4.89E-05,2.40E-05,1.37E-03,9.88E-04,5.22E-04
0.2051,4.88E-05,2.40E-05,1.37E-03,9.87E-04,5.21E-04
0.2053,4.88E-05,2.40E-05,1.37E-03,9.85E-04,5.21E-04
0.2055,4.87E-05,2.40E-05,1.37E-03,9.84E-04,5.20E-04
0.2057,4.87E-05,2.40E-05,1.36E-03,9.83E-04,5.20E-04
0.2059,4.86E-05,2.41E-05,1.36E-03,9.82E-04,5.19E-04
0.2061,4.86E-05,2.41E-05,1.36E-03,9.80E-04,5.18E-04
0.2063,4.85E-05,2.41E-05,1.36E-03,9.79E-04,5.18E-04
0.2065,4.85E-05,2.41E-05,1.36E-03,9.78E-04,5.17E-04
0.2067,4.84E-05,2.41E-05,1.36E-03,9.77E-04,5.16E-04
0.2069,4.84E-05,2.41E-05,1.36E-03,9.76E-04,5.16E-04
0.2071,4.83E-05,2.41E-05,1.36E-03,9.74E-04,5.15E-04
0.2073,4.83E-05,2.41E-05,1.35E-03,9.73E-04,5.15E-04
0.2075,4.82E-05,2.42E-05,1.35E-03,9.72E-04,5.14E-04
0.2077,4.82E-05,2.42E-05,1.35E-03,9.71E-04,5.13E-04
0.2079,4.81E-05,2.42E-05,1.35E-03,9.70E-04,5.13E-04
0.2081,4.81E-05,2.42E-05,1.35E-03,9.68E-04,5.12E-04
0.2083,4.80E-05,2.42E-05,1.35E-03,9.67E-04,5.12E-04
0.2085,4.80E-05,2.42E-05,1.35E-03,9.66E-04,5.11E-04
0.2087,4.79E-05,2.42E-05,1.35E-03,9.65E-04,5.11E-04
0.2089,4.79E-05,2.42E-05,1.34E-03,9.64E-04,5.10E-04
0.2091,4.78E-05,2.42E-05,1.34E-03,9.62E-04,5.09E-04
0.2093,4.78E-05,2.42E-05,1.34E-03,9.61E-04,5.09E-04
0.2095,4.77E-05,2.42E-05,1.34E-03,9.60E-04,5.08E-04
0.2097,4.77E-05,2.43E-05,1.34E-03,9.59E-04,5.08E-04
0.2099,4.76E-05,2.43E-05,1.34E-03,9.58E-04,5.07E-04
0.2101,4.75E-05,2.43E-05,1.34E-03,9.56E-04,5.07E-04
0.2103,4.75E-05,2.43E-05,1.34E-03,9.55E-04,5.06E-04
0.2105,4.74E-05,2.43E-05,1.33E-03,9.54E-04,5.06E-04
0.2107,4.74E-05,2.43E-05,1.33E-03,9.53E-04,5.05E-04
0.2109,4.73E-05,2.43E-05,1.33E-03,9.52E-04,5.05E-04
0.2111,4.73E-05,2.43E-05,1.33E-03,9.51E-04,5.04E-04
0.2113,4.72E-05,2.43E-05,1.33E-03,9.50E-04,5.04E-04
0.2115,4.72E-05,2.43E-05,1.33E-03,9.48E-04,5.03E-04
0.2117,4.71E-05,2.43E-05,1.33E-03,9.47E-04,5.02E-04
0.2119,4.71E-05,2.43E-05,1.33E-03,9.46E-04,5.02E-04
0.2121,4.70E-05,2.43E-05,1.33E-03,9.45E-04,5.01E-04
0.2123,4.70E-05,2.44E-05,1.32E-03,9.44E-04,5.01E-04
0.2125,4.69E-05,2.44E-05,1.32E-03,9.43E-04,5.00E-04
0.2127,4.69E-05,2.44E-05,1.32E-03,9.42E-04,5.00E-04
0.2129,4.68E-05,2.44E-05,1.32E-03,9.41E-04,4.99E-04
0.2131,4.68E-05,2.44E-05,1.32E-03,9.40E-04,4.99E-04
0.2133,4.67E-05,2.44E-05,1.32E-03,9.38E-04,4.99E-04
0.2135,4.67E-05,2.44E-05,1.32E-03,9.37E-04,4.98E-04
0.2137,4.66E-05,2.44E-05,1.32E-03,9.36E-04,4.98E-04
0.2139,4.66E-05,2.44E-05,1.31E-03,9.35E-04,4.97E-04
0.2141,4.65E-05,2.44E-05,1.31E-03,9.34E-04,4.97E-04
0.2143,4.65E-05,2.44E-05,1.31E-03,9.33E-04,4.96E-04
0.2145,4.64E-05,2.44E-05,1.31E-03,9.32E-04,4.96E-04
0.2147,4.64E-05,2.44E-05,1.31E-03,9.31E-04,4.95E-04
0.2149,4.63E-05,2.44E-05,1.31E-03,9.30E-04,4.95E-04
0.2151,4.63E-05,2.44E-05,1.31E-03,9.29E-04,4.94E-04
0.2153,4.62E-05,2.44E-05,1.31E-03,9.28E-04,4.94E-04
0.2155,4.61E-05,2.44E-05,1.31E-03,9.27E-04,4.93E-04
0.2157,4.61E-05,2.44E-05,1.30E-03,9.25E-04,4.93E-04
0.2159,4.60E-05,2.44E-05,1.30E-03,9.24E-04,4.93E-04
0.2161,4.60E-05,2.44E-05,1.30E-03,9.23E-04,4.92E-04
0.2163,4.59E-05,2.44E-05,1.30E-03,9.22E-04,4.92E-04
0.2165,4.59E-05,2.45E-05,1.30E-03,9.21E-04,4.91E-04
0.2167,4.58E-05,2.45E-05,1.30E-03,9.20E-04,4.91E-04
0.2169,4.58E-05,2.45E-05,1.30E-03,9.19E-04,4.90E-04
0.2171,4.57E-05,2.45E-05,1.30E-03,9.18E-04,4.90E-04
0.2173,4.57E-05,2.45E-05,1.30E-03,9.17E-04,4.90E-04
0.2175,4.56E-05,2.45E-05,1.29E-03,9.16E-04,4.89E-04
0.2177,4.56E-05,2.45E-05,1.29E-03,9.15E-04,4.89E-04
0.2179,4.55E-05,2.45E-05,1.29E-03,9.14E-04,4.88E-04
0.2181,4.55E-05,2.45E-05,1.29E-03,9.13E-04,4.88E-04
0.2183,4.54E-05,2.45E-05,1.29E-03,9.12E-04,4.87E-04
0.2185,4.54E-05,2.45E-05,1.29E-03,9.11E-04,4.87E-04
0.2187,4.53E-05,2.45E-05,1.29E-03,9.10E-04,4.87E-04
0.2189,4.53E-05,2.45E-05,1.29E-03,9.09E-04,4.86E-04
0.2191,4.52E-05,2.45E-05,1.29E-03,9.08E-04,4.86E-04
0.2193,4.52E-05,2.45E-05,1.28E-03,9.07E-04,4.85E-04
0.2195,4.51E-05,2.45E-05,1.28E-03,9.06E-04,4.85E-04
0.2197,4.50E-05,2.45E-05,1.28E-03,9.05E-04,4.85E-04
0.2199,4.50E-05,2.45E-05,1.28E-03,9.04E-04,4.84E-04
0.2201,4.49E-05,2.45E-05,1.28E-03,9.03E-04,4.84E-04
0.2203,4.49E-05,2.45E-05,1.28E-03,9.02E-04,4.84E-04
0.2205,4.48E-05,2.45E-05,1.28E-03,9.01E-04,4.83E-04
0.2207,4.48E-05,2.45E-05,1.28E-03,9.00E-04,4.83E-04
0.2209,4.47E-05,2.45E-05,1.28E-03,8.99E-04,4.82E-04
0.2211,4.47E-05,2.45E-05,1.28E-03,8.98E-04,4.82E-04
0.2213,4.46E-05,2.45E-05,1.27E-03,8.97E-04,4.82E-04
0.2215,4.46E-05,2.45E-05,1.27E-03,8.96E-04,4.81E-04
0.2217,4.45E-05,2.45E-05,1.27E-03,8.95E-04,4.81E-04
0.2219,4.45E-05,2.45E-05,1.27E-03,8.94E-04,4.81E-04
0.2221,4.44E-05,2.45E-05,1.27E-03,8.93E-04,4.80E-04
0.2223,4.44E-05,2.45E-05,1.27E-03,8.92E-04,4.80E-04
0.2225,4.43E-05,2.45E-05,1.27E-03,8.91E-04,4.80E-04
0.2227,4.43E-05,2.45E-05,1.27E-03,8.90E-04,4.79E-04
0.2229,4.42E-05,2.44E-05,1.27E-03,8.90E-04,4.79E-04
0.2231,4.42E-05,2.44E-05,1.26E-03,8.89E-04,4.79E-04
0.2233,4.41E-05,2.44E-05,1.26E-03,8.88E-04,4.78E-04
0.2235,4.41E-05,2.44E-05,1.26E-03,8.87E-04,4.78E-04
0.2237,4.40E-05,2.44E-05,1.26E-03,8.86E-04,4.78E-04
0.2239,4.39E-05,2.44E-05,1.26E-03,8.85E-04,4.77E-04
0.2241,4.39E-05,2.44E-05,1.26E-03,8.84E-04,4.77E-04
0.2243,4.38E-05,2.44E-05,1.26E-03,8.83E-04,4.77E-04
0.2245,4.38E-05,2.44E-05,1.26E-03,8.82E-04,4.76E-04
0.2247,4.37E-05,2.44E-05,1.26E-03,8.81E-04,4.76E-04
0.2249,4.37E-05,2.44E-05,1.26E-03,8.80E-04,4.76E-04
0.2251,4.36E-05,2.44E-05,1.25E-03,8.79E-04,4.75E-04
0.2253,4.36E-05,2.44E-05,1.25E-03,8.78E-04,4.75E-04
0.2255,4.35E-05,2.44E-05,1.25E-03,8.78E-04,4.75E-04
0.2257,4.35E-05,2.44E-05,1.25E-03,8.77E-04,4.75E-04
0.2259,4.34E-05,2.44E-05,1.25E-03,8.76E-04,4.74E-04
0.2261,4.34E-05,2.44E-05,1.25E-03,8.75E-04,4.74E-04
0.2263,4.33E-05,2.44E-05,1.25E-03,8.74E-04,4.74E-04
0.2265,4.33E-05,2.44E-05,1.25E-03,8.73E-04,4.73E-04
0.2267,4.32E-05,2.44E-05,1.25E-03,8.72E-04,4.73E-04
0.2269,4.32E-05,2.44E-05,1.25E-03,8.71E-04,4.73E-04
0.2271,4.31E-05,2.43E-05,1.24E-03,8.70E-04,4.73E-04
0.2273,4.31E-05,2.43E-05,1.24E-03,8.70E-04,4.72E-04
0.2275,4.30E-05,2.43E-05,1.24E-03,8.69E-04,4.72E-04
0.2277,4.30E-05,2.43E-05,1.24E-03,8.68E-04,4.72E-04
0.2279,4.29E-05,2.43E-05,1.24E-03,8.67E-04,4.71E-04
0.2281,4.29E-05,2.43E-05,1.24E-03,8.66E-04,4.71E-04
0.2283,4.28E-05,2.43E-05,1.24E-03,8.65E-04,4.71E-04
0.2285,4.27E-05,2.43E-05,1.24E-03,8.64E-04,4.71E-04
0.2287,4.27E-05,2.43E-05,1.24E-03,8.64E-04,4.70E-04
0.2289,4.26E-05,2.43E-05,1.24E-03,8.63E-04,4.70E-04
0.2291,4.26E-05,2.43E-05,1.23E-03,8.62E-04,4.70E-04
0.2293,4.25E-05,2.43E-05,1.23E-03,8.61E-04,4.70E-04
0.2295,4.25E-05,2.43E-05,1.23E-03,8.60E-04,4.69E-04
0.2297,4.24E-05,2.42E-05,1.23E-03,8.59E-04,4.69E-04
0.2299,4.24E-05,2.42E-05,1.23E-03,8.58E-04,4.69E-04
0.2301,4.23E-05,2.42E-05,1.23E-03,8.58E-04,4.69E-04
0.2303,4.23E-05,2.42E-05,1.23E-03,8.57E-04,4.68E-04
0.2305,4.22E-05,2.42E-05,1.23E-03,8.56E-04,4.68E-04
0.2307,4.22E-05,2.42E-05,1.23E-03,8.55E-04,4.68E-04
0.2309,4.21E-05,2.42E-05,1.23E-03,8.54E-04,4.68E-04
0.2311,4.21E-05,2.42E-05,1.22E-03,8.53E-04,4.67E-04
0.2313,4.20E-05,2.42E-05,1.22E-03,8.53E-04,4.67E-04
0.2315,4.20E-05,2.42E-05,1.22E-03,8.52E-04,4.67E-04
0.2317,4.19E-05,2.42E-05,1.22E-03,8.51E-04,4.67E-04
0.2319,4.19E-05,2.41E-05,1.22E-03,8.50E-04,4.66E-04
0.2321,4.18E-05,2.41E-05,1.22E-03,8.49E-04,4.66E-04
0.2323,4.18E-05,2.41E-05,1.22E-03,8.49E-04,4.66E-04
0.2325,4.17E-05,2.41E-05,1.22E-03,8.48E-04,4.66E-04
0.2327,4.17E-05,2.41E-05,1.22E-03,8.47E-04,4.65E-04
0.2329,4.16E-05,2.41E-05,1.22E-03,8.46E-04,4.65E-04
0.2331,4.16E-05,2.41E-05,1.22E-03,8.45E-04,4.65E-04
0.2333,4.15E-05,2.41E-05,1.21E-03,8.45E-04,4.65E-04
0.2335,4.15E-05,2.40E-05,1.21E-03,8.44E-04,4.65E-04
0.2337,4.14E-05,2.40E-05,1.21E-03,8.43E-04,4.64E-04
0.2339,4.14E-05,2.40E-05,1.21E-03,8.42E-04,4.64E-04
0.2341,4.13E-05,2.40E-05,1.21E-03,8.41E-04,4.64E-04
0.2343,4.13E-05,2.40E-05,1.21E-03,8.41E-04,4.64E-04
0.2345,4.12E-05,2.40E-05,1.21E-03,8.40E-04,4.63E-04
0.2347,4.12E-05,2.40E-05,1.21E-03,8.39E-04,4.63E-04
0.2349,4.11E-05,2.40E-05,1.21E-03,8.38E-04,4.63E-04
0.2351,4.11E-05,2.39E-05,1.21E-03,8.38E-04,4.63E-04
0.2353,4.10E-05,2.39E-05,1.21E-03,8.37E-04,4.63E-04
0.2355,4.10E-05,2.39E-05,1.20E-03,8.36E-04,4.62E-04
0.2357,4.09E-05,2.39E-05,1.20E-03,8.35E-04,4.62E-04
0.2359,4.09E-05,2.39E-05,1.20E-03,8.35E-04,4.62E-04
0.2361,4.08E-05,2.39E-05,1.20E-03,8.34E-04,4.62E-04
0.2363,4.08E-05,2.39E-05,1.20E-03,8.33E-04,4.62E-04
0.2365,4.07E-05,2.38E-05,1.20E-03,8.32E-04,4.61E-04
0.2367,4.07E-05,2.38E-05,1.20E-03,8.32E-04,4.61E-04
0.2369,4.06E-05,2.38E-05,1.20E-03,8.31E-04,4.61E-04
0.2371,4.06E-05,2.38E-05,1.20E-03,8.30E-04,4.61E-04
0.2373,4.05E-05,2.38E-05,1.20E-03,8.29E-04,4.61E-04
0.2375,4.05E-05,2.38E-05,1.20E-03,8.29E-04,4.61E-04
0.2377,4.04E-05,2.38E-05,1.19E-03,8.28E-04,4.60E-04
0.2379,4.04E-05,2.37E-05,1.19E-03,8.27E-04,4.60E-04
0.2381,4.03E-05,2.37E-05,1.19E-03,8.26E-04,4.60E-04
0.2383,4.03E-05,2.37E-05,1.19E-03,8.26E-04,4.60E-04
0.2385,4.02E-05,2.37E-05,1.19E-03,8.25E-04,4.60E-04
0.2387,4.02E-05,2.37E-05,1.19E-03,8.24E-04,4.59E-04
0.2389,4.01E-05,2.37E-05,1.19E-03,8.23E-04,4.59E-04
0.2391,4.01E-05,2.36E-05,1.19E-03,8.23E-04,4.59E-04
0.2393,4.00E-05,2.36E-05,1.19E-03,8.22E-04,4.59E-04
0.2395,4.00E-05,2.36E-05,1.19E-03,8.21E-04,4.59E-04
0.2397,3.99E-05,2.36E-05,1.19E-03,8.21E-04,4.59E-04
0.2399,3.99E-05,2.36E-05,1.19E-03,8.20E-04,4.58E-04
0.2401,3.98E-05,2.36E-05,1.18E-03,8.19E-04,4.58E-04
0.2403,3.98E-05,2.35E-05,1.18E-03,8.18E-04,4.58E-04
0.2405,3.97E-05,2.35E-05,1.18E-03,8.18E-04,4.58E-04
0.2407,3.97E-05,2.35E-05,1.18E-03,8.17E-04,4.58E-04
0.2409,3.96E-05,2.35E-05,1.18E-03,8.16E-04,4.57E-04
0.2411,3.96E-05,2.35E-05,1.18E-03,8.16E-04,4.57E-04
0.2413,3.95E-05,2.35E-05,1.18E-03,8.15E-04,4.57E-04
0.2415,3.95E-05,2.34E-05,1.18E-03,8.14E-04,4.57E-04
0.2417,3.95E-05,2.34E-05,1.18E-03,8.14E-04,4.57E-04
0.2419,3.94E-05,2.34E-05,1.18E-03,8.13E-04,4.57E-04
0.2421,3.94E-05,2.34E-05,1.18E-03,8.12E-04,4.56E-04
0.2423,3.93E-05,2.34E-05,1.18E-03,8.12E-04,4.56E-04
0.2425,3.93E-05,2.33E-05,1.17E-03,8.11E-04,4.56E-04
0.2427,3.92E-05,2.33E-05,1.17E-03,8.10E-04,4.56E-04
0.2429,3.92E-05,2.33E-05,1.17E-03,8.09E-04,4.56E-04
0.2431,3.91E-05,2.33E-05,1.17E-03,8.09E-04,4.56E-04
0.2433,3.91E-05,2.33E-05,1.17E-03,8.08E-04,4.56E-04
0.2435,3.90E-05,2.32E-05,1.17E-03,8.07E-04,4.55E-04
0.2437,3.90E-05,2.32E-05,1.17E-03,8.07E-04,4.55E-04
0.2439,3.89E-05,2.32E-05,1.17E-03,8.06E-04,4.55E-04
0.2441,3.89E-05,2.32E-05,1.17E-03,8.05E-04,4.55E-04
0.2443,3.88E-05,2.32E-05,1.17E-03,8.05E-04,4.55E-04
0.2445,3.88E-05,2.31E-05,1.17E-03,8.04E-04,4.55E-04
0.2447,3.87E-05,2.31E-05,1.17E-03,8.03E-04,4.54E-04
0.2449,3.87E-05,2.31E-05,1.16E-03,8.03E-04,4.54E-04
0.2451,3.87E-05,2.31E-05,1.16E-03,8.02E-04,4.54E-04
0.2453,3.86E-05,2.31E-05,1.16E-03,8.02E-04,4.54E-04
0.2455,3.86E-05,2.30E-05,1.16E-03,8.01E-04,4.54E-04
0.2457,3.85E-05,2.30E-05,1.16E-03,8.00E-04,4.54E-04
0.2459,3.85E-05,2.30E-05,1.16E-03,8.00E-04,4.54E-04
0.2461,3.84E-05,2.30E-05,1.16E-03,7.99E-04,4.53E-04
0.2463,3.84E-05,2.30E-05,1.16E-03,7.98E-04,4.53E-04
0.2465,3.83E-05,2.29E-05,1.16E-03,7.98E-04,4.53E-04
0.2467,3.83E-05,2.29E-05,1.16E-03,7.97E-04,4.53E-04
0.2469,3.82E-05,2.29E-05,1.16E-03,7.96E-04,4.53E-04
0.2471,3.82E-05,2.29E-05,1.16E-03,7.96E-04,4.53E-04
0.2473,3.82E-05,2.29E-05,1.15E-03,7.95E-04,4.53E-04
0.2475,3.81E-05,2.28E-05,1.15E-03,7.94E-04,4.52E-04
0.2477,3.81E-05,2.28E-05,1.15E-03,7.94E-04,4.52E-04
0.2479,3.80E-05,2.28E-05,1.15E-03,7.93E-04,4.52E-04
0.2481,3.80E-05,2.28E-05,1.15E-03,7.93E-04,4.52E-04
0.2483,3.79E-05,2.27E-05,1.15E-03,7.92E-04,4.52E-04
0.2485,3.79E-05,2.27E-05,1.15E-03,7.91E-04,4.52E-04
0.2487,3.78E-05,2.27E-05,1.15E-03,7.91E-04,4.52E-04
0.2489,3.78E-05,2.27E-05,1.15E-03,7.90E-04,4.51E-04
0.2491,3.78E-05,2.26E-05,1.15E-03,7.90E-04,4.51E-04
0.2493,3.77E-05,2.26E-05,1.15E-03,7.89E-04,4.51E-04
0.2495,3.77E-05,2.26E-05,1.15E-03,7.88E-04,4.51E-04
0.2497,3.76E-05,2.26E-05,1.15E-03,7.88E-04,4.51E-04
0.2499,3.76E-05,2.26E-05,1.14E-03,7.87E-04,4.51E-04
0.2501,3.75E-05,2.25E-05,1.14E-03,7.86E-04,4.51E-04
0.2503,3.75E-05,2.25E-05,1.14E-03,7.86E-04,4.50E-04
0.2505,3.75E-05,2.25E-05,1.14E-03,7.85E-04,4.50E-04
0.2507,3.74E-05,2.25E-05,1.14E-03,7.85E-04,4.50E-04
0.2509,3.74E-05,2.24E-05,1.14E-03,7.84E-04,4.50E-04
0.2511,3.73E-05,2.24E-05,1.14E-03,7.83E-04,4.50E-04
0.2513,3.73E-05,2.24E-05,1.14E-03,7.83E-04,4.50E-04
0.2515,3.72E-05,2.24E-05,1.14E-03,7.82E-04,4.50E-04
0.2517,3.72E-05,2.23E-05,1.14E-03,7.82E-04,4.49E-04
0.2519,3.72E-05,2.23E-05,1.14E-03,7.81E-04,4.49E-04
0.2521,3.71E-05,2.23E-05,1.14E-03,7.81E-04,4.49E-04
0.2523,3.71E-05,2.23E-05,1.14E-03,7.80E-04,4.49E-04
0.2525,3.70E-05,2.22E-05,1.13E-03,7.79E-04,4.49E-04
0.2527,3.70E-05,2.22E-05,1.13E-03,7.79E-04,4.49E-04
0.2529,3.69E-05,2.22E-05,1.13E-03,7.78E-04,4.49E-04
0.2531,3.69E-05,2.22E-05,1.13E-03,7.78E-04,4.49E-04
0.2533,3.69E-05,2.21E-05,1.13E-03,7.77E-04,4.48E-04
0.2535,3.68E-05,2.21E-05,1.13E-03,7.76E-04,4.48E-04
0.2537,3.68E-05,2.21E-05,1.13E-03,7.76E-04,4.48E-04
0.2539,3.67E-05,2.21E-05,1.13E-03,7.75E-04,4.48E-04
0.2541,3.67E-05,2.20E-05,1.13E-03,7.75E-04,4.48E-04
0.2543,3.67E-05,2.20E-05,1.13E-03,7.74E-04,4.48E-04
0.2545,3.66E-05,2.20E-05,1.13E-03,7.74E-04,4.48E-04
0.2547,3.66E-05,2.19E-05,1.13E-03,7.73E-04,4.47E-04
0.2549,3.65E-05,2.19E-05,1.13E-03,7.73E-04,4.47E-04
0.2551,3.65E-05,2.19E-05,1.13E-03,7.72E-04,4.47E-04
0.2553,3.64E-05,2.19E-05,1.12E-03,7.71E-04,4.47E-04
0.2555,3.64E-05,2.18E-05,1.12E-03,7.71E-04,4.47E-04
0.2557,3.64E-05,2.18E-05,1.12E-03,7.70E-04,4.47E-04
0.2559,3.63E-05,2.18E-05,1.12E-03,7.70E-04,4.47E-04
0.2561,3.63E-05,2.18E-05,1.12E-03,7.69E-04,4.46E-04
0.2563,3.62E-05,2.17E-05,1.12E-03,7.69E-04,4.46E-04
0.2565,3.62E-05,2.17E-05,1.12E-03,7.68E-04,4.46E-04
0.2567,3.62E-05,2.17E-05,1.12E-03,7.68E-04,4.46E-04
0.2569,3.61E-05,2.17E-05,1.12E-03,7.67E-04,4.46E-04
0.2571,3.61E-05,2.16E-05,1.12E-03,7.66E-04,4.46E-04
0.2573,3.61E-05,2.16E-05,1.12E-03,7.66E-04,4.46E-04
0.2575,3.60E-05,2.16E-05,1.12E-03,7.65E-04,4.46E-04
0.2577,3.60E-05,2.15E-05,1.12E-03,7.65E-04,4.45E-04
0.2579,3.59E-05,2.15E-05,1.12E-03,7.64E-04,4.45E-04
0.2581,3.59E-05,2.15E-05,1.11E-03,7.64E-04,4.45E-04
0.2583,3.59E-05,2.15E-05,1.11E-03,7.63E-04,4.45E-04
0.2585,3.58E-05,2.14E-05,1.11E-03,7.63E-04,4.45E-04
0.2587,3.58E-05,2.14E-05,1.11E-03,7.62E-04,4.45E-04
0.2589,3.57E-05,2.14E-05,1.11E-03,7.62E-04,4.45E-04
0.2591,3.57E-05,2.13E-05,1.11E-03,7.61E-04,4.44E-04
0.2593,3.57E-05,2.13E-05,1.11E-03,7.61E-04,4.44E-04
0.2595,3.56E-05,2.13E-05,1.11E-03,7.60E-04,4.44E-04
0.2597,3.56E-05,2.13E-05,1.11E-03,7.60E-04,4.44E-04
0.2599,3.55E-05,2.12E-05,1.11E-03,7.59E-04,4.44E-04
0.2601,3.55E-05,2.12E-05,1.11E-03,7.59E-04,4.44E-04
0.2603,3.55E-05,2.12E-05,1.11E-03,7.58E-04,4.44E-04
0.2605,3.54E-05,2.11E-05,1.11E-03,7.57E-04,4.44E-04
0.2607,3.54E-05,2.11E-05,1.11E-03,7.57E-04,4.43E-04
0.2609,3.54E-05,2.11E-05,1.10E-03,7.56E-04,4.43E-04
0.2611,3.53E-05,2.11E-05,1.10E-03,7.56E-04,4.43E-04
0.2613,3.53E-05,2.10E-05,1.10E-03,7.55E-04,4.43E-04
0.2615,3.52E-05,2.10E-05,1.10E-03,7.55E-04,4.43E-04
0.2617,3.52E-05,2.10E-05,1.10E-03,7.54E-04,4.43E-04
0.2619,3.52E-05,2.09E-05,1.10E-03,7.54E-04,4.43E-04
0.2621,3.51E-05,2.09E-05,1.10E-03,7.53E-04,4.42E-04
0.2623,3.51E-05,2.09E-05,1.10E-03,7.53E-04,4.42E-04
0.2625,3.51E-05,2.09E-05,1.10E-03,7.52E-04,4.42E-04
0.2627,3.50E-05,2.08E-05,1.10E-03,7.52E-04,4.42E-04
0.2629,3.50E-05,2.08E-05,1.10E-03,7.51E-04,4.42E-04
0.2631,3.50E-05,2.08E-05,1.10E-03,7.51E-04,4.42E-04
0.2633,3.49E-05,2.07E-05,1.10E-03,7.50E-04,4.42E-04
0.2635,3.49E-05,2.07E-05,1.10E-03,7.50E-04,4.41E-04
0.2637,3.49E-05,2.07E-05,1.10E-03,7.49E-04,4.41E-04
0.2639,3.48E-05,2.07E-05,1.09E-03,7.49E-04,4.41E-04
0.2641,3.48E-05,2.06E-05,1.09E-03,7.48E-04,4.41E-04
0.2643,3.47E-05,2.06E-05,1.09E-03,7.48E-04,4.41E-04
0.2645,3.47E-05,2.06E-05,1.09E-03,7.47E-04,4.41E-04
0.2647,3.47E-05,2.05E-05,1.09E-03,7.47E-04,4.41E-04
0.2649,3.46E-05,2.05E-05,1.09E-03,7.47E-04,4.40E-04
0.2651,3.46E-05,2.05E-05,1.09E-03,7.46E-04,4.40E-04
0.2653,3.46E-05,2.04E-05,1.09E-03,7.46E-04,4.40E-04
0.2655,3.45E-05,2.04E-05,1.09E-03,7.45E-04,4.40E-04
0.2657,3.45E-05,2.04E-05,1.09E-03,7.45E-04,4.40E-04
0.2659,3.45E-05,2.04E-05,1.09E-03,7.44E-04,4.40E-04
0.2661,3.44E-05,2.03E-05,1.09E-03,7.44E-04,4.40E-04
0.2663,3.44E-05,2.03E-05,1.09E-03,7.43E-04,4.39E-04
0.2665,3.44E-05,2.03E-05,1.09E-03,7.43E-04,4.39E-04
0.2667,3.43E-05,2.02E-05,1.09E-03,7.42E-04,4.39E-04
0.2669,3.43E-05,2.02E-05,1.08E-03,7.42E-04,4.39E-04
0.2671,3.43E-05,2.02E-05,1.08E-03,7.41E-04,4.39E-04
0.2673,3.42E-05,2.01E-05,1.08E-03,7.41E-04,4.39E-04
0.2675,3.42E-05,2.01E-05,1.08E-03,7.40E-04,4.38E-04
0.2677,3.42E-05,2.01E-05,1.08E-03,7.40E-04,4.38E-04
0.2679,3.41E-05,2.01E-05,1.08E-03,7.39E-04,4.38E-04
0.2681,3.41E-05,2.00E-05,1.08E-03,7.39E-04,4.38E-04
0.2683,3.41E-05,2.00E-05,1.08E-03,7.39E-04,4.38E-04
0.2685,3.40E-05,2.00E-05,1.08E-03,7.38E-04,4.38E-04
0.2687,3.40E-05,1.99E-05,1.08E-03,7.38E-04,4.38E-04
0.2689,3.40E-05,1.99E-05,1.08E-03,7.37E-04,4.37E-04
0.2691,3.39E-05,1.99E-05,1.08E-03,7.37E-04,4.37E-04
0.2693,3.39E-05,1.98E-05,1.08E-03,7.36E-04,4.37E-04
0.2695,3.39E-05,1.98E-05,1.08E-03,7.36E-04,4.37E-04
0.2697,3.38E-05,1.98E-05,1.08E-03,7.35E-04,4.37E-04
0.2699,3.38E-05,1.97E-05,1.08E-03,7.35E-04,4.37E-04
0.2701,3.38E-05,1.97E-05,1.07E-03,7.34E-04,4.36E-04
0.2703,3.37E-05,1.97E-05,1.07E-03,7.34E-04,4.36E-04
0.2705,3.37E-05,1.97E-05,1.07E-03,7.34E-04,4.36E-04
0.2707,3.37E-05,1.96E-05,1.07E-03,7.33E-04,4.36E-04
0.2709,3.36E-05,1.96E-05,1.07E-03,7.33E-04,4.36E-04
0.2711,3.36E-05,1.96E-05,1.07E-03,7.32E-04,4.36E-04
0.2713,3.36E-05,1.95E-05,1.07E-03,7.32E-04,4.36E-04
0.2715,3.35E-05,1.95E-05,1.07E-03,7.31E-04,4.35E-04
0.2717,3.35E-05,1.95E-05,1.07E-03,7.31E-04,4.35E-04
0.2719,3.35E-05,1.94E-05,1.07E-03,7.31E-04,4.35E-04
0.2721,3.34E-05,1.94E-05,1.07E-03,7.30E-04,4.35E-04
0.2723,3.34E-05,1.94E-05,1.07E-03,7.30E-04,4.35E-04
0.2725,3.34E-05,1.94E-05,1.07E-03,7.29E-04,4.35E-04
0.2727,3.34E-05,1.93E-05,1.07E-03,7.29E-04,4.34E-04
0.2729,3.33E-05,1.93E-05,1.07E-03,7.28E-04,4.34E-04
0.2731,3.33E-05,1.93E-05,1.07E-03,7.28E-04,4.34E-04
0.2733,3.33E-05,1.92E-05,1.06E-03,7.27E-04,4.34E-04
0.2735,3.32E-05,1.92E-05,1.06E-03,7.27E-04,4.34E-04
0.2737,3.32E-05,1.92E-05,1.06E-03,7.27E-04,4.34E-04
0.2739,3.32E-05,1.91E-05,1.06E-03,7.26E-04,4.33E-04
0.2741,3.31E-05,1.91E-05,1.06E-03,7.26E-04,4.33E-04
0.2743,3.31E-05,1.91E-05,1.06E-03,7.25E-04,4.33E-04
0.2745,3.31E-05,1.90E-05,1.06E-03,7.25E-04,4.33E-04
0.2747,3.30E-05,1.90E-05,1.06E-03,7.25E-04,4.33E-04
0.2749,3.30E-05,1.90E-05,1.06E-03,7.24E-04,4.33E-04
0.2751,3.30E-05,1.90E-05,1.06E-03,7.24E-04,4.32E-04
0.2753,3.30E-05,1.89E-05,1.06E-03,7.23E-04,4.32E-04
0.2755,3.29E-05,1.89E-05,1.06E-03,7.23E-04,4.32E-04
0.2757,3.29E-05,1.89E-05,1.06E-03,7.22E-04,4.32E-04
0.2759,3.29E-05,1.88E-05,1.06E-03,7.22E-04,4.32E-04
0.2761,3.28E-05,1.88E-05,1.06E-03,7.22E-04,4.31E-04
0.2763,3.28E-05,1.88E-05,1.06E-03,7.21E-04,4.31E-04
0.2765,3.28E-05,1.87E-05,1.06E-03,7.21E-04,4.31E-04
0.2767,3.28E-05,1.87E-05,1.05E-03,7.20E-04,4.31E-04
0.2769,3.27E-05,1.87E-05,1.05E-03,7.20E-04,4.31E-04
0.2771,3.27E-05,1.87E-05,1.05E-03,7.20E-04,4.31E-04
0.2773,3.27E-05,1.86E-05,1.05E-03,7.19E-04,4.30E-04
0.2775,3.26E-05,1.86E-05,1.05E-03,7.19E-04,4.30E-04
0.2777,3.26E-05,1.86E-05,1.05E-03,7.18E-04,4.30E-04
0.2779,3.26E-05,1.85E-05,1.05E-03,7.18E-04,4.30E-04
0.2781,3.26E-05,1.85E-05,1.05E-03,7.18E-04,4.30E-04
0.2783,3.25E-05,1.85E-05,1.05E-03,7.17E-04,4.30E-04
0.2785,3.25E-05,1.85E-05,1.05E-03,7.17E-04,4.29E-04
0.2787,3.25E-05,1.84E-05,1.05E-03,7.16E-04,4.29E-04
0.2789,3.24E-05,1.84E-05,1.05E-03,7.16E-04,4.29E-04
0.2791,3.24E-05,1.84E-05,1.05E-03,7.16E-04,4.29E-04
0.2793,3.24E-05,1.83E-05,1.05E-03,7.15E-04,4.29E-04
0.2795,3.24E-05,1.83E-05,1.05E-03,7.15E-04,4.28E-04
0.2797,3.23E-05,1.83E-05,1.05E-03,7.14E-04,4.28E-04
0.2799,3.23E-05,1.82E-05,1.05E-03,7.14E-04,4.28E-04
0.2801,3.23E-05,1.82E-05,1.04E-03,7.14E-04,4.28E-04
0.2803,3.22E-05,1.82E-05,1.04E-03,7.13E-04,4.28E-04
0.2805,3.22E-05,1.82E-05,1.04E-03,7.13E-04,4.27E-04
0.2807,3.22E-05,1.81E-05,1.04E-03,7.13E-04,4.27E-04
0.2809,3.22E-05,1.81E-05,1.04E-03,7.12E-04,4.27E-04
0.2811,3.21E-05,1.81E-05,1.04E-03,7.12E-04,4.27E-04
0.2813,3.21E-05,1.80E-05,1.04E-03,7.11E-04,4.27E-04
0.2815,3.21E-05,1.80E-05,1.04E-03,7.11E-04,4.27E-04
0.2817,3.21E-05,1.80E-05,1.04E-03,7.11E-04,4.26E-04
0.2819,3.20E-05,1.80E-05,1.04E-03,7.10E-04,4.26E-04
0.2821,3.20E-05,1.79E-05,1.04E-03,7.10E-04,4.26E-04
0.2823,3.20E-05,1.79E-05,1.04E-03,7.10E-04,4.26E-04
0.2825,3.19E-05,1.79E-05,1.04E-03,7.09E-04,4.26E-04
0.2827,3.19E-05,1.78E-05,1.04E-03,7.09E-04,4.25E-04
0.2829,3.19E-05,1.78E-05,1.04E-03,7.08E-04,4.25E-04
0.2831,3.19E-05,1.78E-05,1.04E-03,7.08E-04,4.25E-04
0.2833,3.18E-05,1.78E-05,1.04E-03,7.08E-04,4.25E-04
0.2835,3.18E-05,1.77E-05,1.04E-03,7.07E-04,4.25E-04
0.2837,3.18E-05,1.77E-05,1.03E-03,7.07E-04,4.24E-04
0.2839,3.18E-05,1.77E-05,1.03E-03,7.07E-04,4.24E-04
0.2841,3.17E-05,1.77E-05,1.03E-03,7.06E-04,4.24E-04
0.2843,3.17E-05,1.76E-05,1.03E-03,7.06E-04,4.24E-04
0.2845,3.17E-05,1.76E-05,1.03E-03,7.05E-04,4.24E-04
0.2847,3.17E-05,1.76E-05,1.03E-03,7.05E-04,4.23E-04
0.2849,3.16E-05,1.75E-05,1.03E-03,7.05E-04,4.23E-04
0.2851,3.16E-05,1.75E-05,1.03E-03,7.04E-04,4.23E-04
0.2853,3.16E-05,1.75E-05,1.03E-03,7.04E-04,4.23E-04
0.2855,3.16E-05,1.75E-05,1.03E-03,7.04E-04,4.23E-04
0.2857,3.15E-05,1.74E-05,1.03E-03,7.03E-04,4.22E-04
0.2859,3.15E-05,1.74E-05,1.03E-03,7.03E-04,4.22E-04
0.2861,3.15E-05,1.74E-05,1.03E-03,7.03E-04,4.22E-04
0.2863,3.15E-05,1.74E-05,1.03E-03,7.02E-04,4.22E-04
0.2865,3.14E-05,1.73E-05,1.03E-03,7.02E-04,4.22E-04
0.2867,3.14E-05,1.73E-05,1.03E-03,7.02E-04,4.21E-04
0.2869,3.14E-05,1.73E-05,1.03E-03,7.01E-04,4.21E-04
0.2871,3.14E-05,1.73E-05,1.03E-03,7.01E-04,4.21E-04
0.2873,3.13E-05,1.72E-05,1.03E-03,7.00E-04,4.21E-04
0.2875,3.13E-05,1.72E-05,1.02E-03,7.00E-04,4.20E-04
0.2877,3.13E-05,1.72E-05,1.02E-03,7.00E-04,4.20E-04
0.2879,3.13E-05,1.71E-05,1.02E-03,6.99E-04,4.20E-04
0.2881,3.12E-05,1.71E-05,1.02E-03,6.99E-04,4.20E-04
0.2883,3.12E-05,1.71E-05,1.02E-03,6.99E-04,4.20E-04
0.2885,3.12E-05,1.71E-05,1.02E-03,6.98E-04,4.19E-04
0.2887,3.12E-05,1.70E-05,1.02E-03,6.98E-04,4.19E-04
0.2889,3.11E-05,1.70E-05,1.02E-03,6.98E-04,4.19E-04
0.2891,3.11E-05,1.70E-05,1.02E-03,6.97E-04,4.19E-04
0.2893,3.11E-05,1.70E-05,1.02E-03,6.97E-04,4.19E-04
0.2895,3.11E-05,1.69E-05,1.02E-03,6.97E-04,4.18E-04
0.2897,3.10E-05,1.69E-05,1.02E-03,6.96E-04,4.18E-04
0.2899,3.10E-05,1.69E-05,1.02E-03,6.96E-04,4.18E-04
0.2901,3.10E-05,1.69E-05,1.02E-03,6.96E-04,4.18E-04
0.2903,3.10E-05,1.68E-05,1.02E-03,6.95E-04,4.17E-04
0.2905,3.09E-05,1.68E-05,1.02E-03,6.95E-04,4.17E-04
0.2907,3.09E-05,1.68E-05,1.02E-03,6.95E-04,4.17E-04
0.2909,3.09E-05,1.68E-05,1.02E-03,6.94E-04,4.17E-04
0.2911,3.09E-05,1.68E-05,1.02E-03,6.94E-04,4.17E-04
0.2913,3.08E-05,1.67E-05,1.02E-03,6.94E-04,4.16E-04
0.2915,3.08E-05,1.67E-05,1.01E-03,6.93E-04,4.16E-04
0.2917,3.08E-05,1.67E-05,1.01E-03,6.93E-04,4.16E-04
0.2919,3.08E-05,1.67E-05,1.01E-03,6.93E-04,4.16E-04
0.2921,3.07E-05,1.66E-05,1.01E-03,6.92E-04,4.15E-04
0.2923,3.07E-05,1.66E-05,1.01E-03,6.92E-04,4.15E-04
0.2925,3.07E-05,1.66E-05,1.01E-03,6.92E-04,4.15E-04
0.2927,3.07E-05,1.66E-05,1.01E-03,6.91E-04,4.15E-04
0.2929,3.06E-05,1.65E-05,1.01E-03,6.91E-04,4.15E-04
0.2931,3.06E-05,1.65E-05,1.01E-03,6.91E-04,4.14E-04
0.2933,3.06E-05,1.65E-05,1.01E-03,6.90E-04,4.14E-04
0.2935,3.06E-05,1.65E-05,1.01E-03,6.90E-04,4.14E-04
0.2937,3.06E-05,1.65E-05,1.01E-03,6.90E-04,4.14E-04
0.2939,3.05E-05,1.64E-05,1.01E-03,6.89E-04,4.13E-04
0.2941,3.05E-05,1.64E-05,1.01E-03,6.89E-04,4.13E-04
0.2943,3.05E-05,1.64E-05,1.01E-03,6.89E-04,4.13E-04
0.2945,3.05E-05,1.64E-05,1.01E-03,6.89E-04,4.13E-04
0.2947,3.04E-05,1.64E-05,1.01E-03,6.88E-04,4.12E-04
0.2949,3.04E-05,1.63E-05,1.01E-03,6.88E-04,4.12E-04
0.2951,3.04E-05,1.63E-05,1.01E-03,6.88E-04,4.12E-04
0.2953,3.04E-05,1.63E-05,1.01E-03,6.87E-04,4.12E-04
0.2955,3.03E-05,1.63E-05,1.00E-03,6.87E-04,4.12E-04
0.2957,3.03E-05,1.62E-05,1.00E-03,6.87E-04,4.11E-04
0.2959,3.03E-05,1.62E-05,1.00E-03,6.86E-04,4.11E-04
0.2961,3.03E-05,1.62E-05,1.00E-03,6.86E-04,4.11E-04
0.2963,3.03E-05,1.62E-05,1.00E-03,6.86E-04,4.11E-04
0.2965,3.02E-05,1.62E-05,1.00E-03,6.85E-04,4.10E-04
0.2967,3.02E-05,1.61E-05,1.00E-03,6.85E-04,4.10E-04
0.2969,3.02E-05,1.61E-05,1.00E-03,6.85E-04,4.10E-04
0.2971,3.02E-05,1.61E-05,1.00E-03,6.84E-04,4.10E-04
0.2973,3.01E-05,1.61E-05,1.00E-03,6.84E-04,4.09E-04
0.2975,3.01E-05,1.61E-05,1.00E-03,6.84E-04,4.09E-04
0.2977,3.01E-05,1.61E-05,9.99E-04,6.84E-04,4.09E-04
0.2979,3.01E-05,1.60E-05,9.99E-04,6.83E-04,4.09E-04
0.2981,3.01E-05,1.60E-05,9.98E-04,6.83E-04,4.08E-04
0.2983,3.00E-05,1.60E-05,9.98E-04,6.83E-04,4.08E-04
0.2985,3.00E-05,1.60E-05,9.97E-04,6.82E-04,4.08E-04
0.2987,3.00E-05,1.60E-05,9.97E-04,6.82E-04,4.08E-04
0.2989,3.00E-05,1.59E-05,9.97E-04,6.82E-04,4.08E-04
0.2991,2.99E-05,1.59E-05,9.96E-04,6.81E-04,4.07E-04
0.2993,2.99E-05,1.59E-05,9.96E-04,6.81E-04,4.07E-04
0.2995,2.99E-05,1.59E-05,9.95E-04,6.81E-04,4.07E-04
0.2997,2.99E-05,1.59E-05,9.95E-04,6.81E-04,4.07E-04
0.2999,2.99E-05,1.59E-05,9.94E-04,6.80E-04,4.06E-04
0.3001,2.98E-05,1.58E-05,9.94E-04,6.80E-04,4.06E-04
0.3003,2.98E-05,1.58E-05,9.93E-04,6.80E-04,4.06E-04
0.3005,2.98E-05,1.58E-05,9.93E-04,6.79E-04,4.06E-04
0.3007,2.98E-05,1.58E-05,9.92E-04,6.79E-04,4.05E-04
0.3009,2.97E-05,1.58E-05,9.92E-04,6.79E-04,4.05E-04
0.3011,2.97E-05,1.58E-05,9.91E-04,6.79E-04,4.05E-04
0.3013,2.97E-05,1.57E-05,9.91E-04,6.78E-04,4.05E-04
0.3015,2.97E-05,1.57E-05,9.90E-04,6.78E-04,4.04E-04
0.3017,2.97E-05,1.57E-05,9.90E-04,6.78E-04,4.04E-04
0.3019,2.96E-05,1.57E-05,9.90E-04,6.77E-04,4.04E-04
0.3021,2.96E-05,1.57E-05,9.89E-04,6.77E-04,4.04E-04
0.3023,2.96E-05,1.57E-05,9.89E-04,6.77E-04,4.03E-04
0.3025,2.96E-05,1.56E-05,9.88E-04,6.77E-04,4.03E-04
0.3027,2.95E-05,1.56E-05,9.88E-04,6.76E-04,4.03E-04
0.3029,2.95E-05,1.56E-05,9.87E-04,6.76E-04,4.03E-04
0.3031,2.95E-05,1.56E-05,9.87E-04,6.76E-04,4.02E-04
0.3033,2.95E-05,1.56E-05,9.86E-04,6.75E-04,4.02E-04
0.3035,2.95E-05,1.56E-05,9.86E-04,6.75E-04,4.02E-04
0.3037,2.94E-05,1.56E-05,9.85E-04,6.75E-04,4.02E-04
0.3039,2.94E-05,1.55E-05,9.85E-04,6.75E-04,4.01E-04
0.3041,2.94E-05,1.55E-05,9.85E-04,6.74E-04,4.01E-04
0.3043,2.94E-05,1.55E-05,9.84E-04,6.74E-04,4.01E-04
0.3045,2.94E-05,1.55E-05,9.84E-04,6.74E-04,4.01E-04
0.3047,2.93E-05,1.55E-05,9.83E-04,6.73E-04,4.00E-04
0.3049,2.93E-05,1.55E-05,9.83E-04,6.73E-04,4.00E-04
0.3051,2.93E-05,1.55E-05,9.82E-04,6.73E-04,4.00E-04
0.3053,2.93E-05,1.55E-05,9.82E-04,6.73E-04,4.00E-04
0.3055,2.92E-05,1.54E-05,9.81E-04,6.72E-04,3.99E-04
0.3057,2.92E-05,1.54E-05,9.81E-04,6.72E-04,3.99E-04
0.3059,2.92E-05,1.54E-05,9.81E-04,6.72E-04,3.99E-04
0.3061,2.92E-05,1.54E-05,9.80E-04,6.72E-04,3.99E-04
0.3063,2.92E-05,1.54E-05,9.80E-04,6.71E-04,3.98E-04
0.3065,2.91E-05,1.54E-05,9.79E-04,6.71E-04,3.98E-04
0.3067,2.91E-05,1.54E-05,9.79E-04,6.71E-04,3.98E-04
0.3069,2.91E-05,1.54E-05,9.78E-04,6.71E-04,3.98E-04
0.3071,2.91E-05,1.54E-05,9.78E-04,6.70E-04,3.97E-04
0.3073,2.91E-05,1.53E-05,9.78E-04,6.70E-04,3.97E-04
0.3075,2.90E-05,1.53E-05,9.77E-04,6.70E-04,3.97E-04
0.3077,2.90E-05,1.53E-05,9.77E-04,6.69E-04,3.97E-04
0.3079,2.90E-05,1.53E-05,9.76E-04,6.69E-04,3.96E-04
0.3081,2.90E-05,1.53E-05,9.76E-04,6.69E-04,3.96E-04
0.3083,2.90E-05,1.53E-05,9.75E-04,6.69E-04,3.96E-04
0.3085,2.89E-05,1.53E-05,9.75E-04,6.68E-04,3.96E-04
0.3087,2.89E-05,1.53E-05,9.75E-04,6.68E-04,3.95E-04
0.3089,2.89E-05,1.53E-05,9.74E-04,6.68E-04,3.95E-04
0.3091,2.89E-05,1.53E-05,9.74E-04,6.68E-04,3.95E-04
0.3093,2.88E-05,1.52E-05,9.73E-04,6.67E-04,3.95E-04
0.3095,2.88E-05,1.52E-05,9.73E-04,6.67E-04,3.94E-04
0.3097,2.88E-05,1.52E-05,9.72E-04,6.67E-04,3.94E-04
0.3099,2.88E-05,1.52E-05,9.72E-04,6.67E-04,3.94E-04
0.3101,2.88E-05,1.52E-05,9.72E-04,6.66E-04,3.94E-04
0.3103,2.87E-05,1.52E-05,9.71E-04,6.66E-04,3.93E-04
0.3105,2.87E-05,1.52E-05,9.71E-04,6.66E-04,3.93E-04
0.3107,2.87E-05,1.52E-05,9.70E-04,6.66E-04,3.93E-04
0.3109,2.87E-05,1.52E-05,9.70E-04,6.65E-04,3.93E-04
0.3111,2.87E-05,1.52E-05,9.69E-04,6.65E-04,3.92E-04
0.3113,2.86E-05,1.52E-05,9.69E-04,6.65E-04,3.92E-04
0.3115,2.86E-05,1.52E-05,9.69E-04,6.65E-04,3.92E-04
0.3117,2.86E-05,1.52E-05,9.68E-04,6.64E-04,3.92E-04
0.3119,2.86E-05,1.51E-05,9.68E-04,6.64E-04,3.91E-04
0.3121,2.86E-05,1.51E-05,9.67E-04,6.64E-04,3.91E-04
0.3123,2.85E-05,1.51E-05,9.67E-04,6.64E-04,3.91E-04
0.3125,2.85E-05,1.51E-05,9.67E-04,6.63E-04,3.90E-04
0.3127,2.85E-05,1.51E-05,9.66E-04,6.63E-04,3.90E-04
0.3129,2.85E-05,1.51E-05,9.66E-04,6.63E-04,3.90E-04
0.3131,2.85E-05,1.51E-05,9.65E-04,6.63E-04,3.90E-04
0.3133,2.84E-05,1.51E-05,9.65E-04,6.62E-04,3.89E-04
0.3135,2.84E-05,1.51E-05,9.64E-04,6.62E-04,3.89E-04
0.3137,2.84E-05,1.51E-05,9.64E-04,6.62E-04,3.89E-04
0.3139,2.84E-05,1.51E-05,9.64E-04,6.62E-04,3.89E-04
0.3141,2.84E-05,1.51E-05,9.63E-04,6.61E-04,3.88E-04
0.3143,2.83E-05,1.51E-05,9.63E-04,6.61E-04,3.88E-04
0.3145,2.83E-05,1.51E-05,9.62E-04,6.61E-04,3.88E-04
0.3147,2.83E-05,1.51E-05,9.62E-04,6.61E-04,3.88E-04
0.3149,2.83E-05,1.51E-05,9.62E-04,6.60E-04,3.87E-04
0.3151,2.83E-05,1.51E-05,9.61E-04,6.60E-04,3.87E-04
0.3153,2.82E-05,1.51E-05,9.61E-04,6.60E-04,3.87E-04
0.3155,2.82E-05,1.51E-05,9.60E-04,6.60E-04,3.87E-04
0.3157,2.82E-05,1.50E-05,9.60E-04,6.60E-04,3.86E-04
0.3159,2.82E-05,1.50E-05,9.60E-04,6.59E-04,3.86E-04
0.3161,2.82E-05,1.50E-05,9.59E-04,6.59E-04,3.86E-04
0.3163,2.81E-05,1.50E-05,9.59E-04,6.59E-04,3.86E-04
0.3165,2.81E-05,1.50E-05,9.58E-04,6.59E-04,3.85E-04
0.3167,2.81E-05,1.50E-05,9.58E-04,6.58E-04,3.85E-04
0.3169,2.81E-05,1.50E-05,9.58E-04,6.58E-04,3.85E-04
0.3171,2.81E-05,1.50E-05,9.57E-04,6.58E-04,3.85E-04
0.3173,2.80E-05,1.50E-05,9.57E-04,6.58E-04,3.84E-04
0.3175,2.80E-05,1.50E-05,9.56E-04,6.57E-04,3.84E-04
0.3177,2.80E-05,1.50E-05,9.56E-04,6.57E-04,3.84E-04
0.3179,2.80E-05,1.50E-05,9.56E-04,6.57E-04,3.84E-04
0.3181,2.80E-05,1.50E-05,9.55E-04,6.57E-04,3.83E-04
0.3183,2.79E-05,1.50E-05,9.55E-04,6.57E-04,3.83E-04
0.3185,2.79E-05,1.50E-05,9.54E-04,6.56E-04,3.83E-04
0.3187,2.79E-05,1.50E-05,9.54E-04,6.56E-04,3.83E-04
0.3189,2.79E-05,1.50E-05,9.54E-04,6.56E-04,3.82E-04
0.3191,2.79E-05,1.50E-05,9.53E-04,6.56E-04,3.82E-04
0.3193,2.78E-05,1.50E-05,9.53E-04,6.55E-04,3.82E-04
0.3195,2.78E-05,1.50E-05,9.52E-04,6.55E-04,3.82E-04
0.3197,2.78E-05,1.50E-05,9.52E-04,6.55E-04,3.81E-04
0.3199,2.78E-05,1.50E-05,9.52E-04,6.55E-04,3.81E-04
0.3201,2.78E-05,1.50E-05,9.51E-04,6.55E-04,3.81E-04
0.3203,2.77E-05,1.50E-05,9.51E-04,6.54E-04,3.80E-04
0.3205,2.77E-05,1.50E-05,9.51E-04,6.54E-04,3.80E-04
0.3207,2.77E-05,1.50E-05,9.50E-04,6.54E-04,3.80E-04
0.3209,2.77E-05,1.50E-05,9.50E-04,6.54E-04,3.80E-04
0.3211,2.77E-05,1.50E-05,9.49E-04,6.53E-04,3.79E-04
0.3213,2.76E-05,1.50E-05,9.49E-04,6.53E-04,3.79E-04
0.3215,2.76E-05,1.50E-05,9.49E-04,6.53E-04,3.79E-04
0.3217,2.76E-05,1.50E-05,9.48E-04,6.53E-04,3.79E-04
0.3219,2.76E-05,1.50E-05,9.48E-04,6.53E-04,3.78E-04
0.3221,2.76E-05,1.50E-05,9.48E-04,6.52E-04,3.78E-04
0.3223,2.76E-05,1.50E-05,9.47E-04,6.52E-04,3.78E-04
0.3225,2.75E-05,1.50E-05,9.47E-04,6.52E-04,3.78E-04
0.3227,2.75E-05,1.50E-05,9.46E-04,6.52E-04,3.77E-04
0.3229,2.75E-05,1.50E-05,9.46E-04,6.52E-04,3.77E-04
0.3231,2.75E-05,1.50E-05,9.46E-04,6.51E-04,3.77E-04
0.3233,2.75E-05,1.50E-05,9.45E-04,6.51E-04,3.77E-04
0.3235,2.74E-05,1.50E-05,9.45E-04,6.51E-04,3.76E-04
0.3237,2.74E-05,1.50E-05,9.45E-04,6.51E-04,3.76E-04
0.3239,2.74E-05,1.50E-05,9.44E-04,6.50E-04,3.76E-04
0.3241,2.74E-05,1.50E-05,9.44E-04,6.50E-04,3.76E-04
0.3243,2.74E-05,1.50E-05,9.43E-04,6.50E-04,3.75E-04
0.3245,2.73E-05,1.50E-05,9.43E-04,6.50E-04,3.75E-04
0.3247,2.73E-05,1.50E-05,9.43E-04,6.50E-04,3.75E-04
0.3249,2.73E-05,1.50E-05,9.42E-04,6.49E-04,3.75E-04
0.3251,2.73E-05,1.50E-05,9.42E-04,6.49E-04,3.74E-04
0.3253,2.73E-05,1.50E-05,9.42E-04,6.49E-04,3.74E-04
0.3255,2.72E-05,1.50E-05,9.41E-04,6.49E-04,3.74E-04
0.3257,2.72E-05,1.50E-05,9.41E-04,6.49E-04,3.74E-04
0.3259,2.72E-05,1.50E-05,9.40E-04,6.48E-04,3.73E-04
0.3261,2.72E-05,1.50E-05,9.40E-04,6.48E-04,3.73E-04
0.3263,2.72E-05,1.50E-05,9.40E-04,6.48E-04,3.73E-04
0.3265,2.72E-05,1.50E-05,9.39E-04,6.48E-04,3.73E-04
0.3267,2.71E-05,1.51E-05,9.39E-04,6.48E-04,3.72E-04
0.3269,2.71E-05,1.51E-05,9.39E-04,6.47E-04,3.72E-04
0.3271,2.71E-05,1.51E-05,9.38E-04,6.47E-04,3.72E-04
0.3273,2.71E-05,1.51E-05,9.38E-04,6.47E-04,3.72E-04
0.3275,2.71E-05,1.51E-05,9.38E-04,6.47E-04,3.71E-04
0.3277,2.70E-05,1.51E-05,9.37E-04,6.47E-04,3.71E-04
0.3279,2.70E-05,1.51E-05,9.37E-04,6.46E-04,3.71E-04
0.3281,2.70E-05,1.51E-05,9.36E-04,6.46E-04,3.71E-04
0.3283,2.70E-05,1.51E-05,9.36E-04,6.46E-04,3.70E-04
0.3285,2.70E-05,1.51E-05,9.36E-04,6.46E-04,3.70E-04
0.3287,2.70E-05,1.51E-05,9.35E-04,6.46E-04,3.70E-04
0.3289,2.69E-05,1.51E-05,9.35E-04,6.45E-04,3.70E-04
0.3291,2.69E-05,1.51E-05,9.35E-04,6.45E-04,3.69E-04
0.3293,2.69E-05,1.51E-05,9.34E-04,6.45E-04,3.69E-04
0.3295,2.69E-05,1.51E-05,9.34E-04,6.45E-04,3.69E-04
0.3297,2.69E-05,1.51E-05,9.34E-04,6.45E-04,3.69E-04
0.3299,2.68E-05,1.51E-05,9.33E-04,6.45E-04,3.69E-04
0.3301,2.68E-05,1.51E-05,9.33E-04,6.44E-04,3.68E-04
0.3303,2.68E-05,1.51E-05,9.33E-04,6.44E-04,3.68E-04
0.3305,2.68E-05,1.51E-05,9.32E-04,6.44E-04,3.68E-04
0.3307,2.68E-05,1.51E-05,9.32E-04,6.44E-04,3.68E-04
0.3309,2.68E-05,1.51E-05,9.32E-04,6.44E-04,3.67E-04
0.3311,2.67E-05,1.51E-05,9.31E-04,6.43E-04,3.67E-04
0.3313,2.67E-05,1.52E-05,9.31E-04,6.43E-04,3.67E-04
0.3315,2.67E-05,1.52E-05,9.30E-04,6.43E-04,3.67E-04
0.3317,2.67E-05,1.52E-05,9.30E-04,6.43E-04,3.66E-04
0.3319,2.67E-05,1.52E-05,9.30E-04,6.43E-04,3.66E-04
0.3321,2.66E-05,1.52E-05,9.29E-04,6.42E-04,3.66E-04
0.3323,2.66E-05,1.52E-05,9.29E-04,6.42E-04,3.66E-04
0.3325,2.66E-05,1.52E-05,9.29E-04,6.42E-04,3.65E-04
0.3327,2.66E-05,1.52E-05,9.28E-04,6.42E-04,3.65E-04
0.3329,2.66E-05,1.52E-05,9.28E-04,6.42E-04,3.65E-04
0.3331,2.66E-05,1.52E-05,9.28E-04,6.42E-04,3.65E-04
0.3333,2.65E-05,1.52E-05,9.27E-04,6.41E-04,3.64E-04
0.3335,2.65E-05,1.52E-05,9.27E-04,6.41E-04,3.64E-04
0.3337,2.65E-05,1.52E-05,9.27E-04,6.41E-04,3.64E-04
0.3339,2.65E-05,1.52E-05,9.26E-04,6.41E-04,3.64E-04
0.3341,2.65E-05,1.52E-05,9.26E-04,6.41E-04,3.64E-04
0.3343,2.64E-05,1.52E-05,9.26E-04,6.40E-04,3.63E-04
0.3345,2.64E-05,1.52E-05,9.25E-04,6.40E-04,3.63E-04
0.3347,2.64E-05,1.52E-05,9.25E-04,6.40E-04,3.63E-04
0.3349,2.64E-05,1.53E-05,9.25E-04,6.40E-04,3.63E-04
0.3351,2.64E-05,1.53E-05,9.24E-04,6.40E-04,3.62E-04
0.3353,2.64E-05,1.53E-05,9.24E-04,6.40E-04,3.62E-04
0.3355,2.63E-05,1.53E-05,9.24E-04,6.39E-04,3.62E-04
0.3357,2.63E-05,1.53E-05,9.23E-04,6.39E-04,3.62E-04
0.3359,2.63E-05,1.53E-05,9.23E-04,6.39E-04,3.61E-04
0.3361,2.63E-05,1.53E-05,9.23E-04,6.39E-04,3.61E-04
0.3363,2.63E-05,1.53E-05,9.22E-04,6.39E-04,3.61E-04
0.3365,2.63E-05,1.53E-05,9.22E-04,6.39E-04,3.61E-04
0.3367,2.62E-05,1.53E-05,9.22E-04,6.38E-04,3.60E-04
0.3369,2.62E-05,1.53E-05,9.21E-04,6.38E-04,3.60E-04
0.3371,2.62E-05,1.53E-05,9.21E-04,6.38E-04,3.60E-04
0.3373,2.62E-05,1.53E-05,9.21E-04,6.38E-04,3.60E-04
0.3375,2.62E-05,1.53E-05,9.20E-04,6.38E-04,3.60E-04
0.3377,2.62E-05,1.53E-05,9.20E-04,6.38E-04,3.59E-04
0.3379,2.61E-05,1.54E-05,9.20E-04,6.37E-04,3.59E-04
0.3381,2.61E-05,1.54E-05,9.19E-04,6.37E-04,3.59E-04
0.3383,2.61E-05,1.54E-05,9.19E-04,6.37E-04,3.59E-04
0.3385,2.61E-05,1.54E-05,9.19E-04,6.37E-04,3.58E-04
0.3387,2.61E-05,1.54E-05,9.18E-04,6.37E-04,3.58E-04
0.3389,2.60E-05,1.54E-05,9.18E-04,6.37E-04,3.58E-04
0.3391,2.60E-05,1.54E-05,9.18E-04,6.36E-04,3.58E-04
0.3393,2.60E-05,1.54E-05,9.17E-04,6.36E-04,3.58E-04
0.3395,2.60E-05,1.54E-05,9.17E-04,6.36E-04,3.57E-04
0.3397,2.60E-05,1.54E-05,9.17E-04,6.36E-04,3.57E-04
0.3399,2.60E-05,1.54E-05,9.16E-04,6.36E-04,3.57E-04
0.3401,2.59E-05,1.54E-05,9.16E-04,6.36E-04,3.57E-04
0.3403,2.59E-05,1.54E-05,9.16E-04,6.35E-04,3.56E-04
0.3405,2.59E-05,1.54E-05,9.15E-04,6.35E-04,3.56E-04
0.3407,2.59E-05,1.55E-05,9.15E-04,6.35E-04,3.56E-04
0.3409,2.59E-05,1.55E-05,9.15E-04,6.35E-04,3.56E-04
0.3411,2.59E-05,1.55E-05,9.15E-04,6.35E-04,3.56E-04
0.3413,2.58E-05,1.55E-05,9.14E-04,6.35E-04,3.55E-04
0.3415,2.58E-05,1.55E-05,9.14E-04,6.34E-04,3.55E-04
0.3417,2.58E-05,1.55E-05,9.14E-04,6.34E-04,3.55E-04
0.3419,2.58E-05,1.55E-05,9.13E-04,6.34E-04,3.55E-04
0.3421,2.58E-05,1.55E-05,9.13E-04,6.34E-04,3.55E-04
0.3423,2.58E-05,1.55E-05,9.13E-04,6.34E-04,3.54E-04
0.3425,2.58E-05,1.55E-05,9.12E-04,6.34E-04,3.54E-04
0.3427,2.57E-05,1.55E-05,9.12E-04,6.33E-04,3.54E-04
0.3429,2.57E-05,1.55E-05,9.12E-04,6.33E-04,3.54E-04
0.3431,2.57E-05,1.55E-05,9.11E-04,6.33E-04,3.53E-04
0.3433,2.57E-05,1.55E-05,9.11E-04,6.33E-04,3.53E-04
0.3435,2.57E-05,1.56E-05,9.11E-04,6.33E-04,3.53E-04
0.3437,2.57E-05,1.56E-05,9.10E-04,6.33E-04,3.53E-04
0.3439,2.56E-05,1.56E-05,9.10E-04,6.33E-04,3.53E-04
0.3441,2.56E-05,1.56E-05,9.10E-04,6.32E-04,3.52E-04
0.3443,2.56E-05,1.56E-05,9.10E-04,6.32E-04,3.52E-04
0.3445,2.56E-05,1.56E-05,9.09E-04,6.32E-04,3.52E-04
0.3447,2.56E-05,1.56E-05,9.09E-04,6.32E-04,3.52E-04
0.3449,2.56E-05,1.56E-05,9.09E-04,6.32E-04,3.52E-04
0.3451,2.55E-05,1.56E-05,9.08E-04,6.32E-04,3.51E-04
0.3453,2.55E-05,1.56E-05,9.08E-04,6.31E-04,3.51E-04
0.3455,2.55E-05,1.56E-05,9.08E-04,6.31E-04,3.51E-04
0.3457,2.55E-05,1.56E-05,9.07E-04,6.31E-04,3.51E-04
0.3459,2.55E-05,1.56E-05,9.07E-04,6.31E-04,3.51E-04
0.3461,2.55E-05,1.56E-05,9.07E-04,6.31E-04,3.50E-04
0.3463,2.54E-05,1.57E-05,9.06E-04,6.31E-04,3.50E-04
0.3465,2.54E-05,1.57E-05,9.06E-04,6.31E-04,3.50E-04
0.3467,2.54E-05,1.57E-05,9.06E-04,6.30E-04,3.50E-04
0.3469,2.54E-05,1.57E-05,9.06E-04,6.30E-04,3.50E-04
0.3471,2.54E-05,1.57E-05,9.05E-04,6.30E-04,3.49E-04
0.3473,2.54E-05,1.57E-05,9.05E-04,6.30E-04,3.49E-04
0.3475,2.54E-05,1.57E-05,9.05E-04,6.30E-04,3.49E-04
0.3477,2.53E-05,1.57E-05,9.04E-04,6.30E-04,3.49E-04
0.3479,2.53E-05,1.57E-05,9.04E-04,6.30E-04,3.49E-04
0.3481,2.53E-05,1.57E-05,9.04E-04,6.29E-04,3.48E-04
0.3483,2.53E-05,1.57E-05,9.03E-04,6.29E-04,3.48E-04
0.3485,2.53E-05,1.57E-05,9.03E-04,6.29E-04,3.48E-04
0.3487,2.53E-05,1.57E-05,9.03E-04,6.29E-04,3.48E-04
0.3489,2.52E-05,1.57E-05,9.03E-04,6.29E-04,3.48E-04
0.3491,2.52E-05,1.58E-05,9.02E-04,6.29E-04,3.47E-04
0.3493,2.52E-05,1.58E-05,9.02E-04,6.29E-04,3.47E-04
0.3495,2.52E-05,1.58E-05,9.02E-04,6.28E-04,3.47E-04
0.3497,2.52E-05,1.58E-05,9.01E-04,6.28E-04,3.47E-04
0.3499,2.52E-05,1.58E-05,9.01E-04,6.28E-04,3.47E-04
0.3501,2.52E-05,1.58E-05,9.01E-04,6.28E-04,3.46E-04
0.3503,2.51E-05,1.58E-05,9.00E-04,6.28E-04,3.46E-04
0.3505,2.51E-05,1.58E-05,9.00E-04,6.28E-04,3.46E-04
0.3507,2.51E-05,1.58E-05,9.00E-04,6.28E-04,3.46E-04
0.3509,2.51E-05,1.58E-05,9.00E-04,6.27E-04,3.46E-04
0.3511,2.51E-05,1.58E-05,8.99E-04,6.27E-04,3.45E-04
0.3513,2.51E-05,1.58E-05,8.99E-04,6.27E-04,3.45E-04
0.3515,2.51E-05,1.58E-05,8.99E-04,6.27E-04,3.45E-04
0.3517,2.50E-05,1.58E-05,8.98E-04,6.27E-04,3.45E-04
0.3519,2.50E-05,1.59E-05,8.98E-04,6.27E-04,3.45E-04
0.3521,2.50E-05,1.59E-05,8.98E-04,6.27E-04,3.44E-04
0.3523,2.50E-05,1.59E-05,8.98E-04,6.27E-04,3.44E-04
0.3525,2.50E-05,1.59E-05,8.97E-04,6.26E-04,3.44E-04
0.3527,2.50E-05,1.59E-05,8.97E-04,6.26E-04,3.44E-04
0.3529,2.50E-05,1.59E-05,8.97E-04,6.26E-04,3.44E-04
0.3531,2.49E-05,1.59E-05,8.96E-04,6.26E-04,3.44E-04
0.3533,2.49E-05,1.59E-05,8.96E-04,6.26E-04,3.43E-04
0.3535,2.49E-05,1.59E-05,8.96E-04,6.26E-04,3.43E-04
0.3537,2.49E-05,1.59E-05,8.96E-04,6.26E-04,3.43E-04
0.3539,2.49E-05,1.59E-05,8.95E-04,6.25E-04,3.43E-04
0.3541,2.49E-05,1.59E-05,8.95E-04,6.25E-04,3.43E-04
0.3543,2.49E-05,1.59E-05,8.95E-04,6.25E-04,3.42E-04
0.3545,2.48E-05,1.59E-05,8.94E-04,6.25E-04,3.42E-04
0.3547,2.48E-05,1.59E-05,8.94E-04,6.25E-04,3.42E-04
0.3549,2.48E-05,1.59E-05,8.94E-04,6.25E-04,3.42E-04
0.3551,2.48E-05,1.60E-05,8.94E-04,6.25E-04,3.42E-04
0.3553,2.48E-05,1.60E-05,8.93E-04,6.25E-04,3.42E-04
0.3555,2.48E-05,1.60E-05,8.93E-04,6.24E-04,3.41E-04
0.3557,2.48E-05,1.60E-05,8.93E-04,6.24E-04,3.41E-04
0.3559,2.48E-05,1.60E-05,8.92E-04,6.24E-04,3.41E-04
0.3561,2.47E-05,1.60E-05,8.92E-04,6.24E-04,3.41E-04
0.3563,2.47E-05,1.60E-05,8.92E-04,6.24E-04,3.41E-04
0.3565,2.47E-05,1.60E-05,8.92E-04,6.24E-04,3.40E-04
0.3567,2.47E-05,1.60E-05,8.91E-04,6.24E-04,3.40E-04
0.3569,2.47E-05,1.60E-05,8.91E-04,6.24E-04,3.40E-04
0.3571,2.47E-05,1.60E-05,8.91E-04,6.23E-04,3.40E-04
0.3573,2.47E-05,1.60E-05,8.91E-04,6.23E-04,3.40E-04
0.3575,2.46E-05,1.60E-05,8.90E-04,6.23E-04,3.40E-04
0.3577,2.46E-05,1.60E-05,8.90E-04,6.23E-04,3.39E-04
0.3579,2.46E-05,1.60E-05,8.90E-04,6.23E-04,3.39E-04
0.3581,2.46E-05,1.60E-05,8.89E-04,6.23E-04,3.39E-04
0.3583,2.46E-05,1.61E-05,8.89E-04,6.23E-04,3.39E-04
0.3585,2.46E-05,1.61E-05,8.89E-04,6.23E-04,3.39E-04
0.3587,2.46E-05,1.61E-05,8.89E-04,6.23E-04,3.39E-04
0.3589,2.46E-05,1.61E-05,8.88E-04,6.22E-04,3.38E-04
0.3591,2.45E-05,1.61E-05,8.88E-04,6.22E-04,3.38E-04
0.3593,2.45E-05,1.61E-05,8.88E-04,6.22E-04,3.38E-04
0.3595,2.45E-05,1.61E-05,8.88E-04,6.22E-04,3.38E-04
0.3597,2.45E-05,1.61E-05,8.87E-04,6.22E-04,3.38E-04
0.3599,2.45E-05,1.61E-05,8.87E-04,6.22E-04,3.38E-04
0.3601,2.45E-05,1.61E-05,8.87E-04,6.22E-04,3.37E-04
0.3603,2.45E-05,1.61E-05,8.86E-04,6.22E-04,3.37E-04
0.3605,2.45E-05,1.61E-05,8.86E-04,6.21E-04,3.37E-04
0.3607,2.44E-05,1.61E-05,8.86E-04,6.21E-04,3.37E-04
0.3609,2.44E-05,1.61E-05,8.86E-04,6.21E-04,3.37E-04
0.3611,2.44E-05,1.61E-05,8.85E-04,6.21E-04,3.37E-04
0.3613,2.44E-05,1.61E-05,8.85E-04,6.21E-04,3.36E-04
0.3615,2.44E-05,1.61E-05,8.85E-04,6.21E-04,3.36E-04
0.3617,2.44E-05,1.61E-05,8.85E-04,6.21E-04,3.36E-04
0.3619,2.44E-05,1.62E-05,8.84E-04,6.21E-04,3.36E-04
0.3621,2.44E-05,1.62E-05,8.84E-04,6.21E-04,3.36E-04
0.3623,2.43E-05,1.62E-05,8.84E-04,6.20E-04,3.36E-04
0.3625,2.43E-05,1.62E-05,8.84E-04,6.20E-04,3.35E-04
0.3627,2.43E-05,1.62E-05,8.83E-04,6.20E-04,3.35E-04
0.3629,2.43E-05,1.62E-05,8.83E-04,6.20E-04,3.35E-04
0.3631,2.43E-05,1.62E-05,8.83E-04,6.20E-04,3.35E-04
0.3633,2.43E-05,1.62E-05,8.82E-04,6.20E-04,3.35E-04
0.3635,2.43E-05,1.62E-05,8.82E-04,6.20E-04,3.35E-04
0.3637,2.43E-05,1.62E-05,8.82E-04,6.20E-04,3.34E-04
0.3639,2.42E-05,1.62E-05,8.82E-04,6.20E-04,3.34E-04
0.3641,2.42E-05,1.62E-05,8.81E-04,6.19E-04,3.34E-04
0.3643,2.42E-05,1.62E-05,8.81E-04,6.19E-04,3.34E-04
0.3645,2.42E-05,1.62E-05,8.81E-04,6.19E-04,3.34E-04
0.3647,2.42E-05,1.62E-05,8.81E-04,6.19E-04,3.34E-04
0.3649,2.42E-05,1.62E-05,8.80E-04,6.19E-04,3.34E-04
0.3651,2.42E-05,1.62E-05,8.80E-04,6.19E-04,3.33E-04
0.3653,2.42E-05,1.62E-05,8.80E-04,6.19E-04,3.33E-04
0.3655,2.42E-05,1.62E-05,8.80E-04,6.19E-04,3.33E-04
0.3657,2.41E-05,1.62E-05,8.79E-04,6.19E-04,3.33E-04
0.3659,2.41E-05,1.62E-05,8.79E-04,6.19E-04,3.33E-04
0.3661,2.41E-05,1.63E-05,8.79E-04,6.18E-04,3.33E-04
0.3663,2.41E-05,1.63E-05,8.79E-04,6.18E-04,3.32E-04
0.3665,2.41E-05,1.63E-05,8.78E-04,6.18E-04,3.32E-04
0.3667,2.41E-05,1.63E-05,8.78E-04,6.18E-04,3.32E-04
0.3669,2.41E-05,1.63E-05,8.78E-04,6.18E-04,3.32E-04
0.3671,2.41E-05,1.63E-05,8.78E-04,6.18E-04,3.32E-04
0.3673,2.41E-05,1.63E-05,8.77E-04,6.18E-04,3.32E-04
0.3675,2.40E-05,1.63E-05,8.77E-04,6.18E-04,3.32E-04
0.3677,2.40E-05,1.63E-05,8.77E-04,6.18E-04,3.31E-04
0.3679,2.40E-05,1.63E-05,8.77E-04,6.18E-04,3.31E-04
0.3681,2.40E-05,1.63E-05,8.76E-04,6.17E-04,3.31E-04
0.3683,2.40E-05,1.63E-05,8.76E-04,6.17E-04,3.31E-04
0.3685,2.40E-05,1.63E-05,8.76E-04,6.17E-04,3.31E-04
0.3687,2.40E-05,1.63E-05,8.76E-04,6.17E-04,3.31E-04
0.3689,2.40E-05,1.63E-05,8.75E-04,6.17E-04,3.31E-04
0.3691,2.40E-05,1.63E-05,8.75E-04,6.17E-04,3.30E-04
0.3693,2.40E-05,1.63E-05,8.75E-04,6.17E-04,3.30E-04
0.3695,2.39E-05,1.63E-05,8.75E-04,6.17E-04,3.30E-04
0.3697,2.39E-05,1.63E-05,8.74E-04,6.17E-04,3.30E-04
0.3699,2.39E-05,1.63E-05,8.74E-04,6.17E-04,3.30E-04
0.3701,2.39E-05,1.63E-05,8.74E-04,6.16E-04,3.30E-04
0.3703,2.39E-05,1.63E-05,8.74E-04,6.16E-04,3.30E-04
0.3705,2.39E-05,1.63E-05,8.73E-04,6.16E-04,3.29E-04
0.3707,2.39E-05,1.63E-05,8.73E-04,6.16E-04,3.29E-04
0.3709,2.39E-05,1.63E-05,8.73E-04,6.16E-04,3.29E-04
0.3711,2.39E-05,1.64E-05,8.73E-04,6.16E-04,3.29E-04
0.3713,2.39E-05,1.64E-05,8.72E-04,6.16E-04,3.29E-04
0.3715,2.38E-05,1.64E-05,8.72E-04,6.16E-04,3.29E-04
0.3717,2.38E-05,1.64E-05,8.72E-04,6.16E-04,3.29E-04
0.3719,2.38E-05,1.64E-05,8.72E-04,6.16E-04,3.28E-04
0.3721,2.38E-05,1.64E-05,8.71E-04,6.16E-04,3.28E-04
0.3723,2.38E-05,1.64E-05,8.71E-04,6.15E-04,3.28E-04
0.3725,2.38E-05,1.64E-05,8.71E-04,6.15E-04,3.28E-04
0.3727,2.38E-05,1.64E-05,8.71E-04,6.15E-04,3.28E-04
0.3729,2.38E-05,1.64E-05,8.70E-04,6.15E-04,3.28E-04
0.3731,2.38E-05,1.64E-05,8.70E-04,6.15E-04,3.28E-04
0.3733,2.38E-05,1.64E-05,8.70E-04,6.15E-04,3.27E-04
0.3735,2.38E-05,1.64E-05,8.70E-04,6.15E-04,3.27E-04
0.3737,2.37E-05,1.64E-05,8.70E-04,6.15E-04,3.27E-04
0.3739,2.37E-05,1.64E-05,8.69E-04,6.15E-04,3.27E-04
0.3741,2.37E-05,1.64E-05,8.69E-04,6.15E-04,3.27E-04
0.3743,2.37E-05,1.64E-05,8.69E-04,6.15E-04,3.27E-04
0.3745,2.37E-05,1.64E-05,8.69E-04,6.14E-04,3.27E-04
0.3747,2.37E-05,1.64E-05,8.68E-04,6.14E-04,3.27E-04
0.3749,2.37E-05,1.64E-05,8.68E-04,6.14E-04,3.26E-04
0.3751,2.37E-05,1.64E-05,8.68E-04,6.14E-04,3.26E-04
0.3753,2.37E-05,1.64E-05,8.68E-04,6.14E-04,3.26E-04
0.3755,2.37E-05,1.64E-05,8.67E-04,6.14E-04,3.26E-04
0.3757,2.37E-05,1.64E-05,8.67E-04,6.14E-04,3.26E-04
0.3759,2.36E-05,1.64E-05,8.67E-04,6.14E-04,3.26E-04
0.3761,2.36E-05,1.64E-05,8.67E-04,6.14E-04,3.26E-04
0.3763,2.36E-05,1.64E-05,8.66E-04,6.14E-04,3.26E-04
0.3765,2.36E-05,1.64E-05,8.66E-04,6.14E-04,3.25E-04
0.3767,2.36E-05,1.64E-05,8.66E-04,6.14E-04,3.25E-04
0.3769,2.36E-05,1.64E-05,8.66E-04,6.13E-04,3.25E-04
0.3771,2.36E-05,1.64E-05,8.66E-04,6.13E-04,3.25E-04
0.3773,2.36E-05,1.64E-05,8.65E-04,6.13E-04,3.25E-04
0.3775,2.36E-05,1.65E-05,8.65E-04,6.13E-04,3.25E-04
0.3777,2.36E-05,1.65E-05,8.65E-04,6.13E-04,3.25E-04
0.3779,2.36E-05,1.65E-05,8.65E-04,6.13E-04,3.24E-04
0.3781,2.36E-05,1.65E-05,8.64E-04,6.13E-04,3.24E-04
0.3783,2.35E-05,1.65E-05,8.64E-04,6.13E-04,3.24E-04
0.3785,2.35E-05,1.65E-05,8.64E-04,6.13E-04,3.24E-04
0.3787,2.35E-05,1.65E-05,8.64E-04,6.13E-04,3.24E-04
0.3789,2.35E-05,1.65E-05,8.63E-04,6.13E-04,3.24E-04
0.3791,2.35E-05,1.65E-05,8.63E-04,6.13E-04,3.24E-04
0.3793,2.35E-05,1.65E-05,8.63E-04,6.12E-04,3.24E-04
0.3795,2.35E-05,1.65E-05,8.63E-04,6.12E-04,3.23E-04
0.3797,2.35E-05,1.65E-05,8.63E-04,6.12E-04,3.23E-04
0.3799,2.35E-05,1.65E-05,8.62E-04,6.12E-04,3.23E-04
0.3801,2.35E-05,1.65E-05,8.62E-04,6.12E-04,3.23E-04
0.3803,2.35E-05,1.65E-05,8.62E-04,6.12E-04,3.23E-04
0.3805,2.35E-05,1.65E-05,8.62E-04,6.12E-04,3.23E-04
0.3807,2.35E-05,1.65E-05,8.61E-04,6.12E-04,3.23E-04
0.3809,2.34E-05,1.65E-05,8.61E-04,6.12E-04,3.23E-04
0.3811,2.34E-05,1.65E-05,8.61E-04,6.12E-04,3.23E-04
0.3813,2.34E-05,1.65E-05,8.61E-04,6.12E-04,3.22E-04
0.3815,2.34E-05,1.65E-05,8.61E-04,6.12E-04,3.22E-04
0.3817,2.34E-05,1.65E-05,8.60E-04,6.12E-04,3.22E-04
0.3819,2.34E-05,1.65E-05,8.60E-04,6.12E-04,3.22E-04
0.3821,2.34E-05,1.65E-05,8.60E-04,6.11E-04,3.22E-04
0.3823,2.34E-05,1.65E-05,8.60E-04,6.11E-04,3.22E-04
0.3825,2.34E-05,1.65E-05,8.59E-04,6.11E-04,3.22E-04
0.3827,2.34E-05,1.65E-05,8.59E-04,6.11E-04,3.22E-04
0.3829,2.34E-05,1.65E-05,8.59E-04,6.11E-04,3.21E-04
0.3831,2.34E-05,1.65E-05,8.59E-04,6.11E-04,3.21E-04
0.3833,2.34E-05,1.65E-05,8.59E-04,6.11E-04,3.21E-04
0.3835,2.34E-05,1.65E-05,8.58E-04,6.11E-04,3.21E-04
0.3837,2.33E-05,1.65E-05,8.58E-04,6.11E-04,3.21E-04
0.3839,2.33E-05,1.65E-05,8.58E-04,6.11E-04,3.21E-04
0.3841,2.33E-05,1.65E-05,8.58E-04,6.11E-04,3.21E-04
0.3843,2.33E-05,1.65E-05,8.57E-04,6.11E-04,3.21E-04
0.3845,2.33E-05,1.65E-05,8.57E-04,6.11E-04,3.21E-04
0.3847,2.33E-05,1.65E-05,8.57E-04,6.11E-04,3.20E-04
0.3849,2.33E-05,1.65E-05,8.57E-04,6.10E-04,3.20E-04
0.3851,2.33E-05,1.65E-05,8.57E-04,6.10E-04,3.20E-04
0.3853,2.33E-05,1.65E-05,8.56E-04,6.10E-04,3.20E-04
0.3855,2.33E-05,1.66E-05,8.56E-04,6.10E-04,3.20E-04
0.3857,2.33E-05,1.66E-05,8.56E-04,6.10E-04,3.20E-04
0.3859,2.33E-05,1.66E-05,8.56E-04,6.10E-04,3.20E-04
0.3861,2.33E-05,1.66E-05,8.55E-04,6.10E-04,3.20E-04
0.3863,2.33E-05,1.66E-05,8.55E-04,6.10E-04,3.20E-04
0.3865,2.33E-05,1.66E-05,8.55E-04,6.10E-04,3.19E-04
0.3867,2.33E-05,1.66E-05,8.55E-04,6.10E-04,3.19E-04
0.3869,2.32E-05,1.66E-05,8.55E-04,6.10E-04,3.19E-04
0.3871,2.32E-05,1.66E-05,8.54E-04,6.10E-04,3.19E-04
0.3873,2.32E-05,1.66E-05,8.54E-04,6.10E-04,3.19E-04
0.3875,2.32E-05,1.66E-05,8.54E-04,6.10E-04,3.19E-04
0.3877,2.32E-05,1.66E-05,8.54E-04,6.10E-04,3.19E-04
0.3879,2.32E-05,1.66E-05,8.54E-04,6.09E-04,3.19E-04
0.3881,2.32E-05,1.66E-05,8.53E-04,6.09E-04,3.19E-04
0.3883,2.32E-05,1.66E-05,8.53E-04,6.09E-04,3.18E-04
0.3885,2.32E-05,1.66E-05,8.53E-04,6.09E-04,3.18E-04
0.3887,2.32E-05,1.66E-05,8.53E-04,6.09E-04,3.18E-04
0.3889,2.32E-05,1.66E-05,8.52E-04,6.09E-04,3.18E-04
0.3891,2.32E-05,1.66E-05,8.52E-04,6.09E-04,3.18E-04
0.3893,2.32E-05,1.66E-05,8.52E-04,6.09E-04,3.18E-04
0.3895,2.32E-05,1.66E-05,8.52E-04,6.09E-04,3.18E-04
0.3897,2.32E-05,1.66E-05,8.52E-04,6.09E-04,3.18E-04
0.3899,2.32E-05,1.66E-05,8.51E-04,6.09E-04,3.18E-04
0.3901,2.32E-05,1.66E-05,8.51E-04,6.09E-04,3.17E-04
0.3903,2.32E-05,1.66E-05,8.51E-04,6.09E-04,3.17E-04
0.3905,2.32E-05,1.66E-05,8.51E-04,6.09E-04,3.17E-04
0.3907,2.31E-05,1.66E-05,8.51E-04,6.09E-04,3.17E-04
0.3909,2.31E-05,1.66E-05,8.50E-04,6.09E-04,3.17E-04
0.3911,2.31E-05,1.66E-05,8.50E-04,6.08E-04,3.17E-04
0.3913,2.31E-05,1.66E-05,8.50E-04,6.08E-04,3.17E-04
0.3915,2.31E-05,1.66E-05,8.50E-04,6.08E-04,3.17E-04
0.3917,2.31E-05,1.66E-05,8.50E-04,6.08E-04,3.17E-04
0.3919,2.31E-05,1.66E-05,8.49E-04,6.08E-04,3.16E-04
0.3921,2.31E-05,1.66E-05,8.49E-04,6.08E-04,3.16E-04
0.3923,2.31E-05,1.66E-05,8.49E-04,6.08E-04,3.16E-04
0.3925,2.31E-05,1.66E-05,8.49E-04,6.08E-04,3.16E-04
0.3927,2.31E-05,1.66E-05,8.49E-04,6.08E-04,3.16E-04
0.3929,2.31E-05,1.66E-05,8.48E-04,6.08E-04,3.16E-04
0.3931,2.31E-05,1.66E-05,8.48E-04,6.08E-04,3.16E-04
0.3933,2.31E-05,1.66E-05,8.48E-04,6.08E-04,3.16E-04
0.3935,2.31E-05,1.67E-05,8.48E-04,6.08E-04,3.16E-04
0.3937,2.31E-05,1.67E-05,8.48E-04,6.08E-04,3.16E-04
0.3939,2.31E-05,1.67E-05,8.47E-04,6.08E-04,3.15E-04
0.3941,2.31E-05,1.67E-05,8.47E-04,6.08E-04,3.15E-04
0.3943,2.31E-05,1.67E-05,8.47E-04,6.08E-04,3.15E-04
0.3945,2.31E-05,1.67E-05,8.47E-04,6.08E-04,3.15E-04
0.3947,2.31E-05,1.67E-05,8.47E-04,6.07E-04,3.15E-04
0.3949,2.31E-05,1.67E-05,8.46E-04,6.07E-04,3.15E-04
0.3951,2.31E-05,1.67E-05,8.46E-04,6.07E-04,3.15E-04
0.3953,2.30E-05,1.67E-05,8.46E-04,6.07E-04,3.15E-04
0.3955,2.30E-05,1.67E-05,8.46E-04,6.07E-04,3.15E-04
0.3957,2.30E-05,1.67E-05,8.46E-04,6.07E-04,3.15E-04
0.3959,2.30E-05,1.67E-05,8.45E-04,6.07E-04,3.14E-04
0.3961,2.30E-05,1.67E-05,8.45E-04,6.07E-04,3.14E-04
0.3963,2.30E-05,1.67E-05,8.45E-04,6.07E-04,3.14E-04
0.3965,2.30E-05,1.67E-05,8.45E-04,6.07E-04,3.14E-04
0.3967,2.30E-05,1.67E-05,8.45E-04,6.07E-04,3.14E-04
0.3969,2.30E-05,1.67E-05,8.44E-04,6.07E-04,3.14E-04
0.3971,2.30E-05,1.67E-05,8.44E-04,6.07E-04,3.14E-04
0.3973,2.30E-05,1.67E-05,8.44E-04,6.07E-04,3.14E-04
0.3975,2.30E-05,1.67E-05,8.44E-04,6.07E-04,3.14E-04
0.3977,2.30E-05,1.67E-05,8.44E-04,6.07E-04,3.14E-04
0.3979,2.30E-05,1.67E-05,8.43E-04,6.07E-04,3.13E-04
0.3981,2.30E-05,1.67E-05,8.43E-04,6.07E-04,3.13E-04
0.3983,2.30E-05,1.67E-05,8.43E-04,6.07E-04,3.13E-04
0.3985,2.30E-05,1.67E-05,8.43E-04,6.07E-04,3.13E-04
0.3987,2.30E-05,1.67E-05,8.43E-04,6.06E-04,3.13E-04
0.3989,2.30E-05,1.67E-05,8.42E-04,6.06E-04,3.13E-04
0.3991,2.30E-05,1.67E-05,8.42E-04,6.06E-04,3.13E-04
0.3993,2.30E-05,1.67E-05,8.42E-04,6.06E-04,3.13E-04
0.3995,2.30E-05,1.68E-05,8.42E-04,6.06E-04,3.13E-04
0.3997,2.30E-05,1.68E-05,8.42E-04,6.06E-04,3.13E-04
0.3999,2.30E-05,1.68E-05,8.41E-04,6.06E-04,3.13E-04
0.4001,2.30E-05,1.68E-05,8.41E-04,6.06E-04,3.12E-04
0.4003,2.30E-05,1.68E-05,8.41E-04,6.06E-04,3.12E-04
0.4005,2.30E-05,1.68E-05,8.41E-04,6.06E-04,3.12E-04
0.4007,2.30E-05,1.68E-05,8.41E-04,6.06E-04,3.12E-04
0.4009,2.30E-05,1.68E-05,8.41E-04,6.06E-04,3.12E-04
0.4011,2.30E-05,1.68E-05,8.40E-04,6.06E-04,3.12E-04
0.4013,2.30E-05,1.68E-05,8.40E-04,6.06E-04,3.12E-04
0.4015,2.30E-05,1.68E-05,8.40E-04,6.06E-04,3.12E-04
0.4017,2.30E-05,1.68E-05,8.40E-04,6.06E-04,3.12E-04
0.4019,2.30E-05,1.68E-05,8.40E-04,6.06E-04,3.12E-04
0.4021,2.29E-05,1.68E-05,8.39E-04,6.06E-04,3.12E-04
0.4023,2.29E-05,1.68E-05,8.39E-04,6.06E-04,3.11E-04
0.4025,2.29E-05,1.68E-05,8.39E-04,6.06E-04,3.11E-04
0.4027,2.29E-05,1.68E-05,8.39E-04,6.06E-04,3.11E-04
0.4029,2.29E-05,1.68E-05,8.39E-04,6.06E-04,3.11E-04
0.4031,2.29E-05,1.68E-05,8.38E-04,6.05E-04,3.11E-04
0.4033,2.29E-05,1.68E-05,8.38E-04,6.05E-04,3.11E-04
0.4035,2.29E-05,1.68E-05,8.38E-04,6.05E-04,3.11E-04
0.4037,2.29E-05,1.68E-05,8.38E-04,6.05E-04,3.11E-04
0.4039,2.29E-05,1.68E-05,8.38E-04,6.05E-04,3.11E-04
0.4041,2.29E-05,1.68E-05,8.38E-04,6.05E-04,3.11E-04
0.4043,2.29E-05,1.69E-05,8.37E-04,6.05E-04,3.11E-04
0.4045,2.29E-05,1.69E-05,8.37E-04,6.05E-04,3.10E-04
0.4047,2.29E-05,1.69E-05,8.37E-04,6.05E-04,3.10E-04
0.4049,2.29E-05,1.69E-05,8.37E-04,6.05E-04,3.10E-04
0.4051,2.29E-05,1.69E-05,8.37E-04,6.05E-04,3.10E-04
0.4053,2.29E-05,1.69E-05,8.36E-04,6.05E-04,3.10E-04
0.4055,2.29E-05,1.69E-05,8.36E-04,6.05E-04,3.10E-04
0.4057,2.29E-05,1.69E-05,8.36E-04,6.05E-04,3.10E-04
0.4059,2.29E-05,1.69E-05,8.36E-04,6.05E-04,3.10E-04
0.4061,2.29E-05,1.69E-05,8.36E-04,6.05E-04,3.10E-04
0.4063,2.29E-05,1.69E-05,8.36E-04,6.05E-04,3.10E-04
0.4065,2.29E-05,1.69E-05,8.35E-04,6.05E-04,3.10E-04
0.4067,2.29E-05,1.69E-05,8.35E-04,6.05E-04,3.10E-04
0.4069,2.29E-05,1.69E-05,8.35E-04,6.05E-04,3.09E-04
0.4071,2.29E-05,1.69E-05,8.35E-04,6.05E-04,3.09E-04
0.4073,2.29E-05,1.69E-05,8.35E-04,6.05E-04,3.09E-04
0.4075,2.29E-05,1.69E-05,8.34E-04,6.05E-04,3.09E-04
0.4077,2.29E-05,1.69E-05,8.34E-04,6.05E-04,3.09E-04
0.4079,2.29E-05,1.69E-05,8.34E-04,6.05E-04,3.09E-04
0.4081,2.29E-05,1.70E-05,8.34E-04,6.05E-04,3.09E-04
0.4083,2.29E-05,1.70E-05,8.34E-04,6.05E-04,3.09E-04
0.4085,2.29E-05,1.70E-05,8.34E-04,6.04E-04,3.09E-04
0.4087,2.29E-05,1.70E-05,8.33E-04,6.04E-04,3.09E-04
0.4089,2.29E-05,1.70E-05,8.33E-04,6.04E-04,3.09E-04
0.4091,2.29E-05,1.70E-05,8.33E-04,6.04E-04,3.09E-04
0.4093,2.29E-05,1.70E-05,8.33E-04,6.04E-04,3.08E-04
0.4095,2.29E-05,1.70E-05,8.33E-04,6.04E-04,3.08E-04
0.4097,2.29E-05,1.70E-05,8.33E-04,6.04E-04,3.08E-04
0.4099,2.29E-05,1.70E-05,8.32E-04,6.04E-04,3.08E-04
0.4101,2.29E-05,1.70E-05,8.32E-04,6.04E-04,3.08E-04
0.4103,2.29E-05,1.70E-05,8.32E-04,6.04E-04,3.08E-04
0.4105,2.29E-05,1.70E-05,8.32E-04,6.04E-04,3.08E-04
0.4107,2.29E-05,1.70E-05,8.32E-04,6.04E-04,3.08E-04
0.4109,2.29E-05,1.70E-05,8.31E-04,6.04E-04,3.08E-04
0.4111,2.29E-05,1.70E-05,8.31E-04,6.04E-04,3.08E-04
0.4113,2.29E-05,1.71E-05,8.31E-04,6.04E-04,3.08E-04
0.4115,2.29E-05,1.71E-05,8.31E-04,6.04E-04,3.08E-04
0.4117,2.29E-05,1.71E-05,8.31E-04,6.04E-04,3.07E-04
0.4119,2.29E-05,1.71E-05,8.31E-04,6.04E-04,3.07E-04
0.4121,2.29E-05,1.71E-05,8.30E-04,6.04E-04,3.07E-04
0.4123,2.29E-05,1.71E-05,8.30E-04,6.04E-04,3.07E-04
0.4125,2.29E-05,1.71E-05,8.30E-04,6.04E-04,3.07E-04
0.4127,2.29E-05,1.71E-05,8.30E-04,6.04E-04,3.07E-04
0.4129,2.29E-05,1.71E-05,8.30E-04,6.04E-04,3.07E-04
0.4131,2.29E-05,1.71E-05,8.30E-04,6.04E-04,3.07E-04
0.4133,2.29E-05,1.71E-05,8.29E-04,6.04E-04,3.07E-04
0.4135,2.29E-05,1.71E-05,8.29E-04,6.04E-04,3.07E-04
0.4137,2.29E-05,1.71E-05,8.29E-04,6.04E-04,3.07E-04
0.4139,2.29E-05,1.71E-05,8.29E-04,6.04E-04,3.07E-04
0.4141,2.29E-05,1.72E-05,8.29E-04,6.04E-04,3.07E-04
0.4143,2.29E-05,1.72E-05,8.29E-04,6.04E-04,3.06E-04
0.4145,2.29E-05,1.72E-05,8.28E-04,6.04E-04,3.06E-04
0.4147,2.29E-05,1.72E-05,8.28E-04,6.04E-04,3.06E-04
0.4149,2.29E-05,1.72E-05,8.28E-04,6.04E-04,3.06E-04
0.4151,2.29E-05,1.72E-05,8.28E-04,6.03E-04,3.06E-04
0.4153,2.29E-05,1.72E-05,8.28E-04,6.03E-04,3.06E-04
0.4155,2.29E-05,1.72E-05,8.28E-04,6.03E-04,3.06E-04
0.4157,2.29E-05,1.72E-05,8.27E-04,6.03E-04,3.06E-04
0.4159,2.29E-05,1.72E-05,8.27E-04,6.03E-04,3.06E-04
0.4161,2.29E-05,1.72E-05,8.27E-04,6.03E-04,3.06E-04
0.4163,2.29E-05,1.72E-05,8.27E-04,6.03E-04,3.06E-04
0.4165,2.29E-05,1.73E-05,8.27E-04,6.03E-04,3.06E-04
0.4167,2.29E-05,1.73E-05,8.27E-04,6.03E-04,3.06E-04
0.4169,2.29E-05,1.73E-05,8.26E-04,6.03E-04,3.06E-04
0.4171,2.29E-05,1.73E-05,8.26E-04,6.03E-04,3.05E-04
0.4173,2.29E-05,1.73E-05,8.26E-04,6.03E-04,3.05E-04
0.4175,2.29E-05,1.73E-05,8.26E-04,6.03E-04,3.05E-04
0.4177,2.29E-05,1.73E-05,8.26E-04,6.03E-04,3.05E-04
0.4179,2.29E-05,1.73E-05,8.26E-04,6.03E-04,3.05E-04
0.4181,2.29E-05,1.73E-05,8.25E-04,6.03E-04,3.05E-04
0.4183,2.29E-05,1.73E-05,8.25E-04,6.03E-04,3.05E-04
0.4185,2.29E-05,1.73E-05,8.25E-04,6.03E-04,3.05E-04
0.4187,2.29E-05,1.73E-05,8.25E-04,6.03E-04,3.05E-04
0.4189,2.29E-05,1.74E-05,8.25E-04,6.03E-04,3.05E-04
0.4191,2.29E-05,1.74E-05,8.25E-04,6.03E-04,3.05E-04
0.4193,2.29E-05,1.74E-05,8.24E-04,6.03E-04,3.05E-04
0.4195,2.29E-05,1.74E-05,8.24E-04,6.03E-04,3.05E-04
0.4197,2.30E-05,1.74E-05,8.24E-04,6.03E-04,3.05E-04
0.4199,2.30E-05,1.74E-05,8.24E-04,6.03E-04,3.05E-04
0.4201,2.30E-05,1.74E-05,8.24E-04,6.03E-04,3.04E-04
0.4203,2.30E-05,1.74E-05,8.24E-04,6.03E-04,3.04E-04
0.4205,2.30E-05,1.74E-05,8.23E-04,6.03E-04,3.04E-04
0.4207,2.30E-05,1.74E-05,8.23E-04,6.03E-04,3.04E-04
0.4209,2.30E-05,1.74E-05,8.23E-04,6.03E-04,3.04E-04
0.4211,2.30E-05,1.75E-05,8.23E-04,6.03E-04,3.04E-04
0.4213,2.30E-05,1.75E-05,8.23E-04,6.03E-04,3.04E-04
0.4215,2.30E-05,1.75E-05,8.23E-04,6.03E-04,3.04E-04
0.4217,2.30E-05,1.75E-05,8.22E-04,6.03E-04,3.04E-04
0.4219,2.30E-05,1.75E-05,8.22E-04,6.03E-04,3.04E-04
0.4221,2.30E-05,1.75E-05,8.22E-04,6.03E-04,3.04E-04
0.4223,2.30E-05,1.75E-05,8.22E-04,6.03E-04,3.04E-04
0.4225,2.30E-05,1.75E-05,8.22E-04,6.03E-04,3.04E-04
0.4227,2.30E-05,1.75E-05,8.22E-04,6.03E-04,3.04E-04
0.4229,2.30E-05,1.76E-05,8.22E-04,6.03E-04,3.04E-04
0.4231,2.30E-05,1.76E-05,8.21E-04,6.03E-04,3.03E-04
0.4233,2.30E-05,1.76E-05,8.21E-04,6.03E-04,3.03E-04
0.4235,2.30E-05,1.76E-05,8.21E-04,6.03E-04,3.03E-04
0.4237,2.30E-05,1.76E-05,8.21E-04,6.03E-04,3.03E-04
0.4239,2.30E-05,1.76E-05,8.21E-04,6.03E-04,3.03E-04
0.4241,2.30E-05,1.76E-05,8.21E-04,6.03E-04,3.03E-04
0.4243,2.30E-05,1.76E-05,8.20E-04,6.03E-04,3.03E-04
0.4245,2.30E-05,1.76E-05,8.20E-04,6.03E-04,3.03E-04
0.4247,2.30E-05,1.76E-05,8.20E-04,6.03E-04,3.03E-04
0.4249,2.30E-05,1.77E-05,8.20E-04,6.03E-04,3.03E-04
0.4251,2.30E-05,1.77E-05,8.20E-04,6.03E-04,3.03E-04
0.4253,2.30E-05,1.77E-05,8.20E-04,6.02E-04,3.03E-04
0.4255,2.30E-05,1.77E-05,8.20E-04,6.02E-04,3.03E-04
0.4257,2.30E-05,1.77E-05,8.19E-04,6.02E-04,3.03E-04
0.4259,2.30E-05,1.77E-05,8.19E-04,6.02E-04,3.03E-04
0.4261,2.30E-05,1.77E-05,8.19E-04,6.02E-04,3.03E-04
0.4263,2.30E-05,1.77E-05,8.19E-04,6.02E-04,3.03E-04
0.4265,2.31E-05,1.77E-05,8.19E-04,6.02E-04,3.02E-04
0.4267,2.31E-05,1.78E-05,8.19E-04,6.02E-04,3.02E-04
0.4269,2.31E-05,1.78E-05,8.18E-04,6.02E-04,3.02E-04
0.4271,2.31E-05,1.78E-05,8.18E-04,6.02E-04,3.02E-04
0.4273,2.31E-05,1.78E-05,8.18E-04,6.02E-04,3.02E-04
0.4275,2.31E-05,1.78E-05,8.18E-04,6.02E-04,3.02E-04
0.4277,2.31E-05,1.78E-05,8.18E-04,6.02E-04,3.02E-04
0.4279,2.31E-05,1.78E-05,8.18E-04,6.02E-04,3.02E-04
0.4281,2.31E-05,1.78E-05,8.18E-04,6.02E-04,3.02E-04
0.4283,2.31E-05,1.79E-05,8.17E-04,6.02E-04,3.02E-04
0.4285,2.31E-05,1.79E-05,8.17E-04,6.02E-04,3.02E-04
0.4287,2.31E-05,1.79E-05,8.17E-04,6.02E-04,3.02E-04
0.4289,2.31E-05,1.79E-05,8.17E-04,6.02E-04,3.02E-04
0.4291,2.31E-05,1.79E-05,8.17E-04,6.02E-04,3.02E-04
0.4293,2.31E-05,1.79E-05,8.17E-04,6.02E-04,3.02E-04
0.4295,2.31E-05,1.79E-05,8.16E-04,6.02E-04,3.02E-04
0.4297,2.31E-05,1.79E-05,8.16E-04,6.02E-04,3.02E-04
0.4299,2.31E-05,1.80E-05,8.16E-04,6.02E-04,3.02E-04
0.4301,2.31E-05,1.80E-05,8.16E-04,6.02E-04,3.02E-04
0.4303,2.31E-05,1.80E-05,8.16E-04,6.02E-04,3.01E-04
0.4305,2.31E-05,1.80E-05,8.16E-04,6.02E-04,3.01E-04
0.4307,2.31E-05,1.80E-05,8.16E-04,6.02E-04,3.01E-04
0.4309,2.32E-05,1.80E-05,8.15E-04,6.02E-04,3.01E-04
0.4311,2.32E-05,1.80E-05,8.15E-04,6.02E-04,3.01E-04
0.4313,2.32E-05,1.80E-05,8.15E-04,6.02E-04,3.01E-04
0.4315,2.32E-05,1.81E-05,8.15E-04,6.02E-04,3.01E-04
0.4317,2.32E-05,1.81E-05,8.15E-04,6.02E-04,3.01E-04
0.4319,2.32E-05,1.81E-05,8.15E-04,6.02E-04,3.01E-04
0.4321,2.32E-05,1.81E-05,8.15E-04,6.02E-04,3.01E-04
0.4323,2.32E-05,1.81E-05,8.14E-04,6.02E-04,3.01E-04
0.4325,2.32E-05,1.81E-05,8.14E-04,6.02E-04,3.01E-04
0.4327,2.32E-05,1.81E-05,8.14E-04,6.02E-04,3.01E-04
0.4329,2.32E-05,1.82E-05,8.14E-04,6.02E-04,3.01E-04
0.4331,2.32E-05,1.82E-05,8.14E-04,6.02E-04,3.01E-04
0.4333,2.32E-05,1.82E-05,8.14E-04,6.02E-04,3.01E-04
0.4335,2.32E-05,1.82E-05,8.14E-04,6.02E-04,3.01E-04
0.4337,2.32E-05,1.82E-05,8.13E-04,6.02E-04,3.01E-04
0.4339,2.32E-05,1.82E-05,8.13E-04,6.02E-04,3.01E-04
0.4341,2.32E-05,1.82E-05,8.13E-04,6.02E-04,3.01E-04
0.4343,2.32E-05,1.83E-05,8.13E-04,6.02E-04,3.01E-04
0.4345,2.32E-05,1.83E-05,8.13E-04,6.02E-04,3.00E-04
0.4347,2.33E-05,1.83E-05,8.13E-04,6.02E-04,3.00E-04
0.4349,2.33E-05,1.83E-05,8.13E-04,6.02E-04,3.00E-04
0.4351,2.33E-05,1.83E-05,8.12E-04,6.02E-04,3.00E-04
0.4353,2.33E-05,1.83E-05,8.12E-04,6.02E-04,3.00E-04
0.4355,2.33E-05,1.83E-05,8.12E-04,6.02E-04,3.00E-04
0.4357,2.33E-05,1.84E-05,8.12E-04,6.02E-04,3.00E-04
0.4359,2.33E-05,1.84E-05,8.12E-04,6.02E-04,3.00E-04
0.4361,2.33E-05,1.84E-05,8.12E-04,6.02E-04,3.00E-04
0.4363,2.33E-05,1.84E-05,8.12E-04,6.02E-04,3.00E-04
0.4365,2.33E-05,1.84E-05,8.11E-04,6.02E-04,3.00E-04
0.4367,2.33E-05,1.84E-05,8.11E-04,6.02E-04,3.00E-04
0.4369,2.33E-05,1.84E-05,8.11E-04,6.02E-04,3.00E-04
0.4371,2.33E-05,1.85E-05,8.11E-04,6.02E-04,3.00E-04
0.4373,2.33E-05,1.85E-05,8.11E-04,6.02E-04,3.00E-04
0.4375,2.33E-05,1.85E-05,8.11E-04,6.02E-04,3.00E-04
0.4377,2.33E-05,1.85E-05,8.11E-04,6.02E-04,3.00E-04
0.4379,2.34E-05,1.85E-05,8.10E-04,6.02E-04,3.00E-04
0.4381,2.34E-05,1.85E-05,8.10E-04,6.02E-04,3.00E-04
0.4383,2.34E-05,1.85E-05,8.10E-04,6.02E-04,3.00E-04
0.4385,2.34E-05,1.86E-05,8.10E-04,6.02E-04,3.00E-04
0.4387,2.34E-05,1.86E-05,8.10E-04,6.02E-04,3.00E-04
0.4389,2.34E-05,1.86E-05,8.10E-04,6.02E-04,3.00E-04
0.4391,2.34E-05,1.86E-05,8.10E-04,6.02E-04,3.00E-04
0.4393,2.34E-05,1.86E-05,8.09E-04,6.02E-04,2.99E-04
0.4395,2.34E-05,1.86E-05,8.09E-04,6.02E-04,2.99E-04
0.4397,2.34E-05,1.87E-05,8.09E-04,6.02E-04,2.99E-04
0.4399,2.34E-05,1.87E-05,8.09E-04,6.02E-04,2.99E-04
0.4401,2.34E-05,1.87E-05,8.09E-04,6.02E-04,2.99E-04
0.4403,2.34E-05,1.87E-05,8.09E-04,6.02E-04,2.99E-04
0.4405,2.34E-05,1.87E-05,8.09E-04,6.02E-04,2.99E-04
0.4407,2.35E-05,1.87E-05,8.09E-04,6.02E-04,2.99E-04
0.4409,2.35E-05,1.87E-05,8.08E-04,6.02E-04,2.99E-04
0.4411,2.35E-05,1.88E-05,8.08E-04,6.02E-04,2.99E-04
0.4413,2.35E-05,1.88E-05,8.08E-04,6.02E-04,2.99E-04
0.4415,2.35E-05,1.88E-05,8.08E-04,6.02E-04,2.99E-04
0.4417,2.35E-05,1.88E-05,8.08E-04,6.02E-04,2.99E-04
0.4419,2.35E-05,1.88E-05,8.08E-04,6.02E-04,2.99E-04
0.4421,2.35E-05,1.88E-05,8.08E-04,6.02E-04,2.99E-04
0.4423,2.35E-05,1.89E-05,8.07E-04,6.02E-04,2.99E-04
0.4425,2.35E-05,1.89E-05,8.07E-04,6.02E-04,2.99E-04
0.4427,2.35E-05,1.89E-05,8.07E-04,6.02E-04,2.99E-04
0.4429,2.35E-05,1.89E-05,8.07E-04,6.02E-04,2.99E-04
0.4431,2.35E-05,1.89E-05,8.07E-04,6.02E-04,2.99E-04
0.4433,2.36E-05,1.89E-05,8.07E-04,6.02E-04,2.99E-04
0.4435,2.36E-05,1.90E-05,8.07E-04,6.02E-04,2.99E-04
0.4437,2.36E-05,1.90E-05,8.07E-04,6.02E-04,2.99E-04
0.4439,2.36E-05,1.90E-05,8.06E-04,6.02E-04,2.99E-04
0.4441,2.36E-05,1.90E-05,8.06E-04,6.02E-04,2.99E-04
0.4443,2.36E-05,1.90E-05,8.06E-04,6.02E-04,2.99E-04
0.4445,2.36E-05,1.90E-05,8.06E-04,6.02E-04,2.99E-04
0.4447,2.36E-05,1.91E-05,8.06E-04,6.02E-04,2.99E-04
0.4449,2.36E-05,1.91E-05,8.06E-04,6.02E-04,2.99E-04
0.4451,2.36E-05,1.91E-05,8.06E-04,6.02E-04,2.99E-04
0.4453,2.36E-05,1.91E-05,8.05E-04,6.02E-04,2.99E-04
0.4455,2.36E-05,1.91E-05,8.05E-04,6.02E-04,2.98E-04
0.4457,2.37E-05,1.91E-05,8.05E-04,6.02E-04,2.98E-04
0.4459,2.37E-05,1.92E-05,8.05E-04,6.02E-04,2.98E-04
0.4461,2.37E-05,1.92E-05,8.05E-04,6.02E-04,2.98E-04
0.4463,2.37E-05,1.92E-05,8.05E-04,6.02E-04,2.98E-04
0.4465,2.37E-05,1.92E-05,8.05E-04,6.02E-04,2.98E-04
0.4467,2.37E-05,1.92E-05,8.05E-04,6.02E-04,2.98E-04
0.4469,2.37E-05,1.93E-05,8.04E-04,6.02E-04,2.98E-04
0.4471,2.37E-05,1.93E-05,8.04E-04,6.02E-04,2.98E-04
0.4473,2.37E-05,1.93E-05,8.04E-04,6.02E-04,2.98E-04
0.4475,2.37E-05,1.93E-05,8.04E-04,6.02E-04,2.98E-04
0.4477,2.37E-05,1.93E-05,8.04E-04,6.02E-04,2.98E-04
0.4479,2.38E-05,1.93E-05,8.04E-04,6.02E-04,2.98E-04
0.4481,2.38E-05,1.94E-05,8.04E-04,6.02E-04,2.98E-04
0.4483,2.38E-05,1.94E-05,8.04E-04,6.02E-04,2.98E-04
0.4485,2.38E-05,1.94E-05,8.03E-04,6.02E-04,2.98E-04
0.4487,2.38E-05,1.94E-05,8.03E-04,6.02E-04,2.98E-04
0.4489,2.38E-05,1.94E-05,8.03E-04,6.02E-04,2.98E-04
0.4491,2.38E-05,1.94E-05,8.03E-04,6.02E-04,2.98E-04
0.4493,2.38E-05,1.95E-05,8.03E-04,6.02E-04,2.98E-04
0.4495,2.38E-05,1.95E-05,8.03E-04,6.02E-04,2.98E-04
0.4497,2.38E-05,1.95E-05,8.03E-04,6.02E-04,2.98E-04
0.4499,2.39E-05,1.95E-05,8.03E-04,6.02E-04,2.98E-04
0.4501,2.39E-05,1.95E-05,8.02E-04,6.02E-04,2.98E-04
0.4503,2.39E-05,1.96E-05,8.02E-04,6.02E-04,2.98E-04
0.4505,2.39E-05,1.96E-05,8.02E-04,6.02E-04,2.98E-04
0.4507,2.39E-05,1.96E-05,8.02E-04,6.02E-04,2.98E-04
0.4509,2.39E-05,1.96E-05,8.02E-04,6.02E-04,2.98E-04
0.4511,2.39E-05,1.96E-05,8.02E-04,6.02E-04,2.98E-04
0.4513,2.39E-05,1.97E-05,8.02E-04,6.02E-04,2.98E-04
0.4515,2.39E-05,1.97E-05,8.02E-04,6.02E-04,2.98E-04
0.4517,2.39E-05,1.97E-05,8.01E-04,6.02E-04,2.98E-04
0.4519,2.40E-05,1.97E-05,8.01E-04,6.02E-04,2.98E-04
0.4521,2.40E-05,1.97E-05,8.01E-04,6.02E-04,2.98E-04
0.4523,2.40E-05,1.97E-05,8.01E-04,6.02E-04,2.98E-04
0.4525,2.40E-05,1.98E-05,8.01E-04,6.02E-04,2.98E-04
0.4527,2.40E-05,1.98E-05,8.01E-04,6.02E-04,2.98E-04
0.4529,2.40E-05,1.98E-05,8.01E-04,6.02E-04,2.98E-04
0.4531,2.40E-05,1.98E-05,8.01E-04,6.02E-04,2.98E-04
0.4533,2.40E-05,1.98E-05,8.00E-04,6.02E-04,2.98E-04
0.4535,2.40E-05,1.99E-05,8.00E-04,6.02E-04,2.98E-04
0.4537,2.40E-05,1.99E-05,8.00E-04,6.02E-04,2.98E-04
0.4539,2.41E-05,1.99E-05,8.00E-04,6.03E-04,2.97E-04
0.4541,2.41E-05,1.99E-05,8.00E-04,6.03E-04,2.97E-04
0.4543,2.41E-05,1.99E-05,8.00E-04,6.03E-04,2.97E-04
0.4545,2.41E-05,2.00E-05,8.00E-04,6.03E-04,2.97E-04
0.4547,2.41E-05,2.00E-05,8.00E-04,6.03E-04,2.97E-04
0.4549,2.41E-05,2.00E-05,7.99E-04,6.03E-04,2.97E-04
0.4551,2.41E-05,2.00E-05,7.99E-04,6.03E-04,2.97E-04
0.4553,2.41E-05,2.00E-05,7.99E-04,6.03E-04,2.97E-04
0.4555,2.41E-05,2.01E-05,7.99E-04,6.03E-04,2.97E-04
0.4557,2.42E-05,2.01E-05,7.99E-04,6.03E-04,2.97E-04
0.4559,2.42E-05,2.01E-05,7.99E-04,6.03E-04,2.97E-04
0.4561,2.42E-05,2.01E-05,7.99E-04,6.03E-04,2.97E-04
0.4563,2.42E-05,2.01E-05,7.99E-04,6.03E-04,2.97E-04
0.4565,2.42E-05,2.01E-05,7.99E-04,6.03E-04,2.97E-04
0.4567,2.42E-05,2.02E-05,7.98E-04,6.03E-04,2.97E-04
0.4569,2.42E-05,2.02E-05,7.98E-04,6.03E-04,2.97E-04
0.4571,2.42E-05,2.02E-05,7.98E-04,6.03E-04,2.97E-04
0.4573,2.43E-05,2.02E-05,7.98E-04,6.03E-04,2.97E-04
0.4575,2.43E-05,2.02E-05,7.98E-04,6.03E-04,2.97E-04
0.4577,2.43E-05,2.03E-05,7.98E-04,6.03E-04,2.97E-04
0.4579,2.43E-05,2.03E-05,7.98E-04,6.03E-04,2.97E-04
0.4581,2.43E-05,2.03E-05,7.98E-04,6.03E-04,2.97E-04
0.4583,2.43E-05,2.03E-05,7.97E-04,6.03E-04,2.97E-04
0.4585,2.43E-05,2.03E-05,7.97E-04,6.03E-04,2.97E-04
0.4587,2.43E-05,2.04E-05,7.97E-04,6.03E-04,2.97E-04
0.4589,2.43E-05,2.04E-05,7.97E-04,6.03E-04,2.97E-04
0.4591,2.44E-05,2.04E-05,7.97E-04,6.03E-04,2.97E-04
0.4593,2.44E-05,2.04E-05,7.97E-04,6.03E-04,2.97E-04
0.4595,2.44E-05,2.05E-05,7.97E-04,6.03E-04,2.97E-04
0.4597,2.44E-05,2.05E-05,7.97E-04,6.03E-04,2.97E-04
0.4599,2.44E-05,2.05E-05,7.97E-04,6.03E-04,2.97E-04
0.4601,2.44E-05,2.05E-05,7.96E-04,6.03E-04,2.97E-04
0.4603,2.44E-05,2.05E-05,7.96E-04,6.03E-04,2.97E-04
0.4605,2.44E-05,2.06E-05,7.96E-04,6.03E-04,2.97E-04
0.4607,2.45E-05,2.06E-05,7.96E-04,6.03E-04,2.97E-04
0.4609,2.45E-05,2.06E-05,7.96E-04,6.03E-04,2.97E-04
0.4611,2.45E-05,2.06E-05,7.96E-04,6.03E-04,2.97E-04
0.4613,2.45E-05,2.06E-05,7.96E-04,6.03E-04,2.97E-04
0.4615,2.45E-05,2.07E-05,7.96E-04,6.03E-04,2.97E-04
0.4617,2.45E-05,2.07E-05,7.95E-04,6.03E-04,2.97E-04
0.4619,2.45E-05,2.07E-05,7.95E-04,6.03E-04,2.97E-04
0.4621,2.45E-05,2.07E-05,7.95E-04,6.03E-04,2.97E-04
0.4623,2.46E-05,2.07E-05,7.95E-04,6.03E-04,2.97E-04
0.4625,2.46E-05,2.08E-05,7.95E-04,6.03E-04,2.97E-04
0.4627,2.46E-05,2.08E-05,7.95E-04,6.03E-04,2.97E-04
0.4629,2.46E-05,2.08E-05,7.95E-04,6.03E-04,2.97E-04
0.4631,2.46E-05,2.08E-05,7.95E-04,6.03E-04,2.97E-04
0.4633,2.46E-05,2.08E-05,7.95E-04,6.03E-04,2.97E-04
0.4635,2.46E-05,2.09E-05,7.94E-04,6.03E-04,2.97E-04
0.4637,2.47E-05,2.09E-05,7.94E-04,6.03E-04,2.97E-04
0.4639,2.47E-05,2.09E-05,7.94E-04,6.03E-04,2.97E-04
0.4641,2.47E-05,2.09E-05,7.94E-04,6.03E-04,2.97E-04
0.4643,2.47E-05,2.10E-05,7.94E-04,6.03E-04,2.97E-04
0.4645,2.47E-05,2.10E-05,7.94E-04,6.03E-04,2.97E-04
0.4647,2.47E-05,2.10E-05,7.94E-04,6.03E-04,2.97E-04
0.4649,2.47E-05,2.10E-05,7.94E-04,6.03E-04,2.97E-04
0.4651,2.47E-05,2.10E-05,7.94E-04,6.03E-04,2.97E-04
0.4653,2.48E-05,2.11E-05,7.93E-04,6.03E-04,2.97E-04
0.4655,2.48E-05,2.11E-05,7.93E-04,6.04E-04,2.97E-04
0.4657,2.48E-05,2.11E-05,7.93E-04,6.04E-04,2.97E-04
0.4659,2.48E-05,2.11E-05,7.93E-04,6.04E-04,2.97E-04
0.4661,2.48E-05,2.11E-05,7.93E-04,6.04E-04,2.97E-04
0.4663,2.48E-05,2.12E-05,7.93E-04,6.04E-04,2.97E-04
0.4665,2.48E-05,2.12E-05,7.93E-04,6.04E-04,2.97E-04
0.4667,2.49E-05,2.12E-05,7.93E-04,6.04E-04,2.96E-04
0.4669,2.49E-05,2.12E-05,7.93E-04,6.04E-04,2.96E-04
0.4671,2.49E-05,2.13E-05,7.92E-04,6.04E-04,2.96E-04
0.4673,2.49E-05,2.13E-05,7.92E-04,6.04E-04,2.96E-04
0.4675,2.49E-05,2.13E-05,7.92E-04,6.04E-04,2.96E-04
0.4677,2.49E-05,2.13E-05,7.92E-04,6.04E-04,2.96E-04
0.4679,2.49E-05,2.13E-05,7.92E-04,6.04E-04,2.96E-04
0.4681,2.50E-05,2.14E-05,7.92E-04,6.04E-04,2.96E-04
0.4683,2.50E-05,2.14E-05,7.92E-04,6.04E-04,2.96E-04
0.4685,2.50E-05,2.14E-05,7.92E-04,6.04E-04,2.96E-04
0.4687,2.50E-05,2.14E-05,7.92E-04,6.04E-04,2.96E-04
0.4689,2.50E-05,2.15E-05,7.92E-04,6.04E-04,2.96E-04
0.4691,2.50E-05,2.15E-05,7.91E-04,6.04E-04,2.96E-04
0.4693,2.50E-05,2.15E-05,7.91E-04,6.04E-04,2.96E-04
0.4695,2.51E-05,2.15E-05,7.91E-04,6.04E-04,2.96E-04
0.4697,2.51E-05,2.15E-05,7.91E-04,6.04E-04,2.96E-04
0.4699,2.51E-05,2.16E-05,7.91E-04,6.04E-04,2.96E-04
0.4701,2.51E-05,2.16E-05,7.91E-04,6.04E-04,2.96E-04
0.4703,2.51E-05,2.16E-05,7.91E-04,6.04E-04,2.96E-04
0.4705,2.51E-05,2.16E-05,7.91E-04,6.04E-04,2.96E-04
0.4707,2.52E-05,2.17E-05,7.91E-04,6.04E-04,2.96E-04
0.4709,2.52E-05,2.17E-05,7.90E-04,6.04E-04,2.96E-04
0.4711,2.52E-05,2.17E-05,7.90E-04,6.04E-04,2.96E-04
0.4713,2.52E-05,2.17E-05,7.90E-04,6.04E-04,2.96E-04
0.4715,2.52E-05,2.17E-05,7.90E-04,6.04E-04,2.96E-04
0.4717,2.52E-05,2.18E-05,7.90E-04,6.04E-04,2.96E-04
0.4719,2.52E-05,2.18E-05,7.90E-04,6.04E-04,2.96E-04
0.4721,2.53E-05,2.18E-05,7.90E-04,6.04E-04,2.96E-04
0.4723,2.53E-05,2.18E-05,7.90E-04,6.04E-04,2.96E-04
0.4725,2.53E-05,2.19E-05,7.90E-04,6.04E-04,2.96E-04
0.4727,2.53E-05,2.19E-05,7.89E-04,6.04E-04,2.96E-04
0.4729,2.53E-05,2.19E-05,7.89E-04,6.04E-04,2.96E-04
0.4731,2.53E-05,2.19E-05,7.89E-04,6.04E-04,2.96E-04
0.4733,2.54E-05,2.19E-05,7.89E-04,6.04E-04,2.96E-04
0.4735,2.54E-05,2.20E-05,7.89E-04,6.04E-04,2.96E-04
0.4737,2.54E-05,2.20E-05,7.89E-04,6.04E-04,2.96E-04
0.4739,2.54E-05,2.20E-05,7.89E-04,6.05E-04,2.96E-04
0.4741,2.54E-05,2.20E-05,7.89E-04,6.05E-04,2.96E-04
0.4743,2.54E-05,2.21E-05,7.89E-04,6.05E-04,2.96E-04
0.4745,2.54E-05,2.21E-05,7.89E-04,6.05E-04,2.96E-04
0.4747,2.55E-05,2.21E-05,7.88E-04,6.05E-04,2.96E-04
0.4749,2.55E-05,2.21E-05,7.88E-04,6.05E-04,2.96E-04
0.4751,2.55E-05,2.22E-05,7.88E-04,6.05E-04,2.96E-04
0.4753,2.55E-05,2.22E-05,7.88E-04,6.05E-04,2.96E-04
0.4755,2.55E-05,2.22E-05,7.88E-04,6.05E-04,2.96E-04
0.4757,2.55E-05,2.22E-05,7.88E-04,6.05E-04,2.96E-04
0.4759,2.56E-05,2.22E-05,7.88E-04,6.05E-04,2.96E-04
0.4761,2.56E-05,2.23E-05,7.88E-04,6.05E-04,2.96E-04
0.4763,2.56E-05,2.23E-05,7.88E-04,6.05E-04,2.96E-04
0.4765,2.56E-05,2.23E-05,7.88E-04,6.05E-04,2.96E-04
0.4767,2.56E-05,2.23E-05,7.87E-04,6.05E-04,2.96E-04
0.4769,2.56E-05,2.24E-05,7.87E-04,6.05E-04,2.96E-04
0.4771,2.57E-05,2.24E-05,7.87E-04,6.05E-04,2.96E-04
0.4773,2.57E-05,2.24E-05,7.87E-04,6.05E-04,2.96E-04
0.4775,2.57E-05,2.24E-05,7.87E-04,6.05E-04,2.96E-04
0.4777,2.57E-05,2.25E-05,7.87E-04,6.05E-04,2.96E-04
0.4779,2.57E-05,2.25E-05,7.87E-04,6.05E-04,2.96E-04
0.4781,2.57E-05,2.25E-05,7.87E-04,6.05E-04,2.96E-04
0.4783,2.58E-05,2.25E-05,7.87E-04,6.05E-04,2.96E-04
0.4785,2.58E-05,2.26E-05,7.87E-04,6.05E-04,2.96E-04
0.4787,2.58E-05,2.26E-05,7.86E-04,6.05E-04,2.96E-04
0.4789,2.58E-05,2.26E-05,7.86E-04,6.05E-04,2.96E-04
0.4791,2.58E-05,2.26E-05,7.86E-04,6.05E-04,2.96E-04
0.4793,2.58E-05,2.27E-05,7.86E-04,6.05E-04,2.96E-04
0.4795,2.59E-05,2.27E-05,7.86E-04,6.05E-04,2.96E-04
0.4797,2.59E-05,2.27E-05,7.86E-04,6.05E-04,2.96E-04
0.4799,2.59E-05,2.27E-05,7.86E-04,6.05E-04,2.96E-04
0.4801,2.59E-05,2.27E-05,7.86E-04,6.05E-04,2.96E-04
0.4803,2.59E-05,2.28E-05,7.86E-04,6.05E-04,2.96E-04
0.4805,2.60E-05,2.28E-05,7.86E-04,6.05E-04,2.95E-04
0.4807,2.60E-05,2.28E-05,7.85E-04,6.06E-04,2.95E-04
0.4809,2.60E-05,2.28E-05,7.85E-04,6.06E-04,2.95E-04
0.4811,2.60E-05,2.29E-05,7.85E-04,6.06E-04,2.95E-04
0.4813,2.60E-05,2.29E-05,7.85E-04,6.06E-04,2.95E-04
0.4815,2.60E-05,2.29E-05,7.85E-04,6.06E-04,2.95E-04
0.4817,2.61E-05,2.29E-05,7.85E-04,6.06E-04,2.95E-04
0.4819,2.61E-05,2.30E-05,7.85E-04,6.06E-04,2.95E-04
0.4821,2.61E-05,2.30E-05,7.85E-04,6.06E-04,2.95E-04
0.4823,2.61E-05,2.30E-05,7.85E-04,6.06E-04,2.95E-04
0.4825,2.61E-05,2.30E-05,7.85E-04,6.06E-04,2.95E-04
0.4827,2.61E-05,2.31E-05,7.85E-04,6.06E-04,2.95E-04
0.4829,2.62E-05,2.31E-05,7.84E-04,6.06E-04,2.95E-04
0.4831,2.62E-05,2.31E-05,7.84E-04,6.06E-04,2.95E-04
0.4833,2.62E-05,2.31E-05,7.84E-04,6.06E-04,2.95E-04
0.4835,2.62E-05,2.32E-05,7.84E-04,6.06E-04,2.95E-04
0.4837,2.62E-05,2.32E-05,7.84E-04,6.06E-04,2.95E-04
0.4839,2.63E-05,2.32E-05,7.84E-04,6.06E-04,2.95E-04
0.4841,2.63E-05,2.32E-05,7.84E-04,6.06E-04,2.95E-04
0.4843,2.63E-05,2.33E-05,7.84E-04,6.06E-04,2.95E-04
0.4845,2.63E-05,2.33E-05,7.84E-04,6.06E-04,2.95E-04
0.4847,2.63E-05,2.33E-05,7.84E-04,6.06E-04,2.95E-04
0.4849,2.64E-05,2.33E-05,7.83E-04,6.06E-04,2.95E-04
0.4851,2.64E-05,2.34E-05,7.83E-04,6.06E-04,2.95E-04
0.4853,2.64E-05,2.34E-05,7.83E-04,6.06E-04,2.95E-04
0.4855,2.64E-05,2.34E-05,7.83E-04,6.06E-04,2.95E-04
0.4857,2.64E-05,2.34E-05,7.83E-04,6.06E-04,2.95E-04
0.4859,2.64E-05,2.35E-05,7.83E-04,6.06E-04,2.95E-04
0.4861,2.65E-05,2.35E-05,7.83E-04,6.06E-04,2.95E-04
0.4863,2.65E-05,2.35E-05,7.83E-04,6.06E-04,2.95E-04
0.4865,2.65E-05,2.35E-05,7.83E-04,6.06E-04,2.95E-04
0.4867,2.65E-05,2.36E-05,7.83E-04,6.06E-04,2.95E-04
0.4869,2.65E-05,2.36E-05,7.83E-04,6.07E-04,2.95E-04
0.4871,2.66E-05,2.36E-05,7.82E-04,6.07E-04,2.95E-04
0.4873,2.66E-05,2.36E-05,7.82E-04,6.07E-04,2.95E-04
0.4875,2.66E-05,2.37E-05,7.82E-04,6.07E-04,2.95E-04
0.4877,2.66E-05,2.37E-05,7.82E-04,6.07E-04,2.95E-04
0.4879,2.66E-05,2.37E-05,7.82E-04,6.07E-04,2.95E-04
0.4881,2.67E-05,2.37E-05,7.82E-04,6.07E-04,2.95E-04
0.4883,2.67E-05,2.38E-05,7.82E-04,6.07E-04,2.95E-04
0.4885,2.67E-05,2.38E-05,7.82E-04,6.07E-04,2.95E-04
0.4887,2.67E-05,2.38E-05,7.82E-04,6.07E-04,2.95E-04
0.4889,2.67E-05,2.38E-05,7.82E-04,6.07E-04,2.95E-04
0.4891,2.68E-05,2.39E-05,7.82E-04,6.07E-04,2.95E-04
0.4893,2.68E-05,2.39E-05,7.81E-04,6.07E-04,2.95E-04
0.4895,2.68E-05,2.39E-05,7.81E-04,6.07E-04,2.95E-04
0.4897,2.68E-05,2.39E-05,7.81E-04,6.07E-04,2.95E-04
0.4899,2.68E-05,2.40E-05,7.81E-04,6.07E-04,2.95E-04
0.4901,2.69E-05,2.40E-05,7.81E-04,6.07E-04,2.95E-04
0.4903,2.69E-05,2.40E-05,7.81E-04,6.07E-04,2.94E-04
0.4905,2.69E-05,2.41E-05,7.81E-04,6.07E-04,2.94E-04
0.4907,2.69E-05,2.41E-05,7.81E-04,6.07E-04,2.94E-04
0.4909,2.69E-05,2.41E-05,7.81E-04,6.07E-04,2.94E-04
0.4911,2.70E-05,2.41E-05,7.81E-04,6.07E-04,2.94E-04
0.4913,2.70E-05,2.42E-05,7.81E-04,6.07E-04,2.94E-04
0.4915,2.70E-05,2.42E-05,7.80E-04,6.07E-04,2.94E-04
0.4917,2.70E-05,2.42E-05,7.80E-04,6.07E-04,2.94E-04
0.4919,2.70E-05,2.42E-05,7.80E-04,6.07E-04,2.94E-04
0.4921,2.71E-05,2.43E-05,7.80E-04,6.07E-04,2.94E-04
0.4923,2.71E-05,2.43E-05,7.80E-04,6.07E-04,2.94E-04
0.4925,2.71E-05,2.43E-05,7.80E-04,6.08E-04,2.94E-04
0.4927,2.71E-05,2.43E-05,7.80E-04,6.08E-04,2.94E-04
0.4929,2.71E-05,2.44E-05,7.80E-04,6.08E-04,2.94E-04
0.4931,2.72E-05,2.44E-05,7.80E-04,6.08E-04,2.94E-04
0.4933,2.72E-05,2.44E-05,7.80E-04,6.08E-04,2.94E-04
0.4935,2.72E-05,2.44E-05,7.80E-04,6.08E-04,2.94E-04
0.4937,2.72E-05,2.45E-05,7.80E-04,6.08E-04,2.94E-04
0.4939,2.72E-05,2.45E-05,7.79E-04,6.08E-04,2.94E-04
0.4941,2.73E-05,2.45E-05,7.79E-04,6.08E-04,2.94E-04
0.4943,2.73E-05,2.46E-05,7.79E-04,6.08E-04,2.94E-04
0.4945,2.73E-05,2.46E-05,7.79E-04,6.08E-04,2.94E-04
0.4947,2.73E-05,2.46E-05,7.79E-04,6.08E-04,2.94E-04
0.4949,2.73E-05,2.46E-05,7.79E-04,6.08E-04,2.94E-04
0.4951,2.74E-05,2.47E-05,7.79E-04,6.08E-04,2.94E-04
0.4953,2.74E-05,2.47E-05,7.79E-04,6.08E-04,2.94E-04
0.4955,2.74E-05,2.47E-05,7.79E-04,6.08E-04,2.94E-04
0.4957,2.74E-05,2.47E-05,7.79E-04,6.08E-04,2.94E-04
0.4959,2.75E-05,2.48E-05,7.79E-04,6.08E-04,2.94E-04
0.4961,2.75E-05,2.48E-05,7.78E-04,6.08E-04,2.94E-04
0.4963,2.75E-05,2.48E-05,7.78E-04,6.08E-04,2.94E-04
0.4965,2.75E-05,2.48E-05,7.78E-04,6.08E-04,2.94E-04
0.4967,2.75E-05,2.49E-05,7.78E-04,6.08E-04,2.94E-04
0.4969,2.76E-05,2.49E-05,7.78E-04,6.08E-04,2.94E-04
0.4971,2.76E-05,2.49E-05,7.78E-04,6.08E-04,2.94E-04
0.4973,2.76E-05,2.50E-05,7.78E-04,6.08E-04,2.94E-04
0.4975,2.76E-05,2.50E-05,7.78E-04,6.08E-04,2.94E-04
0.4977,2.76E-05,2.50E-05,7.78E-04,6.09E-04,2.93E-04
0.4979,2.77E-05,2.50E-05,7.78E-04,6.09E-04,2.93E-04
0.4981,2.77E-05,2.51E-05,7.78E-04,6.09E-04,2.93E-04
0.4983,2.77E-05,2.51E-05,7.78E-04,6.09E-04,2.93E-04
0.4985,2.77E-05,2.51E-05,7.77E-04,6.09E-04,2.93E-04
0.4987,2.78E-05,2.51E-05,7.77E-04,6.09E-04,2.93E-04
0.4989,2.78E-05,2.52E-05,7.77E-04,6.09E-04,2.93E-04
0.4991,2.78E-05,2.52E-05,7.77E-04,6.09E-04,2.93E-04
0.4993,2.78E-05,2.52E-05,7.77E-04,6.09E-04,2.93E-04
0.4995,2.78E-05,2.53E-05,7.77E-04,6.09E-04,2.93E-04
0.4997,2.79E-05,2.53E-05,7.77E-04,6.09E-04,2.93E-04
0.4999,2.79E-05,2.53E-05,7.77E-04,6.09E-04,2.93E-04
0.5001,2.79E-05,2.53E-05,7.77E-04,6.09E-04,2.93E-04
0.5003,2.79E-05,2.54E-05,7.77E-04,6.09E-04,2.93E-04
0.5005,2.80E-05,2.54E-05,7.77E-04,6.09E-04,2.93E-04
0.5007,2.80E-05,2.54E-05,7.77E-04,6.09E-04,2.93E-04
0.5009,2.80E-05,2.55E-05,7.76E-04,6.09E-04,2.93E-04
0.5011,2.80E-05,2.55E-05,7.76E-04,6.09E-04,2.93E-04
0.5013,2.80E-05,2.55E-05,7.76E-04,6.09E-04,2.93E-04
0.5015,2.81E-05,2.55E-05,7.76E-04,6.09E-04,2.93E-04
0.5017,2.81E-05,2.56E-05,7.76E-04,6.09E-04,2.93E-04
0.5019,2.81E-05,2.56E-05,7.76E-04,6.09E-04,2.93E-04
0.5021,2.81E-05,2.56E-05,7.76E-04,6.09E-04,2.93E-04
0.5023,2.82E-05,2.56E-05,7.76E-04,6.09E-04,2.93E-04
0.5025,2.82E-05,2.57E-05,7.76E-04,6.10E-04,2.93E-04
0.5027,2.82E-05,2.57E-05,7.76E-04,6.10E-04,2.93E-04
0.5029,2.82E-05,2.57E-05,7.76E-04,6.10E-04,2.93E-04
0.5031,2.83E-05,2.58E-05,7.76E-04,6.10E-04,2.93E-04
0.5033,2.83E-05,2.58E-05,7.76E-04,6.10E-04,2.93E-04
0.5035,2.83E-05,2.58E-05,7.75E-04,6.10E-04,2.93E-04
0.5037,2.83E-05,2.58E-05,7.75E-04,6.10E-04,2.93E-04
0.5039,2.83E-05,2.59E-05,7.75E-04,6.10E-04,2.92E-04
0.5041,2.84E-05,2.59E-05,7.75E-04,6.10E-04,2.92E-04
0.5043,2.84E-05,2.59E-05,7.75E-04,6.10E-04,2.92E-04
0.5045,2.84E-05,2.60E-05,7.75E-04,6.10E-04,2.92E-04
0.5047,2.84E-05,2.60E-05,7.75E-04,6.10E-04,2.92E-04
0.5049,2.85E-05,2.60E-05,7.75E-04,6.10E-04,2.92E-04
0.5051,2.85E-05,2.60E-05,7.75E-04,6.10E-04,2.92E-04
0.5053,2.85E-05,2.61E-05,7.75E-04,6.10E-04,2.92E-04
0.5055,2.85E-05,2.61E-05,7.75E-04,6.10E-04,2.92E-04
0.5057,2.86E-05,2.61E-05,7.75E-04,6.10E-04,2.92E-04
0.5059,2.86E-05,2.62E-05,7.74E-04,6.10E-04,2.92E-04
0.5061,2.86E-05,2.62E-05,7.74E-04,6.10E-04,2.92E-04
0.5063,2.86E-05,2.62E-05,7.74E-04,6.10E-04,2.92E-04
0.5065,2.87E-05,2.62E-05,7.74E-04,6.10E-04,2.92E-04
0.5067,2.87E-05,2.63E-05,7.74E-04,6.10E-04,2.92E-04
0.5069,2.87E-05,2.63E-05,7.74E-04,6.10E-04,2.92E-04
0.5071,2.87E-05,2.63E-05,7.74E-04,6.11E-04,2.92E-04
0.5073,2.87E-05,2.64E-05,7.74E-04,6.11E-04,2.92E-04
0.5075,2.88E-05,2.64E-05,7.74E-04,6.11E-04,2.92E-04
0.5077,2.88E-05,2.64E-05,7.74E-04,6.11E-04,2.92E-04
0.5079,2.88E-05,2.65E-05,7.74E-04,6.11E-04,2.92E-04
0.5081,2.88E-05,2.65E-05,7.74E-04,6.11E-04,2.92E-04
0.5083,2.89E-05,2.65E-05,7.74E-04,6.11E-04,2.92E-04
0.5085,2.89E-05,2.65E-05,7.73E-04,6.11E-04,2.92E-04
0.5087,2.89E-05,2.66E-05,7.73E-04,6.11E-04,2.92E-04
0.5089,2.89E-05,2.66E-05,7.73E-04,6.11E-04,2.92E-04
0.5091,2.90E-05,2.66E-05,7.73E-04,6.11E-04,2.92E-04
0.5093,2.90E-05,2.67E-05,7.73E-04,6.11E-04,2.92E-04
0.5095,2.90E-05,2.67E-05,7.73E-04,6.11E-04,2.91E-04
0.5097,2.90E-05,2.67E-05,7.73E-04,6.11E-04,2.91E-04
0.5099,2.91E-05,2.67E-05,7.73E-04,6.11E-04,2.91E-04
0.5101,2.91E-05,2.68E-05,7.73E-04,6.11E-04,2.91E-04
0.5103,2.91E-05,2.68E-05,7.73E-04,6.11E-04,2.91E-04
0.5105,2.91E-05,2.68E-05,7.73E-04,6.11E-04,2.91E-04
0.5107,2.92E-05,2.69E-05,7.73E-04,6.11E-04,2.91E-04
0.5109,2.92E-05,2.69E-05,7.73E-04,6.11E-04,2.91E-04
0.5111,2.92E-05,2.69E-05,7.73E-04,6.11E-04,2.91E-04
0.5113,2.92E-05,2.70E-05,7.72E-04,6.11E-04,2.91E-04
0.5115,2.93E-05,2.70E-05,7.72E-04,6.11E-04,2.91E-04
0.5117,2.93E-05,2.70E-05,7.72E-04,6.12E-04,2.91E-04
0.5119,2.93E-05,2.70E-05,7.72E-04,6.12E-04,2.91E-04
0.5121,2.93E-05,2.71E-05,7.72E-04,6.12E-04,2.91E-04
0.5123,2.94E-05,2.71E-05,7.72E-04,6.12E-04,2.91E-04
0.5125,2.94E-05,2.71E-05,7.72E-04,6.12E-04,2.91E-04
0.5127,2.94E-05,2.72E-05,7.72E-04,6.12E-04,2.91E-04
0.5129,2.94E-05,2.72E-05,7.72E-04,6.12E-04,2.91E-04
0.5131,2.95E-05,2.72E-05,7.72E-04,6.12E-04,2.91E-04
0.5133,2.95E-05,2.73E-05,7.72E-04,6.12E-04,2.91E-04
0.5135,2.95E-05,2.73E-05,7.72E-04,6.12E-04,2.91E-04
0.5137,2.95E-05,2.73E-05,7.72E-04,6.12E-04,2.91E-04
0.5139,2.96E-05,2.73E-05,7.71E-04,6.12E-04,2.91E-04
0.5141,2.96E-05,2.74E-05,7.71E-04,6.12E-04,2.91E-04
0.5143,2.96E-05,2.74E-05,7.71E-04,6.12E-04,2.91E-04
0.5145,2.96E-05,2.74E-05,7.71E-04,6.12E-04,2.90E-04
0.5147,2.97E-05,2.75E-05,7.71E-04,6.12E-04,2.90E-04
0.5149,2.97E-05,2.75E-05,7.71E-04,6.12E-04,2.90E-04
0.5151,2.97E-05,2.75E-05,7.71E-04,6.12E-04,2.90E-04
0.5153,2.97E-05,2.76E-05,7.71E-04,6.12E-04,2.90E-04
0.5155,2.98E-05,2.76E-05,7.71E-04,6.12E-04,2.90E-04
0.5157,2.98E-05,2.76E-05,7.71E-04,6.12E-04,2.90E-04
0.5159,2.98E-05,2.76E-05,7.71E-04,6.13E-04,2.90E-04
0.5161,2.99E-05,2.77E-05,7.71E-04,6.13E-04,2.90E-04
0.5163,2.99E-05,2.77E-05,7.71E-04,6.13E-04,2.90E-04
0.5165,2.99E-05,2.77E-05,7.71E-04,6.13E-04,2.90E-04
0.5167,2.99E-05,2.78E-05,7.70E-04,6.13E-04,2.90E-04
0.5169,3.00E-05,2.78E-05,7.70E-04,6.13E-04,2.90E-04
0.5171,3.00E-05,2.78E-05,7.70E-04,6.13E-04,2.90E-04
0.5173,3.00E-05,2.79E-05,7.70E-04,6.13E-04,2.90E-04
0.5175,3.00E-05,2.79E-05,7.70E-04,6.13E-04,2.90E-04
0.5177,3.01E-05,2.79E-05,7.70E-04,6.13E-04,2.90E-04
0.5179,3.01E-05,2.80E-05,7.70E-04,6.13E-04,2.90E-04
0.5181,3.01E-05,2.80E-05,7.70E-04,6.13E-04,2.90E-04
0.5183,3.01E-05,2.80E-05,7.70E-04,6.13E-04,2.90E-04
0.5185,3.02E-05,2.80E-05,7.70E-04,6.13E-04,2.90E-04
0.5187,3.02E-05,2.81E-05,7.70E-04,6.13E-04,2.90E-04
0.5189,3.02E-05,2.81E-05,7.70E-04,6.13E-04,2.90E-04
0.5191,3.02E-05,2.81E-05,7.70E-04,6.13E-04,2.90E-04
0.5193,3.03E-05,2.82E-05,7.70E-04,6.13E-04,2.90E-04
0.5195,3.03E-05,2.82E-05,7.70E-04,6.13E-04,2.89E-04
0.5197,3.03E-05,2.82E-05,7.69E-04,6.13E-04,2.89E-04
0.5199,3.04E-05,2.83E-05,7.69E-04,6.13E-04,2.89E-04
0.5201,3.04E-05,2.83E-05,7.69E-04,6.14E-04,2.89E-04
0.5203,3.04E-05,2.83E-05,7.69E-04,6.14E-04,2.89E-04
0.5205,3.04E-05,2.84E-05,7.69E-04,6.14E-04,2.89E-04
0.5207,3.05E-05,2.84E-05,7.69E-04,6.14E-04,2.89E-04
0.5209,3.05E-05,2.84E-05,7.69E-04,6.14E-04,2.89E-04
0.5211,3.05E-05,2.85E-05,7.69E-04,6.14E-04,2.89E-04
0.5213,3.05E-05,2.85E-05,7.69E-04,6.14E-04,2.89E-04
0.5215,3.06E-05,2.85E-05,7.69E-04,6.14E-04,2.89E-04
0.5217,3.06E-05,2.86E-05,7.69E-04,6.14E-04,2.89E-04
0.5219,3.06E-05,2.86E-05,7.69E-04,6.14E-04,2.89E-04
0.5221,3.07E-05,2.86E-05,7.69E-04,6.14E-04,2.89E-04
0.5223,3.07E-05,2.86E-05,7.69E-04,6.14E-04,2.89E-04
0.5225,3.07E-05,2.87E-05,7.68E-04,6.14E-04,2.89E-04
0.5227,3.07E-05,2.87E-05,7.68E-04,6.14E-04,2.89E-04
0.5229,3.08E-05,2.87E-05,7.68E-04,6.14E-04,2.89E-04
0.5231,3.08E-05,2.88E-05,7.68E-04,6.14E-04,2.89E-04
0.5233,3.08E-05,2.88E-05,7.68E-04,6.14E-04,2.89E-04
0.5235,3.08E-05,2.88E-05,7.68E-04,6.14E-04,2.89E-04
0.5237,3.09E-05,2.89E-05,7.68E-04,6.14E-04,2.89E-04
0.5239,3.09E-05,2.89E-05,7.68E-04,6.14E-04,2.89E-04
0.5241,3.09E-05,2.89E-05,7.68E-04,6.15E-04,2.89E-04
0.5243,3.10E-05,2.90E-05,7.68E-04,6.15E-04,2.88E-04
0.5245,3.10E-05,2.90E-05,7.68E-04,6.15E-04,2.88E-04
0.5247,3.10E-05,2.90E-05,7.68E-04,6.15E-04,2.88E-04
0.5249,3.10E-05,2.91E-05,7.68E-04,6.15E-04,2.88E-04
0.5251,3.11E-05,2.91E-05,7.68E-04,6.15E-04,2.88E-04
0.5253,3.11E-05,2.91E-05,7.68E-04,6.15E-04,2.88E-04
0.5255,3.11E-05,2.92E-05,7.67E-04,6.15E-04,2.88E-04
0.5257,3.12E-05,2.92E-05,7.67E-04,6.15E-04,2.88E-04
0.5259,3.12E-05,2.92E-05,7.67E-04,6.15E-04,2.88E-04
0.5261,3.12E-05,2.93E-05,7.67E-04,6.15E-04,2.88E-04
0.5263,3.12E-05,2.93E-05,7.67E-04,6.15E-04,2.88E-04
0.5265,3.13E-05,2.93E-05,7.67E-04,6.15E-04,2.88E-04
0.5267,3.13E-05,2.94E-05,7.67E-04,6.15E-04,2.88E-04
0.5269,3.13E-05,2.94E-05,7.67E-04,6.15E-04,2.88E-04
0.5271,3.14E-05,2.94E-05,7.67E-04,6.15E-04,2.88E-04
0.5273,3.14E-05,2.95E-05,7.67E-04,6.15E-04,2.88E-04
0.5275,3.14E-05,2.95E-05,7.67E-04,6.15E-04,2.88E-04
0.5277,3.14E-05,2.95E-05,7.67E-04,6.15E-04,2.88E-04
0.5279,3.15E-05,2.96E-05,7.67E-04,6.16E-04,2.88E-04
0.5281,3.15E-05,2.96E-05,7.67E-04,6.16E-04,2.88E-04
0.5283,3.15E-05,2.96E-05,7.67E-04,6.16E-04,2.88E-04
0.5285,3.16E-05,2.97E-05,7.67E-04,6.16E-04,2.88E-04
0.5287,3.16E-05,2.97E-05,7.66E-04,6.16E-04,2.88E-04
0.5289,3.16E-05,2.97E-05,7.66E-04,6.16E-04,2.88E-04
0.5291,3.16E-05,2.98E-05,7.66E-04,6.16E-04,2.87E-04
0.5293,3.17E-05,2.98E-05,7.66E-04,6.16E-04,2.87E-04
0.5295,3.17E-05,2.98E-05,7.66E-04,6.16E-04,2.87E-04
0.5297,3.17E-05,2.99E-05,7.66E-04,6.16E-04,2.87E-04
0.5299,3.18E-05,2.99E-05,7.66E-04,6.16E-04,2.87E-04
0.5301,3.18E-05,2.99E-05,7.66E-04,6.16E-04,2.87E-04
0.5303,3.18E-05,2.99E-05,7.66E-04,6.16E-04,2.87E-04
0.5305,3.18E-05,3.00E-05,7.66E-04,6.16E-04,2.87E-04
0.5307,3.19E-05,3.00E-05,7.66E-04,6.16E-04,2.87E-04
0.5309,3.19E-05,3.00E-05,7.66E-04,6.16E-04,2.87E-04
0.5311,3.19E-05,3.01E-05,7.66E-04,6.16E-04,2.87E-04
0.5313,3.20E-05,3.01E-05,7.66E-04,6.16E-04,2.87E-04
0.5315,3.20E-05,3.02E-05,7.66E-04,6.16E-04,2.87E-04
0.5317,3.20E-05,3.02E-05,7.66E-04,6.17E-04,2.87E-04
0.5319,3.21E-05,3.02E-05,7.65E-04,6.17E-04,2.87E-04
0.5321,3.21E-05,3.03E-05,7.65E-04,6.17E-04,2.87E-04
0.5323,3.21E-05,3.03E-05,7.65E-04,6.17E-04,2.87E-04
0.5325,3.21E-05,3.03E-05,7.65E-04,6.17E-04,2.87E-04
0.5327,3.22E-05,3.04E-05,7.65E-04,6.17E-04,2.87E-04
0.5329,3.22E-05,3.04E-05,7.65E-04,6.17E-04,2.87E-04
0.5331,3.22E-05,3.04E-05,7.65E-04,6.17E-04,2.87E-04
0.5333,3.23E-05,3.05E-05,7.65E-04,6.17E-04,2.87E-04
0.5335,3.23E-05,3.05E-05,7.65E-04,6.17E-04,2.87E-04
0.5337,3.23E-05,3.05E-05,7.65E-04,6.17E-04,2.87E-04
0.5339,3.24E-05,3.06E-05,7.65E-04,6.17E-04,2.86E-04
0.5341,3.24E-05,3.06E-05,7.65E-04,6.17E-04,2.86E-04
0.5343,3.24E-05,3.06E-05,7.65E-04,6.17E-04,2.86E-04
0.5345,3.24E-05,3.07E-05,7.65E-04,6.17E-04,2.86E-04
0.5347,3.25E-05,3.07E-05,7.65E-04,6.17E-04,2.86E-04
0.5349,3.25E-05,3.07E-05,7.65E-04,6.17E-04,2.86E-04
0.5351,3.25E-05,3.08E-05,7.64E-04,6.17E-04,2.86E-04
0.5353,3.26E-05,3.08E-05,7.64E-04,6.17E-04,2.86E-04
0.5355,3.26E-05,3.08E-05,7.64E-04,6.18E-04,2.86E-04
0.5357,3.26E-05,3.09E-05,7.64E-04,6.18E-04,2.86E-04
0.5359,3.27E-05,3.09E-05,7.64E-04,6.18E-04,2.86E-04
0.5361,3.27E-05,3.09E-05,7.64E-04,6.18E-04,2.86E-04
0.5363,3.27E-05,3.10E-05,7.64E-04,6.18E-04,2.86E-04
0.5365,3.28E-05,3.10E-05,7.64E-04,6.18E-04,2.86E-04
0.5367,3.28E-05,3.10E-05,7.64E-04,6.18E-04,2.86E-04
0.5369,3.28E-05,3.11E-05,7.64E-04,6.18E-04,2.86E-04
0.5371,3.28E-05,3.11E-05,7.64E-04,6.18E-04,2.86E-04
0.5373,3.29E-05,3.11E-05,7.64E-04,6.18E-04,2.86E-04
0.5375,3.29E-05,3.12E-05,7.64E-04,6.18E-04,2.86E-04
0.5377,3.29E-05,3.12E-05,7.64E-04,6.18E-04,2.86E-04
0.5379,3.30E-05,3.12E-05,7.64E-04,6.18E-04,2.86E-04
0.5381,3.30E-05,3.13E-05,7.64E-04,6.18E-04,2.86E-04
0.5383,3.30E-05,3.13E-05,7.64E-04,6.18E-04,2.86E-04
0.5385,3.31E-05,3.13E-05,7.63E-04,6.18E-04,2.86E-04
0.5387,3.31E-05,3.14E-05,7.63E-04,6.18E-04,2.86E-04
0.5389,3.31E-05,3.14E-05,7.63E-04,6.18E-04,2.85E-04
0.5391,3.32E-05,3.15E-05,7.63E-04,6.18E-04,2.85E-04
0.5393,3.32E-05,3.15E-05,7.63E-04,6.19E-04,2.85E-04
0.5395,3.32E-05,3.15E-05,7.63E-04,6.19E-04,2.85E-04
0.5397,3.32E-05,3.16E-05,7.63E-04,6.19E-04,2.85E-04
0.5399,3.33E-05,3.16E-05,7.63E-04,6.19E-04,2.85E-04
0.5401,3.33E-05,3.16E-05,7.63E-04,6.19E-04,2.85E-04
0.5403,3.33E-05,3.17E-05,7.63E-04,6.19E-04,2.85E-04
0.5405,3.34E-05,3.17E-05,7.63E-04,6.19E-04,2.85E-04
0.5407,3.34E-05,3.17E-05,7.63E-04,6.19E-04,2.85E-04
0.5409,3.34E-05,3.18E-05,7.63E-04,6.19E-04,2.85E-04
0.5411,3.35E-05,3.18E-05,7.63E-04,6.19E-04,2.85E-04
0.5413,3.35E-05,3.18E-05,7.63E-04,6.19E-04,2.85E-04
0.5415,3.35E-05,3.19E-05,7.63E-04,6.19E-04,2.85E-04
0.5417,3.36E-05,3.19E-05,7.63E-04,6.19E-04,2.85E-04
0.5419,3.36E-05,3.19E-05,7.63E-04,6.19E-04,2.85E-04
0.5421,3.36E-05,3.20E-05,7.62E-04,6.19E-04,2.85E-04
0.5423,3.37E-05,3.20E-05,7.62E-04,6.19E-04,2.85E-04
0.5425,3.37E-05,3.20E-05,7.62E-04,6.19E-04,2.85E-04
0.5427,3.37E-05,3.21E-05,7.62E-04,6.19E-04,2.85E-04
0.5429,3.38E-05,3.21E-05,7.62E-04,6.20E-04,2.85E-04
0.5431,3.38E-05,3.22E-05,7.62E-04,6.20E-04,2.85E-04
0.5433,3.38E-05,3.22E-05,7.62E-04,6.20E-04,2.85E-04
0.5435,3.39E-05,3.22E-05,7.62E-04,6.20E-04,2.85E-04
0.5437,3.39E-05,3.23E-05,7.62E-04,6.20E-04,2.85E-04
0.5439,3.39E-05,3.23E-05,7.62E-04,6.20E-04,2.84E-04
0.5441,3.40E-05,3.23E-05,7.62E-04,6.20E-04,2.84E-04
0.5443,3.40E-05,3.24E-05,7.62E-04,6.20E-04,2.84E-04
0.5445,3.40E-05,3.24E-05,7.62E-04,6.20E-04,2.84E-04
0.5447,3.41E-05,3.24E-05,7.62E-04,6.20E-04,2.84E-04
0.5449,3.41E-05,3.25E-05,7.62E-04,6.20E-04,2.84E-04
0.5451,3.41E-05,3.25E-05,7.62E-04,6.20E-04,2.84E-04
0.5453,3.41E-05,3.26E-05,7.62E-04,6.20E-04,2.84E-04
0.5455,3.42E-05,3.26E-05,7.62E-04,6.20E-04,2.84E-04
0.5457,3.42E-05,3.26E-05,7.61E-04,6.20E-04,2.84E-04
0.5459,3.42E-05,3.27E-05,7.61E-04,6.20E-04,2.84E-04
0.5461,3.43E-05,3.27E-05,7.61E-04,6.20E-04,2.84E-04
0.5463,3.43E-05,3.27E-05,7.61E-04,6.21E-04,2.84E-04
0.5465,3.43E-05,3.28E-05,7.61E-04,6.21E-04,2.84E-04
0.5467,3.44E-05,3.28E-05,7.61E-04,6.21E-04,2.84E-04
0.5469,3.44E-05,3.28E-05,7.61E-04,6.21E-04,2.84E-04
0.5471,3.44E-05,3.29E-05,7.61E-04,6.21E-04,2.84E-04
0.5473,3.45E-05,3.29E-05,7.61E-04,6.21E-04,2.84E-04
0.5475,3.45E-05,3.29E-05,7.61E-04,6.21E-04,2.84E-04
0.5477,3.45E-05,3.30E-05,7.61E-04,6.21E-04,2.84E-04
0.5479,3.46E-05,3.30E-05,7.61E-04,6.21E-04,2.84E-04
0.5481,3.46E-05,3.31E-05,7.61E-04,6.21E-04,2.84E-04
0.5483,3.46E-05,3.31E-05,7.61E-04,6.21E-04,2.84E-04
0.5485,3.47E-05,3.31E-05,7.61E-04,6.21E-04,2.84E-04
0.5487,3.47E-05,3.32E-05,7.61E-04,6.21E-04,2.84E-04
0.5489,3.47E-05,3.32E-05,7.61E-04,6.21E-04,2.84E-04
0.5491,3.48E-05,3.32E-05,7.61E-04,6.21E-04,2.84E-04
0.5493,3.48E-05,3.33E-05,7.61E-04,6.21E-04,2.83E-04
0.5495,3.48E-05,3.33E-05,7.60E-04,6.21E-04,2.83E-04
0.5497,3.49E-05,3.34E-05,7.60E-04,6.21E-04,2.83E-04
0.5499,3.49E-05,3.34E-05,7.60E-04,6.22E-04,2.83E-04
0.5501,3.49E-05,3.34E-05,7.60E-04,6.22E-04,2.83E-04
0.5503,3.50E-05,3.35E-05,7.60E-04,6.22E-04,2.83E-04
0.5505,3.50E-05,3.35E-05,7.60E-04,6.22E-04,2.83E-04
0.5507,3.50E-05,3.35E-05,7.60E-04,6.22E-04,2.83E-04
0.5509,3.51E-05,3.36E-05,7.60E-04,6.22E-04,2.83E-04
0.5511,3.51E-05,3.36E-05,7.60E-04,6.22E-04,2.83E-04
0.5513,3.52E-05,3.36E-05,7.60E-04,6.22E-04,2.83E-04
0.5515,3.52E-05,3.37E-05,7.60E-04,6.22E-04,2.83E-04
0.5517,3.52E-05,3.37E-05,7.60E-04,6.22E-04,2.83E-04
0.5519,3.53E-05,3.38E-05,7.60E-04,6.22E-04,2.83E-04
0.5521,3.53E-05,3.38E-05,7.60E-04,6.22E-04,2.83E-04
0.5523,3.53E-05,3.38E-05,7.60E-04,6.22E-04,2.83E-04
0.5525,3.54E-05,3.39E-05,7.60E-04,6.22E-04,2.83E-04
0.5527,3.54E-05,3.39E-05,7.60E-04,6.22E-04,2.83E-04
0.5529,3.54E-05,3.39E-05,7.60E-04,6.22E-04,2.83E-04
0.5531,3.55E-05,3.40E-05,7.60E-04,6.22E-04,2.83E-04
0.5533,3.55E-05,3.40E-05,7.60E-04,6.23E-04,2.83E-04
0.5535,3.55E-05,3.41E-05,7.59E-04,6.23E-04,2.83E-04
0.5537,3.56E-05,3.41E-05,7.59E-04,6.23E-04,2.83E-04
0.5539,3.56E-05,3.41E-05,7.59E-04,6.23E-04,2.83E-04
0.5541,3.56E-05,3.42E-05,7.59E-04,6.23E-04,2.83E-04
0.5543,3.57E-05,3.42E-05,7.59E-04,6.23E-04,2.83E-04
0.5545,3.57E-05,3.42E-05,7.59E-04,6.23E-04,2.83E-04
0.5547,3.57E-05,3.43E-05,7.59E-04,6.23E-04,2.83E-04
0.5549,3.58E-05,3.43E-05,7.59E-04,6.23E-04,2.83E-04
0.5551,3.58E-05,3.44E-05,7.59E-04,6.23E-04,2.82E-04
0.5553,3.58E-05,3.44E-05,7.59E-04,6.23E-04,2.82E-04
0.5555,3.59E-05,3.44E-05,7.59E-04,6.23E-04,2.82E-04
0.5557,3.59E-05,3.45E-05,7.59E-04,6.23E-04,2.82E-04
0.5559,3.59E-05,3.45E-05,7.59E-04,6.23E-04,2.82E-04
0.5561,3.60E-05,3.46E-05,7.59E-04,6.23E-04,2.82E-04
0.5563,3.60E-05,3.46E-05,7.59E-04,6.23E-04,2.82E-04
0.5565,3.61E-05,3.46E-05,7.59E-04,6.23E-04,2.82E-04
0.5567,3.61E-05,3.47E-05,7.59E-04,6.24E-04,2.82E-04
0.5569,3.61E-05,3.47E-05,7.59E-04,6.24E-04,2.82E-04
0.5571,3.62E-05,3.47E-05,7.59E-04,6.24E-04,2.82E-04
0.5573,3.62E-05,3.48E-05,7.59E-04,6.24E-04,2.82E-04
0.5575,3.62E-05,3.48E-05,7.58E-04,6.24E-04,2.82E-04
0.5577,3.63E-05,3.49E-05,7.58E-04,6.24E-04,2.82E-04
0.5579,3.63E-05,3.49E-05,7.58E-04,6.24E-04,2.82E-04
0.5581,3.63E-05,3.49E-05,7.58E-04,6.24E-04,2.82E-04
0.5583,3.64E-05,3.50E-05,7.58E-04,6.24E-04,2.82E-04
0.5585,3.64E-05,3.50E-05,7.58E-04,6.24E-04,2.82E-04
0.5587,3.64E-05,3.50E-05,7.58E-04,6.24E-04,2.82E-04
0.5589,3.65E-05,3.51E-05,7.58E-04,6.24E-04,2.82E-04
0.5591,3.65E-05,3.51E-05,7.58E-04,6.24E-04,2.82E-04
0.5593,3.65E-05,3.52E-05,7.58E-04,6.24E-04,2.82E-04
0.5595,3.66E-05,3.52E-05,7.58E-04,6.24E-04,2.82E-04
0.5597,3.66E-05,3.52E-05,7.58E-04,6.24E-04,2.82E-04
0.5599,3.67E-05,3.53E-05,7.58E-04,6.25E-04,2.82E-04
0.5601,3.67E-05,3.53E-05,7.58E-04,6.25E-04,2.82E-04
0.5603,3.67E-05,3.54E-05,7.58E-04,6.25E-04,2.82E-04
0.5605,3.68E-05,3.54E-05,7.58E-04,6.25E-04,2.82E-04
0.5607,3.68E-05,3.54E-05,7.58E-04,6.25E-04,2.82E-04
0.5609,3.68E-05,3.55E-05,7.58E-04,6.25E-04,2.82E-04
0.5611,3.69E-05,3.55E-05,7.58E-04,6.25E-04,2.81E-04
0.5613,3.69E-05,3.56E-05,7.58E-04,6.25E-04,2.81E-04
0.5615,3.69E-05,3.56E-05,7.58E-04,6.25E-04,2.81E-04
0.5617,3.70E-05,3.56E-05,7.58E-04,6.25E-04,2.81E-04
0.5619,3.70E-05,3.57E-05,7.57E-04,6.25E-04,2.81E-04
0.5621,3.71E-05,3.57E-05,7.57E-04,6.25E-04,2.81E-04
0.5623,3.71E-05,3.57E-05,7.57E-04,6.25E-04,2.81E-04
0.5625,3.71E-05,3.58E-05,7.57E-04,6.25E-04,2.81E-04
0.5627,3.72E-05,3.58E-05,7.57E-04,6.25E-04,2.81E-04
0.5629,3.72E-05,3.59E-05,7.57E-04,6.25E-04,2.81E-04
0.5631,3.72E-05,3.59E-05,7.57E-04,6.25E-04,2.81E-04
0.5633,3.73E-05,3.59E-05,7.57E-04,6.26E-04,2.81E-04
0.5635,3.73E-05,3.60E-05,7.57E-04,6.26E-04,2.81E-04
0.5637,3.73E-05,3.60E-05,7.57E-04,6.26E-04,2.81E-04
0.5639,3.74E-05,3.61E-05,7.57E-04,6.26E-04,2.81E-04
0.5641,3.74E-05,3.61E-05,7.57E-04,6.26E-04,2.81E-04
0.5643,3.75E-05,3.61E-05,7.57E-04,6.26E-04,2.81E-04
0.5645,3.75E-05,3.62E-05,7.57E-04,6.26E-04,2.81E-04
0.5647,3.75E-05,3.62E-05,7.57E-04,6.26E-04,2.81E-04
0.5649,3.76E-05,3.63E-05,7.57E-04,6.26E-04,2.81E-04
0.5651,3.76E-05,3.63E-05,7.57E-04,6.26E-04,2.81E-04
0.5653,3.76E-05,3.63E-05,7.57E-04,6.26E-04,2.81E-04
0.5655,3.77E-05,3.64E-05,7.57E-04,6.26E-04,2.81E-04
0.5657,3.77E-05,3.64E-05,7.57E-04,6.26E-04,2.81E-04
0.5659,3.78E-05,3.65E-05,7.57E-04,6.26E-04,2.81E-04
0.5661,3.78E-05,3.65E-05,7.57E-04,6.26E-04,2.81E-04
0.5663,3.78E-05,3.65E-05,7.56E-04,6.26E-04,2.81E-04
0.5665,3.79E-05,3.66E-05,7.56E-04,6.27E-04,2.81E-04
0.5667,3.79E-05,3.66E-05,7.56E-04,6.27E-04,2.81E-04
0.5669,3.79E-05,3.67E-05,7.56E-04,6.27E-04,2.81E-04
0.5671,3.80E-05,3.67E-05,7.56E-04,6.27E-04,2.81E-04
0.5673,3.80E-05,3.67E-05,7.56E-04,6.27E-04,2.81E-04
0.5675,3.81E-05,3.68E-05,7.56E-04,6.27E-04,2.81E-04
0.5677,3.81E-05,3.68E-05,7.56E-04,6.27E-04,2.81E-04
0.5679,3.81E-05,3.69E-05,7.56E-04,6.27E-04,2.80E-04
0.5681,3.82E-05,3.69E-05,7.56E-04,6.27E-04,2.80E-04
0.5683,3.82E-05,3.69E-05,7.56E-04,6.27E-04,2.80E-04
0.5685,3.82E-05,3.70E-05,7.56E-04,6.27E-04,2.80E-04
0.5687,3.83E-05,3.70E-05,7.56E-04,6.27E-04,2.80E-04
0.5689,3.83E-05,3.71E-05,7.56E-04,6.27E-04,2.80E-04
0.5691,3.84E-05,3.71E-05,7.56E-04,6.27E-04,2.80E-04
0.5693,3.84E-05,3.71E-05,7.56E-04,6.27E-04,2.80E-04
0.5695,3.84E-05,3.72E-05,7.56E-04,6.27E-04,2.80E-04
0.5697,3.85E-05,3.72E-05,7.56E-04,6.27E-04,2.80E-04
0.5699,3.85E-05,3.73E-05,7.56E-04,6.28E-04,2.80E-04
0.5701,3.85E-05,3.73E-05,7.56E-04,6.28E-04,2.80E-04
0.5703,3.86E-05,3.73E-05,7.56E-04,6.28E-04,2.80E-04
0.5705,3.86E-05,3.74E-05,7.56E-04,6.28E-04,2.80E-04
0.5707,3.87E-05,3.74E-05,7.56E-04,6.28E-04,2.80E-04
0.5709,3.87E-05,3.75E-05,7.56E-04,6.28E-04,2.80E-04
0.5711,3.87E-05,3.75E-05,7.55E-04,6.28E-04,2.80E-04
0.5713,3.88E-05,3.75E-05,7.55E-04,6.28E-04,2.80E-04
0.5715,3.88E-05,3.76E-05,7.55E-04,6.28E-04,2.80E-04
0.5717,3.89E-05,3.76E-05,7.55E-04,6.28E-04,2.80E-04
0.5719,3.89E-05,3.77E-05,7.55E-04,6.28E-04,2.80E-04
0.5721,3.89E-05,3.77E-05,7.55E-04,6.28E-04,2.80E-04
0.5723,3.90E-05,3.78E-05,7.55E-04,6.28E-04,2.80E-04
0.5725,3.90E-05,3.78E-05,7.55E-04,6.28E-04,2.80E-04
0.5727,3.90E-05,3.78E-05,7.55E-04,6.28E-04,2.80E-04
0.5729,3.91E-05,3.79E-05,7.55E-04,6.28E-04,2.80E-04
0.5731,3.91E-05,3.79E-05,7.55E-04,6.29E-04,2.80E-04
0.5733,3.92E-05,3.80E-05,7.55E-04,6.29E-04,2.80E-04
0.5735,3.92E-05,3.80E-05,7.55E-04,6.29E-04,2.80E-04
0.5737,3.92E-05,3.80E-05,7.55E-04,6.29E-04,2.80E-04
0.5739,3.93E-05,3.81E-05,7.55E-04,6.29E-04,2.80E-04
0.5741,3.93E-05,3.81E-05,7.55E-04,6.29E-04,2.80E-04
0.5743,3.94E-05,3.82E-05,7.55E-04,6.29E-04,2.80E-04
0.5745,3.94E-05,3.82E-05,7.55E-04,6.29E-04,2.80E-04
0.5747,3.94E-05,3.82E-05,7.55E-04,6.29E-04,2.80E-04
0.5749,3.95E-05,3.83E-05,7.55E-04,6.29E-04,2.80E-04
0.5751,3.95E-05,3.83E-05,7.55E-04,6.29E-04,2.80E-04
0.5753,3.96E-05,3.84E-05,7.55E-04,6.29E-04,2.80E-04
0.5755,3.96E-05,3.84E-05,7.55E-04,6.29E-04,2.79E-04
0.5757,3.96E-05,3.85E-05,7.55E-04,6.29E-04,2.79E-04
0.5759,3.97E-05,3.85E-05,7.55E-04,6.29E-04,2.79E-04
0.5761,3.97E-05,3.85E-05,7.54E-04,6.29E-04,2.79E-04
0.5763,3.98E-05,3.86E-05,7.54E-04,6.30E-04,2.79E-04
0.5765,3.98E-05,3.86E-05,7.54E-04,6.30E-04,2.79E-04
0.5767,3.98E-05,3.87E-05,7.54E-04,6.30E-04,2.79E-04
0.5769,3.99E-05,3.87E-05,7.54E-04,6.30E-04,2.79E-04
0.5771,3.99E-05,3.88E-05,7.54E-04,6.30E-04,2.79E-04
0.5773,4.00E-05,3.88E-05,7.54E-04,6.30E-04,2.79E-04
0.5775,4.00E-05,3.88E-05,7.54E-04,6.30E-04,2.79E-04
0.5777,4.00E-05,3.89E-05,7.54E-04,6.30E-04,2.79E-04
0.5779,4.01E-05,3.89E-05,7.54E-04,6.30E-04,2.79E-04
0.5781,4.01E-05,3.90E-05,7.54E-04,6.30E-04,2.79E-04
0.5783,4.02E-05,3.90E-05,7.54E-04,6.30E-04,2.79E-04
0.5785,4.02E-05,3.90E-05,7.54E-04,6.30E-04,2.79E-04
0.5787,4.02E-05,3.91E-05,7.54E-04,6.30E-04,2.79E-04
0.5789,4.03E-05,3.91E-05,7.54E-04,6.30E-04,2.79E-04
0.5791,4.03E-05,3.92E-05,7.54E-04,6.30E-04,2.79E-04
0.5793,4.04E-05,3.92E-05,7.54E-04,6.31E-04,2.79E-04
0.5795,4.04E-05,3.93E-05,7.54E-04,6.31E-04,2.79E-04
0.5797,4.04E-05,3.93E-05,7.54E-04,6.31E-04,2.79E-04
0.5799,4.05E-05,3.93E-05,7.54E-04,6.31E-04,2.79E-04
0.5801,4.05E-05,3.94E-05,7.54E-04,6.31E-04,2.79E-04
0.5803,4.06E-05,3.94E-05,7.54E-04,6.31E-04,2.79E-04
0.5805,4.06E-05,3.95E-05,7.54E-04,6.31E-04,2.79E-04
0.5807,4.06E-05,3.95E-05,7.54E-04,6.31E-04,2.79E-04
0.5809,4.07E-05,3.96E-05,7.54E-04,6.31E-04,2.79E-04
0.5811,4.07E-05,3.96E-05,7.54E-04,6.31E-04,2.79E-04
0.5813,4.08E-05,3.96E-05,7.53E-04,6.31E-04,2.79E-04
0.5815,4.08E-05,3.97E-05,7.53E-04,6.31E-04,2.79E-04
0.5817,4.08E-05,3.97E-05,7.53E-04,6.31E-04,2.79E-04
0.5819,4.09E-05,3.98E-05,7.53E-04,6.31E-04,2.79E-04
0.5821,4.09E-05,3.98E-05,7.53E-04,6.31E-04,2.79E-04
0.5823,4.10E-05,3.99E-05,7.53E-04,6.31E-04,2.79E-04
0.5825,4.10E-05,3.99E-05,7.53E-04,6.32E-04,2.79E-04
0.5827,4.10E-05,3.99E-05,7.53E-04,6.32E-04,2.79E-04
0.5829,4.11E-05,4.00E-05,7.53E-04,6.32E-04,2.79E-04
0.5831,4.11E-05,4.00E-05,7.53E-04,6.32E-04,2.79E-04
0.5833,4.12E-05,4.01E-05,7.53E-04,6.32E-04,2.79E-04
0.5835,4.12E-05,4.01E-05,7.53E-04,6.32E-04,2.79E-04
0.5837,4.12E-05,4.02E-05,7.53E-04,6.32E-04,2.79E-04
0.5839,4.13E-05,4.02E-05,7.53E-04,6.32E-04,2.79E-04
0.5841,4.13E-05,4.02E-05,7.53E-04,6.32E-04,2.79E-04
0.5843,4.14E-05,4.03E-05,7.53E-04,6.32E-04,2.79E-04
0.5845,4.14E-05,4.03E-05,7.53E-04,6.32E-04,2.78E-04
0.5847,4.15E-05,4.04E-05,7.53E-04,6.32E-04,2.78E-04
0.5849,4.15E-05,4.04E-05,7.53E-04,6.32E-04,2.78E-04
0.5851,4.15E-05,4.05E-05,7.53E-04,6.32E-04,2.78E-04
0.5853,4.16E-05,4.05E-05,7.53E-04,6.32E-04,2.78E-04
0.5855,4.16E-05,4.05E-05,7.53E-04,6.33E-04,2.78E-04
0.5857,4.17E-05,4.06E-05,7.53E-04,6.33E-04,2.78E-04
0.5859,4.17E-05,4.06E-05,7.53E-04,6.33E-04,2.78E-04
0.5861,4.17E-05,4.07E-05,7.53E-04,6.33E-04,2.78E-04
0.5863,4.18E-05,4.07E-05,7.53E-04,6.33E-04,2.78E-04
0.5865,4.18E-05,4.08E-05,7.53E-04,6.33E-04,2.78E-04
0.5867,4.19E-05,4.08E-05,7.53E-04,6.33E-04,2.78E-04
0.5869,4.19E-05,4.09E-05,7.53E-04,6.33E-04,2.78E-04
0.5871,4.20E-05,4.09E-05,7.52E-04,6.33E-04,2.78E-04
0.5873,4.20E-05,4.09E-05,7.52E-04,6.33E-04,2.78E-04
0.5875,4.20E-05,4.10E-05,7.52E-04,6.33E-04,2.78E-04
0.5877,4.21E-05,4.10E-05,7.52E-04,6.33E-04,2.78E-04
0.5879,4.21E-05,4.11E-05,7.52E-04,6.33E-04,2.78E-04
0.5881,4.22E-05,4.11E-05,7.52E-04,6.33E-04,2.78E-04
0.5883,4.22E-05,4.12E-05,7.52E-04,6.33E-04,2.78E-04
0.5885,4.22E-05,4.12E-05,7.52E-04,6.33E-04,2.78E-04
0.5887,4.23E-05,4.13E-05,7.52E-04,6.34E-04,2.78E-04
0.5889,4.23E-05,4.13E-05,7.52E-04,6.34E-04,2.78E-04
0.5891,4.24E-05,4.13E-05,7.52E-04,6.34E-04,2.78E-04
0.5893,4.24E-05,4.14E-05,7.52E-04,6.34E-04,2.78E-04
0.5895,4.25E-05,4.14E-05,7.52E-04,6.34E-04,2.78E-04
0.5897,4.25E-05,4.15E-05,7.52E-04,6.34E-04,2.78E-04
0.5899,4.25E-05,4.15E-05,7.52E-04,6.34E-04,2.78E-04
0.5901,4.26E-05,4.16E-05,7.52E-04,6.34E-04,2.78E-04
0.5903,4.26E-05,4.16E-05,7.52E-04,6.34E-04,2.78E-04
0.5905,4.27E-05,4.17E-05,7.52E-04,6.34E-04,2.78E-04
0.5907,4.27E-05,4.17E-05,7.52E-04,6.34E-04,2.78E-04
0.5909,4.28E-05,4.17E-05,7.52E-04,6.34E-04,2.78E-04
0.5911,4.28E-05,4.18E-05,7.52E-04,6.34E-04,2.78E-04
0.5913,4.28E-05,4.18E-05,7.52E-04,6.34E-04,2.78E-04
0.5915,4.29E-05,4.19E-05,7.52E-04,6.34E-04,2.78E-04
0.5917,4.29E-05,4.19E-05,7.52E-04,6.35E-04,2.78E-04
0.5919,4.30E-05,4.20E-05,7.52E-04,6.35E-04,2.78E-04
0.5921,4.30E-05,4.20E-05,7.52E-04,6.35E-04,2.78E-04
0.5923,4.31E-05,4.21E-05,7.52E-04,6.35E-04,2.78E-04
0.5925,4.31E-05,4.21E-05,7.52E-04,6.35E-04,2.78E-04
0.5927,4.31E-05,4.21E-05,7.52E-04,6.35E-04,2.78E-04
0.5929,4.32E-05,4.22E-05,7.52E-04,6.35E-04,2.78E-04
0.5931,4.32E-05,4.22E-05,7.51E-04,6.35E-04,2.78E-04
0.5933,4.33E-05,4.23E-05,7.51E-04,6.35E-04,2.78E-04
0.5935,4.33E-05,4.23E-05,7.51E-04,6.35E-04,2.78E-04
0.5937,4.34E-05,4.24E-05,7.51E-04,6.35E-04,2.78E-04
0.5939,4.34E-05,4.24E-05,7.51E-04,6.35E-04,2.78E-04
0.5941,4.35E-05,4.25E-05,7.51E-04,6.35E-04,2.78E-04
0.5943,4.35E-05,4.25E-05,7.51E-04,6.35E-04,2.78E-04
0.5945,4.35E-05,4.26E-05,7.51E-04,6.35E-04,2.78E-04
0.5947,4.36E-05,4.26E-05,7.51E-04,6.36E-04,2.78E-04
0.5949,4.36E-05,4.26E-05,7.51E-04,6.36E-04,2.77E-04
0.5951,4.37E-05,4.27E-05,7.51E-04,6.36E-04,2.77E-04
0.5953,4.37E-05,4.27E-05,7.51E-04,6.36E-04,2.77E-04
0.5955,4.38E-05,4.28E-05,7.51E-04,6.36E-04,2.77E-04
0.5957,4.38E-05,4.28E-05,7.51E-04,6.36E-04,2.77E-04
0.5959,4.38E-05,4.29E-05,7.51E-04,6.36E-04,2.77E-04
0.5961,4.39E-05,4.29E-05,7.51E-04,6.36E-04,2.77E-04
0.5963,4.39E-05,4.30E-05,7.51E-04,6.36E-04,2.77E-04
0.5965,4.40E-05,4.30E-05,7.51E-04,6.36E-04,2.77E-04
0.5967,4.40E-05,4.31E-05,7.51E-04,6.36E-04,2.77E-04
0.5969,4.41E-05,4.31E-05,7.51E-04,6.36E-04,2.77E-04
0.5971,4.41E-05,4.31E-05,7.51E-04,6.36E-04,2.77E-04
0.5973,4.42E-05,4.32E-05,7.51E-04,6.36E-04,2.77E-04
0.5975,4.42E-05,4.32E-05,7.51E-04,6.36E-04,2.77E-04
0.5977,4.42E-05,4.33E-05,7.51E-04,6.37E-04,2.77E-04
0.5979,4.43E-05,4.33E-05,7.51E-04,6.37E-04,2.77E-04
0.5981,4.43E-05,4.34E-05,7.51E-04,6.37E-04,2.77E-04
0.5983,4.44E-05,4.34E-05,7.51E-04,6.37E-04,2.77E-04
0.5985,4.44E-05,4.35E-05,7.51E-04,6.37E-04,2.77E-04
0.5987,4.45E-05,4.35E-05,7.51E-04,6.37E-04,2.77E-04
0.5989,4.45E-05,4.36E-05,7.51E-04,6.37E-04,2.77E-04
0.5991,4.46E-05,4.36E-05,7.51E-04,6.37E-04,2.77E-04
0.5993,4.46E-05,4.37E-05,7.51E-04,6.37E-04,2.77E-04
0.5995,4.46E-05,4.37E-05,7.51E-04,6.37E-04,2.77E-04
0.5997,4.47E-05,4.37E-05,7.51E-04,6.37E-04,2.77E-04
0.5999,4.47E-05,4.38E-05,7.50E-04,6.37E-04,2.77E-04
0.6001,4.48E-05,4.38E-05,7.50E-04,6.37E-04,2.77E-04
0.6003,4.48E-05,4.39E-05,7.50E-04,6.37E-04,2.77E-04
0.6005,4.49E-05,4.39E-05,7.50E-04,6.37E-04,2.77E-04
0.6007,4.49E-05,4.40E-05,7.50E-04,6.38E-04,2.77E-04
0.6009,4.50E-05,4.40E-05,7.50E-04,6.38E-04,2.77E-04
0.6011,4.50E-05,4.41E-05,7.50E-04,6.38E-04,2.77E-04
0.6013,4.50E-05,4.41E-05,7.50E-04,6.38E-04,2.77E-04
0.6015,4.51E-05,4.42E-05,7.50E-04,6.38E-04,2.77E-04
0.6017,4.51E-05,4.42E-05,7.50E-04,6.38E-04,2.77E-04
0.6019,4.52E-05,4.43E-05,7.50E-04,6.38E-04,2.77E-04
0.6021,4.52E-05,4.43E-05,7.50E-04,6.38E-04,2.77E-04
0.6023,4.53E-05,4.44E-05,7.50E-04,6.38E-04,2.77E-04
0.6025,4.53E-05,4.44E-05,7.50E-04,6.38E-04,2.77E-04
0.6027,4.54E-05,4.44E-05,7.50E-04,6.38E-04,2.77E-04
0.6029,4.54E-05,4.45E-05,7.50E-04,6.38E-04,2.77E-04
0.6031,4.55E-05,4.45E-05,7.50E-04,6.38E-04,2.77E-04
0.6033,4.55E-05,4.46E-05,7.50E-04,6.38E-04,2.77E-04
0.6035,4.55E-05,4.46E-05,7.50E-04,6.38E-04,2.77E-04
0.6037,4.56E-05,4.47E-05,7.50E-04,6.39E-04,2.77E-04
0.6039,4.56E-05,4.47E-05,7.50E-04,6.39E-04,2.77E-04
0.6041,4.57E-05,4.48E-05,7.50E-04,6.39E-04,2.77E-04
0.6043,4.57E-05,4.48E-05,7.50E-04,6.39E-04,2.77E-04
0.6045,4.58E-05,4.49E-05,7.50E-04,6.39E-04,2.77E-04
0.6047,4.58E-05,4.49E-05,7.50E-04,6.39E-04,2.77E-04
0.6049,4.59E-05,4.50E-05,7.50E-04,6.39E-04,2.77E-04
0.6051,4.59E-05,4.50E-05,7.50E-04,6.39E-04,2.77E-04
0.6053,4.60E-05,4.51E-05,7.50E-04,6.39E-04,2.77E-04
0.6055,4.60E-05,4.51E-05,7.50E-04,6.39E-04,2.77E-04
0.6057,4.61E-05,4.52E-05,7.50E-04,6.39E-04,2.76E-04
0.6059,4.61E-05,4.52E-05,7.50E-04,6.39E-04,2.76E-04
0.6061,4.61E-05,4.53E-05,7.50E-04,6.39E-04,2.76E-04
0.6063,4.62E-05,4.53E-05,7.50E-04,6.39E-04,2.76E-04
0.6065,4.62E-05,4.53E-05,7.50E-04,6.39E-04,2.76E-04
0.6067,4.63E-05,4.54E-05,7.50E-04,6.40E-04,2.76E-04
0.6069,4.63E-05,4.54E-05,7.50E-04,6.40E-04,2.76E-04
0.6071,4.64E-05,4.55E-05,7.49E-04,6.40E-04,2.76E-04
0.6073,4.64E-05,4.55E-05,7.49E-04,6.40E-04,2.76E-04
0.6075,4.65E-05,4.56E-05,7.49E-04,6.40E-04,2.76E-04
0.6077,4.65E-05,4.56E-05,7.49E-04,6.40E-04,2.76E-04
0.6079,4.66E-05,4.57E-05,7.49E-04,6.40E-04,2.76E-04
0.6081,4.66E-05,4.57E-05,7.49E-04,6.40E-04,2.76E-04
0.6083,4.67E-05,4.58E-05,7.49E-04,6.40E-04,2.76E-04
0.6085,4.67E-05,4.58E-05,7.49E-04,6.40E-04,2.76E-04
0.6087,4.67E-05,4.59E-05,7.49E-04,6.40E-04,2.76E-04
0.6089,4.68E-05,4.59E-05,7.49E-04,6.40E-04,2.76E-04
0.6091,4.68E-05,4.60E-05,7.49E-04,6.40E-04,2.76E-04
0.6093,4.69E-05,4.60E-05,7.49E-04,6.40E-04,2.76E-04
0.6095,4.69E-05,4.61E-05,7.49E-04,6.40E-04,2.76E-04
0.6097,4.70E-05,4.61E-05,7.49E-04,6.41E-04,2.76E-04
0.6099,4.70E-05,4.62E-05,7.49E-04,6.41E-04,2.76E-04
0.6101,4.71E-05,4.62E-05,7.49E-04,6.41E-04,2.76E-04
0.6103,4.71E-05,4.63E-05,7.49E-04,6.41E-04,2.76E-04
0.6105,4.72E-05,4.63E-05,7.49E-04,6.41E-04,2.76E-04
0.6107,4.72E-05,4.64E-05,7.49E-04,6.41E-04,2.76E-04
0.6109,4.73E-05,4.64E-05,7.49E-04,6.41E-04,2.76E-04
0.6111,4.73E-05,4.65E-05,7.49E-04,6.41E-04,2.76E-04
0.6113,4.74E-05,4.65E-05,7.49E-04,6.41E-04,2.76E-04
0.6115,4.74E-05,4.66E-05,7.49E-04,6.41E-04,2.76E-04
0.6117,4.75E-05,4.66E-05,7.49E-04,6.41E-04,2.76E-04
0.6119,4.75E-05,4.67E-05,7.49E-04,6.41E-04,2.76E-04
0.6121,4.76E-05,4.67E-05,7.49E-04,6.41E-04,2.76E-04
0.6123,4.76E-05,4.68E-05,7.49E-04,6.41E-04,2.76E-04
0.6125,4.76E-05,4.68E-05,7.49E-04,6.41E-04,2.76E-04
0.6127,4.77E-05,4.69E-05,7.49E-04,6.42E-04,2.76E-04
0.6129,4.77E-05,4.69E-05,7.49E-04,6.42E-04,2.76E-04
0.6131,4.78E-05,4.70E-05,7.49E-04,6.42E-04,2.76E-04
0.6133,4.78E-05,4.70E-05,7.49E-04,6.42E-04,2.76E-04
0.6135,4.79E-05,4.71E-05,7.49E-04,6.42E-04,2.76E-04
0.6137,4.79E-05,4.71E-05,7.49E-04,6.42E-04,2.76E-04
0.6139,4.80E-05,4.71E-05,7.49E-04,6.42E-04,2.76E-04
0.6141,4.80E-05,4.72E-05,7.49E-04,6.42E-04,2.76E-04
0.6143,4.81E-05,4.72E-05,7.49E-04,6.42E-04,2.76E-04
0.6145,4.81E-05,4.73E-05,7.49E-04,6.42E-04,2.76E-04
0.6147,4.82E-05,4.73E-05,7.49E-04,6.42E-04,2.76E-04
0.6149,4.82E-05,4.74E-05,7.49E-04,6.42E-04,2.76E-04
0.6151,4.83E-05,4.74E-05,7.49E-04,6.42E-04,2.76E-04
0.6153,4.83E-05,4.75E-05,7.49E-04,6.42E-04,2.76E-04
0.6155,4.84E-05,4.75E-05,7.48E-04,6.43E-04,2.75E-04
0.6157,4.84E-05,4.76E-05,7.48E-04,6.43E-04,2.75E-04
0.6159,4.85E-05,4.76E-05,7.48E-04,6.43E-04,2.75E-04
0.6161,4.85E-05,4.77E-05,7.48E-04,6.43E-04,2.75E-04
0.6163,4.86E-05,4.77E-05,7.48E-04,6.43E-04,2.75E-04
0.6165,4.86E-05,4.78E-05,7.48E-04,6.43E-04,2.75E-04
0.6167,4.87E-05,4.78E-05,7.48E-04,6.43E-04,2.75E-04
0.6169,4.87E-05,4.79E-05,7.48E-04,6.43E-04,2.75E-04
0.6171,4.88E-05,4.79E-05,7.48E-04,6.43E-04,2.75E-04
0.6173,4.88E-05,4.80E-05,7.48E-04,6.43E-04,2.75E-04
0.6175,4.89E-05,4.80E-05,7.48E-04,6.43E-04,2.75E-04
0.6177,4.89E-05,4.81E-05,7.48E-04,6.43E-04,2.75E-04
0.6179,4.90E-05,4.81E-05,7.48E-04,6.43E-04,2.75E-04
0.6181,4.90E-05,4.82E-05,7.48E-04,6.43E-04,2.75E-04
0.6183,4.91E-05,4.82E-05,7.48E-04,6.43E-04,2.75E-04
0.6185,4.91E-05,4.83E-05,7.48E-04,6.44E-04,2.75E-04
0.6187,4.92E-05,4.83E-05,7.48E-04,6.44E-04,2.75E-04
0.6189,4.92E-05,4.84E-05,7.48E-04,6.44E-04,2.75E-04
0.6191,4.92E-05,4.84E-05,7.48E-04,6.44E-04,2.75E-04
0.6193,4.93E-05,4.85E-05,7.48E-04,6.44E-04,2.75E-04
0.6195,4.93E-05,4.86E-05,7.48E-04,6.44E-04,2.75E-04
0.6197,4.94E-05,4.86E-05,7.48E-04,6.44E-04,2.75E-04
0.6199,4.94E-05,4.87E-05,7.48E-04,6.44E-04,2.75E-04
0.6201,4.95E-05,4.87E-05,7.48E-04,6.44E-04,2.75E-04
0.6203,4.95E-05,4.88E-05,7.48E-04,6.44E-04,2.75E-04
0.6205,4.96E-05,4.88E-05,7.48E-04,6.44E-04,2.75E-04
0.6207,4.96E-05,4.89E-05,7.48E-04,6.44E-04,2.75E-04
0.6209,4.97E-05,4.89E-05,7.48E-04,6.44E-04,2.75E-04
0.6211,4.97E-05,4.90E-05,7.48E-04,6.44E-04,2.75E-04
0.6213,4.98E-05,4.90E-05,7.48E-04,6.45E-04,2.75E-04
0.6215,4.98E-05,4.91E-05,7.48E-04,6.45E-04,2.75E-04
0.6217,4.99E-05,4.91E-05,7.48E-04,6.45E-04,2.75E-04
0.6219,4.99E-05,4.92E-05,7.48E-04,6.45E-04,2.75E-04
0.6221,5.00E-05,4.92E-05,7.48E-04,6.45E-04,2.75E-04
0.6223,5.00E-05,4.93E-05,7.48E-04,6.45E-04,2.75E-04
0.6225,5.01E-05,4.93E-05,7.48E-04,6.45E-04,2.75E-04
0.6227,5.01E-05,4.94E-05,7.48E-04,6.45E-04,2.75E-04
0.6229,5.02E-05,4.94E-05,7.48E-04,6.45E-04,2.75E-04
0.6231,5.02E-05,4.95E-05,7.48E-04,6.45E-04,2.75E-04
0.6233,5.03E-05,4.95E-05,7.48E-04,6.45E-04,2.75E-04
0.6235,5.03E-05,4.96E-05,7.48E-04,6.45E-04,2.75E-04
0.6237,5.04E-05,4.96E-05,7.48E-04,6.45E-04,2.74E-04
0.6239,5.04E-05,4.97E-05,7.48E-04,6.45E-04,2.74E-04
0.6241,5.05E-05,4.97E-05,7.48E-04,6.45E-04,2.74E-04
0.6243,5.05E-05,4.98E-05,7.48E-04,6.46E-04,2.74E-04
0.6245,5.06E-05,4.98E-05,7.48E-04,6.46E-04,2.74E-04
0.6247,5.06E-05,4.99E-05,7.48E-04,6.46E-04,2.74E-04
0.6249,5.07E-05,4.99E-05,7.48E-04,6.46E-04,2.74E-04
0.6251,5.07E-05,5.00E-05,7.48E-04,6.46E-04,2.74E-04
0.6253,5.08E-05,5.00E-05,7.47E-04,6.46E-04,2.74E-04
0.6255,5.09E-05,5.01E-05,7.47E-04,6.46E-04,2.74E-04
0.6257,5.09E-05,5.01E-05,7.47E-04,6.46E-04,2.74E-04
0.6259,5.10E-05,5.02E-05,7.47E-04,6.46E-04,2.74E-04
0.6261,5.10E-05,5.02E-05,7.47E-04,6.46E-04,2.74E-04
0.6263,5.11E-05,5.03E-05,7.47E-04,6.46E-04,2.74E-04
0.6265,5.11E-05,5.04E-05,7.47E-04,6.46E-04,2.74E-04
0.6267,5.12E-05,5.04E-05,7.47E-04,6.46E-04,2.74E-04
0.6269,5.12E-05,5.05E-05,7.47E-04,6.46E-04,2.74E-04
0.6271,5.13E-05,5.05E-05,7.47E-04,6.47E-04,2.74E-04
0.6273,5.13E-05,5.06E-05,7.47E-04,6.47E-04,2.74E-04
0.6275,5.14E-05,5.06E-05,7.47E-04,6.47E-04,2.74E-04
0.6277,5.14E-05,5.07E-05,7.47E-04,6.47E-04,2.74E-04
0.6279,5.15E-05,5.07E-05,7.47E-04,6.47E-04,2.74E-04
0.6281,5.15E-05,5.08E-05,7.47E-04,6.47E-04,2.74E-04
0.6283,5.16E-05,5.08E-05,7.47E-04,6.47E-04,2.74E-04
0.6285,5.16E-05,5.09E-05,7.47E-04,6.47E-04,2.74E-04
0.6287,5.17E-05,5.09E-05,7.47E-04,6.47E-04,2.74E-04
0.6289,5.17E-05,5.10E-05,7.47E-04,6.47E-04,2.74E-04
0.6291,5.18E-05,5.10E-05,7.47E-04,6.47E-04,2.74E-04
0.6293,5.18E-05,5.11E-05,7.47E-04,6.47E-04,2.74E-04
0.6295,5.19E-05,5.11E-05,7.47E-04,6.47E-04,2.74E-04
0.6297,5.19E-05,5.12E-05,7.47E-04,6.47E-04,2.74E-04
0.6299,5.20E-05,5.12E-05,7.47E-04,6.47E-04,2.74E-04
0.6301,5.20E-05,5.13E-05,7.47E-04,6.48E-04,2.74E-04
0.6303,5.21E-05,5.14E-05,7.47E-04,6.48E-04,2.74E-04
0.6305,5.21E-05,5.14E-05,7.47E-04,6.48E-04,2.73E-04
0.6307,5.22E-05,5.15E-05,7.47E-04,6.48E-04,2.73E-04
0.6309,5.22E-05,5.15E-05,7.47E-04,6.48E-04,2.73E-04
0.6311,5.23E-05,5.16E-05,7.47E-04,6.48E-04,2.73E-04
0.6313,5.23E-05,5.16E-05,7.47E-04,6.48E-04,2.73E-04
0.6315,5.24E-05,5.17E-05,7.47E-04,6.48E-04,2.73E-04
0.6317,5.24E-05,5.17E-05,7.47E-04,6.48E-04,2.73E-04
0.6319,5.25E-05,5.18E-05,7.47E-04,6.48E-04,2.73E-04
0.6321,5.26E-05,5.18E-05,7.47E-04,6.48E-04,2.73E-04
0.6323,5.26E-05,5.19E-05,7.47E-04,6.48E-04,2.73E-04
0.6325,5.27E-05,5.19E-05,7.47E-04,6.48E-04,2.73E-04
0.6327,5.27E-05,5.20E-05,7.47E-04,6.48E-04,2.73E-04
0.6329,5.28E-05,5.20E-05,7.47E-04,6.49E-04,2.73E-04
0.6331,5.28E-05,5.21E-05,7.47E-04,6.49E-04,2.73E-04
0.6333,5.29E-05,5.22E-05,7.47E-04,6.49E-04,2.73E-04
0.6335,5.29E-05,5.22E-05,7.47E-04,6.49E-04,2.73E-04
0.6337,5.30E-05,5.23E-05,7.47E-04,6.49E-04,2.73E-04
0.6339,5.30E-05,5.23E-05,7.47E-04,6.49E-04,2.73E-04
0.6341,5.31E-05,5.24E-05,7.47E-04,6.49E-04,2.73E-04
0.6343,5.31E-05,5.24E-05,7.47E-04,6.49E-04,2.73E-04
0.6345,5.32E-05,5.25E-05,7.47E-04,6.49E-04,2.73E-04
0.6347,5.32E-05,5.25E-05,7.47E-04,6.49E-04,2.73E-04
0.6349,5.33E-05,5.26E-05,7.47E-04,6.49E-04,2.73E-04
0.6351,5.33E-05,5.26E-05,7.47E-04,6.49E-04,2.73E-04
0.6353,5.34E-05,5.27E-05,7.47E-04,6.49E-04,2.73E-04
0.6355,5.35E-05,5.27E-05,7.47E-04,6.49E-04,2.73E-04
0.6357,5.35E-05,5.28E-05,7.47E-04,6.50E-04,2.73E-04
0.6359,5.36E-05,5.29E-05,7.47E-04,6.50E-04,2.73E-04
0.6361,5.36E-05,5.29E-05,7.47E-04,6.50E-04,2.73E-04
0.6363,5.37E-05,5.30E-05,7.47E-04,6.50E-04,2.73E-04
0.6365,5.37E-05,5.30E-05,7.47E-04,6.50E-04,2.73E-04
0.6367,5.38E-05,5.31E-05,7.47E-04,6.50E-04,2.72E-04
0.6369,5.38E-05,5.31E-05,7.47E-04,6.50E-04,2.72E-04
0.6371,5.39E-05,5.32E-05,7.47E-04,6.50E-04,2.72E-04
0.6373,5.39E-05,5.32E-05,7.47E-04,6.50E-04,2.72E-04
0.6375,5.40E-05,5.33E-05,7.47E-04,6.50E-04,2.72E-04
0.6377,5.40E-05,5.33E-05,7.46E-04,6.50E-04,2.72E-04
0.6379,5.41E-05,5.34E-05,7.46E-04,6.50E-04,2.72E-04
0.6381,5.41E-05,5.35E-05,7.46E-04,6.50E-04,2.72E-04
0.6383,5.42E-05,5.35E-05,7.46E-04,6.50E-04,2.72E-04
0.6385,5.43E-05,5.36E-05,7.46E-04,6.51E-04,2.72E-04
0.6387,5.43E-05,5.36E-05,7.46E-04,6.51E-04,2.72E-04
0.6389,5.44E-05,5.37E-05,7.46E-04,6.51E-04,2.72E-04
0.6391,5.44E-05,5.37E-05,7.46E-04,6.51E-04,2.72E-04
0.6393,5.45E-05,5.38E-05,7.46E-04,6.51E-04,2.72E-04
0.6395,5.45E-05,5.38E-05,7.46E-04,6.51E-04,2.72E-04
0.6397,5.46E-05,5.39E-05,7.46E-04,6.51E-04,2.72E-04
0.6399,5.46E-05,5.40E-05,7.46E-04,6.51E-04,2.72E-04
0.6401,5.47E-05,5.40E-05,7.46E-04,6.51E-04,2.72E-04
0.6403,5.47E-05,5.41E-05,7.46E-04,6.51E-04,2.72E-04
0.6405,5.48E-05,5.41E-05,7.46E-04,6.51E-04,2.72E-04
0.6407,5.49E-05,5.42E-05,7.46E-04,6.51E-04,2.72E-04
0.6409,5.49E-05,5.42E-05,7.46E-04,6.51E-04,2.72E-04
0.6411,5.50E-05,5.43E-05,7.46E-04,6.51E-04,2.72E-04
0.6413,5.50E-05,5.43E-05,7.46E-04,6.52E-04,2.72E-04
0.6415,5.51E-05,5.44E-05,7.46E-04,6.52E-04,2.72E-04
0.6417,5.51E-05,5.45E-05,7.46E-04,6.52E-04,2.72E-04
0.6419,5.52E-05,5.45E-05,7.46E-04,6.52E-04,2.72E-04
0.6421,5.52E-05,5.46E-05,7.46E-04,6.52E-04,2.72E-04
0.6423,5.53E-05,5.46E-05,7.46E-04,6.52E-04,2.72E-04
0.6425,5.53E-05,5.47E-05,7.46E-04,6.52E-04,2.71E-04
0.6427,5.54E-05,5.47E-05,7.46E-04,6.52E-04,2.71E-04
0.6429,5.55E-05,5.48E-05,7.46E-04,6.52E-04,2.71E-04
0.6431,5.55E-05,5.48E-05,7.46E-04,6.52E-04,2.71E-04
0.6433,5.56E-05,5.49E-05,7.46E-04,6.52E-04,2.71E-04
0.6435,5.56E-05,5.50E-05,7.46E-04,6.52E-04,2.71E-04
0.6437,5.57E-05,5.50E-05,7.46E-04,6.52E-04,2.71E-04
0.6439,5.57E-05,5.51E-05,7.46E-04,6.52E-04,2.71E-04
0.6441,5.58E-05,5.51E-05,7.46E-04,6.53E-04,2.71E-04
0.6443,5.58E-05,5.52E-05,7.46E-04,6.53E-04,2.71E-04
0.6445,5.59E-05,5.52E-05,7.46E-04,6.53E-04,2.71E-04
0.6447,5.60E-05,5.53E-05,7.46E-04,6.53E-04,2.71E-04
0.6449,5.60E-05,5.53E-05,7.46E-04,6.53E-04,2.71E-04
0.6451,5.61E-05,5.54E-05,7.46E-04,6.53E-04,2.71E-04
0.6453,5.61E-05,5.55E-05,7.46E-04,6.53E-04,2.71E-04
0.6455,5.62E-05,5.55E-05,7.46E-04,6.53E-04,2.71E-04
0.6457,5.62E-05,5.56E-05,7.46E-04,6.53E-04,2.71E-04
0.6459,5.63E-05,5.56E-05,7.46E-04,6.53E-04,2.71E-04
0.6461,5.63E-05,5.57E-05,7.46E-04,6.53E-04,2.71E-04
0.6463,5.64E-05,5.57E-05,7.46E-04,6.53E-04,2.71E-04
0.6465,5.65E-05,5.58E-05,7.46E-04,6.53E-04,2.71E-04
0.6467,5.65E-05,5.59E-05,7.46E-04,6.53E-04,2.71E-04
0.6469,5.66E-05,5.59E-05,7.46E-04,6.54E-04,2.71E-04
0.6471,5.66E-05,5.60E-05,7.46E-04,6.54E-04,2.71E-04
0.6473,5.67E-05,5.60E-05,7.46E-04,6.54E-04,2.71E-04
0.6475,5.67E-05,5.61E-05,7.46E-04,6.54E-04,2.71E-04
0.6477,5.68E-05,5.61E-05,7.46E-04,6.54E-04,2.71E-04
0.6479,5.68E-05,5.62E-05,7.46E-04,6.54E-04,2.71E-04
0.6481,5.69E-05,5.63E-05,7.46E-04,6.54E-04,2.70E-04
0.6483,5.70E-05,5.63E-05,7.46E-04,6.54E-04,2.70E-04
0.6485,5.70E-05,5.64E-05,7.46E-04,6.54E-04,2.70E-04
0.6487,5.71E-05,5.64E-05,7.46E-04,6.54E-04,2.70E-04
0.6489,5.71E-05,5.65E-05,7.46E-04,6.54E-04,2.70E-04
0.6491,5.72E-05,5.65E-05,7.46E-04,6.54E-04,2.70E-04
0.6493,5.72E-05,5.66E-05,7.46E-04,6.54E-04,2.70E-04
0.6495,5.73E-05,5.67E-05,7.46E-04,6.54E-04,2.70E-04
0.6497,5.74E-05,5.67E-05,7.46E-04,6.55E-04,2.70E-04
0.6499,5.74E-05,5.68E-05,7.46E-04,6.55E-04,2.70E-04
0.6501,5.75E-05,5.68E-05,7.46E-04,6.55E-04,2.70E-04
0.6503,5.75E-05,5.69E-05,7.46E-04,6.55E-04,2.70E-04
0.6505,5.76E-05,5.70E-05,7.46E-04,6.55E-04,2.70E-04
0.6507,5.76E-05,5.70E-05,7.46E-04,6.55E-04,2.70E-04
0.6509,5.77E-05,5.71E-05,7.46E-04,6.55E-04,2.70E-04
0.6511,5.78E-05,5.71E-05,7.46E-04,6.55E-04,2.70E-04
0.6513,5.78E-05,5.72E-05,7.46E-04,6.55E-04,2.70E-04
0.6515,5.79E-05,5.72E-05,7.46E-04,6.55E-04,2.70E-04
0.6517,5.79E-05,5.73E-05,7.46E-04,6.55E-04,2.70E-04
0.6519,5.80E-05,5.74E-05,7.46E-04,6.55E-04,2.70E-04
0.6521,5.80E-05,5.74E-05,7.46E-04,6.55E-04,2.70E-04
0.6523,5.81E-05,5.75E-05,7.46E-04,6.55E-04,2.70E-04
0.6525,5.82E-05,5.75E-05,7.46E-04,6.56E-04,2.70E-04
0.6527,5.82E-05,5.76E-05,7.46E-04,6.56E-04,2.70E-04
0.6529,5.83E-05,5.76E-05,7.46E-04,6.56E-04,2.70E-04
0.6531,5.83E-05,5.77E-05,7.46E-04,6.56E-04,2.70E-04
0.6533,5.84E-05,5.78E-05,7.46E-04,6.56E-04,2.70E-04
0.6535,5.84E-05,5.78E-05,7.46E-04,6.56E-04,2.69E-04
0.6537,5.85E-05,5.79E-05,7.46E-04,6.56E-04,2.69E-04
0.6539,5.86E-05,5.79E-05,7.46E-04,6.56E-04,2.69E-04
0.6541,5.86E-05,5.80E-05,7.46E-04,6.56E-04,2.69E-04
0.6543,5.87E-05,5.81E-05,7.46E-04,6.56E-04,2.69E-04
0.6545,5.87E-05,5.81E-05,7.46E-04,6.56E-04,2.69E-04
0.6547,5.88E-05,5.82E-05,7.46E-04,6.56E-04,2.69E-04
0.6549,5.88E-05,5.82E-05,7.46E-04,6.56E-04,2.69E-04
0.6551,5.89E-05,5.83E-05,7.46E-04,6.56E-04,2.69E-04
0.6553,5.90E-05,5.84E-05,7.46E-04,6.57E-04,2.69E-04
0.6555,5.90E-05,5.84E-05,7.46E-04,6.57E-04,2.69E-04
0.6557,5.91E-05,5.85E-05,7.46E-04,6.57E-04,2.69E-04
0.6559,5.91E-05,5.85E-05,7.46E-04,6.57E-04,2.69E-04
0.6561,5.92E-05,5.86E-05,7.46E-04,6.57E-04,2.69E-04
0.6563,5.93E-05,5.86E-05,7.46E-04,6.57E-04,2.69E-04
0.6565,5.93E-05,5.87E-05,7.45E-04,6.57E-04,2.69E-04
0.6567,5.94E-05,5.88E-05,7.45E-04,6.57E-04,2.69E-04
0.6569,5.94E-05,5.88E-05,7.45E-04,6.57E-04,2.69E-04
0.6571,5.95E-05,5.89E-05,7.45E-04,6.57E-04,2.69E-04
0.6573,5.95E-05,5.89E-05,7.45E-04,6.57E-04,2.69E-04
0.6575,5.96E-05,5.90E-05,7.45E-04,6.57E-04,2.69E-04
0.6577,5.97E-05,5.91E-05,7.45E-04,6.57E-04,2.69E-04
0.6579,5.97E-05,5.91E-05,7.45E-04,6.57E-04,2.69E-04
0.6581,5.98E-05,5.92E-05,7.45E-04,6.58E-04,2.69E-04
0.6583,5.98E-05,5.92E-05,7.45E-04,6.58E-04,2.69E-04
0.6585,5.99E-05,5.93E-05,7.45E-04,6.58E-04,2.69E-04
0.6587,6.00E-05,5.94E-05,7.45E-04,6.58E-04,2.69E-04
0.6589,6.00E-05,5.94E-05,7.45E-04,6.58E-04,2.68E-04
0.6591,6.01E-05,5.95E-05,7.45E-04,6.58E-04,2.68E-04
0.6593,6.01E-05,5.95E-05,7.45E-04,6.58E-04,2.68E-04
0.6595,6.02E-05,5.96E-05,7.45E-04,6.58E-04,2.68E-04
0.6597,6.03E-05,5.97E-05,7.45E-04,6.58E-04,2.68E-04
0.6599,6.03E-05,5.97E-05,7.45E-04,6.58E-04,2.68E-04
0.6601,6.04E-05,5.98E-05,7.45E-04,6.58E-04,2.68E-04
0.6603,6.04E-05,5.98E-05,7.45E-04,6.58E-04,2.68E-04
0.6605,6.05E-05,5.99E-05,7.45E-04,6.58E-04,2.68E-04
0.6607,6.06E-05,6.00E-05,7.45E-04,6.58E-04,2.68E-04
0.6609,6.06E-05,6.00E-05,7.45E-04,6.59E-04,2.68E-04
0.6611,6.07E-05,6.01E-05,7.45E-04,6.59E-04,2.68E-04
0.6613,6.07E-05,6.01E-05,7.45E-04,6.59E-04,2.68E-04
0.6615,6.08E-05,6.02E-05,7.45E-04,6.59E-04,2.68E-04
0.6617,6.09E-05,6.03E-05,7.45E-04,6.59E-04,2.68E-04
0.6619,6.09E-05,6.03E-05,7.45E-04,6.59E-04,2.68E-04
0.6621,6.10E-05,6.04E-05,7.45E-04,6.59E-04,2.68E-04
0.6623,6.10E-05,6.05E-05,7.45E-04,6.59E-04,2.68E-04
0.6625,6.11E-05,6.05E-05,7.45E-04,6.59E-04,2.68E-04
0.6627,6.12E-05,6.06E-05,7.45E-04,6.59E-04,2.68E-04
0.6629,6.12E-05,6.06E-05,7.45E-04,6.59E-04,2.68E-04
0.6631,6.13E-05,6.07E-05,7.45E-04,6.59E-04,2.68E-04
0.6633,6.13E-05,6.08E-05,7.45E-04,6.59E-04,2.68E-04
0.6635,6.14E-05,6.08E-05,7.45E-04,6.60E-04,2.68E-04
0.6637,6.15E-05,6.09E-05,7.45E-04,6.60E-04,2.68E-04
0.6639,6.15E-05,6.09E-05,7.45E-04,6.60E-04,2.68E-04
0.6641,6.16E-05,6.10E-05,7.45E-04,6.60E-04,2.68E-04
0.6643,6.16E-05,6.11E-05,7.45E-04,6.60E-04,2.67E-04
0.6645,6.17E-05,6.11E-05,7.45E-04,6.60E-04,2.67E-04
0.6647,6.18E-05,6.12E-05,7.45E-04,6.60E-04,2.67E-04
0.6649,6.18E-05,6.12E-05,7.45E-04,6.60E-04,2.67E-04
0.6651,6.19E-05,6.13E-05,7.45E-04,6.60E-04,2.67E-04
0.6653,6.19E-05,6.14E-05,7.45E-04,6.60E-04,2.67E-04
0.6655,6.20E-05,6.14E-05,7.45E-04,6.60E-04,2.67E-04
0.6657,6.21E-05,6.15E-05,7.45E-04,6.60E-04,2.67E-04
0.6659,6.21E-05,6.16E-05,7.45E-04,6.60E-04,2.67E-04
0.6661,6.22E-05,6.16E-05,7.45E-04,6.60E-04,2.67E-04
0.6663,6.22E-05,6.17E-05,7.45E-04,6.61E-04,2.67E-04
0.6665,6.23E-05,6.17E-05,7.45E-04,6.61E-04,2.67E-04
0.6667,6.24E-05,6.18E-05,7.45E-04,6.61E-04,2.67E-04
0.6669,6.24E-05,6.19E-05,7.45E-04,6.61E-04,2.67E-04
0.6671,6.25E-05,6.19E-05,7.45E-04,6.61E-04,2.67E-04
0.6673,6.26E-05,6.20E-05,7.45E-04,6.61E-04,2.67E-04
0.6675,6.26E-05,6.21E-05,7.45E-04,6.61E-04,2.67E-04
0.6677,6.27E-05,6.21E-05,7.45E-04,6.61E-04,2.67E-04
0.6679,6.27E-05,6.22E-05,7.45E-04,6.61E-04,2.67E-04
0.6681,6.28E-05,6.22E-05,7.45E-04,6.61E-04,2.67E-04
0.6683,6.29E-05,6.23E-05,7.45E-04,6.61E-04,2.67E-04
0.6685,6.29E-05,6.24E-05,7.45E-04,6.61E-04,2.67E-04
0.6687,6.30E-05,6.24E-05,7.45E-04,6.61E-04,2.67E-04
0.6689,6.30E-05,6.25E-05,7.45E-04,6.61E-04,2.67E-04
0.6691,6.31E-05,6.26E-05,7.45E-04,6.62E-04,2.67E-04
0.6693,6.32E-05,6.26E-05,7.45E-04,6.62E-04,2.67E-04
0.6695,6.32E-05,6.27E-05,7.45E-04,6.62E-04,2.67E-04
0.6697,6.33E-05,6.27E-05,7.45E-04,6.62E-04,2.67E-04
0.6699,6.34E-05,6.28E-05,7.45E-04,6.62E-04,2.66E-04
0.6701,6.34E-05,6.29E-05,7.45E-04,6.62E-04,2.66E-04
0.6703,6.35E-05,6.29E-05,7.45E-04,6.62E-04,2.66E-04
0.6705,6.35E-05,6.30E-05,7.45E-04,6.62E-04,2.66E-04
0.6707,6.36E-05,6.31E-05,7.45E-04,6.62E-04,2.66E-04
0.6709,6.37E-05,6.31E-05,7.45E-04,6.62E-04,2.66E-04
0.6711,6.37E-05,6.32E-05,7.45E-04,6.62E-04,2.66E-04
0.6713,6.38E-05,6.32E-05,7.45E-04,6.62E-04,2.66E-04
0.6715,6.39E-05,6.33E-05,7.45E-04,6.62E-04,2.66E-04
0.6717,6.39E-05,6.34E-05,7.45E-04,6.63E-04,2.66E-04
0.6719,6.40E-05,6.34E-05,7.45E-04,6.63E-04,2.66E-04
0.6721,6.40E-05,6.35E-05,7.45E-04,6.63E-04,2.66E-04
0.6723,6.41E-05,6.36E-05,7.45E-04,6.63E-04,2.66E-04
0.6725,6.42E-05,6.36E-05,7.45E-04,6.63E-04,2.66E-04
0.6727,6.42E-05,6.37E-05,7.45E-04,6.63E-04,2.66E-04
0.6729,6.43E-05,6.38E-05,7.45E-04,6.63E-04,2.66E-04
0.6731,6.44E-05,6.38E-05,7.45E-04,6.63E-04,2.66E-04
0.6733,6.44E-05,6.39E-05,7.45E-04,6.63E-04,2.66E-04
0.6735,6.45E-05,6.39E-05,7.45E-04,6.63E-04,2.66E-04
0.6737,6.45E-05,6.40E-05,7.45E-04,6.63E-04,2.66E-04
0.6739,6.46E-05,6.41E-05,7.45E-04,6.63E-04,2.66E-04
0.6741,6.47E-05,6.41E-05,7.45E-04,6.63E-04,2.66E-04
0.6743,6.47E-05,6.42E-05,7.45E-04,6.63E-04,2.66E-04
0.6745,6.48E-05,6.43E-05,7.45E-04,6.64E-04,2.66E-04
0.6747,6.49E-05,6.43E-05,7.45E-04,6.64E-04,2.66E-04
0.6749,6.49E-05,6.44E-05,7.45E-04,6.64E-04,2.66E-04
0.6751,6.50E-05,6.45E-05,7.45E-04,6.64E-04,2.66E-04
0.6753,6.51E-05,6.45E-05,7.45E-04,6.64E-04,2.66E-04
0.6755,6.51E-05,6.46E-05,7.45E-04,6.64E-04,2.66E-04
0.6757,6.52E-05,6.46E-05,7.45E-04,6.64E-04,2.65E-04
0.6759,6.52E-05,6.47E-05,7.45E-04,6.64E-04,2.65E-04
0.6761,6.53E-05,6.48E-05,7.45E-04,6.64E-04,2.65E-04
0.6763,6.54E-05,6.48E-05,7.45E-04,6.64E-04,2.65E-04
0.6765,6.54E-05,6.49E-05,7.45E-04,6.64E-04,2.65E-04
0.6767,6.55E-05,6.50E-05,7.45E-04,6.64E-04,2.65E-04
0.6769,6.56E-05,6.50E-05,7.45E-04,6.64E-04,2.65E-04
0.6771,6.56E-05,6.51E-05,7.45E-04,6.65E-04,2.65E-04
0.6773,6.57E-05,6.52E-05,7.45E-04,6.65E-04,2.65E-04
0.6775,6.58E-05,6.52E-05,7.45E-04,6.65E-04,2.65E-04
0.6777,6.58E-05,6.53E-05,7.45E-04,6.65E-04,2.65E-04
0.6779,6.59E-05,6.54E-05,7.45E-04,6.65E-04,2.65E-04
0.6781,6.60E-05,6.54E-05,7.45E-04,6.65E-04,2.65E-04
0.6783,6.60E-05,6.55E-05,7.45E-04,6.65E-04,2.65E-04
0.6785,6.61E-05,6.56E-05,7.45E-04,6.65E-04,2.65E-04
0.6787,6.61E-05,6.56E-05,7.45E-04,6.65E-04,2.65E-04
0.6789,6.62E-05,6.57E-05,7.45E-04,6.65E-04,2.65E-04
0.6791,6.63E-05,6.58E-05,7.45E-04,6.65E-04,2.65E-04
0.6793,6.63E-05,6.58E-05,7.45E-04,6.65E-04,2.65E-04
0.6795,6.64E-05,6.59E-05,7.45E-04,6.65E-04,2.65E-04
0.6797,6.65E-05,6.59E-05,7.45E-04,6.65E-04,2.65E-04
0.6799,6.65E-05,6.60E-05,7.45E-04,6.66E-04,2.65E-04
0.6801,6.66E-05,6.61E-05,7.45E-04,6.66E-04,2.65E-04
0.6803,6.67E-05,6.61E-05,7.45E-04,6.66E-04,2.65E-04
0.6805,6.67E-05,6.62E-05,7.45E-04,6.66E-04,2.65E-04
0.6807,6.68E-05,6.63E-05,7.45E-04,6.66E-04,2.65E-04
0.6809,6.69E-05,6.63E-05,7.45E-04,6.66E-04,2.65E-04
0.6811,6.69E-05,6.64E-05,7.45E-04,6.66E-04,2.65E-04
0.6813,6.70E-05,6.65E-05,7.45E-04,6.66E-04,2.65E-04
0.6815,6.71E-05,6.65E-05,7.45E-04,6.66E-04,2.65E-04
0.6817,6.71E-05,6.66E-05,7.45E-04,6.66E-04,2.64E-04
0.6819,6.72E-05,6.67E-05,7.45E-04,6.66E-04,2.64E-04
0.6821,6.73E-05,6.67E-05,7.45E-04,6.66E-04,2.64E-04
0.6823,6.73E-05,6.68E-05,7.45E-04,6.66E-04,2.64E-04
0.6825,6.74E-05,6.69E-05,7.45E-04,6.67E-04,2.64E-04
0.6827,6.74E-05,6.69E-05,7.45E-04,6.67E-04,2.64E-04
0.6829,6.75E-05,6.70E-05,7.45E-04,6.67E-04,2.64E-04
0.6831,6.76E-05,6.71E-05,7.45E-04,6.67E-04,2.64E-04
0.6833,6.76E-05,6.71E-05,7.45E-04,6.67E-04,2.64E-04
0.6835,6.77E-05,6.72E-05,7.45E-04,6.67E-04,2.64E-04
0.6837,6.78E-05,6.73E-05,7.45E-04,6.67E-04,2.64E-04
0.6839,6.78E-05,6.73E-05,7.45E-04,6.67E-04,2.64E-04
0.6841,6.79E-05,6.74E-05,7.45E-04,6.67E-04,2.64E-04
0.6843,6.80E-05,6.75E-05,7.45E-04,6.67E-04,2.64E-04
0.6845,6.80E-05,6.75E-05,7.45E-04,6.67E-04,2.64E-04
0.6847,6.81E-05,6.76E-05,7.45E-04,6.67E-04,2.64E-04
0.6849,6.82E-05,6.77E-05,7.45E-04,6.67E-04,2.64E-04
0.6851,6.82E-05,6.77E-05,7.45E-04,6.67E-04,2.64E-04
0.6853,6.83E-05,6.78E-05,7.45E-04,6.68E-04,2.64E-04
0.6855,6.84E-05,6.79E-05,7.45E-04,6.68E-04,2.64E-04
0.6857,6.84E-05,6.79E-05,7.45E-04,6.68E-04,2.64E-04
0.6859,6.85E-05,6.80E-05,7.45E-04,6.68E-04,2.64E-04
0.6861,6.86E-05,6.81E-05,7.45E-04,6.68E-04,2.64E-04
0.6863,6.86E-05,6.81E-05,7.45E-04,6.68E-04,2.64E-04
0.6865,6.87E-05,6.82E-05,7.45E-04,6.68E-04,2.64E-04
0.6867,6.88E-05,6.83E-05,7.45E-04,6.68E-04,2.64E-04
0.6869,6.88E-05,6.83E-05,7.45E-04,6.68E-04,2.64E-04
0.6871,6.89E-05,6.84E-05,7.45E-04,6.68E-04,2.64E-04
0.6873,6.90E-05,6.85E-05,7.45E-04,6.68E-04,2.64E-04
0.6875,6.90E-05,6.85E-05,7.45E-04,6.68E-04,2.64E-04
0.6877,6.91E-05,6.86E-05,7.45E-04,6.68E-04,2.64E-04
0.6879,6.92E-05,6.87E-05,7.45E-04,6.69E-04,2.63E-04
0.6881,6.92E-05,6.88E-05,7.45E-04,6.69E-04,2.63E-04
0.6883,6.93E-05,6.88E-05,7.45E-04,6.69E-04,2.63E-04
0.6885,6.94E-05,6.89E-05,7.45E-04,6.69E-04,2.63E-04
0.6887,6.94E-05,6.90E-05,7.45E-04,6.69E-04,2.63E-04
0.6889,6.95E-05,6.90E-05,7.45E-04,6.69E-04,2.63E-04
0.6891,6.96E-05,6.91E-05,7.45E-04,6.69E-04,2.63E-04
0.6893,6.97E-05,6.92E-05,7.45E-04,6.69E-04,2.63E-04
0.6895,6.97E-05,6.92E-05,7.45E-04,6.69E-04,2.63E-04
0.6897,6.98E-05,6.93E-05,7.45E-04,6.69E-04,2.63E-04
0.6899,6.99E-05,6.94E-05,7.45E-04,6.69E-04,2.63E-04
0.6901,6.99E-05,6.94E-05,7.45E-04,6.69E-04,2.63E-04
0.6903,7.00E-05,6.95E-05,7.45E-04,6.69E-04,2.63E-04
0.6905,7.01E-05,6.96E-05,7.45E-04,6.70E-04,2.63E-04
0.6907,7.01E-05,6.96E-05,7.45E-04,6.70E-04,2.63E-04
0.6909,7.02E-05,6.97E-05,7.45E-04,6.70E-04,2.63E-04
0.6911,7.03E-05,6.98E-05,7.45E-04,6.70E-04,2.63E-04
0.6913,7.03E-05,6.98E-05,7.45E-04,6.70E-04,2.63E-04
0.6915,7.04E-05,6.99E-05,7.45E-04,6.70E-04,2.63E-04
0.6917,7.05E-05,7.00E-05,7.45E-04,6.70E-04,2.63E-04
0.6919,7.05E-05,7.01E-05,7.45E-04,6.70E-04,2.63E-04
0.6921,7.06E-05,7.01E-05,7.45E-04,6.70E-04,2.63E-04
0.6923,7.07E-05,7.02E-05,7.45E-04,6.70E-04,2.63E-04
0.6925,7.07E-05,7.03E-05,7.45E-04,6.70E-04,2.63E-04
0.6927,7.08E-05,7.03E-05,7.45E-04,6.70E-04,2.63E-04
0.6929,7.09E-05,7.04E-05,7.45E-04,6.70E-04,2.63E-04
0.6931,7.09E-05,7.05E-05,7.45E-04,6.71E-04,2.63E-04
0.6933,7.10E-05,7.05E-05,7.45E-04,6.71E-04,2.63E-04
0.6935,7.11E-05,7.06E-05,7.45E-04,6.71E-04,2.63E-04
0.6937,7.12E-05,7.07E-05,7.45E-04,6.71E-04,2.63E-04
0.6939,7.12E-05,7.07E-05,7.45E-04,6.71E-04,2.63E-04
0.6941,7.13E-05,7.08E-05,7.45E-04,6.71E-04,2.63E-04
0.6943,7.14E-05,7.09E-05,7.45E-04,6.71E-04,2.62E-04
0.6945,7.14E-05,7.10E-05,7.45E-04,6.71E-04,2.62E-04
0.6947,7.15E-05,7.10E-05,7.45E-04,6.71E-04,2.62E-04
0.6949,7.16E-05,7.11E-05,7.45E-04,6.71E-04,2.62E-04
0.6951,7.16E-05,7.12E-05,7.45E-04,6.71E-04,2.62E-04
0.6953,7.17E-05,7.12E-05,7.45E-04,6.71E-04,2.62E-04
0.6955,7.18E-05,7.13E-05,7.45E-04,6.71E-04,2.62E-04
0.6957,7.19E-05,7.14E-05,7.45E-04,6.71E-04,2.62E-04
0.6959,7.19E-05,7.14E-05,7.45E-04,6.72E-04,2.62E-04
0.6961,7.20E-05,7.15E-05,7.45E-04,6.72E-04,2.62E-04
0.6963,7.21E-05,7.16E-05,7.45E-04,6.72E-04,2.62E-04
0.6965,7.21E-05,7.17E-05,7.45E-04,6.72E-04,2.62E-04
0.6967,7.22E-05,7.17E-05,7.45E-04,6.72E-04,2.62E-04
0.6969,7.23E-05,7.18E-05,7.45E-04,6.72E-04,2.62E-04
0.6971,7.23E-05,7.19E-05,7.45E-04,6.72E-04,2.62E-04
0.6973,7.24E-05,7.19E-05,7.45E-04,6.72E-04,2.62E-04
0.6975,7.25E-05,7.20E-05,7.45E-04,6.72E-04,2.62E-04
0.6977,7.26E-05,7.21E-05,7.45E-04,6.72E-04,2.62E-04
0.6979,7.26E-05,7.22E-05,7.46E-04,6.72E-04,2.62E-04
0.6981,7.27E-05,7.22E-05,7.46E-04,6.72E-04,2.62E-04
0.6983,7.28E-05,7.23E-05,7.46E-04,6.72E-04,2.62E-04
0.6985,7.28E-05,7.24E-05,7.46E-04,6.73E-04,2.62E-04
0.6987,7.29E-05,7.24E-05,7.46E-04,6.73E-04,2.62E-04
0.6989,7.30E-05,7.25E-05,7.46E-04,6.73E-04,2.62E-04
0.6991,7.30E-05,7.26E-05,7.46E-04,6.73E-04,2.62E-04
0.6993,7.31E-05,7.27E-05,7.46E-04,6.73E-04,2.62E-04
0.6995,7.32E-05,7.27E-05,7.46E-04,6.73E-04,2.62E-04
0.6997,7.33E-05,7.28E-05,7.46E-04,6.73E-04,2.62E-04
0.6999,7.33E-05,7.29E-05,7.46E-04,6.73E-04,2.62E-04
0.7001,7.34E-05,7.29E-05,7.46E-04,6.73E-04,2.62E-04
0.7003,7.35E-05,7.30E-05,7.46E-04,6.73E-04,2.62E-04
0.7005,7.35E-05,7.31E-05,7.46E-04,6.73E-04,2.61E-04
0.7007,7.36E-05,7.32E-05,7.46E-04,6.73E-04,2.61E-04
0.7009,7.37E-05,7.32E-05,7.46E-04,6.73E-04,2.61E-04
0.7011,7.38E-05,7.33E-05,7.46E-04,6.74E-04,2.61E-04
0.7013,7.38E-05,7.34E-05,7.46E-04,6.74E-04,2.61E-04
0.7015,7.39E-05,7.34E-05,7.46E-04,6.74E-04,2.61E-04
0.7017,7.40E-05,7.35E-05,7.46E-04,6.74E-04,2.61E-04
0.7019,7.40E-05,7.36E-05,7.46E-04,6.74E-04,2.61E-04
0.7021,7.41E-05,7.37E-05,7.46E-04,6.74E-04,2.61E-04
0.7023,7.42E-05,7.37E-05,7.46E-04,6.74E-04,2.61E-04
0.7025,7.43E-05,7.38E-05,7.46E-04,6.74E-04,2.61E-04
0.7027,7.43E-05,7.39E-05,7.46E-04,6.74E-04,2.61E-04
0.7029,7.44E-05,7.39E-05,7.46E-04,6.74E-04,2.61E-04
0.7031,7.45E-05,7.40E-05,7.46E-04,6.74E-04,2.61E-04
0.7033,7.45E-05,7.41E-05,7.46E-04,6.74E-04,2.61E-04
0.7035,7.46E-05,7.42E-05,7.46E-04,6.74E-04,2.61E-04
0.7037,7.47E-05,7.42E-05,7.46E-04,6.75E-04,2.61E-04
0.7039,7.48E-05,7.43E-05,7.46E-04,6.75E-04,2.61E-04
0.7041,7.48E-05,7.44E-05,7.46E-04,6.75E-04,2.61E-04
0.7043,7.49E-05,7.45E-05,7.46E-04,6.75E-04,2.61E-04
0.7045,7.50E-05,7.45E-05,7.46E-04,6.75E-04,2.61E-04
0.7047,7.51E-05,7.46E-05,7.46E-04,6.75E-04,2.61E-04
0.7049,7.51E-05,7.47E-05,7.46E-04,6.75E-04,2.61E-04
0.7051,7.52E-05,7.47E-05,7.46E-04,6.75E-04,2.61E-04
0.7053,7.53E-05,7.48E-05,7.46E-04,6.75E-04,2.61E-04
0.7055,7.53E-05,7.49E-05,7.46E-04,6.75E-04,2.61E-04
0.7057,7.54E-05,7.50E-05,7.46E-04,6.75E-04,2.61E-04
0.7059,7.55E-05,7.50E-05,7.46E-04,6.75E-04,2.61E-04
0.7061,7.56E-05,7.51E-05,7.46E-04,6.75E-04,2.61E-04
0.7063,7.56E-05,7.52E-05,7.46E-04,6.76E-04,2.61E-04
0.7065,7.57E-05,7.53E-05,7.46E-04,6.76E-04,2.60E-04
0.7067,7.58E-05,7.53E-05,7.46E-04,6.76E-04,2.60E-04
0.7069,7.59E-05,7.54E-05,7.46E-04,6.76E-04,2.60E-04
0.7071,7.59E-05,7.55E-05,7.46E-04,6.76E-04,2.60E-04
0.7073,7.60E-05,7.56E-05,7.46E-04,6.76E-04,2.60E-04
0.7075,7.61E-05,7.56E-05,7.46E-04,6.76E-04,2.60E-04
0.7077,7.61E-05,7.57E-05,7.46E-04,6.76E-04,2.60E-04
0.7079,7.62E-05,7.58E-05,7.46E-04,6.76E-04,2.60E-04
0.7081,7.63E-05,7.59E-05,7.46E-04,6.76E-04,2.60E-04
0.7083,7.64E-05,7.59E-05,7.46E-04,6.76E-04,2.60E-04
0.7085,7.64E-05,7.60E-05,7.46E-04,6.76E-04,2.60E-04
0.7087,7.65E-05,7.61E-05,7.46E-04,6.76E-04,2.60E-04
0.7089,7.66E-05,7.61E-05,7.46E-04,6.77E-04,2.60E-04
0.7091,7.67E-05,7.62E-05,7.46E-04,6.77E-04,2.60E-04
0.7093,7.67E-05,7.63E-05,7.46E-04,6.77E-04,2.60E-04
0.7095,7.68E-05,7.64E-05,7.46E-04,6.77E-04,2.60E-04
0.7097,7.69E-05,7.64E-05,7.46E-04,6.77E-04,2.60E-04
0.7099,7.70E-05,7.65E-05,7.46E-04,6.77E-04,2.60E-04
0.7101,7.70E-05,7.66E-05,7.46E-04,6.77E-04,2.60E-04
0.7103,7.71E-05,7.67E-05,7.46E-04,6.77E-04,2.60E-04
0.7105,7.72E-05,7.67E-05,7.46E-04,6.77E-04,2.60E-04
0.7107,7.73E-05,7.68E-05,7.46E-04,6.77E-04,2.60E-04
0.7109,7.73E-05,7.69E-05,7.46E-04,6.77E-04,2.60E-04
0.7111,7.74E-05,7.70E-05,7.46E-04,6.77E-04,2.60E-04
0.7113,7.75E-05,7.70E-05,7.46E-04,6.78E-04,2.60E-04
0.7115,7.76E-05,7.71E-05,7.46E-04,6.78E-04,2.60E-04
0.7117,7.76E-05,7.72E-05,7.46E-04,6.78E-04,2.60E-04
0.7119,7.77E-05,7.73E-05,7.46E-04,6.78E-04,2.60E-04
0.7121,7.78E-05,7.73E-05,7.46E-04,6.78E-04,2.60E-04
0.7123,7.79E-05,7.74E-05,7.46E-04,6.78E-04,2.59E-04
0.7125,7.79E-05,7.75E-05,7.46E-04,6.78E-04,2.59E-04
0.7127,7.80E-05,7.76E-05,7.46E-04,6.78E-04,2.59E-04
0.7129,7.81E-05,7.76E-05,7.46E-04,6.78E-04,2.59E-04
0.7131,7.82E-05,7.77E-05,7.46E-04,6.78E-04,2.59E-04
0.7133,7.82E-05,7.78E-05,7.46E-04,6.78E-04,2.59E-04
0.7135,7.83E-05,7.79E-05,7.46E-04,6.78E-04,2.59E-04
0.7137,7.84E-05,7.80E-05,7.46E-04,6.78E-04,2.59E-04
0.7139,7.85E-05,7.80E-05,7.46E-04,6.79E-04,2.59E-04
0.7141,7.85E-05,7.81E-05,7.46E-04,6.79E-04,2.59E-04
0.7143,7.86E-05,7.82E-05,7.46E-04,6.79E-04,2.59E-04
0.7145,7.87E-05,7.83E-05,7.46E-04,6.79E-04,2.59E-04
0.7147,7.88E-05,7.83E-05,7.46E-04,6.79E-04,2.59E-04
0.7149,7.88E-05,7.84E-05,7.46E-04,6.79E-04,2.59E-04
0.7151,7.89E-05,7.85E-05,7.46E-04,6.79E-04,2.59E-04
0.7153,7.90E-05,7.86E-05,7.46E-04,6.79E-04,2.59E-04
0.7155,7.91E-05,7.86E-05,7.46E-04,6.79E-04,2.59E-04
0.7157,7.91E-05,7.87E-05,7.46E-04,6.79E-04,2.59E-04
0.7159,7.92E-05,7.88E-05,7.46E-04,6.79E-04,2.59E-04
0.7161,7.93E-05,7.89E-05,7.46E-04,6.79E-04,2.59E-04
0.7163,7.94E-05,7.89E-05,7.46E-04,6.79E-04,2.59E-04
0.7165,7.94E-05,7.90E-05,7.46E-04,6.80E-04,2.59E-04
0.7167,7.95E-05,7.91E-05,7.47E-04,6.80E-04,2.59E-04
0.7169,7.96E-05,7.92E-05,7.47E-04,6.80E-04,2.59E-04
0.7171,7.97E-05,7.93E-05,7.47E-04,6.80E-04,2.59E-04
0.7173,7.98E-05,7.93E-05,7.47E-04,6.80E-04,2.59E-04
0.7175,7.98E-05,7.94E-05,7.47E-04,6.80E-04,2.58E-04
0.7177,7.99E-05,7.95E-05,7.47E-04,6.80E-04,2.58E-04
0.7179,8.00E-05,7.96E-05,7.47E-04,6.80E-04,2.58E-04
0.7181,8.01E-05,7.96E-05,7.47E-04,6.80E-04,2.58E-04
0.7183,8.01E-05,7.97E-05,7.47E-04,6.80E-04,2.58E-04
0.7185,8.02E-05,7.98E-05,7.47E-04,6.80E-04,2.58E-04
0.7187,8.03E-05,7.99E-05,7.47E-04,6.80E-04,2.58E-04
0.7189,8.04E-05,8.00E-05,7.47E-04,6.80E-04,2.58E-04
0.7191,8.04E-05,8.00E-05,7.47E-04,6.81E-04,2.58E-04
0.7193,8.05E-05,8.01E-05,7.47E-04,6.81E-04,2.58E-04
0.7195,8.06E-05,8.02E-05,7.47E-04,6.81E-04,2.58E-04
0.7197,8.07E-05,8.03E-05,7.47E-04,6.81E-04,2.58E-04
0.7199,8.08E-05,8.03E-05,7.47E-04,6.81E-04,2.58E-04
0.7201,8.08E-05,8.04E-05,7.47E-04,6.81E-04,2.58E-04
0.7203,8.09E-05,8.05E-05,7.47E-04,6.81E-04,2.58E-04
0.7205,8.10E-05,8.06E-05,7.47E-04,6.81E-04,2.58E-04
0.7207,8.11E-05,8.07E-05,7.47E-04,6.81E-04,2.58E-04
0.7209,8.11E-05,8.07E-05,7.47E-04,6.81E-04,2.58E-04
0.7211,8.12E-05,8.08E-05,7.47E-04,6.81E-04,2.58E-04
0.7213,8.13E-05,8.09E-05,7.47E-04,6.81E-04,2.58E-04
0.7215,8.14E-05,8.10E-05,7.47E-04,6.82E-04,2.58E-04
0.7217,8.15E-05,8.10E-05,7.47E-04,6.82E-04,2.58E-04
0.7219,8.15E-05,8.11E-05,7.47E-04,6.82E-04,2.58E-04
0.7221,8.16E-05,8.12E-05,7.47E-04,6.82E-04,2.58E-04
0.7223,8.17E-05,8.13E-05,7.47E-04,6.82E-04,2.58E-04
0.7225,8.18E-05,8.14E-05,7.47E-04,6.82E-04,2.58E-04
0.7227,8.18E-05,8.14E-05,7.47E-04,6.82E-04,2.57E-04
0.7229,8.19E-05,8.15E-05,7.47E-04,6.82E-04,2.57E-04
0.7231,8.20E-05,8.16E-05,7.47E-04,6.82E-04,2.57E-04
0.7233,8.21E-05,8.17E-05,7.47E-04,6.82E-04,2.57E-04
0.7235,8.22E-05,8.18E-05,7.47E-04,6.82E-04,2.57E-04
0.7237,8.22E-05,8.18E-05,7.47E-04,6.82E-04,2.57E-04
0.7239,8.23E-05,8.19E-05,7.47E-04,6.82E-04,2.57E-04
0.7241,8.24E-05,8.20E-05,7.47E-04,6.83E-04,2.57E-04
0.7243,8.25E-05,8.21E-05,7.47E-04,6.83E-04,2.57E-04
0.7245,8.26E-05,8.22E-05,7.47E-04,6.83E-04,2.57E-04
0.7247,8.26E-05,8.22E-05,7.47E-04,6.83E-04,2.57E-04
0.7249,8.27E-05,8.23E-05,7.47E-04,6.83E-04,2.57E-04
0.7251,8.28E-05,8.24E-05,7.47E-04,6.83E-04,2.57E-04
0.7253,8.29E-05,8.25E-05,7.47E-04,6.83E-04,2.57E-04
0.7255,8.30E-05,8.26E-05,7.47E-04,6.83E-04,2.57E-04
0.7257,8.30E-05,8.26E-05,7.47E-04,6.83E-04,2.57E-04
0.7259,8.31E-05,8.27E-05,7.47E-04,6.83E-04,2.57E-04
0.7261,8.32E-05,8.28E-05,7.47E-04,6.83E-04,2.57E-04
0.7263,8.33E-05,8.29E-05,7.47E-04,6.83E-04,2.57E-04
0.7265,8.34E-05,8.30E-05,7.47E-04,6.84E-04,2.57E-04
0.7267,8.34E-05,8.30E-05,7.47E-04,6.84E-04,2.57E-04
0.7269,8.35E-05,8.31E-05,7.47E-04,6.84E-04,2.57E-04
0.7271,8.36E-05,8.32E-05,7.47E-04,6.84E-04,2.57E-04
0.7273,8.37E-05,8.33E-05,7.47E-04,6.84E-04,2.56E-04
0.7275,8.38E-05,8.34E-05,7.47E-04,6.84E-04,2.56E-04
0.7277,8.38E-05,8.34E-05,7.47E-04,6.84E-04,2.56E-04
0.7279,8.39E-05,8.35E-05,7.47E-04,6.84E-04,2.56E-04
0.7281,8.40E-05,8.36E-05,7.47E-04,6.84E-04,2.56E-04
0.7283,8.41E-05,8.37E-05,7.47E-04,6.84E-04,2.56E-04
0.7285,8.42E-05,8.38E-05,7.47E-04,6.84E-04,2.56E-04
0.7287,8.42E-05,8.38E-05,7.47E-04,6.84E-04,2.56E-04
0.7289,8.43E-05,8.39E-05,7.48E-04,6.84E-04,2.56E-04
0.7291,8.44E-05,8.40E-05,7.48E-04,6.85E-04,2.56E-04
0.7293,8.45E-05,8.41E-05,7.48E-04,6.85E-04,2.56E-04
0.7295,8.46E-05,8.42E-05,7.48E-04,6.85E-04,2.56E-04
0.7297,8.46E-05,8.43E-05,7.48E-04,6.85E-04,2.56E-04
0.7299,8.47E-05,8.43E-05,7.48E-04,6.85E-04,2.56E-04
0.7301,8.48E-05,8.44E-05,7.48E-04,6.85E-04,2.56E-04
0.7303,8.49E-05,8.45E-05,7.48E-04,6.85E-04,2.56E-04
0.7305,8.50E-05,8.46E-05,7.48E-04,6.85E-04,2.56E-04
0.7307,8.51E-05,8.47E-05,7.48E-04,6.85E-04,2.56E-04
0.7309,8.51E-05,8.47E-05,7.48E-04,6.85E-04,2.56E-04
0.7311,8.52E-05,8.48E-05,7.48E-04,6.85E-04,2.56E-04
0.7313,8.53E-05,8.49E-05,7.48E-04,6.85E-04,2.56E-04
0.7315,8.54E-05,8.50E-05,7.48E-04,6.86E-04,2.56E-04
0.7317,8.55E-05,8.51E-05,7.48E-04,6.86E-04,2.56E-04
0.7319,8.55E-05,8.52E-05,7.48E-04,6.86E-04,2.56E-04
0.7321,8.56E-05,8.52E-05,7.48E-04,6.86E-04,2.55E-04
0.7323,8.57E-05,8.53E-05,7.48E-04,6.86E-04,2.55E-04
0.7325,8.58E-05,8.54E-05,7.48E-04,6.86E-04,2.55E-04
0.7327,8.59E-05,8.55E-05,7.48E-04,6.86E-04,2.55E-04
0.7329,8.60E-05,8.56E-05,7.48E-04,6.86E-04,2.55E-04
0.7331,8.60E-05,8.57E-05,7.48E-04,6.86E-04,2.55E-04
0.7333,8.61E-05,8.57E-05,7.48E-04,6.86E-04,2.55E-04
0.7335,8.62E-05,8.58E-05,7.48E-04,6.86E-04,2.55E-04
0.7337,8.63E-05,8.59E-05,7.48E-04,6.86E-04,2.55E-04
0.7339,8.64E-05,8.60E-05,7.48E-04,6.86E-04,2.55E-04
0.7341,8.65E-05,8.61E-05,7.48E-04,6.87E-04,2.55E-04
0.7343,8.65E-05,8.62E-05,7.48E-04,6.87E-04,2.55E-04
0.7345,8.66E-05,8.62E-05,7.48E-04,6.87E-04,2.55E-04
0.7347,8.67E-05,8.63E-05,7.48E-04,6.87E-04,2.55E-04
0.7349,8.68E-05,8.64E-05,7.48E-04,6.87E-04,2.55E-04
0.7351,8.69E-05,8.65E-05,7.48E-04,6.87E-04,2.55E-04
0.7353,8.70E-05,8.66E-05,7.48E-04,6.87E-04,2.55E-04
0.7355,8.70E-05,8.67E-05,7.48E-04,6.87E-04,2.55E-04
0.7357,8.71E-05,8.67E-05,7.48E-04,6.87E-04,2.55E-04
0.7359,8.72E-05,8.68E-05,7.48E-04,6.87E-04,2.55E-04
0.7361,8.73E-05,8.69E-05,7.48E-04,6.87E-04,2.55E-04
0.7363,8.74E-05,8.70E-05,7.48E-04,6.87E-04,2.55E-04
0.7365,8.75E-05,8.71E-05,7.48E-04,6.88E-04,2.54E-04
0.7367,8.75E-05,8.72E-05,7.48E-04,6.88E-04,2.54E-04
0.7369,8.76E-05,8.72E-05,7.48E-04,6.88E-04,2.54E-04
0.7371,8.77E-05,8.73E-05,7.48E-04,6.88E-04,2.54E-04
0.7373,8.78E-05,8.74E-05,7.48E-04,6.88E-04,2.54E-04
0.7375,8.79E-05,8.75E-05,7.48E-04,6.88E-04,2.54E-04
0.7377,8.80E-05,8.76E-05,7.48E-04,6.88E-04,2.54E-04
0.7379,8.80E-05,8.77E-05,7.48E-04,6.88E-04,2.54E-04
0.7381,8.81E-05,8.77E-05,7.48E-04,6.88E-04,2.54E-04
0.7383,8.82E-05,8.78E-05,7.48E-04,6.88E-04,2.54E-04
0.7385,8.83E-05,8.79E-05,7.48E-04,6.88E-04,2.54E-04
0.7387,8.84E-05,8.80E-05,7.49E-04,6.88E-04,2.54E-04
0.7389,8.85E-05,8.81E-05,7.49E-04,6.89E-04,2.54E-04
0.7391,8.85E-05,8.82E-05,7.49E-04,6.89E-04,2.54E-04
0.7393,8.86E-05,8.83E-05,7.49E-04,6.89E-04,2.54E-04
0.7395,8.87E-05,8.83E-05,7.49E-04,6.89E-04,2.54E-04
0.7397,8.88E-05,8.84E-05,7.49E-04,6.89E-04,2.54E-04
0.7399,8.89E-05,8.85E-05,7.49E-04,6.89E-04,2.54E-04
0.7401,8.90E-05,8.86E-05,7.49E-04,6.89E-04,2.54E-04
0.7403,8.91E-05,8.87E-05,7.49E-04,6.89E-04,2.54E-04
0.7405,8.91E-05,8.88E-05,7.49E-04,6.89E-04,2.54E-04
0.7407,8.92E-05,8.89E-05,7.49E-04,6.89E-04,2.54E-04
0.7409,8.93E-05,8.89E-05,7.49E-04,6.89E-04,2.54E-04
0.7411,8.94E-05,8.90E-05,7.49E-04,6.89E-04,2.53E-04
0.7413,8.95E-05,8.91E-05,7.49E-04,6.90E-04,2.53E-04
0.7415,8.96E-05,8.92E-05,7.49E-04,6.90E-04,2.53E-04
0.7417,8.97E-05,8.93E-05,7.49E-04,6.90E-04,2.53E-04
0.7419,8.97E-05,8.94E-05,7.49E-04,6.90E-04,2.53E-04
0.7421,8.98E-05,8.95E-05,7.49E-04,6.90E-04,2.53E-04
0.7423,8.99E-05,8.95E-05,7.49E-04,6.90E-04,2.53E-04
0.7425,9.00E-05,8.96E-05,7.49E-04,6.90E-04,2.53E-04
0.7427,9.01E-05,8.97E-05,7.49E-04,6.90E-04,2.53E-04
0.7429,9.02E-05,8.98E-05,7.49E-04,6.90E-04,2.53E-04
0.7431,9.03E-05,8.99E-05,7.49E-04,6.90E-04,2.53E-04
0.7433,9.03E-05,9.00E-05,7.49E-04,6.90E-04,2.53E-04
0.7435,9.04E-05,9.01E-05,7.49E-04,6.90E-04,2.53E-04
0.7437,9.05E-05,9.02E-05,7.49E-04,6.91E-04,2.53E-04
0.7439,9.06E-05,9.02E-05,7.49E-04,6.91E-04,2.53E-04
0.7441,9.07E-05,9.03E-05,7.49E-04,6.91E-04,2.53E-04
0.7443,9.08E-05,9.04E-05,7.49E-04,6.91E-04,2.53E-04
0.7445,9.09E-05,9.05E-05,7.49E-04,6.91E-04,2.53E-04
0.7447,9.10E-05,9.06E-05,7.49E-04,6.91E-04,2.53E-04
0.7449,9.10E-05,9.07E-05,7.49E-04,6.91E-04,2.53E-04
0.7451,9.11E-05,9.08E-05,7.49E-04,6.91E-04,2.53E-04
0.7453,9.12E-05,9.09E-05,7.49E-04,6.91E-04,2.53E-04
0.7455,9.13E-05,9.09E-05,7.49E-04,6.91E-04,2.52E-04
0.7457,9.14E-05,9.10E-05,7.49E-04,6.91E-04,2.52E-04
0.7459,9.15E-05,9.11E-05,7.49E-04,6.91E-04,2.52E-04
0.7461,9.16E-05,9.12E-05,7.49E-04,6.92E-04,2.52E-04
0.7463,9.17E-05,9.13E-05,7.49E-04,6.92E-04,2.52E-04
0.7465,9.17E-05,9.14E-05,7.49E-04,6.92E-04,2.52E-04
0.7467,9.18E-05,9.15E-05,7.49E-04,6.92E-04,2.52E-04
0.7469,9.19E-05,9.16E-05,7.50E-04,6.92E-04,2.52E-04
0.7471,9.20E-05,9.16E-05,7.50E-04,6.92E-04,2.52E-04
0.7473,9.21E-05,9.17E-05,7.50E-04,6.92E-04,2.52E-04
0.7475,9.22E-05,9.18E-05,7.50E-04,6.92E-04,2.52E-04
0.7477,9.23E-05,9.19E-05,7.50E-04,6.92E-04,2.52E-04
0.7479,9.24E-05,9.20E-05,7.50E-04,6.92E-04,2.52E-04
0.7481,9.24E-05,9.21E-05,7.50E-04,6.92E-04,2.52E-04
0.7483,9.25E-05,9.22E-05,7.50E-04,6.92E-04,2.52E-04
0.7485,9.26E-05,9.23E-05,7.50E-04,6.93E-04,2.52E-04
0.7487,9.27E-05,9.24E-05,7.50E-04,6.93E-04,2.52E-04
0.7489,9.28E-05,9.24E-05,7.50E-04,6.93E-04,2.52E-04
0.7491,9.29E-05,9.25E-05,7.50E-04,6.93E-04,2.52E-04
0.7493,9.30E-05,9.26E-05,7.50E-04,6.93E-04,2.52E-04
0.7495,9.31E-05,9.27E-05,7.50E-04,6.93E-04,2.52E-04
0.7497,9.32E-05,9.28E-05,7.50E-04,6.93E-04,2.52E-04
0.7499,9.32E-05,9.29E-05,7.50E-04,6.93E-04,2.51E-04
0.7501,9.33E-05,9.30E-05,7.50E-04,6.93E-04,2.51E-04
0.7503,9.34E-05,9.31E-05,7.50E-04,6.93E-04,2.51E-04
0.7505,9.35E-05,9.32E-05,7.50E-04,6.93E-04,2.51E-04
0.7507,9.36E-05,9.33E-05,7.50E-04,6.93E-04,2.51E-04
0.7509,9.37E-05,9.33E-05,7.50E-04,6.94E-04,2.51E-04
0.7511,9.38E-05,9.34E-05,7.50E-04,6.94E-04,2.51E-04
0.7513,9.39E-05,9.35E-05,7.50E-04,6.94E-04,2.51E-04
0.7515,9.40E-05,9.36E-05,7.50E-04,6.94E-04,2.51E-04
0.7517,9.41E-05,9.37E-05,7.50E-04,6.94E-04,2.51E-04
0.7519,9.41E-05,9.38E-05,7.50E-04,6.94E-04,2.51E-04
0.7521,9.42E-05,9.39E-05,7.50E-04,6.94E-04,2.51E-04
0.7523,9.43E-05,9.40E-05,7.50E-04,6.94E-04,2.51E-04
0.7525,9.44E-05,9.41E-05,7.50E-04,6.94E-04,2.51E-04
0.7527,9.45E-05,9.42E-05,7.50E-04,6.94E-04,2.51E-04
0.7529,9.46E-05,9.43E-05,7.50E-04,6.94E-04,2.51E-04
0.7531,9.47E-05,9.43E-05,7.50E-04,6.94E-04,2.51E-04
0.7533,9.48E-05,9.44E-05,7.50E-04,6.95E-04,2.51E-04
0.7535,9.49E-05,9.45E-05,7.50E-04,6.95E-04,2.51E-04
0.7537,9.50E-05,9.46E-05,7.50E-04,6.95E-04,2.51E-04
0.7539,9.51E-05,9.47E-05,7.50E-04,6.95E-04,2.51E-04
0.7541,9.51E-05,9.48E-05,7.51E-04,6.95E-04,2.51E-04
0.7543,9.52E-05,9.49E-05,7.51E-04,6.95E-04,2.51E-04
0.7545,9.53E-05,9.50E-05,7.51E-04,6.95E-04,2.50E-04
0.7547,9.54E-05,9.51E-05,7.51E-04,6.95E-04,2.50E-04
0.7549,9.55E-05,9.52E-05,7.51E-04,6.95E-04,2.50E-04
0.7551,9.56E-05,9.53E-05,7.51E-04,6.95E-04,2.50E-04
0.7553,9.57E-05,9.53E-05,7.51E-04,6.95E-04,2.50E-04
0.7555,9.58E-05,9.54E-05,7.51E-04,6.96E-04,2.50E-04
0.7557,9.59E-05,9.55E-05,7.51E-04,6.96E-04,2.50E-04
0.7559,9.60E-05,9.56E-05,7.51E-04,6.96E-04,2.50E-04
0.7561,9.61E-05,9.57E-05,7.51E-04,6.96E-04,2.50E-04
0.7563,9.62E-05,9.58E-05,7.51E-04,6.96E-04,2.50E-04
0.7565,9.62E-05,9.59E-05,7.51E-04,6.96E-04,2.50E-04
0.7567,9.63E-05,9.60E-05,7.51E-04,6.96E-04,2.50E-04
0.7569,9.64E-05,9.61E-05,7.51E-04,6.96E-04,2.50E-04
0.7571,9.65E-05,9.62E-05,7.51E-04,6.96E-04,2.50E-04
0.7573,9.66E-05,9.63E-05,7.51E-04,6.96E-04,2.50E-04
0.7575,9.67E-05,9.64E-05,7.51E-04,6.96E-04,2.50E-04
0.7577,9.68E-05,9.65E-05,7.51E-04,6.96E-04,2.50E-04
0.7579,9.69E-05,9.66E-05,7.51E-04,6.97E-04,2.50E-04
0.7581,9.70E-05,9.66E-05,7.51E-04,6.97E-04,2.50E-04
0.7583,9.71E-05,9.67E-05,7.51E-04,6.97E-04,2.50E-04
0.7585,9.72E-05,9.68E-05,7.51E-04,6.97E-04,2.50E-04
0.7587,9.73E-05,9.69E-05,7.51E-04,6.97E-04,2.50E-04
0.7589,9.74E-05,9.70E-05,7.51E-04,6.97E-04,2.50E-04
0.7591,9.74E-05,9.71E-05,7.51E-04,6.97E-04,2.49E-04
0.7593,9.75E-05,9.72E-05,7.51E-04,6.97E-04,2.49E-04
0.7595,9.76E-05,9.73E-05,7.51E-04,6.97E-04,2.49E-04
0.7597,9.77E-05,9.74E-05,7.51E-04,6.97E-04,2.49E-04
0.7599,9.78E-05,9.75E-05,7.51E-04,6.97E-04,2.49E-04
0.7601,9.79E-05,9.76E-05,7.51E-04,6.97E-04,2.49E-04
0.7603,9.80E-05,9.77E-05,7.51E-04,6.98E-04,2.49E-04
0.7605,9.81E-05,9.78E-05,7.51E-04,6.98E-04,2.49E-04
0.7607,9.82E-05,9.79E-05,7.52E-04,6.98E-04,2.49E-04
0.7609,9.83E-05,9.80E-05,7.52E-04,6.98E-04,2.49E-04
0.7611,9.84E-05,9.81E-05,7.52E-04,6.98E-04,2.49E-04
0.7613,9.85E-05,9.81E-05,7.52E-04,6.98E-04,2.49E-04
0.7615,9.86E-05,9.82E-05,7.52E-04,6.98E-04,2.49E-04
0.7617,9.87E-05,9.83E-05,7.52E-04,6.98E-04,2.49E-04
0.7619,9.88E-05,9.84E-05,7.52E-04,6.98E-04,2.49E-04
0.7621,9.89E-05,9.85E-05,7.52E-04,6.98E-04,2.49E-04
0.7623,9.90E-05,9.86E-05,7.52E-04,6.98E-04,2.49E-04
0.7625,9.90E-05,9.87E-05,7.52E-04,6.99E-04,2.49E-04
0.7627,9.91E-05,9.88E-05,7.52E-04,6.99E-04,2.49E-04
0.7629,9.92E-05,9.89E-05,7.52E-04,6.99E-04,2.49E-04
0.7631,9.93E-05,9.90E-05,7.52E-04,6.99E-04,2.49E-04
0.7633,9.94E-05,9.91E-05,7.52E-04,6.99E-04,2.49E-04
0.7635,9.95E-05,9.92E-05,7.52E-04,6.99E-04,2.49E-04
0.7637,9.96E-05,9.93E-05,7.52E-04,6.99E-04,2.49E-04
0.7639,9.97E-05,9.94E-05,7.52E-04,6.99E-04,2.48E-04
0.7641,9.98E-05,9.95E-05,7.52E-04,6.99E-04,2.48E-04
0.7643,9.99E-05,9.96E-05,7.52E-04,6.99E-04,2.48E-04
0.7645,1.00E-04,9.97E-05,7.52E-04,6.99E-04,2.48E-04
0.7647,1.00E-04,9.98E-05,7.52E-04,6.99E-04,2.48E-04
0.7649,1.00E-04,9.99E-05,7.52E-04,7.00E-04,2.48E-04
0.7651,1.00E-04,1.00E-04,7.52E-04,7.00E-04,2.48E-04
0.7653,1.00E-04,1.00E-04,7.52E-04,7.00E-04,2.48E-04
0.7655,1.00E-04,1.00E-04,7.52E-04,7.00E-04,2.48E-04
0.7657,1.01E-04,1.00E-04,7.52E-04,7.00E-04,2.48E-04
0.7659,1.01E-04,1.00E-04,7.52E-04,7.00E-04,2.48E-04
0.7661,1.01E-04,1.00E-04,7.52E-04,7.00E-04,2.48E-04
0.7663,1.01E-04,1.01E-04,7.52E-04,7.00E-04,2.48E-04
0.7665,1.01E-04,1.01E-04,7.52E-04,7.00E-04,2.48E-04
0.7667,1.01E-04,1.01E-04,7.53E-04,7.00E-04,2.48E-04
0.7669,1.01E-04,1.01E-04,7.53E-04,7.00E-04,2.48E-04
0.7671,1.01E-04,1.01E-04,7.53E-04,7.01E-04,2.48E-04
0.7673,1.01E-04,1.01E-04,7.53E-04,7.01E-04,2.48E-04
0.7675,1.01E-04,1.01E-04,7.53E-04,7.01E-04,2.48E-04
0.7677,1.02E-04,1.01E-04,7.53E-04,7.01E-04,2.48E-04
0.7679,1.02E-04,1.01E-04,7.53E-04,7.01E-04,2.48E-04
0.7681,1.02E-04,1.01E-04,7.53E-04,7.01E-04,2.48E-04
0.7683,1.02E-04,1.02E-04,7.53E-04,7.01E-04,2.48E-04
0.7685,1.02E-04,1.02E-04,7.53E-04,7.01E-04,2.47E-04
0.7687,1.02E-04,1.02E-04,7.53E-04,7.01E-04,2.47E-04
0.7689,1.02E-04,1.02E-04,7.53E-04,7.01E-04,2.47E-04
0.7691,1.02E-04,1.02E-04,7.53E-04,7.01E-04,2.47E-04
0.7693,1.02E-04,1.02E-04,7.53E-04,7.02E-04,2.47E-04
0.7695,1.02E-04,1.02E-04,7.53E-04,7.02E-04,2.47E-04
0.7697,1.03E-04,1.02E-04,7.53E-04,7.02E-04,2.47E-04
0.7699,1.03E-04,1.02E-04,7.53E-04,7.02E-04,2.47E-04
0.7701,1.03E-04,1.02E-04,7.53E-04,7.02E-04,2.47E-04
0.7703,1.03E-04,1.03E-04,7.53E-04,7.02E-04,2.47E-04
0.7705,1.03E-04,1.03E-04,7.53E-04,7.02E-04,2.47E-04
0.7707,1.03E-04,1.03E-04,7.53E-04,7.02E-04,2.47E-04
0.7709,1.03E-04,1.03E-04,7.53E-04,7.02E-04,2.47E-04
0.7711,1.03E-04,1.03E-04,7.53E-04,7.02E-04,2.47E-04
0.7713,1.03E-04,1.03E-04,7.53E-04,7.02E-04,2.47E-04
0.7715,1.03E-04,1.03E-04,7.53E-04,7.03E-04,2.47E-04
0.7717,1.04E-04,1.03E-04,7.53E-04,7.03E-04,2.47E-04
0.7719,1.04E-04,1.03E-04,7.53E-04,7.03E-04,2.47E-04
0.7721,1.04E-04,1.03E-04,7.53E-04,7.03E-04,2.47E-04
0.7723,1.04E-04,1.04E-04,7.54E-04,7.03E-04,2.47E-04
0.7725,1.04E-04,1.04E-04,7.54E-04,7.03E-04,2.47E-04
0.7727,1.04E-04,1.04E-04,7.54E-04,7.03E-04,2.47E-04
0.7729,1.04E-04,1.04E-04,7.54E-04,7.03E-04,2.47E-04
0.7731,1.04E-04,1.04E-04,7.54E-04,7.03E-04,2.47E-04
0.7733,1.04E-04,1.04E-04,7.54E-04,7.03E-04,2.46E-04
0.7735,1.04E-04,1.04E-04,7.54E-04,7.03E-04,2.46E-04
0.7737,1.05E-04,1.04E-04,7.54E-04,7.04E-04,2.46E-04
0.7739,1.05E-04,1.04E-04,7.54E-04,7.04E-04,2.46E-04
0.7741,1.05E-04,1.04E-04,7.54E-04,7.04E-04,2.46E-04
0.7743,1.05E-04,1.05E-04,7.54E-04,7.04E-04,2.46E-04
0.7745,1.05E-04,1.05E-04,7.54E-04,7.04E-04,2.46E-04
0.7747,1.05E-04,1.05E-04,7.54E-04,7.04E-04,2.46E-04
0.7749,1.05E-04,1.05E-04,7.54E-04,7.04E-04,2.46E-04
0.7751,1.05E-04,1.05E-04,7.54E-04,7.04E-04,2.46E-04
0.7753,1.05E-04,1.05E-04,7.54E-04,7.04E-04,2.46E-04
0.7755,1.05E-04,1.05E-04,7.54E-04,7.04E-04,2.46E-04
0.7757,1.06E-04,1.05E-04,7.54E-04,7.04E-04,2.46E-04
0.7759,1.06E-04,1.05E-04,7.54E-04,7.05E-04,2.46E-04
0.7761,1.06E-04,1.05E-04,7.54E-04,7.05E-04,2.46E-04
0.7763,1.06E-04,1.06E-04,7.54E-04,7.05E-04,2.46E-04
0.7765,1.06E-04,1.06E-04,7.54E-04,7.05E-04,2.46E-04
0.7767,1.06E-04,1.06E-04,7.54E-04,7.05E-04,2.46E-04
0.7769,1.06E-04,1.06E-04,7.54E-04,7.05E-04,2.46E-04
0.7771,1.06E-04,1.06E-04,7.54E-04,7.05E-04,2.46E-04
0.7773,1.06E-04,1.06E-04,7.55E-04,7.05E-04,2.46E-04
0.7775,1.06E-04,1.06E-04,7.55E-04,7.05E-04,2.46E-04
0.7777,1.07E-04,1.06E-04,7.55E-04,7.05E-04,2.46E-04
0.7779,1.07E-04,1.06E-04,7.55E-04,7.05E-04,2.45E-04
0.7781,1.07E-04,1.06E-04,7.55E-04,7.06E-04,2.45E-04
0.7783,1.07E-04,1.07E-04,7.55E-04,7.06E-04,2.45E-04
0.7785,1.07E-04,1.07E-04,7.55E-04,7.06E-04,2.45E-04
0.7787,1.07E-04,1.07E-04,7.55E-04,7.06E-04,2.45E-04
0.7789,1.07E-04,1.07E-04,7.55E-04,7.06E-04,2.45E-04
0.7791,1.07E-04,1.07E-04,7.55E-04,7.06E-04,2.45E-04
0.7793,1.07E-04,1.07E-04,7.55E-04,7.06E-04,2.45E-04
0.7795,1.07E-04,1.07E-04,7.55E-04,7.06E-04,2.45E-04
0.7797,1.08E-04,1.07E-04,7.55E-04,7.06E-04,2.45E-04
0.7799,1.08E-04,1.07E-04,7.55E-04,7.06E-04,2.45E-04
0.7801,1.08E-04,1.07E-04,7.55E-04,7.06E-04,2.45E-04
0.7803,1.08E-04,1.08E-04,7.55E-04,7.07E-04,2.45E-04
0.7805,1.08E-04,1.08E-04,7.55E-04,7.07E-04,2.45E-04
0.7807,1.08E-04,1.08E-04,7.55E-04,7.07E-04,2.45E-04
0.7809,1.08E-04,1.08E-04,7.55E-04,7.07E-04,2.45E-04
0.7811,1.08E-04,1.08E-04,7.55E-04,7.07E-04,2.45E-04
0.7813,1.08E-04,1.08E-04,7.55E-04,7.07E-04,2.45E-04
0.7815,1.09E-04,1.08E-04,7.55E-04,7.07E-04,2.45E-04
0.7817,1.09E-04,1.08E-04,7.55E-04,7.07E-04,2.45E-04
0.7819,1.09E-04,1.08E-04,7.55E-04,7.07E-04,2.45E-04
0.7821,1.09E-04,1.09E-04,7.55E-04,7.07E-04,2.45E-04
0.7823,1.09E-04,1.09E-04,7.56E-04,7.07E-04,2.44E-04
0.7825,1.09E-04,1.09E-04,7.56E-04,7.08E-04,2.44E-04
0.7827,1.09E-04,1.09E-04,7.56E-04,7.08E-04,2.44E-04
0.7829,1.09E-04,1.09E-04,7.56E-04,7.08E-04,2.44E-04
0.7831,1.09E-04,1.09E-04,7.56E-04,7.08E-04,2.44E-04
0.7833,1.09E-04,1.09E-04,7.56E-04,7.08E-04,2.44E-04
0.7835,1.10E-04,1.09E-04,7.56E-04,7.08E-04,2.44E-04
0.7837,1.10E-04,1.09E-04,7.56E-04,7.08E-04,2.44E-04
0.7839,1.10E-04,1.09E-04,7.56E-04,7.08E-04,2.44E-04
0.7841,1.10E-04,1.10E-04,7.56E-04,7.08E-04,2.44E-04
0.7843,1.10E-04,1.10E-04,7.56E-04,7.08E-04,2.44E-04
0.7845,1.10E-04,1.10E-04,7.56E-04,7.09E-04,2.44E-04
0.7847,1.10E-04,1.10E-04,7.56E-04,7.09E-04,2.44E-04
0.7849,1.10E-04,1.10E-04,7.56E-04,7.09E-04,2.44E-04
0.7851,1.10E-04,1.10E-04,7.56E-04,7.09E-04,2.44E-04
0.7853,1.11E-04,1.10E-04,7.56E-04,7.09E-04,2.44E-04
0.7855,1.11E-04,1.10E-04,7.56E-04,7.09E-04,2.44E-04
0.7857,1.11E-04,1.10E-04,7.56E-04,7.09E-04,2.44E-04
0.7859,1.11E-04,1.11E-04,7.56E-04,7.09E-04,2.44E-04
0.7861,1.11E-04,1.11E-04,7.56E-04,7.09E-04,2.44E-04
0.7863,1.11E-04,1.11E-04,7.56E-04,7.09E-04,2.44E-04
0.7865,1.11E-04,1.11E-04,7.56E-04,7.09E-04,2.43E-04
0.7867,1.11E-04,1.11E-04,7.57E-04,7.10E-04,2.43E-04
0.7869,1.11E-04,1.11E-04,7.57E-04,7.10E-04,2.43E-04
0.7871,1.11E-04,1.11E-04,7.57E-04,7.10E-04,2.43E-04
0.7873,1.12E-04,1.11E-04,7.57E-04,7.10E-04,2.43E-04
0.7875,1.12E-04,1.11E-04,7.57E-04,7.10E-04,2.43E-04
0.7877,1.12E-04,1.12E-04,7.57E-04,7.10E-04,2.43E-04
0.7879,1.12E-04,1.12E-04,7.57E-04,7.10E-04,2.43E-04
0.7881,1.12E-04,1.12E-04,7.57E-04,7.10E-04,2.43E-04
0.7883,1.12E-04,1.12E-04,7.57E-04,7.10E-04,2.43E-04
0.7885,1.12E-04,1.12E-04,7.57E-04,7.10E-04,2.43E-04
0.7887,1.12E-04,1.12E-04,7.57E-04,7.11E-04,2.43E-04
0.7889,1.12E-04,1.12E-04,7.57E-04,7.11E-04,2.43E-04
0.7891,1.13E-04,1.12E-04,7.57E-04,7.11E-04,2.43E-04
0.7893,1.13E-04,1.12E-04,7.57E-04,7.11E-04,2.43E-04
0.7895,1.13E-04,1.12E-04,7.57E-04,7.11E-04,2.43E-04
0.7897,1.13E-04,1.13E-04,7.57E-04,7.11E-04,2.43E-04
0.7899,1.13E-04,1.13E-04,7.57E-04,7.11E-04,2.43E-04
0.7901,1.13E-04,1.13E-04,7.57E-04,7.11E-04,2.43E-04
0.7903,1.13E-04,1.13E-04,7.57E-04,7.11E-04,2.43E-04
0.7905,1.13E-04,1.13E-04,7.57E-04,7.11E-04,2.43E-04
0.7907,1.13E-04,1.13E-04,7.57E-04,7.11E-04,2.42E-04
0.7909,1.14E-04,1.13E-04,7.57E-04,7.12E-04,2.42E-04
0.7911,1.14E-04,1.13E-04,7.58E-04,7.12E-04,2.42E-04
0.7913,1.14E-04,1.13E-04,7.58E-04,7.12E-04,2.42E-04
0.7915,1.14E-04,1.14E-04,7.58E-04,7.12E-04,2.42E-04
0.7917,1.14E-04,1.14E-04,7.58E-04,7.12E-04,2.42E-04
0.7919,1.14E-04,1.14E-04,7.58E-04,7.12E-04,2.42E-04
0.7921,1.14E-04,1.14E-04,7.58E-04,7.12E-04,2.42E-04
0.7923,1.14E-04,1.14E-04,7.58E-04,7.12E-04,2.42E-04
0.7925,1.14E-04,1.14E-04,7.58E-04,7.12E-04,2.42E-04
0.7927,1.15E-04,1.14E-04,7.58E-04,7.12E-04,2.42E-04
0.7929,1.15E-04,1.14E-04,7.58E-04,7.13E-04,2.42E-04
0.7931,1.15E-04,1.14E-04,7.58E-04,7.13E-04,2.42E-04
0.7933,1.15E-04,1.15E-04,7.58E-04,7.13E-04,2.42E-04
0.7935,1.15E-04,1.15E-04,7.58E-04,7.13E-04,2.42E-04
0.7937,1.15E-04,1.15E-04,7.58E-04,7.13E-04,2.42E-04
0.7939,1.15E-04,1.15E-04,7.58E-04,7.13E-04,2.42E-04
0.7941,1.15E-04,1.15E-04,7.58E-04,7.13E-04,2.42E-04
0.7943,1.15E-04,1.15E-04,7.58E-04,7.13E-04,2.42E-04
0.7945,1.16E-04,1.15E-04,7.58E-04,7.13E-04,2.42E-04
0.7947,1.16E-04,1.15E-04,7.58E-04,7.13E-04,2.41E-04
0.7949,1.16E-04,1.15E-04,7.58E-04,7.14E-04,2.41E-04
0.7951,1.16E-04,1.16E-04,7.59E-04,7.14E-04,2.41E-04
0.7953,1.16E-04,1.16E-04,7.59E-04,7.14E-04,2.41E-04
0.7955,1.16E-04,1.16E-04,7.59E-04,7.14E-04,2.41E-04
0.7957,1.16E-04,1.16E-04,7.59E-04,7.14E-04,2.41E-04
0.7959,1.16E-04,1.16E-04,7.59E-04,7.14E-04,2.41E-04
0.7961,1.16E-04,1.16E-04,7.59E-04,7.14E-04,2.41E-04
0.7963,1.17E-04,1.16E-04,7.59E-04,7.14E-04,2.41E-04
0.7965,1.17E-04,1.16E-04,7.59E-04,7.14E-04,2.41E-04
0.7967,1.17E-04,1.17E-04,7.59E-04,7.14E-04,2.41E-04
0.7969,1.17E-04,1.17E-04,7.59E-04,7.15E-04,2.41E-04
0.7971,1.17E-04,1.17E-04,7.59E-04,7.15E-04,2.41E-04
0.7973,1.17E-04,1.17E-04,7.59E-04,7.15E-04,2.41E-04
0.7975,1.17E-04,1.17E-04,7.59E-04,7.15E-04,2.41E-04
0.7977,1.17E-04,1.17E-04,7.59E-04,7.15E-04,2.41E-04
0.7979,1.17E-04,1.17E-04,7.59E-04,7.15E-04,2.41E-04
0.7981,1.18E-04,1.17E-04,7.59E-04,7.15E-04,2.41E-04
0.7983,1.18E-04,1.17E-04,7.59E-04,7.15E-04,2.41E-04
0.7985,1.18E-04,1.18E-04,7.59E-04,7.15E-04,2.41E-04
0.7987,1.18E-04,1.18E-04,7.59E-04,7.15E-04,2.40E-04
0.7989,1.18E-04,1.18E-04,7.59E-04,7.16E-04,2.40E-04
0.7991,1.18E-04,1.18E-04,7.60E-04,7.16E-04,2.40E-04
0.7993,1.18E-04,1.18E-04,7.60E-04,7.16E-04,2.40E-04
0.7995,1.18E-04,1.18E-04,7.60E-04,7.16E-04,2.40E-04
0.7997,1.18E-04,1.18E-04,7.60E-04,7.16E-04,2.40E-04
0.7999,1.19E-04,1.18E-04,7.60E-04,7.16E-04,2.40E-04
0.8001,1.19E-04,1.18E-04,7.60E-04,7.16E-04,2.40E-04
0.8003,1.19E-04,1.19E-04,7.60E-04,7.16E-04,2.40E-04
0.8005,1.19E-04,1.19E-04,7.60E-04,7.16E-04,2.40E-04
0.8007,1.19E-04,1.19E-04,7.60E-04,7.16E-04,2.40E-04
0.8009,1.19E-04,1.19E-04,7.60E-04,7.17E-04,2.40E-04
0.8011,1.19E-04,1.19E-04,7.60E-04,7.17E-04,2.40E-04
0.8013,1.19E-04,1.19E-04,7.60E-04,7.17E-04,2.40E-04
0.8015,1.20E-04,1.19E-04,7.60E-04,7.17E-04,2.40E-04
0.8017,1.20E-04,1.19E-04,7.60E-04,7.17E-04,2.40E-04
0.8019,1.20E-04,1.20E-04,7.60E-04,7.17E-04,2.40E-04
0.8021,1.20E-04,1.20E-04,7.60E-04,7.17E-04,2.40E-04
0.8023,1.20E-04,1.20E-04,7.60E-04,7.17E-04,2.40E-04
0.8025,1.20E-04,1.20E-04,7.60E-04,7.17E-04,2.39E-04
0.8027,1.20E-04,1.20E-04,7.61E-04,7.17E-04,2.39E-04
0.8029,1.20E-04,1.20E-04,7.61E-04,7.18E-04,2.39E-04
0.8031,1.20E-04,1.20E-04,7.61E-04,7.18E-04,2.39E-04
0.8033,1.21E-04,1.20E-04,7.61E-04,7.18E-04,2.39E-04
0.8035,1.21E-04,1.20E-04,7.61E-04,7.18E-04,2.39E-04
0.8037,1.21E-04,1.21E-04,7.61E-04,7.18E-04,2.39E-04
0.8039,1.21E-04,1.21E-04,7.61E-04,7.18E-04,2.39E-04
0.8041,1.21E-04,1.21E-04,7.61E-04,7.18E-04,2.39E-04
0.8043,1.21E-04,1.21E-04,7.61E-04,7.18E-04,2.39E-04
0.8045,1.21E-04,1.21E-04,7.61E-04,7.18E-04,2.39E-04
0.8047,1.21E-04,1.21E-04,7.61E-04,7.18E-04,2.39E-04
0.8049,1.22E-04,1.21E-04,7.61E-04,7.19E-04,2.39E-04
0.8051,1.22E-04,1.21E-04,7.61E-04,7.19E-04,2.39E-04
0.8053,1.22E-04,1.22E-04,7.61E-04,7.19E-04,2.39E-04
0.8055,1.22E-04,1.22E-04,7.61E-04,7.19E-04,2.39E-04
0.8057,1.22E-04,1.22E-04,7.61E-04,7.19E-04,2.39E-04
0.8059,1.22E-04,1.22E-04,7.61E-04,7.19E-04,2.39E-04
0.8061,1.22E-04,1.22E-04,7.61E-04,7.19E-04,2.39E-04
0.8063,1.22E-04,1.22E-04,7.62E-04,7.19E-04,2.38E-04
0.8065,1.22E-04,1.22E-04,7.62E-04,7.19E-04,2.38E-04
0.8067,1.23E-04,1.22E-04,7.62E-04,7.20E-04,2.38E-04
0.8069,1.23E-04,1.22E-04,7.62E-04,7.20E-04,2.38E-04
0.8071,1.23E-04,1.23E-04,7.62E-04,7.20E-04,2.38E-04
0.8073,1.23E-04,1.23E-04,7.62E-04,7.20E-04,2.38E-04
0.8075,1.23E-04,1.23E-04,7.62E-04,7.20E-04,2.38E-04
0.8077,1.23E-04,1.23E-04,7.62E-04,7.20E-04,2.38E-04
0.8079,1.23E-04,1.23E-04,7.62E-04,7.20E-04,2.38E-04
0.8081,1.23E-04,1.23E-04,7.62E-04,7.20E-04,2.38E-04
0.8083,1.24E-04,1.23E-04,7.62E-04,7.20E-04,2.38E-04
0.8085,1.24E-04,1.23E-04,7.62E-04,7.20E-04,2.38E-04
0.8087,1.24E-04,1.24E-04,7.62E-04,7.21E-04,2.38E-04
0.8089,1.24E-04,1.24E-04,7.62E-04,7.21E-04,2.38E-04
0.8091,1.24E-04,1.24E-04,7.62E-04,7.21E-04,2.38E-04
0.8093,1.24E-04,1.24E-04,7.62E-04,7.21E-04,2.38E-04
0.8095,1.24E-04,1.24E-04,7.62E-04,7.21E-04,2.38E-04
0.8097,1.24E-04,1.24E-04,7.63E-04,7.21E-04,2.38E-04
0.8099,1.25E-04,1.24E-04,7.63E-04,7.21E-04,2.38E-04
0.8101,1.25E-04,1.24E-04,7.63E-04,7.21E-04,2.38E-04
0.8103,1.25E-04,1.25E-04,7.63E-04,7.21E-04,2.37E-04
0.8105,1.25E-04,1.25E-04,7.63E-04,7.22E-04,2.37E-04
0.8107,1.25E-04,1.25E-04,7.63E-04,7.22E-04,2.37E-04
0.8109,1.25E-04,1.25E-04,7.63E-04,7.22E-04,2.37E-04
0.8111,1.25E-04,1.25E-04,7.63E-04,7.22E-04,2.37E-04
0.8113,1.25E-04,1.25E-04,7.63E-04,7.22E-04,2.37E-04
0.8115,1.26E-04,1.25E-04,7.63E-04,7.22E-04,2.37E-04
0.8117,1.26E-04,1.25E-04,7.63E-04,7.22E-04,2.37E-04
0.8119,1.26E-04,1.26E-04,7.63E-04,7.22E-04,2.37E-04
0.8121,1.26E-04,1.26E-04,7.63E-04,7.22E-04,2.37E-04
0.8123,1.26E-04,1.26E-04,7.63E-04,7.22E-04,2.37E-04
0.8125,1.26E-04,1.26E-04,7.63E-04,7.23E-04,2.37E-04
0.8127,1.26E-04,1.26E-04,7.63E-04,7.23E-04,2.37E-04
0.8129,1.26E-04,1.26E-04,7.64E-04,7.23E-04,2.37E-04
0.8131,1.27E-04,1.26E-04,7.64E-04,7.23E-04,2.37E-04
0.8133,1.27E-04,1.26E-04,7.64E-04,7.23E-04,2.37E-04
0.8135,1.27E-04,1.27E-04,7.64E-04,7.23E-04,2.37E-04
0.8137,1.27E-04,1.27E-04,7.64E-04,7.23E-04,2.37E-04
0.8139,1.27E-04,1.27E-04,7.64E-04,7.23E-04,2.37E-04
0.8141,1.27E-04,1.27E-04,7.64E-04,7.23E-04,2.36E-04
0.8143,1.27E-04,1.27E-04,7.64E-04,7.24E-04,2.36E-04
0.8145,1.27E-04,1.27E-04,7.64E-04,7.24E-04,2.36E-04
0.8147,1.28E-04,1.27E-04,7.64E-04,7.24E-04,2.36E-04
0.8149,1.28E-04,1.27E-04,7.64E-04,7.24E-04,2.36E-04
0.8151,1.28E-04,1.28E-04,7.64E-04,7.24E-04,2.36E-04
0.8153,1.28E-04,1.28E-04,7.64E-04,7.24E-04,2.36E-04
0.8155,1.28E-04,1.28E-04,7.64E-04,7.24E-04,2.36E-04
0.8157,1.28E-04,1.28E-04,7.64E-04,7.24E-04,2.36E-04
0.8159,1.28E-04,1.28E-04,7.64E-04,7.24E-04,2.36E-04
0.8161,1.28E-04,1.28E-04,7.65E-04,7.25E-04,2.36E-04
0.8163,1.29E-04,1.28E-04,7.65E-04,7.25E-04,2.36E-04
0.8165,1.29E-04,1.28E-04,7.65E-04,7.25E-04,2.36E-04
0.8167,1.29E-04,1.29E-04,7.65E-04,7.25E-04,2.36E-04
0.8169,1.29E-04,1.29E-04,7.65E-04,7.25E-04,2.36E-04
0.8171,1.29E-04,1.29E-04,7.65E-04,7.25E-04,2.36E-04
0.8173,1.29E-04,1.29E-04,7.65E-04,7.25E-04,2.36E-04
0.8175,1.29E-04,1.29E-04,7.65E-04,7.25E-04,2.36E-04
0.8177,1.29E-04,1.29E-04,7.65E-04,7.25E-04,2.36E-04
0.8179,1.30E-04,1.29E-04,7.65E-04,7.26E-04,2.36E-04
0.8181,1.30E-04,1.29E-04,7.65E-04,7.26E-04,2.35E-04
0.8183,1.30E-04,1.30E-04,7.65E-04,7.26E-04,2.35E-04
0.8185,1.30E-04,1.30E-04,7.65E-04,7.26E-04,2.35E-04
0.8187,1.30E-04,1.30E-04,7.65E-04,7.26E-04,2.35E-04
0.8189,1.30E-04,1.30E-04,7.65E-04,7.26E-04,2.35E-04
0.8191,1.30E-04,1.30E-04,7.66E-04,7.26E-04,2.35E-04
0.8193,1.30E-04,1.30E-04,7.66E-04,7.26E-04,2.35E-04
0.8195,1.31E-04,1.30E-04,7.66E-04,7.26E-04,2.35E-04
0.8197,1.31E-04,1.30E-04,7.66E-04,7.27E-04,2.35E-04
0.8199,1.31E-04,1.31E-04,7.66E-04,7.27E-04,2.35E-04
0.8201,1.31E-04,1.31E-04,7.66E-04,7.27E-04,2.35E-04
0.8203,1.31E-04,1.31E-04,7.66E-04,7.27E-04,2.35E-04
0.8205,1.31E-04,1.31E-04,7.66E-04,7.27E-04,2.35E-04
0.8207,1.31E-04,1.31E-04,7.66E-04,7.27E-04,2.35E-04
0.8209,1.31E-04,1.31E-04,7.66E-04,7.27E-04,2.35E-04
0.8211,1.32E-04,1.31E-04,7.66E-04,7.27E-04,2.35E-04
0.8213,1.32E-04,1.32E-04,7.66E-04,7.27E-04,2.35E-04
0.8215,1.32E-04,1.32E-04,7.66E-04,7.28E-04,2.35E-04
0.8217,1.32E-04,1.32E-04,7.66E-04,7.28E-04,2.35E-04
0.8219,1.32E-04,1.32E-04,7.66E-04,7.28E-04,2.35E-04
0.8221,1.32E-04,1.32E-04,7.67E-04,7.28E-04,2.34E-04
0.8223,1.32E-04,1.32E-04,7.67E-04,7.28E-04,2.34E-04
0.8225,1.33E-04,1.32E-04,7.67E-04,7.28E-04,2.34E-04
0.8227,1.33E-04,1.32E-04,7.67E-04,7.28E-04,2.34E-04
0.8229,1.33E-04,1.33E-04,7.67E-04,7.28E-04,2.34E-04
0.8231,1.33E-04,1.33E-04,7.67E-04,7.28E-04,2.34E-04
0.8233,1.33E-04,1.33E-04,7.67E-04,7.29E-04,2.34E-04
0.8235,1.33E-04,1.33E-04,7.67E-04,7.29E-04,2.34E-04
0.8237,1.33E-04,1.33E-04,7.67E-04,7.29E-04,2.34E-04
0.8239,1.33E-04,1.33E-04,7.67E-04,7.29E-04,2.34E-04
0.8241,1.34E-04,1.33E-04,7.67E-04,7.29E-04,2.34E-04
0.8243,1.34E-04,1.33E-04,7.67E-04,7.29E-04,2.34E-04
0.8245,1.34E-04,1.34E-04,7.67E-04,7.29E-04,2.34E-04
0.8247,1.34E-04,1.34E-04,7.67E-04,7.29E-04,2.34E-04
0.8249,1.34E-04,1.34E-04,7.68E-04,7.30E-04,2.34E-04
0.8251,1.34E-04,1.34E-04,7.68E-04,7.30E-04,2.34E-04
0.8253,1.34E-04,1.34E-04,7.68E-04,7.30E-04,2.34E-04
0.8255,1.35E-04,1.34E-04,7.68E-04,7.30E-04,2.34E-04
0.8257,1.35E-04,1.34E-04,7.68E-04,7.30E-04,2.34E-04
0.8259,1.35E-04,1.35E-04,7.68E-04,7.30E-04,2.34E-04
0.8261,1.35E-04,1.35E-04,7.68E-04,7.30E-04,2.33E-04
0.8263,1.35E-04,1.35E-04,7.68E-04,7.30E-04,2.33E-04
0.8265,1.35E-04,1.35E-04,7.68E-04,7.30E-04,2.33E-04
0.8267,1.35E-04,1.35E-04,7.68E-04,7.31E-04,2.33E-04
0.8269,1.35E-04,1.35E-04,7.68E-04,7.31E-04,2.33E-04
0.8271,1.36E-04,1.35E-04,7.68E-04,7.31E-04,2.33E-04
0.8273,1.36E-04,1.36E-04,7.68E-04,7.31E-04,2.33E-04
0.8275,1.36E-04,1.36E-04,7.68E-04,7.31E-04,2.33E-04
0.8277,1.36E-04,1.36E-04,7.69E-04,7.31E-04,2.33E-04
0.8279,1.36E-04,1.36E-04,7.69E-04,7.31E-04,2.33E-04
0.8281,1.36E-04,1.36E-04,7.69E-04,7.31E-04,2.33E-04
0.8283,1.36E-04,1.36E-04,7.69E-04,7.31E-04,2.33E-04
0.8285,1.37E-04,1.36E-04,7.69E-04,7.32E-04,2.33E-04
0.8287,1.37E-04,1.36E-04,7.69E-04,7.32E-04,2.33E-04
0.8289,1.37E-04,1.37E-04,7.69E-04,7.32E-04,2.33E-04
0.8291,1.37E-04,1.37E-04,7.69E-04,7.32E-04,2.33E-04
0.8293,1.37E-04,1.37E-04,7.69E-04,7.32E-04,2.33E-04
0.8295,1.37E-04,1.37E-04,7.69E-04,7.32E-04,2.33E-04
0.8297,1.37E-04,1.37E-04,7.69E-04,7.32E-04,2.33E-04
0.8299,1.38E-04,1.37E-04,7.69E-04,7.32E-04,2.33E-04
0.8301,1.38E-04,1.37E-04,7.69E-04,7.33E-04,2.32E-04
0.8303,1.38E-04,1.38E-04,7.70E-04,7.33E-04,2.32E-04
0.8305,1.38E-04,1.38E-04,7.70E-04,7.33E-04,2.32E-04
0.8307,1.38E-04,1.38E-04,7.70E-04,7.33E-04,2.32E-04
0.8309,1.38E-04,1.38E-04,7.70E-04,7.33E-04,2.32E-04
0.8311,1.38E-04,1.38E-04,7.70E-04,7.33E-04,2.32E-04
0.8313,1.38E-04,1.38E-04,7.70E-04,7.33E-04,2.32E-04
0.8315,1.39E-04,1.38E-04,7.70E-04,7.33E-04,2.32E-04
0.8317,1.39E-04,1.39E-04,7.70E-04,7.34E-04,2.32E-04
0.8319,1.39E-04,1.39E-04,7.70E-04,7.34E-04,2.32E-04
0.8321,1.39E-04,1.39E-04,7.70E-04,7.34E-04,2.32E-04
0.8323,1.39E-04,1.39E-04,7.70E-04,7.34E-04,2.32E-04
0.8325,1.39E-04,1.39E-04,7.70E-04,7.34E-04,2.32E-04
0.8327,1.39E-04,1.39E-04,7.70E-04,7.34E-04,2.32E-04
0.8329,1.40E-04,1.39E-04,7.71E-04,7.34E-04,2.32E-04
0.8331,1.40E-04,1.40E-04,7.71E-04,7.34E-04,2.32E-04
0.8333,1.40E-04,1.40E-04,7.71E-04,7.34E-04,2.32E-04
0.8335,1.40E-04,1.40E-04,7.71E-04,7.35E-04,2.32E-04
0.8337,1.40E-04,1.40E-04,7.71E-04,7.35E-04,2.32E-04
0.8339,1.40E-04,1.40E-04,7.71E-04,7.35E-04,2.32E-04
0.8341,1.40E-04,1.40E-04,7.71E-04,7.35E-04,2.31E-04
0.8343,1.41E-04,1.40E-04,7.71E-04,7.35E-04,2.31E-04
0.8345,1.41E-04,1.41E-04,7.71E-04,7.35E-04,2.31E-04
0.8347,1.41E-04,1.41E-04,7.71E-04,7.35E-04,2.31E-04
0.8349,1.41E-04,1.41E-04,7.71E-04,7.35E-04,2.31E-04
0.8351,1.41E-04,1.41E-04,7.71E-04,7.36E-04,2.31E-04
0.8353,1.41E-04,1.41E-04,7.72E-04,7.36E-04,2.31E-04
0.8355,1.41E-04,1.41E-04,7.72E-04,7.36E-04,2.31E-04
0.8357,1.42E-04,1.41E-04,7.72E-04,7.36E-04,2.31E-04
0.8359,1.42E-04,1.42E-04,7.72E-04,7.36E-04,2.31E-04
0.8361,1.42E-04,1.42E-04,7.72E-04,7.36E-04,2.31E-04
0.8363,1.42E-04,1.42E-04,7.72E-04,7.36E-04,2.31E-04
0.8365,1.42E-04,1.42E-04,7.72E-04,7.36E-04,2.31E-04
0.8367,1.42E-04,1.42E-04,7.72E-04,7.37E-04,2.31E-04
0.8369,1.42E-04,1.42E-04,7.72E-04,7.37E-04,2.31E-04
0.8371,1.43E-04,1.42E-04,7.72E-04,7.37E-04,2.31E-04
0.8373,1.43E-04,1.43E-04,7.72E-04,7.37E-04,2.31E-04
0.8375,1.43E-04,1.43E-04,7.72E-04,7.37E-04,2.31E-04
0.8377,1.43E-04,1.43E-04,7.73E-04,7.37E-04,2.31E-04
0.8379,1.43E-04,1.43E-04,7.73E-04,7.37E-04,2.30E-04
0.8381,1.43E-04,1.43E-04,7.73E-04,7.37E-04,2.30E-04
0.8383,1.43E-04,1.43E-04,7.73E-04,7.38E-04,2.30E-04
0.8385,1.44E-04,1.43E-04,7.73E-04,7.38E-04,2.30E-04
0.8387,1.44E-04,1.44E-04,7.73E-04,7.38E-04,2.30E-04
0.8389,1.44E-04,1.44E-04,7.73E-04,7.38E-04,2.30E-04
0.8391,1.44E-04,1.44E-04,7.73E-04,7.38E-04,2.30E-04
0.8393,1.44E-04,1.44E-04,7.73E-04,7.38E-04,2.30E-04
0.8395,1.44E-04,1.44E-04,7.73E-04,7.38E-04,2.30E-04
0.8397,1.44E-04,1.44E-04,7.73E-04,7.38E-04,2.30E-04
0.8399,1.45E-04,1.44E-04,7.73E-04,7.39E-04,2.30E-04
0.8401,1.45E-04,1.45E-04,7.74E-04,7.39E-04,2.30E-04
0.8403,1.45E-04,1.45E-04,7.74E-04,7.39E-04,2.30E-04
0.8405,1.45E-04,1.45E-04,7.74E-04,7.39E-04,2.30E-04
0.8407,1.45E-04,1.45E-04,7.74E-04,7.39E-04,2.30E-04
0.8409,1.45E-04,1.45E-04,7.74E-04,7.39E-04,2.30E-04
0.8411,1.46E-04,1.45E-04,7.74E-04,7.39E-04,2.30E-04
0.8413,1.46E-04,1.45E-04,7.74E-04,7.40E-04,2.30E-04
0.8415,1.46E-04,1.46E-04,7.74E-04,7.40E-04,2.29E-04
0.8417,1.46E-04,1.46E-04,7.74E-04,7.40E-04,2.29E-04
0.8419,1.46E-04,1.46E-04,7.74E-04,7.40E-04,2.29E-04
0.8421,1.46E-04,1.46E-04,7.74E-04,7.40E-04,2.29E-04
0.8423,1.46E-04,1.46E-04,7.75E-04,7.40E-04,2.29E-04
0.8425,1.47E-04,1.46E-04,7.75E-04,7.40E-04,2.29E-04
0.8427,1.47E-04,1.47E-04,7.75E-04,7.40E-04,2.29E-04
0.8429,1.47E-04,1.47E-04,7.75E-04,7.41E-04,2.29E-04
0.8431,1.47E-04,1.47E-04,7.75E-04,7.41E-04,2.29E-04
0.8433,1.47E-04,1.47E-04,7.75E-04,7.41E-04,2.29E-04
0.8435,1.47E-04,1.47E-04,7.75E-04,7.41E-04,2.29E-04
0.8437,1.47E-04,1.47E-04,7.75E-04,7.41E-04,2.29E-04
0.8439,1.48E-04,1.47E-04,7.75E-04,7.41E-04,2.29E-04
0.8441,1.48E-04,1.48E-04,7.75E-04,7.41E-04,2.29E-04
0.8443,1.48E-04,1.48E-04,7.75E-04,7.41E-04,2.29E-04
0.8445,1.48E-04,1.48E-04,7.76E-04,7.42E-04,2.29E-04
0.8447,1.48E-04,1.48E-04,7.76E-04,7.42E-04,2.29E-04
0.8449,1.48E-04,1.48E-04,7.76E-04,7.42E-04,2.29E-04
0.8451,1.49E-04,1.48E-04,7.76E-04,7.42E-04,2.29E-04
0.8453,1.49E-04,1.48E-04,7.76E-04,7.42E-04,2.28E-04
0.8455,1.49E-04,1.49E-04,7.76E-04,7.42E-04,2.28E-04
0.8457,1.49E-04,1.49E-04,7.76E-04,7.42E-04,2.28E-04
0.8459,1.49E-04,1.49E-04,7.76E-04,7.43E-04,2.28E-04
0.8461,1.49E-04,1.49E-04,7.76E-04,7.43E-04,2.28E-04
0.8463,1.49E-04,1.49E-04,7.76E-04,7.43E-04,2.28E-04
0.8465,1.50E-04,1.49E-04,7.76E-04,7.43E-04,2.28E-04
0.8467,1.50E-04,1.50E-04,7.77E-04,7.43E-04,2.28E-04
0.8469,1.50E-04,1.50E-04,7.77E-04,7.43E-04,2.28E-04
0.8471,1.50E-04,1.50E-04,7.77E-04,7.43E-04,2.28E-04
0.8473,1.50E-04,1.50E-04,7.77E-04,7.44E-04,2.28E-04
0.8475,1.50E-04,1.50E-04,7.77E-04,7.44E-04,2.28E-04
0.8477,1.51E-04,1.50E-04,7.77E-04,7.44E-04,2.28E-04
0.8479,1.51E-04,1.51E-04,7.77E-04,7.44E-04,2.28E-04
0.8481,1.51E-04,1.51E-04,7.77E-04,7.44E-04,2.28E-04
0.8483,1.51E-04,1.51E-04,7.77E-04,7.44E-04,2.28E-04
0.8485,1.51E-04,1.51E-04,7.77E-04,7.44E-04,2.28E-04
0.8487,1.51E-04,1.51E-04,7.78E-04,7.44E-04,2.28E-04
0.8489,1.51E-04,1.51E-04,7.78E-04,7.45E-04,2.27E-04
0.8491,1.52E-04,1.51E-04,7.78E-04,7.45E-04,2.27E-04
0.8493,1.52E-04,1.52E-04,7.78E-04,7.45E-04,2.27E-04
0.8495,1.52E-04,1.52E-04,7.78E-04,7.45E-04,2.27E-04
0.8497,1.52E-04,1.52E-04,7.78E-04,7.45E-04,2.27E-04
0.8499,1.52E-04,1.52E-04,7.78E-04,7.45E-04,2.27E-04
0.8501,1.52E-04,1.52E-04,7.78E-04,7.45E-04,2.27E-04
0.8503,1.53E-04,1.52E-04,7.78E-04,7.46E-04,2.27E-04
0.8505,1.53E-04,1.53E-04,7.78E-04,7.46E-04,2.27E-04
0.8507,1.53E-04,1.53E-04,7.79E-04,7.46E-04,2.27E-04
0.8509,1.53E-04,1.53E-04,7.79E-04,7.46E-04,2.27E-04
0.8511,1.53E-04,1.53E-04,7.79E-04,7.46E-04,2.27E-04
0.8513,1.53E-04,1.53E-04,7.79E-04,7.46E-04,2.27E-04
0.8515,1.54E-04,1.53E-04,7.79E-04,7.46E-04,2.27E-04
0.8517,1.54E-04,1.54E-04,7.79E-04,7.47E-04,2.27E-04
0.8519,1.54E-04,1.54E-04,7.79E-04,7.47E-04,2.27E-04
0.8521,1.54E-04,1.54E-04,7.79E-04,7.47E-04,2.27E-04
0.8523,1.54E-04,1.54E-04,7.79E-04,7.47E-04,2.26E-04
0.8525,1.54E-04,1.54E-04,7.79E-04,7.47E-04,2.26E-04
0.8527,1.55E-04,1.54E-04,7.80E-04,7.47E-04,2.26E-04
0.8529,1.55E-04,1.54E-04,7.80E-04,7.47E-04,2.26E-04
0.8531,1.55E-04,1.55E-04,7.80E-04,7.48E-04,2.26E-04
0.8533,1.55E-04,1.55E-04,7.80E-04,7.48E-04,2.26E-04
0.8535,1.55E-04,1.55E-04,7.80E-04,7.48E-04,2.26E-04
0.8537,1.55E-04,1.55E-04,7.80E-04,7.48E-04,2.26E-04
0.8539,1.55E-04,1.55E-04,7.80E-04,7.48E-04,2.26E-04
0.8541,1.56E-04,1.55E-04,7.80E-04,7.48E-04,2.26E-04
0.8543,1.56E-04,1.56E-04,7.80E-04,7.48E-04,2.26E-04
0.8545,1.56E-04,1.56E-04,7.80E-04,7.49E-04,2.26E-04
0.8547,1.56E-04,1.56E-04,7.81E-04,7.49E-04,2.26E-04
0.8549,1.56E-04,1.56E-04,7.81E-04,7.49E-04,2.26E-04
0.8551,1.56E-04,1.56E-04,7.81E-04,7.49E-04,2.26E-04
0.8553,1.57E-04,1.56E-04,7.81E-04,7.49E-04,2.26E-04
0.8555,1.57E-04,1.57E-04,7.81E-04,7.49E-04,2.26E-04
0.8557,1.57E-04,1.57E-04,7.81E-04,7.49E-04,2.26E-04
0.8559,1.57E-04,1.57E-04,7.81E-04,7.50E-04,2.25E-04
0.8561,1.57E-04,1.57E-04,7.81E-04,7.50E-04,2.25E-04
0.8563,1.57E-04,1.57E-04,7.81E-04,7.50E-04,2.25E-04
0.8565,1.58E-04,1.57E-04,7.82E-04,7.50E-04,2.25E-04
0.8567,1.58E-04,1.58E-04,7.82E-04,7.50E-04,2.25E-04
0.8569,1.58E-04,1.58E-04,7.82E-04,7.50E-04,2.25E-04
0.8571,1.58E-04,1.58E-04,7.82E-04,7.50E-04,2.25E-04
0.8573,1.58E-04,1.58E-04,7.82E-04,7.51E-04,2.25E-04
0.8575,1.58E-04,1.58E-04,7.82E-04,7.51E-04,2.25E-04
0.8577,1.59E-04,1.58E-04,7.82E-04,7.51E-04,2.25E-04
0.8579,1.59E-04,1.59E-04,7.82E-04,7.51E-04,2.25E-04
0.8581,1.59E-04,1.59E-04,7.82E-04,7.51E-04,2.25E-04
0.8583,1.59E-04,1.59E-04,7.83E-04,7.51E-04,2.25E-04
0.8585,1.59E-04,1.59E-04,7.83E-04,7.51E-04,2.25E-04
0.8587,1.59E-04,1.59E-04,7.83E-04,7.52E-04,2.25E-04
0.8589,1.60E-04,1.59E-04,7.83E-04,7.52E-04,2.25E-04
0.8591,1.60E-04,1.60E-04,7.83E-04,7.52E-04,2.25E-04
0.8593,1.60E-04,1.60E-04,7.83E-04,7.52E-04,2.25E-04
0.8595,1.60E-04,1.60E-04,7.83E-04,7.52E-04,2.24E-04
0.8597,1.60E-04,1.60E-04,7.83E-04,7.52E-04,2.24E-04
0.8599,1.60E-04,1.60E-04,7.83E-04,7.53E-04,2.24E-04
0.8601,1.61E-04,1.60E-04,7.84E-04,7.53E-04,2.24E-04
0.8603,1.61E-04,1.61E-04,7.84E-04,7.53E-04,2.24E-04
0.8605,1.61E-04,1.61E-04,7.84E-04,7.53E-04,2.24E-04
0.8607,1.61E-04,1.61E-04,7.84E-04,7.53E-04,2.24E-04
0.8609,1.61E-04,1.61E-04,7.84E-04,7.53E-04,2.24E-04
0.8611,1.61E-04,1.61E-04,7.84E-04,7.53E-04,2.24E-04
0.8613,1.62E-04,1.61E-04,7.84E-04,7.54E-04,2.24E-04
0.8615,1.62E-04,1.62E-04,7.84E-04,7.54E-04,2.24E-04
0.8617,1.62E-04,1.62E-04,7.84E-04,7.54E-04,2.24E-04
0.8619,1.62E-04,1.62E-04,7.85E-04,7.54E-04,2.24E-04
0.8621,1.62E-04,1.62E-04,7.85E-04,7.54E-04,2.24E-04
0.8623,1.63E-04,1.62E-04,7.85E-04,7.54E-04,2.24E-04
0.8625,1.63E-04,1.63E-04,7.85E-04,7.55E-04,2.24E-04
0.8627,1.63E-04,1.63E-04,7.85E-04,7.55E-04,2.24E-04
0.8629,1.63E-04,1.63E-04,7.85E-04,7.55E-04,2.24E-04
0.8631,1.63E-04,1.63E-04,7.85E-04,7.55E-04,2.24E-04
0.8633,1.63E-04,1.63E-04,7.85E-04,7.55E-04,2.23E-04
0.8635,1.64E-04,1.63E-04,7.85E-04,7.55E-04,2.23E-04
0.8637,1.64E-04,1.64E-04,7.86E-04,7.55E-04,2.23E-04
0.8639,1.64E-04,1.64E-04,7.86E-04,7.56E-04,2.23E-04
0.8641,1.64E-04,1.64E-04,7.86E-04,7.56E-04,2.23E-04
0.8643,1.64E-04,1.64E-04,7.86E-04,7.56E-04,2.23E-04
0.8645,1.64E-04,1.64E-04,7.86E-04,7.56E-04,2.23E-04
0.8647,1.65E-04,1.64E-04,7.86E-04,7.56E-04,2.23E-04
0.8649,1.65E-04,1.65E-04,7.86E-04,7.56E-04,2.23E-04
0.8651,1.65E-04,1.65E-04,7.86E-04,7.57E-04,2.23E-04
0.8653,1.65E-04,1.65E-04,7.87E-04,7.57E-04,2.23E-04
0.8655,1.65E-04,1.65E-04,7.87E-04,7.57E-04,2.23E-04
0.8657,1.66E-04,1.65E-04,7.87E-04,7.57E-04,2.23E-04
0.8659,1.66E-04,1.66E-04,7.87E-04,7.57E-04,2.23E-04
0.8661,1.66E-04,1.66E-04,7.87E-04,7.57E-04,2.23E-04
0.8663,1.66E-04,1.66E-04,7.87E-04,7.57E-04,2.23E-04
0.8665,1.66E-04,1.66E-04,7.87E-04,7.58E-04,2.23E-04
0.8667,1.66E-04,1.66E-04,7.87E-04,7.58E-04,2.23E-04
0.8669,1.67E-04,1.66E-04,7.88E-04,7.58E-04,2.22E-04
0.8671,1.67E-04,1.67E-04,7.88E-04,7.58E-04,2.22E-04
0.8673,1.67E-04,1.67E-04,7.88E-04,7.58E-04,2.22E-04
0.8675,1.67E-04,1.67E-04,7.88E-04,7.58E-04,2.22E-04
0.8677,1.67E-04,1.67E-04,7.88E-04,7.59E-04,2.22E-04
0.8679,1.68E-04,1.67E-04,7.88E-04,7.59E-04,2.22E-04
0.8681,1.68E-04,1.68E-04,7.88E-04,7.59E-04,2.22E-04
0.8683,1.68E-04,1.68E-04,7.88E-04,7.59E-04,2.22E-04
0.8685,1.68E-04,1.68E-04,7.89E-04,7.59E-04,2.22E-04
0.8687,1.68E-04,1.68E-04,7.89E-04,7.59E-04,2.22E-04
0.8689,1.68E-04,1.68E-04,7.89E-04,7.60E-04,2.22E-04
0.8691,1.69E-04,1.68E-04,7.89E-04,7.60E-04,2.22E-04
0.8693,1.69E-04,1.69E-04,7.89E-04,7.60E-04,2.22E-04
0.8695,1.69E-04,1.69E-04,7.89E-04,7.60E-04,2.22E-04
0.8697,1.69E-04,1.69E-04,7.89E-04,7.60E-04,2.22E-04
0.8699,1.69E-04,1.69E-04,7.89E-04,7.60E-04,2.22E-04
0.8701,1.70E-04,1.69E-04,7.90E-04,7.61E-04,2.22E-04
0.8703,1.70E-04,1.70E-04,7.90E-04,7.61E-04,2.22E-04
0.8705,1.70E-04,1.70E-04,7.90E-04,7.61E-04,2.22E-04
0.8707,1.70E-04,1.70E-04,7.90E-04,7.61E-04,2.21E-04
0.8709,1.70E-04,1.70E-04,7.90E-04,7.61E-04,2.21E-04
0.8711,1.70E-04,1.70E-04,7.90E-04,7.61E-04,2.21E-04
0.8713,1.71E-04,1.70E-04,7.90E-04,7.62E-04,2.21E-04
0.8715,1.71E-04,1.71E-04,7.90E-04,7.62E-04,2.21E-04
0.8717,1.71E-04,1.71E-04,7.91E-04,7.62E-04,2.21E-04
0.8719,1.71E-04,1.71E-04,7.91E-04,7.62E-04,2.21E-04
0.8721,1.71E-04,1.71E-04,7.91E-04,7.62E-04,2.21E-04
0.8723,1.72E-04,1.71E-04,7.91E-04,7.62E-04,2.21E-04
0.8725,1.72E-04,1.72E-04,7.91E-04,7.63E-04,2.21E-04
0.8727,1.72E-04,1.72E-04,7.91E-04,7.63E-04,2.21E-04
0.8729,1.72E-04,1.72E-04,7.91E-04,7.63E-04,2.21E-04
0.8731,1.72E-04,1.72E-04,7.92E-04,7.63E-04,2.21E-04
0.8733,1.73E-04,1.72E-04,7.92E-04,7.63E-04,2.21E-04
0.8735,1.73E-04,1.73E-04,7.92E-04,7.63E-04,2.21E-04
0.8737,1.73E-04,1.73E-04,7.92E-04,7.64E-04,2.21E-04
0.8739,1.73E-04,1.73E-04,7.92E-04,7.64E-04,2.21E-04
0.8741,1.73E-04,1.73E-04,7.92E-04,7.64E-04,2.21E-04
0.8743,1.73E-04,1.73E-04,7.92E-04,7.64E-04,2.21E-04
0.8745,1.74E-04,1.73E-04,7.92E-04,7.64E-04,2.20E-04
0.8747,1.74E-04,1.74E-04,7.93E-04,7.65E-04,2.20E-04
0.8749,1.74E-04,1.74E-04,7.93E-04,7.65E-04,2.20E-04
0.8751,1.74E-04,1.74E-04,7.93E-04,7.65E-04,2.20E-04
0.8753,1.74E-04,1.74E-04,7.93E-04,7.65E-04,2.20E-04
0.8755,1.75E-04,1.74E-04,7.93E-04,7.65E-04,2.20E-04
0.8757,1.75E-04,1.75E-04,7.93E-04,7.65E-04,2.20E-04
0.8759,1.75E-04,1.75E-04,7.93E-04,7.66E-04,2.20E-04
0.8761,1.75E-04,1.75E-04,7.94E-04,7.66E-04,2.20E-04
0.8763,1.75E-04,1.75E-04,7.94E-04,7.66E-04,2.20E-04
0.8765,1.76E-04,1.75E-04,7.94E-04,7.66E-04,2.20E-04
0.8767,1.76E-04,1.76E-04,7.94E-04,7.66E-04,2.20E-04
0.8769,1.76E-04,1.76E-04,7.94E-04,7.66E-04,2.20E-04
0.8771,1.76E-04,1.76E-04,7.94E-04,7.67E-04,2.20E-04
0.8773,1.76E-04,1.76E-04,7.94E-04,7.67E-04,2.20E-04
0.8775,1.77E-04,1.76E-04,7.95E-04,7.67E-04,2.20E-04
0.8777,1.77E-04,1.77E-04,7.95E-04,7.67E-04,2.20E-04
0.8779,1.77E-04,1.77E-04,7.95E-04,7.67E-04,2.20E-04
0.8781,1.77E-04,1.77E-04,7.95E-04,7.68E-04,2.19E-04
0.8783,1.77E-04,1.77E-04,7.95E-04,7.68E-04,2.19E-04
0.8785,1.78E-04,1.77E-04,7.95E-04,7.68E-04,2.19E-04
0.8787,1.78E-04,1.78E-04,7.95E-04,7.68E-04,2.19E-04
0.8789,1.78E-04,1.78E-04,7.96E-04,7.68E-04,2.19E-04
0.8791,1.78E-04,1.78E-04,7.96E-04,7.68E-04,2.19E-04
0.8793,1.78E-04,1.78E-04,7.96E-04,7.69E-04,2.19E-04
0.8795,1.79E-04,1.78E-04,7.96E-04,7.69E-04,2.19E-04
0.8797,1.79E-04,1.79E-04,7.96E-04,7.69E-04,2.19E-04
0.8799,1.79E-04,1.79E-04,7.96E-04,7.69E-04,2.19E-04
0.8801,1.79E-04,1.79E-04,7.97E-04,7.69E-04,2.19E-04
0.8803,1.79E-04,1.79E-04,7.97E-04,7.70E-04,2.19E-04
0.8805,1.80E-04,1.79E-04,7.97E-04,7.70E-04,2.19E-04
0.8807,1.80E-04,1.80E-04,7.97E-04,7.70E-04,2.19E-04
0.8809,1.80E-04,1.80E-04,7.97E-04,7.70E-04,2.19E-04
0.8811,1.80E-04,1.80E-04,7.97E-04,7.70E-04,2.19E-04
0.8813,1.80E-04,1.80E-04,7.97E-04,7.71E-04,2.19E-04
0.8815,1.81E-04,1.80E-04,7.98E-04,7.71E-04,2.19E-04
0.8817,1.81E-04,1.81E-04,7.98E-04,7.71E-04,2.18E-04
0.8819,1.81E-04,1.81E-04,7.98E-04,7.71E-04,2.18E-04
0.8821,1.81E-04,1.81E-04,7.98E-04,7.71E-04,2.18E-04
0.8823,1.81E-04,1.81E-04,7.98E-04,7.71E-04,2.18E-04
0.8825,1.82E-04,1.81E-04,7.98E-04,7.72E-04,2.18E-04
0.8827,1.82E-04,1.82E-04,7.98E-04,7.72E-04,2.18E-04
0.8829,1.82E-04,1.82E-04,7.99E-04,7.72E-04,2.18E-04
0.8831,1.82E-04,1.82E-04,7.99E-04,7.72E-04,2.18E-04
0.8833,1.82E-04,1.82E-04,7.99E-04,7.72E-04,2.18E-04
0.8835,1.83E-04,1.82E-04,7.99E-04,7.73E-04,2.18E-04
0.8837,1.83E-04,1.83E-04,7.99E-04,7.73E-04,2.18E-04
0.8839,1.83E-04,1.83E-04,7.99E-04,7.73E-04,2.18E-04
0.8841,1.83E-04,1.83E-04,8.00E-04,7.73E-04,2.18E-04
0.8843,1.83E-04,1.83E-04,8.00E-04,7.73E-04,2.18E-04
0.8845,1.84E-04,1.84E-04,8.00E-04,7.74E-04,2.18E-04
0.8847,1.84E-04,1.84E-04,8.00E-04,7.74E-04,2.18E-04
0.8849,1.84E-04,1.84E-04,8.00E-04,7.74E-04,2.18E-04
0.8851,1.84E-04,1.84E-04,8.00E-04,7.74E-04,2.18E-04
0.8853,1.85E-04,1.84E-04,8.01E-04,7.74E-04,2.17E-04
0.8855,1.85E-04,1.85E-04,8.01E-04,7.75E-04,2.17E-04
0.8857,1.85E-04,1.85E-04,8.01E-04,7.75E-04,2.17E-04
0.8859,1.85E-04,1.85E-04,8.01E-04,7.75E-04,2.17E-04
0.8861,1.85E-04,1.85E-04,8.01E-04,7.75E-04,2.17E-04
0.8863,1.86E-04,1.85E-04,8.01E-04,7.75E-04,2.17E-04
0.8865,1.86E-04,1.86E-04,8.02E-04,7.76E-04,2.17E-04
0.8867,1.86E-04,1.86E-04,8.02E-04,7.76E-04,2.17E-04
0.8869,1.86E-04,1.86E-04,8.02E-04,7.76E-04,2.17E-04
0.8871,1.86E-04,1.86E-04,8.02E-04,7.76E-04,2.17E-04
0.8873,1.87E-04,1.87E-04,8.02E-04,7.76E-04,2.17E-04
0.8875,1.87E-04,1.87E-04,8.02E-04,7.77E-04,2.17E-04
0.8877,1.87E-04,1.87E-04,8.03E-04,7.77E-04,2.17E-04
0.8879,1.87E-04,1.87E-04,8.03E-04,7.77E-04,2.17E-04
0.8881,1.88E-04,1.87E-04,8.03E-04,7.77E-04,2.17E-04
0.8883,1.88E-04,1.88E-04,8.03E-04,7.77E-04,2.17E-04
0.8885,1.88E-04,1.88E-04,8.03E-04,7.78E-04,2.17E-04
0.8887,1.88E-04,1.88E-04,8.03E-04,7.78E-04,2.17E-04
0.8889,1.88E-04,1.88E-04,8.04E-04,7.78E-04,2.16E-04
0.8891,1.89E-04,1.88E-04,8.04E-04,7.78E-04,2.16E-04
0.8893,1.89E-04,1.89E-04,8.04E-04,7.78E-04,2.16E-04
0.8895,1.89E-04,1.89E-04,8.04E-04,7.79E-04,2.16E-04
0.8897,1.89E-04,1.89E-04,8.04E-04,7.79E-04,2.16E-04
0.8899,1.90E-04,1.89E-04,8.04E-04,7.79E-04,2.16E-04
0.8901,1.90E-04,1.90E-04,8.05E-04,7.79E-04,2.16E-04
0.8903,1.90E-04,1.90E-04,8.05E-04,7.79E-04,2.16E-04
0.8905,1.90E-04,1.90E-04,8.05E-04,7.80E-04,2.16E-04
0.8907,1.90E-04,1.90E-04,8.05E-04,7.80E-04,2.16E-04
0.8909,1.91E-04,1.90E-04,8.05E-04,7.80E-04,2.16E-04
0.8911,1.91E-04,1.91E-04,8.05E-04,7.80E-04,2.16E-04
0.8913,1.91E-04,1.91E-04,8.06E-04,7.81E-04,2.16E-04
0.8915,1.91E-04,1.91E-04,8.06E-04,7.81E-04,2.16E-04
0.8917,1.92E-04,1.91E-04,8.06E-04,7.81E-04,2.16E-04
0.8919,1.92E-04,1.92E-04,8.06E-04,7.81E-04,2.16E-04
0.8921,1.92E-04,1.92E-04,8.06E-04,7.81E-04,2.16E-04
0.8923,1.92E-04,1.92E-04,8.07E-04,7.82E-04,2.15E-04
0.8925,1.92E-04,1.92E-04,8.07E-04,7.82E-04,2.15E-04
0.8927,1.93E-04,1.93E-04,8.07E-04,7.82E-04,2.15E-04
0.8929,1.93E-04,1.93E-04,8.07E-04,7.82E-04,2.15E-04
0.8931,1.93E-04,1.93E-04,8.07E-04,7.82E-04,2.15E-04
0.8933,1.93E-04,1.93E-04,8.07E-04,7.83E-04,2.15E-04
0.8935,1.94E-04,1.93E-04,8.08E-04,7.83E-04,2.15E-04
0.8937,1.94E-04,1.94E-04,8.08E-04,7.83E-04,2.15E-04
0.8939,1.94E-04,1.94E-04,8.08E-04,7.83E-04,2.15E-04
0.8941,1.94E-04,1.94E-04,8.08E-04,7.84E-04,2.15E-04
0.8943,1.94E-04,1.94E-04,8.08E-04,7.84E-04,2.15E-04
0.8945,1.95E-04,1.95E-04,8.09E-04,7.84E-04,2.15E-04
0.8947,1.95E-04,1.95E-04,8.09E-04,7.84E-04,2.15E-04
0.8949,1.95E-04,1.95E-04,8.09E-04,7.84E-04,2.15E-04
0.8951,1.95E-04,1.95E-04,8.09E-04,7.85E-04,2.15E-04
0.8953,1.96E-04,1.96E-04,8.09E-04,7.85E-04,2.15E-04
0.8955,1.96E-04,1.96E-04,8.09E-04,7.85E-04,2.15E-04
0.8957,1.96E-04,1.96E-04,8.10E-04,7.85E-04,2.15E-04
0.8959,1.96E-04,1.96E-04,8.10E-04,7.86E-04,2.14E-04
0.8961,1.97E-04,1.96E-04,8.10E-04,7.86E-04,2.14E-04
0.8963,1.97E-04,1.97E-04,8.10E-04,7.86E-04,2.14E-04
0.8965,1.97E-04,1.97E-04,8.10E-04,7.86E-04,2.14E-04
0.8967,1.97E-04,1.97E-04,8.11E-04,7.86E-04,2.14E-04
0.8969,1.98E-04,1.97E-04,8.11E-04,7.87E-04,2.14E-04
0.8971,1.98E-04,1.98E-04,8.11E-04,7.87E-04,2.14E-04
0.8973,1.98E-04,1.98E-04,8.11E-04,7.87E-04,2.14E-04
0.8975,1.98E-04,1.98E-04,8.11E-04,7.87E-04,2.14E-04
0.8977,1.98E-04,1.98E-04,8.12E-04,7.88E-04,2.14E-04
0.8979,1.99E-04,1.99E-04,8.12E-04,7.88E-04,2.14E-04
0.8981,1.99E-04,1.99E-04,8.12E-04,7.88E-04,2.14E-04
0.8983,1.99E-04,1.99E-04,8.12E-04,7.88E-04,2.14E-04
0.8985,1.99E-04,1.99E-04,8.12E-04,7.89E-04,2.14E-04
0.8987,2.00E-04,2.00E-04,8.13E-04,7.89E-04,2.14E-04
0.8989,2.00E-04,2.00E-04,8.13E-04,7.89E-04,2.14E-04
0.8991,2.00E-04,2.00E-04,8.13E-04,7.89E-04,2.14E-04
0.8993,2.00E-04,2.00E-04,8.13E-04,7.89E-04,2.14E-04
0.8995,2.01E-04,2.01E-04,8.13E-04,7.90E-04,2.14E-04
0.8997,2.01E-04,2.01E-04,8.14E-04,7.90E-04,2.13E-04
0.8999,2.01E-04,2.01E-04,8.14E-04,7.90E-04,2.13E-04
0.9001,2.01E-04,2.01E-04,8.14E-04,7.90E-04,2.13E-04
0.9003,2.02E-04,2.02E-04,8.14E-04,7.91E-04,2.13E-04
0.9005,2.02E-04,2.02E-04,8.14E-04,7.91E-04,2.13E-04
0.9007,2.02E-04,2.02E-04,8.15E-04,7.91E-04,2.13E-04
0.9009,2.02E-04,2.02E-04,8.15E-04,7.91E-04,2.13E-04
0.9011,2.03E-04,2.03E-04,8.15E-04,7.92E-04,2.13E-04
0.9013,2.03E-04,2.03E-04,8.15E-04,7.92E-04,2.13E-04
0.9015,2.03E-04,2.03E-04,8.15E-04,7.92E-04,2.13E-04
0.9017,2.03E-04,2.03E-04,8.16E-04,7.92E-04,2.13E-04
0.9019,2.04E-04,2.04E-04,8.16E-04,7.93E-04,2.13E-04
0.9021,2.04E-04,2.04E-04,8.16E-04,7.93E-04,2.13E-04
0.9023,2.04E-04,2.04E-04,8.16E-04,7.93E-04,2.13E-04
0.9025,2.04E-04,2.04E-04,8.17E-04,7.93E-04,2.13E-04
0.9027,2.05E-04,2.05E-04,8.17E-04,7.94E-04,2.13E-04
0.9029,2.05E-04,2.05E-04,8.17E-04,7.94E-04,2.13E-04
0.9031,2.05E-04,2.05E-04,8.17E-04,7.94E-04,2.13E-04
0.9033,2.05E-04,2.05E-04,8.17E-04,7.94E-04,2.13E-04
0.9035,2.06E-04,2.06E-04,8.18E-04,7.95E-04,2.12E-04
0.9037,2.06E-04,2.06E-04,8.18E-04,7.95E-04,2.12E-04
0.9039,2.06E-04,2.06E-04,8.18E-04,7.95E-04,2.12E-04
0.9041,2.06E-04,2.06E-04,8.18E-04,7.95E-04,2.12E-04
0.9043,2.07E-04,2.07E-04,8.19E-04,7.96E-04,2.12E-04
0.9045,2.07E-04,2.07E-04,8.19E-04,7.96E-04,2.12E-04
0.9047,2.07E-04,2.07E-04,8.19E-04,7.96E-04,2.12E-04
0.9049,2.07E-04,2.07E-04,8.19E-04,7.96E-04,2.12E-04
0.9051,2.08E-04,2.08E-04,8.19E-04,7.97E-04,2.12E-04
0.9053,2.08E-04,2.08E-04,8.20E-04,7.97E-04,2.12E-04
0.9055,2.08E-04,2.08E-04,8.20E-04,7.97E-04,2.12E-04
0.9057,2.09E-04,2.08E-04,8.20E-04,7.97E-04,2.12E-04
0.9059,2.09E-04,2.09E-04,8.20E-04,7.98E-04,2.12E-04
0.9061,2.09E-04,2.09E-04,8.21E-04,7.98E-04,2.12E-04
0.9063,2.09E-04,2.09E-04,8.21E-04,7.98E-04,2.12E-04
0.9065,2.10E-04,2.09E-04,8.21E-04,7.98E-04,2.12E-04
0.9067,2.10E-04,2.10E-04,8.21E-04,7.99E-04,2.12E-04
0.9069,2.10E-04,2.10E-04,8.21E-04,7.99E-04,2.12E-04
0.9071,2.10E-04,2.10E-04,8.22E-04,7.99E-04,2.12E-04
0.9073,2.11E-04,2.11E-04,8.22E-04,8.00E-04,2.11E-04
0.9075,2.11E-04,2.11E-04,8.22E-04,8.00E-04,2.11E-04
0.9077,2.11E-04,2.11E-04,8.22E-04,8.00E-04,2.11E-04
0.9079,2.11E-04,2.11E-04,8.23E-04,8.00E-04,2.11E-04
0.9081,2.12E-04,2.12E-04,8.23E-04,8.01E-04,2.11E-04
0.9083,2.12E-04,2.12E-04,8.23E-04,8.01E-04,2.11E-04
0.9085,2.12E-04,2.12E-04,8.23E-04,8.01E-04,2.11E-04
0.9087,2.13E-04,2.12E-04,8.24E-04,8.01E-04,2.11E-04
0.9089,2.13E-04,2.13E-04,8.24E-04,8.02E-04,2.11E-04
0.9091,2.13E-04,2.13E-04,8.24E-04,8.02E-04,2.11E-04
0.9093,2.13E-04,2.13E-04,8.24E-04,8.02E-04,2.11E-04
0.9095,2.14E-04,2.13E-04,8.25E-04,8.03E-04,2.11E-04
0.9097,2.14E-04,2.14E-04,8.25E-04,8.03E-04,2.11E-04
0.9099,2.14E-04,2.14E-04,8.25E-04,8.03E-04,2.11E-04
0.9101,2.14E-04,2.14E-04,8.25E-04,8.03E-04,2.11E-04
0.9103,2.15E-04,2.15E-04,8.25E-04,8.04E-04,2.11E-04
0.9105,2.15E-04,2.15E-04,8.26E-04,8.04E-04,2.11E-04
0.9107,2.15E-04,2.15E-04,8.26E-04,8.04E-04,2.11E-04
0.9109,2.16E-04,2.15E-04,8.26E-04,8.04E-04,2.11E-04
0.9111,2.16E-04,2.16E-04,8.26E-04,8.05E-04,2.11E-04
0.9113,2.16E-04,2.16E-04,8.27E-04,8.05E-04,2.10E-04
0.9115,2.16E-04,2.16E-04,8.27E-04,8.05E-04,2.10E-04
0.9117,2.17E-04,2.17E-04,8.27E-04,8.06E-04,2.10E-04
0.9119,2.17E-04,2.17E-04,8.27E-04,8.06E-04,2.10E-04
0.9121,2.17E-04,2.17E-04,8.28E-04,8.06E-04,2.10E-04
0.9123,2.18E-04,2.17E-04,8.28E-04,8.06E-04,2.10E-04
0.9125,2.18E-04,2.18E-04,8.28E-04,8.07E-04,2.10E-04
0.9127,2.18E-04,2.18E-04,8.29E-04,8.07E-04,2.10E-04
0.9129,2.18E-04,2.18E-04,8.29E-04,8.07E-04,2.10E-04
0.9131,2.19E-04,2.19E-04,8.29E-04,8.08E-04,2.10E-04
0.9133,2.19E-04,2.19E-04,8.29E-04,8.08E-04,2.10E-04
0.9135,2.19E-04,2.19E-04,8.30E-04,8.08E-04,2.10E-04
0.9137,2.20E-04,2.19E-04,8.30E-04,8.09E-04,2.10E-04
0.9139,2.20E-04,2.20E-04,8.30E-04,8.09E-04,2.10E-04
0.9141,2.20E-04,2.20E-04,8.30E-04,8.09E-04,2.10E-04
0.9143,2.20E-04,2.20E-04,8.31E-04,8.09E-04,2.10E-04
0.9145,2.21E-04,2.21E-04,8.31E-04,8.10E-04,2.10E-04
0.9147,2.21E-04,2.21E-04,8.31E-04,8.10E-04,2.10E-04
0.9149,2.21E-04,2.21E-04,8.31E-04,8.10E-04,2.10E-04
0.9151,2.22E-04,2.21E-04,8.32E-04,8.11E-04,2.09E-04
0.9153,2.22E-04,2.22E-04,8.32E-04,8.11E-04,2.09E-04
0.9155,2.22E-04,2.22E-04,8.32E-04,8.11E-04,2.09E-04
0.9157,2.22E-04,2.22E-04,8.32E-04,8.12E-04,2.09E-04
0.9159,2.23E-04,2.23E-04,8.33E-04,8.12E-04,2.09E-04
0.9161,2.23E-04,2.23E-04,8.33E-04,8.12E-04,2.09E-04
0.9163,2.23E-04,2.23E-04,8.33E-04,8.12E-04,2.09E-04
0.9165,2.24E-04,2.24E-04,8.34E-04,8.13E-04,2.09E-04
0.9167,2.24E-04,2.24E-04,8.34E-04,8.13E-04,2.09E-04
0.9169,2.24E-04,2.24E-04,8.34E-04,8.13E-04,2.09E-04
0.9171,2.25E-04,2.24E-04,8.34E-04,8.14E-04,2.09E-04
0.9173,2.25E-04,2.25E-04,8.35E-04,8.14E-04,2.09E-04
0.9175,2.25E-04,2.25E-04,8.35E-04,8.14E-04,2.09E-04
0.9177,2.25E-04,2.25E-04,8.35E-04,8.15E-04,2.09E-04
0.9179,2.26E-04,2.26E-04,8.36E-04,8.15E-04,2.09E-04
0.9181,2.26E-04,2.26E-04,8.36E-04,8.15E-04,2.09E-04
0.9183,2.26E-04,2.26E-04,8.36E-04,8.16E-04,2.09E-04
0.9185,2.27E-04,2.27E-04,8.36E-04,8.16E-04,2.09E-04
0.9187,2.27E-04,2.27E-04,8.37E-04,8.16E-04,2.09E-04
0.9189,2.27E-04,2.27E-04,8.37E-04,8.17E-04,2.09E-04
0.9191,2.28E-04,2.28E-04,8.37E-04,8.17E-04,2.08E-04
0.9193,2.28E-04,2.28E-04,8.38E-04,8.17E-04,2.08E-04
0.9195,2.28E-04,2.28E-04,8.38E-04,8.18E-04,2.08E-04
0.9197,2.29E-04,2.28E-04,8.38E-04,8.18E-04,2.08E-04
0.9199,2.29E-04,2.29E-04,8.38E-04,8.18E-04,2.08E-04
0.9201,2.29E-04,2.29E-04,8.39E-04,8.19E-04,2.08E-04
0.9203,2.29E-04,2.29E-04,8.39E-04,8.19E-04,2.08E-04
0.9205,2.30E-04,2.30E-04,8.39E-04,8.19E-04,2.08E-04
0.9207,2.30E-04,2.30E-04,8.40E-04,8.20E-04,2.08E-04
0.9209,2.30E-04,2.30E-04,8.40E-04,8.20E-04,2.08E-04
0.9211,2.31E-04,2.31E-04,8.40E-04,8.20E-04,2.08E-04
0.9213,2.31E-04,2.31E-04,8.41E-04,8.21E-04,2.08E-04
0.9215,2.31E-04,2.31E-04,8.41E-04,8.21E-04,2.08E-04
0.9217,2.32E-04,2.32E-04,8.41E-04,8.21E-04,2.08E-04
0.9219,2.32E-04,2.32E-04,8.41E-04,8.22E-04,2.08E-04
0.9221,2.32E-04,2.32E-04,8.42E-04,8.22E-04,2.08E-04
0.9223,2.33E-04,2.33E-04,8.42E-04,8.22E-04,2.08E-04
0.9225,2.33E-04,2.33E-04,8.42E-04,8.23E-04,2.08E-04
0.9227,2.33E-04,2.33E-04,8.43E-04,8.23E-04,2.08E-04
0.9229,2.34E-04,2.34E-04,8.43E-04,8.23E-04,2.08E-04
0.9231,2.34E-04,2.34E-04,8.43E-04,8.24E-04,2.07E-04
0.9233,2.34E-04,2.34E-04,8.44E-04,8.24E-04,2.07E-04
0.9235,2.35E-04,2.35E-04,8.44E-04,8.24E-04,2.07E-04
0.9237,2.35E-04,2.35E-04,8.44E-04,8.25E-04,2.07E-04
0.9239,2.35E-04,2.35E-04,8.45E-04,8.25E-04,2.07E-04
0.9241,2.36E-04,2.36E-04,8.45E-04,8.25E-04,2.07E-04
0.9243,2.36E-04,2.36E-04,8.45E-04,8.26E-04,2.07E-04
0.9245,2.36E-04,2.36E-04,8.46E-04,8.26E-04,2.07E-04
0.9247,2.37E-04,2.37E-04,8.46E-04,8.26E-04,2.07E-04
0.9249,2.37E-04,2.37E-04,8.46E-04,8.27E-04,2.07E-04
0.9251,2.37E-04,2.37E-04,8.47E-04,8.27E-04,2.07E-04
0.9253,2.38E-04,2.38E-04,8.47E-04,8.28E-04,2.07E-04
0.9255,2.38E-04,2.38E-04,8.47E-04,8.28E-04,2.07E-04
0.9257,2.38E-04,2.38E-04,8.48E-04,8.28E-04,2.07E-04
0.9259,2.39E-04,2.39E-04,8.48E-04,8.29E-04,2.07E-04
0.9261,2.39E-04,2.39E-04,8.48E-04,8.29E-04,2.07E-04
0.9263,2.39E-04,2.39E-04,8.49E-04,8.29E-04,2.07E-04
0.9265,2.40E-04,2.40E-04,8.49E-04,8.30E-04,2.07E-04
0.9267,2.40E-04,2.40E-04,8.49E-04,8.30E-04,2.07E-04
0.9269,2.40E-04,2.40E-04,8.50E-04,8.30E-04,2.07E-04
0.9271,2.41E-04,2.41E-04,8.50E-04,8.31E-04,2.07E-04
0.9273,2.41E-04,2.41E-04,8.50E-04,8.31E-04,2.07E-04
0.9275,2.41E-04,2.41E-04,8.51E-04,8.32E-04,2.06E-04
0.9277,2.42E-04,2.42E-04,8.51E-04,8.32E-04,2.06E-04
0.9279,2.42E-04,2.42E-04,8.51E-04,8.32E-04,2.06E-04
0.9281,2.43E-04,2.42E-04,8.52E-04,8.33E-04,2.06E-04
0.9283,2.43E-04,2.43E-04,8.52E-04,8.33E-04,2.06E-04
0.9285,2.43E-04,2.43E-04,8.52E-04,8.34E-04,2.06E-04
0.9287,2.44E-04,2.44E-04,8.53E-04,8.34E-04,2.06E-04
0.9289,2.44E-04,2.44E-04,8.53E-04,8.34E-04,2.06E-04
0.9291,2.44E-04,2.44E-04,8.53E-04,8.35E-04,2.06E-04
0.9293,2.45E-04,2.45E-04,8.54E-04,8.35E-04,2.06E-04
0.9295,2.45E-04,2.45E-04,8.54E-04,8.36E-04,2.06E-04
0.9297,2.45E-04,2.45E-04,8.55E-04,8.36E-04,2.06E-04
0.9299,2.46E-04,2.46E-04,8.55E-04,8.36E-04,2.06E-04
0.9301,2.46E-04,2.46E-04,8.55E-04,8.37E-04,2.06E-04
0.9303,2.46E-04,2.46E-04,8.56E-04,8.37E-04,2.06E-04
0.9305,2.47E-04,2.47E-04,8.56E-04,8.38E-04,2.06E-04
0.9307,2.47E-04,2.47E-04,8.56E-04,8.38E-04,2.06E-04
0.9309,2.48E-04,2.48E-04,8.57E-04,8.38E-04,2.06E-04
0.9311,2.48E-04,2.48E-04,8.57E-04,8.39E-04,2.06E-04
0.9313,2.48E-04,2.48E-04,8.58E-04,8.39E-04,2.06E-04
0.9315,2.49E-04,2.49E-04,8.58E-04,8.40E-04,2.06E-04
0.9317,2.49E-04,2.49E-04,8.58E-04,8.40E-04,2.06E-04
0.9319,2.49E-04,2.49E-04,8.59E-04,8.40E-04,2.06E-04
0.9321,2.50E-04,2.50E-04,8.59E-04,8.41E-04,2.06E-04
0.9323,2.50E-04,2.50E-04,8.59E-04,8.41E-04,2.05E-04
0.9325,2.51E-04,2.51E-04,8.60E-04,8.42E-04,2.05E-04
0.9327,2.51E-04,2.51E-04,8.60E-04,8.42E-04,2.05E-04
0.9329,2.51E-04,2.51E-04,8.61E-04,8.42E-04,2.05E-04
0.9331,2.52E-04,2.52E-04,8.61E-04,8.43E-04,2.05E-04
0.9333,2.52E-04,2.52E-04,8.61E-04,8.43E-04,2.05E-04
0.9335,2.53E-04,2.52E-04,8.62E-04,8.44E-04,2.05E-04
0.9337,2.53E-04,2.53E-04,8.62E-04,8.44E-04,2.05E-04
0.9339,2.53E-04,2.53E-04,8.63E-04,8.45E-04,2.05E-04
0.9341,2.54E-04,2.54E-04,8.63E-04,8.45E-04,2.05E-04
0.9343,2.54E-04,2.54E-04,8.63E-04,8.46E-04,2.05E-04
0.9345,2.54E-04,2.54E-04,8.64E-04,8.46E-04,2.05E-04
0.9347,2.55E-04,2.55E-04,8.64E-04,8.46E-04,2.05E-04
0.9349,2.55E-04,2.55E-04,8.65E-04,8.47E-04,2.05E-04
0.9351,2.56E-04,2.56E-04,8.65E-04,8.47E-04,2.05E-04
0.9353,2.56E-04,2.56E-04,8.65E-04,8.48E-04,2.05E-04
0.9355,2.56E-04,2.56E-04,8.66E-04,8.48E-04,2.05E-04
0.9357,2.57E-04,2.57E-04,8.66E-04,8.49E-04,2.05E-04
0.9359,2.57E-04,2.57E-04,8.67E-04,8.49E-04,2.05E-04
0.9361,2.58E-04,2.58E-04,8.67E-04,8.50E-04,2.05E-04
0.9363,2.58E-04,2.58E-04,8.68E-04,8.50E-04,2.05E-04
0.9365,2.58E-04,2.58E-04,8.68E-04,8.50E-04,2.05E-04
0.9367,2.59E-04,2.59E-04,8.68E-04,8.51E-04,2.05E-04
0.9369,2.59E-04,2.59E-04,8.69E-04,8.51E-04,2.05E-04
0.9371,2.60E-04,2.60E-04,8.69E-04,8.52E-04,2.05E-04
0.9373,2.60E-04,2.60E-04,8.70E-04,8.52E-04,2.05E-04
0.9375,2.61E-04,2.60E-04,8.70E-04,8.53E-04,2.04E-04
0.9377,2.61E-04,2.61E-04,8.71E-04,8.53E-04,2.04E-04
0.9379,2.61E-04,2.61E-04,8.71E-04,8.54E-04,2.04E-04
0.9381,2.62E-04,2.62E-04,8.72E-04,8.54E-04,2.04E-04
0.9383,2.62E-04,2.62E-04,8.72E-04,8.55E-04,2.04E-04
0.9385,2.63E-04,2.63E-04,8.72E-04,8.55E-04,2.04E-04
0.9387,2.63E-04,2.63E-04,8.73E-04,8.56E-04,2.04E-04
0.9389,2.63E-04,2.63E-04,8.73E-04,8.56E-04,2.04E-04
0.9391,2.64E-04,2.64E-04,8.74E-04,8.57E-04,2.04E-04
0.9393,2.64E-04,2.64E-04,8.74E-04,8.57E-04,2.04E-04
0.9395,2.65E-04,2.65E-04,8.75E-04,8.58E-04,2.04E-04
0.9397,2.65E-04,2.65E-04,8.75E-04,8.58E-04,2.04E-04
0.9399,2.66E-04,2.66E-04,8.76E-04,8.59E-04,2.04E-04
0.9401,2.66E-04,2.66E-04,8.76E-04,8.59E-04,2.04E-04
0.9403,2.66E-04,2.66E-04,8.77E-04,8.60E-04,2.04E-04
0.9405,2.67E-04,2.67E-04,8.77E-04,8.60E-04,2.04E-04
0.9407,2.67E-04,2.67E-04,8.77E-04,8.61E-04,2.04E-04
0.9409,2.68E-04,2.68E-04,8.78E-04,8.61E-04,2.04E-04
0.9411,2.68E-04,2.68E-04,8.78E-04,8.62E-04,2.04E-04
0.9413,2.69E-04,2.69E-04,8.79E-04,8.62E-04,2.04E-04
0.9415,2.69E-04,2.69E-04,8.79E-04,8.63E-04,2.04E-04
0.9417,2.70E-04,2.69E-04,8.80E-04,8.63E-04,2.04E-04
0.9419,2.70E-04,2.70E-04,8.80E-04,8.64E-04,2.04E-04
0.9421,2.70E-04,2.70E-04,8.81E-04,8.64E-04,2.04E-04
0.9423,2.71E-04,2.71E-04,8.81E-04,8.65E-04,2.04E-04
0.9425,2.71E-04,2.71E-04,8.82E-04,8.65E-04,2.04E-04
0.9427,2.72E-04,2.72E-04,8.82E-04,8.66E-04,2.04E-04
0.9429,2.72E-04,2.72E-04,8.83E-04,8.66E-04,2.04E-04
0.9431,2.73E-04,2.73E-04,8.83E-04,8.67E-04,2.04E-04
0.9433,2.73E-04,2.73E-04,8.84E-04,8.67E-04,2.04E-04
0.9435,2.74E-04,2.74E-04,8.84E-04,8.68E-04,2.04E-04
0.9437,2.74E-04,2.74E-04,8.85E-04,8.69E-04,2.03E-04
0.9439,2.75E-04,2.75E-04,8.85E-04,8.69E-04,2.03E-04
0.9441,2.75E-04,2.75E-04,8.86E-04,8.70E-04,2.03E-04
0.9443,2.76E-04,2.75E-04,8.86E-04,8.70E-04,2.03E-04
0.9445,2.76E-04,2.76E-04,8.87E-04,8.71E-04,2.03E-04
0.9447,2.77E-04,2.76E-04,8.88E-04,8.71E-04,2.03E-04
0.9449,2.77E-04,2.77E-04,8.88E-04,8.72E-04,2.03E-04
0.9451,2.77E-04,2.77E-04,8.89E-04,8.72E-04,2.03E-04
0.9453,2.78E-04,2.78E-04,8.89E-04,8.73E-04,2.03E-04
0.9455,2.78E-04,2.78E-04,8.90E-04,8.74E-04,2.03E-04
0.9457,2.79E-04,2.79E-04,8.90E-04,8.74E-04,2.03E-04
0.9459,2.79E-04,2.79E-04,8.91E-04,8.75E-04,2.03E-04
0.9461,2.80E-04,2.80E-04,8.91E-04,8.75E-04,2.03E-04
0.9463,2.80E-04,2.80E-04,8.92E-04,8.76E-04,2.03E-04
0.9465,2.81E-04,2.81E-04,8.92E-04,8.76E-04,2.03E-04
0.9467,2.81E-04,2.81E-04,8.93E-04,8.77E-04,2.03E-04
0.9469,2.82E-04,2.82E-04,8.94E-04,8.78E-04,2.03E-04
0.9471,2.82E-04,2.82E-04,8.94E-04,8.78E-04,2.03E-04
0.9473,2.83E-04,2.83E-04,8.95E-04,8.79E-04,2.03E-04
0.9475,2.83E-04,2.83E-04,8.95E-04,8.79E-04,2.03E-04
0.9477,2.84E-04,2.84E-04,8.96E-04,8.80E-04,2.03E-04
0.9479,2.84E-04,2.84E-04,8.96E-04,8.81E-04,2.03E-04
0.9481,2.85E-04,2.85E-04,8.97E-04,8.81E-04,2.03E-04
0.9483,2.85E-04,2.85E-04,8.98E-04,8.82E-04,2.03E-04
0.9485,2.86E-04,2.86E-04,8.98E-04,8.83E-04,2.03E-04
0.9487,2.86E-04,2.86E-04,8.99E-04,8.83E-04,2.03E-04
0.9489,2.87E-04,2.87E-04,8.99E-04,8.84E-04,2.03E-04
0.9491,2.87E-04,2.87E-04,9.00E-04,8.84E-04,2.03E-04
0.9493,2.88E-04,2.88E-04,9.01E-04,8.85E-04,2.03E-04
0.9495,2.89E-04,2.88E-04,9.01E-04,8.86E-04,2.03E-04
0.9497,2.89E-04,2.89E-04,9.02E-04,8.86E-04,2.03E-04
0.9499,2.90E-04,2.90E-04,9.02E-04,8.87E-04,2.03E-04
0.9501,2.90E-04,2.90E-04,9.03E-04,8.88E-04,2.03E-04
0.9503,2.91E-04,2.91E-04,9.04E-04,8.88E-04,2.03E-04
0.9505,2.91E-04,2.91E-04,9.04E-04,8.89E-04,2.03E-04
0.9507,2.92E-04,2.92E-04,9.05E-04,8.90E-04,2.03E-04
0.9509,2.92E-04,2.92E-04,9.06E-04,8.90E-04,2.03E-04
0.9511,2.93E-04,2.93E-04,9.06E-04,8.91E-04,2.03E-04
0.9513,2.93E-04,2.93E-04,9.07E-04,8.92E-04,2.03E-04
0.9515,2.94E-04,2.94E-04,9.07E-04,8.92E-04,2.03E-04
0.9517,2.94E-04,2.94E-04,9.08E-04,8.93E-04,2.03E-04
0.9519,2.95E-04,2.95E-04,9.09E-04,8.94E-04,2.03E-04
0.9521,2.96E-04,2.96E-04,9.09E-04,8.94E-04,2.03E-04
0.9523,2.96E-04,2.96E-04,9.10E-04,8.95E-04,2.03E-04
0.9525,2.97E-04,2.97E-04,9.11E-04,8.96E-04,2.03E-04
0.9527,2.97E-04,2.97E-04,9.11E-04,8.97E-04,2.03E-04
0.9529,2.98E-04,2.98E-04,9.12E-04,8.97E-04,2.03E-04
0.9531,2.98E-04,2.98E-04,9.13E-04,8.98E-04,2.03E-04
0.9533,2.99E-04,2.99E-04,9.14E-04,8.99E-04,2.03E-04
0.9535,3.00E-04,2.99E-04,9.14E-04,8.99E-04,2.03E-04
0.9537,3.00E-04,3.00E-04,9.15E-04,9.00E-04,2.03E-04
0.9539,3.01E-04,3.01E-04,9.16E-04,9.01E-04,2.03E-04
0.9541,3.01E-04,3.01E-04,9.16E-04,9.02E-04,2.03E-04
0.9543,3.02E-04,3.02E-04,9.17E-04,9.02E-04,2.03E-04
0.9545,3.02E-04,3.02E-04,9.18E-04,9.03E-04,2.03E-04
0.9547,3.03E-04,3.03E-04,9.18E-04,9.04E-04,2.03E-04
0.9549,3.04E-04,3.04E-04,9.19E-04,9.05E-04,2.03E-04
0.9551,3.04E-04,3.04E-04,9.20E-04,9.05E-04,2.03E-04
0.9553,3.05E-04,3.05E-04,9.21E-04,9.06E-04,2.03E-04
0.9555,3.06E-04,3.05E-04,9.21E-04,9.07E-04,2.03E-04
0.9557,3.06E-04,3.06E-04,9.22E-04,9.08E-04,2.03E-04
0.9559,3.07E-04,3.07E-04,9.23E-04,9.08E-04,2.03E-04
0.9561,3.07E-04,3.07E-04,9.24E-04,9.09E-04,2.03E-04
0.9563,3.08E-04,3.08E-04,9.24E-04,9.10E-04,2.03E-04
0.9565,3.09E-04,3.09E-04,9.25E-04,9.11E-04,2.03E-04
0.9567,3.09E-04,3.09E-04,9.26E-04,9.12E-04,2.03E-04
0.9569,3.10E-04,3.10E-04,9.27E-04,9.12E-04,2.03E-04
0.9571,3.10E-04,3.10E-04,9.27E-04,9.13E-04,2.03E-04
0.9573,3.11E-04,3.11E-04,9.28E-04,9.14E-04,2.03E-04
0.9575,3.12E-04,3.12E-04,9.29E-04,9.15E-04,2.03E-04
0.9577,3.12E-04,3.12E-04,9.30E-04,9.16E-04,2.03E-04
0.9579,3.13E-04,3.13E-04,9.31E-04,9.17E-04,2.03E-04
0.9581,3.14E-04,3.14E-04,9.31E-04,9.17E-04,2.03E-04
0.9583,3.14E-04,3.14E-04,9.32E-04,9.18E-04,2.03E-04
0.9585,3.15E-04,3.15E-04,9.33E-04,9.19E-04,2.03E-04
0.9587,3.16E-04,3.16E-04,9.34E-04,9.20E-04,2.03E-04
0.9589,3.16E-04,3.16E-04,9.35E-04,9.21E-04,2.03E-04
0.9591,3.17E-04,3.17E-04,9.36E-04,9.22E-04,2.03E-04
0.9593,3.18E-04,3.18E-04,9.36E-04,9.23E-04,2.03E-04
0.9595,3.18E-04,3.18E-04,9.37E-04,9.23E-04,2.03E-04
0.9597,3.19E-04,3.19E-04,9.38E-04,9.24E-04,2.03E-04
0.9599,3.20E-04,3.20E-04,9.39E-04,9.25E-04,2.03E-04
0.9601,3.20E-04,3.20E-04,9.40E-04,9.26E-04,2.03E-04
0.9603,3.21E-04,3.21E-04,9.41E-04,9.27E-04,2.03E-04
0.9605,3.22E-04,3.22E-04,9.42E-04,9.28E-04,2.03E-04
0.9607,3.22E-04,3.22E-04,9.42E-04,9.29E-04,2.03E-04
0.9609,3.23E-04,3.23E-04,9.43E-04,9.30E-04,2.03E-04
0.9611,3.24E-04,3.24E-04,9.44E-04,9.31E-04,2.03E-04
0.9613,3.25E-04,3.25E-04,9.45E-04,9.32E-04,2.03E-04
0.9615,3.25E-04,3.25E-04,9.46E-04,9.33E-04,2.03E-04
0.9617,3.26E-04,3.26E-04,9.47E-04,9.34E-04,2.03E-04
0.9619,3.27E-04,3.27E-04,9.48E-04,9.34E-04,2.03E-04
0.9621,3.28E-04,3.27E-04,9.49E-04,9.35E-04,2.03E-04
0.9623,3.28E-04,3.28E-04,9.50E-04,9.36E-04,2.03E-04
0.9625,3.29E-04,3.29E-04,9.51E-04,9.37E-04,2.03E-04
0.9627,3.30E-04,3.30E-04,9.52E-04,9.38E-04,2.03E-04
0.9629,3.30E-04,3.30E-04,9.53E-04,9.39E-04,2.03E-04
0.9631,3.31E-04,3.31E-04,9.54E-04,9.40E-04,2.03E-04
0.9633,3.32E-04,3.32E-04,9.55E-04,9.41E-04,2.03E-04
0.9635,3.33E-04,3.33E-04,9.55E-04,9.42E-04,2.03E-04
0.9637,3.34E-04,3.33E-04,9.56E-04,9.43E-04,2.03E-04
0.9639,3.34E-04,3.34E-04,9.57E-04,9.44E-04,2.03E-04
0.9641,3.35E-04,3.35E-04,9.58E-04,9.45E-04,2.03E-04
0.9643,3.36E-04,3.36E-04,9.59E-04,9.46E-04,2.03E-04
0.9645,3.37E-04,3.37E-04,9.60E-04,9.47E-04,2.03E-04
0.9647,3.37E-04,3.37E-04,9.61E-04,9.49E-04,2.03E-04
0.9649,3.38E-04,3.38E-04,9.62E-04,9.50E-04,2.03E-04
0.9651,3.39E-04,3.39E-04,9.63E-04,9.51E-04,2.03E-04
0.9653,3.40E-04,3.40E-04,9.65E-04,9.52E-04,2.04E-04
0.9655,3.41E-04,3.41E-04,9.66E-04,9.53E-04,2.04E-04
0.9657,3.41E-04,3.41E-04,9.67E-04,9.54E-04,2.04E-04
0.9659,3.42E-04,3.42E-04,9.68E-04,9.55E-04,2.04E-04
0.9661,3.43E-04,3.43E-04,9.69E-04,9.56E-04,2.04E-04
0.9663,3.44E-04,3.44E-04,9.70E-04,9.57E-04,2.04E-04
0.9665,3.45E-04,3.45E-04,9.71E-04,9.58E-04,2.04E-04
0.9667,3.46E-04,3.46E-04,9.72E-04,9.59E-04,2.04E-04
0.9669,3.46E-04,3.46E-04,9.73E-04,9.61E-04,2.04E-04
0.9671,3.47E-04,3.47E-04,9.74E-04,9.62E-04,2.04E-04
0.9673,3.48E-04,3.48E-04,9.75E-04,9.63E-04,2.04E-04
0.9675,3.49E-04,3.49E-04,9.76E-04,9.64E-04,2.04E-04
0.9677,3.50E-04,3.50E-04,9.78E-04,9.65E-04,2.04E-04
0.9679,3.51E-04,3.51E-04,9.79E-04,9.66E-04,2.04E-04
0.9681,3.52E-04,3.52E-04,9.80E-04,9.68E-04,2.04E-04
0.9683,3.53E-04,3.53E-04,9.81E-04,9.69E-04,2.04E-04
0.9685,3.53E-04,3.53E-04,9.82E-04,9.70E-04,2.04E-04
0.9687,3.54E-04,3.54E-04,9.83E-04,9.71E-04,2.05E-04
0.9689,3.55E-04,3.55E-04,9.85E-04,9.72E-04,2.05E-04
0.9691,3.56E-04,3.56E-04,9.86E-04,9.74E-04,2.05E-04
0.9693,3.57E-04,3.57E-04,9.87E-04,9.75E-04,2.05E-04
0.9695,3.58E-04,3.58E-04,9.88E-04,9.76E-04,2.05E-04
0.9697,3.59E-04,3.59E-04,9.90E-04,9.78E-04,2.05E-04
0.9699,3.60E-04,3.60E-04,9.91E-04,9.79E-04,2.05E-04
0.9701,3.61E-04,3.61E-04,9.92E-04,9.80E-04,2.05E-04
0.9703,3.62E-04,3.62E-04,9.93E-04,9.82E-04,2.05E-04
0.9705,3.63E-04,3.63E-04,9.95E-04,9.83E-04,2.05E-04
0.9707,3.64E-04,3.64E-04,9.96E-04,9.84E-04,2.05E-04
0.9709,3.65E-04,3.65E-04,9.97E-04,9.86E-04,2.05E-04
0.9711,3.66E-04,3.66E-04,9.99E-04,9.87E-04,2.06E-04
0.9713,3.67E-04,3.67E-04,1.00E-03,9.88E-04,2.06E-04
0.9715,3.68E-04,3.68E-04,1.00E-03,9.90E-04,2.06E-04
0.9717,3.69E-04,3.69E-04,1.00E-03,9.91E-04,2.06E-04
0.9719,3.70E-04,3.70E-04,1.00E-03,9.93E-04,2.06E-04
0.9721,3.71E-04,3.71E-04,1.01E-03,9.94E-04,2.06E-04
0.9723,3.72E-04,3.72E-04,1.01E-03,9.96E-04,2.06E-04
0.9725,3.73E-04,3.73E-04,1.01E-03,9.97E-04,2.06E-04
0.9727,3.74E-04,3.74E-04,1.01E-03,9.99E-04,2.06E-04
0.9729,3.75E-04,3.75E-04,1.01E-03,1.00E-03,2.06E-04
0.9731,3.76E-04,3.76E-04,1.01E-03,1.00E-03,2.07E-04
0.9733,3.77E-04,3.77E-04,1.01E-03,1.00E-03,2.07E-04
0.9735,3.78E-04,3.78E-04,1.02E-03,1.01E-03,2.07E-04
0.9737,3.79E-04,3.79E-04,1.02E-03,1.01E-03,2.07E-04
0.9739,3.80E-04,3.80E-04,1.02E-03,1.01E-03,2.07E-04
0.9741,3.81E-04,3.81E-04,1.02E-03,1.01E-03,2.07E-04
0.9743,3.83E-04,3.83E-04,1.02E-03,1.01E-03,2.07E-04
0.9745,3.84E-04,3.84E-04,1.02E-03,1.01E-03,2.07E-04
0.9747,3.85E-04,3.85E-04,1.03E-03,1.02E-03,2.08E-04
0.9749,3.86E-04,3.86E-04,1.03E-03,1.02E-03,2.08E-04
0.9751,3.87E-04,3.87E-04,1.03E-03,1.02E-03,2.08E-04
0.9753,3.88E-04,3.88E-04,1.03E-03,1.02E-03,2.08E-04
0.9755,3.90E-04,3.90E-04,1.03E-03,1.02E-03,2.08E-04
0.9757,3.91E-04,3.91E-04,1.04E-03,1.02E-03,2.08E-04
0.9759,3.92E-04,3.92E-04,1.04E-03,1.03E-03,2.08E-04
0.9761,3.93E-04,3.93E-04,1.04E-03,1.03E-03,2.09E-04
0.9763,3.94E-04,3.94E-04,1.04E-03,1.03E-03,2.09E-04
0.9765,3.96E-04,3.96E-04,1.04E-03,1.03E-03,2.09E-04
0.9767,3.97E-04,3.97E-04,1.04E-03,1.03E-03,2.09E-04
0.9769,3.98E-04,3.98E-04,1.05E-03,1.04E-03,2.09E-04
0.9771,4.00E-04,3.99E-04,1.05E-03,1.04E-03,2.09E-04
0.9773,4.01E-04,4.01E-04,1.05E-03,1.04E-03,2.10E-04
0.9775,4.02E-04,4.02E-04,1.05E-03,1.04E-03,2.10E-04
0.9777,4.03E-04,4.03E-04,1.06E-03,1.04E-03,2.10E-04
0.9779,4.05E-04,4.05E-04,1.06E-03,1.05E-03,2.10E-04
0.9781,4.06E-04,4.06E-04,1.06E-03,1.05E-03,2.10E-04
0.9783,4.08E-04,4.08E-04,1.06E-03,1.05E-03,2.11E-04
0.9785,4.09E-04,4.09E-04,1.06E-03,1.05E-03,2.11E-04
0.9787,4.10E-04,4.10E-04,1.07E-03,1.06E-03,2.11E-04
0.9789,4.12E-04,4.12E-04,1.07E-03,1.06E-03,2.11E-04
0.9791,4.13E-04,4.13E-04,1.07E-03,1.06E-03,2.12E-04
0.9793,4.15E-04,4.15E-04,1.07E-03,1.06E-03,2.12E-04
0.9795,4.16E-04,4.16E-04,1.08E-03,1.07E-03,2.12E-04
0.9797,4.18E-04,4.18E-04,1.08E-03,1.07E-03,2.12E-04
0.9799,4.19E-04,4.19E-04,1.08E-03,1.07E-03,2.12E-04
0.9801,4.21E-04,4.21E-04,1.08E-03,1.07E-03,2.13E-04
0.9803,4.22E-04,4.22E-04,1.09E-03,1.07E-03,2.13E-04
0.9805,4.24E-04,4.24E-04,1.09E-03,1.08E-03,2.13E-04
0.9807,4.26E-04,4.26E-04,1.09E-03,1.08E-03,2.13E-04
0.9809,4.27E-04,4.27E-04,1.09E-03,1.08E-03,2.14E-04
0.9811,4.29E-04,4.29E-04,1.10E-03,1.09E-03,2.14E-04
0.9813,4.30E-04,4.30E-04,1.10E-03,1.09E-03,2.14E-04
0.9815,4.32E-04,4.32E-04,1.10E-03,1.09E-03,2.15E-04
0.9817,4.34E-04,4.34E-04,1.10E-03,1.09E-03,2.15E-04
0.9819,4.36E-04,4.36E-04,1.11E-03,1.10E-03,2.15E-04
0.9821,4.37E-04,4.37E-04,1.11E-03,1.10E-03,2.16E-04
0.9823,4.39E-04,4.39E-04,1.11E-03,1.10E-03,2.16E-04
0.9825,4.41E-04,4.41E-04,1.11E-03,1.10E-03,2.16E-04
0.9827,4.43E-04,4.43E-04,1.12E-03,1.11E-03,2.17E-04
0.9829,4.45E-04,4.45E-04,1.12E-03,1.11E-03,2.17E-04
0.9831,4.46E-04,4.46E-04,1.12E-03,1.11E-03,2.17E-04
0.9833,4.48E-04,4.48E-04,1.12E-03,1.11E-03,2.18E-04
0.9835,4.50E-04,4.50E-04,1.13E-03,1.12E-03,2.18E-04
0.9837,4.52E-04,4.52E-04,1.13E-03,1.12E-03,2.18E-04
0.9839,4.54E-04,4.54E-04,1.13E-03,1.12E-03,2.19E-04
0.9841,4.56E-04,4.56E-04,1.13E-03,1.12E-03,2.19E-04
0.9843,4.58E-04,4.58E-04,1.14E-03,1.13E-03,2.19E-04
0.9845,4.60E-04,4.60E-04,1.14E-03,1.13E-03,2.20E-04
0.9847,4.62E-04,4.62E-04,1.14E-03,1.13E-03,2.20E-04
0.9849,4.64E-04,4.64E-04,1.14E-03,1.14E-03,2.21E-04
0.9851,4.66E-04,4.66E-04,1.15E-03,1.14E-03,2.21E-04
0.9853,4.68E-04,4.68E-04,1.15E-03,1.14E-03,2.22E-04
0.9855,4.70E-04,4.70E-04,1.15E-03,1.14E-03,2.22E-04
0.9857,4.72E-04,4.72E-04,1.16E-03,1.15E-03,2.23E-04
0.9859,4.74E-04,4.74E-04,1.16E-03,1.15E-03,2.23E-04
0.9861,4.76E-04,4.76E-04,1.16E-03,1.15E-03,2.24E-04
0.9863,4.78E-04,4.78E-04,1.16E-03,1.15E-03,2.24E-04
0.9865,4.81E-04,4.81E-04,1.17E-03,1.16E-03,2.25E-04
0.9867,4.83E-04,4.83E-04,1.17E-03,1.16E-03,2.25E-04
0.9869,4.85E-04,4.85E-04,1.17E-03,1.16E-03,2.26E-04
0.9871,4.87E-04,4.87E-04,1.17E-03,1.17E-03,2.26E-04
0.9873,4.89E-04,4.89E-04,1.18E-03,1.17E-03,2.27E-04
0.9875,4.92E-04,4.91E-04,1.18E-03,1.17E-03,2.27E-04
0.9877,4.94E-04,4.94E-04,1.18E-03,1.18E-03,2.28E-04
0.9879,4.96E-04,4.96E-04,1.19E-03,1.18E-03,2.29E-04
0.9881,4.98E-04,4.98E-04,1.19E-03,1.18E-03,2.29E-04
0.9883,5.01E-04,5.01E-04,1.19E-03,1.19E-03,2.30E-04
0.9885,5.03E-04,5.03E-04,1.20E-03,1.19E-03,2.31E-04
0.9887,5.05E-04,5.05E-04,1.20E-03,1.19E-03,2.32E-04
0.9889,5.08E-04,5.08E-04,1.21E-03,1.20E-03,2.32E-04
0.9891,5.10E-04,5.10E-04,1.21E-03,1.20E-03,2.33E-04
0.9893,5.13E-04,5.13E-04,1.22E-03,1.21E-03,2.34E-04
0.9895,5.16E-04,5.16E-04,1.22E-03,1.21E-03,2.35E-04
0.9897,5.18E-04,5.18E-04,1.23E-03,1.22E-03,2.36E-04
0.9899,5.21E-04,5.21E-04,1.23E-03,1.22E-03,2.36E-04
0.9901,5.24E-04,5.24E-04,1.24E-03,1.23E-03,2.37E-04
0.9903,5.27E-04,5.27E-04,1.25E-03,1.24E-03,2.38E-04
0.9905,5.30E-04,5.30E-04,1.25E-03,1.24E-03,2.39E-04
0.9907,5.34E-04,5.34E-04,1.26E-03,1.25E-03,2.40E-04
0.9909,5.37E-04,5.37E-04,1.27E-03,1.26E-03,2.41E-04
0.9911,5.41E-04,5.41E-04,1.28E-03,1.27E-03,2.43E-04
0.9913,5.45E-04,5.44E-04,1.29E-03,1.28E-03,2.44E-04
0.9915,5.49E-04,5.48E-04,1.30E-03,1.29E-03,2.45E-04
0.9917,5.53E-04,5.53E-04,1.31E-03,1.30E-03,2.46E-04
0.9919,5.57E-04,5.57E-04,1.32E-03,1.31E-03,2.47E-04
0.9921,5.62E-04,5.62E-04,1.33E-03,1.32E-03,2.49E-04
0.9923,5.67E-04,5.67E-04,1.34E-03,1.34E-03,2.50E-04
0.9925,5.72E-04,5.72E-04,1.36E-03,1.35E-03,2.51E-04
0.9927,5.78E-04,5.78E-04,1.38E-03,1.37E-03,2.53E-04
0.9929,5.84E-04,5.84E-04,1.39E-03,1.38E-03,2.54E-04
0.9931,5.90E-04,5.90E-04,1.41E-03,1.40E-03,2.56E-04
0.9933,5.97E-04,5.97E-04,1.43E-03,1.42E-03,2.58E-04
0.9935,6.04E-04,6.04E-04,1.45E-03,1.44E-03,2.59E-04
0.9937,6.12E-04,6.12E-04,1.47E-03,1.46E-03,2.61E-04
0.9939,6.21E-04,6.21E-04,1.49E-03,1.49E-03,2.63E-04
0.9941,6.30E-04,6.30E-04,1.51E-03,1.51E-03,2.65E-04
0.9943,6.39E-04,6.39E-04,1.54E-03,1.53E-03,2.67E-04
0.9945,6.50E-04,6.50E-04,1.56E-03,1.56E-03,2.69E-04
0.9947,6.61E-04,6.61E-04,1.59E-03,1.58E-03,2.71E-04
0.9949,6.73E-04,6.73E-04,1.61E-03,1.60E-03,2.73E-04
0.9951,6.85E-04,6.85E-04,1.63E-03,1.63E-03,2.76E-04
0.9953,6.97E-04,6.97E-04,1.65E-03,1.65E-03,2.78E-04
0.9955,7.10E-04,7.10E-04,1.67E-03,1.67E-03,2.81E-04
0.9957,7.23E-04,7.23E-04,1.69E-03,1.68E-03,2.84E-04
0.9959,7.34E-04,7.34E-04,1.70E-03,1.69E-03,2.87E-04
0.9961,7.44E-04,7.44E-04,1.70E-03,1.70E-03,2.90E-04
0.9963,7.52E-04,7.52E-04,1.70E-03,1.69E-03,2.94E-04
0.9965,7.56E-04,7.56E-04,1.68E-03,1.68E-03,2.98E-04
0.9967,7.55E-04,7.55E-04,1.66E-03,1.65E-03,3.03E-04
0.9969,7.49E-04,7.49E-04,1.62E-03,1.62E-03,3.09E-04
0.9971,7.35E-04,7.35E-04,1.57E-03,1.57E-03,3.16E-04
0.9973,7.12E-04,7.12E-04,1.52E-03,1.51E-03,3.24E-04
0.9975,6.82E-04,6.82E-04,1.45E-03,1.44E-03,3.34E-04
0.9977,6.48E-04,6.48E-04,1.38E-03,1.37E-03,3.47E-04
0.9979,6.16E-04,6.16E-04,1.31E-03,1.31E-03,3.64E-04
0.9981,6.01E-04,6.01E-04,1.28E-03,1.27E-03,3.85E-04
0.9983,6.23E-04,6.23E-04,1.28E-03,1.28E-03,4.11E-04
0.9985,6.96E-04,6.96E-04,1.34E-03,1.34E-03,4.46E-04
0.9987,8.16E-04,8.16E-04,1.45E-03,1.44E-03,4.91E-04
0.9989,9.61E-04,9.61E-04,1.58E-03,1.58E-03,5.46E-04
0.9991,1.09E-03,1.09E-03,1.70E-03,1.70E-03,6.10E-04
0.9993,1.16E-03,1.16E-03,1.76E-03,1.76E-03,6.70E-04
0.9995,1.11E-03,1.11E-03,1.76E-03,1.75E-03,6.82E-04
0.9997,9.76E-04,9.76E-04,1.77E-03,1.77E-03,5.43E-04
0.9999,1.11E-03,1.11E-03,2.04E-03,2.04E-03,2.85E-04
